time_s,x_cm,y_cm,heading_deg,speed_cm_s,steer_deg,Accel,Handle,throttle_pwm,steering_pwm,raw_throttle_pwm,raw_steering_pwm,requested_accel,esc_stage,source,program,interface,program_sha256,state,laps,Fr,FrLh,RrLh,FrRh,RrRh,lap_count,lap_elapsed_s,clearance_cm,gates_passed_this_lap
0.05,87.99971507460812,199.99456275683698,-177.00065172128035,0.1802885037227259,2.24,1.0,7.0,376,442,375,435,1.0,NEUTRAL,program,sonic_drive_smooth.py,function,bc4a84a5f90dcb414fa9a95aff361c8d4412f04ffa11cdb071a0b8ad9fecc202,平滑操舵：安全制御優先：左回避 | target_deg=5.585,,127.64648760281267,249.1640357216831,249.17966106241428,77.29996328811126,77.13432716858583,0,0.05,74.55296243810275,0
0.1,87.99873851879617,199.97591149464614,-177.0052244752347,0.5002355804499535,4.48,2.0,14.0,377,449,375,435,2.0,NEUTRAL,program,sonic_drive_smooth.py,function,bc4a84a5f90dcb414fa9a95aff361c8d4412f04ffa11cdb071a0b8ad9fecc202,平滑操舵：安全制御優先：左回避 | target_deg=11.083,,130.71250182040154,248.1450418824676,248.25218095447826,75.3359557817811,79.54471182334262,0,0.1,74.53998923713193,0
0.15,87.99676078599174,199.9380217291218,-177.0194583817858,0.9283676862328919,6.72,3.0,21.0,378,457,375,435,3.0,NEUTRAL,program,sonic_drive_smooth.py,function,bc4a84a5f90dcb414fa9a95aff361c8d4412f04ffa11cdb071a0b8ad9fecc202,平滑操舵：安全制御優先：左回避 | target_deg=16.413,,126.76653419398994,243.80261501934794,250.0,78.71904539762394,78.19570564536656,0,0.15,74.51389366482361,0
0.2,87.99355967943215,199.8762257452535,-177.0508845860808,1.4403041748044738,8.96,4.0,28.0,380,464,375,435,4.0,NEUTRAL,program,sonic_drive_smooth.py,function,bc4a84a5f90dcb414fa9a95aff361c8d4412f04ffa11cdb071a0b8ad9fecc202,平滑操舵：安全制御優先：左回避 | target_deg=21.513,,131.50907710651666,248.86457741514383,249.29488673413363,72.83581025870404,78.11939918409924,0,0.2,74.47179202024648,0
0.25,87.98900188123523,199.78690577088506,-177.10836313661196,2.017158837691736,11.2,5.0,35.0,381,471,375,435,5.0,NEUTRAL,program,sonic_drive_smooth.py,function,bc4a84a5f90dcb414fa9a95aff361c8d4412f04ffa11cdb071a0b8ad9fecc202,平滑操舵：安全制御優先：左回避 | target_deg=26.336,,130.27070023685133,245.7102928132276,248.9717090128598,74.12474534252884,75.48139239129493,0,0.25,74.41167468805858,0
0.3,87.98305376328743,199.66725591832244,-177.20177919741914,2.6443016742549466,13.44,6.0,42.0,382,479,375,435,6.0,NEUTRAL,program,sonic_drive_smooth.py,function,bc4a84a5f90dcb414fa9a95aff361c8d4412f04ffa11cdb071a0b8ad9fecc202,平滑操舵：安全制御優先：左回避 | target_deg=30.855,,134.72592694495944,250.0,243.3913160188413,76.22823199323955,79.09935237248709,0,0.3,74.3322669700851,0
0.35,87.9757994657565,199.51509757569454,-177.34185518086005,3.3103997100103735,15.68,7.0,49.0,383,486,375,435,7.0,NEUTRAL,program,sonic_drive_smooth.py,function,bc4a84a5f90dcb414fa9a95aff361c8d4412f04ffa11cdb071a0b8ad9fecc202,平滑操舵：安全制御優先：左回避 | target_deg=35.060,,133.39815407674598,250.0,245.8568890974808,76.95749946769531,77.0106074013331,0,0.35,74.23294601786841,0
0.4,87.96746464848087,199.32873652540312,-177.54004874607602,4.006673976739786,17.92,8.0,56.0,385,493,375,435,8.0,NEUTRAL,program,sonic_drive_smooth.py,function,bc4a84a5f90dcb414fa9a95aff361c8d4412f04ffa11cdb071a0b8ad9fecc202,平滑操舵：安全制御優先：左回避 | target_deg=38.954,,133.73875655339157,250.0,246.904737168321,78.95321448716462,74.35678078554939,0,0.4,74.1137049589863,0
0.45,87.95844481837962,199.1068528927432,-177.80851568846109,4.726323940030321,20.16,9.0,63.0,386,501,375,435,9.0,NEUTRAL,program,sonic_drive_smooth.py,function,bc4a84a5f90dcb414fa9a95aff361c8d4412f04ffa11cdb071a0b8ad9fecc202,平滑操舵：安全制御優先：左回避 | target_deg=42.547,,133.21056851433806,250.0,248.9086488213955,70.19392145308112,75.04116200765777,0,0.45,73.97515836195386,0
0.5,87.94933759048632,198.84841726949833,-178.16012348048855,5.464081638186373,22.4,10.0,70.0,387,508,375,435,10.0,NEUTRAL,program,sonic_drive_smooth.py,function,bc4a84a5f90dcb414fa9a95aff361c8d4412f04ffa11cdb071a0b8ad9fecc202,平滑操舵：安全制御優先：左回避 | target_deg=45.859,,129.90915182984173,249.68211029940286,249.62091467860407,78.49837512259964,77.7624132510835,0,0.5,73.81858579033033,0
0.55,87.9409786125828,198.55262816038018,-178.60850630219372,6.215866300677055,24.64,11.0,77.0,388,515,375,435,11.0,NEUTRAL,program,sonic_drive_smooth.py,function,bc4a84a5f90dcb414fa9a95aff361c8d4412f04ffa11cdb071a0b8ad9fecc202,平滑操舵：安全制御優先：左回避 | target_deg=48.909,,138.5223650673642,247.613392977109,249.13150106248867,77.52801466622162,78.95021423774492,0,0.55,73.6460124500758,0
0.6,87.93448117020108,198.21886738118877,-179.1681563349216,6.978516801987789,26.88,12.0,84.0,390,523,375,435,12.0,NEUTRAL,program,sonic_drive_smooth.py,function,bc4a84a5f90dcb414fa9a95aff361c8d4412f04ffa11cdb071a0b8ad9fecc202,平滑操舵：安全制御優先：左回避 | target_deg=51.722,,137.16333426948438,249.12231594871318,149.31076762438886,79.96813768812072,75.44043867227732,0,0.6,73.46032791535147,0
0.65,87.93127969763007,197.84667129270846,-179.8545492789932,7.749584409840375,29.12,13.0,91.0,391,530,375,435,13.0,NEUTRAL,program,sonic_drive_smooth.py,function,bc4a84a5f90dcb414fa9a95aff361c8d4412f04ffa11cdb071a0b8ad9fecc202,平滑操舵：安全制御優先：左回避 | target_deg=54.319,,134.53027620239274,250.0,150.14530979408423,74.78688201828422,78.72397715570561,0,0.65,73.2654456786994,0
0.7,87.93317755841267,197.43571686592173,179.3156951899166,8.527172239804683,31.36,14.0,98.0,392,537,375,435,14.0,NEUTRAL,program,sonic_drive_smooth.py,function,bc4a84a5f90dcb414fa9a95aff361c8d4412f04ffa11cdb071a0b8ad9fecc202,平滑操舵：安全制御優先：左回避 | target_deg=56.722,,134.49803122393274,250.0,149.39954264871136,74.3217537758625,82.20545019184344,0,0.7,73.06650782037184,0
0.75,87.94227284045829,196.98581952154098,178.36799731227768,9.309810890520133,32.0,15.0,100.0,393,540,375,435,15.0,NEUTRAL,program,sonic_drive_smooth.py,function,bc4a84a5f90dcb414fa9a95aff361c8d4412f04ffa11cdb071a0b8ad9fecc202,平滑操舵：安全制御優先：左回避 | target_deg=57.375,,137.16816165032097,250.0,147.47121794589114,73.20938837200971,75.87833665582099,0,0.75,72.8662644765761,0
0.8,87.96060293816369,196.49692508427054,177.33763787181067,10.096362105841981,32.0,16.0,100.0,395,540,375,435,16.0,NEUTRAL,program,sonic_drive_smooth.py,function,bc4a84a5f90dcb414fa9a95aff361c8d4412f04ffa11cdb071a0b8ad9fecc202,平滑操舵：安全制御優先：左回避 | target_deg=57.375,,131.43502213054248,250.0,147.67494646443998,75.36057747433661,76.20185902405373,0,0.8,72.6663105116913,0
0.85,87.99028877560103,195.96910386829302,176.22426095121847,10.88594414774697,32.0,17.0,100.0,396,540,375,435,17.0,NEUTRAL,program,sonic_drive_smooth.py,function,bc4a84a5f90dcb414fa9a95aff361c8d4412f04ffa11cdb071a0b8ad9fecc202,平滑操舵：安全制御優先：左回避 | target_deg=57.375,,134.5353431924482,249.989808312333,143.54912238520433,77.14646689039294,78.31379297794838,0,0.85,72.47127731381977,0
0.9,88.03338860724485,195.40526755275627,175.0333241759963,11.58772973538659,32.0,17.5,100.0,396,540,375,435,17.5,NEUTRAL,program,sonic_drive_smooth.py,function,bc4a84a5f90dcb414fa9a95aff361c8d4412f04ffa11cdb071a0b8ad9fecc202,平滑操舵：安全制御優先：左回避 | target_deg=57.375,,134.6909763071589,247.92154319424495,141.18730889244276,71.95476155626977,77.92896792292686,0,0.9,72.28710873459131,0
0.95,88.09146634026386,194.81231248052063,173.77854752729354,12.13136048111406,32.0,17.5,100.0,396,540,375,435,17.5,NEUTRAL,program,sonic_drive_smooth.py,function,bc4a84a5f90dcb414fa9a95aff361c8d4412f04ffa11cdb071a0b8ad9fecc202,平滑操舵：安全制御優先：左回避 | target_deg=57.375,,132.40868699753898,250.0,136.50826351627674,76.84801984836443,74.23099113904655,0,0.95,72.12069687633475,0
1.0,88.1655801788726,194.19749064403163,172.47431799919468,12.552478259685435,32.0,17.5,100.0,396,540,375,435,17.5,NEUTRAL,program,sonic_drive_smooth.py,function,bc4a84a5f90dcb414fa9a95aff361c8d4412f04ffa11cdb071a0b8ad9fecc202,平滑操舵：安全制御優先：左回避 | target_deg=57.375,,131.59755870448043,248.30057562982543,134.92168876227655,76.95311821867486,77.44752728401892,0,1.0,71.97805875798241,0
1.05,88.25646704002679,193.56654167135886,171.1317803237386,12.87869267051972,32.0,17.5,100.0,396,540,375,435,17.5,NEUTRAL,program,sonic_drive_smooth.py,function,bc4a84a5f90dcb414fa9a95aff361c8d4412f04ffa11cdb071a0b8ad9fecc202,平滑操舵：安全制御優先：左回避 | target_deg=57.375,,131.36687752037957,248.46198343887178,131.18726166449562,77.73101020261946,80.32961697598704,0,1.05,71.86378659283855,0
1.1,88.36461322758996,192.92402857641034,169.75956764913474,13.131391196326376,32.0,17.5,100.0,396,540,375,435,17.5,NEUTRAL,program,sonic_drive_smooth.py,function,bc4a84a5f90dcb414fa9a95aff361c8d4412f04ffa11cdb071a0b8ad9fecc202,平滑操舵：安全制御優先：左回避 | target_deg=57.375,,131.97877369693174,247.71856549577163,127.12703519549684,78.67716749537242,77.18391270269632,0,1.1,71.78133961120842,0
1.15,88.49031417291438,192.2735983053962,168.36436755187583,13.327141423244756,32.0,17.5,100.0,396,540,375,435,17.5,NEUTRAL,program,sonic_drive_smooth.py,function,bc4a84a5f90dcb414fa9a95aff361c8d4412f04ffa11cdb071a0b8ad9fecc202,平滑操舵：安全制御優先：左回避 | target_deg=57.375,,131.47093133189748,244.03577408099412,128.24039073635586,77.70490530388733,78.6516924933409,0,1.15,71.73328169220855,0
1.2,88.6337225437284,191.6181842387184,166.95136049200562,13.478777255770012,32.0,17.5,100.0,396,540,375,435,17.5,NEUTRAL,program,sonic_drive_smooth.py,function,bc4a84a5f90dcb414fa9a95aff361c8d4412f04ffa11cdb071a0b8ad9fecc202,平滑操舵：安全制御優先：左回避 | target_deg=57.375,,131.75080102067398,245.60397609817758,123.81092609292507,78.58922066955046,80.72897593183637,0,1.2,71.72147097603052,0
1.25,88.79488569924145,190.96016373347985,165.52455945783026,13.596240341599362,32.0,17.5,100.0,396,540,375,435,17.5,NEUTRAL,program,sonic_drive_smooth.py,function,bc4a84a5f90dcb414fa9a95aff361c8d4412f04ffa11cdb071a0b8ad9fecc202,平滑操舵：安全制御優先：左回避 | target_deg=57.375,,129.8073674607312,246.25741683010762,123.88098805379138,77.60686877009334,83.94413169539125,0,1.25,71.74720899404477,0
1.3,88.97377410652923,190.3014807493656,164.0870730680847,13.687231872445176,32.0,17.5,100.0,396,540,375,435,17.5,NEUTRAL,program,sonic_drive_smooth.py,function,bc4a84a5f90dcb414fa9a95aff361c8d4412f04ffa11cdb071a0b8ad9fecc202,平滑操舵：安全制御優先：左回避 | target_deg=57.375,,134.90447554385798,248.91154562043775,118.35235486350439,78.32852403743117,85.8851814743166,0,1.3,71.81135676033699,0
1.35,89.17030244141029,189.64374130676413,162.64130938122833,13.757717494606448,32.0,17.5,100.0,396,540,375,435,17.5,NEUTRAL,program,sonic_drive_smooth.py,function,bc4a84a5f90dcb414fa9a95aff361c8d4412f04ffa11cdb071a0b8ad9fecc202,平滑操舵：安全制御優先：左回避 | target_deg=57.375,,132.8642084613959,249.3833486558559,119.5961971808655,78.36739894447358,82.2118221218673,0,1.35,71.91442451488062,0
1.4,89.38434495835185,188.98828778085817,161.1891337741498,13.812318432575942,32.0,17.5,100.0,396,540,375,435,17.5,NEUTRAL,program,sonic_drive_smooth.py,function,bc4a84a5f90dcb414fa9a95aff361c8d4412f04ffa11cdb071a0b8ad9fecc202,平滑操舵：安全制御優先：左回避 | target_deg=57.375,,132.01954838480657,249.80939016543985,113.18836431404199,79.8907741104954,84.82358571881066,0,1.4,72.05664082041305,0
1.45,89.61574648003771,188.33625669745746,159.73199124122766,13.854614468784966,32.0,17.5,100.0,396,540,375,435,17.5,NEUTRAL,program,sonic_drive_smooth.py,function,bc4a84a5f90dcb414fa9a95aff361c8d4412f04ffa11cdb071a0b8ad9fecc202,平滑操舵：安全制御優先：左回避 | target_deg=57.375,,131.6520004659344,247.76797098463373,115.00581617210032,80.13873631032563,85.29613392269229,0,1.45,72.23800570898712,0
1.5,89.8643301057283,187.68862366418597,158.27100113199742,13.887378643642084,32.0,17.5,100.0,396,540,375,435,17.5,NEUTRAL,program,sonic_drive_smooth.py,function,bc4a84a5f90dcb414fa9a95aff361c8d4412f04ffa11cdb071a0b8ad9fecc202,平滑操舵：安全制御優先：左回避 | target_deg=57.375,,136.01378827554868,250.0,116.29803371122955,83.20778519183828,83.83319157357397,0,1.5,72.45833165231213,0
1.55,90.12990250498915,187.04623827062406,156.80703053867865,13.912759063423325,32.0,17.5,100.0,396,540,375,435,17.5,NEUTRAL,program,sonic_drive_smooth.py,function,bc4a84a5f90dcb414fa9a95aff361c8d4412f04ffa11cdb071a0b8ad9fecc202,平滑操舵：安全制御優先：左回避 | target_deg=57.375,,135.87757780434515,250.0,112.55517913324603,81.67615049473142,88.16236243057206,0,1.55,72.71727533255623,0
1.6,90.41225746412506,186.4098511688216,155.34075114504213,13.932419735821798,32.0,17.5,100.0,396,540,375,435,17.5,NEUTRAL,program,sonic_drive_smooth.py,function,bc4a84a5f90dcb414fa9a95aff361c8d4412f04ffa11cdb071a0b8ad9fecc202,平滑操舵：安全制御優先：左回避 | target_deg=57.375,,138.28767579022406,250.0,111.86763753268767,84.61554094340738,90.93080923349795,0,1.6,73.01436252500793,0
1.65,90.71117818967481,185.78013506058895,153.87268326378125,13.947649666709141,32.0,17.5,100.0,396,540,375,435,17.5,NEUTRAL,program,sonic_drive_smooth.py,function,bc4a84a5f90dcb414fa9a95aff361c8d4412f04ffa11cdb071a0b8ad9fecc202,平滑操舵：安全制御優先：左回避 | target_deg=57.375,,137.01312423831803,250.0,106.15750454405772,90.11837826394178,92.05890072934537,0,1.65,73.34900786276228,0
1.7,91.02643874410269,185.15770093934452,152.40322994959308,13.959447370782133,32.0,17.5,100.0,396,540,375,435,17.5,NEUTRAL,program,sonic_drive_smooth.py,function,bc4a84a5f90dcb414fa9a95aff361c8d4412f04ffa11cdb071a0b8ad9fecc202,平滑操舵：安全制御優先：左回避 | target_deg=57.375,,138.2579892387732,248.58509700221458,104.6590259031411,86.1932492615678,93.98690069495304,0,1.7,73.68109731999252,0
1.75,91.35780488869536,184.54311063847166,150.93270342451456,13.968586336836772,32.0,17.5,100.0,396,540,375,435,17.5,NEUTRAL,program,sonic_drive_smooth.py,function,bc4a84a5f90dcb414fa9a95aff361c8d4412f04ffa11cdb071a0b8ad9fecc202,平滑操舵：安全制御優先：左回避 | target_deg=57.375,,137.4024513811234,250.0,106.67765304249173,92.10006314433036,97.60104708252607,0,1.75,73.9401207951191,0
1.8,91.70503453246305,183.9368865069279,149.46134554802768,13.975665739746956,32.0,17.5,100.0,396,540,375,435,17.5,NEUTRAL,program,sonic_drive_smooth.py,function,bc4a84a5f90dcb414fa9a95aff361c8d4412f04ffa11cdb071a0b8ad9fecc202,平滑操舵：安全制御優先：左回避 | target_deg=57.375,,140.61879733565277,250.0,101.12356981186684,92.13375807499354,76.56410089432313,0,1.8,74.124370586824,0
1.85,92.06787792869908,183.33951885214364,147.98934367400926,13.981149723959733,32.0,17.5,100.0,396,540,375,435,17.5,NEUTRAL,program,sonic_drive_smooth.py,function,bc4a84a5f90dcb414fa9a95aff361c8d4412f04ffa11cdb071a0b8ad9fecc202,平滑操舵：安全制御優先：左回避 | target_deg=57.375,,142.08986897191372,250.0,103.81945115436137,93.50390851878072,77.33190932839494,0,1.85,74.23358896004031,0
1.9,92.44607771855752,182.75147164904553,146.51684293414849,13.985397834037308,32.0,17.5,100.0,396,540,375,435,17.5,NEUTRAL,program,sonic_drive_smooth.py,function,bc4a84a5f90dcb414fa9a95aff361c8d4412f04ffa11cdb071a0b8ad9fecc202,平滑操舵：安全制御優先：左回避 | target_deg=57.375,,144.3822799581383,249.54320859376406,102.51745144094208,96.01498322884557,74.6371187391437,0,1.9,74.26760554516474,0
1.95,92.83936889008932,182.17318690375404,145.0439557531658,13.988688587352964,32.0,17.5,100.0,396,540,375,435,17.5,NEUTRAL,program,sonic_drive_smooth.py,function,bc4a84a5f90dcb414fa9a95aff361c8d4412f04ffa11cdb071a0b8ad9fecc202,平滑操舵：安全制御優先：左回避 | target_deg=57.375,,147.6505914183387,248.54993911378864,101.47862007212484,98.55952095711139,75.45008302205878,0,1.95,74.22632741473778,0
2.0,93.24747869884048,181.60508797441068,143.57076921967564,13.99123773442937,32.0,17.5,100.0,396,540,375,435,17.5,NEUTRAL,program,sonic_drive_smooth.py,function,bc4a84a5f90dcb414fa9a95aff361c8d4412f04ffa11cdb071a0b8ad9fecc202,平滑操舵：安全制御優先：左回避 | target_deg=57.375,,210.18907336772088,250.0,100.29874307580354,101.39832698131455,76.02538177086669,0,2.0,74.10973170032563,0
2.05,93.67306022633292,181.0429710246218,142.1868874529111,14.173500907838283,29.76,18.5,93.0,398,532,375,435,18.5,NEUTRAL,program,sonic_drive_smooth.py,function,bc4a84a5f90dcb414fa9a95aff361c8d4412f04ffa11cdb071a0b8ad9fecc202,平滑操舵：安全制御優先：右壁追従 | target_deg=55.024,,214.346049766705,250.0,105.90042363282497,106.24317772170654,74.44392984718459,0,2.05,73.93118935037424,0
2.1,94.11990438850414,180.48049038391528,140.90096141363398,14.49497764144786,27.52,19.5,86.0,399,525,375,435,19.5,NEUTRAL,program,sonic_drive_smooth.py,function,bc4a84a5f90dcb414fa9a95aff361c8d4412f04ffa11cdb071a0b8ad9fecc202,平滑操舵：安全制御優先：右壁追従 | target_deg=52.485,,215.37978288422187,250.0,97.69254489831471,107.65309854686306,72.39777290099846,0,2.1,73.70412261608205,0
2.15,94.59118587717887,179.91295451646778,139.70265336568968,14.924294679674992,25.28,20.5,79.0,400,517,375,435,20.5,NEUTRAL,program,sonic_drive_smooth.py,function,bc4a84a5f90dcb414fa9a95aff361c8d4412f04ffa11cdb071a0b8ad9fecc202,平滑操舵：安全制御優先：右壁追従 | target_deg=49.736,,218.84324503605984,250.0,101.22777968272835,115.00444247216741,78.09705840356402,0,2.15,73.4382229284008,0
2.2,95.08952661276359,179.3369074674502,138.58688333691902,15.437149063569043,23.04,21.5,72.0,401,510,375,435,21.5,NEUTRAL,program,sonic_drive_smooth.py,function,bc4a84a5f90dcb414fa9a95aff361c8d4412f04ffa11cdb071a0b8ad9fecc202,平滑操舵：安全制御優先：右壁追従 | target_deg=46.756,,221.1688490561732,250.0,102.35342703819083,109.55323479610261,73.9318073088421,0,2.2,73.18093978805214,0
2.25,95.61703334313444,178.74978334710684,137.55236955475175,16.01471476431095,20.8,22.5,65.0,403,503,375,435,22.5,NEUTRAL,program,sonic_drive_smooth.py,function,bc4a84a5f90dcb414fa9a95aff361c8d4412f04ffa11cdb071a0b8ad9fecc202,平滑操舵：安全制御優先：右壁追従 | target_deg=43.521,,227.3879148866065,250.0,101.06369965787862,112.61218973417931,74.47208165638281,0,2.25,72.97459785773854,0
2.3,96.17533972241557,178.1496381796382,136.6005899464003,16.642408398790174,18.56,23.5,58.0,404,495,375,435,23.5,NEUTRAL,program,sonic_drive_smooth.py,function,bc4a84a5f90dcb414fa9a95aff361c8d4412f04ffa11cdb071a0b8ad9fecc202,平滑操舵：安全制御優先：右壁追従 | target_deg=40.010,,227.4886103894957,250.0,98.0194580576635,107.98428953235698,76.52648837671728,0,2.3,72.81962234691915,0
2.35,96.76564619030259,177.53493977289696,135.7350457455143,17.308933104296447,16.32,24.5,51.0,405,488,375,435,24.5,NEUTRAL,program,sonic_drive_smooth.py,function,bc4a84a5f90dcb414fa9a95aff361c8d4412f04ffa11cdb071a0b8ad9fecc202,平滑操舵：安全制御優先：右壁追従 | target_deg=36.204,,233.3283551229616,249.99472659724523,99.06846085526541,111.9476901374813,77.28698737640661,0,2.35,72.71683977690915,0
2.4,97.38875455423833,176.90440146428887,134.9607424529391,18.005537886213006,14.08,25.5,44.0,406,481,375,435,25.5,NEUTRAL,program,sonic_drive_smooth.py,function,bc4a84a5f90dcb414fa9a95aff361c8d4412f04ffa11cdb071a0b8ad9fecc202,平滑操舵：安全制御優先：右壁追従 | target_deg=32.089,,232.4655734337161,250.0,99.06991978192876,109.05889495855529,79.83190183711424,0,2.4,72.66721328021193,0
2.45,98.04509593674976,176.25684931691768,134.2838276467973,18.72544387958,11.84,26.5,37.0,408,473,375,435,26.5,NEUTRAL,program,sonic_drive_smooth.py,function,bc4a84a5f90dcb414fa9a95aff361c8d4412f04ffa11cdb071a0b8ad9fecc202,平滑操舵：安全制御優先：右壁追従 | target_deg=27.659,,241.06369491704532,250.0,98.22267444359939,109.8429024136326,76.2366715044345,0,2.45,72.6716561072252,0
2.5,98.7347515505201,175.59111503719294,133.71134239596677,19.463399908713267,9.6,27.5,30.0,409,466,375,435,27.5,NEUTRAL,program,sonic_drive_smooth.py,function,bc4a84a5f90dcb414fa9a95aff361c8d4412f04ffa11cdb071a0b8ad9fecc202,平滑操舵：Follow the Gap：目標が空き空間内 | target_deg=22.921 | gap_min_deg=-60.0 | gap_max_deg=60.0,,242.29421513685645,249.25916998722224,95.87431799048743,112.80577007763786,80.48597223337927,0,2.5,72.7309047299908,0
2.55,99.4574660631604,174.9059488750749,133.2510553628906,20.215338206187262,7.36,28.5,23.0,410,459,375,435,28.5,NEUTRAL,program,sonic_drive_smooth.py,function,bc4a84a5f90dcb414fa9a95aff361c8d4412f04ffa11cdb071a0b8ad9fecc202,平滑操舵：Follow the Gap：目標が空き空間内 | target_deg=17.896 | gap_min_deg=-60.0 | gap_max_deg=60.0,,239.59348890967914,250.0,97.96062441353294,110.18922397653971,74.92502812228149,0,2.55,72.845437518832,0
2.6,100.21265335536383,174.19994826606708,132.91135752686898,20.978107719204733,5.12,29.5,16.0,411,451,375,435,29.5,NEUTRAL,program,sonic_drive_smooth.py,function,bc4a84a5f90dcb414fa9a95aff361c8d4412f04ffa11cdb071a0b8ad9fecc202,平滑操舵：Follow the Gap：目標が空き空間内 | target_deg=12.626 | gap_min_deg=-60.0 | gap_max_deg=60.0,,239.9189278553856,247.1615228714334,97.57649954131021,106.39854691712338,80.00236180501025,0,2.6,73.0154288073162,0
2.65,100.99939438822506,173.47149912952835,132.70120182947574,21.749267518210885,2.88,30.5,9.0,413,444,375,435,30.5,NEUTRAL,program,sonic_drive_smooth.py,function,bc4a84a5f90dcb414fa9a95aff361c8d4412f04ffa11cdb071a0b8ad9fecc202,平滑操舵：Follow the Gap：目標が空き空間内 | target_deg=7.168 | gap_min_deg=-60.0 | gap_max_deg=60.0,,246.37039529802155,250.0,95.34787015806899,107.04306223754793,80.20353848448818,0,2.65,73.2407307734412,0
2.7,101.81642674491505,172.71872765749376,132.6300766543559,22.526926763072346,0.64,31.5,2.0,414,437,375,435,31.5,NEUTRAL,program,sonic_drive_smooth.py,function,bc4a84a5f90dcb414fa9a95aff361c8d4412f04ffa11cdb071a0b8ad9fecc202,平滑操舵：Follow the Gap：目標が空き空間内 | target_deg=1.600 | gap_min_deg=-60.0 | gap_max_deg=60.0,,238.77794365424796,250.0,97.67730756599272,108.11024453092558,82.21233300236372,0,2.7,73.52087735774141,0
2.75,102.66251763857973,171.9398871041802,132.6300766543559,23.30962073457876,0.0,32.5,0.0,415,435,375,435,32.5,NEUTRAL,program,sonic_drive_smooth.py,function,bc4a84a5f90dcb414fa9a95aff361c8d4412f04ffa11cdb071a0b8ad9fecc202,平滑操舵：Follow the Gap：目標が空き空間内 | target_deg=0.000 | gap_min_deg=-60.0 | gap_max_deg=60.0,,242.19107199120566,250.0,98.32409136883577,103.60192608114413,80.02067842039926,0,2.75,73.84128131030873,0
2.8,103.53748821834957,171.1344623258453,132.6300766543559,24.09621480356329,0.0,33.5,0.0,416,435,375,435,33.5,NEUTRAL,program,sonic_drive_smooth.py,function,bc4a84a5f90dcb414fa9a95aff361c8d4412f04ffa11cdb071a0b8ad9fecc202,平滑操舵：Follow the Gap：目標が空き空間内 | target_deg=0.000 | gap_min_deg=-60.0 | gap_max_deg=60.0,,240.37281140564306,250.0,101.00193502643518,101.95714693800866,80.14603529252008,0,2.8,74.18935287287704,0
2.85,104.44146242820867,170.3023392300176,132.6300766543559,24.885830041602556,0.0,34.5,0.0,418,435,375,435,34.5,NEUTRAL,program,sonic_drive_smooth.py,function,bc4a84a5f90dcb414fa9a95aff361c8d4412f04ffa11cdb071a0b8ad9fecc202,平滑操舵：Follow the Gap：目標が空き空間内 | target_deg=0.000 | gap_min_deg=-60.0 | gap_max_deg=60.0,,237.8988614177106,250.0,99.17901061659195,107.51297855134875,76.98367471899967,0,2.85,74.56658726422963,0
2.9,105.3725333324447,169.44527318231616,132.6300766543559,25.58764134427473,0.0,35.0,0.0,418,435,375,435,35.0,NEUTRAL,program,sonic_drive_smooth.py,function,bc4a84a5f90dcb414fa9a95aff361c8d4412f04ffa11cdb071a0b8ad9fecc202,平滑操舵：Follow the Gap：目標が空き空間内 | target_deg=0.000 | gap_min_deg=-60.0 | gap_max_deg=60.0,,238.4097067082846,250.0,95.80740378978065,104.79125240796176,81.61048836810147,0,2.9,74.97358143236582,0
2.95,106.32590759946373,168.56767652313934,132.6300766543559,26.131292009878827,0.0,35.0,0.0,418,435,375,435,35.0,NEUTRAL,program,sonic_drive_smooth.py,function,bc4a84a5f90dcb414fa9a95aff361c8d4412f04ffa11cdb071a0b8ad9fecc202,平滑操舵：Follow the Gap：目標が空き空間内 | target_deg=0.000 | gap_min_deg=-60.0 | gap_max_deg=60.0,,239.81546074177294,250.0,92.84041910635366,100.27228780857573,81.0257170010975,0,2.95,75.40942401078529,0
3.0,107.29655892938558,167.67417604401643,132.6300766543559,26.55242521917089,0.0,35.0,0.0,418,435,375,435,35.0,NEUTRAL,program,sonic_drive_smooth.py,function,bc4a84a5f90dcb414fa9a95aff361c8d4412f04ffa11cdb071a0b8ad9fecc202,平滑操舵：Follow the Gap：目標が空き空間内 | target_deg=0.000 | gap_min_deg=-60.0 | gap_max_deg=60.0,,234.8494625914383,249.15628844855843,100.02106917023711,99.17844808832908,81.33433299365137,0,3.0,75.87268773164958,0
3.05,108.28059375243588,166.76835583982444,132.6300766543559,26.878651583248928,0.0,35.0,0.0,418,435,375,435,35.0,NEUTRAL,program,sonic_drive_smooth.py,function,bc4a84a5f90dcb414fa9a95aff361c8d4412f04ffa11cdb071a0b8ad9fecc202,平滑操舵：Follow the Gap：目標が空き空間内 | target_deg=0.000 | gap_min_deg=-60.0 | gap_max_deg=60.0,,236.1815328488969,246.10623926199722,97.96590349036053,100.12786295169775,79.91209154708466,0,3.05,76.35163671623283,0
3.1,109.27499595617627,165.85299229156203,132.6300766543559,27.1313593685088,0.0,35.0,0.0,418,435,375,435,35.0,NEUTRAL,program,sonic_drive_smooth.py,function,bc4a84a5f90dcb414fa9a95aff361c8d4412f04ffa11cdb071a0b8ad9fecc202,平滑操舵：Follow the Gap：目標が空き空間内 | target_deg=0.000 | gap_min_deg=-60.0 | gap_max_deg=60.0,,237.2319121338281,248.6065118781485,99.15615010885291,97.92620950769994,79.52991473441803,0,3.1,76.5979403502677,0
3.15,110.27742914116658,164.93023609325795,132.6300766543559,27.327116768164192,0.0,35.0,0.0,418,435,375,435,35.0,NEUTRAL,program,sonic_drive_smooth.py,function,bc4a84a5f90dcb414fa9a95aff361c8d4412f04ffa11cdb071a0b8ad9fecc202,平滑操舵：Follow the Gap：目標が空き空間内 | target_deg=0.000 | gap_min_deg=-60.0 | gap_max_deg=60.0,,231.82703279066146,250.0,97.44956428388073,100.059939783185,81.47360932165273,0,3.15,76.8462331792775,0
3.2,111.28608344041557,164.00175325718035,132.6300766543559,27.47875815697393,0.0,35.0,0.0,418,435,375,435,35.0,NEUTRAL,program,sonic_drive_smooth.py,function,bc4a84a5f90dcb414fa9a95aff361c8d4412f04ffa11cdb071a0b8ad9fecc202,平滑操舵：Follow the Gap：目標が空き空間内 | target_deg=0.000 | gap_min_deg=-60.0 | gap_max_deg=60.0,,232.34226542758708,250.0,98.33026736670901,99.36321321650776,83.05177702801129,0,3.2,77.09606691703014,0
3.25,112.29955685969676,163.06883434202373,132.6300766543559,27.59622554691999,0.0,35.0,0.0,418,435,375,435,35.0,NEUTRAL,program,sonic_drive_smooth.py,function,bc4a84a5f90dcb414fa9a95aff361c8d4412f04ffa11cdb071a0b8ad9fecc202,平滑操舵：Follow the Gap：目標が空き空間内 | target_deg=0.000 | gap_min_deg=-60.0 | gap_max_deg=60.0,,228.98249207433062,249.201834033693,98.22727611346352,96.18175725632159,84.93906179135779,0,3.25,77.34709430336113,0
3.3,113.31676335908534,162.13247906536247,132.6300766543559,27.68722041190406,0.0,35.0,0.0,418,435,375,435,35.0,NEUTRAL,program,sonic_drive_smooth.py,function,bc4a84a5f90dcb414fa9a95aff361c8d4412f04ffa11cdb071a0b8ad9fecc202,平滑操舵：Follow the Gap：目標が空き空間内 | target_deg=0.000 | gap_min_deg=-60.0 | gap_max_deg=60.0,,227.26581950835558,250.0,96.86341551900182,97.1206524292276,79.36350213069595,0,3.3,77.59904633687523,0
3.35,114.33686164929775,161.193461847789,132.6300766543559,27.7577086168201,0.0,35.0,0.0,418,435,375,435,35.0,NEUTRAL,program,sonic_drive_smooth.py,function,bc4a84a5f90dcb414fa9a95aff361c8d4412f04ffa11cdb071a0b8ad9fecc202,平滑操舵：Follow the Gap：目標が空き空間内 | target_deg=0.000 | gap_min_deg=-60.0 | gap_max_deg=60.0,,224.6480379859494,250.0,98.5492946294653,90.73233145305383,81.84340317939436,0,3.35,77.85171463850106,0
3.4,115.3592000345331,160.2523825859834,132.6300766543559,27.812311555493118,0.0,35.0,0.0,418,435,375,435,35.0,NEUTRAL,program,sonic_drive_smooth.py,function,bc4a84a5f90dcb414fa9a95aff361c8d4412f04ffa11cdb071a0b8ad9fecc202,平滑操舵：Follow the Gap：目標が空き空間内 | target_deg=0.000 | gap_min_deg=-60.0 | gap_max_deg=60.0,,224.14880572821653,248.4633495029702,94.93805954225758,91.29790925681834,86.3280695616834,0,3.4,78.104937789606,0
3.45,116.38327368556655,159.30970598353215,132.6300766543559,27.854609141525856,0.0,35.0,0.0,418,435,375,435,35.0,NEUTRAL,program,sonic_drive_smooth.py,function,bc4a84a5f90dcb414fa9a95aff361c8d4412f04ffa11cdb071a0b8ad9fecc202,平滑操舵：Follow the Gap：目標が空き空間内 | target_deg=0.000 | gap_min_deg=-60.0 | gap_max_deg=60.0,,222.18852877732874,250.0,99.42498397057471,91.44880147981567,83.56573034986211,0,3.45,78.358590748962,0
3.5,117.40869154180521,158.36579201812899,132.6300766543559,27.887374516937435,0.0,35.0,0.0,418,435,375,435,35.0,NEUTRAL,program,sonic_drive_smooth.py,function,bc4a84a5f90dcb414fa9a95aff361c8d4412f04ffa11cdb071a0b8ad9fecc202,平滑操舵：Follow the Gap：目標が空き空間内 | target_deg=0.000 | gap_min_deg=-60.0 | gap_max_deg=60.0,,221.95008714340872,247.67242476601422,98.54219286738154,92.24311944951388,83.93468057333831,0,3.5,78.61257665471103,0
3.55,118.43515067231763,157.42091954266783,132.6300766543559,27.912755866715433,0.0,35.0,0.0,418,435,375,435,35.0,NEUTRAL,program,sonic_drive_smooth.py,function,bc4a84a5f90dcb414fa9a95aff361c8d4412f04ffa11cdb071a0b8ad9fecc202,平滑操舵：Follow the Gap：目標が空き空間内 | target_deg=0.000 | gap_min_deg=-60.0 | gap_max_deg=60.0,,219.5117711152322,248.87214871315848,98.23714114431712,89.30086765555524,85.69659844384822,0,3.55,78.86682047384427,0
3.6,119.46241641487785,156.47530456757892,132.6300766543559,27.932417259526005,0.0,35.0,0.0,418,435,375,435,35.0,NEUTRAL,program,sonic_drive_smooth.py,function,bc4a84a5f90dcb414fa9a95aff361c8d4412f04ffa11cdb071a0b8ad9fecc202,平滑操舵：Follow the Gap：目標が空き空間内 | target_deg=0.000 | gap_min_deg=-60.0 | gap_max_deg=60.0,,219.59305480749256,249.8521035343841,97.69637124937927,90.99228249067434,84.05304085633567,0,3.6,79.1212640828391,0
3.65,120.49030699088692,155.52911442304585,132.6300766543559,27.947647748472928,0.0,35.0,0.0,418,435,375,435,35.0,NEUTRAL,program,sonic_drive_smooth.py,function,bc4a84a5f90dcb414fa9a95aff361c8d4412f04ffa11cdb071a0b8ad9fecc202,平滑操舵：Follow the Gap：目標が空き空間内 | target_deg=0.000 | gap_min_deg=-60.0 | gap_max_deg=60.0,,216.5257183347102,250.0,101.95853110660379,93.42143212304389,85.57427173388123,0,3.65,79.37586245692651,0
3.7,121.51868158748536,154.58247872961672,132.6300766543559,27.959445884840843,0.0,35.0,0.0,418,435,375,435,35.0,NEUTRAL,program,sonic_drive_smooth.py,function,bc4a84a5f90dcb414fa9a95aff361c8d4412f04ffa11cdb071a0b8ad9fecc202,平滑操舵：Follow the Gap：目標が空き空間内 | target_deg=0.000 | gap_min_deg=-60.0 | gap_max_deg=60.0,,215.48154175099535,250.0,99.30324502261428,89.04955584593762,82.9198268840677,0,3.7,79.6305807181478,0
3.75,122.54743112548837,153.6354978964713,132.6300766543559,27.96858518576815,0.0,35.0,0.0,418,435,375,435,35.0,NEUTRAL,program,sonic_drive_smooth.py,function,bc4a84a5f90dcb414fa9a95aff361c8d4412f04ffa11cdb071a0b8ad9fecc202,平滑操舵：Follow the Gap：目標が空き空間内 | target_deg=0.000 | gap_min_deg=-60.0 | gap_max_deg=60.0,,215.10120259015628,248.95109284498687,97.33655580955265,87.3676044183026,85.19916605614014,0,3.75,79.88539184866295,0
3.8,123.57647110786496,152.6882497045133,132.6300766543559,27.97566484808388,0.0,35.0,0.0,418,435,375,435,35.0,NEUTRAL,program,sonic_drive_smooth.py,function,bc4a84a5f90dcb414fa9a95aff361c8d4412f04ffa11cdb071a0b8ad9fecc202,平滑操舵：Follow the Gap：目標が空き空間内 | target_deg=0.000 | gap_min_deg=-60.0 | gap_max_deg=60.0,,213.57925196050374,250.0,94.78204991637729,87.58016420940282,83.41733185152553,0,3.8,80.14027491938943,0
3.85,124.6057360798882,151.74079440589318,132.6300766543559,27.98114903324241,0.0,35.0,0.0,418,435,375,435,35.0,NEUTRAL,program,sonic_drive_smooth.py,function,bc4a84a5f90dcb414fa9a95aff361c8d4412f04ffa11cdb071a0b8ad9fecc202,平滑操舵：Follow the Gap：目標が空き空間内 | target_deg=0.000 | gap_min_deg=-60.0 | gap_max_deg=60.0,,211.64103528090442,246.70396803245018,99.6879112969781,86.25731595063439,84.75465498242143,0,3.85,80.39521371783594,0
3.9,125.63517533774964,150.79317867429862,132.6300766543559,27.985397298980477,0.0,35.0,0.0,418,435,375,435,35.0,NEUTRAL,program,sonic_drive_smooth.py,function,bc4a84a5f90dcb414fa9a95aff361c8d4412f04ffa11cdb071a0b8ad9fecc202,平滑操舵：Follow the Gap：目標が空き空間内 | target_deg=0.000 | gap_min_deg=-30.0 | gap_max_deg=60.0,,209.63093472982052,248.66410754916055,101.80022169905959,83.3168709105188,83.15627540271251,0,3.9,80.65019568516836,0
3.95,126.66474960428307,149.84543866500582,132.6300766543559,27.988688172876873,0.0,35.0,0.0,418,435,375,435,35.0,NEUTRAL,program,sonic_drive_smooth.py,function,bc4a84a5f90dcb414fa9a95aff361c8d4412f04ffa11cdb071a0b8ad9fecc202,平滑操舵：Follow the Gap：目標が空き空間内 | target_deg=0.000 | gap_min_deg=-30.0 | gap_max_deg=60.0,,207.6596665413526,250.0,98.21117351066282,83.50565079124962,86.42294732707417,0,3.95,80.90521109281943,0
4.0,127.69442845384918,148.89760238531505,132.6300766543559,27.991237413359872,0.0,35.0,0.0,418,435,375,435,35.0,NEUTRAL,program,sonic_drive_smooth.py,function,bc4a84a5f90dcb414fa9a95aff361c8d4412f04ffa11cdb071a0b8ad9fecc202,平滑操舵：Follow the Gap：目標が空き空間内 | target_deg=0.000 | gap_min_deg=-30.0 | gap_max_deg=60.0,,210.44627268817632,250.0,97.84991517828453,82.2190773425672,85.59350664848624,0,4.0,81.10851376777354,0
4.05,128.72418831754985,147.94969153078387,132.6300766543559,27.99321215540249,0.0,35.0,0.0,418,435,375,435,35.0,NEUTRAL,program,sonic_drive_smooth.py,function,bc4a84a5f90dcb414fa9a95aff361c8d4412f04ffa11cdb071a0b8ad9fecc202,平滑操舵：Follow the Gap：目標が空き空間内 | target_deg=0.000 | gap_min_deg=-30.0 | gap_max_deg=60.0,,208.45238527597496,250.0,101.00477532691538,81.3559549165701,86.89754872952797,0,4.05,80.16060291324236,0
4.1,129.75401093798868,147.00172290764525,132.6300766543559,27.994741868334977,0.0,35.0,0.0,418,435,375,435,35.0,NEUTRAL,program,sonic_drive_smooth.py,function,bc4a84a5f90dcb414fa9a95aff361c8d4412f04ffa11cdb071a0b8ad9fecc202,平滑操舵：Follow the Gap：目標が空き空間内 | target_deg=0.000 | gap_min_deg=-30.0 | gap_max_deg=60.0,,202.99163935111602,249.81041578954654,99.33196407825962,79.34839237083646,86.8663695152943,0,4.1,79.21263429010374,0
4.15,130.78388217226765,146.0537095346689,132.6300766543559,27.995926844197804,0.0,35.0,0.0,418,435,375,435,35.0,NEUTRAL,program,sonic_drive_smooth.py,function,bc4a84a5f90dcb414fa9a95aff361c8d4412f04ffa11cdb071a0b8ad9fecc202,平滑操舵：Follow the Gap：目標が空き空間内 | target_deg=0.000 | gap_min_deg=-30.0 | gap_max_deg=60.0,,206.00416811377625,249.13004838037548,99.87324942136505,79.59268101482131,82.9598223133783,0,4.15,78.2646209171274,0
4.2,131.81379106474117,145.10566149670652,132.6300766543559,27.996844773154063,0.0,35.0,0.0,418,435,375,435,35.0,NEUTRAL,program,sonic_drive_smooth.py,function,bc4a84a5f90dcb414fa9a95aff361c8d4412f04ffa11cdb071a0b8ad9fecc202,平滑操舵：Follow the Gap：目標が空き空間内 | target_deg=0.000 | gap_min_deg=-30.0 | gap_max_deg=60.0,,203.67884593109528,247.44319763919668,95.87966294400988,79.65245148484101,87.43423783572662,0,4.2,77.31657287916501,0
4.25,132.8437291287348,144.1575866058811,132.6300766543559,27.997555837062762,0.0,35.0,0.0,418,435,375,435,35.0,NEUTRAL,program,sonic_drive_smooth.py,function,bc4a84a5f90dcb414fa9a95aff361c8d4412f04ffa11cdb071a0b8ad9fecc202,平滑操舵：Follow the Gap：目標が空き空間内 | target_deg=0.000 | gap_min_deg=-30.0 | gap_max_deg=60.0,,201.73636071171416,250.0,101.79441116245198,78.616325011402,89.5384459275306,0,4.25,76.3684979883396,0
4.3,133.87368979013638,143.20949091377082,132.6300766543559,27.998106655161273,0.0,35.0,0.0,418,435,375,435,35.0,NEUTRAL,program,sonic_drive_smooth.py,function,bc4a84a5f90dcb414fa9a95aff361c8d4412f04ffa11cdb071a0b8ad9fecc202,平滑操舵：Follow the Gap：目標が空き空間内 | target_deg=0.000 | gap_min_deg=-30.0 | gap_max_deg=60.0,,200.51271377873942,247.43816600493682,99.82975444290821,78.07937770125653,88.37929022780555,0,4.3,75.42040229622931,0
4.35,134.90366795637982,142.2613791081663,132.6300766543559,27.998533340546278,0.0,35.0,0.0,418,435,375,435,35.0,NEUTRAL,program,sonic_drive_smooth.py,function,bc4a84a5f90dcb414fa9a95aff361c8d4412f04ffa11cdb071a0b8ad9fecc202,平滑操舵：Follow the Gap：目標が空き空間内 | target_deg=0.000 | gap_min_deg=-30.0 | gap_max_deg=60.0,,198.07413400028028,249.77114689858266,102.73188704072845,77.10912392293908,86.255965331665,0,4.35,74.47229049062479,0
4.4,135.933659682563,141.31325482041476,132.6300766543559,27.998863867844253,0.0,35.0,0.0,418,435,375,435,35.0,NEUTRAL,program,sonic_drive_smooth.py,function,bc4a84a5f90dcb414fa9a95aff361c8d4412f04ffa11cdb071a0b8ad9fecc202,平滑操舵：Follow the Gap：目標が空き空間内 | target_deg=0.000 | gap_min_deg=-30.0 | gap_max_deg=60.0,,199.10695186650045,250.0,99.99251951228851,75.10222582654609,83.36396224652253,0,4.4,73.52416620287325,0
4.45,136.96366191280927,140.36512086350075,132.6300766543559,27.999119907302248,0.0,35.0,0.0,418,435,375,435,35.0,NEUTRAL,program,sonic_drive_smooth.py,function,bc4a84a5f90dcb414fa9a95aff361c8d4412f04ffa11cdb071a0b8ad9fecc202,平滑操舵：Follow the Gap：目標が空き空間内 | target_deg=0.000 | gap_min_deg=-30.0 | gap_max_deg=60.0,,190.11964877370647,248.801982541862,102.13094166815455,75.3747759792052,85.7636145077648,0,4.45,72.57603224595924,0
4.5,137.9936722799164,139.41697941647274,132.6300766543559,27.99931824554677,0.0,35.0,0.0,418,435,375,435,35.0,NEUTRAL,program,sonic_drive_smooth.py,function,bc4a84a5f90dcb414fa9a95aff361c8d4412f04ffa11cdb071a0b8ad9fecc202,平滑操舵：Follow the Gap：目標が空き空間内 | target_deg=0.000 | gap_min_deg=-30.0 | gap_max_deg=60.0,,195.4910754796845,250.0,97.29159788157816,71.80593540529512,85.73007499829731,0,4.5,71.62789079893123,0
4.55,139.02368895015636,138.4688321673076,132.6300766543559,27.999471886159615,0.0,35.0,0.0,418,435,375,435,35.0,NEUTRAL,program,sonic_drive_smooth.py,function,bc4a84a5f90dcb414fa9a95aff361c8d4412f04ffa11cdb071a0b8ad9fecc202,平滑操舵：Follow the Gap：目標が空き空間内 | target_deg=0.000 | gap_min_deg=-30.0 | gap_max_deg=60.0,,190.27431202393305,245.91870848101468,97.9215767918103,72.70465195273823,89.31055719928055,0,4.55,70.67974354976609,0
4.6,140.0537105030511,137.52068042357854,132.6300766543559,27.999590902227215,0.0,35.0,0.0,418,435,375,435,35.0,NEUTRAL,program,sonic_drive_smooth.py,function,bc4a84a5f90dcb414fa9a95aff361c8d4412f04ffa11cdb071a0b8ad9fecc202,平滑操舵：Follow the Gap：目標が空き空間内 | target_deg=0.000 | gap_min_deg=-30.0 | gap_max_deg=60.0,,192.59602066912996,250.0,99.08781683009691,67.03620448972707,89.53856671361282,0,4.6,69.73159180603703,0
4.65,141.08373583824246,136.57252519818334,132.6300766543559,27.999683096758876,0.0,35.0,0.0,418,435,375,435,35.0,NEUTRAL,program,sonic_drive_smooth.py,function,bc4a84a5f90dcb414fa9a95aff361c8d4412f04ffa11cdb071a0b8ad9fecc202,平滑操舵：Follow the Gap：目標が空き空間内 | target_deg=0.000 | gap_min_deg=-30.0 | gap_max_deg=60.0,,189.66254998285467,247.8345602327062,102.00966177741441,69.16459313088596,90.50948324656139,0,4.65,68.78343658064182,0
4.7,142.11376410334972,135.6243672757525,132.6300766543559,27.999754514272833,0.0,35.0,0.0,418,435,375,435,35.0,NEUTRAL,program,sonic_drive_smooth.py,function,bc4a84a5f90dcb414fa9a95aff361c8d4412f04ffa11cdb071a0b8ad9fecc202,平滑操舵：Follow the Gap：目標が空き空間内 | target_deg=0.000 | gap_min_deg=-30.0 | gap_max_deg=60.0,,189.17764222304862,250.0,96.24308411987444,66.45544264865582,88.74803680180678,0,4.7,67.83527865821097,0
4.75,143.14379463808518,134.67620726409172,132.6300766543559,27.99980983709088,0.0,35.0,0.0,418,435,375,435,35.0,NEUTRAL,program,sonic_drive_smooth.py,function,bc4a84a5f90dcb414fa9a95aff361c8d4412f04ffa11cdb071a0b8ad9fecc202,平滑操舵：Follow the Gap：目標が空き空間内 | target_deg=0.000 | gap_min_deg=-30.0 | gap_max_deg=60.0,,188.86324419927382,250.0,99.46040384437796,68.3406465568584,92.98897743776968,0,4.75,66.88711864655019,0
4.8,144.173826930964,133.72804563403108,132.6300766543559,27.999852692323817,0.0,35.0,0.0,418,435,375,435,35.0,NEUTRAL,program,sonic_drive_smooth.py,function,bc4a84a5f90dcb414fa9a95aff361c8d4412f04ffa11cdb071a0b8ad9fecc202,平滑操舵：Follow the Gap：目標が空き空間内 | target_deg=0.000 | gap_min_deg=-30.0 | gap_max_deg=60.0,,184.63170270483323,250.0,102.12221534197538,69.06434266976467,88.35410976090641,0,4.8,65.93895701648955,0
4.85,145.20386058576986,132.7798827502942,132.6300766543559,27.999885889674477,0.0,35.0,0.0,418,435,375,435,35.0,NEUTRAL,program,sonic_drive_smooth.py,function,bc4a84a5f90dcb414fa9a95aff361c8d4412f04ffa11cdb071a0b8ad9fecc202,平滑操舵：Follow the Gap：目標が空き空間内 | target_deg=0.000 | gap_min_deg=-30.0 | gap_max_deg=60.0,,185.4878801503492,249.74225069051045,98.82189522635707,64.40189426042967,89.774758555194,0,4.85,64.99079413275268,0
4.9,146.23389529557807,131.83171889541038,132.6300766543559,27.999911605649288,0.0,35.0,0.0,418,435,375,435,35.0,NEUTRAL,program,sonic_drive_smooth.py,function,bc4a84a5f90dcb414fa9a95aff361c8d4412f04ffa11cdb071a0b8ad9fecc202,平滑操舵：Follow the Gap：目標が空き空間内 | target_deg=0.000 | gap_min_deg=-30.0 | gap_max_deg=60.0,,186.2581909248518,250.0,100.28859440372804,66.90497141114496,89.01724375520888,0,4.9,64.04263027786885,0
4.95,147.26393082263257,130.88355428823792,132.6300766543559,27.999931526255825,0.0,35.0,0.0,418,435,375,435,35.0,NEUTRAL,program,sonic_drive_smooth.py,function,bc4a84a5f90dcb414fa9a95aff361c8d4412f04ffa11cdb071a0b8ad9fecc202,平滑操舵：Follow the Gap：目標が空き空間内 | target_deg=0.000 | gap_min_deg=-30.0 | gap_max_deg=60.0,,181.12500726284054,250.0,100.69444725732876,66.58654385951372,93.95704751856977,0,4.95,63.094465670696394,0
5.0,148.29396698275832,129.935389098313,132.6300766543559,27.99994695754192,0.0,35.0,0.0,418,435,375,435,35.0,NEUTRAL,program,sonic_drive_smooth.py,function,bc4a84a5f90dcb414fa9a95aff361c8d4412f04ffa11cdb071a0b8ad9fecc202,平滑操舵：安全制御優先：右壁追従 | target_deg=0.000,,179.21698001147158,250.0,102.32640593296823,67.26749365274735,89.77068192347289,0,5.0,62.14630048077149,0
5.05,149.32400363328594,128.98722345696513,132.6300766543559,27.99995891122367,0.0,35.0,0.0,418,435,375,435,35.0,NEUTRAL,program,sonic_drive_smooth.py,function,bc4a84a5f90dcb414fa9a95aff361c8d4412f04ffa11cdb071a0b8ad9fecc202,平滑操舵：安全制御優先：右壁追従 | target_deg=0.000,,177.19995714275856,250.0,100.92096061910159,66.20584869027421,91.59776526480238,0,5.05,61.1981348394236,0
5.1,150.35404066369807,128.03905746592721,132.6300766543559,27.999968171016178,0.0,35.0,0.0,418,435,375,435,35.0,NEUTRAL,program,sonic_drive_smooth.py,function,bc4a84a5f90dcb414fa9a95aff361c8d4412f04ffa11cdb071a0b8ad9fecc202,平滑操舵：安全制御優先：右壁追従 | target_deg=0.000,,175.88098846564364,248.30753297363995,99.45097654346162,64.07587758457215,86.26616599781984,0,5.1,60.24996884838569,0
5.15,151.3840779883838,127.0908912040057,132.6300766543559,27.99997534401601,0.0,35.0,0.0,418,435,375,435,35.0,NEUTRAL,program,sonic_drive_smooth.py,function,bc4a84a5f90dcb414fa9a95aff361c8d4412f04ffa11cdb071a0b8ad9fecc202,平滑操舵：安全制御優先：右壁追従 | target_deg=0.000,,173.77034648897504,250.0,101.10200803735391,59.819599574488315,87.18097271013272,0,5.15,59.30180258646418,0
5.2,152.41411554102544,126.14272473224705,132.6300766543559,27.999980900504085,0.0,35.0,0.0,418,435,375,435,35.0,NEUTRAL,program,sonic_drive_smooth.py,function,bc4a84a5f90dcb414fa9a95aff361c8d4412f04ffa11cdb071a0b8ad9fecc202,平滑操舵：安全制御優先：右壁追従 | target_deg=0.000,,172.52966597681868,249.05303928709563,104.51743086250833,60.823947797197015,87.74144620363323,0,5.2,58.35363611470552,0
5.25,153.44415327025067,125.19455809794029,132.6300766543559,27.99998520477851,0.0,35.0,0.0,418,435,375,435,35.0,NEUTRAL,program,sonic_drive_smooth.py,function,bc4a84a5f90dcb414fa9a95aff361c8d4412f04ffa11cdb071a0b8ad9fecc202,平滑操舵：安全制御優先：右壁追従 | target_deg=0.000,,174.51302664155995,249.81935223368336,96.52560948534504,61.93877714474974,82.14107246123287,0,5.25,57.405469480398764,0
5.3,154.47419113626452,124.24639133771737,132.6300766543559,27.99998853903894,0.0,35.0,0.0,418,435,375,435,35.0,NEUTRAL,program,sonic_drive_smooth.py,function,bc4a84a5f90dcb414fa9a95aff361c8d4412f04ffa11cdb071a0b8ad9fecc202,平滑操舵：安全制御優先：右壁追従 | target_deg=0.000,,170.83355563511526,250.0,97.40213737694414,59.094648550479775,82.80941024996129,0,5.3,56.457302720175846,0
5.35,155.50422910824022,123.29822447995485,132.6300766543559,27.999991121888343,0.0,35.0,0.0,418,435,375,435,35.0,NEUTRAL,program,sonic_drive_smooth.py,function,bc4a84a5f90dcb414fa9a95aff361c8d4412f04ffa11cdb071a0b8ad9fecc202,平滑操舵：安全制御優先：右壁追従 | target_deg=0.000,,167.79331761916256,249.61999223523813,99.7621914609735,55.255018324000325,82.31751808667626,0,5.35,55.50913586241333,0
5.4,156.53426716229808,122.35005754663428,132.6300766543559,27.99999312266518,0.0,35.0,0.0,418,435,375,435,35.0,NEUTRAL,program,sonic_drive_smooth.py,function,bc4a84a5f90dcb414fa9a95aff361c8d4412f04ffa11cdb071a0b8ad9fecc202,平滑操舵：安全制御優先：右壁追従 | target_deg=0.000,,169.91070473063834,248.8255495450915,98.46007027985104,55.455858306763666,80.92475920237841,0,5.4,54.56096892909275,0
5.45,157.56430527994007,121.4018905547835,132.6300766543559,27.99999467254569,0.0,35.0,0.0,418,435,375,435,35.0,NEUTRAL,program,sonic_drive_smooth.py,function,bc4a84a5f90dcb414fa9a95aff361c8d4412f04ffa11cdb071a0b8ad9fecc202,平滑操舵：安全制御優先：右壁追従 | target_deg=0.000,,163.8681974203203,249.98377547687463,100.18714794683038,55.824452522763515,80.48236325778575,0,5.45,53.61280193724198,0
5.5,158.59434344683686,120.4537235175929,132.6300766543559,27.999995873144147,0.0,35.0,0.0,418,435,375,435,35.0,NEUTRAL,program,sonic_drive_smooth.py,function,bc4a84a5f90dcb414fa9a95aff361c8d4412f04ffa11cdb071a0b8ad9fecc202,平滑操舵：安全制御優先：右壁追従 | target_deg=0.000,,165.65412504743585,248.30956056924413,102.86379914963175,55.45729613781463,80.35158102323501,0,5.5,52.66463490005138,0
5.55,159.6243816518883,119.50555644528029,132.6300766543559,27.999996803174977,0.0,35.0,0.0,418,435,375,435,35.0,NEUTRAL,program,sonic_drive_smooth.py,function,bc4a84a5f90dcb414fa9a95aff361c8d4412f04ffa11cdb071a0b8ad9fecc202,平滑操舵：安全制御優先：右壁追従 | target_deg=0.000,,165.3560107719827,250.0,100.65271318865686,51.78864717798893,79.72481236386098,0,5.55,51.71646782773877,0
5.6,160.65441988649593,118.55738934576078,132.6300766543559,27.999997523613473,0.0,35.0,0.0,418,435,375,435,35.0,NEUTRAL,program,sonic_drive_smooth.py,function,bc4a84a5f90dcb414fa9a95aff361c8d4412f04ffa11cdb071a0b8ad9fecc202,平滑操舵：安全制御優先：右壁追従 | target_deg=0.000,,161.62693933064782,248.98551732506934,102.91335659473658,54.055361971309594,79.60683864340598,0,5.6,50.76830072821926,0
5.65,161.68445814399882,117.60922222516575,132.6300766543559,27.999998081693498,0.0,35.0,0.0,418,435,375,435,35.0,NEUTRAL,program,sonic_drive_smooth.py,function,bc4a84a5f90dcb414fa9a95aff361c8d4412f04ffa11cdb071a0b8ad9fecc202,平滑操舵：安全制御優先：右壁追従 | target_deg=0.000,,157.45638039507568,247.19841904786466,99.3042523575088,48.42842187656885,77.16454150003719,0,5.65,49.82013360762423,0
5.7,162.71449641923735,116.6610550882448,132.6300766543559,27.99999851400426,0.0,35.0,0.0,418,435,375,435,35.0,NEUTRAL,program,sonic_drive_smooth.py,function,bc4a84a5f90dcb414fa9a95aff361c8d4412f04ffa11cdb071a0b8ad9fecc202,平滑操舵：安全制御優先：右壁追従 | target_deg=0.000,,161.83913853133814,245.98522009895746,102.48728498921055,52.82673507724581,76.51893028816421,0,5.7,48.87196647070327,0
5.75,163.74453470821456,115.71288793867714,132.6300766543559,27.999998848889195,0.0,35.0,0.0,418,435,375,435,35.0,NEUTRAL,program,sonic_drive_smooth.py,function,bc4a84a5f90dcb414fa9a95aff361c8d4412f04ffa11cdb071a0b8ad9fecc202,平滑操舵：安全制御優先：右壁追従 | target_deg=0.000,,160.03263885403064,247.36452554716473,102.16937453860824,47.79553066971041,72.50253330643099,0,5.75,47.92379932113562,0
5.8,164.77066705297116,114.7703274657244,132.48367587005748,27.77914569124391,2.24,33.775,7.0,417,442,375,435,33.775,NEUTRAL,program,sonic_drive_smooth.py,function,bc4a84a5f90dcb414fa9a95aff361c8d4412f04ffa11cdb071a0b8ad9fecc202,平滑操舵：安全制御優先：右壁追従 | target_deg=5.585,,158.56736195948145,250.0,102.09222118202521,47.063712926843195,75.3121382200668,0,5.8,46.990307856992374,0
5.85,165.7886987428993,113.84292891642757,132.15708838483692,27.38721072320617,4.48,32.55,14.0,415,449,375,435,32.55,NEUTRAL,program,sonic_drive_smooth.py,function,bc4a84a5f90dcb414fa9a95aff361c8d4412f04ffa11cdb071a0b8ad9fecc202,平滑操舵：安全制御優先：右壁追従 | target_deg=11.083,,155.70702744225213,249.81077765665063,104.01658131012958,47.79261178704242,69.87115309806433,0,5.85,46.08353612127479,0
5.9,166.795839890576,112.93867438615186,131.65632397796196,26.862749049288265,6.72,31.325,21.0,414,457,375,435,31.325,NEUTRAL,program,sonic_drive_smooth.py,function,bc4a84a5f90dcb414fa9a95aff361c8d4412f04ffa11cdb071a0b8ad9fecc202,平滑操舵：安全制御優先：右壁追従 | target_deg=16.413,,156.46031320360348,247.97243953334953,101.70453343115872,46.57397091289793,68.09700749575428,0,5.9,45.04657068526415,0
5.95,167.79204771371664,112.06195725857826,131.03593013743057,26.330278435827672,8.0,30.625,25.0,413,461,375,435,30.625,NEUTRAL,program,sonic_drive_smooth.py,function,bc4a84a5f90dcb414fa9a95aff361c8d4412f04ffa11cdb071a0b8ad9fecc202,平滑操舵：安全制御優先：右壁追従 | target_deg=19.359,,155.93620865482902,249.41212350105158,104.47622186407904,44.692010562731774,65.3270903324667,0,5.95,43.9638796883432,0
6.0,168.780291573268,111.21112036572939,130.4182368192258,25.917805735088493,8.0,30.625,25.0,413,461,375,435,30.625,NEUTRAL,program,sonic_drive_smooth.py,function,bc4a84a5f90dcb414fa9a95aff361c8d4412f04ffa11cdb071a0b8ad9fecc202,平滑操舵：安全制御優先：右壁追従 | target_deg=19.359,,157.14689134471118,250.0,101.2488477036749,46.50414653083531,64.96418012376432,0,6.0,42.930183833619175,0
6.05,169.76396341293287,110.38239234223262,129.80898260013015,25.59828814190274,8.0,30.625,25.0,413,461,375,435,30.625,NEUTRAL,program,sonic_drive_smooth.py,function,bc4a84a5f90dcb414fa9a95aff361c8d4412f04ffa11cdb071a0b8ad9fecc202,平滑操舵：安全制御優先：右壁追従 | target_deg=19.359,,160.40426772693226,250.0,97.91804900650683,40.57845749736918,66.16302740167806,0,6.05,41.94219494884291,0
6.1,170.74569697262046,109.57289421767648,129.2062656394546,25.350777234702665,8.0,30.625,25.0,413,461,375,435,30.625,NEUTRAL,program,sonic_drive_smooth.py,function,bc4a84a5f90dcb414fa9a95aff361c8d4412f04ffa11cdb071a0b8ad9fecc202,平滑操舵：安全制御優先：右壁追従 | target_deg=19.359,,156.7551579004164,250.0,102.87226403494908,40.52907527483105,63.83141456736604,0,6.1,40.99789061939301,0
6.15,171.72753694531312,108.780438730337,128.60861269652548,25.159045541395287,8.0,30.625,25.0,413,461,375,435,30.625,NEUTRAL,program,sonic_drive_smooth.py,function,bc4a84a5f90dcb414fa9a95aff361c8d4412f04ffa11cdb071a0b8ad9fecc202,平滑操舵：安全制御優先：右壁追従 | target_deg=19.359,,158.17954041018547,250.0,100.4026291614367,40.28249637742472,59.84070655308778,0,6.15,40.0962815189789,0
6.2,172.71106455913372,108.00336793904562,128.01488254111484,25.010522623216175,8.0,30.625,25.0,413,461,375,435,30.625,NEUTRAL,program,sonic_drive_smooth.py,function,bc4a84a5f90dcb414fa9a95aff361c8d4412f04ffa11cdb071a0b8ad9fecc202,平滑操舵：安全制御優先：右壁追従 | target_deg=19.359,,157.92657041992334,249.8550176264839,101.28536358706056,44.15247992201492,56.32787911459863,0,6.2,39.237188039101824,0
6.25,173.69749677328423,107.24042906329107,127.42419113135753,24.895470923395866,8.0,30.625,25.0,413,461,375,435,30.625,NEUTRAL,program,sonic_drive_smooth.py,function,bc4a84a5f90dcb414fa9a95aff361c8d4412f04ffa11cdb071a0b8ad9fecc202,平滑操舵：安全制御優先：右壁追従 | target_deg=19.359,,158.28073685523978,249.7353258008444,98.81572608789625,41.40236720084055,58.5536712718185,0,6.25,38.421064828888845,0
6.3,174.68776447329438,106.49067947545491,126.83585365361972,24.80634734708976,8.0,30.625,25.0,413,461,375,435,30.625,NEUTRAL,program,sonic_drive_smooth.py,function,bc4a84a5f90dcb414fa9a95aff361c8d4412f04ffa11cdb071a0b8ad9fecc202,平滑操舵：安全制御優先：右壁追従 | target_deg=19.359,,154.9342884386014,249.18443511013498,104.15601041177405,41.35750837276066,54.62744320100187,0,6.3,37.64886092762742,0
6.35,175.68625237406167,105.74923022418993,126.37950978425226,24.91759721977969,5.76,31.625,18.0,414,453,375,435,31.625,NEUTRAL,program,sonic_drive_smooth.py,function,bc4a84a5f90dcb414fa9a95aff361c8d4412f04ffa11cdb071a0b8ad9fecc202,平滑操舵：安全制御優先：右壁追従 | target_deg=14.154,,151.86747175551886,245.57776695440307,100.82643752188179,89.38611148971545,53.628784771100335,0,6.35,36.90636495708984,0
6.4,176.69784090484714,105.00827220702018,126.08604869631489,25.184064254834077,3.52,32.625,11.0,415,446,375,435,32.625,NEUTRAL,program,sonic_drive_smooth.py,function,bc4a84a5f90dcb414fa9a95aff361c8d4412f04ffa11cdb071a0b8ad9fecc202,平滑操舵：安全制御優先：右壁追従 | target_deg=8.743,,150.77018620840408,250.0,100.6826053062074,95.17828561713894,56.99879340561377,0,6.4,36.18113605802128,0
6.45,177.71947947593645,104.26873360375401,125.69115057013744,25.250756520701618,5.76,31.85,18.0,414,453,375,435,31.85,NEUTRAL,program,sonic_drive_smooth.py,function,bc4a84a5f90dcb414fa9a95aff361c8d4412f04ffa11cdb071a0b8ad9fecc202,平滑操舵：安全制御優先：左回避 | target_deg=14.154,,143.14181144293244,250.0,99.79286503799489,87.72912851905623,49.88592150197751,0,6.45,35.49993085519181,0
6.5,178.74416346821678,103.53994291089853,125.12971609027682,25.081565558479898,8.0,30.625,25.0,413,461,375,435,30.625,NEUTRAL,program,sonic_drive_smooth.py,function,bc4a84a5f90dcb414fa9a95aff361c8d4412f04ffa11cdb071a0b8ad9fecc202,平滑操舵：安全制御優先：左回避 | target_deg=19.359,,142.3322846861899,249.49526788345105,100.18909103448853,89.91908120445272,53.50015604595135,0,6.5,34.8851124040449,0
6.55,179.7654669907364,102.83065614453957,124.40691521229775,24.729650160975794,10.24,29.4,32.0,411,468,375,435,29.4,NEUTRAL,program,sonic_drive_smooth.py,function,bc4a84a5f90dcb414fa9a95aff361c8d4412f04ffa11cdb071a0b8ad9fecc202,平滑操舵：安全制御優先：左回避 | target_deg=24.305,,143.47374594100725,250.0,103.19662770859627,87.21870118479175,48.00239445824937,0,6.55,34.35201277781892,0
6.6,180.778434463031,102.1479221267091,123.52991627450137,24.236189221977604,12.48,28.174999999999997,39.0,410,475,375,435,28.174999999999997,NEUTRAL,program,sonic_drive_smooth.py,function,bc4a84a5f90dcb414fa9a95aff361c8d4412f04ffa11cdb071a0b8ad9fecc202,平滑操舵：安全制御優先：左回避 | target_deg=28.957,,140.5461320580384,249.4601085294635,100.80600077588852,91.1824348819234,45.09268073496766,0,6.6,33.91334185497052,0
6.65,181.77911646996915,101.49733110787484,122.50716954701,23.63308153384107,14.72,26.95,46.0,408,483,375,435,26.95,NEUTRAL,program,sonic_drive_smooth.py,function,bc4a84a5f90dcb414fa9a95aff361c8d4412f04ffa11cdb071a0b8ad9fecc202,平滑操舵：安全制御優先：左回避 | target_deg=33.297,,140.2518006653114,249.97629100382352,100.23939370512055,92.8162194667499,44.25275285827057,0,6.65,33.579152859939306,0
6.7,182.76423494412123,100.88322411160111,121.34792000535288,22.945037156991457,16.96,25.724999999999998,53.0,407,490,375,435,25.724999999999998,NEUTRAL,program,sonic_drive_smooth.py,function,bc4a84a5f90dcb414fa9a95aff361c8d4412f04ffa11cdb071a0b8ad9fecc202,平滑操舵：安全制御優先：左回避 | target_deg=37.323,,131.1470049143946,250.0,100.32832550307005,86.34783087874702,45.558624048005555,0,6.7,33.356762364497335,0
6.75,183.7309460656725,100.3088671294321,120.06188395282896,22.191197477077818,19.2,24.5,60.0,405,498,375,435,24.5,NEUTRAL,program,sonic_drive_smooth.py,function,bc4a84a5f90dcb414fa9a95aff361c8d4412f04ffa11cdb071a0b8ad9fecc202,平滑操舵：安全制御優先：左回避 | target_deg=41.043,,128.86164119078984,249.93324661513338,100.52702367888347,85.97710047128116,44.923283055548715,0,6.75,33.250676457462724,0
6.8,184.6766764744866,99.77659469133172,118.65904265730933,21.3863901650269,21.44,23.275000000000002,67.0,404,505,375,435,23.275000000000002,NEUTRAL,program,sonic_drive_smooth.py,function,bc4a84a5f90dcb414fa9a95aff361c8d4412f04ffa11cdb071a0b8ad9fecc202,平滑操舵：安全制御優先：左回避 | target_deg=44.472,,128.61385186965063,249.7823868544428,102.51506850244805,87.4172827186899,43.51439878605875,0,6.8,33.26256787490854,0
6.85,185.59901418656852,99.28792749580823,117.14951964035839,20.542101318509108,23.68,22.05,74.0,402,512,375,435,22.05,NEUTRAL,program,sonic_drive_smooth.py,function,bc4a84a5f90dcb414fa9a95aff361c8d4412f04ffa11cdb071a0b8ad9fecc202,平滑操舵：安全制御優先：左回避 | target_deg=47.632,,123.98366124224495,248.54858552399406,97.67616249420793,85.71376582705649,40.70023738006684,0,6.85,33.39133636230234,0
6.9,186.49564013274804,98.84366868149877,115.5435180630185,19.66722852099157,25.92,20.825,81.0,401,520,375,435,20.825,NEUTRAL,program,sonic_drive_smooth.py,function,bc4a84a5f90dcb414fa9a95aff361c8d4412f04ffa11cdb071a0b8ad9fecc202,平滑操舵：安全制御優先：左回避 | target_deg=50.544,,122.20935514975525,248.99285837909895,100.64149892170767,91.70542910306045,41.070054648078255,0,6.9,33.63326757598881,0
6.95,187.3642896929589,98.4439830217384,113.85130181744694,18.768664190928884,28.16,19.6,88.0,399,527,375,435,19.6,NEUTRAL,program,sonic_drive_smooth.py,function,bc4a84a5f90dcb414fa9a95aff361c8d4412f04ffa11cdb071a0b8ad9fecc202,平滑操舵：安全制御優先：左回避 | target_deg=53.231,,120.90555774241308,250.0,103.25282664500025,89.31433684670377,39.24857996726619,0,6.95,33.982287467149575,0
7.0,188.2027361948984,98.08846290239488,112.08320920763674,17.85174746701288,30.4,18.375,95.0,397,534,375,435,18.375,NEUTRAL,program,sonic_drive_smooth.py,function,bc4a84a5f90dcb414fa9a95aff361c8d4412f04ffa11cdb071a0b8ad9fecc202,平滑操舵：安全制御優先：左回避 | target_deg=55.714,,112.45713662222471,239.9921209336768,103.76346934580422,90.2899762292473,38.05354586822539,0,7.0,34.392573303662154,0
7.05,189.0105336795886,97.7754069494591,110.2729292084004,16.983715232580945,32.0,17.5,100.0,396,540,375,435,17.5,NEUTRAL,program,sonic_drive_smooth.py,function,bc4a84a5f90dcb414fa9a95aff361c8d4412f04ffa11cdb071a0b8ad9fecc202,平滑操舵：安全制御優先：左回避 | target_deg=57.375,,115.15489519042322,226.74432078155783,100.6635938311896,89.43338326932249,39.199421965256896,0,7.05,34.74494901400036,0
7.1,189.79232116280085,97.50009442212001,108.52729176473179,16.31130328906004,32.0,17.5,100.0,396,540,375,435,17.5,NEUTRAL,program,sonic_drive_smooth.py,function,bc4a84a5f90dcb414fa9a95aff361c8d4412f04ffa11cdb071a0b8ad9fecc202,平滑操舵：安全制御優先：左回避 | target_deg=57.375,,239.11917619511237,206.14952023647845,103.09701805673504,92.90585480410238,33.74880748218485,0,7.1,35.01433821685478,0
7.15,190.55934001186543,97.25490594089356,106.946390311865,15.970715028240203,29.76,18.5,93.0,398,532,375,435,18.5,NEUTRAL,program,sonic_drive_smooth.py,function,bc4a84a5f90dcb414fa9a95aff361c8d4412f04ffa11cdb071a0b8ad9fecc202,平滑操舵：安全制御優先：右壁追従 | target_deg=55.024,,243.40980794356292,192.98904834735157,105.01619094136001,90.61528468283052,36.567588683436064,0,7.15,35.19784766149165,0
7.2,191.32363102665465,97.03250085316233,105.52125734128799,15.887170456054012,27.52,19.5,86.0,399,525,375,435,19.5,NEUTRAL,program,sonic_drive_smooth.py,function,bc4a84a5f90dcb414fa9a95aff361c8d4412f04ffa11cdb071a0b8ad9fecc202,平滑操舵：安全制御優先：右壁追従 | target_deg=52.485,,237.9060408897187,186.30300448499602,105.33373205120245,96.30015161813162,33.03949705767995,0,7.2,35.3122490032258,0
7.25,192.09476432487185,96.82783042378676,104.2250800376778,16.002742044982547,25.28,20.5,79.0,400,517,375,435,20.5,NEUTRAL,program,sonic_drive_smooth.py,function,bc4a84a5f90dcb414fa9a95aff361c8d4412f04ffa11cdb071a0b8ad9fecc202,平滑操舵：安全制御優先：右壁追従 | target_deg=49.736,,237.95873927357601,176.6884620728453,104.87378586707736,93.66279488528006,47.69925422193816,0,7.25,35.3725935817847,0
7.3,192.88029151624949,96.63743580487613,103.04093030951708,16.27255685158283,23.04,21.5,72.0,401,510,375,435,21.5,NEUTRAL,program,sonic_drive_smooth.py,function,bc4a84a5f90dcb414fa9a95aff361c8d4412f04ffa11cdb071a0b8ad9fecc202,平滑操舵：安全制御優先：右壁追従 | target_deg=46.756,,231.62512182254778,166.68602802733673,107.41673657193742,96.9710645621451,53.15949322654887,0,7.3,35.38972096288626,0
7.35,193.68612597343014,96.45891091369985,101.9590123702119,16.66185452720059,20.8,22.5,65.0,403,503,375,435,22.5,NEUTRAL,program,sonic_drive_smooth.py,function,bc4a84a5f90dcb414fa9a95aff361c8d4412f04ffa11cdb071a0b8ad9fecc202,平滑操舵：安全制御優先：右壁追従 | target_deg=43.521,,229.6519762078379,163.0409819988213,108.68399501779585,102.49105790576519,63.071387608447,0,7.35,35.37207499498455,0
7.4,194.51686636833838,96.29052162739823,100.97469333173751,17.14370833724125,18.56,23.5,58.0,404,495,375,435,23.5,NEUTRAL,program,sonic_drive_smooth.py,function,bc4a84a5f90dcb414fa9a95aff361c8d4412f04ffa11cdb071a0b8ad9fecc202,平滑操舵：安全制御優先：右壁追従 | target_deg=40.010,,228.61384897535598,158.12502025830264,105.4697435202864,95.43542820854132,76.58625909782089,0,7.4,35.326834708582744,0
7.45,195.37606461632404,96.13092976800905,100.08709573145478,17.69725977297298,16.32,24.5,51.0,405,488,375,435,24.5,NEUTRAL,program,sonic_drive_smooth.py,function,bc4a84a5f90dcb414fa9a95aff361c8d4412f04ffa11cdb071a0b8ad9fecc202,平滑操舵：安全制御優先：右壁追従 | target_deg=36.204,,227.24712793231353,150.6351483282963,112.32847166044552,101.62095963076445,84.10901694986521,0,7.45,35.260618609496916,0
7.5,196.26644414180387,95.97898864898498,99.29809430799952,18.306351012325383,14.08,25.5,44.0,406,481,375,435,25.5,NEUTRAL,program,sonic_drive_smooth.py,function,bc4a84a5f90dcb414fa9a95aff361c8d4412f04ffa11cdb071a0b8ad9fecc202,平滑操舵：安全制御優先：右壁追従 | target_deg=32.089,,250.0,148.8397290056786,107.9974322807481,106.00907509057983,82.64378841911856,0,7.5,35.179918508868674,0
7.55,197.19007557670884,95.83358826795325,98.61160428545361,18.958465570183677,11.84,26.5,37.0,408,473,375,435,26.5,NEUTRAL,program,sonic_drive_smooth.py,function,bc4a84a5f90dcb414fa9a95aff361c8d4412f04ffa11cdb071a0b8ad9fecc202,平滑操舵：安全制御優先：右壁追従 | target_deg=27.659,,250.0,143.68701040246842,107.0026315931639,105.12880612734764,83.57511118748928,0,7.55,35.09135885023657,0
7.6,198.1485166402867,95.69353533984847,98.0330804136405,19.643907684399604,9.6,27.5,30.0,409,466,375,435,27.5,NEUTRAL,program,sonic_drive_smooth.py,function,bc4a84a5f90dcb414fa9a95aff361c8d4412f04ffa11cdb071a0b8ad9fecc202,平滑操舵：Follow the Gap：目標が空き空間内 | target_deg=22.921 | gap_min_deg=-60.0 | gap_max_deg=60.0,,249.06347765051936,145.6096893939202,107.6630649642268,104.35731612955671,83.5377918268923,0,7.6,35.00184139562139,0
7.65,199.14292198244814,95.557457925719,97.56916886317691,20.355166635887592,7.36,28.5,23.0,410,459,375,435,28.5,NEUTRAL,program,sonic_drive_smooth.py,function,bc4a84a5f90dcb414fa9a95aff361c8d4412f04ffa11cdb071a0b8ad9fecc202,平滑操舵：Follow the Gap：目標が空き空間内 | target_deg=17.896 | gap_min_deg=-60.0 | gap_max_deg=60.0,,250.0,141.1847471476487,108.88466483300304,105.05335820929614,81.9662038458832,0,7.65,34.918612953162956,0
7.7,200.17412764373975,95.42372741123386,97.22747045310052,21.086424325944346,5.12,29.5,16.0,411,451,375,435,29.5,NEUTRAL,program,sonic_drive_smooth.py,function,bc4a84a5f90dcb414fa9a95aff361c8d4412f04ffa11cdb071a0b8ad9fecc202,平滑操舵：Follow the Gap：目標が空き空間内 | target_deg=12.626 | gap_min_deg=-60.0 | gap_max_deg=60.0,,250.0,139.0251171133538,106.57582629220086,107.50082545036038,83.69830271449678,0,7.7,34.849279812708126,0
7.75,201.24271368279278,95.29039261628941,97.01638546932071,21.83317382625374,2.88,30.5,9.0,413,444,375,435,30.5,NEUTRAL,program,sonic_drive_smooth.py,function,bc4a84a5f90dcb414fa9a95aff361c8d4412f04ffa11cdb071a0b8ad9fecc202,平滑操舵：Follow the Gap：目標が空き空間内 | target_deg=7.168 | gap_min_deg=-60.0 | gap_max_deg=60.0,,247.49737527583594,137.7903038963568,107.1160660595025,104.80591182328487,84.85408359710001,0,7.75,34.80178339349611,0
7.8,202.34904751559125,95.15512223306716,96.9450188360961,22.591923892702773,0.64,31.5,2.0,414,437,375,435,31.5,NEUTRAL,program,sonic_drive_smooth.py,function,bc4a84a5f90dcb414fa9a95aff361c8d4412f04ffa11cdb071a0b8ad9fecc202,平滑操舵：Follow the Gap：目標が空き空間内 | target_deg=1.600 | gap_min_deg=-60.0 | gap_max_deg=60.0,,247.80919977616648,139.75213590170594,109.96531438865262,109.21319595266777,85.71204460815275,0,7.8,34.79168273619013,0
7.85,203.49338022210378,95.015730372608,96.9450188360961,23.35997007015001,0.0,32.5,0.0,415,435,375,435,32.5,NEUTRAL,program,sonic_drive_smooth.py,function,bc4a84a5f90dcb414fa9a95aff361c8d4412f04ffa11cdb071a0b8ad9fecc202,平滑操舵：Follow the Gap：目標が空き空間内 | target_deg=0.000 | gap_min_deg=-60.0 | gap_max_deg=60.0,,249.09180420976136,139.3122527228654,107.81038869884027,102.73742873354223,81.56659578944753,0,7.85,34.832345557061714,0
7.9,204.67604934412833,94.87166873014299,96.9450188360961,24.13521738116757,0.0,33.5,0.0,416,435,375,435,33.5,NEUTRAL,program,sonic_drive_smooth.py,function,bc4a84a5f90dcb414fa9a95aff361c8d4412f04ffa11cdb071a0b8ad9fecc202,平滑操舵：Follow the Gap：目標が空き空間内 | target_deg=0.000 | gap_min_deg=-60.0 | gap_max_deg=60.0,,246.83451326660392,140.49924070343695,106.49272870592085,106.64150992254181,83.96952389479256,0,7.9,34.911669473950205,0
7.95,205.89736364603655,94.72289969489692,96.9450188360961,24.916042973759833,0.0,34.5,0.0,418,435,375,435,34.5,NEUTRAL,program,sonic_drive_smooth.py,function,bc4a84a5f90dcb414fa9a95aff361c8d4412f04ffa11cdb071a0b8ad9fecc202,平滑操舵：Follow the Gap：目標が空き空間内 | target_deg=0.000 | gap_min_deg=-60.0 | gap_max_deg=60.0,,250.0,143.40429397627327,105.89637447551056,105.21772667930682,84.44296752342157,0,7.95,35.033122989887595,0
8.0,207.1548599320129,94.56972331024483,96.9450188360961,25.611045471017366,0.0,35.0,0.0,418,435,375,435,35.0,NEUTRAL,program,sonic_drive_smooth.py,function,bc4a84a5f90dcb414fa9a95aff361c8d4412f04ffa11cdb071a0b8ad9fecc202,平滑操舵：Follow the Gap：目標が空き空間内 | target_deg=0.000 | gap_min_deg=-60.0 | gap_max_deg=60.0,,248.93579463950414,138.0402068434123,104.43932521086714,104.3617586576487,85.74606523742793,0,8.0,35.199743180949646,0
8.05,208.44215597204678,94.41291699949198,96.9450188360961,26.14942176788225,0.0,35.0,0.0,418,435,375,435,35.0,NEUTRAL,program,sonic_drive_smooth.py,function,bc4a84a5f90dcb414fa9a95aff361c8d4412f04ffa11cdb071a0b8ad9fecc202,平滑操舵：Follow the Gap：目標が空き空間内 | target_deg=0.000 | gap_min_deg=-60.0 | gap_max_deg=60.0,,250.0,140.90653381277602,103.75884362625493,106.42019283903319,86.15662252913887,0,8.05,35.41342132726763,0
8.1,209.75253607480028,94.25329880507007,96.9450188360961,26.5664692434952,0.0,35.0,0.0,418,435,375,435,35.0,NEUTRAL,program,sonic_drive_smooth.py,function,bc4a84a5f90dcb414fa9a95aff361c8d4412f04ffa11cdb071a0b8ad9fecc202,平滑操舵：Follow the Gap：目標が空き空間内 | target_deg=0.000 | gap_min_deg=-60.0 | gap_max_deg=60.0,,250.0,137.57475342856583,103.03702378819708,102.2992311846606,83.54261972780715,0,8.1,35.67497316809528,0
8.15,211.0807980013639,94.09150241485324,96.9450188360961,26.889530637408644,0.0,35.0,0.0,418,435,375,435,35.0,NEUTRAL,program,sonic_drive_smooth.py,function,bc4a84a5f90dcb414fa9a95aff361c8d4412f04ffa11cdb071a0b8ad9fecc202,平滑操舵：Follow the Gap：目標が空き空間内 | target_deg=0.000 | gap_min_deg=-60.0 | gap_max_deg=60.0,,250.0,139.75614111447126,105.00351116148767,103.92591638145122,79.50230656638614,0,8.15,35.98451666683666,0
8.2,212.42291189266447,93.92801870841735,96.9450188360961,27.13978671217305,0.0,35.0,0.0,418,435,375,435,35.0,NEUTRAL,program,sonic_drive_smooth.py,function,bc4a84a5f90dcb414fa9a95aff361c8d4412f04ffa11cdb071a0b8ad9fecc202,平滑操舵：Follow the Gap：目標が空き空間内 | target_deg=0.000 | gap_min_deg=-60.0 | gap_max_deg=60.0,,249.31895554781812,139.3872022595784,101.21507986748243,102.2244918917734,84.36385038054432,0,8.2,36.34162795372188,0
8.25,213.77575606120695,93.76322794040796,96.9450188360961,27.333644920353958,0.0,35.0,0.0,418,435,375,435,35.0,NEUTRAL,program,sonic_drive_smooth.py,function,bc4a84a5f90dcb414fa9a95aff361c8d4412f04ffa11cdb071a0b8ad9fecc202,平滑操舵：Follow the Gap：目標が空き空間内 | target_deg=0.000 | gap_min_deg=-60.0 | gap_max_deg=60.0,,250.0,142.79895979314023,100.64701445180651,101.97586804058542,79.6785277938196,0,8.25,36.745468933735474,0
8.3,215.1369123249557,93.59742467104425,96.9450188360961,27.483815120675736,0.0,35.0,0.0,418,435,375,435,35.0,NEUTRAL,program,sonic_drive_smooth.py,function,bc4a84a5f90dcb414fa9a95aff361c8d4412f04ffa11cdb071a0b8ad9fecc202,平滑操舵：Follow the Gap：目標が空き空間内 | target_deg=0.000 | gap_min_deg=-60.0 | gap_max_deg=60.0,,249.19418592336328,140.10437179170765,98.13011007105285,100.78651520228632,82.5100195556663,0,8.3,37.19489071141191,0
8.35,216.50450746490137,93.43083707826897,96.9450188360961,27.60014287009782,0.0,35.0,0.0,418,435,375,435,35.0,NEUTRAL,program,sonic_drive_smooth.py,function,bc4a84a5f90dcb414fa9a95aff361c8d4412f04ffa11cdb071a0b8ad9fecc202,平滑操舵：Follow the Gap：目標が空き空間内 | target_deg=0.000 | gap_min_deg=-60.0 | gap_max_deg=60.0,,250.0,144.1822478028635,100.06984017066698,103.39071072542852,82.28630091876624,0,8.35,37.68851688208417,0
8.4,217.87709041184988,93.26364191769999,96.9450188360961,27.690254924663982,0.0,35.0,0.0,418,435,375,435,35.0,NEUTRAL,program,sonic_drive_smooth.py,function,bc4a84a5f90dcb414fa9a95aff361c8d4412f04ffa11cdb071a0b8ad9fecc202,平滑操舵：Follow the Gap：目標が空き空間内 | target_deg=0.000 | gap_min_deg=-60.0 | gap_max_deg=60.0,,247.00304917772974,143.46593044297342,100.18041457864261,100.13461021451818,83.32425757479689,0,8.4,38.22481030317405,0
8.45,219.2535371104745,93.09597611119788,96.9450188360961,27.76005926987375,0.0,35.0,0.0,418,435,375,435,35.0,NEUTRAL,program,sonic_drive_smooth.py,function,bc4a84a5f90dcb414fa9a95aff361c8d4412f04ffa11cdb071a0b8ad9fecc202,平滑操舵：Follow the Gap：目標が空き空間内 | target_deg=0.000 | gap_min_deg=-60.0 | gap_max_deg=60.0,,250.0,143.6955511388557,97.89478483564633,102.57896902420092,80.58744608187428,0,8.45,38.80212641859447,0
8.5,220.63297682326476,92.92794572382647,96.9450188360961,27.814132463894502,0.0,35.0,0.0,418,435,375,435,35.0,NEUTRAL,program,sonic_drive_smooth.py,function,bc4a84a5f90dcb414fa9a95aff361c8d4412f04ffa11cdb071a0b8ad9fecc202,平滑操舵：Follow the Gap：目標が空き空間内 | target_deg=0.000 | gap_min_deg=-60.0 | gap_max_deg=60.0,,250.0,141.84406571176723,93.81778892618249,102.54079150620097,78.8402896629093,0,8.5,39.41875567787924,0
8.55,222.01473504266363,92.75963291776,96.9450188360961,27.856019688863363,0.0,35.0,0.0,418,435,375,435,35.0,NEUTRAL,program,sonic_drive_smooth.py,function,bc4a84a5f90dcb414fa9a95aff361c8d4412f04ffa11cdb071a0b8ad9fecc202,平滑操舵：Follow the Gap：目標が空き空間内 | target_deg=0.000 | gap_min_deg=-60.0 | gap_max_deg=60.0,,249.58490919577352,138.75697029009172,95.24748558284661,97.8233229781259,79.3701899774835,0,8.55,40.07295711901144,0
8.6,223.39828926856197,92.59110133905344,96.9450188360961,27.88846718243881,0.0,35.0,0.0,418,435,375,435,35.0,NEUTRAL,program,sonic_drive_smooth.py,function,bc4a84a5f90dcb414fa9a95aff361c8d4412f04ffa11cdb071a0b8ad9fecc202,平滑操舵：Follow the Gap：目標が空き空間内 | target_deg=0.000 | gap_min_deg=-60.0 | gap_max_deg=60.0,,250.0,139.1130828542524,97.26763154357664,100.95651113456618,80.52216785780637,0,8.6,40.76298478584517,0
8.65,224.7832347518042,92.42240029044669,96.9450188360961,27.913602288431424,0.0,35.0,0.0,418,435,375,435,35.0,NEUTRAL,program,sonic_drive_smooth.py,function,bc4a84a5f90dcb414fa9a95aff361c8d4412f04ffa11cdb071a0b8ad9fecc202,平滑操舵：Follow the Gap：目標が空き空間内 | target_deg=0.000 | gap_min_deg=-60.0 | gap_max_deg=60.0,,250.0,143.0052240597512,95.99888498869319,101.91371603527057,79.1845984539723,0,8.65,41.48710832629931,0
8.7,226.16925795775927,92.25356796378317,96.9450188360961,27.93307293111113,0.0,35.0,0.0,418,435,375,435,35.0,NEUTRAL,program,sonic_drive_smooth.py,function,bc4a84a5f90dcb414fa9a95aff361c8d4412f04ffa11cdb071a0b8ad9fecc202,平滑操舵：Follow the Gap：目標が空き空間内 | target_deg=0.000 | gap_min_deg=-60.0 | gap_max_deg=60.0,,250.0,143.73471969879014,91.56823575299084,101.21323609966747,82.60324981691907,0,8.7,42.24362885749081,0
8.75,227.5561160101581,92.08463394396843,96.9450188360961,27.948155657496784,0.0,35.0,0.0,418,435,375,435,35.0,NEUTRAL,program,sonic_drive_smooth.py,function,bc4a84a5f90dcb414fa9a95aff361c8d4412f04ffa11cdb071a0b8ad9fecc202,平滑操舵：Follow the Gap：目標が空き空間内 | target_deg=0.000 | gap_min_deg=-60.0 | gap_max_deg=60.0,,248.89554072497717,146.84369878313584,94.76029794654796,100.02511599831283,81.46403649359104,0,8.75,43.030890977681274,0
8.8,228.94362076748038,91.91562114863505,96.9450188360961,27.959839331167274,0.0,35.0,0.0,418,435,375,435,35.0,NEUTRAL,program,sonic_drive_smooth.py,function,bc4a84a5f90dcb414fa9a95aff361c8d4412f04ffa11cdb071a0b8ad9fecc202,平滑操舵：Follow the Gap：目標が空き空間内 | target_deg=0.000 | gap_min_deg=-60.0 | gap_max_deg=60.0,,250.0,145.09444398848248,92.58860695797331,100.46799274949247,78.37485731966618,0,8.8,43.847291641601295,0
8.85,230.33162648789738,91.74654733068351,96.9450188360961,27.96888996478272,0.0,35.0,0.0,418,435,375,435,35.0,NEUTRAL,program,sonic_drive_smooth.py,function,bc4a84a5f90dcb414fa9a95aff361c8d4412f04ffa11cdb071a0b8ad9fecc202,平滑操舵：Follow the Gap：目標が空き空間内 | target_deg=0.000 | gap_min_deg=-60.0 | gap_max_deg=60.0,,250.0,141.9329838835508,85.7191539670372,104.88807933168978,80.84186277268387,0,8.85,44.6912864860356,0
8.9,231.72002027405063,91.57742624220947,96.9450188360961,27.975900941907824,0.0,35.0,0.0,418,435,375,435,35.0,NEUTRAL,program,sonic_drive_smooth.py,function,bc4a84a5f90dcb414fa9a95aff361c8d4412f04ffa11cdb071a0b8ad9fecc202,平滑操舵：Follow the Gap：目標が空き空間内 | target_deg=0.000 | gap_min_deg=-60.0 | gap_max_deg=60.0,,250.0,144.16006891680925,87.87280581650494,99.33447901395621,80.5610808294293,0,8.9,45.56139408885344,0
8.95,233.10871467120148,91.40826853612762,96.9450188360961,27.981331920813535,0.0,35.0,0.0,418,435,375,435,35.0,NEUTRAL,program,sonic_drive_smooth.py,function,bc4a84a5f90dcb414fa9a95aff361c8d4412f04ffa11cdb071a0b8ad9fecc202,平滑操舵：Follow the Gap：目標が空き空間内 | target_deg=0.000 | gap_min_deg=-60.0 | gap_max_deg=60.0,,250.0,144.91591431728497,89.45193224078172,98.66809789041186,81.47340684654225,0,8.95,46.45619856097393,0
9.0,234.49764193346624,91.23908246460515,96.9450188360961,27.985538970893415,0.0,35.0,0.0,418,435,375,435,35.0,NEUTRAL,program,sonic_drive_smooth.py,function,bc4a84a5f90dcb414fa9a95aff361c8d4412f04ffa11cdb071a0b8ad9fecc202,平滑操舵：Follow the Gap：目標が空き空間内 | target_deg=0.000 | gap_min_deg=-60.0 | gap_max_deg=60.0,,250.0,144.37403063570952,90.37664740372132,97.18754133425797,79.31889576614546,0,9.0,47.37435080250698,0
9.05,235.88674958221623,91.06987442009559,96.9450188360961,27.988797917518315,0.0,35.0,0.0,418,435,375,435,35.0,NEUTRAL,program,sonic_drive_smooth.py,function,bc4a84a5f90dcb414fa9a95aff361c8d4412f04ffa11cdb071a0b8ad9fecc202,平滑操舵：Follow the Gap：目標が空き空間内 | target_deg=0.000 | gap_min_deg=-60.0 | gap_max_deg=60.0,,248.44745924264274,144.4034605035385,91.99200467275327,98.05967478004403,78.91854264649734,0,9.05,48.314568698097936,0
9.1,237.27599696543953,90.90064935444516,96.9450188360961,27.99132242587982,0.0,35.0,0.0,418,435,375,435,35.0,NEUTRAL,program,sonic_drive_smooth.py,function,bc4a84a5f90dcb414fa9a95aff361c8d4412f04ffa11cdb071a0b8ad9fecc202,平滑操舵：Follow the Gap：目標が空き空間内 | target_deg=0.000 | gap_min_deg=-60.0 | gap_max_deg=60.0,,250.0,148.07314781485073,87.06331033512451,88.11128251964439,76.55769400435375,0,9.1,49.27563647979849,0
9.15,238.66535259248724,90.73141110354887,96.9450188360961,27.99327800944741,0.0,35.0,0.0,418,435,375,435,35.0,NEUTRAL,program,sonic_drive_smooth.py,function,bc4a84a5f90dcb414fa9a95aff361c8d4412f04ffa11cdb071a0b8ad9fecc202,平滑操舵：Follow the Gap：目標が空き空間内 | target_deg=0.000 | gap_min_deg=-60.0 | gap_max_deg=60.0,,250.0,139.7111531111252,91.2125222445484,89.45734477217329,79.2379492825009,0,9.15,50.256403446709996,0
9.2,240.05479206946296,90.56216263884203,96.9450188360961,27.994792881470865,0.0,35.0,0.0,418,435,375,435,35.0,NEUTRAL,program,sonic_drive_smooth.py,function,bc4a84a5f90dcb414fa9a95aff361c8d4412f04ffa11cdb071a0b8ad9fecc202,平滑操舵：Follow the Gap：目標が空き空間内 | target_deg=0.000 | gap_min_deg=-60.0 | gap_max_deg=60.0,,249.04932934767763,141.55291242693662,91.08027051548618,90.27190873324797,75.13944189520369,0,9.2,51.255782197792215,0
9.25,241.4442964998941,90.39290626211543,96.9450188360961,27.99596636098127,0.0,35.0,0.0,418,435,375,435,35.0,NEUTRAL,program,sonic_drive_smooth.py,function,bc4a84a5f90dcb414fa9a95aff361c8d4412f04ffa11cdb071a0b8ad9fecc202,平滑操舵：Follow the Gap：目標が空き空間内 | target_deg=0.000 | gap_min_deg=-60.0 | gap_max_deg=60.0,,250.0,147.5104621852356,89.27924059569035,84.68487356172346,77.1338511585575,0,9.25,52.272746506531526,0
9.3,242.83385124582907,90.22364375642681,96.9450188360961,27.996875384410327,0.0,35.0,0.0,418,435,375,435,35.0,NEUTRAL,program,sonic_drive_smooth.py,function,bc4a84a5f90dcb414fa9a95aff361c8d4412f04ffa11cdb071a0b8ad9fecc202,平滑操舵：Follow the Gap：目標が空き空間内 | target_deg=0.000 | gap_min_deg=-60.0 | gap_max_deg=60.0,,249.40245143666036,146.2130953800679,86.40682527351225,86.32952051833539,78.60227609523461,0,9.3,53.30632894278858,0
9.35,244.22344496813417,90.05437650300294,96.9450188360961,27.997579549747044,0.0,35.0,0.0,418,435,375,435,35.0,NEUTRAL,program,sonic_drive_smooth.py,function,bc4a84a5f90dcb414fa9a95aff361c8d4412f04ffa11cdb071a0b8ad9fecc202,平滑操舵：Follow the Gap：目標が空き空間内 | target_deg=0.000 | gap_min_deg=-30.0 | gap_max_deg=60.0,,250.0,146.98685405882932,88.4087072062142,82.12383914774848,80.428997407276,0,9.35,54.22935685223369,0
9.4,245.61306888307018,89.88510557179639,96.9450188360961,27.998125023940094,0.0,35.0,0.0,418,435,375,435,35.0,NEUTRAL,program,sonic_drive_smooth.py,function,bc4a84a5f90dcb414fa9a95aff361c8d4412f04ffa11cdb071a0b8ad9fecc202,平滑操舵：Follow the Gap：目標が空き空間内 | target_deg=0.000 | gap_min_deg=-30.0 | gap_max_deg=60.0,,250.0,145.0507128272032,91.54782733268648,77.85457236522679,77.77381149920211,0,9.4,52.94478576957993,0
9.45,247.00271618640673,89.7158317916346,96.9450188360961,27.998547569725538,0.0,35.0,0.0,418,435,375,435,35.0,NEUTRAL,program,sonic_drive_smooth.py,function,bc4a84a5f90dcb414fa9a95aff361c8d4412f04ffa11cdb071a0b8ad9fecc202,平滑操舵：Follow the Gap：目標が空き空間内 | target_deg=0.000 | gap_min_deg=-30.0 | gap_max_deg=60.0,,248.63262958923482,148.49493644739914,92.63344354816195,78.11098373382424,80.91183793762859,0,9.45,51.6659089969064,0
9.5,248.3923816073192,89.54655580455992,96.9450188360961,27.998874890326714,0.0,35.0,0.0,418,435,375,435,35.0,NEUTRAL,program,sonic_drive_smooth.py,function,bc4a84a5f90dcb414fa9a95aff361c8d4412f04ffa11cdb071a0b8ad9fecc202,平滑操舵：Follow the Gap：目標が空き空間内 | target_deg=0.000 | gap_min_deg=-30.0 | gap_max_deg=60.0,,249.2785097473934,148.59368105222646,89.45595699562509,79.17324702391875,81.45985678884985,0,9.5,50.39314626147139,0
9.55,249.78206106281925,89.3772781079236,96.9450188360961,27.999128445751115,0.0,35.0,0.0,418,435,375,435,35.0,NEUTRAL,program,sonic_drive_smooth.py,function,bc4a84a5f90dcb414fa9a95aff361c8d4412f04ffa11cdb071a0b8ad9fecc202,平滑操舵：Follow the Gap：目標が空き空間内 | target_deg=0.000 | gap_min_deg=-30.0 | gap_max_deg=60.0,,247.20268607718572,148.30264719566648,93.26612022311994,72.34588496733014,77.32493652303955,0,9.55,49.12695494936148,0
9.6,251.17175139006335,89.20799908699357,96.9450188360961,27.99932485976542,0.0,35.0,0.0,418,435,375,435,35.0,NEUTRAL,program,sonic_drive_smooth.py,function,bc4a84a5f90dcb414fa9a95aff361c8d4412f04ffa11cdb071a0b8ad9fecc202,平滑操舵：Follow the Gap：目標が空き空間内 | target_deg=0.000 | gap_min_deg=-30.0 | gap_max_deg=60.0,,247.36833307204077,150.3246040739064,92.34995294427668,70.37673126551447,75.88882532218103,0,9.6,47.86783469398124,0
9.65,252.56145013898845,89.03871904021346,96.9450188360961,27.99947700979379,0.0,35.0,0.0,418,435,375,435,35.0,NEUTRAL,program,sonic_drive_smooth.py,function,bc4a84a5f90dcb414fa9a95aff361c8d4412f04ffa11cdb071a0b8ad9fecc202,平滑操舵：Follow the Gap：目標が空き空間内 | target_deg=0.000 | gap_min_deg=-30.0 | gap_max_deg=60.0,,249.9170253743168,144.64842772021763,93.05009494352869,72.11784936133459,78.41087182633716,0,9.65,46.61633244381721,0
9.7,253.95115541167922,88.86943819876952,96.9450188360961,27.999594871195963,0.0,35.0,0.0,418,435,375,435,35.0,NEUTRAL,program,sonic_drive_smooth.py,function,bc4a84a5f90dcb414fa9a95aff361c8d4412f04ffa11cdb071a0b8ad9fecc202,平滑操舵：Follow the Gap：目標が空き空間内 | target_deg=0.000 | gap_min_deg=-30.0 | gap_max_deg=60.0,,250.0,147.0097426707117,91.683693064745,62.726736524719186,76.9942206761345,0,9.7,45.37304809104285,0
9.75,255.3408657379357,88.70015674174765,96.9450188360961,27.999686171278338,0.0,35.0,0.0,418,435,375,435,35.0,NEUTRAL,program,sonic_drive_smooth.py,function,bc4a84a5f90dcb414fa9a95aff361c8d4412f04ffa11cdb071a0b8ad9fecc202,平滑操舵：Follow the Gap：目標が空き空間内 | target_deg=0.000 | gap_min_deg=-30.0 | gap_max_deg=60.0,,250.0,149.65780433726604,96.48004056143758,61.760814308596586,80.4572942767089,0,9.75,44.138640746710806,0
9.8,256.73057997888316,88.5308748078749,96.9450188360961,27.999756895916658,0.0,35.0,0.0,418,435,375,435,35.0,NEUTRAL,program,sonic_drive_smooth.py,function,bc4a84a5f90dcb414fa9a95aff361c8d4412f04ffa11cdb071a0b8ad9fecc202,平滑操舵：Follow the Gap：目標が空き空間内 | target_deg=0.000 | gap_min_deg=-30.0 | gap_max_deg=60.0,,250.0,151.06080103257975,91.52301909160582,64.58889800154644,76.74579608993747,0,9.8,42.913835753048424,0
9.85,258.12029725230434,88.36159250461466,96.9450188360961,27.999811682005948,0.0,35.0,0.0,418,435,375,435,35.0,NEUTRAL,program,sonic_drive_smooth.py,function,bc4a84a5f90dcb414fa9a95aff361c8d4412f04ffa11cdb071a0b8ad9fecc202,平滑操舵：Follow the Gap：目標が空き空間内 | target_deg=0.000 | gap_min_deg=-25.0 | gap_max_deg=60.0,,250.0,147.75817570643184,86.5968827872458,60.03482938538859,79.36022009885065,0,9.85,41.69943252810635,0
9.9,259.5100168747991,88.1923099152124,96.9450188360961,27.999854121467664,0.0,35.0,0.0,418,435,375,435,35.0,NEUTRAL,program,sonic_drive_smooth.py,function,bc4a84a5f90dcb414fa9a95aff361c8d4412f04ffa11cdb071a0b8ad9fecc202,平滑操舵：Follow the Gap：目標が空き空間内 | target_deg=0.000 | gap_min_deg=-25.0 | gap_max_deg=60.0,,250.0,148.03898101048165,93.030612329886,57.704304356506746,76.30773783326919,0,9.9,40.49631334186078,0
9.95,260.89973831697876,88.02302710415321,96.9450188360961,27.999886996745563,0.0,35.0,0.0,418,435,375,435,35.0,NEUTRAL,program,sonic_drive_smooth.py,function,bc4a84a5f90dcb414fa9a95aff361c8d4412f04ffa11cdb071a0b8ad9fecc202,平滑操舵：Follow the Gap：目標が空き空間内 | target_deg=0.000 | gap_min_deg=-25.0 | gap_max_deg=60.0,,249.40197812216385,152.0251324964119,93.44949234816949,54.34981897312076,79.23483446800012,0,9.95,39.30545312468081,0
10.0,262.28946116875795,87.85374412138982,96.9450188360961,27.99991246323014,0.0,35.0,0.0,418,435,375,435,35.0,NEUTRAL,program,sonic_drive_smooth.py,function,bc4a84a5f90dcb414fa9a95aff361c8d4412f04ffa11cdb071a0b8ad9fecc202,平滑操舵：Follow the Gap：目標が空き空間内 | target_deg=0.000 | gap_min_deg=-25.0 | gap_max_deg=60.0,,247.07874650504857,150.64235749850843,95.08849074330128,56.54438347705856,80.00596384094077,0,10.0,38.12793040723046,0
10.05,263.67918511246836,87.68446100561765,96.9450188360961,27.99993219057171,0.0,35.0,0.0,418,435,375,435,35.0,NEUTRAL,program,sonic_drive_smooth.py,function,bc4a84a5f90dcb414fa9a95aff361c8d4412f04ffa11cdb071a0b8ad9fecc202,平滑操舵：Follow the Gap：目標が空き空間内 | target_deg=0.000 | gap_min_deg=-25.0 | gap_max_deg=60.0,,250.0,148.7173715235871,93.9767484750198,48.642890203241954,75.71139911517191,0,10.05,36.964939483143226,0
10.1,265.0689099020318,87.5151777868116,96.9450188360961,27.999947472147166,0.0,35.0,0.0,418,435,375,435,35.0,NEUTRAL,program,sonic_drive_smooth.py,function,bc4a84a5f90dcb414fa9a95aff361c8d4412f04ffa11cdb071a0b8ad9fecc202,平滑操舵：Follow the Gap：目標が空き空間内 | target_deg=0.000 | gap_min_deg=-25.0 | gap_max_deg=60.0,,244.7505161354716,151.97715499626042,90.89369471763358,46.68811842399595,76.23260910245942,0,10.1,35.817803869121626,0
10.15,266.45219224529757,87.34816997601177,96.79861828003675,27.779105892796817,2.24,33.775,7.0,417,442,375,435,33.775,NEUTRAL,program,sonic_drive_smooth.py,function,bc4a84a5f90dcb414fa9a95aff361c8d4412f04ffa11cdb071a0b8ad9fecc202,平滑操舵：Follow the Gap：目標が空き空間内 | target_deg=5.585 | gap_min_deg=-25.0 | gap_max_deg=60.0,,250.0,150.28880051639675,91.66871719172798,47.41883967894962,76.00636749079183,0,10.15,34.69528607538815,0
10.2,267.71679167357587,87.20050804747954,96.49820893246522,23.945899937782052,4.48,13.46237164365941,14.0,391,449,375,435,13.46237164365941,NEUTRAL,program,sonic_drive_smooth.py,function,bc4a84a5f90dcb414fa9a95aff361c8d4412f04ffa11cdb071a0b8ad9fecc202,平滑操舵：安全制御優先：仕切り端：検出側から離れて通過 | target_deg=11.083,,250.0,149.2878102867307,93.84151892602681,41.91638143035424,78.41958853791294,0,10.2,33.693627630504565,0
10.25,268.81068176509825,87.07963830864716,96.09227037334506,20.742415204751644,6.72,12.163717093899274,21.0,390,457,375,435,12.163717093899274,NEUTRAL,program,sonic_drive_smooth.py,function,bc4a84a5f90dcb414fa9a95aff361c8d4412f04ffa11cdb071a0b8ad9fecc202,平滑操舵：安全制御優先：仕切り端：検出側から離れて通過 | target_deg=16.413,,249.24131531530986,152.24263613416034,93.45004202548088,39.030482430887275,75.53460767065239,0,10.25,32.85351925465662,0
10.3,269.7708784893716,86.98111620002898,95.60670616729271,18.362282091586078,8.96,12.726217093899274,28.0,390,464,375,435,12.726217093899274,NEUTRAL,program,sonic_drive_smooth.py,function,bc4a84a5f90dcb414fa9a95aff361c8d4412f04ffa11cdb071a0b8ad9fecc202,平滑操舵：安全制御優先：仕切り端：検出側から離れて通過 | target_deg=21.513,,250.0,148.7776008564545,93.58858719528779,40.58247043794538,75.70717387480424,0,10.3,32.142924153707526,0
10.35,270.6122864702511,86.90239657168924,95.06716497916665,15.944110443510363,11.2,9.540063678174517,35.0,386,471,375,435,9.540063678174517,NEUTRAL,program,sonic_drive_smooth.py,function,bc4a84a5f90dcb414fa9a95aff361c8d4412f04ffa11cdb071a0b8ad9fecc202,平滑操舵：安全制御優先：仕切り端：検出側から離れて通過 | target_deg=26.336,,250.0,147.85498911733484,90.67066205958062,33.20014150705448,75.63364095181356,0,10.35,31.546727179751088,0
10.4,271.3512761818764,86.84051851555957,94.49153805860357,14.102166166331696,13.44,9.713489520816017,42.0,387,479,375,435,9.713489520816017,NEUTRAL,program,sonic_drive_smooth.py,function,bc4a84a5f90dcb414fa9a95aff361c8d4412f04ffa11cdb071a0b8ad9fecc202,平滑操舵：安全制御優先：仕切り端：検出側から離れて通過 | target_deg=30.855,,248.4133860164884,146.12102175309818,91.84237272446052,33.58553226848004,78.1320509347285,0,10.4,31.04865473440161,0
10.45,271.9990692450319,86.7929440432544,93.8964570794002,12.262171031613727,15.68,7.421870415328394,49.0,384,486,375,435,7.421870415328394,NEUTRAL,program,sonic_drive_smooth.py,function,bc4a84a5f90dcb414fa9a95aff361c8d4412f04ffa11cdb071a0b8ad9fecc202,平滑操舵：安全制御優先：仕切り端：検出側から離れて通過 | target_deg=35.060,,249.60365587288484,139.76938908485153,95.41539396540216,28.49304536739643,73.40107595596342,0,10.45,30.636149540686063,0
10.5,272.5710628334212,86.75697219342604,93.28921817075042,10.938250642359039,17.92,7.984370415328394,56.0,384,493,375,435,7.984370415328394,NEUTRAL,program,sonic_drive_smooth.py,function,bc4a84a5f90dcb414fa9a95aff361c8d4412f04ffa11cdb071a0b8ad9fecc202,平滑操舵：安全制御優先：仕切り端：検出側から離れて通過 | target_deg=38.954,,250.0,136.93678918914026,92.56923723260385,34.35521600318013,77.1292937282991,0,10.5,30.294532647563607,0
10.55,273.0893611087576,86.72997816946264,92.66305946971107,10.014102068981808,20.16,8.546870415328394,63.0,385,501,375,435,8.546870415328394,NEUTRAL,program,sonic_drive_smooth.py,function,bc4a84a5f90dcb414fa9a95aff361c8d4412f04ffa11cdb071a0b8ad9fecc202,平滑操舵：安全制御優先：仕切り端：検出側から離れて通過 | target_deg=42.547,,248.73952030721557,140.4421461534078,92.39136988506075,32.71574336768727,76.21656041898775,0,10.55,30.006782252492123,0
10.6,273.57110437138454,86.71028591035052,92.00850613592155,9.399632483338202,22.4,9.109370415328396,70.0,386,508,375,435,9.109370415328396,NEUTRAL,program,sonic_drive_smooth.py,function,bc4a84a5f90dcb414fa9a95aff361c8d4412f04ffa11cdb071a0b8ad9fecc202,平滑操舵：安全制御優先：仕切り端：検出側から離れて通過 | target_deg=45.859,,249.26543370538474,139.2538716929993,92.57432193543265,104.16894095429791,74.10204583564673,0,10.6,29.761098521170958,0
10.65,274.0295719076764,86.69675959996337,91.37134385621505,9.025052433762141,22.4,9.671870415328396,70.0,387,508,375,435,9.671870415328396,NEUTRAL,program,sonic_drive_smooth.py,function,bc4a84a5f90dcb414fa9a95aff361c8d4412f04ffa11cdb071a0b8ad9fecc202,平滑操舵：安全制御優先：仕切り端：検出側から離れて通過 | target_deg=45.859,,249.0779615400452,140.82056558651365,88.95908676471684,106.12146872901744,75.038953431759,0,10.65,29.54421577489964,0
10.7,274.4750456009977,86.6885026065848,90.75240312224975,8.836300263358176,22.4,10.234370415328396,70.0,387,508,375,435,10.234370415328396,NEUTRAL,program,sonic_drive_smooth.py,function,bc4a84a5f90dcb414fa9a95aff361c8d4412f04ffa11cdb071a0b8ad9fecc202,平滑操舵：安全制御優先：仕切り端：検出側から離れて通過 | target_deg=45.859,,250.0,133.4538242994257,94.66280672936944,103.25322013528225,75.99220080976254,0,10.7,29.34853618099532,0
10.75,274.91549217131194,86.6850704262093,90.14053365159651,8.791497684268931,22.4,10.796870415328396,70.0,388,508,375,435,10.796870415328396,NEUTRAL,program,sonic_drive_smooth.py,function,bc4a84a5f90dcb414fa9a95aff361c8d4412f04ffa11cdb071a0b8ad9fecc202,平滑操舵：安全制御優先：仕切り端：検出側から離れて通過 | target_deg=45.859,,249.93440176219127,131.93355403557854,89.49339537408024,108.19659631166054,78.17538962881049,0,10.75,29.169916914249814,0
10.8,275.3570776786129,86.68635123135931,89.52709799649574,8.858204125957366,22.4,11.359370415328396,70.0,389,508,375,435,11.359370415328396,NEUTRAL,program,sonic_drive_smooth.py,function,bc4a84a5f90dcb414fa9a95aff361c8d4412f04ffa11cdb071a0b8ad9fecc202,平滑操舵：安全制御優先：仕切り端：検出側から離れて通過 | target_deg=45.859,,246.99617917122097,134.19468634005733,94.53505656695748,106.67484574336699,76.89280522872441,0,10.8,29.005910242696547,0
10.85,275.8045670620457,86.69247281583793,88.9054052498534,9.01128984528899,22.4,11.921870415328396,70.0,389,508,375,435,11.921870415328396,NEUTRAL,program,sonic_drive_smooth.py,function,bc4a84a5f90dcb414fa9a95aff361c8d4412f04ffa11cdb071a0b8ad9fecc202,平滑操舵：安全制御優先：仕切り端：検出側から離れて通過 | target_deg=45.859,,249.90516454602886,130.17208764831608,96.25182222995282,108.31999048033717,74.108059055954,0,10.85,28.855352814383036,0
10.9,276.26163435997864,86.70374037225626,88.27027237161099,9.23128835386513,22.4,12.484370415328396,70.0,390,508,375,435,12.484370415328396,NEUTRAL,program,sonic_drive_smooth.py,function,bc4a84a5f90dcb414fa9a95aff361c8d4412f04ffa11cdb071a0b8ad9fecc202,平滑操舵：安全制御優先：仕切り端：検出側から離れて通過 | target_deg=45.859,,248.19707675826558,128.92390767968868,92.14512483321649,107.32251248905607,73.09754726120127,0,10.9,28.71807124108572,0
10.95,276.73110318831567,86.7205941893094,87.61768437488121,9.503120143369774,22.4,13.046870415328396,70.0,391,508,375,435,13.046870415328396,NEUTRAL,program,sonic_drive_smooth.py,function,bc4a84a5f90dcb414fa9a95aff361c8d4412f04ffa11cdb071a0b8ad9fecc202,平滑操舵：安全制御優先：仕切り端：検出側から離れて通過 | target_deg=45.859,,248.8255317721162,126.18504410932073,91.45999139817286,109.22573307066455,77.47593901774056,0,10.95,28.594667666754177,0
11.0,277.21513289116433,86.743580408296,86.94453109274968,9.81510403297587,22.4,13.609370415328396,70.0,392,508,375,435,13.609370415328396,NEUTRAL,program,sonic_drive_smooth.py,function,bc4a84a5f90dcb414fa9a95aff361c8d4412f04ffa11cdb071a0b8ad9fecc202,平滑操舵：安全制御優先：仕切り端：検出側から離れて通過 | target_deg=45.859,,247.2485786540022,125.95721457245975,90.23985439529277,112.39989772886038,72.79022209994596,0,11.0,28.48636058042508,0
11.05,277.7144286559208,86.77326925344536,86.24970321468976,10.127205060108892,22.4,14.0,70.0,392,508,375,435,14.0,NEUTRAL,program,sonic_drive_smooth.py,function,bc4a84a5f90dcb414fa9a95aff361c8d4412f04ffa11cdb071a0b8ad9fecc202,平滑操舵：安全制御優先：仕切り端：検出側から離れて通過 | target_deg=45.859,,250.0,126.4313336615075,91.26675338055212,114.27920326235393,76.94770830490901,0,11.05,28.39501509681028,0
11.1,278.22676789299044,86.81005777034343,85.5361482510367,10.36897080325174,22.4,14.0,70.0,392,508,375,435,14.0,NEUTRAL,program,sonic_drive_smooth.py,function,bc4a84a5f90dcb414fa9a95aff361c8d4412f04ffa11cdb071a0b8ad9fecc202,平滑操舵：安全制御優先：仕切り端：検出側から離れて通過 | target_deg=45.859,,249.7433082192448,121.38402549184308,92.15512802455306,117.29040470035513,76.51756022084801,0,11.1,28.323033234006505,0
11.15,278.7544532124766,86.85441317901655,84.86492808011349,10.73654057001402,20.16,15.0,63.0,393,501,375,435,15.0,NEUTRAL,program,sonic_drive_smooth.py,function,bc4a84a5f90dcb414fa9a95aff361c8d4412f04ffa11cdb071a0b8ad9fecc202,平滑操舵：安全制御優先：右壁追従 | target_deg=42.547,,250.0,124.7309760949113,93.88778091404497,118.61288118618845,76.46293546771196,0,11.15,28.260587464817124,0
11.2,279.30283230773364,86.90672063721094,84.24842458579417,11.201563086419922,17.92,16.0,56.0,395,493,375,435,16.0,NEUTRAL,program,sonic_drive_smooth.py,function,bc4a84a5f90dcb414fa9a95aff361c8d4412f04ffa11cdb071a0b8ad9fecc202,平滑操舵：安全制御優先：右壁追従 | target_deg=38.954,,250.0,115.93934554942751,95.34501375974398,119.13244018669216,76.12311794275016,0,11.2,28.203760276872096,0
11.25,279.8760341212259,86.96735039115666,83.68666867155719,11.742076339448303,15.68,17.0,49.0,396,486,375,435,17.0,NEUTRAL,program,sonic_drive_smooth.py,function,bc4a84a5f90dcb414fa9a95aff361c8d4412f04ffa11cdb071a0b8ad9fecc202,平滑操舵：安全制御優先：右壁追従 | target_deg=35.060,,250.0,119.60972555730882,93.32137825938301,122.48580901295587,76.39670784760095,0,11.25,28.151550276066292,0
11.3,280.4772498146294,87.03660636879789,83.18236521475814,12.341067689160921,13.44,18.0,42.0,397,479,375,435,18.0,NEUTRAL,program,sonic_drive_smooth.py,function,bc4a84a5f90dcb414fa9a95aff361c8d4412f04ffa11cdb071a0b8ad9fecc202,平滑操舵：安全制御優先：右壁追従 | target_deg=30.855,,250.0,120.26831286319401,90.69591327643492,124.42700909651495,75.97339243678877,0,11.3,28.103131318372384,0
11.35,281.1089542828555,87.11466862719494,82.7401704725159,12.985358474868084,11.2,19.0,35.0,398,471,375,435,19.0,NEUTRAL,program,sonic_drive_smooth.py,function,bc4a84a5f90dcb414fa9a95aff361c8d4412f04ffa11cdb071a0b8ad9fecc202,平滑操舵：安全制御優先：右壁追従 | target_deg=26.336,,250.0,118.91043576380314,92.27434886216899,123.33858307721258,78.94607175811902,0,11.35,28.057701185187938,0
11.4,281.77307997206196,87.20154662072265,82.3661846806221,13.66473998715112,8.96,20.0,28.0,400,464,375,435,20.0,NEUTRAL,program,sonic_drive_smooth.py,function,bc4a84a5f90dcb414fa9a95aff361c8d4412f04ffa11cdb071a0b8ad9fecc202,平滑操舵：Follow the Gap：目標が空き空間内 | target_deg=21.513 | gap_min_deg=-60.0 | gap_max_deg=60.0,,247.52265309213365,110.10890239886085,93.12014378962385,125.04817287227216,75.86547258380197,0,11.4,28.01436979468939,0
11.45,282.4711532887294,87.29703902793415,82.0676004148242,14.371304157773894,6.72,21.0,21.0,401,457,375,435,21.0,NEUTRAL,program,sonic_drive_smooth.py,function,bc4a84a5f90dcb414fa9a95aff361c8d4412f04ffa11cdb071a0b8ad9fecc202,平滑操舵：Follow the Gap：目標が空き空間内 | target_deg=16.413 | gap_min_deg=-60.0 | gap_max_deg=60.0,,250.0,113.72217450131716,92.98944439217168,127.41637403474932,73.18013679765849,0,11.45,27.972073790630976,0
11.5,283.204401427167,87.40069739228426,81.8524640916923,15.098925085737307,4.48,22.0,14.0,402,449,375,435,22.0,NEUTRAL,program,sonic_drive_smooth.py,function,bc4a84a5f90dcb414fa9a95aff361c8d4412f04ffa11cdb071a0b8ad9fecc202,平滑操舵：Follow the Gap：目標が空き空間内 | target_deg=11.083 | gap_min_deg=-60.0 | gap_max_deg=60.0,,250.0,112.29182591371493,91.2474974752322,126.69971325005137,78.06039704038714,0,11.5,27.92950928193663,0
11.55,283.97383548992485,87.51179169276286,81.72952007592187,15.842857406948612,2.24,23.0,7.0,403,442,375,435,23.0,NEUTRAL,program,sonic_drive_smooth.py,function,bc4a84a5f90dcb414fa9a95aff361c8d4412f04ffa11cdb071a0b8ad9fecc202,平滑操舵：Follow the Gap：目標が空き空間内 | target_deg=5.585 | gap_min_deg=-60.0 | gap_max_deg=60.0,,247.99140070955477,108.87125249789301,92.1155992760126,131.92611197318294,79.78477473455385,0,11.55,27.88507729522162,0
11.6,284.7803142205455,87.62927646028194,81.70811558622461,16.59942517555495,0.0,24.0,0.0,405,435,375,435,24.0,NEUTRAL,program,sonic_drive_smooth.py,function,bc4a84a5f90dcb414fa9a95aff361c8d4412f04ffa11cdb071a0b8ad9fecc202,平滑操舵：Follow the Gap：目標が空き空間内 | target_deg=0.000 | gap_min_deg=-60.0 | gap_max_deg=60.0,,250.0,113.66467523109078,90.75137178236658,134.57437345605706,82.71901007048513,0,11.6,27.836838114746993,0
11.65,285.62451110834616,87.75230934995176,81.70811558622461,17.365780859175413,0.0,25.0,0.0,406,435,375,435,25.0,NEUTRAL,program,sonic_drive_smooth.py,function,bc4a84a5f90dcb414fa9a95aff361c8d4412f04ffa11cdb071a0b8ad9fecc202,平滑操舵：Follow the Gap：目標が空き空間内 | target_deg=0.000 | gap_min_deg=-60.0 | gap_max_deg=60.0,,250.0,109.7387222486115,91.49202704971243,133.07950129127414,78.44364277069937,0,11.65,27.804634441344476,0
11.7,286.5068518003435,87.88090130116416,81.70811558622461,18.139718647119427,0.0,26.0,0.0,407,435,375,435,26.0,NEUTRAL,program,sonic_drive_smooth.py,function,bc4a84a5f90dcb414fa9a95aff361c8d4412f04ffa11cdb071a0b8ad9fecc202,平滑操舵：Follow the Gap：目標が空き空間内 | target_deg=0.000 | gap_min_deg=-60.0 | gap_max_deg=60.0,,249.18472295699726,109.80760361267542,91.79810583186023,132.65533549156137,76.34189465972196,0,11.7,27.796127560933833,0
11.75,287.4276603752316,88.01509954500797,81.70811558622461,18.919529831582537,0.0,27.0,0.0,408,435,375,435,27.0,NEUTRAL,program,sonic_drive_smooth.py,function,bc4a84a5f90dcb414fa9a95aff361c8d4412f04ffa11cdb071a0b8ad9fecc202,平滑操舵：Follow the Gap：目標が空き空間内 | target_deg=0.000 | gap_min_deg=-60.0 | gap_max_deg=60.0,,249.862221305836,109.45495678051377,90.34946487756824,131.16592586784856,70.10953300581838,0,11.75,27.796127560933854,0
11.8,288.3871878771259,88.15494066854407,81.70811558622461,19.703890780226992,0.0,28.0,0.0,410,435,375,435,28.0,NEUTRAL,program,sonic_drive_smooth.py,function,bc4a84a5f90dcb414fa9a95aff361c8d4412f04ffa11cdb071a0b8ad9fecc202,平滑操舵：Follow the Gap：目標が空き空間内 | target_deg=0.000 | gap_min_deg=-60.0 | gap_max_deg=60.0,,250.0,110.35859594511587,90.40233608060137,129.20218193131083,65.87454441727114,0,11.8,27.79612756093385,0
11.85,289.3856287746817,88.30045301355032,81.70811558622461,20.491776155332122,0.0,29.0,0.0,411,435,375,435,29.0,NEUTRAL,program,sonic_drive_smooth.py,function,bc4a84a5f90dcb414fa9a95aff361c8d4412f04ffa11cdb071a0b8ad9fecc202,平滑操舵：Follow the Gap：目標が空き空間内 | target_deg=0.000 | gap_min_deg=-60.0 | gap_max_deg=60.0,,247.90012241279496,109.23000567360428,88.94459827471569,131.6628094343465,58.77071920782082,0,11.85,27.796127560933876,0
11.9,290.42313371097606,88.45165853468362,81.70811558622461,21.282391689931572,0.0,30.0,0.0,412,435,375,435,30.0,NEUTRAL,program,sonic_drive_smooth.py,function,bc4a84a5f90dcb414fa9a95aff361c8d4412f04ffa11cdb071a0b8ad9fecc202,平滑操舵：Follow the Gap：目標が空き空間内 | target_deg=0.000 | gap_min_deg=-60.0 | gap_max_deg=60.0,,250.0,114.90418438285036,88.58583168388631,132.27231516030645,53.94698235522227,0,11.9,27.79612756093387,0
11.95,291.49981938006704,88.60857423888558,81.70811558622461,22.075122113562657,0.0,31.0,0.0,413,435,375,435,31.0,NEUTRAL,program,sonic_drive_smooth.py,function,bc4a84a5f90dcb414fa9a95aff361c8d4412f04ffa11cdb071a0b8ad9fecc202,平滑操舵：Follow the Gap：目標が空き空間内 | target_deg=0.000 | gap_min_deg=-60.0 | gap_max_deg=60.0,,249.36047083672244,109.3758449895808,88.02580207723265,133.90616342163784,45.77206366426765,0,11.95,27.796127560933854,0
12.0,292.6157054867321,88.77169735885198,81.6573314544662,22.86949081350155,0.7849057127382127,32.0,2.452830352306915,415,437,375,435,32.0,NEUTRAL,program,sonic_drive_smooth.py,function,bc4a84a5f90dcb414fa9a95aff361c8d4412f04ffa11cdb071a0b8ad9fecc202,平滑操舵：安全制御優先：右壁追従 | target_deg=1.962,,250.0,113.95714840141495,89.13754534432144,132.62538102273862,24.34233424676205,0,12.0,27.803384054501702,0
12.05,293.7707660636012,88.94169042005737,81.59815478014127,23.665128586767977,0.8616062120561514,33.0,2.6925194126754732,416,437,375,435,33.0,NEUTRAL,program,sonic_drive_smooth.py,function,bc4a84a5f90dcb414fa9a95aff361c8d4412f04ffa11cdb071a0b8ad9fecc202,平滑操舵：Follow the Gap：目標が空き空間内 | target_deg=2.153 | gap_min_deg=-50.0 | gap_max_deg=60.0,,250.0,111.97220230875901,88.66338046130258,133.48506830048265,29.2917672987265,0,12.05,27.810626854171502,0
12.1,294.96502075050137,89.118787835301,81.53187129020256,24.461749434197774,0.9332446752118926,34.0,2.9163896100371645,417,438,375,435,34.0,NEUTRAL,program,sonic_drive_smooth.py,function,bc4a84a5f90dcb414fa9a95aff361c8d4412f04ffa11cdb071a0b8ad9fecc202,平滑操舵：安全制御優先：右壁追従 | target_deg=2.332,,249.06656375532123,109.84308313667854,87.91601087944736,133.36419185797104,24.431380447662452,0,12.1,27.817314748223975,0
12.15,296.19568575914366,89.30277493029007,81.46239284570925,25.165553431045726,0.9491162541357748,34.4809520485195,2.9659882941742963,418,438,375,435,34.4809520485195,NEUTRAL,program,sonic_drive_smooth.py,function,bc4a84a5f90dcb414fa9a95aff361c8d4412f04ffa11cdb071a0b8ad9fecc202,平滑操舵：Follow the Gap：目標が空き空間内 | target_deg=2.372 | gap_min_deg=-55.0 | gap_max_deg=60.0,,250.0,107.06567236416038,92.53849980121441,134.85028080324776,32.07623083521909,0,12.15,27.822780612525627,0
12.2,297.45908649074795,89.49251172022151,81.45889215165096,25.8043260945442,0.0,35.0,0.0,418,435,375,435,35.0,NEUTRAL,program,sonic_drive_smooth.py,function,bc4a84a5f90dcb414fa9a95aff361c8d4412f04ffa11cdb071a0b8ad9fecc202,平滑操舵：Follow the Gap：目標が空き空間内 | target_deg=0.000 | gap_min_deg=-60.0 | gap_max_deg=60.0,,247.92758831275148,109.80784192527753,88.87889611973111,136.1598128483245,80.17458268757484,0,12.2,27.823009992459042,0
12.25,298.74977149120286,89.68635269524587,81.45889215165096,26.299144548391272,0.0,35.0,0.0,418,435,375,435,35.0,NEUTRAL,program,sonic_drive_smooth.py,function,bc4a84a5f90dcb414fa9a95aff361c8d4412f04ffa11cdb071a0b8ad9fecc202,平滑操舵：Follow the Gap：目標が空き空間内 | target_deg=0.000 | gap_min_deg=-60.0 | gap_max_deg=60.0,,250.0,106.9656024770525,91.20531954861285,136.50478042304943,82.2271220003553,0,12.25,27.823009992459056,0
12.3,300.06159270095367,89.88336800282757,81.45889215165096,26.682450403915247,0.0,35.0,0.0,418,435,375,435,35.0,NEUTRAL,program,sonic_drive_smooth.py,function,bc4a84a5f90dcb414fa9a95aff361c8d4412f04ffa11cdb071a0b8ad9fecc202,平滑操舵：Follow the Gap：目標が空き空間内 | target_deg=0.000 | gap_min_deg=-60.0 | gap_max_deg=60.0,,250.0,109.94088498501442,94.76381112218849,135.84063146333534,80.72659579170228,0,12.3,27.823009992459045,0
12.35,301.3897868505648,90.08284227338277,81.45889215165096,26.9793742104885,0.0,35.0,0.0,418,435,375,435,35.0,NEUTRAL,program,sonic_drive_smooth.py,function,bc4a84a5f90dcb414fa9a95aff361c8d4412f04ffa11cdb071a0b8ad9fecc202,平滑操舵：Follow the Gap：目標が空き空間内 | target_deg=0.000 | gap_min_deg=-60.0 | gap_max_deg=60.0,,248.28319140854146,109.9402656036943,88.93833466998252,135.9154102492498,81.3187745172404,0,12.35,27.823009992459067,0
12.4,302.7306641240001,90.28422135346742,81.45889215165096,27.209383081053318,0.0,35.0,0.0,418,435,375,435,35.0,NEUTRAL,program,sonic_drive_smooth.py,function,bc4a84a5f90dcb414fa9a95aff361c8d4412f04ffa11cdb071a0b8ad9fecc202,平滑操舵：Follow the Gap：目標が空き空間内 | target_deg=0.000 | gap_min_deg=-60.0 | gap_max_deg=60.0,,250.0,108.28067247681827,91.72174288253949,134.19395370284764,81.45050125176748,0,12.4,27.823009992459053,0
12.45,304.08136624448855,90.48707597400663,81.45889215165096,27.387557007721774,0.0,35.0,0.0,418,435,375,435,35.0,NEUTRAL,program,sonic_drive_smooth.py,function,bc4a84a5f90dcb414fa9a95aff361c8d4412f04ffa11cdb071a0b8ad9fecc202,平滑操舵：Follow the Gap：目標が空き空間内 | target_deg=0.000 | gap_min_deg=-60.0 | gap_max_deg=60.0,,245.78441717484634,110.388630949657,88.18006712643597,136.16607968385756,79.20112545331652,0,12.45,27.823009992459053,0
12.5,305.4396790783121,90.69107360627449,81.45889215165096,27.525577546088414,0.0,35.0,0.0,418,435,375,435,35.0,NEUTRAL,program,sonic_drive_smooth.py,function,bc4a84a5f90dcb414fa9a95aff361c8d4412f04ffa11cdb071a0b8ad9fecc202,平滑操舵：Follow the Gap：目標が空き空間内 | target_deg=0.000 | gap_min_deg=-60.0 | gap_max_deg=60.0,,248.83285710432418,109.39570177829965,91.14377727054382,133.3414487994439,80.91382122745267,0,12.5,27.823009992459053,0
12.55,306.80388747032134,90.89595666042811,81.45889215165096,27.632493689023644,0.0,35.0,0.0,418,435,375,435,35.0,NEUTRAL,program,sonic_drive_smooth.py,function,bc4a84a5f90dcb414fa9a95aff361c8d4412f04ffa11cdb071a0b8ad9fecc202,平滑操舵：Follow the Gap：目標が空き空間内 | target_deg=0.000 | gap_min_deg=-60.0 | gap_max_deg=60.0,,250.0,105.59577638593323,88.21894008658877,136.69607466856286,84.13891388581631,0,12.55,27.823009992459063,0
12.6,308.1726627938114,91.10152559723383,81.45889215165096,27.715315142666878,0.0,35.0,0.0,418,435,375,435,35.0,NEUTRAL,program,sonic_drive_smooth.py,function,bc4a84a5f90dcb414fa9a95aff361c8d4412f04ffa11cdb071a0b8ad9fecc202,平滑操舵：Follow the Gap：目標が空き空間内 | target_deg=0.000 | gap_min_deg=-60.0 | gap_max_deg=60.0,,250.0,107.80194610762565,87.61295935442597,137.0676347752881,78.79598265618816,0,12.6,27.82300999245908,0
12.65,309.54497584222827,91.30762584574528,81.45889215165096,27.77947190136826,0.0,35.0,0.0,418,435,375,435,35.0,NEUTRAL,program,sonic_drive_smooth.py,function,bc4a84a5f90dcb414fa9a95aff361c8d4412f04ffa11cdb071a0b8ad9fecc202,平滑操舵：Follow the Gap：目標が空き空間内 | target_deg=0.000 | gap_min_deg=-60.0 | gap_max_deg=60.0,,250.0,107.5439849107119,87.30220456958442,135.49783178721353,85.95487925075702,0,12.65,27.823009992459077,0
12.7,310.9200293516548,91.51413766922192,81.45889215165096,27.82917025253218,0.0,35.0,0.0,418,435,375,435,35.0,NEUTRAL,program,sonic_drive_smooth.py,function,bc4a84a5f90dcb414fa9a95aff361c8d4412f04ffa11cdb071a0b8ad9fecc202,平滑操舵：Follow the Gap：目標が空き空間内 | target_deg=0.000 | gap_min_deg=-60.0 | gap_max_deg=60.0,,250.0,105.83357298934918,86.95666217811144,129.7881071071395,80.22117617431832,0,12.7,27.823009992459085,0
12.75,312.29720573007233,91.72096831487046,81.45889215165096,27.867668551985062,0.0,35.0,0.0,418,435,375,435,35.0,NEUTRAL,program,sonic_drive_smooth.py,function,bc4a84a5f90dcb414fa9a95aff361c8d4412f04ffa11cdb071a0b8ad9fecc202,平滑操舵：Follow the Gap：目標が空き空間内 | target_deg=0.000 | gap_min_deg=-60.0 | gap_max_deg=60.0,,250.0,106.31470564483611,85.61279654355924,127.17436151679115,82.40311445499877,0,12.75,27.823009992459102,0
12.8,313.6760265663885,91.92804593272548,81.45889215165096,27.897490850432657,0.0,35.0,0.0,418,435,375,435,35.0,NEUTRAL,program,sonic_drive_smooth.py,function,bc4a84a5f90dcb414fa9a95aff361c8d4412f04ffa11cdb071a0b8ad9fecc202,平滑操舵：Follow the Gap：目標が空き空間内 | target_deg=0.000 | gap_min_deg=-60.0 | gap_max_deg=60.0,,249.7964683636835,106.99580407057692,85.21876401982186,129.93763564204232,84.58585168882082,0,12.8,27.823009992459102,0
12.85,315.0561212645358,92.13531486497502,81.45889215165096,27.92059237692439,0.0,35.0,0.0,418,435,375,435,35.0,NEUTRAL,program,sonic_drive_smooth.py,function,bc4a84a5f90dcb414fa9a95aff361c8d4412f04ffa11cdb071a0b8ad9fecc202,平滑操舵：Follow the Gap：目標が空き空間内 | target_deg=0.000 | gap_min_deg=-60.0 | gap_max_deg=60.0,,249.2488220782461,106.60136283755217,86.25001529659868,123.43720061013919,79.95061399390178,0,12.85,27.847284995891386,0
12.9,316.4372027462098,92.34273199688667,81.45889215165096,27.93848772885999,0.0,35.0,0.0,418,435,375,435,35.0,NEUTRAL,program,sonic_drive_smooth.py,function,bc4a84a5f90dcb414fa9a95aff361c8d4412f04ffa11cdb071a0b8ad9fecc202,平滑操舵：Follow the Gap：目標が空き空間内 | target_deg=0.000 | gap_min_deg=-60.0 | gap_max_deg=60.0,,250.0,101.1469046312556,90.09286404853617,121.74263449453377,84.6316958145913,0,12.9,27.935141005220785,0
12.95,317.81904862925353,92.55026393009125,81.45889215165096,27.952350173015514,0.0,35.0,0.0,418,435,375,435,35.0,NEUTRAL,program,sonic_drive_smooth.py,function,bc4a84a5f90dcb414fa9a95aff361c8d4412f04ffa11cdb071a0b8ad9fecc202,平滑操舵：Follow the Gap：目標が空き空間内 | target_deg=0.000 | gap_min_deg=-60.0 | gap_max_deg=60.0,,250.0,106.11824465306995,83.50837450353457,120.44164024265103,79.62121381797512,0,12.95,28.08667880009311,0
13.0,319.2014866476931,92.75788479289713,81.45889215165096,27.963088568027615,0.0,35.0,0.0,418,435,375,435,35.0,NEUTRAL,program,sonic_drive_smooth.py,function,bc4a84a5f90dcb414fa9a95aff361c8d4412f04ffa11cdb071a0b8ad9fecc202,平滑操舵：Follow the Gap：目標が空き空間内 | target_deg=0.000 | gap_min_deg=-60.0 | gap_max_deg=60.0,,250.0,110.03136264343114,88.26958808563957,119.8128428151697,82.16546272961685,0,13.0,28.30103310048916,0
13.05,320.5843833575229,92.96557454407335,81.45889215165096,27.97140695157832,0.0,35.0,0.0,418,435,375,435,35.0,NEUTRAL,program,sonic_drive_smooth.py,function,bc4a84a5f90dcb414fa9a95aff361c8d4412f04ffa11cdb071a0b8ad9fecc202,平滑操舵：Follow the Gap：目標が空き空間内 | target_deg=0.000 | gap_min_deg=-60.0 | gap_max_deg=60.0,,250.0,104.49183449137637,86.25636817438539,119.7514803003322,82.27283184954578,0,13.05,28.57695535599942,0
13.1,321.96763538776224,93.17331765889338,81.45889215165096,27.97785069897434,0.0,35.0,0.0,418,435,375,435,35.0,NEUTRAL,program,sonic_drive_smooth.py,function,bc4a84a5f90dcb414fa9a95aff361c8d4412f04ffa11cdb071a0b8ad9fecc202,平滑操舵：Follow the Gap：目標が空き空間内 | target_deg=0.000 | gap_min_deg=-60.0 | gap_max_deg=60.0,,247.62366075606113,102.51431661885034,88.04913215492465,116.76550366401773,80.79818034017534,0,13.1,28.91285786702412,0
13.15,323.3511626631801,93.38110211129289,81.45889215165096,27.982842279399872,0.0,35.0,0.0,418,435,375,435,35.0,NEUTRAL,program,sonic_drive_smooth.py,function,bc4a84a5f90dcb414fa9a95aff361c8d4412f04ffa11cdb071a0b8ad9fecc202,平滑操舵：Follow the Gap：目標が空き空間内 | target_deg=0.000 | gap_min_deg=-60.0 | gap_max_deg=60.0,,246.9474220484873,103.97666293276079,84.30103033561966,115.37450044377094,87.06272136842773,0,13.15,29.306863349353783,0
13.2,324.7349031543496,93.58891858540889,81.45889215165096,27.986708954117734,0.0,35.0,0.0,418,435,375,435,35.0,NEUTRAL,program,sonic_drive_smooth.py,function,bc4a84a5f90dcb414fa9a95aff361c8d4412f04ffa11cdb071a0b8ad9fecc202,平滑操舵：Follow the Gap：目標が空き空間内 | target_deg=0.000 | gap_min_deg=-60.0 | gap_max_deg=60.0,,248.70253637035583,102.66163731309373,85.72389102400034,112.79126245608059,80.48200717794049,0,13.2,29.75685757745928,0
13.25,326.1188088108347,93.79675986480723,81.45889215165096,27.989704232586515,0.0,35.0,0.0,418,435,375,435,35.0,NEUTRAL,program,sonic_drive_smooth.py,function,bc4a84a5f90dcb414fa9a95aff361c8d4412f04ffa11cdb071a0b8ad9fecc202,平滑操舵：Follow the Gap：目標が空き空間内 | target_deg=0.000 | gap_min_deg=-60.0 | gap_max_deg=60.0,,248.0067295684867,102.52055849277359,86.12931831140261,111.68419256940034,82.26764041238891,0,13.25,30.260542706247335,0
13.3,327.5028424108759,94.00462035935382,81.45889215165096,27.992024493213584,0.0,35.0,0.0,418,435,375,435,35.0,NEUTRAL,program,sonic_drive_smooth.py,function,bc4a84a5f90dcb414fa9a95aff361c8d4412f04ffa11cdb071a0b8ad9fecc202,平滑操舵：Follow the Gap：目標が空き空間内 | target_deg=0.000 | gap_min_deg=-60.0 | gap_max_deg=60.0,,250.0,105.26784652531133,85.06384580183996,111.29354738059862,85.99008591147727,0,13.3,30.815489078933453,0
13.35,328.88697512103295,94.2124957387108,81.45889215165096,27.993821858444775,0.0,35.0,0.0,418,435,375,435,35.0,NEUTRAL,program,sonic_drive_smooth.py,function,bc4a84a5f90dcb414fa9a95aff361c8d4412f04ffa11cdb071a0b8ad9fecc202,平滑操舵：Follow the Gap：目標が空き空間内 | target_deg=0.000 | gap_min_deg=-60.0 | gap_max_deg=60.0,,250.0,105.75183827094214,84.63668816638761,111.11244549555967,85.60528439940275,0,13.35,31.419183706968667,0
13.4,330.27118460578765,94.42038264842789,81.45889215165096,27.995214168315748,0.0,35.0,0.0,418,435,375,435,35.0,NEUTRAL,program,sonic_drive_smooth.py,function,bc4a84a5f90dcb414fa9a95aff361c8d4412f04ffa11cdb071a0b8ad9fecc202,平滑操舵：Follow the Gap：目標が空き空間内 | target_deg=0.000 | gap_min_deg=-60.0 | gap_max_deg=60.0,,249.33523670694692,100.80646774961349,84.48659958265677,106.91185042323696,85.28701483234502,0,13.4,32.069074077486334,0
13.45,331.65545356316835,94.62827849001589,81.45889215165096,27.996292706357526,0.0,35.0,0.0,418,435,375,435,35.0,NEUTRAL,program,sonic_drive_smooth.py,function,bc4a84a5f90dcb414fa9a95aff361c8d4412f04ffa11cdb071a0b8ad9fecc202,平滑操舵：Follow the Gap：目標が空き空間内 | target_deg=0.000 | gap_min_deg=-60.0 | gap_max_deg=60.0,,248.3465747309244,101.84892063381035,81.6885934414486,103.40506394712934,83.44922604285219,0,13.45,32.76260643290879,0
13.5,333.0397685903865,94.83618125058277,81.45889215165096,27.997128184387105,0.0,35.0,0.0,418,435,375,435,35.0,NEUTRAL,program,sonic_drive_smooth.py,function,bc4a84a5f90dcb414fa9a95aff361c8d4412f04ffa11cdb071a0b8ad9fecc202,平滑操舵：Follow the Gap：目標が空き空間内 | target_deg=0.000 | gap_min_deg=-60.0 | gap_max_deg=60.0,,249.7431314072189,101.94993337426507,79.67788445695456,104.61247125367926,86.95433471757828,0,13.5,33.497258120817655,0
13.55,334.42411930511463,95.04408937086306,81.45889215165096,27.997775378561876,0.0,35.0,0.0,418,435,375,435,35.0,NEUTRAL,program,sonic_drive_smooth.py,function,bc4a84a5f90dcb414fa9a95aff361c8d4412f04ffa11cdb071a0b8ad9fecc202,平滑操舵：Follow the Gap：目標が空き空間内 | target_deg=0.000 | gap_min_deg=-60.0 | gap_max_deg=60.0,,250.0,103.3603200552931,84.43541301351833,105.73624059292288,86.37307950082474,0,13.55,34.27056399427544,0
13.6,335.808497664793,95.2520016429884,81.45889215165096,27.998276720649915,0.0,35.0,0.0,418,435,375,435,35.0,NEUTRAL,program,sonic_drive_smooth.py,function,bc4a84a5f90dcb414fa9a95aff361c8d4412f04ffa11cdb071a0b8ad9fecc202,平滑操舵：Follow the Gap：目標が空き空間内 | target_deg=0.000 | gap_min_deg=-60.0 | gap_max_deg=60.0,,247.75103278374584,98.86658126571805,81.90646638852607,100.76016924833684,88.93236020766022,0,13.6,35.080137136528435,0
13.65,337.1928974393382,95.45991713129635,81.45889215165096,27.99866507996932,0.0,35.0,0.0,418,435,375,435,35.0,NEUTRAL,program,sonic_drive_smooth.py,function,bc4a84a5f90dcb414fa9a95aff361c8d4412f04ffa11cdb071a0b8ad9fecc202,平滑操舵：Follow the Gap：目標が空き空間内 | target_deg=0.000 | gap_min_deg=-60.0 | gap_max_deg=60.0,,249.93933886290418,100.26882754058437,84.65715820030077,100.32459425789713,87.54000037979347,0,13.65,35.92368438751947,0
13.7,338.5773138026824,95.66783511098599,81.45889215165096,27.99896591838797,0.0,35.0,0.0,418,435,375,435,35.0,NEUTRAL,program,sonic_drive_smooth.py,function,bc4a84a5f90dcb414fa9a95aff361c8d4412f04ffa11cdb071a0b8ad9fecc202,平滑操舵：Follow the Gap：目標が空き空間内 | target_deg=0.000 | gap_min_deg=-60.0 | gap_max_deg=60.0,,250.0,102.82850241732069,81.05273428464332,96.51045115253152,86.22367889873746,0,13.7,36.79901727128128,0
13.75,339.9617430163634,95.87575502059796,81.45889215165096,27.999198959671173,0.0,35.0,0.0,418,435,375,435,35.0,NEUTRAL,program,sonic_drive_smooth.py,function,bc4a84a5f90dcb414fa9a95aff361c8d4412f04ffa11cdb071a0b8ad9fecc202,平滑操舵：Follow the Gap：目標が空き空間内 | target_deg=0.000 | gap_min_deg=-60.0 | gap_max_deg=60.0,,248.78739545479056,102.93343784597417,84.37397890419489,95.91268842252042,85.13337601526726,0,13.75,37.70405897717459,0
13.8,341.3461821844212,96.08367642520378,81.45889215165096,27.999379482624054,0.0,35.0,0.0,418,435,375,435,35.0,NEUTRAL,program,sonic_drive_smooth.py,function,bc4a84a5f90dcb414fa9a95aff361c8d4412f04ffa11cdb071a0b8ad9fecc202,平滑操舵：Follow the Gap：目標が空き空間内 | target_deg=0.000 | gap_min_deg=-60.0 | gap_max_deg=60.0,,249.68943803562317,99.6880239558245,84.55589638854865,90.9226772431089,85.85536179239566,0,13.8,38.636848050189684,0
13.85,342.7306290635312,96.29159898789064,81.45889215165096,27.99951932281061,0.0,35.0,0.0,418,435,375,435,35.0,NEUTRAL,program,sonic_drive_smooth.py,function,bc4a84a5f90dcb414fa9a95aff361c8d4412f04ffa11cdb071a0b8ad9fecc202,平滑操舵：Follow the Gap：目標が空き空間内 | target_deg=0.000 | gap_min_deg=-60.0 | gap_max_deg=60.0,,247.65747272250337,101.61323198232257,84.2928979201543,92.47555029610177,89.77021109991497,0,13.85,39.59553941169165,0
13.9,344.11508191592577,96.49952244767269,81.45889215165096,27.99962764852467,0.0,35.0,0.0,418,435,375,435,35.0,NEUTRAL,program,sonic_drive_smooth.py,function,bc4a84a5f90dcb414fa9a95aff361c8d4412f04ffa11cdb071a0b8ad9fecc202,平滑操舵：Follow the Gap：目標が空き空間内 | target_deg=0.000 | gap_min_deg=-60.0 | gap_max_deg=60.0,,250.0,101.72110362178931,85.61855383055335,87.6376143119419,89.10789725100344,0,13.9,40.57840327554205,0
13.95,345.4995393954618,96.70744660238002,81.45889215165096,27.9997115618876,0.0,35.0,0.0,418,435,375,435,35.0,NEUTRAL,program,sonic_drive_smooth.py,function,bc4a84a5f90dcb414fa9a95aff361c8d4412f04ffa11cdb071a0b8ad9fecc202,平滑操舵：Follow the Gap：目標が空き空間内 | target_deg=0.000 | gap_min_deg=-60.0 | gap_max_deg=60.0,,250.0,103.81219925587837,78.58419048206451,89.40952490630201,87.52008304871084,0,13.95,41.583822456245215,0
14.0,346.88400045936373,96.9153712954038,81.45889215165096,27.99977656448223,0.0,35.0,0.0,418,435,375,435,35.0,NEUTRAL,program,sonic_drive_smooth.py,function,bc4a84a5f90dcb414fa9a95aff361c8d4412f04ffa11cdb071a0b8ad9fecc202,平滑操舵：Follow the Gap：目標が空き空間内 | target_deg=0.000 | gap_min_deg=-60.0 | gap_max_deg=60.0,,246.33242575649777,98.02405984226795,83.86545280436307,87.09989395464903,84.96368454839998,0,14.0,42.610288493646785,0
14.05,348.2684642998566,97.12329640542872,81.45889215165096,27.9998269180512,0.0,35.0,0.0,418,435,375,435,35.0,NEUTRAL,program,sonic_drive_smooth.py,function,bc4a84a5f90dcb414fa9a95aff361c8d4412f04ffa11cdb071a0b8ad9fecc202,平滑操舵：Follow the Gap：目標が空き空間内 | target_deg=0.000 | gap_min_deg=-60.0 | gap_max_deg=60.0,,247.6890452438607,97.41816908663547,82.27961559811463,85.00707739751702,86.59058980108469,0,14.05,43.65639694826873,0
14.1,349.65293029120613,97.33122183847911,81.45889215165096,27.999865923908164,0.0,35.0,0.0,418,435,375,435,35.0,NEUTRAL,program,sonic_drive_smooth.py,function,bc4a84a5f90dcb414fa9a95aff361c8d4412f04ffa11cdb071a0b8ad9fecc202,平滑操舵：Follow the Gap：目標が空き空間内 | target_deg=0.000 | gap_min_deg=-60.0 | gap_max_deg=60.0,,250.0,100.18703094066045,77.9253611075355,84.49516097907129,88.55451326481068,0,14.1,44.720842156061394,0
14.15,351.0373979486939,97.53914752175777,81.45889215165096,27.999896139380642,0.0,35.0,0.0,418,435,375,435,35.0,NEUTRAL,program,sonic_drive_smooth.py,function,bc4a84a5f90dcb414fa9a95aff361c8d4412f04ffa11cdb071a0b8ad9fecc202,平滑操舵：Follow the Gap：目標が空き空間内 | target_deg=0.000 | gap_min_deg=-30.0 | gap_max_deg=60.0,,249.39642423295206,98.87110456255205,84.23315777805355,80.66186630163261,86.39006556452868,0,14.15,45.802411673086034,0
14.2,352.42186689683797,97.7470733988731,81.45889215165096,27.99991954547522,0.0,35.0,0.0,418,435,375,435,35.0,NEUTRAL,program,sonic_drive_smooth.py,function,bc4a84a5f90dcb414fa9a95aff361c8d4412f04ffa11cdb071a0b8ad9fecc202,平滑操舵：Follow the Gap：目標が空き空間内 | target_deg=0.000 | gap_min_deg=-30.0 | gap_max_deg=60.0,,250.0,101.28144061490974,81.82445581870563,77.72607158002901,89.43670163301637,0,14.2,46.89998059017468,0
14.25,353.80633684477516,97.95499942614192,81.45889215165096,27.999937676757582,0.0,35.0,0.0,418,435,375,435,35.0,NEUTRAL,program,sonic_drive_smooth.py,function,bc4a84a5f90dcb414fa9a95aff361c8d4412f04ffa11cdb071a0b8ad9fecc202,平滑操舵：Follow the Gap：目標が空き空間内 | target_deg=0.000 | gap_min_deg=-30.0 | gap_max_deg=60.0,,247.9882014064004,100.01944445913713,81.26699942054624,76.37123463156951,89.8405049257816,0,14.25,48.0125058549509,0
14.3,355.1908075671916,98.16292556972559,81.45889215165096,27.999951721962734,0.0,35.0,0.0,418,435,375,435,35.0,NEUTRAL,program,sonic_drive_smooth.py,function,bc4a84a5f90dcb414fa9a95aff361c8d4412f04ffa11cdb071a0b8ad9fecc202,平滑操舵：Follow the Gap：目標が空き空間内 | target_deg=0.000 | gap_min_deg=-30.0 | gap_max_deg=60.0,,250.0,99.97334341816314,77.1449850065705,77.89805861084987,89.27138701802251,0,14.3,49.13902070326668,0
14.35,356.5752788895501,98.37085180341127,81.45889215165096,27.99996260193161,0.0,35.0,0.0,418,435,375,435,35.0,NEUTRAL,program,sonic_drive_smooth.py,function,bc4a84a5f90dcb414fa9a95aff361c8d4412f04ffa11cdb071a0b8ad9fecc202,平滑操舵：Follow the Gap：目標が空き空間内 | target_deg=0.000 | gap_min_deg=-30.0 | gap_max_deg=60.0,,249.71727384235228,95.10902285399987,81.5043093423073,76.12377993142776,91.55554383701386,0,14.35,50.278629273385974,0
14.4,357.9597506766473,98.57877810689355,81.45889215165096,27.99997102998385,0.0,35.0,0.0,418,435,375,435,35.0,NEUTRAL,program,sonic_drive_smooth.py,function,bc4a84a5f90dcb414fa9a95aff361c8d4412f04ffa11cdb071a0b8ad9fecc202,平滑操舵：Follow the Gap：目標が空き空間内 | target_deg=0.000 | gap_min_deg=-30.0 | gap_max_deg=60.0,,249.76569355253923,101.17317735309285,80.54817416978045,72.23014721198216,89.39225371979799,0,14.4,51.43050145328582,0
14.45,359.3442228237494,98.78670446444302,81.45889215165096,27.999977558684936,0.0,35.0,0.0,418,435,375,435,35.0,NEUTRAL,program,sonic_drive_smooth.py,function,bc4a84a5f90dcb414fa9a95aff361c8d4412f04ffa11cdb071a0b8ad9fecc202,平滑操舵：Follow the Gap：目標が空き空間内 | target_deg=0.000 | gap_min_deg=-30.0 | gap_max_deg=60.0,,248.9764709719172,100.26194621718804,78.76107521358797,69.12226323738963,89.91223620536046,0,14.45,52.59386799338754,0
14.5,360.7286952497255,98.99463086387506,81.45889215165096,27.99998261607383,0.0,35.0,0.0,418,435,375,435,35.0,NEUTRAL,program,sonic_drive_smooth.py,function,bc4a84a5f90dcb414fa9a95aff361c8d4412f04ffa11cdb071a0b8ad9fecc202,平滑操舵：Follow the Gap：目標が空き空間内 | target_deg=0.000 | gap_min_deg=-30.0 | gap_max_deg=60.0,,250.0,99.42265578047409,80.40971499810213,70.41908101552677,91.65637670612374,0,14.5,53.768015903069696,0
14.55,362.1131678917283,99.20255729575098,81.45889215165096,27.999986533726375,0.0,35.0,0.0,418,435,375,435,35.0,NEUTRAL,program,sonic_drive_smooth.py,function,bc4a84a5f90dcb414fa9a95aff361c8d4412f04ffa11cdb071a0b8ad9fecc202,平滑操舵：Follow the Gap：目標が空き空間内 | target_deg=0.000 | gap_min_deg=-30.0 | gap_max_deg=60.0,,250.0,97.82399454668472,82.24968580062757,66.3522469799617,88.72008115910597,0,14.55,54.952284138710134,0
14.6,363.49764070107403,99.4104837527592,81.45889215165096,27.999989568494275,0.0,35.0,0.0,418,435,375,435,35.0,NEUTRAL,program,sonic_drive_smooth.py,function,bc4a84a5f90dcb414fa9a95aff361c8d4412f04ffa11cdb071a0b8ad9fecc202,平滑操舵：Follow the Gap：目標が空き空間内 | target_deg=0.000 | gap_min_deg=-30.0 | gap_max_deg=60.0,,246.9493443065668,95.89422816285587,80.27317094328751,64.34056542844579,91.18265593103803,0,14.6,56.14605958311445,0
14.65,364.8821136400501,99.61841022923592,81.45889215165096,27.99999191934497,0.0,35.0,0.0,418,435,375,435,35.0,NEUTRAL,program,sonic_drive_smooth.py,function,bc4a84a5f90dcb414fa9a95aff361c8d4412f04ffa11cdb071a0b8ad9fecc202,平滑操舵：Follow the Gap：目標が空き空間内 | target_deg=0.000 | gap_min_deg=-30.0 | gap_max_deg=60.0,,250.0,99.20490055418237,80.30777356351612,67.1424020713141,93.27946476568685,0,14.65,57.34877331046537,0
14.7,366.2665866794429,99.82633672079369,81.45889215165096,27.999993740406474,0.0,35.0,0.0,418,435,375,435,35.0,NEUTRAL,program,sonic_drive_smooth.py,function,bc4a84a5f90dcb414fa9a95aff361c8d4412f04ffa11cdb071a0b8ad9fecc202,平滑操舵：Follow the Gap：目標が空き空間内 | target_deg=0.000 | gap_min_deg=-60.0 | gap_max_deg=60.0,,246.83150840845735,97.06325356817864,78.52938255630066,154.8394253144316,94.97213001705515,0,14.7,58.55989712690897,0
14.75,367.6510597966225,100.03426322403384,81.45889215165096,27.99999515107241,0.0,35.0,0.0,418,435,375,435,35.0,NEUTRAL,program,sonic_drive_smooth.py,function,bc4a84a5f90dcb414fa9a95aff361c8d4412f04ffa11cdb071a0b8ad9fecc202,平滑操舵：Follow the Gap：目標が空き空間内 | target_deg=0.000 | gap_min_deg=-60.0 | gap_max_deg=60.0,,250.0,95.99913717853619,78.43889871683923,150.86985184069093,91.44463510053494,0,14.75,59.77894037420025,0
14.8,369.0355329740588,100.24218973632362,81.45889215165096,27.999996243829788,0.0,35.0,0.0,418,435,375,435,35.0,NEUTRAL,program,sonic_drive_smooth.py,function,bc4a84a5f90dcb414fa9a95aff361c8d4412f04ffa11cdb071a0b8ad9fecc202,平滑操舵：Follow the Gap：目標が空き空間内 | target_deg=0.000 | gap_min_deg=-60.0 | gap_max_deg=60.0,,248.12957107095954,95.41937368801084,78.52629172172274,154.92120191985595,92.43948874881474,0,14.8,59.81385645700594,0
14.85,370.42000619817236,100.4501162556236,81.45889215165096,27.999997090322672,0.0,35.0,0.0,418,435,375,435,35.0,NEUTRAL,program,sonic_drive_smooth.py,function,bc4a84a5f90dcb414fa9a95aff361c8d4412f04ffa11cdb071a0b8ad9fecc202,平滑操舵：Follow the Gap：目標が空き空間内 | target_deg=0.000 | gap_min_deg=-60.0 | gap_max_deg=60.0,,247.18117144000078,96.17752406822568,76.4810751308179,156.02989330300852,90.74024353672674,0,14.85,58.951303683286,0
14.9,371.80447945844395,100.65804278035395,81.45889215165096,27.999997746049388,0.0,35.0,0.0,418,435,375,435,35.0,NEUTRAL,program,sonic_drive_smooth.py,function,bc4a84a5f90dcb414fa9a95aff361c8d4412f04ffa11cdb071a0b8ad9fecc202,平滑操舵：Follow the Gap：目標が空き空間内 | target_deg=0.000 | gap_min_deg=-60.0 | gap_max_deg=60.0,,250.0,93.3750675873276,76.00186143970215,152.7109911109132,92.84538418660243,0,14.9,58.10881733430757,0
14.95,373.1889527467249,100.86596930929088,81.45889215165096,27.999998254001113,0.0,35.0,0.0,418,435,375,435,35.0,NEUTRAL,program,sonic_drive_smooth.py,function,bc4a84a5f90dcb414fa9a95aff361c8d4412f04ffa11cdb071a0b8ad9fecc202,平滑操舵：Follow the Gap：目標が空き空間内 | target_deg=0.000 | gap_min_deg=-60.0 | gap_max_deg=60.0,,248.1054341910961,98.98012257233566,79.17857732276866,156.04500337687168,92.5958682625873,0,14.95,57.28724571583965,0
15.0,374.57342605670306,101.07389584148638,81.45889215165096,27.99999864748052,0.0,35.0,0.0,418,435,375,435,35.0,NEUTRAL,program,sonic_drive_smooth.py,function,bc4a84a5f90dcb414fa9a95aff361c8d4412f04ffa11cdb071a0b8ad9fecc202,平滑操舵：Follow the Gap：目標が空き空間内 | target_deg=0.000 | gap_min_deg=-60.0 | gap_max_deg=60.0,,247.88104429797545,96.71754307054205,79.92026096106248,156.82488851877292,91.50707066836588,0,15.0,56.487462734938006,0
15.05,375.9578993834886,101.28182237620611,81.45889215165096,27.999998952285164,0.0,35.0,0.0,418,435,375,435,35.0,NEUTRAL,program,sonic_drive_smooth.py,function,bc4a84a5f90dcb414fa9a95aff361c8d4412f04ffa11cdb071a0b8ad9fecc202,平滑操舵：Follow the Gap：目標が空き空間内 | target_deg=0.000 | gap_min_deg=-60.0 | gap_max_deg=60.0,,245.76523698212617,93.34411605915946,79.72117567297059,155.84142421781223,90.38069776578921,0,15.05,55.71036649962826,0
15.1,377.342372723294,101.48974891288121,81.45889215165096,27.99999918839884,0.0,35.0,0.0,418,435,375,435,35.0,NEUTRAL,program,sonic_drive_smooth.py,function,bc4a84a5f90dcb414fa9a95aff361c8d4412f04ffa11cdb071a0b8ad9fecc202,平滑操舵：Follow the Gap：目標が空き空間内 | target_deg=0.000 | gap_min_deg=-60.0 | gap_max_deg=60.0,,249.2449634495889,94.96885654063969,77.89568818382652,154.55559643091988,91.5127206302364,0,15.1,54.956877525741426,0
15.15,378.7268460731851,101.69767545107102,81.45889215165096,27.999999371301783,0.0,35.0,0.0,418,435,375,435,35.0,NEUTRAL,program,sonic_drive_smooth.py,function,bc4a84a5f90dcb414fa9a95aff361c8d4412f04ffa11cdb071a0b8ad9fecc202,平滑操舵：Follow the Gap：目標が空き空間内 | target_deg=0.000 | gap_min_deg=-60.0 | gap_max_deg=60.0,,250.0,93.38610503263214,76.18752428566636,155.38384329744824,91.95441631664625,0,15.15,54.227936514115825,0
15.2,380.1113194308888,101.90560199043418,81.45889215165096,27.999999512985614,0.0,35.0,0.0,418,435,375,435,35.0,NEUTRAL,program,sonic_drive_smooth.py,function,bc4a84a5f90dcb414fa9a95aff361c8d4412f04ffa11cdb071a0b8ad9fecc202,平滑操舵：Follow the Gap：目標が空き空間内 | target_deg=0.000 | gap_min_deg=-60.0 | gap_max_deg=60.0,,250.0,93.16322259626877,75.60902299871452,151.72520468200173,89.26437269283598,0,15.2,53.52450166363138,0
15.25,381.49579279464456,102.11352853070626,81.45889215165096,27.99999962273948,0.0,35.0,0.0,418,435,375,435,35.0,NEUTRAL,program,sonic_drive_smooth.py,function,bc4a84a5f90dcb414fa9a95aff361c8d4412f04ffa11cdb071a0b8ad9fecc202,平滑操舵：Follow the Gap：目標が空き空間内 | target_deg=0.000 | gap_min_deg=-60.0 | gap_max_deg=60.0,,250.0,95.70314859357472,75.69699113164572,154.60688322111824,90.25990120282721,0,15.25,52.847545489333434,0
15.3,382.88026616308855,102.32145507168242,81.45889215165096,27.999999707759148,0.0,35.0,0.0,418,435,375,435,35.0,NEUTRAL,program,sonic_drive_smooth.py,function,bc4a84a5f90dcb414fa9a95aff361c8d4412f04ffa11cdb071a0b8ad9fecc202,平滑操舵：Follow the Gap：目標が空き空間内 | target_deg=0.000 | gap_min_deg=-60.0 | gap_max_deg=60.0,,250.0,92.65496870745297,77.54877656381208,158.49520520010472,89.76529643497125,0,15.3,52.19805112045797,0
15.35,384.2647395351641,102.52938161320398,81.45889215165096,27.999999773618732,0.0,35.0,0.0,418,435,375,435,35.0,NEUTRAL,program,sonic_drive_smooth.py,function,bc4a84a5f90dcb414fa9a95aff361c8d4412f04ffa11cdb071a0b8ad9fecc202,平滑操舵：Follow the Gap：目標が空き空間内 | target_deg=0.000 | gap_min_deg=-60.0 | gap_max_deg=60.0,,248.78687447179337,94.68095537886794,76.98193307555198,160.40954675469652,92.9163452104327,0,15.35,51.57700806068436,0
15.4,385.6492129100528,102.73730815514807,81.45889215165096,27.999999824636156,0.0,35.0,0.0,418,435,375,435,35.0,NEUTRAL,program,sonic_drive_smooth.py,function,bc4a84a5f90dcb414fa9a95aff361c8d4412f04ffa11cdb071a0b8ad9fecc202,平滑操舵：Follow the Gap：目標が空き空間内 | target_deg=0.000 | gap_min_deg=-60.0 | gap_max_deg=60.0,,249.37312605185267,94.60390507607606,78.05007130638586,160.04529056540272,98.0462321036623,0,15.4,50.98540740256547,0
15.45,387.0336862871208,102.94523469741942,81.45889215165096,27.999999864156262,0.0,35.0,0.0,418,435,375,435,35.0,NEUTRAL,program,sonic_drive_smooth.py,function,bc4a84a5f90dcb414fa9a95aff361c8d4412f04ffa11cdb071a0b8ad9fecc202,平滑操舵：Follow the Gap：目標が空き空間内 | target_deg=0.000 | gap_min_deg=-60.0 | gap_max_deg=60.0,,247.83510439672204,92.59580449404106,77.63627095637521,158.6578710841578,97.67754082222136,0,15.45,50.42423649988556,0
15.5,388.4181596658769,103.15316123994432,81.45889215165096,27.99999989477009,0.0,35.0,0.0,418,435,375,435,35.0,NEUTRAL,program,sonic_drive_smooth.py,function,bc4a84a5f90dcb414fa9a95aff361c8d4412f04ffa11cdb071a0b8ad9fecc202,平滑操舵：Follow the Gap：目標が空き空間内 | target_deg=0.000 | gap_min_deg=-60.0 | gap_max_deg=60.0,,249.5883064606763,94.22378268333283,79.22937290732419,160.3497985371134,96.25884052989812,0,15.5,49.8944731156367,0
15.55,389.80263304594064,103.3610877826656,81.45889215165096,27.999999918484768,0.0,35.0,0.0,418,435,375,435,35.0,NEUTRAL,program,sonic_drive_smooth.py,function,bc4a84a5f90dcb414fa9a95aff361c8d4412f04ffa11cdb071a0b8ad9fecc202,平滑操舵：Follow the Gap：目標が空き空間内 | target_deg=0.000 | gap_min_deg=-60.0 | gap_max_deg=60.0,,247.90061419721604,91.16101676284697,78.77323918804663,157.8085003970531,90.69939828572218,0,15.55,49.39707907921726,0
15.6,391.1871064270173,103.56901432553903,81.45889215165096,27.999999936855094,0.0,35.0,0.0,418,435,375,435,35.0,NEUTRAL,program,sonic_drive_smooth.py,function,bc4a84a5f90dcb414fa9a95aff361c8d4412f04ffa11cdb071a0b8ad9fecc202,平滑操舵：Follow the Gap：目標が空き空間内 | target_deg=0.000 | gap_min_deg=-60.0 | gap_max_deg=60.0,,250.0,94.67343519224723,74.20813837591831,157.60542430141786,93.15405853062911,0,15.6,48.93299350402211,0
15.65,392.57157980887865,103.77694086853027,81.45889215165096,27.999999951085467,0.0,35.0,0.0,418,435,375,435,35.0,NEUTRAL,program,sonic_drive_smooth.py,function,bc4a84a5f90dcb414fa9a95aff361c8d4412f04ffa11cdb071a0b8ad9fecc202,平滑操舵：Follow the Gap：目標が空き空間内 | target_deg=0.000 | gap_min_deg=-60.0 | gap_max_deg=60.0,,250.0,91.1177990573564,79.88804268170377,163.93999406101284,96.31266187209074,0,15.65,48.50312563531242,0
15.7,393.9560531913479,103.98486741161283,81.45889215165096,27.99999996210888,0.0,35.0,0.0,418,435,375,435,35.0,NEUTRAL,program,sonic_drive_smooth.py,function,bc4a84a5f90dcb414fa9a95aff361c8d4412f04ffa11cdb071a0b8ad9fecc202,平滑操舵：Follow the Gap：目標が空き空間内 | target_deg=0.000 | gap_min_deg=-60.0 | gap_max_deg=60.0,,250.0,94.52953007169974,76.36558540279717,160.97736464223084,98.96862205041859,0,15.7,48.10834741745793,0
15.75,395.340526574288,104.19279395476609,81.45889215165096,27.999999970648044,0.0,35.0,0.0,418,435,375,435,35.0,NEUTRAL,program,sonic_drive_smooth.py,function,bc4a84a5f90dcb414fa9a95aff361c8d4412f04ffa11cdb071a0b8ad9fecc202,平滑操舵：Follow the Gap：目標が空き空間内 | target_deg=0.000 | gap_min_deg=-60.0 | gap_max_deg=60.0,,250.0,96.1165235991317,76.39271960142443,160.3213062117862,96.09271252685913,0,15.75,47.74948588848749,0
15.8,396.72499995759284,104.40072049797413,81.45889215165096,27.99999997726282,0.0,35.0,0.0,418,435,375,435,35.0,NEUTRAL,program,sonic_drive_smooth.py,function,bc4a84a5f90dcb414fa9a95aff361c8d4412f04ffa11cdb071a0b8ad9fecc202,平滑操舵：Follow the Gap：目標が空き空間内 | target_deg=0.000 | gap_min_deg=-60.0 | gap_max_deg=60.0,,250.0,92.5468373868017,77.35626338967859,160.45929404386857,91.65276861602841,0,15.8,47.427315527387755,0
15.85,398.1094733411802,104.60864704122463,81.45889215165096,27.999999982386882,0.0,35.0,0.0,418,435,375,435,35.0,NEUTRAL,program,sonic_drive_smooth.py,function,bc4a84a5f90dcb414fa9a95aff361c8d4412f04ffa11cdb071a0b8ad9fecc202,平滑操舵：Follow the Gap：目標が空き空間内 | target_deg=0.000 | gap_min_deg=-60.0 | gap_max_deg=60.0,,246.3263485372243,88.74487775230438,72.1698106162569,162.00352398621757,98.14369936994409,0,15.85,47.14255069467001,0
15.9,399.4939467249866,104.81657358450799,81.45889215165096,27.999999986356187,0.0,35.0,0.0,418,435,375,435,35.0,NEUTRAL,program,sonic_drive_smooth.py,function,bc4a84a5f90dcb414fa9a95aff361c8d4412f04ffa11cdb071a0b8ad9fecc202,平滑操舵：Follow the Gap：目標が空き空間内 | target_deg=0.000 | gap_min_deg=-60.0 | gap_max_deg=60.0,,247.86154650837472,89.46127390827024,74.49931121167752,163.04275272181076,100.03042035159099,0,15.9,46.895838318277086,0
15.95,400.8784201089624,105.02450012781681,81.45889215165096,27.99999998943096,0.0,35.0,0.0,418,435,375,435,35.0,NEUTRAL,program,sonic_drive_smooth.py,function,bc4a84a5f90dcb414fa9a95aff361c8d4412f04ffa11cdb071a0b8ad9fecc202,平滑操舵：Follow the Gap：目標が空き空間内 | target_deg=0.000 | gap_min_deg=-60.0 | gap_max_deg=60.0,,250.0,89.91083224013116,73.44745766408299,163.70060168440145,95.2384972534843,0,15.95,46.687750983871275,0
16.0,402.26289349306956,105.23242667114535,81.45889215165096,27.999999991812807,0.0,35.0,0.0,418,435,375,435,35.0,NEUTRAL,program,sonic_drive_smooth.py,function,bc4a84a5f90dcb414fa9a95aff361c8d4412f04ffa11cdb071a0b8ad9fecc202,平滑操舵：Follow the Gap：目標が空き空間内 | target_deg=0.000 | gap_min_deg=-60.0 | gap_max_deg=60.0,,250.0,88.49240199496043,74.13695632550534,162.31026090848175,94.39101426500453,0,16.0,46.51878059002081,0
16.05,403.64736687727844,105.44035321448916,81.45889215165096,27.999999993657877,0.0,35.0,0.0,418,435,375,435,35.0,NEUTRAL,program,sonic_drive_smooth.py,function,bc4a84a5f90dcb414fa9a95aff361c8d4412f04ffa11cdb071a0b8ad9fecc202,平滑操舵：Follow the Gap：目標が空き空間内 | target_deg=0.000 | gap_min_deg=-60.0 | gap_max_deg=60.0,,247.54436105199562,90.10278063803175,75.08402194090492,160.18457909690403,96.07126622047356,0,16.05,46.38933272412835,0
16.1,405.03184026156606,105.64827975784482,81.45889215165096,27.999999995087144,0.0,35.0,0.0,418,435,375,435,35.0,NEUTRAL,program,sonic_drive_smooth.py,function,bc4a84a5f90dcb414fa9a95aff361c8d4412f04ffa11cdb071a0b8ad9fecc202,平滑操舵：Follow the Gap：目標が空き空間内 | target_deg=0.000 | gap_min_deg=-60.0 | gap_max_deg=60.0,,245.55652148208148,88.23066670240688,74.12660520285391,162.75078513943697,95.88828083092777,0,16.1,46.29972190377818,0
16.15,406.4163136459149,105.85620630120967,81.45889215165096,27.99999999619431,0.0,35.0,0.0,418,435,375,435,35.0,NEUTRAL,program,sonic_drive_smooth.py,function,bc4a84a5f90dcb414fa9a95aff361c8d4412f04ffa11cdb071a0b8ad9fecc202,平滑操舵：Follow the Gap：目標が空き空間内 | target_deg=0.000 | gap_min_deg=-60.0 | gap_max_deg=60.0,,247.48839540233678,90.04507950947286,75.37450478669153,161.32186490403168,95.50254460376689,0,16.15,46.25016781058284,0
16.2,407.80078703031097,106.06413284458161,81.45889215165096,27.999999997051965,0.0,35.0,0.0,418,435,375,435,35.0,NEUTRAL,program,sonic_drive_smooth.py,function,bc4a84a5f90dcb414fa9a95aff361c8d4412f04ffa11cdb071a0b8ad9fecc202,平滑操舵：Follow the Gap：目標が空き空間内 | target_deg=0.000 | gap_min_deg=-60.0 | gap_max_deg=60.0,,246.3925794008698,91.95110064464684,74.75032655771517,163.5089094330754,96.10503201328773,0,16.2,46.23936097899267,0
16.25,409.18526041474365,106.27205938795906,81.45889215165096,27.99999999771634,0.0,35.0,0.0,418,435,375,435,35.0,NEUTRAL,program,sonic_drive_smooth.py,function,bc4a84a5f90dcb414fa9a95aff361c8d4412f04ffa11cdb071a0b8ad9fecc202,平滑操舵：Follow the Gap：目標が空き空間内 | target_deg=0.000 | gap_min_deg=-60.0 | gap_max_deg=60.0,,249.11386830055665,90.16393604698352,69.75472921259839,162.39377261316105,87.4624047872096,0,16.25,46.23936097899269,0
16.3,410.5697337992047,106.47998593134078,81.45889215165096,27.999999998230987,0.0,35.0,0.0,418,435,375,435,35.0,NEUTRAL,program,sonic_drive_smooth.py,function,bc4a84a5f90dcb414fa9a95aff361c8d4412f04ffa11cdb071a0b8ad9fecc202,平滑操舵：Follow the Gap：目標が空き空間内 | target_deg=0.000 | gap_min_deg=-60.0 | gap_max_deg=60.0,,250.0,87.649638732208,74.84468145229839,158.24564066470802,77.14346822898125,0,16.3,46.239360978992714,0
16.35,411.95420718368774,106.68791247472578,81.45889215165096,27.99999999862965,0.0,35.0,0.0,418,435,375,435,35.0,NEUTRAL,program,sonic_drive_smooth.py,function,bc4a84a5f90dcb414fa9a95aff361c8d4412f04ffa11cdb071a0b8ad9fecc202,平滑操舵：Follow the Gap：目標が空き空間内 | target_deg=0.000 | gap_min_deg=-60.0 | gap_max_deg=60.0,,249.16735352902688,88.49871965417786,71.09185356264987,161.7500468658833,65.3459568526459,0,16.35,46.23936097899272,0
16.4,413.33868056818784,106.89583901811334,81.45889215165096,27.999999998938474,0.0,35.0,0.0,418,435,375,435,35.0,NEUTRAL,program,sonic_drive_smooth.py,function,bc4a84a5f90dcb414fa9a95aff361c8d4412f04ffa11cdb071a0b8ad9fecc202,平滑操舵：Follow the Gap：目標が空き空間内 | target_deg=0.000 | gap_min_deg=-60.0 | gap_max_deg=60.0,,250.0,88.5479929973663,73.11993797550677,157.03245309527907,46.139422971886866,0,16.4,46.23936097899272,0
16.45,414.72315395270107,107.10376556150288,81.45889215165096,27.9999999991777,0.0,35.0,0.0,418,435,375,435,35.0,NEUTRAL,program,sonic_drive_smooth.py,function,bc4a84a5f90dcb414fa9a95aff361c8d4412f04ffa11cdb071a0b8ad9fecc202,平滑操舵：Follow the Gap：目標が空き空間内 | target_deg=0.000 | gap_min_deg=-60.0 | gap_max_deg=60.0,,250.0,90.142108454606,69.26438962662105,156.32202910838222,48.0810026232166,0,16.45,46.23936097899274,0
16.5,416.1076273372245,107.31169210489396,81.45889215165096,27.999999999363013,0.0,35.0,0.0,418,435,375,435,35.0,NEUTRAL,program,sonic_drive_smooth.py,function,bc4a84a5f90dcb414fa9a95aff361c8d4412f04ffa11cdb071a0b8ad9fecc202,平滑操舵：Follow the Gap：目標が空き空間内 | target_deg=0.000 | gap_min_deg=-60.0 | gap_max_deg=60.0,,248.9972383248406,88.20627857013159,71.52093356192394,150.678312263701,44.704943607751034,0,16.5,46.23936097899276,0
16.55,417.49210072175595,107.51961864828624,81.45889215165096,27.999999999506564,0.0,35.0,0.0,418,435,375,435,35.0,NEUTRAL,program,sonic_drive_smooth.py,function,bc4a84a5f90dcb414fa9a95aff361c8d4412f04ffa11cdb071a0b8ad9fecc202,平滑操舵：Follow the Gap：目標が空き空間内 | target_deg=0.000 | gap_min_deg=-60.0 | gap_max_deg=60.0,,249.80750315977033,88.93002502452205,73.0576080406064,150.81499948922803,46.45485077461011,0,16.55,46.23936097899278,0
16.6,418.8765741062935,107.72754519167941,81.45889215165096,27.999999999617764,0.0,35.0,0.0,418,435,375,435,35.0,NEUTRAL,program,sonic_drive_smooth.py,function,bc4a84a5f90dcb414fa9a95aff361c8d4412f04ffa11cdb071a0b8ad9fecc202,平滑操舵：Follow the Gap：目標が空き空間内 | target_deg=0.000 | gap_min_deg=-60.0 | gap_max_deg=60.0,,248.41571276231346,88.83891800392074,70.65919114177946,150.14016517165982,100.58740026134573,0,16.6,46.239360978992764,0
16.65,420.2610474908359,107.93547173507332,81.45889215165096,27.999999999703906,0.0,35.0,0.0,418,435,375,435,35.0,NEUTRAL,program,sonic_drive_smooth.py,function,bc4a84a5f90dcb414fa9a95aff361c8d4412f04ffa11cdb071a0b8ad9fecc202,平滑操舵：Follow the Gap：目標が空き空間内 | target_deg=0.000 | gap_min_deg=-60.0 | gap_max_deg=60.0,,250.0,87.64544657637866,68.6251852994295,148.42829957782732,95.00012069629767,0,16.65,46.23936097899277,0
16.7,421.64552087538186,108.14339827846779,81.45889215165096,27.999999999770633,0.0,35.0,0.0,418,435,375,435,35.0,NEUTRAL,program,sonic_drive_smooth.py,function,bc4a84a5f90dcb414fa9a95aff361c8d4412f04ffa11cdb071a0b8ad9fecc202,平滑操舵：Follow the Gap：目標が空き空間内 | target_deg=0.000 | gap_min_deg=-60.0 | gap_max_deg=60.0,,248.98769158708006,92.14299348378677,69.76365761652568,145.16840382943974,98.27739028377098,0,16.7,46.239360978992785,0
16.75,423.02999425993073,108.35132482186265,81.45889215165096,27.999999999822325,0.0,35.0,0.0,418,435,375,435,35.0,NEUTRAL,program,sonic_drive_smooth.py,function,bc4a84a5f90dcb414fa9a95aff361c8d4412f04ffa11cdb071a0b8ad9fecc202,平滑操舵：Follow the Gap：目標が空き空間内 | target_deg=0.000 | gap_min_deg=-60.0 | gap_max_deg=60.0,,247.51042285575633,86.03412371116939,70.63537364663671,143.9059941293243,100.76457531653033,0,16.75,46.23936097899277,0
16.8,424.4144676444818,108.55925136525786,81.45889215165096,27.999999999862368,0.0,35.0,0.0,418,435,375,435,35.0,NEUTRAL,program,sonic_drive_smooth.py,function,bc4a84a5f90dcb414fa9a95aff361c8d4412f04ffa11cdb071a0b8ad9fecc202,平滑操舵：Follow the Gap：目標が空き空間内 | target_deg=0.000 | gap_min_deg=-60.0 | gap_max_deg=30.0,,250.0,83.18106587739373,69.85558559978017,142.29617991721693,101.10937635183126,0,16.8,46.23936097899277,0
16.85,425.7989410290346,108.76717790865332,81.45889215165096,27.999999999893387,0.0,35.0,0.0,418,435,375,435,35.0,NEUTRAL,program,sonic_drive_smooth.py,function,bc4a84a5f90dcb414fa9a95aff361c8d4412f04ffa11cdb071a0b8ad9fecc202,平滑操舵：Follow the Gap：目標が空き空間内 | target_deg=0.000 | gap_min_deg=-60.0 | gap_max_deg=60.0,,250.0,87.61409363248708,70.680111081012,143.0060606223892,98.93414871363115,0,16.85,46.239360978992764,0
16.9,427.1834144135887,108.97510445204898,81.45889215165096,27.999999999917414,0.0,35.0,0.0,418,435,375,435,35.0,NEUTRAL,program,sonic_drive_smooth.py,function,bc4a84a5f90dcb414fa9a95aff361c8d4412f04ffa11cdb071a0b8ad9fecc202,平滑操舵：Follow the Gap：目標が空き空間内 | target_deg=0.000 | gap_min_deg=-60.0 | gap_max_deg=60.0,,250.0,85.15642155392524,71.59133475346137,141.44093180435712,102.03566052192717,0,16.9,46.23936097899276,0
16.95,428.56788779814383,109.18303099544481,81.45889215165096,27.999999999936026,0.0,35.0,0.0,418,435,375,435,35.0,NEUTRAL,program,sonic_drive_smooth.py,function,bc4a84a5f90dcb414fa9a95aff361c8d4412f04ffa11cdb071a0b8ad9fecc202,平滑操舵：Follow the Gap：目標が空き空間内 | target_deg=0.000 | gap_min_deg=-60.0 | gap_max_deg=60.0,,250.0,85.53322608036024,71.0009606288639,140.47943567227202,101.9804278990271,0,16.95,46.239360978992764,0
17.0,429.9523611826997,109.39095753884074,81.45889215165096,27.99999999995044,0.0,35.0,0.0,418,435,375,435,35.0,NEUTRAL,program,sonic_drive_smooth.py,function,bc4a84a5f90dcb414fa9a95aff361c8d4412f04ffa11cdb071a0b8ad9fecc202,平滑操舵：Follow the Gap：目標が空き空間内 | target_deg=0.000 | gap_min_deg=-60.0 | gap_max_deg=30.0,,250.0,81.15185652350507,70.67315253199854,137.08210350336944,101.3388095386734,0,17.0,46.23936097899276,0
17.05,431.33683456725623,109.59888408223676,81.45889215165096,27.99999999996161,0.0,35.0,0.0,418,435,375,435,35.0,NEUTRAL,program,sonic_drive_smooth.py,function,bc4a84a5f90dcb414fa9a95aff361c8d4412f04ffa11cdb071a0b8ad9fecc202,平滑操舵：Follow the Gap：目標が空き空間内 | target_deg=0.000 | gap_min_deg=-60.0 | gap_max_deg=60.0,,250.0,85.06113082738992,69.93579330097867,137.57629697735175,99.75937532077799,0,17.05,46.23936097899276,0
17.1,432.72130795181323,109.80681062563288,81.45889215165096,27.999999999970264,0.0,35.0,0.0,418,435,375,435,35.0,NEUTRAL,program,sonic_drive_smooth.py,function,bc4a84a5f90dcb414fa9a95aff361c8d4412f04ffa11cdb071a0b8ad9fecc202,平滑操舵：Follow the Gap：目標が空き空間内 | target_deg=0.000 | gap_min_deg=-60.0 | gap_max_deg=30.0,,248.5908124352595,83.47715445521074,72.30760722849001,134.63884572667786,98.29953236137813,0,17.1,46.239360978992764,0
17.15,434.1057813363706,110.01473716902902,81.45889215165096,27.999999999976964,0.0,35.0,0.0,418,435,375,435,35.0,NEUTRAL,program,sonic_drive_smooth.py,function,bc4a84a5f90dcb414fa9a95aff361c8d4412f04ffa11cdb071a0b8ad9fecc202,平滑操舵：Follow the Gap：目標が空き空間内 | target_deg=0.000 | gap_min_deg=-60.0 | gap_max_deg=30.0,,248.19721011619615,83.82462563522652,66.93912276160776,135.7638488446644,99.07534728289691,0,17.15,46.23936097899274,0
17.2,435.4902547209283,110.22266371242523,81.45889215165096,27.999999999982155,0.0,35.0,0.0,418,435,375,435,35.0,NEUTRAL,program,sonic_drive_smooth.py,function,bc4a84a5f90dcb414fa9a95aff361c8d4412f04ffa11cdb071a0b8ad9fecc202,平滑操舵：Follow the Gap：目標が空き空間内 | target_deg=0.000 | gap_min_deg=-60.0 | gap_max_deg=30.0,,247.87375354781418,83.57546131653578,65.44287970205906,128.1307239813667,100.4847049707123,0,17.2,46.24079262006643,0
17.25,436.87472810548616,110.43059025582144,81.45889215165096,27.999999999986176,0.0,35.0,0.0,418,435,375,435,35.0,NEUTRAL,program,sonic_drive_smooth.py,function,bc4a84a5f90dcb414fa9a95aff361c8d4412f04ffa11cdb071a0b8ad9fecc202,平滑操舵：Follow the Gap：目標が空き空間内 | target_deg=0.000 | gap_min_deg=-60.0 | gap_max_deg=60.0,,248.79028941681455,85.27493887292452,69.66615738602182,124.71045333617094,100.94624042151894,0,17.25,46.27161950256679,0
17.3,438.25920149004423,110.63851679921771,81.45889215165096,27.999999999989292,0.0,35.0,0.0,418,435,375,435,35.0,NEUTRAL,program,sonic_drive_smooth.py,function,bc4a84a5f90dcb414fa9a95aff361c8d4412f04ffa11cdb071a0b8ad9fecc202,平滑操舵：Follow the Gap：目標が空き空間内 | target_deg=0.000 | gap_min_deg=-60.0 | gap_max_deg=30.0,,249.77937925366896,79.77631244697197,66.56403947601468,126.70640018994263,107.48319559515359,0,17.3,46.342572337807766,0
17.35,439.6436748746023,110.84644334261401,81.45889215165096,27.999999999991708,0.0,35.0,0.0,418,435,375,435,35.0,NEUTRAL,program,sonic_drive_smooth.py,function,bc4a84a5f90dcb414fa9a95aff361c8d4412f04ffa11cdb071a0b8ad9fecc202,平滑操舵：Follow the Gap：目標が空き空間内 | target_deg=0.000 | gap_min_deg=-60.0 | gap_max_deg=60.0,,249.6582160698504,84.15537853759778,65.2184404059078,125.4385771736477,100.39379610131382,0,17.35,46.453476651253425,0
17.4,441.0281482591607,111.0543698860103,81.45889215165096,27.999999999993577,0.0,35.0,0.0,418,435,375,435,35.0,NEUTRAL,program,sonic_drive_smooth.py,function,bc4a84a5f90dcb414fa9a95aff361c8d4412f04ffa11cdb071a0b8ad9fecc202,平滑操舵：Follow the Gap：目標が空き空間内 | target_deg=0.000 | gap_min_deg=-60.0 | gap_max_deg=30.0,,247.6946518332032,83.8383760948031,66.94220021757978,125.19970926947808,104.71504071781263,0,17.4,46.604061745599424,0
17.45,442.4126216437191,111.2622964294066,81.45889215165096,27.999999999995023,0.0,35.0,0.0,418,435,375,435,35.0,NEUTRAL,program,sonic_drive_smooth.py,function,bc4a84a5f90dcb414fa9a95aff361c8d4412f04ffa11cdb071a0b8ad9fecc202,平滑操舵：Follow the Gap：目標が空き空間内 | target_deg=0.000 | gap_min_deg=-60.0 | gap_max_deg=60.0,,248.41707037103893,85.3011533834241,65.26626343584417,119.52380283673173,102.20791625299367,0,17.45,46.79396396706665,0
17.5,443.7970950282775,111.4702229728029,81.45889215165096,27.99999999999614,0.0,35.0,0.0,418,435,375,435,35.0,NEUTRAL,program,sonic_drive_smooth.py,function,bc4a84a5f90dcb414fa9a95aff361c8d4412f04ffa11cdb071a0b8ad9fecc202,平滑操舵：Follow the Gap：目標が空き空間内 | target_deg=0.000 | gap_min_deg=-60.0 | gap_max_deg=30.0,,250.0,78.65766199461021,70.2998674683996,118.34205692110713,104.5152447828836,0,17.5,47.02273101573952,0
17.55,445.18156841283593,111.6781495161992,81.45889215165096,27.999999999997012,0.0,35.0,0.0,418,435,375,435,35.0,NEUTRAL,program,sonic_drive_smooth.py,function,bc4a84a5f90dcb414fa9a95aff361c8d4412f04ffa11cdb071a0b8ad9fecc202,平滑操舵：Follow the Gap：目標が空き空間内 | target_deg=0.000 | gap_min_deg=-60.0 | gap_max_deg=60.0,,249.3471506066045,83.91479157386169,65.92404552609914,117.59569666149173,101.310301153877,0,17.55,47.289827183151694,0
17.6,446.56604179739435,111.8860760595955,81.45889215165096,27.999999999997687,0.0,35.0,0.0,418,435,375,435,35.0,NEUTRAL,program,sonic_drive_smooth.py,function,bc4a84a5f90dcb414fa9a95aff361c8d4412f04ffa11cdb071a0b8ad9fecc202,平滑操舵：Follow the Gap：目標が空き空間内 | target_deg=0.000 | gap_min_deg=-60.0 | gap_max_deg=30.0,,248.3763270634815,82.43919950640601,65.09431962942308,115.76121756988425,104.31531679301892,0,17.6,47.594639379867104,0
17.65,447.95051518195277,112.0940026029918,81.45889215165096,27.99999999999821,0.0,35.0,0.0,418,435,375,435,35.0,NEUTRAL,program,sonic_drive_smooth.py,function,bc4a84a5f90dcb414fa9a95aff361c8d4412f04ffa11cdb071a0b8ad9fecc202,平滑操舵：Follow the Gap：目標が空き空間内 | target_deg=0.000 | gap_min_deg=-60.0 | gap_max_deg=30.0,,250.0,81.83077230122187,65.51401649019233,113.31231782129952,102.92121419893797,0,17.65,47.93648380160686,0
17.7,449.3349885665112,112.30192914638809,81.45889215165096,27.99999999999861,0.0,35.0,0.0,418,435,375,435,35.0,NEUTRAL,program,sonic_drive_smooth.py,function,bc4a84a5f90dcb414fa9a95aff361c8d4412f04ffa11cdb071a0b8ad9fecc202,平滑操舵：Follow the Gap：目標が空き空間内 | target_deg=0.000 | gap_min_deg=-60.0 | gap_max_deg=30.0,,250.0,79.38946097559636,67.15248696892445,111.40358728046031,101.96773553603752,0,17.7,48.31461307478952,0
17.75,450.7194619510696,112.50985568978439,81.45889215165096,27.999999999998924,0.0,35.0,0.0,418,435,375,435,35.0,NEUTRAL,program,sonic_drive_smooth.py,function,bc4a84a5f90dcb414fa9a95aff361c8d4412f04ffa11cdb071a0b8ad9fecc202,平滑操舵：Follow the Gap：目標が空き空間内 | target_deg=0.000 | gap_min_deg=-60.0 | gap_max_deg=30.0,,248.79671243054028,77.31627228909231,62.36012536950416,107.01912582172483,100.98124711553577,0,17.75,48.72822372102499,0
17.8,452.10393533562825,112.71778223318074,81.45889215165096,27.99999999999917,0.0,35.0,0.0,418,435,375,435,35.0,NEUTRAL,program,sonic_drive_smooth.py,function,bc4a84a5f90dcb414fa9a95aff361c8d4412f04ffa11cdb071a0b8ad9fecc202,平滑操舵：Follow the Gap：目標が空き空間内 | target_deg=0.000 | gap_min_deg=-60.0 | gap_max_deg=30.0,,250.0,79.08542129562996,62.177410739926614,111.72730093904022,103.3880479741503,0,17.8,49.17646378461101,0
17.85,453.488408720187,112.92570877657712,81.45889215165096,27.999999999999357,0.0,35.0,0.0,418,435,375,435,35.0,NEUTRAL,program,sonic_drive_smooth.py,function,bc4a84a5f90dcb414fa9a95aff361c8d4412f04ffa11cdb071a0b8ad9fecc202,平滑操舵：Follow the Gap：目標が空き空間内 | target_deg=0.000 | gap_min_deg=-60.0 | gap_max_deg=30.0,,248.1645653939931,81.91696817107616,68.66433737514889,111.22629369404713,103.11851580283475,0,17.85,49.65844047661936,0
17.9,454.87288210474577,113.13363531997351,81.45889215165096,27.999999999999503,0.0,35.0,0.0,418,435,375,435,35.0,NEUTRAL,program,sonic_drive_smooth.py,function,bc4a84a5f90dcb414fa9a95aff361c8d4412f04ffa11cdb071a0b8ad9fecc202,平滑操舵：Follow the Gap：目標が空き空間内 | target_deg=0.000 | gap_min_deg=-60.0 | gap_max_deg=30.0,,250.0,78.77316040349169,69.58901896359309,105.14691056698028,105.53078853782245,0,17.9,50.17322770273223,0
17.95,456.25735548930453,113.34156186336989,81.45889215165096,27.999999999999616,0.0,35.0,0.0,418,435,375,435,35.0,NEUTRAL,program,sonic_drive_smooth.py,function,bc4a84a5f90dcb414fa9a95aff361c8d4412f04ffa11cdb071a0b8ad9fecc202,平滑操舵：Follow the Gap：目標が空き空間内 | target_deg=0.000 | gap_min_deg=-60.0 | gap_max_deg=30.0,,250.0,79.69439750717902,68.50556869873566,102.73164812412038,104.51505853007603,0,17.95,50.71987335849936,0
18.0,457.6418288738633,113.54948840676627,81.45889215165096,27.9999999999997,0.0,35.0,0.0,418,435,375,435,35.0,NEUTRAL,program,sonic_drive_smooth.py,function,bc4a84a5f90dcb414fa9a95aff361c8d4412f04ffa11cdb071a0b8ad9fecc202,平滑操舵：Follow the Gap：目標が空き空間内 | target_deg=0.000 | gap_min_deg=-60.0 | gap_max_deg=30.0,,249.08831184604216,78.86886205596701,66.92935066534545,101.84742570358556,106.7902384946208,0,18.0,51.29740629403563,0
18.05,459.02630225842205,113.75741495016266,81.45889215165096,27.99999999999977,0.0,35.0,0.0,418,435,375,435,35.0,NEUTRAL,program,sonic_drive_smooth.py,function,bc4a84a5f90dcb414fa9a95aff361c8d4412f04ffa11cdb071a0b8ad9fecc202,平滑操舵：Follow the Gap：目標が空き空間内 | target_deg=0.000 | gap_min_deg=-60.0 | gap_max_deg=30.0,,249.91074171322455,77.636178627239,65.60057097659391,101.50450657978799,101.97813452090965,0,18.05,51.904842869329,0
18.1,460.4107756429808,113.96534149355904,81.45889215165096,27.99999999999982,0.0,35.0,0.0,418,435,375,435,35.0,NEUTRAL,program,sonic_drive_smooth.py,function,bc4a84a5f90dcb414fa9a95aff361c8d4412f04ffa11cdb071a0b8ad9fecc202,平滑操舵：Follow the Gap：目標が空き空間内 | target_deg=0.000 | gap_min_deg=-60.0 | gap_max_deg=30.0,,247.7449503294331,77.47152750481023,64.19169973442354,98.84178464271649,106.73545538041813,0,18.1,52.54119304036945,0
18.15,461.79524902753957,114.17326803695542,81.45889215165096,27.99999999999986,0.0,35.0,0.0,418,435,375,435,35.0,NEUTRAL,program,sonic_drive_smooth.py,function,bc4a84a5f90dcb414fa9a95aff361c8d4412f04ffa11cdb071a0b8ad9fecc202,平滑操舵：Follow the Gap：目標が空き空間内 | target_deg=0.000 | gap_min_deg=-60.0 | gap_max_deg=30.0,,249.94115614963593,78.21999899349021,65.80874478718945,98.38002471442158,104.20915363051773,0,18.15,53.205465934484835,0
18.2,463.1778988985506,114.38025894482256,81.51253260011981,27.935693704452714,-0.6522249188760411,34.64331449748966,-2.0382028714876284,418,432,375,435,34.64331449748966,NEUTRAL,program,sonic_drive_smooth.py,function,bc4a84a5f90dcb414fa9a95aff361c8d4412f04ffa11cdb071a0b8ad9fecc202,平滑操舵：Follow the Gap：目標が空き空間内 | target_deg=-1.630 | gap_min_deg=-60.0 | gap_max_deg=30.0,,250.0,76.85794594508819,63.48466772080337,93.4820771218462,106.1764530496419,0,18.2,53.90175844437728,0
18.25,464.5579404390833,114.5855204806919,81.56764505564013,27.883980735434893,-0.6714832526728981,34.63278259619451,-2.0983851646028064,418,432,375,435,34.63278259619451,NEUTRAL,program,sonic_drive_smooth.py,function,bc4a84a5f90dcb414fa9a95aff361c8d4412f04ffa11cdb071a0b8ad9fecc202,平滑操舵：Follow the Gap：目標が空き空間内 | target_deg=-1.678 | gap_min_deg=-60.0 | gap_max_deg=30.0,,250.0,81.28759392650285,64.90792765104732,92.20014307082279,108.26192690221541,0,18.25,54.62091362271153,0
18.3,465.9358875345987,114.78908779414039,81.62504737685776,27.841056497442896,-0.7005448503967386,34.61688953493928,-2.1892026574898082,418,432,375,435,34.61688953493928,NEUTRAL,program,sonic_drive_smooth.py,function,bc4a84a5f90dcb414fa9a95aff361c8d4412f04ffa11cdb071a0b8ad9fecc202,平滑操舵：Follow the Gap：目標が空き空間内 | target_deg=-1.751 | gap_min_deg=-60.0 | gap_max_deg=30.0,,248.47673346559975,76.20242912964802,62.279746417158215,92.40630784877479,108.15577574282021,0,18.3,55.36219183302482,0
18.35,467.31228412885,114.99104706120502,81.68001640747343,27.810649258524133,-0.6717040590067234,34.6326618427307,-2.0990751843960105,418,432,375,435,34.6326618427307,NEUTRAL,program,sonic_drive_smooth.py,function,bc4a84a5f90dcb414fa9a95aff361c8d4412f04ffa11cdb071a0b8ad9fecc202,平滑操舵：Follow the Gap：目標が空き空間内 | target_deg=-1.679 | gap_min_deg=-60.0 | gap_max_deg=30.0,,250.0,77.45496873734061,65.7371881824575,90.91156691760858,105.64261026418531,0,18.35,56.1243644777897,0
18.4,468.6876474344625,115.1915338060267,81.73279713193762,27.789674342303815,-0.6455392333870504,34.64697073174146,-2.0173101043345327,418,432,375,435,34.64697073174146,NEUTRAL,program,sonic_drive_smooth.py,function,bc4a84a5f90dcb414fa9a95aff361c8d4412f04ffa11cdb071a0b8ad9fecc202,平滑操舵：Follow the Gap：目標が空き空間内 | target_deg=-1.613 | gap_min_deg=-60.0 | gap_max_deg=30.0,,248.33025256171504,78.69492348390996,65.73866159554322,93.23895314533935,104.2014093600671,0,18.4,56.90690669147162,0
18.45,470.06222776964955,115.39058877397815,81.78759058643146,27.77095280710211,-0.6706270410516955,34.63325083692485,-2.0957095032865483,418,432,375,435,34.63325083692485,NEUTRAL,program,sonic_drive_smooth.py,function,bc4a84a5f90dcb414fa9a95aff361c8d4412f04ffa11cdb071a0b8ad9fecc202,平滑操舵：Follow the Gap：目標が空き空間内 | target_deg=-1.676 | gap_min_deg=-60.0 | gap_max_deg=30.0,,247.0467059272626,75.91410806335017,64.16559301170321,93.36555369388331,107.88570911212317,0,18.45,57.70952379563192,0
18.5,471.4362346047776,115.58823295844711,81.84126999766858,27.75775870587866,-0.6573572671112963,34.64050774454851,-2.054241459722801,418,432,375,435,34.64050774454851,NEUTRAL,program,sonic_drive_smooth.py,function,bc4a84a5f90dcb414fa9a95aff361c8d4412f04ffa11cdb071a0b8ad9fecc202,平滑操舵：Follow the Gap：目標が空き空間内 | target_deg=-1.643 | gap_min_deg=-60.0 | gap_max_deg=30.0,,249.52580810499092,79.83195164180768,64.98103885876755,93.96826375665418,105.11065384902764,0,18.5,58.53116427117917,0
18.55,472.81170730132425,115.7854303840084,81.84126999766858,27.8123503564499,-1.4210854715202004e-16,35.0,-4.440892098500626e-16,418,435,375,435,35.0,NEUTRAL,program,sonic_drive_smooth.py,function,bc4a84a5f90dcb414fa9a95aff361c8d4412f04ffa11cdb071a0b8ad9fecc202,平滑操舵：Follow the Gap：目標が空き空間内 | target_deg=0.000 | gap_min_deg=-60.0 | gap_max_deg=30.0,,249.08158225463197,76.47163355716832,66.16337470452123,93.30283955096843,102.4739410204005,0,18.55,59.36827361028295,0
18.6,474.1876925016447,115.98205105077294,81.89433423577225,27.79065313717433,-0.648976949382735,34.64509073080632,-2.028052966821047,418,432,375,435,34.64509073080632,NEUTRAL,program,sonic_drive_smooth.py,function,bc4a84a5f90dcb414fa9a95aff361c8d4412f04ffa11cdb071a0b8ad9fecc202,平滑操舵：Follow the Gap：目標が空き空間内 | target_deg=-1.622 | gap_min_deg=-60.0 | gap_max_deg=30.0,,250.0,80.92648675773495,64.9585195117431,91.62834800633868,107.47180705898393,0,18.6,60.22913137566437,0
18.65,475.56277339231417,116.17718744510019,81.95194806060886,27.768304910092702,-0.705173423069036,34.61435828425912,-2.2036669470907375,418,432,375,435,34.61435828425912,NEUTRAL,program,sonic_drive_smooth.py,function,bc4a84a5f90dcb414fa9a95aff361c8d4412f04ffa11cdb071a0b8ad9fecc202,平滑操舵：Follow the Gap：目標が空き空間内 | target_deg=-1.762 | gap_min_deg=-60.0 | gap_max_deg=30.0,,250.0,75.12555757775611,59.99740336141615,93.79353743667437,108.11600110959625,0,18.65,61.01125278032214,0
18.7,476.9370667244863,116.37079338782023,82.01030910788279,27.75004101955708,-0.7148298084908682,34.60907744848156,-2.233843151533963,418,432,375,435,34.60907744848156,NEUTRAL,program,sonic_drive_smooth.py,function,bc4a84a5f90dcb414fa9a95aff361c8d4412f04ffa11cdb071a0b8ad9fecc202,平滑操舵：Follow the Gap：目標が空き空間内 | target_deg=-1.787 | gap_min_deg=-60.0 | gap_max_deg=30.0,,249.70222282337897,77.19229316025132,62.4010868036039,93.7645772149307,107.77305711776467,0,18.7,60.83034676755824,0
18.75,478.310724061295,116.56286526996121,82.07011855740592,27.734100242440995,-0.7330137269685497,34.599133118064074,-2.290667896776718,418,432,375,435,34.599133118064074,NEUTRAL,program,sonic_drive_smooth.py,function,bc4a84a5f90dcb414fa9a95aff361c8d4412f04ffa11cdb071a0b8ad9fecc202,平滑操舵：Follow the Gap：目標が空き空間内 | target_deg=-1.832 | gap_min_deg=-60.0 | gap_max_deg=30.0,,250.0,79.82750548583306,58.92308797448885,94.23115144722165,106.04540093034511,0,18.75,60.65130275662858,0
18.8,479.6838989609999,116.75340878313936,82.1299019217904,27.721747523448183,-0.7330580033778678,34.599108904402726,-2.290806260555837,418,432,375,435,34.599108904402726,NEUTRAL,program,sonic_drive_smooth.py,function,bc4a84a5f90dcb414fa9a95aff361c8d4412f04ffa11cdb071a0b8ad9fecc202,平滑操舵：Follow the Gap：目標が空き空間内 | target_deg=-1.832 | gap_min_deg=-60.0 | gap_max_deg=30.0,,250.0,79.54740823617162,64.42281992569777,94.63009503940471,110.242132339195,0,18.8,60.473794321416165,0
18.85,481.0567544431118,116.94245235131977,82.18934052743026,27.712568323407254,-0.729105456768939,34.601270453329484,-2.2784545524029345,418,432,375,435,34.601270453329484,NEUTRAL,program,sonic_drive_smooth.py,function,bc4a84a5f90dcb414fa9a95aff361c8d4412f04ffa11cdb071a0b8ad9fecc202,平滑操舵：Follow the Gap：目標が空き空間内 | target_deg=-1.822 | gap_min_deg=-60.0 | gap_max_deg=30.0,,250.0,78.64923558779725,61.16344937223684,95.64591385215172,106.44801947212015,0,18.85,60.29772342109547,0
18.9,482.4294623636296,117.13004256698797,82.24731974893302,27.707205186880845,-0.7113821611526349,34.61096288061965,-2.223069253601984,418,432,375,435,34.61096288061965,NEUTRAL,program,sonic_drive_smooth.py,function,bc4a84a5f90dcb414fa9a95aff361c8d4412f04ffa11cdb071a0b8ad9fecc202,平滑操舵：Follow the Gap：目標が空き空間内 | target_deg=-1.778 | gap_min_deg=-60.0 | gap_max_deg=30.0,,250.0,74.08778095939695,62.01688765555839,95.86677238039556,105.20247528041504,0,18.9,60.122799603535185,0
18.95,483.8020448174252,117.31617111584063,82.3077437353619,27.700076557300296,-0.7415472260035326,34.594466360779315,-2.3173350812610396,418,432,375,435,34.594466360779315,NEUTRAL,program,sonic_drive_smooth.py,function,bc4a84a5f90dcb414fa9a95aff361c8d4412f04ffa11cdb071a0b8ad9fecc202,平滑操舵：Follow the Gap：目標が空き空間内 | target_deg=-1.853 | gap_min_deg=-60.0 | gap_max_deg=30.0,,250.0,74.5049867596409,58.92877192430772,87.93096614693417,107.44688193564618,0,18.95,59.94988440187919,0
19.0,485.17445672038116,117.50078153934524,82.36991058873986,27.69242560004444,-0.7631389312442397,34.5826583969758,-2.384809160138249,418,432,375,435,34.5826583969758,NEUTRAL,program,sonic_drive_smooth.py,function,bc4a84a5f90dcb414fa9a95aff361c8d4412f04ffa11cdb071a0b8ad9fecc202,平滑操舵：Follow the Gap：目標が空き空間内 | target_deg=-1.907 | gap_min_deg=-60.0 | gap_max_deg=30.0,,247.41071870053577,72.37771552539458,63.80511514301618,96.25048017972283,113.05556020671189,0,19.0,59.77888212896548,0
19.05,486.54676750058053,117.68387231675464,82.43128511652463,27.687441522736624,-0.7535780734964627,34.58788699105662,-2.354931479676446,418,432,375,435,34.58788699105662,NEUTRAL,program,sonic_drive_smooth.py,function,bc4a84a5f90dcb414fa9a95aff361c8d4412f04ffa11cdb071a0b8ad9fecc202,平滑操舵：Follow the Gap：目標が空き空間内 | target_deg=-1.883 | gap_min_deg=-60.0 | gap_max_deg=30.0,,249.32241856703024,75.54751336881517,61.75958479792842,98.06037986711851,108.16998359219939,0,19.05,59.60923965731874,0
19.1,487.9189586386876,117.86541579324258,82.4955743353122,27.680034483816534,-0.7895450749128672,34.568217537157025,-2.46732835910271,418,432,375,435,34.568217537157025,NEUTRAL,program,sonic_drive_smooth.py,function,bc4a84a5f90dcb414fa9a95aff361c8d4412f04ffa11cdb071a0b8ad9fecc202,平滑操舵：Follow the Gap：目標が空き空間内 | target_deg=-1.973 | gap_min_deg=-60.0 | gap_max_deg=30.0,,250.0,78.27020035627918,59.04028332888752,95.42116005052874,110.975906721665,0,19.1,59.44179761614694,0
19.15,489.290948400653,118.04533616766021,82.56235085727258,27.67126127239228,-0.8203318184407489,34.55138103679022,-2.5635369326273403,418,432,375,435,34.55138103679022,NEUTRAL,program,sonic_drive_smooth.py,function,bc4a84a5f90dcb414fa9a95aff361c8d4412f04ffa11cdb071a0b8ad9fecc202,平滑操舵：Follow the Gap：目標が空き空間内 | target_deg=-2.050 | gap_min_deg=-60.0 | gap_max_deg=30.0,,248.55120840054752,69.1088537153648,57.66548065090456,99.53928430532407,111.15237873848427,0,19.15,59.276539904497184,0
19.2,490.66280223898076,118.2236237328248,82.62821408105481,27.66555129284244,-0.8093161240422009,34.55740524466442,-2.529112887631878,418,432,375,435,34.55740524466442,NEUTRAL,program,sonic_drive_smooth.py,function,bc4a84a5f90dcb414fa9a95aff361c8d4412f04ffa11cdb071a0b8ad9fecc202,平滑操舵：Follow the Gap：目標が空き空間内 | target_deg=-2.023 | gap_min_deg=-60.0 | gap_max_deg=30.0,,248.7476174059587,72.51771086729676,60.81016359222092,94.78625728552873,110.59946527749551,0,19.2,59.11273006711801,0
19.25,492.03467255035355,118.40033013006688,82.69242624924954,27.663117661062163,-0.7891372344011551,34.56844057493687,-2.46605385750361,418,432,375,435,34.56844057493687,NEUTRAL,program,sonic_drive_smooth.py,function,bc4a84a5f90dcb414fa9a95aff361c8d4412f04ffa11cdb071a0b8ad9fecc202,平滑操舵：Follow the Gap：目標が空き空間内 | target_deg=-1.972 | gap_min_deg=-60.0 | gap_max_deg=30.0,,248.36618057928607,75.83037551653507,60.12223868945112,94.95435448990963,107.99075439449773,0,19.25,58.950153372425405,0
19.3,493.4066454377049,118.57549030630634,82.75635563061553,27.661569764695493,-0.785716273085922,34.57031141315613,-2.455363353393506,418,432,375,435,34.57031141315613,NEUTRAL,program,sonic_drive_smooth.py,function,bc4a84a5f90dcb414fa9a95aff361c8d4412f04ffa11cdb071a0b8ad9fecc202,平滑操舵：Follow the Gap：目標が空き空間内 | target_deg=-1.964 | gap_min_deg=-60.0 | gap_max_deg=30.0,,250.0,73.23814572848234,60.05683820803535,103.52268185369356,108.91785007555373,0,19.3,58.789075269989155,0
19.35,494.7786657434705,118.74907275989813,82.82260107342216,27.657555718905222,-0.8142671778824954,34.554697637095515,-2.544584930882798,418,432,375,435,34.554697637095515,NEUTRAL,program,sonic_drive_smooth.py,function,bc4a84a5f90dcb414fa9a95aff361c8d4412f04ffa11cdb071a0b8ad9fecc202,平滑操舵：Follow the Gap：目標が空き空間内 | target_deg=-2.035 | gap_min_deg=-60.0 | gap_max_deg=30.0,,250.0,75.3723326935049,56.66271350064419,99.04441751107842,109.60962646685084,0,19.35,58.63010040950056,0
19.4,496.1508171224465,118.92109629387919,82.88587514479582,27.658043245051935,-0.7777850641812131,34.5746487930259,-2.430578325566291,418,432,375,435,34.5746487930259,NEUTRAL,program,sonic_drive_smooth.py,function,bc4a84a5f90dcb414fa9a95aff361c8d4412f04ffa11cdb071a0b8ad9fecc202,平滑操舵：Follow the Gap：目標が空き空間内 | target_deg=-1.944 | gap_min_deg=-60.0 | gap_max_deg=30.0,,249.72324369233954,77.69761981601656,64.45388601232685,95.9164234768666,110.43931636164452,0,19.4,58.47204382785657,0
19.45,497.5231310279904,119.0915845256541,82.95051170844488,27.656768184784003,-0.79454770526433,34.56548172368357,-2.4829615789510315,418,432,375,435,34.56548172368357,NEUTRAL,program,sonic_drive_smooth.py,function,bc4a84a5f90dcb414fa9a95aff361c8d4412f04ffa11cdb071a0b8ad9fecc202,平滑操舵：Follow the Gap：目標が空き空間内 | target_deg=-1.986 | gap_min_deg=-60.0 | gap_max_deg=30.0,,250.0,74.25233706624238,60.638930030549304,94.20103909434076,111.50480709835885,0,19.45,58.315837980080346,0
19.5,498.89555404633495,119.26050477067082,83.01593843626938,27.65481810519605,-0.8043084945133704,34.560143792063,-2.5134640453542825,418,432,375,435,34.560143792063,NEUTRAL,program,sonic_drive_smooth.py,function,bc4a84a5f90dcb414fa9a95aff361c8d4412f04ffa11cdb071a0b8ad9fecc202,平滑操舵：Follow the Gap：目標が空き空間内 | target_deg=-2.010 | gap_min_deg=-60.0 | gap_max_deg=30.0,,246.99451126095147,72.80379108888904,57.53385830805811,98.06991894926388,108.5057619257282,0,19.5,58.16138980700464,0
19.55,500.26801277162764,119.42781343139217,83.08344111311595,27.650782175586595,-0.8299214985157619,34.546136680499195,-2.593504682861756,418,432,375,435,34.546136680499195,NEUTRAL,program,sonic_drive_smooth.py,function,bc4a84a5f90dcb414fa9a95aff361c8d4412f04ffa11cdb071a0b8ad9fecc202,平滑操舵：Follow the Gap：目標が空き空間内 | target_deg=-2.074 | gap_min_deg=-60.0 | gap_max_deg=30.0,,250.0,73.05597053908376,57.8733226224398,100.7373034254839,111.58714815823588,0,19.55,58.00902829967299,0
19.6,501.6404707016261,119.59347305541257,83.15161799811648,27.646826713802426,-0.8383303376691333,34.54153809658719,-2.6197823052160416,418,432,375,435,34.54153809658719,NEUTRAL,program,sonic_drive_smooth.py,function,bc4a84a5f90dcb414fa9a95aff361c8d4412f04ffa11cdb071a0b8ad9fecc202,平滑操舵：Follow the Gap：目標が空き空間内 | target_deg=-2.095 | gap_min_deg=-60.0 | gap_max_deg=30.0,,250.0,74.35326095058434,57.06910059606028,95.62983087999696,110.0700503503284,0,19.6,57.858481480871774,0
19.65,503.01301293523215,119.75750627031334,83.21813415805047,27.645769357825824,-0.8179774309027408,34.552668592475065,-2.556179471571065,418,432,375,435,34.552668592475065,NEUTRAL,program,sonic_drive_smooth.py,function,bc4a84a5f90dcb414fa9a95aff361c8d4412f04ffa11cdb071a0b8ad9fecc202,平滑操舵：Follow the Gap：目標が空き空間内 | target_deg=-2.044 | gap_min_deg=-60.0 | gap_max_deg=30.0,,248.09016675517992,71.00718500478956,61.73910485493953,92.8555499889999,111.39760635590673,0,19.65,57.709208763965705,0
19.7,504.3856927458781,119.91993755728068,83.28483579657643,27.644722357609314,-0.8202892115379288,34.5514043374402,-2.5634037860560275,418,432,375,435,34.5514043374402,NEUTRAL,program,sonic_drive_smooth.py,function,bc4a84a5f90dcb414fa9a95aff361c8d4412f04ffa11cdb071a0b8ad9fecc202,平滑操舵：Follow the Gap：目標が空き空間内 | target_deg=-2.050 | gap_min_deg=-60.0 | gap_max_deg=30.0,,250.0,68.3951113005337,57.01173255336991,98.8849985092884,108.44621997898781,0,19.7,57.56159481096091,0
19.75,505.7585508554361,120.08078173536184,83.35053453276964,27.64512668931547,-0.8079622588640841,34.5581456396837,-2.5248820589502627,418,432,375,435,34.5581456396837,NEUTRAL,program,sonic_drive_smooth.py,function,bc4a84a5f90dcb414fa9a95aff361c8d4412f04ffa11cdb071a0b8ad9fecc202,平滑操舵：Follow the Gap：目標が空き空間内 | target_deg=-2.019 | gap_min_deg=-60.0 | gap_max_deg=30.0,,249.6699736348769,73.22994468632119,60.266866017052976,98.52672490308184,109.87716123663239,0,19.75,57.41536050536152,0
19.8,507.1315988001683,120.24004850151539,83.41654927379858,27.645057130356495,-0.8118444957705175,34.5560225413755,-2.5370140492828672,418,432,375,435,34.5560225413755,NEUTRAL,program,sonic_drive_smooth.py,function,bc4a84a5f90dcb414fa9a95aff361c8d4412f04ffa11cdb071a0b8ad9fecc202,平滑操舵：Follow the Gap：目標が空き空間内 | target_deg=-2.029 | gap_min_deg=-60.0 | gap_max_deg=30.0,,250.0,71.04265264672911,57.72377663544794,100.4727786622016,108.74351738083706,0,19.8,57.270789184898916,0
19.85,508.504881886288,120.39775843902443,83.48097999113998,27.646926768741643,-0.792335229387384,34.56669167142878,-2.476047591835575,418,432,375,435,34.56669167142878,NEUTRAL,program,sonic_drive_smooth.py,function,bc4a84a5f90dcb414fa9a95aff361c8d4412f04ffa11cdb071a0b8ad9fecc202,平滑操舵：Follow the Gap：目標が空き空間内 | target_deg=-1.980 | gap_min_deg=-60.0 | gap_max_deg=30.0,,250.0,77.13029208625699,63.70528305235661,91.54977580777742,111.8218757457766,0,19.85,57.12743684739158,0
19.9,509.8783274829365,120.55388974076597,83.54810025409733,27.645113460262873,-0.825415962359168,34.548600645584834,-2.5794248823724,418,432,375,435,34.548600645584834,NEUTRAL,program,sonic_drive_smooth.py,function,bc4a84a5f90dcb414fa9a95aff361c8d4412f04ffa11cdb071a0b8ad9fecc202,平滑操舵：Follow the Gap：目標が空き空間内 | target_deg=-2.063 | gap_min_deg=-60.0 | gap_max_deg=30.0,,245.54186174128276,74.77427283229765,56.34526312907112,100.34424501561702,110.31505123118605,0,19.9,56.986277976923134,0
19.95,511.2518543842614,120.70839281947839,83.61586671534133,27.642919333769907,-0.8334231041916642,34.544221739895185,-2.6044472005989507,418,432,375,435,34.544221739895185,NEUTRAL,program,sonic_drive_smooth.py,function,bc4a84a5f90dcb414fa9a95aff361c8d4412f04ffa11cdb071a0b8ad9fecc202,平滑操舵：Follow the Gap：目標が空き空間内 | target_deg=-2.083 | gap_min_deg=-60.0 | gap_max_deg=30.0,,250.0,68.11626174761848,57.56753565462275,96.27842618212478,110.23286745193742,0,19.95,56.84690750029233,0
20.0,512.6254092616227,120.86123360427419,83.68532529808192,27.639158594026476,-0.8543275843360011,34.53278960231625,-2.6697737010500036,418,432,375,435,34.53278960231625,NEUTRAL,program,sonic_drive_smooth.py,function,bc4a84a5f90dcb414fa9a95aff361c8d4412f04ffa11cdb071a0b8ad9fecc202,平滑操舵：Follow the Gap：目標が空き空間内 | target_deg=-2.135 | gap_min_deg=-60.0 | gap_max_deg=30.0,,247.10075933276713,74.6288530590046,59.33076279536837,97.88484649995641,114.23102932111564,0,20.0,56.70959386402558,0
20.05,513.9990345515251,121.01241314487815,83.75342119802013,27.637890932843376,-0.8376375768696921,34.541916950149385,-2.617617427717788,418,432,375,435,34.541916950149385,NEUTRAL,program,sonic_drive_smooth.py,function,bc4a84a5f90dcb414fa9a95aff361c8d4412f04ffa11cdb071a0b8ad9fecc202,平滑操舵：Follow the Gap：目標が空き空間内 | target_deg=-2.093 | gap_min_deg=-60.0 | gap_max_deg=30.0,,250.0,74.38373536765275,60.62463160020758,96.47024287055976,111.7755631393557,0,20.05,56.573653227459886,0
20.1,515.3727054669982,121.1619184543239,83.82375029289295,27.634192483026318,-0.8651892982207556,34.52684960253553,-2.7037165569398613,418,432,375,435,34.52684960253553,NEUTRAL,program,sonic_drive_smooth.py,function,bc4a84a5f90dcb414fa9a95aff361c8d4412f04ffa11cdb071a0b8ad9fecc202,平滑操舵：Follow the Gap：目標が空き空間内 | target_deg=-2.162 | gap_min_deg=-60.0 | gap_max_deg=30.0,,247.53934782073162,72.9845440371155,57.37068369568821,99.88850689344929,113.42830375129665,0,20.1,56.43990357779617,0
20.15,516.7463187974942,121.30968379748745,83.89637852354213,27.628523712008285,-0.8936268289952329,34.51129782789323,-2.792583840610103,418,432,375,435,34.51129782789323,NEUTRAL,program,sonic_drive_smooth.py,function,bc4a84a5f90dcb414fa9a95aff361c8d4412f04ffa11cdb071a0b8ad9fecc202,平滑操舵：Follow the Gap：目標が空き空間内 | target_deg=-2.233 | gap_min_deg=-60.0 | gap_max_deg=30.0,,249.84093545077118,73.50546410247425,55.00511175920264,96.84737659716245,112.90384178045298,0,20.15,56.30842706799339,0
20.2,518.1198141393461,121.4556547703217,83.97071646826657,27.6220385920151,-0.9148638179998084,34.49968384953135,-2.8589494312494015,418,431,375,435,34.49968384953135,NEUTRAL,program,sonic_drive_smooth.py,function,bc4a84a5f90dcb414fa9a95aff361c8d4412f04ffa11cdb071a0b8ad9fecc202,平滑操舵：Follow the Gap：目標が空き空間内 | target_deg=-2.286 | gap_min_deg=-60.0 | gap_max_deg=30.0,,250.0,74.48557254494683,56.35686928277212,99.10483826444727,115.06458580038567,0,20.2,56.17914740028769,0
20.25,519.4934147075489,121.59990229587046,84.03949141791361,27.623759430645837,-0.8464582289237167,34.537093156057345,-2.6451819653866147,418,432,375,435,34.537093156057345,NEUTRAL,program,sonic_drive_smooth.py,function,bc4a84a5f90dcb414fa9a95aff361c8d4412f04ffa11cdb071a0b8ad9fecc202,平滑操舵：Follow the Gap：目標が空き空間内 | target_deg=-2.115 | gap_min_deg=-60.0 | gap_max_deg=30.0,,247.15143603959334,70.30174174326548,60.370984428602966,99.49741480362766,108.35050139443597,0,20.25,56.05035921840775,0
20.3,520.8672235188819,121.74249161290366,84.10934330083654,27.623787965053083,-0.8596890347597193,34.529857559115776,-2.6865282336241227,418,432,375,435,34.529857559115776,NEUTRAL,program,sonic_drive_smooth.py,function,bc4a84a5f90dcb414fa9a95aff361c8d4412f04ffa11cdb071a0b8ad9fecc202,平滑操舵：Follow the Gap：目標が空き空間内 | target_deg=-2.148 | gap_min_deg=-60.0 | gap_max_deg=30.0,,247.07520118289474,73.81662580257375,57.23589993377945,96.65077644409172,111.91887372221764,0,20.3,55.92348813270766,0
20.35,522.2412748488013,121.88343661289927,84.17725472845825,27.626168684552074,-0.835766837550949,34.542940010714325,-2.6117713673467158,418,432,375,435,34.542940010714325,NEUTRAL,program,sonic_drive_smooth.py,function,bc4a84a5f90dcb414fa9a95aff361c8d4412f04ffa11cdb071a0b8ad9fecc202,平滑操舵：Follow the Gap：目標が空き空間内 | target_deg=-2.089 | gap_min_deg=-60.0 | gap_max_deg=30.0,,250.0,70.25608136726476,57.895398886059205,96.76435269989547,108.40880574703594,0,20.35,55.797840940253764,0
20.4,523.615456763926,122.02270192559098,84.24907496601952,27.623268174725165,-0.8838899231430056,34.51662269828117,-2.7621560098218927,418,432,375,435,34.51662269828117,NEUTRAL,program,sonic_drive_smooth.py,function,bc4a84a5f90dcb414fa9a95aff361c8d4412f04ffa11cdb071a0b8ad9fecc202,平滑操舵：Follow the Gap：目標が空き空間内 | target_deg=-2.209 | gap_min_deg=-60.0 | gap_max_deg=30.0,,250.0,74.03807075993974,56.276265335241156,99.41015347761008,114.98348786784027,0,20.4,55.67477131487823,0
20.45,524.9898417416534,122.16030052129497,84.31652265143708,27.6263283289277,-0.8300637810377752,34.54605886974497,-2.5939493157430475,418,432,375,435,34.54605886974497,NEUTRAL,program,sonic_drive_smooth.py,function,bc4a84a5f90dcb414fa9a95aff361c8d4412f04ffa11cdb071a0b8ad9fecc202,平滑操舵：Follow the Gap：目標が空き空間内 | target_deg=-2.074 | gap_min_deg=-60.0 | gap_max_deg=30.0,,247.1632491696023,73.06109812350287,60.61787178298364,98.4070868354339,108.6222257396058,0,20.45,55.5523986246757,0
20.5,526.3644788543971,122.29627619190629,84.38512105083555,27.62730821351342,-0.8441682229820251,34.5383455030567,-2.6380256968188283,418,432,375,435,34.5383455030567,NEUTRAL,program,sonic_drive_smooth.py,function,bc4a84a5f90dcb414fa9a95aff361c8d4412f04ffa11cdb071a0b8ad9fecc202,平滑操舵：Follow the Gap：目標が空き空間内 | target_deg=-2.110 | gap_min_deg=-60.0 | gap_max_deg=30.0,,248.84911919746853,72.15370782919217,58.578722611377906,99.97647637472798,112.35453366946257,0,20.5,55.43192474128921,0
20.55,527.7392655300796,122.43058610782454,84.45525940801457,27.62619823716987,-0.8631248465429974,34.5279785995468,-2.697265145446867,418,432,375,435,34.5279785995468,NEUTRAL,program,sonic_drive_smooth.py,function,bc4a84a5f90dcb414fa9a95aff361c8d4412f04ffa11cdb071a0b8ad9fecc202,平滑操舵：Follow the Gap：目標が空き空間内 | target_deg=-2.157 | gap_min_deg=-60.0 | gap_max_deg=30.0,,250.0,71.99831948450172,56.77570729012945,100.02235732480332,112.08558778496733,0,20.55,55.313481390126384,0
20.6,529.114131327637,122.56319238173198,84.52642796125787,27.62408327900437,-0.875854937144339,34.52101683124919,-2.7370466785760597,418,432,375,435,34.52101683124919,NEUTRAL,program,sonic_drive_smooth.py,function,bc4a84a5f90dcb414fa9a95aff361c8d4412f04ffa11cdb071a0b8ad9fecc202,平滑操舵：Follow the Gap：目標が空き空間内 | target_deg=-2.189 | gap_min_deg=-60.0 | gap_max_deg=30.0,,250.0,71.69707643804487,56.78663771242423,95.73994830279496,112.44393680891358,0,20.6,55.1969920472317,0
20.65,530.4889944630803,122.69404925219779,84.59972038331523,27.619857376393153,-0.9020993260073906,34.50666443108971,-2.819060393773096,418,432,375,435,34.50666443108971,NEUTRAL,program,sonic_drive_smooth.py,function,bc4a84a5f90dcb414fa9a95aff361c8d4412f04ffa11cdb071a0b8ad9fecc202,平滑操舵：Follow the Gap：目標が空き空間内 | target_deg=-2.254 | gap_min_deg=-60.0 | gap_max_deg=30.0,,247.86990144212223,71.20159538907687,55.387031329332274,99.73009891744134,113.65742082424188,0,20.65,55.08275128812619,0
20.7,531.864040815783,122.82321689914794,84.66739477268516,27.62340187984545,-0.8329473919267485,34.54448189504006,-2.602960599771089,418,432,375,435,34.54448189504006,NEUTRAL,program,sonic_drive_smooth.py,function,bc4a84a5f90dcb414fa9a95aff361c8d4412f04ffa11cdb071a0b8ad9fecc202,平滑操舵：Follow the Gap：目標が空き空間内 | target_deg=-2.082 | gap_min_deg=-60.0 | gap_max_deg=30.0,,248.933275596859,69.13134081340802,61.752281430220606,99.07605284310128,108.83364602762842,0,20.7,54.96894246997866,0
20.75,533.2392825317725,122.95072717499389,84.73814374783808,27.622419580087413,-0.8707586527870553,34.52380386175708,-2.721120789959548,418,432,375,435,34.52380386175708,NEUTRAL,program,sonic_drive_smooth.py,function,bc4a84a5f90dcb414fa9a95aff361c8d4412f04ffa11cdb071a0b8ad9fecc202,平滑操舵：Follow the Gap：目標が空き空間内 | target_deg=-2.176 | gap_min_deg=-60.0 | gap_max_deg=30.0,,249.52727574848362,69.65443362641233,58.17571223531477,97.34682298811445,115.31994180575344,0,20.75,54.857505597829515,0
20.8,534.6145831865934,123.07651147405616,84.8104472204742,27.619766270253162,-0.8899520853233713,34.51330745333878,-2.7811002666355353,418,432,375,435,34.51330745333878,NEUTRAL,program,sonic_drive_smooth.py,function,bc4a84a5f90dcb414fa9a95aff361c8d4412f04ffa11cdb071a0b8ad9fecc202,平滑操舵：Follow the Gap：目標が空き空間内 | target_deg=-2.224 | gap_min_deg=-60.0 | gap_max_deg=30.0,,250.0,68.92537821435789,56.70481674112241,101.54283743339178,113.70844616692703,0,20.8,54.748165577134614,0
20.85,535.9898432498135,123.20051366803558,84.8851136641706,27.61483054700404,-0.9191661118165316,34.497331032600336,-2.8723940994266615,418,431,375,435,34.497331032600336,NEUTRAL,program,sonic_drive_smooth.py,function,bc4a84a5f90dcb414fa9a95aff361c8d4412f04ffa11cdb071a0b8ad9fecc202,平滑操舵：Follow the Gap：目標が空き空間内 | target_deg=-2.297 | gap_min_deg=-60.0 | gap_max_deg=30.0,,250.0,71.83614076797765,53.86909433856264,99.54342660063982,113.41992496761983,0,20.85,54.64116384344888,0
20.9,537.3653603758345,123.32283755540735,84.95106688674474,27.621587355188325,-0.8118565710358774,34.556015937714754,-2.537051784487117,418,432,375,435,34.556015937714754,NEUTRAL,program,sonic_drive_smooth.py,function,bc4a84a5f90dcb414fa9a95aff361c8d4412f04ffa11cdb071a0b8ad9fecc202,平滑操舵：Follow the Gap：目標が空き空間内 | target_deg=-2.029 | gap_min_deg=-60.0 | gap_max_deg=30.0,,250.0,74.69193459045759,58.5397754078101,104.32777025476342,101.55621849636609,0,20.9,54.53387237635266,0
20.95,538.7416725857606,123.44375958170228,85.00676884360064,27.639294476019632,-0.6853491787293085,34.625199667882406,-2.141716183529089,418,432,375,435,34.625199667882406,NEUTRAL,program,sonic_drive_smooth.py,function,bc4a84a5f90dcb414fa9a95aff361c8d4412f04ffa11cdb071a0b8ad9fecc202,平滑操舵：Follow the Gap：目標が空き空間内 | target_deg=-1.713 | gap_min_deg=-60.0 | gap_max_deg=30.0,,250.0,72.69341981494613,53.10350005903897,97.3730512085722,86.83128893786184,0,20.95,54.42565779912212,0
21.0,540.1208388263989,123.56425118315558,85.00702210451124,27.72058330002331,0.0,35.0,0.0,418,435,375,435,35.0,NEUTRAL,program,sonic_drive_smooth.py,function,bc4a84a5f90dcb414fa9a95aff361c8d4412f04ffa11cdb071a0b8ad9fecc202,平滑操舵：Follow the Gap：目標が空き空間内 | target_deg=0.000 | gap_min_deg=-60.0 | gap_max_deg=30.0,,245.49515050949384,72.8245682588815,57.32014923544244,100.61363312469463,60.31556776948381,0,21.0,54.30522399895668,0
21.05,541.5035029869465,123.68504786970126,85.00702210451124,27.783552823465737,0.0,35.0,0.0,418,435,375,435,35.0,NEUTRAL,program,sonic_drive_smooth.py,function,bc4a84a5f90dcb414fa9a95aff361c8d4412f04ffa11cdb071a0b8ad9fecc202,平滑操舵：Follow the Gap：目標が空き空間内 | target_deg=0.000 | gap_min_deg=-60.0 | gap_max_deg=30.0,,250.0,71.06747873677709,52.127607797010036,98.72006242702882,62.12822622255028,0,21.05,54.184427312411,0
21.1,542.8888767396311,123.80608128021898,85.00702210451124,27.832331495456202,0.0,35.0,0.0,418,435,375,435,35.0,NEUTRAL,program,sonic_drive_smooth.py,function,bc4a84a5f90dcb414fa9a95aff361c8d4412f04ffa11cdb071a0b8ad9fecc202,平滑操舵：Follow the Gap：目標が空き空間内 | target_deg=0.000 | gap_min_deg=-60.0 | gap_max_deg=30.0,,247.318124543205,69.85747512795805,57.81973754065943,97.10646624513325,60.61203658172164,0,21.1,54.06339390189328,0
21.15,544.2763494490626,123.92729806644529,85.00702210451124,27.870117375213237,0.0,35.0,0.0,418,435,375,435,35.0,NEUTRAL,program,sonic_drive_smooth.py,function,bc4a84a5f90dcb414fa9a95aff361c8d4412f04ffa11cdb071a0b8ad9fecc202,平滑操舵：Follow the Gap：目標が空き空間内 | target_deg=0.000 | gap_min_deg=-60.0 | gap_max_deg=30.0,,250.0,73.48525492658786,55.993940221036745,99.66366904640724,62.38426800506754,0,21.15,53.942177115666965,0
21.2,545.6654480930271,124.04865690271508,85.00702210451124,27.89938780531622,0.0,35.0,0.0,418,435,375,435,35.0,NEUTRAL,program,sonic_drive_smooth.py,function,bc4a84a5f90dcb414fa9a95aff361c8d4412f04ffa11cdb071a0b8ad9fecc202,平滑操舵：Follow the Gap：目標が空き空間内 | target_deg=0.000 | gap_min_deg=-60.0 | gap_max_deg=30.0,,250.0,69.92420817829068,60.39840930202822,96.73028094365965,61.94064231358893,0,21.2,53.82081827939717,0
21.25,547.0559140874358,124.16888207775693,85.12198987109826,27.922061832860972,-1.6,35.0,-5.0,418,429,375,435,35.0,NEUTRAL,program,sonic_drive_smooth.py,function,bc4a84a5f90dcb414fa9a95aff361c8d4412f04ffa11cdb071a0b8ad9fecc202,平滑操舵：安全制御優先：仕切り壁予防：右壁の向き・離隔を保持 | target_deg=-3.995,,250.0,70.17030357421545,58.05436727437215,98.91045090400263,67.59560370362273,0,21.25,53.726854533632945,0
21.3,548.447727728474,124.28479973974974,85.36869233392292,27.939626027281452,-3.2,35.0,-10.0,418,424,375,435,35.0,NEUTRAL,program,sonic_drive_smooth.py,function,bc4a84a5f90dcb414fa9a95aff361c8d4412f04ffa11cdb071a0b8ad9fecc202,平滑操舵：安全制御優先：仕切り壁予防：右壁の向き・離隔を保持 | target_deg=-7.957,,250.0,68.85858494680244,55.23605398499471,102.49628658699336,64.00414827437346,0,21.3,53.66744115090361,0
21.35,549.8379615430932,124.39421158005861,85.63146607942281,27.85858047933355,-3.2,34.475,-10.0,418,424,375,435,34.475,NEUTRAL,program,sonic_drive_smooth.py,function,bc4a84a5f90dcb414fa9a95aff361c8d4412f04ffa11cdb071a0b8ad9fecc202,平滑操舵：安全制御優先：仕切り壁予防：右壁の向き・離隔を保持 | target_deg=-7.957,,250.0,70.61330977537116,55.448654244393495,99.38971843986295,65.18941381377282,0,21.35,53.6184407917917,0
21.4,551.2251908211335,124.49699564688645,85.89358018527884,27.795799407101796,-3.2,34.475,-10.0,418,424,375,435,34.475,NEUTRAL,program,sonic_drive_smooth.py,function,bc4a84a5f90dcb414fa9a95aff361c8d4412f04ffa11cdb071a0b8ad9fecc202,平滑操舵：安全制御優先：仕切り壁予防：右壁の向き・離隔を保持 | target_deg=-7.957,,250.0,72.77451892057553,52.16229889011776,94.10552612969786,60.775302498940334,0,21.4,53.576147840591176,0
21.45,552.610170122275,124.59325060322213,86.15518330829661,27.747166716838507,-3.2,34.475,-10.0,418,424,375,435,34.475,NEUTRAL,program,sonic_drive_smooth.py,function,bc4a84a5f90dcb414fa9a95aff361c8d4412f04ffa11cdb071a0b8ad9fecc202,平滑操舵：安全制御優先：仕切り壁予防：右壁の向き・離隔を保持 | target_deg=-7.957,,250.0,70.926632675858,55.56672066184615,95.63919265398498,66.16585148952731,0,21.45,53.5404951313063,0
21.5,553.9934779306116,124.68304969641854,86.4163906038903,27.70949392027469,-3.2,34.475,-10.0,418,424,375,435,34.475,NEUTRAL,program,sonic_drive_smooth.py,function,bc4a84a5f90dcb414fa9a95aff361c8d4412f04ffa11cdb071a0b8ad9fecc202,平滑操舵：安全制御優先：仕切り壁予防：右壁の向き・離隔を保持 | target_deg=-7.957,,250.0,69.3619010756814,51.417332332414375,99.14464656218021,66.42598446746698,0,21.5,53.51143364248347,0
21.55,555.3755562417172,124.76644716828632,86.67729127597732,27.680311088865295,-3.2,34.475,-10.0,418,424,375,435,34.475,NEUTRAL,program,sonic_drive_smooth.py,function,bc4a84a5f90dcb414fa9a95aff361c8d4412f04ffa11cdb071a0b8ad9fecc202,平滑操舵：安全制御優先：仕切り壁予防：右壁の向き・離隔を保持 | target_deg=-7.957,,248.67695533842178,68.23271715937521,54.130474150720566,96.99060833275522,66.10381240684205,0,21.55,53.48892769899092,0
21.6,556.7567412522217,124.84348306761648,86.93795442542421,27.657704918717393,-3.2,34.475,-10.0,418,424,375,435,34.475,NEUTRAL,program,sonic_drive_smooth.py,function,bc4a84a5f90dcb414fa9a95aff361c8d4412f04ffa11cdb071a0b8ad9fecc202,平滑操舵：安全制御優先：仕切り壁予防：右壁の向き・離隔を保持 | target_deg=-7.957,,250.0,71.62444694771621,55.47886060414329,98.68606942665593,61.85197984954775,0,21.6,53.47295141424749,0
21.65,558.1372871508455,124.91418686197505,87.19843358048274,27.640193289308076,-3.2,34.475,-10.0,418,424,375,435,34.475,NEUTRAL,program,sonic_drive_smooth.py,function,bc4a84a5f90dcb414fa9a95aff361c8d4412f04ffa11cdb071a0b8ad9fecc202,平滑操舵：安全制御優先：仕切り壁予防：右壁の向き・離隔を保持 | target_deg=-7.957,,247.3238792932257,74.00361977145646,54.97052567757485,97.52928594716951,64.05022426057079,0,21.65,53.46348605504241,0
21.7,559.5173845610099,124.97858014693935,87.4587702062442,27.626628091728698,-3.2,34.475,-10.0,418,424,375,435,34.475,NEUTRAL,program,sonic_drive_smooth.py,function,bc4a84a5f90dcb414fa9a95aff361c8d4412f04ffa11cdb071a0b8ad9fecc202,平滑操舵：安全制御優先：仕切り壁予防：右壁の向き・離隔を保持 | target_deg=-7.957,,247.85326679855652,69.37721845009786,50.92242303625462,96.74359963143684,64.15417758475219,0,21.7,53.46051809234194,0
21.75,560.8971748370026,125.03667867697143,87.71899642320057,27.616119955617183,-3.2,34.475,-10.0,418,424,375,435,34.475,NEUTRAL,program,sonic_drive_smooth.py,function,bc4a84a5f90dcb414fa9a95aff361c8d4412f04ffa11cdb071a0b8ad9fecc202,平滑操舵：安全制御優先：仕切り壁予防：右壁の向き・離隔を保持 | target_deg=-7.957,,247.59849403712624,70.84358192894504,52.57778888410118,97.36605432729975,63.92056900077344,0,21.75,53.464037761855934,0
21.8,562.2767611456696,125.08849388657652,87.9791371131497,27.607979939676245,-3.2,34.475,-10.0,418,424,375,435,34.475,NEUTRAL,program,sonic_drive_smooth.py,function,bc4a84a5f90dcb414fa9a95aff361c8d4412f04ffa11cdb071a0b8ad9fecc202,平滑操舵：安全制御優先：仕切り壁予防：右壁の向き・離隔を保持 | target_deg=-7.957,,248.07417729703212,72.84248987697264,53.68857264889489,93.73521694251727,63.12206063662081,0,21.8,53.47403800308044,0
21.85,563.6562170562113,125.13403402863258,88.23921155051198,27.601674362853142,-3.2,34.475,-10.0,418,424,375,435,34.475,NEUTRAL,program,sonic_drive_smooth.py,function,bc4a84a5f90dcb414fa9a95aff361c8d4412f04ffa11cdb071a0b8ad9fecc202,平滑操舵：安全制御優先：仕切り壁予防：右壁の向き・離隔を保持 | target_deg=-7.957,,248.42553458384123,72.20844486021322,54.96165939083421,95.38806904431036,65.72874071612793,0,21.85,53.49051367902675,0
21.9,565.0355931982936,125.17330502535485,88.49923466601194,27.596789814793222,-3.2,34.475,-10.0,418,424,375,435,34.475,NEUTRAL,program,sonic_drive_smooth.py,function,bc4a84a5f90dcb414fa9a95aff361c8d4412f04ffa11cdb071a0b8ad9fecc202,平滑操舵：安全制御優先：仕切り壁予防：右壁の向き・離隔を保持 | target_deg=-7.957,,250.0,76.31465824440674,53.782279009803354,94.38487738073141,63.79246303720633,0,21.9,53.51346100382625,0
21.95,566.4149224227808,125.20631110370323,88.75921802557673,27.59300605155966,-3.2,34.475,-10.0,418,424,375,435,34.475,NEUTRAL,program,sonic_drive_smooth.py,function,bc4a84a5f90dcb414fa9a95aff361c8d4412f04ffa11cdb071a0b8ad9fecc202,平滑操舵：安全制御優先：仕切り壁予防：右壁の向き・離隔を保持 | target_deg=-7.957,,249.44842314619063,74.94148484679117,52.461165565341055,94.86737630192509,63.28558842774199,0,21.95,53.54287712403891,0
22.0,567.7942238017829,125.23305526922857,89.01917058862915,27.590074999590872,-3.2,34.475,-10.0,418,424,375,435,34.475,NEUTRAL,program,sonic_drive_smooth.py,function,bc4a84a5f90dcb414fa9a95aff361c8d4412f04ffa11cdb071a0b8ad9fecc202,平滑操舵：安全制御優先：仕切り壁予防：右壁の向き・離隔を保持 | target_deg=-7.957,,250.0,75.19032847851523,51.79305018604806,92.48157576476451,63.426906725204375,0,22.0,53.57875981339541,0
22.05,569.1735057290233,125.25353965893876,89.27909929549048,27.587804491339313,-3.2,34.475,-10.0,418,424,375,435,34.475,NEUTRAL,program,sonic_drive_smooth.py,function,bc4a84a5f90dcb414fa9a95aff361c8d4412f04ffa11cdb071a0b8ad9fecc202,平滑操舵：安全制御優先：仕切り壁予防：右壁の向き・離隔を保持 | target_deg=-7.957,,250.0,72.13787062389574,52.43310690910616,94.75459036967428,66.86675224328218,0,22.05,53.62110725107448,0
22.1,570.5527683228576,125.26776580366628,89.53900952240696,27.586045666256958,-3.2,34.475,-10.0,418,424,375,435,34.475,NEUTRAL,program,sonic_drive_smooth.py,function,bc4a84a5f90dcb414fa9a95aff361c8d4412f04ffa11cdb071a0b8ad9fecc202,平滑操舵：安全制御優先：仕切り壁予防：右壁の向き・離隔を保持 | target_deg=-7.957,,250.0,78.36840344592419,54.66856350010004,93.46655933879201,68.16899199158006,0,22.1,53.669917861347756,0
22.15,571.9320052052996,125.27575135188259,89.79753215035885,27.58468321110261,-3.1831261406621936,34.475,-9.947269189569354,418,424,375,435,34.475,NEUTRAL,program,sonic_drive_smooth.py,function,bc4a84a5f90dcb414fa9a95aff361c8d4412f04ffa11cdb071a0b8ad9fecc202,平滑操舵：安全制御優先：仕切り壁予防：右壁の向き・離隔を保持 | target_deg=-7.915,,246.5215957660189,75.24969044405547,54.13810844435718,89.88536828135238,66.02529698922213,0,22.15,53.724838958795004,0
22.2,573.3112553710721,125.27767574632286,90.04258444236143,27.585291482509437,-3.0176029013673156,34.48422789182536,-9.430009066772861,418,425,375,435,34.48422789182536,NEUTRAL,program,sonic_drive_smooth.py,function,bc4a84a5f90dcb414fa9a95aff361c8d4412f04ffa11cdb071a0b8ad9fecc202,平滑操舵：安全制御優先：仕切り壁予防：右壁の向き・離隔を保持 | target_deg=-7.508,,250.0,76.34531905601654,55.680246564180116,86.8621660032305,62.58743370250375,0,22.2,53.761921674443414,0
22.25,574.6910201871443,125.27367345041581,90.28981136597804,27.602082482864542,-3.0431881620703223,34.57474841331475,-9.509963006469757,418,425,375,435,34.57474841331475,NEUTRAL,program,sonic_drive_smooth.py,function,bc4a84a5f90dcb414fa9a95aff361c8d4412f04ffa11cdb071a0b8ad9fecc202,平滑操舵：安全制御優先：仕切り壁予防：右壁の向き・離隔を保持 | target_deg=-7.571,,246.3772353162045,71.48239954598783,54.504344388753616,91.93752939155173,66.42969541749282,0,22.25,53.70564050067247,0
22.3,576.0714052688984,125.26387972249529,90.52319345088415,27.61256686698004,-2.871713304020218,34.56075647386779,-8.974104075063181,418,425,375,435,34.56075647386779,NEUTRAL,program,sonic_drive_smooth.py,function,bc4a84a5f90dcb414fa9a95aff361c8d4412f04ffa11cdb071a0b8ad9fecc202,平滑操舵：安全制御優先：仕切り壁予防：右壁の向き・離隔を保持 | target_deg=-7.148,,250.0,73.57133693895791,51.78647429310572,91.31626665538592,66.63517493834487,0,22.3,53.65869869117037,0
22.35,577.4526985005815,125.24812820951776,90.78348941286345,27.63759509455595,-3.2,34.65453178686394,-10.0,418,424,375,435,34.65453178686394,NEUTRAL,program,sonic_drive_smooth.py,function,bc4a84a5f90dcb414fa9a95aff361c8d4412f04ffa11cdb071a0b8ad9fecc202,平滑操舵：安全制御優先：仕切り壁予防：右壁の向き・離隔を保持 | target_deg=-7.957,,247.75391025851164,75.22819844136329,54.96936573511441,89.49277111949498,61.71930390355576,0,22.35,53.61137011911214,0
22.4,578.8340094765487,125.22609974894412,91.0438048915995,27.624615427781876,-3.2,34.475,-10.0,418,424,375,435,34.475,NEUTRAL,program,sonic_drive_smooth.py,function,bc4a84a5f90dcb414fa9a95aff361c8d4412f04ffa11cdb071a0b8ad9fecc202,平滑操舵：安全制御優先：仕切り壁予防：右壁の向き・離隔を保持 | target_deg=-7.957,,250.0,75.12289687105289,53.34867501289766,90.44651998043268,63.486814721817524,0,22.4,53.570524110510036,0
22.45,580.2146456128783,125.1978085005854,91.30401472723742,27.614560866884695,-3.2,34.475,-10.0,418,424,375,435,34.475,NEUTRAL,program,sonic_drive_smooth.py,function,bc4a84a5f90dcb414fa9a95aff361c8d4412f04ffa11cdb071a0b8ad9fecc202,平滑操舵：安全制御優先：仕切り壁予防：右壁の向き・離隔を保持 | target_deg=-7.957,,250.0,78.72336508671356,55.21632734112269,92.1836701626662,65.51753188413194,0,22.45,53.53617792812588,0
22.5,581.5947048902538,125.16325923608133,91.56414272757252,27.606772208162187,-3.2,34.475,-10.0,418,424,375,435,34.475,NEUTRAL,program,sonic_drive_smooth.py,function,bc4a84a5f90dcb414fa9a95aff361c8d4412f04ffa11cdb071a0b8ad9fecc202,平滑操舵：安全制御優先：仕切り壁予防：右壁の向き・離隔を保持 | target_deg=-7.957,,248.1164988553302,73.96485467969195,50.546461136702625,89.42847493406191,62.76386909691741,0,22.5,53.5083221321232,0
22.55,582.9742702802655,125.1229021829874,91.78710046748233,27.60073880647354,-2.74416938555167,34.475,-8.575529329848969,418,425,375,435,34.475,NEUTRAL,program,sonic_drive_smooth.py,function,bc4a84a5f90dcb414fa9a95aff361c8d4412f04ffa11cdb071a0b8ad9fecc202,平滑操舵：安全制御優先：仕切り壁予防：右壁の向き・離隔を保持 | target_deg=-6.833,,247.21543007974697,78.06118219454726,52.94676865064236,85.40241661234633,63.76289939513969,0,22.55,53.49536152783068,0
22.6,584.3547815995995,125.07765844153731,91.96708523334019,27.64100784098913,-2.214089452275884,34.72428236727643,-6.919029538362137,418,427,375,435,34.72428236727643,NEUTRAL,program,sonic_drive_smooth.py,function,bc4a84a5f90dcb414fa9a95aff361c8d4412f04ffa11cdb071a0b8ad9fecc202,平滑操舵：安全制御優先：仕切り壁予防：右壁の向き・離隔を保持 | target_deg=-5.521,,249.2905992318725,77.45340078536405,52.66659604380646,87.60360690325949,65.36986670354503,0,22.6,53.49767927158092,0
22.65,585.7384249182163,125.02914423074269,92.03849891910983,27.721910539984453,-0.7084128435573251,35.0,-2.213790136116641,418,432,375,435,35.0,NEUTRAL,program,sonic_drive_smooth.py,function,bc4a84a5f90dcb414fa9a95aff361c8d4412f04ffa11cdb071a0b8ad9fecc202,平滑操舵：安全制御優先：仕切り壁予防：右壁の向き・離隔を保持 | target_deg=-1.771,,250.0,79.02509196134051,51.89778794679032,85.63029188017902,68.26560184925789,0,22.65,53.52919008348269,0
22.7,587.1254913163167,124.97857248766906,92.13760190689413,27.784580955793533,-1.2136262084353466,35.0,-3.7925819013604585,418,431,375,435,35.0,NEUTRAL,program,sonic_drive_smooth.py,function,bc4a84a5f90dcb414fa9a95aff361c8d4412f04ffa11cdb071a0b8ad9fecc202,平滑操舵：安全制御優先：仕切り壁予防：右壁の向き・離隔を保持 | target_deg=-3.032,,250.0,79.99271679326904,55.886112149567815,84.40056245542567,62.23689712444958,0,22.7,53.55619269159689,0
22.75,588.5151555785824,124.92504318991058,92.27423680348613,27.83312792723524,-1.66976608181651,35.0,-5.218019005676594,418,429,375,435,35.0,NEUTRAL,program,sonic_drive_smooth.py,function,bc4a84a5f90dcb414fa9a95aff361c8d4412f04ffa11cdb071a0b8ad9fecc202,平滑操舵：安全制御優先：仕切り壁予防：右壁の向き・離隔を保持 | target_deg=-4.168,,250.0,79.30001035200853,53.87269484670133,88.47390728099079,65.09270724184232,0,22.75,53.57727844163199,0
22.8,589.9067967249937,124.86843758092867,92.38425669353279,27.870734322625072,-1.342623758766793,35.0,-4.195699246146228,418,430,375,435,35.0,NEUTRAL,program,sonic_drive_smooth.py,function,bc4a84a5f90dcb414fa9a95aff361c8d4412f04ffa11cdb071a0b8ad9fecc202,平滑操舵：安全制御優先：仕切り壁予防：右壁の向き・離隔を保持 | target_deg=-3.353,,249.91666557893748,81.68376875971073,52.757631476936595,84.18567354924451,63.50907592753163,0,22.8,53.60780374348374,0
22.85,591.2999914630418,124.81007894813024,92.40765051326332,27.89986571707086,-0.2070887923028141,35.0,-0.6471524759462941,418,434,375,435,35.0,NEUTRAL,program,sonic_drive_smooth.py,function,bc4a84a5f90dcb414fa9a95aff361c8d4412f04ffa11cdb071a0b8ad9fecc202,平滑操舵：安全制御優先：仕切り壁予防：右壁の向き・離隔を保持 | target_deg=-0.518,,247.90189417645774,80.02730327186605,54.815843831534124,84.89580257209026,67.66966894190317,0,22.85,53.6606218748436,0
22.9,592.6944113022475,124.75090691072693,92.45211282582636,27.922432042121663,-0.5415565365189491,35.0,-1.692364176621716,418,433,375,435,35.0,NEUTRAL,program,sonic_drive_smooth.py,function,bc4a84a5f90dcb414fa9a95aff361c8d4412f04ffa11cdb071a0b8ad9fecc202,平滑操舵：安全制御優先：仕切り壁予防：右壁の向き・離隔を保持 | target_deg=-1.354,,250.0,79.76961042070091,51.98652483041586,84.98663692780279,64.25547025459375,0,22.9,53.709268492944204,0
22.95,594.0897515411957,124.69044751249425,92.50997860668491,27.939912805950055,-0.7043060637009938,35.0,-2.2009564490656057,418,432,375,435,35.0,NEUTRAL,program,sonic_drive_smooth.py,function,bc4a84a5f90dcb414fa9a95aff361c8d4412f04ffa11cdb071a0b8ad9fecc202,平滑操舵：安全制御優先：仕切り壁予防：右壁の向き・離隔を保持 | target_deg=-1.760,,250.0,77.95774206911086,52.23941076074629,83.86812805186541,63.334693167382824,0,22.95,53.756039063762415,0
23.0,595.4857364503084,124.62748293216936,92.66153722474951,27.95345409383526,-1.9375185189617639,35.0,-6.054745371755512,418,428,375,435,35.0,NEUTRAL,program,sonic_drive_smooth.py,function,bc4a84a5f90dcb414fa9a95aff361c8d4412f04ffa11cdb071a0b8ad9fecc202,平滑操舵：安全制御優先：仕切り壁予防：右壁の向き・離隔を保持 | target_deg=-4.834,,250.0,81.27110387442194,56.12692284699455,83.99972529846359,59.27902214937783,0,23.0,53.78320197608318,0
23.05,596.8821825366027,124.56181072375146,92.71367399388305,27.963943708556336,-0.48220513970667866,35.0,-1.5068910615833708,418,433,375,435,35.0,NEUTRAL,program,sonic_drive_smooth.py,function,bc4a84a5f90dcb414fa9a95aff361c8d4412f04ffa11cdb071a0b8ad9fecc202,平滑操舵：安全制御優先：仕切り壁予防：右壁の向き・離隔を保持 | target_deg=-1.205,,250.0,82.42383775409789,53.88774196739828,82.46318615734828,65.6347709887579,0,23.05,53.83657546456902,0
23.1,598.2789820119968,124.49404682115973,92.84783690365225,27.972069377099047,-1.7267801987417402,35.0,-5.396188121067938,418,429,375,435,35.0,NEUTRAL,program,sonic_drive_smooth.py,function,bc4a84a5f90dcb414fa9a95aff361c8d4412f04ffa11cdb071a0b8ad9fecc202,平滑操舵：安全制御優先：仕切り壁予防：右壁の向き・離隔を保持 | target_deg=-4.310,,250.0,81.20791145857591,59.15761769631494,86.94450302706325,62.16521958707282,0,23.1,53.872731795674866,0
23.15,599.6759596895499,124.42280214828925,92.99117635173639,27.978363839862617,-1.7415151325027933,35.0,-5.442234789071229,418,429,375,435,35.0,NEUTRAL,program,sonic_drive_smooth.py,function,bc4a84a5f90dcb414fa9a95aff361c8d4412f04ffa11cdb071a0b8ad9fecc202,平滑操舵：安全制御優先：仕切り壁予防：右壁の向き・離隔を保持 | target_deg=-4.347,,248.98698153328638,80.15101564298482,56.66122173714229,84.73479132653614,62.622737456236436,0,23.15,53.91027171483793,0
23.2,601.073033125279,124.34817586666378,93.12405159873384,27.98323977853446,-1.6141357652298962,35.0,-5.0441742663434255,418,429,375,435,35.0,NEUTRAL,program,sonic_drive_smooth.py,function,bc4a84a5f90dcb414fa9a95aff361c8d4412f04ffa11cdb071a0b8ad9fecc202,平滑操舵：安全制御優先：仕切り壁予防：右壁の向き・離隔を保持 | target_deg=-4.030,,249.00229364677125,86.16956073965906,57.58888774648071,82.49848339248247,61.19949607369697,0,23.2,53.95371369239024,0
23.25,602.4700842853949,124.26931426469626,93.34277355641211,27.987016872597064,-2.730265165765211,35.0,-8.532078643016284,418,426,375,435,35.0,NEUTRAL,program,sonic_drive_smooth.py,function,bc4a84a5f90dcb414fa9a95aff361c8d4412f04ffa11cdb071a0b8ad9fecc202,平滑操舵：安全制御優先：仕切り壁予防：右壁の向き・離隔を保持 | target_deg=-6.799,,246.9809692891977,81.49350003802343,54.99305729518456,88.54817231267795,62.00313547753184,0,23.25,53.9813697164503,0
23.3,603.865547239905,124.18548220330422,93.53301993593345,27.941604929289845,-2.312217565696396,34.73188623747215,-7.225679892801237,418,427,375,435,34.73188623747215,NEUTRAL,program,sonic_drive_smooth.py,function,bc4a84a5f90dcb414fa9a95aff361c8d4412f04ffa11cdb071a0b8ad9fecc202,平滑操舵：安全制御優先：仕切り壁予防：右壁の向き・離隔を保持 | target_deg=-5.764,,250.0,80.21243957595333,53.37289546619968,83.03584986728374,61.075173968803995,0,23.3,54.020790642239575,0
23.35,605.2600495072907,124.09770175700433,93.67072879160321,27.947644568409892,-1.674977583709894,34.96050601875978,-5.234304949093419,418,429,375,435,34.96050601875978,NEUTRAL,program,sonic_drive_smooth.py,function,bc4a84a5f90dcb414fa9a95aff361c8d4412f04ffa11cdb071a0b8ad9fecc202,平滑操舵：安全制御優先：仕切り壁予防：右壁の向き・離隔を保持 | target_deg=-4.181,,248.41889323097166,82.72278729491961,58.85227718655874,81.30080220622301,61.072871126128284,0,23.35,54.076498879956205,0
23.4,606.6548152476064,124.00659337760267,93.80396004690192,27.959443421438817,-1.6199937749818742,35.0,-5.062480546818357,418,429,375,435,35.0,NEUTRAL,program,sonic_drive_smooth.py,function,bc4a84a5f90dcb414fa9a95aff361c8d4412f04ffa11cdb071a0b8ad9fecc202,平滑操舵：安全制御優先：仕切り壁予防：右壁の向き・離隔を保持 | target_deg=-4.044,,246.6696743647087,83.41161014466155,58.41502414439016,82.35389734401414,60.9262217780911,0,23.4,54.13663767105044,0
23.45,608.0498615092122,123.91202656315038,93.95205927040263,27.96858327751995,-1.8000083689690545,35.0,-5.625026153028295,418,429,375,435,35.0,NEUTRAL,program,sonic_drive_smooth.py,function,bc4a84a5f90dcb414fa9a95aff361c8d4412f04ffa11cdb071a0b8ad9fecc202,平滑操舵：安全制御優先：仕切り壁予防：右壁の向き・離隔を保持 | target_deg=-4.492,,247.44662273832736,85.462104650475,58.45528820387089,85.30790971351169,62.69402298562225,0,23.45,54.19684806058859,0
23.5,609.4450146743013,123.81329429013097,94.14386513216897,27.9756633698797,-2.3300456053401906,35.0,-7.281392516688096,418,427,375,435,35.0,NEUTRAL,program,sonic_drive_smooth.py,function,bc4a84a5f90dcb414fa9a95aff361c8d4412f04ffa11cdb071a0b8ad9fecc202,平滑操舵：安全制御優先：仕切り壁予防：右壁の向き・離隔を保持 | target_deg=-5.808,,250.0,82.76363889223688,54.65374749205323,88.46614577285153,63.77835841430831,0,23.5,54.25119341199948,0
23.55,610.8399509540897,123.71101980558893,94.23520470410267,27.972269816903573,-0.9993260911936898,34.95075630957958,-3.1228940349802805,418,431,375,435,34.95075630957958,NEUTRAL,program,sonic_drive_smooth.py,function,bc4a84a5f90dcb414fa9a95aff361c8d4412f04ffa11cdb071a0b8ad9fecc202,平滑操舵：安全制御優先：仕切り壁予防：右壁の向き・離隔を保持 | target_deg=-2.497,,248.77170937345517,84.9267608114184,52.95400713227644,81.0793109129625,63.37613944965738,0,23.55,54.284442640938664,0
23.6,612.2348974533382,123.60723234992753,94.27500926488051,27.97851910842659,-0.48374348095693337,35.0,-1.5116983779904167,418,433,375,435,35.0,NEUTRAL,program,sonic_drive_smooth.py,function,bc4a84a5f90dcb414fa9a95aff361c8d4412f04ffa11cdb071a0b8ad9fecc202,平滑操舵：安全制御優先：仕切り壁予防：右壁の向き・離隔を保持 | target_deg=-1.209,,249.51186082447316,84.4389636589744,56.70427235112699,82.4194958574261,63.75588277211437,0,23.6,54.28688592504745,0
23.65,613.6300636514169,123.50276151568052,94.28968767030011,27.98336005567709,-0.17835540920244455,35.0,-0.5573606537576392,418,434,375,435,35.0,NEUTRAL,program,sonic_drive_smooth.py,function,bc4a84a5f90dcb414fa9a95aff361c8d4412f04ffa11cdb071a0b8ad9fecc202,平滑操舵：安全制御優先：仕切り壁予防：右壁の向き・離隔を保持 | target_deg=-0.446,,248.1047117100867,84.91943041885068,54.6885959405357,84.37007888455625,65.58022882325051,0,23.65,54.28742039140452,0
23.7,615.0254832141931,123.39887689373818,94.22080622298205,27.9871100440071,0.9064716940075453,35.0,2.8327240437735792,418,437,375,435,35.0,NEUTRAL,program,sonic_drive_smooth.py,function,bc4a84a5f90dcb414fa9a95aff361c8d4412f04ffa11cdb071a0b8ad9fecc202,平滑操舵：安全制御優先：仕切り壁予防：右壁の向き・離隔を保持 | target_deg=2.265,,250.0,85.95452393828603,59.81575653592996,80.38633958269997,65.33782991139927,0,23.7,54.28661480051352,0
23.75,616.4211479179568,123.29610836319063,94.2019959952699,27.990014932605863,0.22623859403144764,35.0,0.7069956063482739,418,435,375,435,35.0,NEUTRAL,program,sonic_drive_smooth.py,function,bc4a84a5f90dcb414fa9a95aff361c8d4412f04ffa11cdb071a0b8ad9fecc202,平滑操舵：安全制御優先：仕切り壁予防：右壁の向き・離隔を保持 | target_deg=0.566,,250.0,86.4377369296547,56.7638766380504,79.55115323872025,60.082740518839245,0,23.75,54.286819604160705,0
23.8,617.8169803246545,123.19391047408058,94.17304690069716,27.992265173680938,0.3516286323404671,35.0,1.0988394760639597,418,436,375,435,35.0,NEUTRAL,program,sonic_drive_smooth.py,function,bc4a84a5f90dcb414fa9a95aff361c8d4412f04ffa11cdb071a0b8ad9fecc202,平滑操舵：安全制御優先：仕切り壁予防：右壁の向き・離隔を保持 | target_deg=0.879,,247.72750415609272,84.5949888123637,54.65664274331333,80.50322738255001,62.67099734059239,0,23.8,54.28783076008644,0
23.85,619.2129175977858,123.09181373376691,94.19311006413722,27.99400829901046,-0.24368081108465275,35.0,-0.7615025346395399,418,434,375,435,35.0,NEUTRAL,program,sonic_drive_smooth.py,function,bc4a84a5f90dcb414fa9a95aff361c8d4412f04ffa11cdb071a0b8ad9fecc202,平滑操舵：安全制御優先：仕切り壁予防：右壁の向き・離隔を保持 | target_deg=-0.609,,247.2996466672663,87.8200243069105,59.27569546206678,83.18115779101726,62.70826206277416,0,23.85,54.286641690660495,0
23.9,620.608845682858,122.98856681281586,94.26701191909336,27.99535859251816,-0.8974721817744137,35.0,-2.8046005680450428,418,432,375,435,35.0,NEUTRAL,program,sonic_drive_smooth.py,function,bc4a84a5f90dcb414fa9a95aff361c8d4412f04ffa11cdb071a0b8ad9fecc202,平滑操舵：安全制御優先：仕切り壁予防：右壁の向き・離隔を保持 | target_deg=-2.243,,250.0,89.66901310198173,59.19086076107984,80.1465793791104,58.86548840805975,0,23.9,54.280385784605116,0
23.95,622.0047021291654,122.88357517873288,94.33598077972852,27.996404583030746,-0.8375393066716106,35.0,-2.617310333348783,418,432,375,435,35.0,NEUTRAL,program,sonic_drive_smooth.py,function,bc4a84a5f90dcb414fa9a95aff361c8d4412f04ffa11cdb071a0b8ad9fecc202,平滑操舵：安全制御優先：仕切り壁予防：右壁の向き・離隔を保持 | target_deg=-2.093,,247.46071839349065,87.14039476049214,56.23277373186156,82.6054635445912,62.44284654094977,0,23.95,54.27276228978406,0
24.0,623.4005295723452,122.77759912025769,94.34704759824496,27.997214848462804,-0.12710251425023103,35.0,-0.39719535703197195,418,434,375,435,35.0,NEUTRAL,program,sonic_drive_smooth.py,function,bc4a84a5f90dcb414fa9a95aff361c8d4412f04ffa11cdb071a0b8ad9fecc202,平滑操舵：安全制御優先：仕切り壁予防：右壁の向き・離隔を保持 | target_deg=-0.318,,247.69645358915295,85.1106484173077,57.94251154575581,79.77260981581735,62.36049873715668,0,24.0,54.271265743203266,0
24.05,624.796312808242,122.67058493325679,94.42330578863522,27.99784251196691,-0.952434237735566,35.0,-2.9763569929236438,418,431,375,435,35.0,NEUTRAL,program,sonic_drive_smooth.py,function,bc4a84a5f90dcb414fa9a95aff361c8d4412f04ffa11cdb071a0b8ad9fecc202,平滑操舵：安全制御優先：仕切り壁予防：右壁の向き・離隔を保持 | target_deg=-2.380,,247.32468437817383,88.0766311375114,58.92977566341251,81.40707011357081,59.56110113984201,0,24.05,54.25895829489823,0
24.1,626.1919760292361,122.56166774547778,94.50130088297215,27.99832872482851,-0.9470600742265606,35.0,-2.959562731958002,418,431,375,435,35.0,NEUTRAL,program,sonic_drive_smooth.py,function,bc4a84a5f90dcb414fa9a95aff361c8d4412f04ffa11cdb071a0b8ad9fecc202,平滑操舵：安全制御優先：仕切り壁予防：右壁の向き・離隔を保持 | target_deg=-2.367,,250.0,88.22155955147562,56.603556995080474,81.82962778752986,61.488455489411145,0,24.1,54.24436523790213,0
24.15,627.587600327905,122.45198341146491,94.478479491087,27.998705364453485,0.389218987319843,35.0,1.2163093353745094,418,436,375,435,35.0,NEUTRAL,program,sonic_drive_smooth.py,function,bc4a84a5f90dcb414fa9a95aff361c8d4412f04ffa11cdb071a0b8ad9fecc202,平滑操舵：安全制御優先：仕切り壁予防：右壁の向き・離隔を保持 | target_deg=0.973,,250.0,87.40199221019212,59.0088457909195,78.15676349576478,62.93008460586784,0,24.15,54.249299381650474,0
24.2,628.9832070525131,122.34186996363394,94.55406131758451,27.99899712433542,-1.0711857923377237,35.0,-3.347455601055387,418,431,375,435,35.0,NEUTRAL,program,sonic_drive_smooth.py,function,bc4a84a5f90dcb414fa9a95aff361c8d4412f04ffa11cdb071a0b8ad9fecc202,平滑操舵：安全制御優先：仕切り壁予防：右壁の向き・離隔を保持 | target_deg=-2.676,,248.67425752716667,87.76270257538731,56.64335766107609,82.28219061906164,58.961161723873786,0,24.2,54.23220162974041,0
24.25,630.3787325428057,122.23057164719623,94.5614081903093,27.999223133026657,-0.026152828459358943,35.0,-0.0817275889354967,418,434,375,435,35.0,NEUTRAL,program,sonic_drive_smooth.py,function,bc4a84a5f90dcb414fa9a95aff361c8d4412f04ffa11cdb071a0b8ad9fecc202,平滑操舵：安全制御優先：仕切り壁予防：右壁の向き・離隔を保持 | target_deg=-0.065,,248.67621903205568,89.89616185329515,57.281187065326556,80.17606939945203,63.49307087796927,0,24.25,54.25592267655257,0
24.3,631.7741976129699,122.11839756114124,94.6325945614858,27.999398208256927,-0.8986675240585368,35.0,-2.8083360126829273,418,432,375,435,35.0,NEUTRAL,program,sonic_drive_smooth.py,function,bc4a84a5f90dcb414fa9a95aff361c8d4412f04ffa11cdb071a0b8ad9fecc202,平滑操舵：安全制御優先：仕切り壁予防：右壁の向き・離隔を保持 | target_deg=-2.246,,249.2810576649962,86.14767297706388,57.08546176322183,82.52661650482338,60.53228588647253,0,24.3,54.300130521103654,0
24.35,633.1695540746405,122.00478652591653,94.67700556018167,27.99953382842307,-0.5392705010794162,35.0,-1.6852203158731758,418,433,375,435,35.0,NEUTRAL,program,sonic_drive_smooth.py,function,bc4a84a5f90dcb414fa9a95aff361c8d4412f04ffa11cdb071a0b8ad9fecc202,平滑操舵：安全制御優先：仕切り壁予防：右壁の向き・離隔を保持 | target_deg=-1.348,,249.9729396402217,90.19328846149112,58.84345559658914,81.2136348681344,62.28879323848358,0,24.35,54.38698099822593,0
24.4,634.5648012272278,121.88977018109381,94.74796908913504,27.999638885143174,-0.8616474259174822,35.0,-2.692648205992132,418,432,375,435,35.0,NEUTRAL,program,sonic_drive_smooth.py,function,bc4a84a5f90dcb414fa9a95aff361c8d4412f04ffa11cdb071a0b8ad9fecc202,平滑操舵：安全制御優先：仕切り壁予防：右壁の向き・離隔を保持 | target_deg=-2.153,,250.0,88.20761356924255,58.925787563977735,79.52613323569298,59.02114517244266,0,24.4,54.503930661765814,0
24.45,635.9599438022149,121.77343680523497,94.78514605690827,27.999720266214688,-0.4514302968755118,35.0,-1.4107196777359743,418,433,375,435,35.0,NEUTRAL,program,sonic_drive_smooth.py,function,bc4a84a5f90dcb414fa9a95aff361c8d4412f04ffa11cdb071a0b8ad9fecc202,平滑操舵：安全制御優先：仕切り壁予防：右壁の向き・離隔を保持 | target_deg=-1.128,,248.97944362973698,88.42279710487057,57.752453558008675,80.67232486160702,62.04558487907034,0,24.45,54.664282240493606,0
24.5,637.3550492635353,121.65661677452486,94.78791734339399,27.999783307196676,-0.03365162246312366,35.0,-0.10516132019726143,418,434,375,435,35.0,NEUTRAL,program,sonic_drive_smooth.py,function,bc4a84a5f90dcb414fa9a95aff361c8d4412f04ffa11cdb071a0b8ad9fecc202,平滑操舵：安全制御優先：仕切り壁予防：右壁の向き・離隔を保持 | target_deg=-0.084,,250.0,90.26873707816529,58.70969773016412,77.50514713368656,59.95661054115799,0,24.5,54.866530593239794,0
24.55,638.750116943473,121.53931419478029,94.82476379773533,27.999832141223276,-0.44741512814957446,35.0,-1.3981722754674202,418,433,375,435,35.0,NEUTRAL,program,sonic_drive_smooth.py,function,bc4a84a5f90dcb414fa9a95aff361c8d4412f04ffa11cdb071a0b8ad9fecc202,平滑操舵：安全制御優先：仕切り壁予防：右壁の向き・離隔を保持 | target_deg=-1.118,,250.0,91.81432851064896,58.66371281183796,78.82915105541649,58.92899034791526,0,24.55,55.09549189690649,0
24.6,640.1451646898752,121.42174943596554,94.8094383502264,27.99986996998289,0.18609502913405598,35.0,0.581546966043925,418,435,375,435,35.0,NEUTRAL,program,sonic_drive_smooth.py,function,bc4a84a5f90dcb414fa9a95aff361c8d4412f04ffa11cdb071a0b8ad9fecc202,平滑操舵：安全制御優先：仕切り壁予防：右壁の向き・離隔を保持 | target_deg=0.465,,250.0,94.54896272490919,58.02241450143841,78.70285314097111,61.73598962737609,0,24.6,55.36862096105102,0
24.65,641.5401871569416,121.30386600101583,94.85131230700063,27.99989927362942,-0.514035441604459,35.0,-1.6063607550139343,418,433,375,435,35.0,NEUTRAL,program,sonic_drive_smooth.py,function,bc4a84a5f90dcb414fa9a95aff361c8d4412f04ffa11cdb071a0b8ad9fecc202,平滑操舵：安全制御優先：仕切り壁予防：右壁の向き・離隔を保持 | target_deg=-1.285,,246.21969115558346,91.02951021914689,58.38208879954197,78.65239098689285,58.151258981743254,0,24.65,55.663015080676026,0
24.7,642.9351528337787,121.18529716560259,94.86534870498713,27.999921973387718,-0.17044200247089236,35.0,-0.5326312577215386,418,434,375,435,35.0,NEUTRAL,program,sonic_drive_smooth.py,function,bc4a84a5f90dcb414fa9a95aff361c8d4412f04ffa11cdb071a0b8ad9fecc202,平滑操舵：安全制御優先：仕切り壁予防：右壁の向き・離隔を保持 | target_deg=-0.426,,248.93671901396664,88.9862094530965,60.183855578565385,76.76931693619792,58.95624789280317,0,24.7,55.995834045666314,0
24.75,644.330050481404,121.06591968406339,94.91773484262967,27.99993955751419,-0.6360927823949669,35.0,-1.9877899449842715,418,432,375,435,35.0,NEUTRAL,program,sonic_drive_smooth.py,function,bc4a84a5f90dcb414fa9a95aff361c8d4412f04ffa11cdb071a0b8ad9fecc202,平滑操舵：安全制御優先：仕切り壁予防：右壁の向き・離隔を保持 | target_deg=-1.590,,246.31735467303156,94.09320718977679,58.903789383234965,76.32737854972561,56.401377046837965,0,24.75,56.35379913832798,0
24.8,645.7248766122066,120.94570013041962,94.93452149423234,27.99995317887085,-0.20383743246285177,35.0,-0.6369919764464118,418,434,375,435,35.0,NEUTRAL,program,sonic_drive_smooth.py,function,bc4a84a5f90dcb414fa9a95aff361c8d4412f04ffa11cdb071a0b8ad9fecc202,平滑操舵：安全制御優先：仕切り壁予防：右壁の向き・離隔を保持 | target_deg=-0.510,,250.0,88.87499437386185,60.614335765420215,78.66906898697971,60.69964650941604,0,24.8,56.750410310095965,0
24.85,647.1197366662105,120.82586843546572,94.88375927730385,27.999963730509997,0.6470837075835493,35.0,2.0221365861985916,418,437,375,435,35.0,NEUTRAL,program,sonic_drive_smooth.py,function,bc4a84a5f90dcb414fa9a95aff361c8d4412f04ffa11cdb071a0b8ad9fecc202,平滑操舵：安全制御優先：仕切り壁予防：右壁の向き・離隔を保持 | target_deg=1.617,,247.68980280090923,92.08041844865882,59.45837559569087,74.33919546775807,58.979889508333656,0,24.85,57.06855386320396,0
24.9,648.5146678823851,120.70686211299025,94.86882081003142,27.999971904225102,0.1813952709516758,35.0,0.5668602217239869,418,435,375,435,35.0,NEUTRAL,program,sonic_drive_smooth.py,function,bc4a84a5f90dcb414fa9a95aff361c8d4412f04ffa11cdb071a0b8ad9fecc202,平滑操舵：安全制御優先：仕切り壁予防：右壁の向き・離隔を保持 | target_deg=0.453,,250.0,92.05859189598621,56.42289586705586,75.31066443182864,56.78305801819656,0,24.9,57.190975501641816,0
24.95,649.9097117801831,120.5891819526861,94.76998913796331,27.999978235906624,1.270286942449482,35.0,3.9696466951546316,418,439,375,435,35.0,NEUTRAL,program,sonic_drive_smooth.py,function,bc4a84a5f90dcb414fa9a95aff361c8d4412f04ffa11cdb071a0b8ad9fecc202,平滑操舵：安全制御優先：仕切り壁予防：右壁の向き・離隔を保持 | target_deg=3.173,,249.70384438285095,89.27622340001092,57.64523252627246,73.59610877755196,59.63693840016579,0,24.95,57.331270199677874,0
25.0,651.3050060679903,120.47450751745305,94.62677744724209,27.999983140676406,1.738466575137373,35.0,5.43270804730429,418,440,375,435,35.0,NEUTRAL,program,sonic_drive_smooth.py,function,bc4a84a5f90dcb414fa9a95aff361c8d4412f04ffa11cdb071a0b8ad9fecc202,平滑操舵：安全制御優先：仕切り壁予防：右壁の向き・離隔を保持 | target_deg=4.339,,250.0,89.4056652118658,58.51004147458704,71.9926476976477,57.79710796539434,0,25.0,57.47877289319476,0
25.05,652.7004828473011,120.36206866979558,94.59890192098135,27.99998694010419,0.13846657513737284,35.0,0.43270804730429013,418,435,375,435,35.0,NEUTRAL,program,sonic_drive_smooth.py,function,bc4a84a5f90dcb414fa9a95aff361c8d4412f04ffa11cdb071a0b8ad9fecc202,平滑操舵：安全制御優先：仕切り壁予防：右壁の向き・離隔を保持 | target_deg=0.346,,246.08056683277223,93.57895144149872,58.39816541003858,78.654228506926,57.16204896658649,0,25.05,57.597609683932376,0
25.1,654.0959176111053,120.24910828996829,94.66003582368205,27.999989883290535,-0.7851164983288834,35.0,-2.4534890572777606,418,432,375,435,35.0,NEUTRAL,program,sonic_drive_smooth.py,function,bc4a84a5f90dcb414fa9a95aff361c8d4412f04ffa11cdb071a0b8ad9fecc202,平滑操舵：安全制御優先：仕切り壁予防：右壁の向き・離隔を保持 | target_deg=-1.962,,250.0,95.43491453895768,62.89887486465546,79.54225002927244,58.43575292317311,0,25.1,57.69654215155663,0
25.15,655.4911957228436,120.13422859619213,94.75358340552214,27.999992163198545,-1.135786480705836,35.0,-3.5493327522057374,418,431,375,435,35.0,NEUTRAL,program,sonic_drive_smooth.py,function,bc4a84a5f90dcb414fa9a95aff361c8d4412f04ffa11cdb071a0b8ad9fecc202,平滑操舵：安全制御優先：仕切り壁予防：右壁の向き・離隔を保持 | target_deg=-2.838,,247.68549486236577,91.4094219767578,59.95712337698809,80.75287521912975,59.60890695462002,0,25.15,57.78998070158153,0
25.2,656.8863891843538,120.01832254038207,94.73182422543863,27.999993929305052,0.46421351929416405,35.0,1.4506672477942626,418,436,375,435,35.0,NEUTRAL,program,sonic_drive_smooth.py,function,bc4a84a5f90dcb414fa9a95aff361c8d4412f04ffa11cdb071a0b8ad9fecc202,平滑操舵：安全制御優先：仕切り壁予防：右壁の向き・離隔を保持 | target_deg=1.160,,249.1143173056879,91.17022362848405,60.439276813443605,74.12900713295834,60.87542648410968,0,25.2,57.91087132540841,0
25.25,658.2816575752538,119.90332121174642,94.69178266907659,27.999995297400687,0.4862073186860151,35.0,1.5193978708937972,418,436,375,435,35.0,NEUTRAL,program,sonic_drive_smooth.py,function,bc4a84a5f90dcb414fa9a95aff361c8d4412f04ffa11cdb071a0b8ad9fecc202,平滑操舵：安全制御優先：仕切り壁予防：右壁の向き・離隔を保持 | target_deg=1.215,,250.0,89.9814139703601,62.338560361980576,78.54568054683186,60.431153608205115,0,25.25,57.84169194227894,0
25.3,659.6770556598942,119.78990505948138,94.60164219699521,27.999996357181427,1.094429908743021,35.0,3.4200934648219405,418,438,375,435,35.0,NEUTRAL,program,sonic_drive_smooth.py,function,bc4a84a5f90dcb414fa9a95aff361c8d4412f04ffa11cdb071a0b8ad9fecc202,平滑操舵：安全制御優先：仕切り壁予防：右壁の向き・離隔を保持 | target_deg=2.734,,250.0,95.68368703934239,59.50126086080914,75.75470610918487,60.47445006166274,0,25.3,57.748954353379204,0
25.35,661.0725678945133,119.67789998000248,94.57780615966908,27.999997178129313,0.26176909542388044,35.0,0.8180284231996264,418,435,375,435,35.0,NEUTRAL,program,sonic_drive_smooth.py,function,bc4a84a5f90dcb414fa9a95aff361c8d4412f04ffa11cdb071a0b8ad9fecc202,平滑操舵：安全制御優先：仕切り壁予防：右壁の向き・離隔を保持 | target_deg=0.654,,250.0,96.74935758905663,61.093988581250464,76.03603514608874,56.877333057569636,0,25.35,57.64242194188519,0
25.4,662.4681440240138,119.56669371536728,94.5341507809049,27.999997814067864,0.5300859492866453,35.0,1.6565185915207667,418,436,375,435,35.0,NEUTRAL,program,sonic_drive_smooth.py,function,bc4a84a5f90dcb414fa9a95aff361c8d4412f04ffa11cdb071a0b8ad9fecc202,平滑操舵：安全制御優先：仕切り壁予防：右壁の向き・離隔を保持 | target_deg=1.325,,250.0,91.66938538223336,58.84597083461449,76.31203199795233,59.48574188679622,0,25.4,57.541243768369924,0
25.45,663.8638700695278,119.45738735946902,94.41905965040115,27.99999830669091,1.4373553602790372,35.0,4.491735500871991,418,439,375,435,35.0,NEUTRAL,program,sonic_drive_smooth.py,function,bc4a84a5f90dcb414fa9a95aff361c8d4412f04ffa11cdb071a0b8ad9fecc202,平滑操舵：安全制御優先：仕切り壁予防：右壁の向き・離隔を保持 | target_deg=3.589,,250.0,92.34763485285558,59.27787078394917,73.51415389299943,59.504911040736125,0,25.45,57.45840583786979,0
25.5,665.2598468918453,119.35133345570236,94.26989710866417,27.999998688296113,1.8106565328917639,35.0,5.658301665286762,418,440,375,435,35.0,NEUTRAL,program,sonic_drive_smooth.py,function,bc4a84a5f90dcb414fa9a95aff361c8d4412f04ffa11cdb071a0b8ad9fecc202,平滑操舵：安全制御優先：仕切り壁予防：右壁の向き・離隔を保持 | target_deg=4.519,,250.0,95.22228348294934,59.03690481412686,74.8330854844846,60.2967932187513,0,25.5,57.38672235073375,0
25.55,666.6560107047,119.24776528634172,94.22325972977563,27.999998983902525,0.44408864794966346,35.0,1.3877770248426984,418,436,375,435,35.0,NEUTRAL,program,sonic_drive_smooth.py,function,bc4a84a5f90dcb414fa9a95aff361c8d4412f04ffa11cdb071a0b8ad9fecc202,平滑操舵：安全制御優先：仕切り壁予防：右壁の向き・離隔を保持 | target_deg=1.110,,250.0,90.78563634937044,59.276068918083915,76.85466563462617,56.976589451863475,0,25.55,57.293915816519686,0
25.6,668.0521967102873,119.1444961930692,94.2371149551251,27.999999212890895,-0.1682415438314905,35.0,-0.5257548244734078,418,434,375,435,35.0,NEUTRAL,program,sonic_drive_smooth.py,function,bc4a84a5f90dcb414fa9a95aff361c8d4412f04ffa11cdb071a0b8ad9fecc202,平滑操舵：安全制御優先：仕切り壁予防：右壁の向き・離隔を保持 | target_deg=-0.421,,247.14787139447378,95.96659919924355,62.26190327938763,75.27234066066441,55.97125113143853,0,25.6,57.1874488506223,0
25.65,669.4484280414979,119.04184278767183,94.16806090708383,27.999999390274297,0.9064529803532438,35.0,2.832665563603887,418,437,375,435,35.0,NEUTRAL,program,sonic_drive_smooth.py,function,bc4a84a5f90dcb414fa9a95aff361c8d4412f04ffa11cdb071a0b8ad9fecc202,平滑操舵：安全制御優先：仕切り壁予防：右壁の向き・離隔を保持 | target_deg=2.265,,250.0,96.15916805063674,57.47563589677225,78.09826837419872,63.05247554933745,0,25.65,57.100739937693035,0
25.7,670.8447721450456,118.94073425916694,94.11499629604015,27.999999527682466,0.6443288403392694,35.0,2.013527626060217,418,437,375,435,35.0,NEUTRAL,program,sonic_drive_smooth.py,function,bc4a84a5f90dcb414fa9a95aff361c8d4412f04ffa11cdb071a0b8ad9fecc202,平滑操舵：安全制御優先：仕切り壁予防：右壁の向き・離隔を保持 | target_deg=1.610,,250.0,91.4748081009953,61.954660642421395,75.45133343502813,57.96069169207203,0,25.7,57.011894810148135,0
25.75,672.2412387074265,118.8413324635983,94.02800376600902,27.99999963412424,1.056218218821674,35.0,3.3006819338177316,418,438,375,435,35.0,NEUTRAL,program,sonic_drive_smooth.py,function,bc4a84a5f90dcb414fa9a95aff361c8d4412f04ffa11cdb071a0b8ad9fecc202,平滑操舵：安全制御優先：仕切り壁予防：右壁の向き・離隔を保持 | target_deg=2.639,,250.0,95.33857312672207,63.06979273581521,73.92121592117779,58.42185378021749,0,25.75,56.93261763466731,0
25.8,673.6377672053203,118.74280303103033,94.05571968379081,27.999999716578234,-0.5329203518862198,35.0,-1.665376099644437,418,433,375,435,35.0,NEUTRAL,program,sonic_drive_smooth.py,function,bc4a84a5f90dcb414fa9a95aff361c8d4412f04ffa11cdb071a0b8ad9fecc202,平滑操舵：安全制御優先：仕切り壁予防：右壁の向き・離隔を保持 | target_deg=-1.332,,249.04625244359582,93.46300124274836,63.650458804835814,80.7272960058558,58.41443700417229,0,25.8,56.82767373113386,0
25.85,675.0342542967826,118.64368811797146,94.06373868194726,27.99999978045034,-0.09737345614814728,35.0,-0.30429205046296026,418,434,375,435,35.0,NEUTRAL,program,sonic_drive_smooth.py,function,bc4a84a5f90dcb414fa9a95aff361c8d4412f04ffa11cdb071a0b8ad9fecc202,平滑操舵：安全制御優先：仕切り壁予防：右壁の向き・離隔を保持 | target_deg=-0.243,,245.58188714900714,91.88072099178073,63.70822281340904,76.91547710351186,59.35460316270341,0,25.85,56.7267034088873,0
25.9,676.4306884640728,118.54383094718021,94.11662854793656,27.99999982992819,-0.6422071957898021,35.0,-2.0068974868431315,418,432,375,435,35.0,NEUTRAL,program,sonic_drive_smooth.py,function,bc4a84a5f90dcb414fa9a95aff361c8d4412f04ffa11cdb071a0b8ad9fecc202,平滑操舵：安全制御優先：仕切り壁予防：右壁の向き・離隔を保持 | target_deg=-1.605,,248.80503516063132,94.01676280190189,56.87101186937786,76.43929747229832,56.353007745232894,0,25.9,56.61461413910531,0
25.95,677.8270857857698,118.44345918611488,94.10423671499518,27.99999986825568,0.1756742645283572,35.0,0.5489820766511162,418,435,375,435,35.0,NEUTRAL,program,sonic_drive_smooth.py,function,bc4a84a5f90dcb414fa9a95aff361c8d4412f04ffa11cdb071a0b8ad9fecc202,平滑操舵：安全制御優先：仕切り壁予防：右壁の向き・離隔を保持 | target_deg=0.439,,247.02810583531576,90.10615482382525,61.85078873124632,73.8607952546249,57.7845162067304,0,25.95,56.51710745927126,0
26.0,679.2235158732386,118.34354438018482,94.08085981848586,27.999999897945663,0.28385999343839957,35.0,0.8870624794949986,418,435,375,435,35.0,NEUTRAL,program,sonic_drive_smooth.py,function,bc4a84a5f90dcb414fa9a95aff361c8d4412f04ffa11cdb071a0b8ad9fecc202,平滑操舵：安全制御優先：仕切り壁予防：右壁の向き・離隔を保持 | target_deg=0.710,,250.0,89.18867571909873,59.32312867762558,73.08648909739304,56.013473108592336,0,26.0,56.42259895835187,0
26.05,680.6199502579373,118.24368958351313,94.0993123127426,27.999999920944695,-0.22406486015453084,35.0,-0.7002026879829089,418,434,375,435,35.0,NEUTRAL,program,sonic_drive_smooth.py,function,bc4a84a5f90dcb414fa9a95aff361c8d4412f04ffa11cdb071a0b8ad9fecc202,平滑操舵：安全制御優先：仕切り壁予防：右壁の向き・離隔を保持 | target_deg=-0.560,,248.93027404998512,93.74215223896685,63.95761653447169,77.04394532634352,57.611977904854314,0,26.05,56.318476556583875,0
26.1,682.0164190181615,118.14431762987331,94.03691384943608,27.99999993876065,0.8206565065046516,35.0,2.564551582827036,418,437,375,435,35.0,NEUTRAL,program,sonic_drive_smooth.py,function,bc4a84a5f90dcb414fa9a95aff361c8d4412f04ffa11cdb071a0b8ad9fecc202,平滑操舵：安全制御優先：仕切り壁予防：右壁の向き・離隔を保持 | target_deg=2.051,,246.69817034790591,92.72960670133588,60.801381760204045,75.45979361726012,60.529868426179334,0,26.1,56.23354040396771,0
26.15,683.4129526146318,118.04586000317163,94.02948602312762,27.99999995256159,0.07743595143176663,35.0,0.2419873482242707,418,435,375,435,35.0,NEUTRAL,program,sonic_drive_smooth.py,function,bc4a84a5f90dcb414fa9a95aff361c8d4412f04ffa11cdb071a0b8ad9fecc202,平滑操舵：安全制御優先：仕切り壁予防：右壁の向き・離隔を保持 | target_deg=0.194,,248.51674986406263,94.17110707663528,59.208928261547236,80.1088364505101,60.32696540811833,0,26.15,56.13680206114043,0
26.2,684.809423904703,117.94652446649948,94.11408974027586,27.999999963252343,-1.1148060243636326,35.0,-3.4837688261363517,418,431,375,435,35.0,NEUTRAL,program,sonic_drive_smooth.py,function,bc4a84a5f90dcb414fa9a95aff361c8d4412f04ffa11cdb071a0b8ad9fecc202,平滑操舵：安全制御優先：仕切り壁予防：右壁の向き・離隔を保持 | target_deg=-2.785,,250.0,94.89238482944285,61.2699777016274,76.88206915890837,54.84138768182117,0,26.2,56.01789460725675,0
26.25,686.2057738159127,117.84549571796245,94.16242010450117,27.999999971533818,-0.5868481866750591,35.0,-1.8339005833595596,418,433,375,435,35.0,NEUTRAL,program,sonic_drive_smooth.py,function,bc4a84a5f90dcb414fa9a95aff361c8d4412f04ffa11cdb071a0b8ad9fecc202,平滑操舵：安全制御優先：仕切り壁予防：右壁の向き・離隔を保持 | target_deg=-1.467,,250.0,96.60258755221005,60.052098492437864,75.68587033321592,57.705019971252234,0,26.25,55.90569602782668,0
26.3,687.6021206698198,117.74442496462656,94.10982068724968,27.99999997794897,0.751431249917045,35.0,2.3482226559907655,418,437,375,435,35.0,NEUTRAL,program,sonic_drive_smooth.py,function,bc4a84a5f90dcb414fa9a95aff361c8d4412f04ffa11cdb071a0b8ad9fecc202,平滑操舵：安全制御優先：仕切り壁予防：右壁の向き・離隔を保持 | target_deg=1.878,,250.0,92.91193909377401,63.222312118227734,72.16238694978838,58.06001404781562,0,26.3,55.81678211952652,0
26.35,688.998492072536,117.64369364608004,94.15056277676666,27.999999982918403,-0.6177747568963804,35.0,-1.9305461153011887,418,432,375,435,35.0,NEUTRAL,program,sonic_drive_smooth.py,function,bc4a84a5f90dcb414fa9a95aff361c8d4412f04ffa11cdb071a0b8ad9fecc202,平滑操舵：安全制御優先：仕切り壁予防：右壁の向き・離隔を保持 | target_deg=-1.544,,250.0,95.53261888197437,59.29108724228489,75.2852994501629,54.02334017529967,0,26.35,55.70663362854131,0
26.4,690.3948488985914,117.54276036987508,94.11242722094858,27.99999998676792,0.5458946249004529,35.0,1.7059207028139154,418,436,375,435,35.0,NEUTRAL,program,sonic_drive_smooth.py,function,bc4a84a5f90dcb414fa9a95aff361c8d4412f04ffa11cdb071a0b8ad9fecc202,平滑操舵：安全制御優先：仕切り壁予防：右壁の向き・離隔を保持 | target_deg=1.365,,248.15427573228712,97.59021966819314,58.87793309522806,73.5874839605955,58.65852064551954,0,26.4,55.614514881392296,0
26.45,691.7912945524354,117.44306396407822,94.05474766944127,27.99999998974991,0.7003596705809758,35.0,2.1886239705655495,418,437,375,435,35.0,NEUTRAL,program,sonic_drive_smooth.py,function,bc4a84a5f90dcb414fa9a95aff361c8d4412f04ffa11cdb071a0b8ad9fecc202,平滑操舵：安全制御優先：仕切り壁予防：右壁の向き・離隔を保持 | target_deg=1.750,,250.0,95.93078319326162,59.60397986660767,72.73056015920982,56.3926743499907,0,26.45,55.52815958023321,0
26.5,693.1877511134564,117.34352067244015,94.11236952120771,27.999999992059873,-0.8996403294190242,35.0,-2.8113760294344505,418,432,375,435,35.0,NEUTRAL,program,sonic_drive_smooth.py,function,bc4a84a5f90dcb414fa9a95aff361c8d4412f04ffa11cdb071a0b8ad9fecc202,平滑操舵：安全制御優先：仕切り壁予防：右壁の向き・離隔を保持 | target_deg=-2.248,,250.0,98.32078801173549,63.69391242220865,80.01610857022685,56.81811159856762,0,26.5,55.41528852417471,0
26.55,694.5840960377316,117.242423233938,94.16977747157955,27.99999999384927,-0.6970621471131727,35.0,-2.1783192097286648,418,432,375,435,35.0,NEUTRAL,program,sonic_drive_smooth.py,function,bc4a84a5f90dcb414fa9a95aff361c8d4412f04ffa11cdb071a0b8ad9fecc202,平滑操舵：安全制御優先：仕切り壁予防：右壁の向き・離隔を保持 | target_deg=-1.742,,250.0,93.76533088564928,62.09245826105718,73.7710403379517,55.55406931784161,0,26.55,55.300923837788574,0
26.6,695.9802754144139,117.13906807014304,94.30077446397377,27.999999995235402,-1.6355716289516748,35.0,-5.111161340473984,418,429,375,435,35.0,NEUTRAL,program,sonic_drive_smooth.py,function,bc4a84a5f90dcb414fa9a95aff361c8d4412f04ffa11cdb071a0b8ad9fecc202,平滑操舵：安全制御優先：仕切り壁予防：右壁の向き・離隔を保持 | target_deg=-4.083,,249.71489326319823,95.08050402552935,62.63394704095448,71.89566988582845,50.41447653835125,0,26.6,55.167335990594054,0
26.65,697.3762719377125,117.03326863693373,94.36463469805005,27.999999996309157,-0.7366947733589376,35.0,-2.30217116674668,418,432,375,435,35.0,NEUTRAL,program,sonic_drive_smooth.py,function,bc4a84a5f90dcb414fa9a95aff361c8d4412f04ffa11cdb071a0b8ad9fecc202,平滑操舵：安全制御優先：仕切り壁予防：右壁の向き・離隔を保持 | target_deg=-1.841,,250.0,97.23788455622507,63.86394290494298,75.85840495670128,58.205201409564054,0,26.65,55.04681918819753,0
26.7,698.7722173936772,116.92679667523686,94.35628373381655,27.99999999714093,0.13569085347773807,35.0,0.4240339171179315,418,435,375,435,35.0,NEUTRAL,program,sonic_drive_smooth.py,function,bc4a84a5f90dcb414fa9a95aff361c8d4412f04ffa11cdb071a0b8ad9fecc202,平滑操舵：安全制御優先：仕切り壁予防：右壁の向き・離隔を保持 | target_deg=0.339,,250.0,98.55140850362208,60.318209268482754,71.04609826941038,55.35236559533784,0,26.7,54.94227102915727,0
26.75,700.1682526643608,116.82151088053502,94.26550423006012,27.99999999778525,1.1621456608129808,35.0,3.631705190040565,418,438,375,435,35.0,NEUTRAL,program,sonic_drive_smooth.py,function,bc4a84a5f90dcb414fa9a95aff361c8d4412f04ffa11cdb071a0b8ad9fecc202,平滑操舵：安全制御優先：仕切り壁予防：右壁の向き・離隔を保持 | target_deg=2.903,,247.96018128766823,94.9849899228429,63.783080144891535,70.84698781171984,56.87652916188785,0,26.75,54.85791312673925,0
26.8,701.5644189999088,116.71797611398586,94.21667562914513,27.999999998284366,0.5928975617624695,35.0,1.8528048805077173,418,436,375,435,35.0,NEUTRAL,program,sonic_drive_smooth.py,function,bc4a84a5f90dcb414fa9a95aff361c8d4412f04ffa11cdb071a0b8ad9fecc202,平滑操舵：安全制御優先：仕切り壁予防：右壁の向き・離隔を保持 | target_deg=1.482,,247.8446717276696,97.9651908553959,63.55733922524733,73.06084675134079,55.311317580636604,0,26.8,54.76564652130507,0
26.85,702.9605806389831,116.61437875257744,94.28314915013635,27.999999998671,-1.0071024382375304,35.0,-3.1471951194922827,418,431,375,435,35.0,NEUTRAL,program,sonic_drive_smooth.py,function,bc4a84a5f90dcb414fa9a95aff361c8d4412f04ffa11cdb071a0b8ad9fecc202,平滑操舵：安全制御優先：仕切り壁予防：右壁の向き・離隔を保持 | target_deg=-2.516,,250.0,97.97068347072292,66.2077755898698,72.7039190281333,50.21419111306516,0,26.85,54.646711053144756,0
26.9,704.3566887023826,116.51006098345512,94.2507917250183,27.999999998970505,0.5928975617624695,35.0,1.8528048805077173,418,436,375,435,35.0,NEUTRAL,program,sonic_drive_smooth.py,function,bc4a84a5f90dcb414fa9a95aff361c8d4412f04ffa11cdb071a0b8ad9fecc202,平滑操舵：安全制御優先：仕切り壁予防：右壁の向き・離隔を保持 | target_deg=1.482,,249.10225096772274,97.96857640175305,62.3352378143472,73.31996722562275,60.81730161219075,0,26.9,54.54985758828985,0
26.95,705.7528805620783,116.40687096096701,94.20309321438367,27.999999999202515,0.5791764725403021,35.0,1.8099264766884442,418,436,375,435,35.0,NEUTRAL,program,sonic_drive_smooth.py,function,bc4a84a5f90dcb414fa9a95aff361c8d4412f04ffa11cdb071a0b8ad9fecc202,平滑操舵：安全制御優先：仕切り壁予防：右壁の向き・離隔を保持 | target_deg=1.448,,250.0,97.71263479595592,60.128413845999425,71.59802436561655,54.269318786583625,0,26.95,54.457677198806394,0
27.0,707.1492357219587,116.3059194006222,94.06040535148566,27.999999999382236,1.8293362396830606,35.0,5.716675749009564,418,441,375,435,35.0,NEUTRAL,program,sonic_drive_smooth.py,function,bc4a84a5f90dcb414fa9a95aff361c8d4412f04ffa11cdb071a0b8ad9fecc202,平滑操舵：安全制御優先：仕切り壁予防：右壁の向き・離隔を保持 | target_deg=4.565,,250.0,97.5367317635069,61.9702682238915,68.4340001209707,56.04288346791599,0,27.0,54.38970592039361,0
27.05,708.5458138521893,116.20809830404392,93.95289084248958,27.999999999521453,1.3053074517009549,35.0,4.079085786565484,418,439,375,435,35.0,NEUTRAL,program,sonic_drive_smooth.py,function,bc4a84a5f90dcb414fa9a95aff361c8d4412f04ffa11cdb071a0b8ad9fecc202,平滑操舵：安全制御優先：仕切り壁予防：右壁の向き・離隔を保持 | target_deg=3.260,,249.81024012583083,99.34023591712568,62.42622439508888,73.23400001129495,56.596620508670895,0,27.05,54.31678022379616,0
27.1,709.9426158290356,116.11353082579912,93.79346341770133,27.9999999996293,1.9351682573156297,35.0,6.0474008041113425,418,441,375,435,35.0,NEUTRAL,program,sonic_drive_smooth.py,function,bc4a84a5f90dcb414fa9a95aff361c8d4412f04ffa11cdb071a0b8ad9fecc202,平滑操舵：安全制御優先：仕切り壁予防：右壁の向き・離隔を保持 | target_deg=4.828,,247.4638640815849,95.51922058675056,61.32640196345656,71.13159409565309,57.55432582982372,0,27.1,54.259199676637294,0
27.15,711.3396174176664,116.0219543332882,93.71124047308797,27.999999999712838,0.9442784840579356,35.0,2.9508702626810486,418,438,375,435,35.0,NEUTRAL,program,sonic_drive_smooth.py,function,bc4a84a5f90dcb414fa9a95aff361c8d4412f04ffa11cdb071a0b8ad9fecc202,平滑操舵：安全制御優先：仕切り壁予防：右壁の向き・離隔を保持 | target_deg=2.360,,247.5677496682495,95.47281854816003,64.80627335599607,72.08362153832712,54.276154709743075,0,27.15,54.186731805238466,0
27.2,712.7367829425172,115.9329168021273,93.58150396924049,27.999999999777554,1.574975019554784,35.0,4.9217969361087,418,440,375,435,35.0,NEUTRAL,program,sonic_drive_smooth.py,function,bc4a84a5f90dcb414fa9a95aff361c8d4412f04ffa11cdb071a0b8ad9fecc202,平滑操舵：安全制御優先：仕切り壁予防：右壁の向き・離隔を保持 | target_deg=3.932,,248.63574416410768,97.26227808754265,62.06712923133005,70.8576234547619,56.79382879228955,0,27.2,54.1278906267715,0
27.25,714.1340978299969,115.84625122269976,93.51871162525492,27.999999999827683,0.7332572307260807,35.0,2.291428846019002,418,437,375,435,35.0,NEUTRAL,program,sonic_drive_smooth.py,function,bc4a84a5f90dcb414fa9a95aff361c8d4412f04ffa11cdb071a0b8ad9fecc202,平滑操舵：安全制御優先：仕切り壁予防：右壁の向き・離隔を保持 | target_deg=1.833,,246.9285416173405,98.21565355860051,66.08657088413867,71.1368205025222,53.40008208092162,0,27.25,54.05586005026484,0
27.3,715.5315303338504,115.76150486106027,93.42211648731916,27.99999999986652,1.1727771459986314,35.0,3.6649285812457233,418,438,375,435,35.0,NEUTRAL,program,sonic_drive_smooth.py,function,bc4a84a5f90dcb414fa9a95aff361c8d4412f04ffa11cdb071a0b8ad9fecc202,平滑操舵：安全制御優先：仕切り壁予防：右壁の向き・離隔を保持 | target_deg=2.930,,244.67742195454812,97.1912320471251,65.04771849871908,68.59984956666588,53.92026757082046,0,27.3,53.99365251809965,0
27.35,716.9290951192821,115.678968054515,93.33753322581072,27.9999999998966,1.0269724680132588,35.0,3.209288962541434,418,438,375,435,35.0,NEUTRAL,program,sonic_drive_smooth.py,function,bc4a84a5f90dcb414fa9a95aff361c8d4412f04ffa11cdb071a0b8ad9fecc202,平滑操舵：安全制御優先：仕切り壁予防：右壁の向き・離隔を保持 | target_deg=2.566,,250.0,94.79117030928401,63.836394970312206,69.05496561436983,53.15919762254311,0,27.35,53.930877026245255,0
27.4,718.3267335060963,115.59768503270789,93.32160723728674,27.9999999999199,0.16000187810541264,35.0,0.5000058690794145,418,435,375,435,35.0,NEUTRAL,program,sonic_drive_smooth.py,function,bc4a84a5f90dcb414fa9a95aff361c8d4412f04ffa11cdb071a0b8ad9fecc202,平滑操舵：安全制御優先：仕切り壁予防：右壁の向き・離隔を保持 | target_deg=0.400,,249.0918502962809,95.42719717470196,63.079628895061816,72.07254923673707,53.37974198607135,0,27.4,53.85331745100646,0
27.45,719.7243853414893,115.51663353284717,93.31625984511135,27.99999999993795,0.06493259147559115,35.0,0.20291434836122235,418,435,375,435,35.0,NEUTRAL,program,sonic_drive_smooth.py,function,bc4a84a5f90dcb414fa9a95aff361c8d4412f04ffa11cdb071a0b8ad9fecc202,平滑操舵：安全制御優先：仕切り壁予防：右壁の向き・離隔を保持 | target_deg=0.162,,250.0,250.0,65.51917337050283,73.53306405425141,55.7322637941255,0,27.45,53.7735163418393,0
27.5,721.1220794381455,115.43631499708572,93.2615136672743,27.999999999951932,0.6647451887077659,35.0,2.0773287147117685,418,437,375,435,35.0,NEUTRAL,program,sonic_drive_smooth.py,function,bc4a84a5f90dcb414fa9a95aff361c8d4412f04ffa11cdb071a0b8ad9fecc202,平滑操舵：安全制御優先：仕切り壁予防：右壁の向き・離隔を保持 | target_deg=1.661,,250.0,247.20625064923948,63.48586748597929,70.4366515654838,55.08098372944036,0,27.5,53.706004613307,0
27.55,722.5197950527781,115.3563712013775,93.29030933265977,27.999999999962768,-0.41920220553643217,35.0,-1.3100068923013506,418,433,375,435,35.0,NEUTRAL,program,sonic_drive_smooth.py,function,bc4a84a5f90dcb414fa9a95aff361c8d4412f04ffa11cdb071a0b8ad9fecc202,平滑操舵：安全制御優先：仕切り壁予防：右壁の向き・離隔を保持 | target_deg=-1.048,,249.55484100403132,249.68804999457166,65.88801192589312,71.20837358336466,51.42999196625918,0,27.55,53.619323402094,0
27.6,723.9174046654061,115.27459950653169,93.41198037293651,27.999999999971156,-1.5553389406450855,35.0,-4.8604341895158925,418,429,375,435,35.0,NEUTRAL,program,sonic_drive_smooth.py,function,bc4a84a5f90dcb414fa9a95aff361c8d4412f04ffa11cdb071a0b8ad9fecc202,平滑操舵：安全制御優先：仕切り壁予防：右壁の向き・離隔を保持 | target_deg=-3.883,,250.0,250.0,62.41620314595875,74.26476117434473,52.25437347976725,0,27.6,53.509114036750546,0
27.65,725.3147956800439,115.18917751506393,93.58425297099353,27.999999999977653,-2.0909528004773317,35.0,-6.534227501491662,418,428,375,435,35.0,NEUTRAL,program,sonic_drive_smooth.py,function,bc4a84a5f90dcb414fa9a95aff361c8d4412f04ffa11cdb071a0b8ad9fecc202,平滑操舵：安全制御優先：仕切り壁予防：右壁の向き・離隔を保持 | target_deg=-5.215,,249.45909917845213,250.0,63.80324017518629,75.54078598656824,53.475396050759834,0,27.65,53.38351092800528,0
27.7,726.712000302219,115.1007519512776,93.64810524382807,27.99999999998269,-0.6174388366678827,35.0,-1.9294963645871333,418,432,375,435,35.0,NEUTRAL,program,sonic_drive_smooth.py,function,bc4a84a5f90dcb414fa9a95aff361c8d4412f04ffa11cdb071a0b8ad9fecc202,平滑操舵：安全制御優先：仕切り壁予防：右壁の向き・離隔を保持 | target_deg=-1.543,,248.42314812445338,250.0,65.65573341762469,67.23269293137854,52.08020855295664,0,27.7,53.2802172743646,0
27.75,728.1091826228262,115.01197406019776,93.6192013137134,27.999999999986592,0.41131891859690184,35.0,1.2853716206153183,418,436,375,435,35.0,NEUTRAL,program,sonic_drive_smooth.py,function,bc4a84a5f90dcb414fa9a95aff361c8d4412f04ffa11cdb071a0b8ad9fecc202,平滑操舵：安全制御優先：仕切り壁予防：右壁の向き・離隔を保持 | target_deg=1.028,,249.6660736551764,249.59385013566978,62.4400576356043,69.608891307392,54.69495262602044,0,27.75,53.19816803193771,0
27.8,729.5064123550119,114.9239454485887,93.59079487368302,27.999999999989612,0.3449311760943352,35.0,1.0779099252947975,418,436,375,435,35.0,NEUTRAL,program,sonic_drive_smooth.py,function,bc4a84a5f90dcb414fa9a95aff361c8d4412f04ffa11cdb071a0b8ad9fecc202,平滑操舵：安全制御優先：仕切り壁予防：右壁の向き・離隔を保持 | target_deg=0.862,,247.47218512204753,250.0,62.904679366961616,71.25140742653618,54.22685656624625,0,27.8,53.11675495025244,0
27.85,730.9037347081371,114.83740188528132,93.49539907974957,27.999999999991953,1.1875423226612667,35.0,3.7110697583164587,418,438,375,435,35.0,NEUTRAL,program,sonic_drive_smooth.py,function,bc4a84a5f90dcb414fa9a95aff361c8d4412f04ffa11cdb071a0b8ad9fecc202,平滑操舵：安全制御優先：仕切り壁予防：右壁の向き・離隔を保持 | target_deg=2.967,,249.35315662573055,250.0,63.505660339318325,68.9757539907295,54.92329830736993,0,27.85,53.05244747980305,0
27.9,732.3011298841674,114.75203968102302,93.50620413624154,27.999999999993765,-0.29057856494127465,35.0,-0.9080580154414832,418,434,375,435,35.0,NEUTRAL,program,sonic_drive_smooth.py,function,bc4a84a5f90dcb414fa9a95aff361c8d4412f04ffa11cdb071a0b8ad9fecc202,平滑操舵：安全制御優先：仕切り壁予防：右壁の向き・離隔を保持 | target_deg=-0.726,,247.23433921051938,248.2297972802848,63.32868245347524,71.01031960705073,50.84213770144068,0,27.9,52.96456518289396,0
27.95,733.6984520541798,114.66549216292162,93.58232700879864,27.99999999999517,-0.9242689853313851,35.0,-2.8883405791605785,418,431,375,435,35.0,NEUTRAL,program,sonic_drive_smooth.py,function,bc4a84a5f90dcb414fa9a95aff361c8d4412f04ffa11cdb071a0b8ad9fecc202,平滑操舵：安全制御優先：仕切り壁予防：右壁の向き・離隔を保持 | target_deg=-2.310,,248.31785356781725,249.20254280848638,65.00453744333763,71.52554761380229,51.73120926656242,0,27.95,52.8602742483758,0
28.0,735.0957163521443,114.57801371381004,93.57835047688309,27.99999999999626,0.10946442846784407,35.0,0.3420763389620127,418,435,375,435,35.0,NEUTRAL,program,sonic_drive_smooth.py,function,bc4a84a5f90dcb414fa9a95aff361c8d4412f04ffa11cdb071a0b8ad9fecc202,平滑操舵：安全制御優先：仕切り壁予防：右壁の向き・離隔を保持 | target_deg=0.274,,247.86680671728382,250.0,61.672843445016674,70.07670142342064,54.68219247651676,0,28.0,52.77372221168814,0
28.05,736.4930689795586,114.49196221243263,93.45848439724011,27.9999999999971,1.6280163999445074,35.0,5.087551249826586,418,440,375,435,35.0,NEUTRAL,program,sonic_drive_smooth.py,function,bc4a84a5f90dcb414fa9a95aff361c8d4412f04ffa11cdb071a0b8ad9fecc202,平滑操舵：安全制御優先：仕切り壁予防：右壁の向き・離隔を保持 | target_deg=4.064,,250.0,250.0,67.46607465290245,68.28762248846643,56.02580917522874,0,28.05,52.71562042502528,0
28.1,737.8905464284626,114.40795771370591,93.43117219926296,27.999999999997755,0.18344014485366444,35.0,0.5732504526677014,418,435,375,435,35.0,NEUTRAL,program,sonic_drive_smooth.py,function,bc4a84a5f90dcb414fa9a95aff361c8d4412f04ffa11cdb071a0b8ad9fecc202,平滑操舵：安全制御優先：仕切り壁予防：右壁の向き・離隔を保持 | target_deg=0.459,,250.0,250.0,64.20303128227833,74.01371404025852,54.14859012389386,0,28.1,52.63799106753126,0
28.15,739.2879934066821,114.32344892464127,93.49401547726114,27.999999999998256,-0.8190129525762267,35.0,-2.5594154768007087,418,432,375,435,35.0,NEUTRAL,program,sonic_drive_smooth.py,function,bc4a84a5f90dcb414fa9a95aff361c8d4412f04ffa11cdb071a0b8ad9fecc202,平滑操舵：安全制御優先：仕切り壁予防：右壁の向き・離隔を保持 | target_deg=-2.047,,250.0,247.8298576054131,66.92043790188136,73.63580800882497,53.02611127753603,0,28.15,52.538817248358754,0
28.2,740.6853738783595,114.23784640262156,93.51701961548571,27.99999999999865,-0.2793337510209153,35.0,-0.8729179719403604,418,434,375,435,35.0,NEUTRAL,program,sonic_drive_smooth.py,function,bc4a84a5f90dcb414fa9a95aff361c8d4412f04ffa11cdb071a0b8ad9fecc202,平滑操舵：安全制御優先：仕切り壁予防：右壁の向き・離隔を保持 | target_deg=-0.698,,250.0,250.0,67.27491124968313,72.22256226520284,55.17044831596234,0,28.2,52.447849766895175,0
28.25,742.0826667242709,114.15082780898601,93.61318654586199,27.999999999998956,-1.2118915190143518,35.0,-3.787160996919849,418,431,375,435,35.0,NEUTRAL,program,sonic_drive_smooth.py,function,bc4a84a5f90dcb414fa9a95aff361c8d4412f04ffa11cdb071a0b8ad9fecc202,平滑操舵：安全制御優先：仕切り壁予防：右壁の向き・離隔を保持 | target_deg=-3.027,,250.0,248.8752500977354,66.33868986130396,70.89298946208719,50.26990641068797,0,28.25,52.33842232749818,0
28.3,743.4798627185079,114.06226522616954,93.63710576517542,27.99999999999919,-0.2394875389343062,35.0,-0.7483985591697069,418,434,375,435,35.0,NEUTRAL,program,sonic_drive_smooth.py,function,bc4a84a5f90dcb414fa9a95aff361c8d4412f04ffa11cdb071a0b8ad9fecc202,平滑操舵：安全制御優先：仕切り壁予防：右壁の向き・離隔を保持 | target_deg=-0.599,,248.43038955738186,247.39156895286945,65.20887933977608,65.88442763573201,50.56802985282535,0,28.3,52.24429083102274,0
28.35,744.8770683752873,113.97385538424687,93.6041567099669,27.999999999999375,0.4000891674108311,35.0,1.2502786481588473,418,436,375,435,35.0,NEUTRAL,program,sonic_drive_smooth.py,function,bc4a84a5f90dcb414fa9a95aff361c8d4412f04ffa11cdb071a0b8ad9fecc202,平滑操舵：安全制御優先：仕切り壁予防：右壁の向き・離隔を保持 | target_deg=1.000,,250.0,250.0,66.15548958844718,70.13014916839136,54.464253547021364,0,28.35,52.16355273692575,0
28.4,746.2743627776899,113.88686102422189,93.52101949743758,27.999999999999513,1.009418846637904,35.0,3.15443389574345,418,438,375,435,35.0,NEUTRAL,program,sonic_drive_smooth.py,function,bc4a84a5f90dcb414fa9a95aff361c8d4412f04ffa11cdb071a0b8ad9fecc202,平滑操舵：安全制御優先：仕切り壁予防：右壁の向き・離隔を保持 | target_deg=2.522,,249.2665681869649,250.0,66.26316383853761,69.45278999683094,54.69443925292261,0,28.4,52.095931725753445,0
28.45,747.6717456026017,113.80129710563287,93.48684999623481,27.999999999999623,0.4149081190711224,35.0,1.2965878720972575,418,436,375,435,35.0,NEUTRAL,program,sonic_drive_smooth.py,function,bc4a84a5f90dcb414fa9a95aff361c8d4412f04ffa11cdb071a0b8ad9fecc202,平滑操舵：安全制御優先：仕切り壁予防：右壁の向き・離隔を保持 | target_deg=1.037,,250.0,250.0,65.62926615089329,69.32692155786073,51.82883004684371,0,28.45,52.0183368991615,0
28.5,749.069158917351,113.71623227416637,93.48009250073562,27.99999999999971,0.08205524639391058,35.0,0.25642264498097056,418,435,375,435,35.0,NEUTRAL,program,sonic_drive_smooth.py,function,bc4a84a5f90dcb414fa9a95aff361c8d4412f04ffa11cdb071a0b8ad9fecc202,平滑操舵：安全制御優先：仕切り壁予防：右壁の向き・離隔を保持 | target_deg=0.205,,250.0,249.18919249738613,68.3638263485438,68.47137974173262,51.062484910801984,0,28.5,51.93484852320738,0
28.55,750.4665087337787,113.63013392698203,93.58184559613517,27.999999999999773,-1.3940576058814929,35.0,-4.356430018379665,418,430,375,435,35.0,NEUTRAL,program,sonic_drive_smooth.py,function,bc4a84a5f90dcb414fa9a95aff361c8d4412f04ffa11cdb071a0b8ad9fecc202,平滑操舵：安全制御優先：仕切り壁予防：右壁の向き・離隔を保持 | target_deg=-3.482,,250.0,247.02712222312795,66.08602358927894,71.16934891800369,49.45207145763498,0,28.55,51.82502816433637,0
28.6,751.8636731265682,113.54107868760354,93.71235124260204,27.999999999999822,-1.5843075112319718,35.0,-4.950960972599912,418,429,375,435,35.0,NEUTRAL,program,sonic_drive_smooth.py,function,bc4a84a5f90dcb414fa9a95aff361c8d4412f04ffa11cdb071a0b8ad9fecc202,平滑操舵：安全制御優先：仕切り壁予防：右壁の向き・離隔を保持 | target_deg=-3.955,,248.67870112992085,250.0,65.98100073653822,71.66381476014625,51.62276562380472,0,28.6,51.70559786713848,0
28.65,753.2607135402417,113.45009475710073,93.72753060726416,27.999999999999865,0.01569248876802817,35.0,0.04903902740008803,418,435,375,435,35.0,NEUTRAL,program,sonic_drive_smooth.py,function,bc4a84a5f90dcb414fa9a95aff361c8d4412f04ffa11cdb071a0b8ad9fecc202,平滑操舵：安全制御優先：仕切り壁予防：右壁の向き・離隔を保持 | target_deg=0.039,,248.7325071133518,247.29606380312134,65.76393781895943,65.7379579344129,54.525759011291214,0,28.65,51.611084618189466,0
28.7,754.6576773790473,113.3579455159527,93.82865524655074,27.999999999999893,-1.3494446584942432,35.0,-4.21701455779451,418,430,375,435,35.0,NEUTRAL,program,sonic_drive_smooth.py,function,bc4a84a5f90dcb414fa9a95aff361c8d4412f04ffa11cdb071a0b8ad9fecc202,平滑操舵：安全制御優先：仕切り壁予防：右壁の向き・離隔を保持 | target_deg=-3.370,,242.3111006514999,249.85057714791273,65.93343539042857,73.19488591857733,49.90602178192135,0,28.7,51.49544264230899,0
28.75,756.0545460432512,113.26436172780932,93.82449222143794,27.999999999999915,0.2505553415057568,35.0,0.78298544220549,418,435,375,435,35.0,NEUTRAL,program,sonic_drive_smooth.py,function,bc4a84a5f90dcb414fa9a95aff361c8d4412f04ffa11cdb071a0b8ad9fecc202,平滑操舵：安全制御優先：仕切り壁予防：右壁の向き・離隔を保持 | target_deg=0.626,,246.06332255564809,250.0,66.6802029095109,65.95656340974595,57.539267121768674,0,28.75,51.40282531546991,0
28.8,757.4515277498064,113.17248615728727,93.68852217603478,27.999999999999936,1.8505553415057567,35.0,5.78298544220549,418,441,375,435,35.0,NEUTRAL,program,sonic_drive_smooth.py,function,bc4a84a5f90dcb414fa9a95aff361c8d4412f04ffa11cdb071a0b8ad9fecc202,平滑操舵：安全制御優先：仕切り壁予防：右壁の向き・離隔を保持 | target_deg=4.618,,241.59992590925734,246.42747912228285,65.60367863356518,68.78522469487383,55.52050123902757,0,28.8,51.3425473181845,0
28.85,758.8487507802449,113.08435794270575,93.52964498732979,27.999999999999957,1.9284944118813894,35.0,6.026545037129342,418,441,375,435,35.0,NEUTRAL,program,sonic_drive_smooth.py,function,bc4a84a5f90dcb414fa9a95aff361c8d4412f04ffa11cdb071a0b8ad9fecc202,平滑操舵：安全制御優先：仕切り壁予防：右壁の向き・離隔を保持 | target_deg=4.812,,242.54133024108324,249.5998685347212,65.29784163002314,69.50903938083412,54.36812033540896,0,28.85,51.29141759643646,0
28.9,760.2462302390009,113.00039636972001,93.34683241881783,27.999999999999957,2.218757157888695,35.0,6.933616118402172,418,442,375,435,35.0,NEUTRAL,program,sonic_drive_smooth.py,function,bc4a84a5f90dcb414fa9a95aff361c8d4412f04ffa11cdb071a0b8ad9fecc202,平滑操舵：安全制御優先：仕切り壁予防：右壁の向き・離隔を保持 | target_deg=5.532,,240.32446925413245,248.31072265161256,66.36227225817903,66.91344132869357,53.60915969872988,0,28.9,51.25013160482847,0
28.95,761.6439160143983,112.91993504256364,93.24738188051998,27.999999999999957,1.1384925020794798,35.0,3.5577890689983747,418,438,375,435,35.0,NEUTRAL,program,sonic_drive_smooth.py,function,bc4a84a5f90dcb414fa9a95aff361c8d4412f04ffa11cdb071a0b8ad9fecc202,平滑操舵：安全制御優先：仕切り壁予防：右壁の向き・離隔を保持 | target_deg=2.844,,240.8012718568904,247.7431996463421,66.72312804102663,67.69151955095526,50.66354856338034,0,28.95,51.192932115075465,0
29.0,763.0417700720503,112.84245638366974,93.0973567253132,27.999999999999957,1.8243127476002314,35.0,5.700977336250723,418,440,375,435,35.0,NEUTRAL,program,sonic_drive_smooth.py,function,bc4a84a5f90dcb414fa9a95aff361c8d4412f04ffa11cdb071a0b8ad9fecc202,平滑操舵：安全制御優先：仕切り壁予防：右壁の向き・離隔を保持 | target_deg=4.553,,240.40298536227172,250.0,65.17428527864396,67.67385152159686,54.36139795872197,0,29.0,51.150606290137944,0
29.05,764.4397560925322,112.76738944781961,93.06241093217773,27.999999999999957,0.22431274760023143,35.0,0.7009773362507232,418,435,375,435,35.0,NEUTRAL,program,sonic_drive_smooth.py,function,bc4a84a5f90dcb414fa9a95aff361c8d4412f04ffa11cdb071a0b8ad9fecc202,平滑操舵：安全制御優先：仕切り壁予防：右壁の向き・離隔を保持 | target_deg=0.561,,236.762394833079,249.34166113993572,68.8175896088568,70.95832450759013,49.30916691744626,0,29.05,51.08373818991659,0
29.1,765.8377011938868,112.69156748951394,93.15924877435577,27.999999999999957,-1.3756872523997685,35.0,-4.299022663749277,418,430,375,435,35.0,NEUTRAL,program,sonic_drive_smooth.py,function,bc4a84a5f90dcb414fa9a95aff361c8d4412f04ffa11cdb071a0b8ad9fecc202,平滑操舵：安全制御優先：仕切り壁予防：右壁の向き・離隔を保持 | target_deg=-3.436,,233.95310735418934,250.0,68.4980191832734,71.46977525424958,50.46760336320878,0,29.1,50.98520635038591,0
29.15,767.235511620054,112.61330120247288,93.25027622100629,27.999999999999957,-1.1051961874494167,35.0,-3.4537380857794275,418,431,375,435,35.0,NEUTRAL,program,sonic_drive_smooth.py,function,bc4a84a5f90dcb414fa9a95aff361c8d4412f04ffa11cdb071a0b8ad9fecc202,平滑操舵：安全制御優先：仕切り壁予防：右壁の向き・離隔を保持 | target_deg=-2.761,,235.83420050255262,250.0,65.48683819180643,70.8282796519703,52.447460317466906,0,29.15,50.88562081930489,0
29.2,768.6332018053961,112.53291578755606,93.33298077595123,27.999999999999957,-1.0041667694213674,35.0,-3.1380211544417733,418,431,375,435,35.0,NEUTRAL,program,sonic_drive_smooth.py,function,bc4a84a5f90dcb414fa9a95aff361c8d4412f04ffa11cdb071a0b8ad9fecc202,平滑操舵：安全制御優先：仕切り壁予防：右壁の向き・離隔を保持 | target_deg=-2.509,,230.7400761560978,249.05028965184687,64.52861715856184,70.97587727870861,52.34937814311698,0,29.2,50.785889022757104,0
29.25,770.0308087138837,112.45109360368605,93.3680747455171,27.999999999999957,-0.42613320160633095,35.0,-1.3316662550197842,418,433,375,435,35.0,NEUTRAL,program,sonic_drive_smooth.py,function,bc4a84a5f90dcb414fa9a95aff361c8d4412f04ffa11cdb071a0b8ad9fecc202,平滑操舵：安全制御優先：仕切り壁予防：右壁の向き・離隔を保持 | target_deg=-1.065,,228.9275652073801,249.0710734182405,64.49856099544068,68.76891220421612,52.086053351246164,0,29.25,50.695864397433766,0
29.3,771.4283584583842,112.36830099550195,93.41254877965821,27.999999999999957,-0.5400258515163909,35.0,-1.6875807859887215,418,433,375,435,35.0,NEUTRAL,program,sonic_drive_smooth.py,function,bc4a84a5f90dcb414fa9a95aff361c8d4412f04ffa11cdb071a0b8ad9fecc202,平滑操舵：安全制御優先：仕切り壁予防：右壁の向き・離隔を保持 | target_deg=-1.350,,231.4800898509352,249.11395916692967,67.93350075079572,65.90420520583822,48.41906287005774,0,29.3,50.60268278871867,0
29.35,772.8258551461278,112.28461725638267,93.44114397396152,27.999999999999957,-0.3472231086465547,35.0,-1.0850722145204834,418,433,375,435,35.0,NEUTRAL,program,sonic_drive_smooth.py,function,bc4a84a5f90dcb414fa9a95aff361c8d4412f04ffa11cdb071a0b8ad9fecc202,平滑操舵：安全制御優先：仕切り壁予防：右壁の向き・離隔を保持 | target_deg=-0.868,,223.50895412438877,248.82439783592508,65.60697081783447,69.88332388004206,52.4928958205862,0,29.35,50.512322739816625,0
29.4,774.2233061930316,112.20017486860101,93.47475729030305,27.999999999999957,-0.4081547941762878,35.0,-1.2754837318008994,418,433,375,435,35.0,NEUTRAL,program,sonic_drive_smooth.py,function,bc4a84a5f90dcb414fa9a95aff361c8d4412f04ffa11cdb071a0b8ad9fecc202,平滑操舵：安全制御優先：仕切り壁予防：右壁の向き・離隔を保持 | target_deg=-1.020,,226.82002482045706,250.0,66.8657333954898,66.41171496791289,49.10695654174127,0,29.4,50.34744021477146,0
29.45,775.6207768320891,112.11605859140731,93.40631028683424,27.999999999999957,0.9506828768047597,35.0,2.9708839900148742,418,438,375,435,35.0,NEUTRAL,program,sonic_drive_smooth.py,function,bc4a84a5f90dcb414fa9a95aff361c8d4412f04ffa11cdb071a0b8ad9fecc202,平滑操舵：安全制御優先：仕切り壁予防：右壁の向き・離隔を保持 | target_deg=2.376,,225.28753619327694,250.0,63.31391291807297,68.55474400095865,54.97542168214128,0,29.45,49.96754534111833,0
29.5,777.0184325142454,112.03508548632509,93.21260953990532,27.999999999999957,2.5506828768047596,35.0,7.970883990014874,418,443,375,435,35.0,NEUTRAL,program,sonic_drive_smooth.py,function,bc4a84a5f90dcb414fa9a95aff361c8d4412f04ffa11cdb071a0b8ad9fecc202,平滑操舵：安全制御優先：仕切り壁予防：右壁の向き・離隔を保持 | target_deg=6.355,,226.0017093465652,250.0,66.59366640148286,63.39776729636544,55.565815844959644,0,29.5,49.65069917283164,0
29.55,778.4153899181248,111.95814346624942,93.09953532248505,27.96936813617654,1.271538184832564,34.8300953017474,3.9735568276017625,418,439,375,435,34.8300953017474,NEUTRAL,program,sonic_drive_smooth.py,function,bc4a84a5f90dcb414fa9a95aff361c8d4412f04ffa11cdb071a0b8ad9fecc202,平滑操舵：安全制御優先：仕切り壁予防：右壁の向き・離隔を保持 | target_deg=3.176,,220.99710238695047,249.78118133069458,68.4410853963761,70.2469129056114,51.42562693213084,0,29.55,49.359525491320746,0
29.6,779.8120942088073,111.88389028292214,92.98678193118485,27.976271352295253,1.3701822490599949,35.0,4.281819528312484,418,439,375,435,35.0,NEUTRAL,program,sonic_drive_smooth.py,function,bc4a84a5f90dcb414fa9a95aff361c8d4412f04ffa11cdb071a0b8ad9fecc202,平滑操舵：安全制御優先：仕切り壁予防：右壁の向き・離隔を保持 | target_deg=3.422,,221.2752315977515,250.0,66.55123091577538,66.57716314338327,51.86649586317816,0,29.6,49.10842535129751,0
29.65,781.2092008614711,111.81161225526616,92.93769480689775,27.98161885528282,0.5750661159060348,35.0,1.7970816122063589,418,436,375,435,35.0,NEUTRAL,program,sonic_drive_smooth.py,function,bc4a84a5f90dcb414fa9a95aff361c8d4412f04ffa11cdb071a0b8ad9fecc202,平滑操舵：安全制御優先：仕切り壁予防：右壁の向き・離隔を保持 | target_deg=1.437,,217.65148396226132,246.62058906858644,67.8868046188076,70.33166502476011,52.6268682045241,0,29.65,48.883575787012624,0
29.7,782.6065592107369,111.73972915419486,92.95329116799451,27.98576124163003,-0.20906770633269134,35.0,-0.6533365822896604,418,434,375,435,35.0,NEUTRAL,program,sonic_drive_smooth.py,function,bc4a84a5f90dcb414fa9a95aff361c8d4412f04ffa11cdb071a0b8ad9fecc202,平滑操舵：安全制御優先：仕切り壁予防：右壁の向き・離隔を保持 | target_deg=-0.523,,220.81546353004748,250.0,66.33907937361064,67.59877954809593,49.22360677994497,0,29.7,48.682596760166724,0
29.75,784.0040985352549,111.66788134007564,92.93270497526487,27.98897009718177,0.2500834735497301,35.0,0.7815108548429066,418,435,375,435,35.0,NEUTRAL,program,sonic_drive_smooth.py,function,bc4a84a5f90dcb414fa9a95aff361c8d4412f04ffa11cdb071a0b8ad9fecc202,平滑操舵：安全制御優先：仕切り壁予防：右壁の向き・離隔を保持 | target_deg=0.625,,215.77676277025307,248.422722702318,67.11812470151949,68.22742021701492,52.33801980155703,0,29.75,48.52725004685927,0
29.8,785.4018131214872,111.5967469930489,92.89421347872081,27.9914558030259,0.46754547725834755,35.0,1.461079616432336,418,436,375,435,35.0,NEUTRAL,program,sonic_drive_smooth.py,function,bc4a84a5f90dcb414fa9a95aff361c8d4412f04ffa11cdb071a0b8ad9fecc202,平滑操舵：安全制御優先：仕切り壁予防：右壁の向き・離隔を保持 | target_deg=1.169,,218.2375078762619,250.0,65.26589603680104,64.70039474022138,49.253055377091364,0,29.8,48.41495463933628,0
29.85,786.799626181516,111.52543628635621,92.95393694249839,27.993381328635866,-0.8305994292621475,35.0,-2.595623216444211,418,432,375,435,35.0,NEUTRAL,program,sonic_drive_smooth.py,function,bc4a84a5f90dcb414fa9a95aff361c8d4412f04ffa11cdb071a0b8ad9fecc202,平滑操舵：安全制御優先：仕切り壁予防：右壁の向き・離隔を保持 | target_deg=-2.076,,216.636079327995,250.0,68.53878577559561,65.85906332922953,46.20846889663892,0,29.85,48.317954733165884,0
29.9,788.1974157078338,111.45206370384074,93.05567241457084,27.994872916581954,-1.235420127049492,35.0,-3.8606878970296625,418,430,375,435,35.0,NEUTRAL,program,sonic_drive_smooth.py,function,bc4a84a5f90dcb414fa9a95aff361c8d4412f04ffa11cdb071a0b8ad9fecc202,平滑操舵：安全制御優先：仕切り壁予防：右壁の向き・離隔を保持 | target_deg=-3.086,,213.359492856121,250.0,63.63458238322167,71.04512772641283,51.283804129615156,0,29.9,48.24664508264882,0
29.95,789.5951354555972,111.37617600180458,93.15985134425614,27.99602835932933,-1.265024405544001,35.0,-3.953201267325003,418,430,375,435,35.0,NEUTRAL,program,sonic_drive_smooth.py,function,bc4a84a5f90dcb414fa9a95aff361c8d4412f04ffa11cdb071a0b8ad9fecc202,平滑操舵：安全制御優先：仕切り壁予防：右壁の向き・離隔を保持 | target_deg=-3.160,,212.39393627768007,250.0,65.4701358486251,70.56502771265859,51.42790447459374,0,29.95,48.20932632733251,0
30.0,790.9927480439987,111.29744900002244,93.28823470052555,27.99692341077163,-1.5587471350554378,35.0,-4.871084797048243,418,429,375,435,35.0,NEUTRAL,program,sonic_drive_smooth.py,function,bc4a84a5f90dcb414fa9a95aff361c8d4412f04ffa11cdb071a0b8ad9fecc202,平滑操舵：安全制御優先：仕切り壁予防：右壁の向き・離隔を保持 | target_deg=-3.892,,209.2943992640896,248.73079586477434,64.05904580116604,69.26191559240617,49.5318210476738,0,30.0,48.17988268518777,0
30.05,792.388227571797,111.21627388247433,93.37005906958132,27.93044843897109,-0.995017881833592,34.62743983948344,-3.109430880729975,418,431,375,435,34.62743983948344,NEUTRAL,program,sonic_drive_smooth.py,function,bc4a84a5f90dcb414fa9a95aff361c8d4412f04ffa11cdb071a0b8ad9fecc202,平滑操舵：安全制御優先：仕切り壁予防：右壁の向き・離隔を保持 | target_deg=-2.486,,208.77792423315216,249.59209863717302,206.27157877243621,66.16269857824294,49.116803763969045,0,30.05,48.1629556614017,0
30.1,793.7790798517652,111.13391231039495,93.40775085046135,27.82337326765791,-0.45988063242592714,34.31915040412775,-1.4371269763310224,417,433,375,435,34.31915040412775,NEUTRAL,program,sonic_drive_smooth.py,function,bc4a84a5f90dcb414fa9a95aff361c8d4412f04ffa11cdb071a0b8ad9fecc202,平滑操舵：安全制御優先：仕切り壁予防：右壁の向き・離隔を保持 | target_deg=-1.150,,206.47213460577456,249.71301032816615,208.88085424742275,66.81023445121305,50.30328738719293,0,30.1,48.15603479667862,0
30.15,795.1637289136024,111.05199197271392,93.35856842785188,27.68766661985071,0.6821438480324463,34.02649722085793,2.1316995251013946,417,437,375,435,34.02649722085793,NEUTRAL,program,sonic_drive_smooth.py,function,bc4a84a5f90dcb414fa9a95aff361c8d4412f04ffa11cdb071a0b8ad9fecc202,平滑操舵：安全制御優先：仕切り壁予防：右壁の向き・離隔を保持 | target_deg=1.705,,207.3439448147662,247.95407707619356,208.73879925480935,64.90788015912537,51.139966893543544,0,30.15,48.16380168111841,0
30.2,796.540707356861,110.97063043900224,93.41678289832589,27.521997323241028,-0.9178561519675538,33.69067112462732,-2.8683004748986054,417,431,375,435,33.69067112462732,NEUTRAL,program,sonic_drive_smooth.py,function,bc4a84a5f90dcb414fa9a95aff361c8d4412f04ffa11cdb071a0b8ad9fecc202,平滑操舵：安全制御優先：仕切り壁予防：右壁の向き・離隔を保持 | target_deg=-2.294,,205.87281087184263,248.59927747884578,209.17623484140955,65.56728877273316,43.69242427297353,0,30.2,48.15608026058251,0
30.25,797.9135564573849,110.88664332361127,93.59357700182807,27.499363170539272,-2.317218037357042,34.27695258310725,-7.241306366740756,417,427,375,435,34.27695258310725,NEUTRAL,program,sonic_drive_smooth.py,function,bc4a84a5f90dcb414fa9a95aff361c8d4412f04ffa11cdb071a0b8ad9fecc202,平滑操舵：安全制御優先：仕切り壁予防：右壁の向き・離隔を保持 | target_deg=-5.777,,200.21939731055056,246.50130060924505,210.0916550363689,67.69619068826438,46.50461548473585,0,30.25,48.13615019953924,0
30.3,799.2889167757462,110.79907231475222,93.68586916714071,27.604573667989495,-1.0360370252260347,34.957771385820365,-3.2376157038313584,418,431,375,435,34.957771385820365,NEUTRAL,program,sonic_drive_smooth.py,function,bc4a84a5f90dcb414fa9a95aff361c8d4412f04ffa11cdb071a0b8ad9fecc202,平滑操舵：安全制御優先：仕切り壁予防：右壁の向き・離隔を保持 | target_deg=-2.589,,199.96242393077156,244.8719731392104,209.41079268264696,63.88703799583076,48.27440739763891,0,30.3,48.127596814457696,0
30.35,800.6654119175035,110.71060673723515,93.65634383243179,27.57498213399535,0.5639629747739653,34.34158274817049,1.7623842961686416,417,436,375,435,34.34158274817049,NEUTRAL,program,sonic_drive_smooth.py,function,bc4a84a5f90dcb414fa9a95aff361c8d4412f04ffa11cdb071a0b8ad9fecc202,平滑操舵：安全制御優先：仕切り壁予防：右壁の向き・離隔を保持 | target_deg=1.410,,200.2290658886897,247.53607311404497,209.72717415131632,62.58819776299133,50.72547313859638,0,30.35,48.129464816416814,0
30.4,802.0366564093234,110.62282763921793,93.67004890395674,27.41942126789502,-0.1829705361757553,33.60588359874775,-0.5717829255492353,417,434,375,435,33.60588359874775,NEUTRAL,program,sonic_drive_smooth.py,function,bc4a84a5f90dcb414fa9a95aff361c8d4412f04ffa11cdb071a0b8ad9fecc202,平滑操舵：安全制御優先：仕切り壁予防：右壁の向き・離隔を保持 | target_deg=-0.457,,200.33806196528352,245.49098067557833,207.79468446597113,66.31452735940606,47.75258926296585,0,30.4,48.12887099505556,0
30.45,803.402563501112,110.53392537796208,93.78632887037327,27.347447469882997,-1.5744598211923895,33.87506201197112,-4.920186941226217,417,429,375,435,33.87506201197112,NEUTRAL,program,sonic_drive_smooth.py,function,bc4a84a5f90dcb414fa9a95aff361c8d4412f04ffa11cdb071a0b8ad9fecc202,平滑操舵：安全制御優先：仕切り壁予防：右壁の向き・離隔を保持 | target_deg=-3.931,,193.43230280034132,244.43697722441522,211.05708174279155,69.00223359181327,47.6762450624656,0,30.45,48.12648620953423,0
30.5,804.7692502660927,110.44116308698486,93.98203139848874,27.42888800168396,-2.464437606847804,34.63603271471459,-7.701367521399389,418,426,375,435,34.63603271471459,NEUTRAL,program,sonic_drive_smooth.py,function,bc4a84a5f90dcb414fa9a95aff361c8d4412f04ffa11cdb071a0b8ad9fecc202,平滑操舵：安全制御優先：仕切り壁予防：右壁の向き・離隔を保持 | target_deg=-6.141,,194.00295032615637,241.59877432213707,211.9537140038313,66.40961686133973,45.122496615592375,0,30.5,48.12644473990794,0
30.55,806.1405121696793,110.34452474337846,94.06809417022794,27.535465673553336,-0.8644376068478045,34.877260683755104,-2.701367521399389,418,432,375,435,34.877260683755104,NEUTRAL,program,sonic_drive_smooth.py,function,bc4a84a5f90dcb414fa9a95aff361c8d4412f04ffa11cdb071a0b8ad9fecc202,平滑操舵：安全制御優先：仕切り壁予防：右壁の向き・離隔を保持 | target_deg=-2.160,,197.00252977247823,242.06396218586454,208.15521708049627,63.99707257436914,49.53909155946873,0,30.55,48.12810343542846,0
30.6,807.5128715572628,110.24673575002686,94.0833522927029,27.504529468773335,-0.1866809549448905,34.247739316244896,-0.5833779842027829,417,434,375,435,34.247739316244896,NEUTRAL,program,sonic_drive_smooth.py,function,bc4a84a5f90dcb414fa9a95aff361c8d4412f04ffa11cdb071a0b8ad9fecc202,平滑操舵：安全制御優先：仕切り壁予防：右壁の向き・離隔を保持 | target_deg=-0.467,,189.04924098917795,242.57133329246713,207.7027267228138,65.23232431197933,49.28449990663559,0,30.6,48.128774071061066,0
30.65,808.8819447097181,110.15002800543185,93.98539835892961,27.413741462783367,1.4133190450551094,33.87709114723548,4.416622015797217,417,439,375,435,33.87709114723548,NEUTRAL,program,sonic_drive_smooth.py,function,bc4a84a5f90dcb414fa9a95aff361c8d4412f04ffa11cdb071a0b8ad9fecc202,平滑操舵：安全制御優先：仕切り壁予防：右壁の向き・離隔を保持 | target_deg=3.530,,192.11949880377827,242.4857639936739,208.56351604147002,62.046879886428144,51.98839153881071,0,30.65,48.121888013658705,0
30.7,810.245831739501,110.05626606462164,93.87995161113088,27.295172720092324,1.3110040209735145,33.60951568956715,4.096887565542233,417,439,375,435,33.60951568956715,NEUTRAL,program,sonic_drive_smooth.py,function,bc4a84a5f90dcb414fa9a95aff361c8d4412f04ffa11cdb071a0b8ad9fecc202,平滑操舵：安全制御優先：仕切り壁予防：右壁の向き・離隔を保持 | target_deg=3.275,,185.689050290913,239.78796075166292,208.468254458452,64.75209849683786,48.98493942244095,0,30.7,48.111914485078835,0
30.75,811.6048656059423,109.96653806957242,93.66260436131188,27.203613848036237,2.911004020973514,33.61111947527125,9.096887565542232,417,444,375,435,33.61111947527125,NEUTRAL,program,sonic_drive_smooth.py,function,bc4a84a5f90dcb414fa9a95aff361c8d4412f04ffa11cdb071a0b8ad9fecc202,平滑操舵：安全制御優先：仕切り壁予防：右壁の向き・離隔を保持 | target_deg=7.245,,189.3259738307665,242.5184981002939,209.98734543183443,61.264654700255235,51.469246145174914,0,30.75,48.08538804721639,0
30.8,812.9601673621947,109.88136103331242,93.54185483439392,27.130607695709195,1.3110040209735143,33.59957661322015,4.096887565542232,416,439,375,435,33.59957661322015,NEUTRAL,program,sonic_drive_smooth.py,function,bc4a84a5f90dcb414fa9a95aff361c8d4412f04ffa11cdb071a0b8ad9fecc202,平滑操舵：安全制御優先：仕切り壁予防：右壁の向き・離隔を保持 | target_deg=3.275,,187.2663238229286,237.37914443948696,210.47042646119445,67.68146292491694,48.90267242505006,0,30.8,48.06763267473298,0
30.85,814.3123591762323,109.79819916230078,93.49810399716148,27.071545928289737,0.5298984118868453,33.58566375966815,1.6559325371463913,416,436,375,435,33.58566375966815,NEUTRAL,program,sonic_drive_smooth.py,function,bc4a84a5f90dcb414fa9a95aff361c8d4412f04ffa11cdb071a0b8ad9fecc202,平滑操舵：安全制御優先：仕切り壁予防：右壁の向き・離隔を保持 | target_deg=1.325,,183.5365555657391,238.7782930040495,212.64361749634034,65.45819387539066,49.1738651704165,0,30.85,48.01261384543231,0
30.9,815.6621296069133,109.71585561759991,93.4839688369201,27.028582720517583,0.17769765688440486,33.60112987367782,0.5553051777637652,417,435,375,435,33.60112987367782,NEUTRAL,program,sonic_drive_smooth.py,function,bc4a84a5f90dcb414fa9a95aff361c8d4412f04ffa11cdb071a0b8ad9fecc202,平滑操舵：安全制御優先：仕切り壁予防：右壁の向き・離隔を保持 | target_deg=0.444,,182.93543225172814,240.49445347675592,207.4500677205955,66.60260574880222,49.61497398899129,0,30.9,47.93356753809789,0
30.95,817.010538673256,109.63482705851966,93.38917619383182,27.009128363786107,1.2624655226030992,33.67782159389134,3.945204758134685,417,439,375,435,33.67782159389134,NEUTRAL,program,sonic_drive_smooth.py,function,bc4a84a5f90dcb414fa9a95aff361c8d4412f04ffa11cdb071a0b8ad9fecc202,平滑操舵：安全制御優先：仕切り壁予防：右壁の向き・離隔を保持 | target_deg=3.153,,186.3833201731146,239.53453117726158,209.29313841704223,64.36998460901542,51.31182230087304,0,30.95,47.874667805395404,0
31.0,818.3551024004425,109.55776501201814,93.14741926982606,26.887105266591952,3.5024655226030994,33.08458916732643,10.945204758134686,416,446,375,435,33.08458916732643,NEUTRAL,program,sonic_drive_smooth.py,function,bc4a84a5f90dcb414fa9a95aff361c8d4412f04ffa11cdb071a0b8ad9fecc202,平滑操舵：安全制御優先：左回避 | target_deg=8.700,,179.9318116260941,235.72314762880578,207.95181387336393,62.12753119062688,48.382812133565125,0,31.0,47.85417641743511,0
31.05,819.6881600390408,109.48904201459898,92.73103175092172,26.571727954353392,5.7424655226031,31.85958916732643,17.945204758134686,414,453,375,435,31.85958916732643,NEUTRAL,program,sonic_drive_smooth.py,function,bc4a84a5f90dcb414fa9a95aff361c8d4412f04ffa11cdb071a0b8ad9fecc202,平滑操舵：安全制御優先：左回避 | target_deg=14.112,,181.69634701227278,237.91179800534547,211.8886477385151,64.93077321449734,48.89541615236072,0,31.05,47.8833355789984,0
31.1,821.0014912013971,109.43284493119097,92.14560626664746,26.106570854718974,7.9824655226031,30.63458916732643,24.945204758134686,413,461,375,435,30.63458916732643,NEUTRAL,program,sonic_drive_smooth.py,function,bc4a84a5f90dcb414fa9a95aff361c8d4412f04ffa11cdb071a0b8ad9fecc202,平滑操舵：安全制御優先：左回避 | target_deg=19.319,,177.85272005300692,231.60136878306292,210.52080001080037,67.01860020670135,47.47432221658917,0,31.1,47.90288007006171,0
31.15,822.2886349168975,109.3927587185283,91.39850478408215,25.525388434885585,10.2224655226031,29.40958916732643,31.945204758134686,411,468,375,435,29.40958916732643,NEUTRAL,program,sonic_drive_smooth.py,function,bc4a84a5f90dcb414fa9a95aff361c8d4412f04ffa11cdb071a0b8ad9fecc202,平滑操舵：安全制御優先：左回避 | target_deg=24.267,,180.3103322339098,235.21604887252965,211.19665884092282,63.33263527197721,51.795989005390645,0,31.15,47.88445693708742,0
31.2,823.5444492418923,109.37171508736336,90.4982218844467,24.854328234068998,12.4624655226031,28.184589167326433,38.945204758134686,410,475,375,435,28.184589167326433,NEUTRAL,program,sonic_drive_smooth.py,function,bc4a84a5f90dcb414fa9a95aff361c8d4412f04ffa11cdb071a0b8ad9fecc202,平滑操舵：安全制御優先：左回避 | target_deg=28.921,,180.37509054748517,229.4988660526107,211.8919333356574,65.35316894206173,48.48393402349485,0,31.2,47.88941789364151,0
31.25,824.7647803355229,109.37197882323638,89.45395024119512,24.113645165583446,14.702465522603099,26.95958916732643,45.945204758134686,408,483,375,435,26.95958916732643,NEUTRAL,program,sonic_drive_smooth.py,function,bc4a84a5f90dcb414fa9a95aff361c8d4412f04ffa11cdb071a0b8ad9fecc202,平滑操舵：安全制御優先：左回避 | target_deg=33.264,,179.035244842484,229.0606568680955,210.11454706172,67.19665598241284,45.02109343400185,0,31.25,47.92256731097035,0
31.3,825.946217325612,109.39515797894681,88.2752908913759,23.319029482725067,16.9424655226031,25.73458916732643,52.945204758134686,407,490,375,435,25.73458916732643,NEUTRAL,program,sonic_drive_smooth.py,function,bc4a84a5f90dcb414fa9a95aff361c8d4412f04ffa11cdb071a0b8ad9fecc202,平滑操舵：安全制御優先：左回避 | target_deg=37.292,,181.1393756014321,229.77496994180424,211.45597645009786,70.58339699914296,49.328466957077474,0,31.3,47.987874564358535,0
31.35,827.0859139076838,109.44222853868031,86.9720671095946,22.48263547342779,19.1824655226031,24.509589167326432,59.945204758134686,405,497,375,435,24.509589167326432,NEUTRAL,program,sonic_drive_smooth.py,function,bc4a84a5f90dcb414fa9a95aff361c8d4412f04ffa11cdb071a0b8ad9fecc202,平滑操舵：安全制御優先：左回避 | target_deg=41.015,,182.20859366536982,222.3338073784246,211.18265967096193,71.76537912757674,48.05269463766569,0,31.35,47.766670287675666,0
31.4,828.1814614651921,109.51356744303531,85.5542124778807,21.613878327643747,21.422465522603098,23.28458916732643,66.94520475813468,404,505,375,435,23.28458916732643,NEUTRAL,program,sonic_drive_smooth.py,function,bc4a84a5f90dcb414fa9a95aff361c8d4412f04ffa11cdb071a0b8ad9fecc202,平滑操舵：安全制御優先：左回避 | target_deg=44.447,,184.33320527635615,224.84317975482233,209.75104961239487,76.48547270179972,49.60153022032799,0,31.4,47.508435121143165,0
31.45,829.2308016366965,109.60899020708084,84.03171232156672,20.720051422189147,23.662465522603096,22.05958916732643,73.94520475813468,402,512,375,435,22.05958916732643,NEUTRAL,program,sonic_drive_smooth.py,function,bc4a84a5f90dcb414fa9a95aff361c8d4412f04ffa11cdb071a0b8ad9fecc202,平滑操舵：安全制御優先：左回避 | target_deg=47.609,,187.35899388758997,225.37608958669284,215.7045102287534,75.07999835297768,49.03585621207026,0,31.45,47.25750229931862,0
31.5,830.2321687731716,109.72779096036946,82.41458394448222,19.80680449388862,25.902465522603098,20.83458916732643,80.94520475813468,401,519,375,435,20.83458916732643,NEUTRAL,program,sonic_drive_smooth.py,function,bc4a84a5f90dcb414fa9a95aff361c8d4412f04ffa11cdb071a0b8ad9fecc202,平滑操舵：安全制御優先：左回避 | target_deg=50.522,,187.2396844220865,220.96140933535062,212.29858124343946,79.449259679361,47.14297983381789,0,31.5,47.01724205893551,0
31.55,831.1840547212956,109.86878377783763,80.71288570006112,18.8785140513186,28.142465522603096,19.609589167326433,87.94520475813468,399,527,375,435,19.609589167326433,NEUTRAL,program,sonic_drive_smooth.py,function,bc4a84a5f90dcb414fa9a95aff361c8d4412f04ffa11cdb071a0b8ad9fecc202,平滑操舵：安全制御優先：左回避 | target_deg=53.211,,185.87504922852264,223.26835575409407,210.72605630121078,86.52624439587477,51.5382320433273,0,31.55,46.790517166290485,0
31.6,832.0973850165036,110.03101532267365,79.16337196525478,18.33971223111013,25.902465522603098,20.609589167326433,80.94520475813468,400,519,375,435,20.609589167326433,NEUTRAL,program,sonic_drive_smooth.py,function,bc4a84a5f90dcb414fa9a95aff361c8d4412f04ffa11cdb071a0b8ad9fecc202,平滑操舵：安全制御優先：右壁追従 | target_deg=50.522,,185.77751240996378,224.72110000966788,213.8765453639383,85.88192440094748,51.942893796004626,0,31.6,46.627213456229214,0
31.65,832.9888208963004,110.2129122644266,77.79037537435329,18.10262363208496,23.662465522603096,21.609589167326433,73.94520475813468,402,512,375,435,21.609589167326433,NEUTRAL,program,sonic_drive_smooth.py,function,bc4a84a5f90dcb414fa9a95aff361c8d4412f04ffa11cdb071a0b8ad9fecc202,平滑操舵：安全制御優先：右壁追従 | target_deg=47.609,,187.51239035890083,222.74954158212802,210.1339991838416,94.06006839001637,50.05342516113507,0,31.65,46.528262709452136,0
31.7,833.8712336507425,110.41389982241861,76.56551950339531,18.09925397274247,21.422465522603098,22.609589167326433,66.94520475813468,403,505,375,435,22.609589167326433,NEUTRAL,program,sonic_drive_smooth.py,function,bc4a84a5f90dcb414fa9a95aff361c8d4412f04ffa11cdb071a0b8ad9fecc202,平滑操舵：安全制御優先：右壁追従 | target_deg=44.447,,188.78562181226354,225.63356075085883,209.75591584889509,91.66529328693521,53.00357317163219,0,31.7,46.484871588805476,0
31.75,834.7545435419103,110.63398512927577,75.47080530793315,18.27693220567385,19.182465522603096,23.609589167326433,59.94520475813468,404,497,375,435,23.609589167326433,NEUTRAL,program,sonic_drive_smooth.py,function,bc4a84a5f90dcb414fa9a95aff361c8d4412f04ffa11cdb071a0b8ad9fecc202,平滑操舵：安全制御優先：右壁追従 | target_deg=41.015,,192.05791588580976,225.01659958620297,211.2777235026901,101.92500787623057,50.548377274945544,0,31.75,46.49155978915809,0
31.8,835.6464081782353,110.87338817714581,74.49574654198335,18.594857263878843,16.942465522603097,24.609589167326433,52.94520475813468,405,490,375,435,24.609589167326433,NEUTRAL,program,sonic_drive_smooth.py,function,bc4a84a5f90dcb414fa9a95aff361c8d4412f04ffa11cdb071a0b8ad9fecc202,平滑操舵：安全制御優先：右壁追従 | target_deg=37.292,,187.47598527483365,223.2653415460271,213.50150969949087,107.15707481159815,49.7340949236608,0,31.8,46.544943289760795,0
31.85,836.552765674698,111.13231333692327,73.63531550326877,19.02142303450689,14.702465522603097,25.609589167326433,45.94520475813468,407,483,375,435,25.609589167326433,NEUTRAL,program,sonic_drive_smooth.py,function,bc4a84a5f90dcb414fa9a95aff361c8d4412f04ffa11cdb071a0b8ad9fecc202,平滑操舵：安全制御優先：右壁追従 | target_deg=33.264,,186.53169270774342,226.42835996129912,214.12604435976982,111.05088965816448,57.53467428297337,0,31.85,46.64293361256584,0
31.9,837.4782615224605,111.41080449489804,72.88847258678317,19.53214617820033,12.462465522603097,26.609589167326433,38.94520475813468,408,475,375,435,26.609589167326433,NEUTRAL,program,sonic_drive_smooth.py,function,bc4a84a5f90dcb414fa9a95aff361c8d4412f04ffa11cdb071a0b8ad9fecc202,平滑操舵：安全制御優先：右壁追従 | target_deg=28.921,,189.27276205539485,224.5557480300304,216.29338526906625,115.25894437972866,52.55102152381157,0,31.9,46.78420949248347,0
31.95,838.426583369622,111.70865004880942,72.25711730436706,20.10806093637517,10.222465522603096,27.609589167326433,31.94520475813468,409,468,375,435,27.609589167326433,NEUTRAL,program,sonic_drive_smooth.py,function,bc4a84a5f90dcb414fa9a95aff361c8d4412f04ffa11cdb071a0b8ad9fecc202,平滑操舵：安全制御優先：右壁追従 | target_deg=24.267,,189.76027906003353,224.23226424450382,213.15446352274006,121.39333989722452,57.65880664041606,0,31.95,46.96786956651006,0
32.0,839.4007230796545,112.02531738633535,71.74534422252631,20.734475685743767,7.982465522603097,28.609589167326433,24.94520475813468,410,461,375,435,28.609589167326433,NEUTRAL,program,sonic_drive_smooth.py,function,bc4a84a5f90dcb414fa9a95aff361c8d4412f04ffa11cdb071a0b8ad9fecc202,平滑操舵：Follow the Gap：目標が空き空間内 | target_deg=19.319 | gap_min_deg=-60.0 | gap_max_deg=60.0,,189.164063860374,223.45138569846097,215.32422490762795,121.00194633598575,57.278947866694125,0,32.0,47.19320695432971,0
32.05,840.4031811836692,112.35990425867543,71.3589200562416,21.4000097164932,5.742465522603097,29.609589167326433,17.94520475813468,412,453,375,435,29.609589167326433,NEUTRAL,program,sonic_drive_smooth.py,function,bc4a84a5f90dcb414fa9a95aff361c8d4412f04ffa11cdb071a0b8ad9fecc202,平滑操舵：Follow the Gap：目標が空き空間内 | target_deg=14.112 | gap_min_deg=-60.0 | gap_max_deg=60.0,,189.62329551932234,220.86040959767087,218.29710794285702,125.41665491802797,59.85489362694935,0,32.05,47.45956685058759,0
32.1,841.4361253181132,112.71109904988407,71.10492170055255,22.095847082739905,3.502465522603097,30.609589167326433,10.945204758134679,413,446,375,435,30.609589167326433,NEUTRAL,program,sonic_drive_smooth.py,function,bc4a84a5f90dcb414fa9a95aff361c8d4412f04ffa11cdb071a0b8ad9fecc202,平滑操舵：Follow the Gap：目標が空き空間内 | target_deg=8.700 | gap_min_deg=-60.0 | gap_max_deg=60.0,,191.2150656517538,221.51696267163135,216.6491608288238,124.84296883928081,56.3915848641012,0,32.1,47.76626117445308,0
32.15,842.5013818800234,113.0775206525929,70.93403329286252,22.815158605715606,2.526176496740642,31.609589167326433,7.894301552314507,414,443,375,435,31.609589167326433,NEUTRAL,program,sonic_drive_smooth.py,function,bc4a84a5f90dcb414fa9a95aff361c8d4412f04ffa11cdb071a0b8ad9fecc202,平滑操舵：Follow the Gap：目標が空き空間内 | target_deg=6.294 | gap_min_deg=-60.0 | gap_max_deg=60.0,,184.53868082444833,223.441541145795,216.16759452181216,128.88534393048468,59.867854445843285,0,32.15,48.10289787143442,0
32.2,843.6000349597451,113.4590960500116,70.76051124370008,23.552654134679273,2.534714954370411,32.60958916732643,7.920984232407534,415,443,375,435,32.60958916732643,NEUTRAL,program,sonic_drive_smooth.py,function,bc4a84a5f90dcb414fa9a95aff361c8d4412f04ffa11cdb071a0b8ad9fecc202,平滑操舵：Follow the Gap：目標が空き空間内 | target_deg=6.315 | gap_min_deg=-60.0 | gap_max_deg=60.0,,183.23731597229533,222.36055870739202,216.57362806821465,127.89099013752099,57.53930928639195,0,32.2,48.45435699292844,0
32.25,844.7326658698948,113.85639810889414,70.57998784992674,24.30299043315728,2.5550957163784607,33.60268203010553,7.98467411368269,417,443,375,435,33.60268203010553,NEUTRAL,program,sonic_drive_smooth.py,function,bc4a84a5f90dcb414fa9a95aff361c8d4412f04ffa11cdb071a0b8ad9fecc202,平滑操舵：Follow the Gap：目標が空き空間内 | target_deg=6.366 | gap_min_deg=-60.0 | gap_max_deg=60.0,,185.67136249500234,221.61083518087926,218.7163347183472,130.21596486132682,57.55575937665285,0,32.25,48.8204644518396,0
32.3,845.894622230661,114.26814479572309,70.39579644957024,24.885877752356404,2.5383882079302094,33.61181894878817,7.9324631497819045,417,443,375,435,33.61181894878817,NEUTRAL,program,sonic_drive_smooth.py,function,bc4a84a5f90dcb414fa9a95aff361c8d4412f04ffa11cdb071a0b8ad9fecc202,平滑操舵：Follow the Gap：目標が空き空間内 | target_deg=6.324 | gap_min_deg=-60.0 | gap_max_deg=60.0,,187.68933692729206,215.65507393118108,213.51835232858195,135.75155745831705,56.07176614252427,0,32.3,49.20052682893245,0
32.35,847.0790597678299,114.69215871382275,70.21073113096335,25.34126862853851,2.499203670576493,33.63324799265348,7.810011470551541,417,443,375,435,33.63324799265348,NEUTRAL,program,sonic_drive_smooth.py,function,bc4a84a5f90dcb414fa9a95aff361c8d4412f04ffa11cdb071a0b8ad9fecc202,平滑操舵：Follow the Gap：目標が空き空間内 | target_deg=6.227 | gap_min_deg=-60.0 | gap_max_deg=60.0,,182.7837079147776,217.31332456240756,215.62190555317125,135.11004242187735,62.242344137935234,0,32.35,49.592853047527456,0
32.4,848.2806376960696,115.12671810658708,70.02348435858812,25.694970183545045,2.4896915168273654,33.63844995173503,7.780285990085517,417,443,375,435,33.63844995173503,NEUTRAL,program,sonic_drive_smooth.py,function,bc4a84a5f90dcb414fa9a95aff361c8d4412f04ffa11cdb071a0b8ad9fecc202,平滑操舵：Follow the Gap：目標が空き空間内 | target_deg=6.204 | gap_min_deg=-60.0 | gap_max_deg=60.0,,183.58017103767492,219.44710286739797,216.3155699502055,136.03927056851447,61.39457502884898,0,32.4,49.99550146238326,0
32.45,849.4952380168086,115.57047625483575,69.83663701791716,25.972394348594378,2.454872250163933,33.6574917381916,7.671475781762291,417,443,375,435,33.6574917381916,NEUTRAL,program,sonic_drive_smooth.py,function,bc4a84a5f90dcb414fa9a95aff361c8d4412f04ffa11cdb071a0b8ad9fecc202,平滑操舵：安全制御優先：右壁追従 | target_deg=6.118,,178.7025560347313,215.66295224553312,212.51509917054727,137.20250465692635,61.59202096565875,0,32.45,50.407567679659735,0
32.5,850.7196299600067,116.02236104980251,69.64830821916428,26.187620324287607,2.451603379937254,33.65927940159681,7.661260562303919,417,443,375,435,33.65927940159681,NEUTRAL,program,sonic_drive_smooth.py,function,bc4a84a5f90dcb414fa9a95aff361c8d4412f04ffa11cdb071a0b8ad9fecc202,平滑操舵：安全制御優先：右壁追従 | target_deg=6.109,,177.75027622349472,214.66773327117394,214.353335033071,132.4370783645357,61.36343083036969,0,32.5,50.827662221917876,1
32.55,851.9513339676457,116.48153655744784,69.4610874924038,26.357477992662297,2.419805161752828,33.676669052166424,7.561891130477587,417,442,375,435,33.676669052166424,NEUTRAL,program,sonic_drive_smooth.py,function,bc4a84a5f90dcb414fa9a95aff361c8d4412f04ffa11cdb071a0b8ad9fecc202,平滑操舵：安全制御優先：右壁追従 | target_deg=6.031,,175.9623184992597,212.41821300011543,214.73245310485626,135.59947254447988,65.78360013520263,0,32.55,51.255387066086115,1
32.6,853.1883749789855,116.9473296924339,69.27237173295964,26.488483625532577,2.425614815463742,33.67349189779327,7.580046298324193,417,442,375,435,33.67349189779327,NEUTRAL,program,sonic_drive_smooth.py,function,bc4a84a5f90dcb414fa9a95aff361c8d4412f04ffa11cdb071a0b8ad9fecc202,平滑操舵：Follow the Gap：目標が空き空間内 | target_deg=6.045 | gap_min_deg=-60.0 | gap_max_deg=60.0,,180.26353720914287,213.7852791106208,211.05899810037135,132.9655255079286,59.03986879666035,0,32.6,51.68963265400991,1
32.65,854.4291471631414,117.41921400427178,69.08250470798038,26.589530589117512,2.430028387731438,33.67107822545937,7.5938387116607435,417,442,375,435,33.67107822545937,NEUTRAL,program,sonic_drive_smooth.py,function,bc4a84a5f90dcb414fa9a95aff361c8d4412f04ffa11cdb071a0b8ad9fecc202,平滑操舵：安全制御優先：右壁追従 | target_deg=6.056,,176.8340140093196,215.8495661174713,213.36367556572898,131.7675704634034,61.16919381614769,0,32.65,52.12993360348558,1
32.7,855.672463551954,117.89678225017651,68.8930932143472,26.66916940066626,2.4161955210415034,33.678643074430425,7.550611003254699,417,442,375,435,33.678643074430425,NEUTRAL,program,sonic_drive_smooth.py,function,bc4a84a5f90dcb414fa9a95aff361c8d4412f04ffa11cdb071a0b8ad9fecc202,平滑操舵：安全制御優先：右壁追従 | target_deg=6.022,,170.84544548930847,210.74255251831457,214.22433094446998,129.61542264468667,64.20785887073751,0,32.7,52.576151159542164,1
32.75,856.9174723729744,118.37971279234334,68.70503102506609,26.73317676890906,2.3927054562447454,33.69148920361615,7.477204550764829,417,442,375,435,33.69148920361615,NEUTRAL,program,sonic_drive_smooth.py,function,bc4a84a5f90dcb414fa9a95aff361c8d4412f04ffa11cdb071a0b8ad9fecc202,平滑操舵：安全制御優先：右壁追従 | target_deg=5.964,,170.36669628941777,211.53296303827034,213.3707959658791,129.56095644743377,65.5176187259133,0,32.75,53.02810972050378,1
32.8,858.163560766323,118.86774716191127,68.5190721870259,26.785892731603358,2.3609256853975786,33.7088687657982,7.377892766867433,417,442,375,435,33.7088687657982,NEUTRAL,program,sonic_drive_smooth.py,function,bc4a84a5f90dcb414fa9a95aff361c8d4412f04ffa11cdb071a0b8ad9fecc202,平滑操舵：安全制御優先：右壁追従 | target_deg=5.885,,172.00225259565525,208.28595837477673,211.17520307573594,127.69669987764061,65.90498946127194,0,32.8,53.48567107136073,1
32.85,859.4102218029716,119.3606675897016,68.33398612434522,26.828220736534316,2.3457916460121098,33.71714519358713,7.330598893787843,417,442,375,435,33.71714519358713,NEUTRAL,program,sonic_drive_smooth.py,function,bc4a84a5f90dcb414fa9a95aff361c8d4412f04ffa11cdb071a0b8ad9fecc202,平滑操舵：安全制御優先：右壁追従 | target_deg=5.847,,175.38237491448862,207.59397236062796,211.70388091349545,124.38992649722839,66.18131491866367,0,32.85,53.94841245841165,1
32.9,860.6569850831387,119.85829342765511,68.14875129643923,26.861139565437234,2.34447424196257,33.71786564892672,7.3264820061330305,417,442,375,435,33.71786564892672,NEUTRAL,program,sonic_drive_smooth.py,function,bc4a84a5f90dcb414fa9a95aff361c8d4412f04ffa11cdb071a0b8ad9fecc202,平滑操舵：安全制御優先：右壁追従 | target_deg=5.844,,173.2323715120455,208.26976984916567,213.61848170162364,127.98366886219289,67.18367386973438,0,32.9,54.415986097808315,1
32.95,861.9034564036158,120.36048132512022,67.96345547471816,26.886809026020533,2.3427577328441163,33.718804364850875,7.321117915137863,417,442,375,435,33.718804364850875,NEUTRAL,program,sonic_drive_smooth.py,function,bc4a84a5f90dcb414fa9a95aff361c8d4412f04ffa11cdb071a0b8ad9fecc202,平滑操舵：安全制御優先：右壁追従 | target_deg=5.840,,171.0237740424173,211.35069954978417,212.82446591481062,124.80878009582167,66.52566916622472,0,32.95,54.88826344971966,1
33.0,863.1493139053955,120.86711621571393,67.77776235328491,26.90638792393801,2.3458580524530883,33.71710887756472,7.3308064139159015,417,442,375,435,33.71710887756472,NEUTRAL,program,sonic_drive_smooth.py,function,bc4a84a5f90dcb414fa9a95aff361c8d4412f04ffa11cdb071a0b8ad9fecc202,平滑操舵：安全制御優先：右壁追従 | target_deg=5.848,,169.9552892444991,204.7847134390312,211.18091899041872,122.34665235313994,64.34161665191404,0,33.0,55.36507603779296,1
33.05,864.3943009552679,121.3781082540032,67.59185680583113,26.921434944668587,2.3470707314960007,33.716445693713126,7.334596035925002,417,442,375,435,33.716445693713126,NEUTRAL,program,sonic_drive_smooth.py,function,bc4a84a5f90dcb414fa9a95aff361c8d4412f04ffa11cdb071a0b8ad9fecc202,平滑操舵：安全制御優先：右壁追従 | target_deg=5.851,,167.7084709942534,204.64450797850012,214.42460813531508,124.74242028206046,67.64539367299372,0,33.05,55.84636477202072,1
33.1,865.6383077489775,121.89339453905617,67.40800171532379,26.935764560310687,2.3199538035809875,33.731275263666646,7.249855636190586,417,442,375,435,33.731275263666646,NEUTRAL,program,sonic_drive_smooth.py,function,bc4a84a5f90dcb414fa9a95aff361c8d4412f04ffa11cdb071a0b8ad9fecc202,平滑操舵：安全制御優先：右壁追従 | target_deg=5.783,,165.63822970806763,202.18203233058128,212.22524613413418,123.68682067278465,69.18012406479166,0,33.1,56.33242635007862,1
33.15,866.8813422177072,122.41292062622206,67.22703391725292,26.95057516499627,2.2823219776191026,33.75185516848955,7.132256180059696,417,442,375,435,33.75185516848955,NEUTRAL,program,sonic_drive_smooth.py,function,bc4a84a5f90dcb414fa9a95aff361c8d4412f04ffa11cdb071a0b8ad9fecc202,平滑操舵：安全制御優先：右壁追従 | target_deg=5.690,,166.33045005491704,200.92947898109307,210.37165113942137,122.22299112884376,70.43542482992764,0,33.15,56.82333360058695,1
33.2,868.1233424785187,122.93662201701008,67.04658651589847,26.962804634920406,2.27464825864615,33.75605173355289,7.108275808269219,417,442,375,435,33.75605173355289,NEUTRAL,program,sonic_drive_smooth.py,function,bc4a84a5f90dcb414fa9a95aff361c8d4412f04ffa11cdb071a0b8ad9fecc202,平滑操舵：安全制御優先：右壁追従 | target_deg=5.671,,164.87671579247603,199.64387831270318,210.39582351069888,122.35427744875179,68.78269394925333,0,33.2,57.31864386702544,1
33.25,869.364267607268,123.46444933410869,66.86847729592017,26.975282590482514,2.244174925456723,33.77271683764085,7.0130466420522595,417,442,375,435,33.77271683764085,NEUTRAL,program,sonic_drive_smooth.py,function,bc4a84a5f90dcb414fa9a95aff361c8d4412f04ffa11cdb071a0b8ad9fecc202,平滑操舵：安全制御優先：右壁追従 | target_deg=5.595,,161.46370521264532,199.69679814080166,209.0570129189975,119.30726241351068,70.98967891712434,0,33.25,57.818590613967984,1
33.3,870.6041470265766,123.99635578192184,66.69300037017155,26.98831876609655,2.2099921519108716,33.79141054192374,6.906225474721474,417,442,375,435,33.79141054192374,NEUTRAL,program,sonic_drive_smooth.py,function,bc4a84a5f90dcb414fa9a95aff361c8d4412f04ffa11cdb071a0b8ad9fecc202,平滑操舵：安全制御優先：右壁追従 | target_deg=5.511,,161.93866750689895,196.85305512786712,208.42550098189463,124.77038634101648,72.76161146309289,0,33.3,58.32316741847808,1
33.35,871.8430292973584,124.53229419393993,66.52054207447563,27.002269487276568,2.1709194246210957,33.812778439660335,6.784123201940924,417,442,375,435,33.812778439660335,NEUTRAL,program,sonic_drive_smooth.py,function,bc4a84a5f90dcb414fa9a95aff361c8d4412f04ffa11cdb071a0b8ad9fecc202,平滑操舵：安全制御優先：右壁追従 | target_deg=5.414,,160.51796679976087,199.7515559293601,209.30632044658648,118.61456944486427,76.43647584435392,0,33.35,58.83238087988455,1
33.4,873.0808371667986,125.07220008916676,66.34781268148981,27.01283453236385,2.1733711930484163,33.81143762880165,6.791784978276301,417,442,375,435,33.81143762880165,NEUTRAL,program,sonic_drive_smooth.py,function,bc4a84a5f90dcb414fa9a95aff361c8d4412f04ffa11cdb071a0b8ad9fecc202,平滑操舵：安全制御優先：右壁追従 | target_deg=5.420,,157.77719409164138,197.57429824953994,207.40549834901427,120.01871009190842,71.3933101682568,0,33.4,59.34565376186268,1
33.45,874.317487950259,125.6160259949074,66.17652442094257,27.02288534812392,2.1544380760505404,33.82179167715986,6.732618987657938,417,442,375,435,33.82179167715986,NEUTRAL,program,sonic_drive_smooth.py,function,bc4a84a5f90dcb414fa9a95aff361c8d4412f04ffa11cdb071a0b8ad9fecc202,平滑操舵：安全制御優先：右壁追従 | target_deg=5.373,,157.47106449167688,196.33284121487443,209.94600813953048,121.1713623008355,76.65651387087988,0,33.45,59.86320147978152,1
33.5,875.5528912392978,126.16372157402623,66.00485414840153,27.030264208110392,2.1585650243594903,33.819534752303404,6.745515701123407,417,442,375,435,33.819534752303404,NEUTRAL,program,sonic_drive_smooth.py,function,bc4a84a5f90dcb414fa9a95aff361c8d4412f04ffa11cdb071a0b8ad9fecc202,平滑操舵：安全制御優先：右壁追従 | target_deg=5.383,,159.1327614547688,196.27033573190275,208.41733236705528,118.91851566566226,73.20994322767882,0,33.5,60.3846930060775,1
33.55,876.7868841534078,126.71524032994634,65.83174753173017,27.034243430801247,2.176179790935264,33.809901676832276,6.800561846672699,417,442,375,435,33.809901676832276,NEUTRAL,program,sonic_drive_smooth.py,function,bc4a84a5f90dcb414fa9a95aff361c8d4412f04ffa11cdb071a0b8ad9fecc202,平滑操舵：安全制御優先：右壁追従 | target_deg=5.427,,156.22466869201952,193.56498363507126,210.388358887975,114.6742434846009,73.10913688466616,0,33.55,60.90992326343999,1
33.6,878.0194826993911,127.27057011852301,65.66171203108536,27.04117376619786,2.1371528414346095,33.83124453984045,6.678602629483155,417,442,375,435,33.83124453984045,NEUTRAL,program,sonic_drive_smooth.py,function,bc4a84a5f90dcb414fa9a95aff361c8d4412f04ffa11cdb071a0b8ad9fecc202,平滑操舵：安全制御優先：右壁追従 | target_deg=5.330,,151.5034869348975,191.37758086317086,206.1691174650407,114.01870652721006,75.40638903394284,0,33.6,61.43956295511812,1
33.65,879.2440575295427,127.82817171023817,65.35071806048481,26.825688859785444,4.37715284143461,32.606244539840446,13.678602629483155,415,449,375,435,32.606244539840446,NEUTRAL,program,sonic_drive_smooth.py,function,bc4a84a5f90dcb414fa9a95aff361c8d4412f04ffa11cdb071a0b8ad9fecc202,平滑操舵：安全制御優先：左回避 | target_deg=10.833,,149.55729267625324,193.3763439463418,210.70232073068732,114.64079950674265,74.05985085435954,0,33.65,61.950516728621494,1
33.7,880.450238132078,128.38753182158737,64.86689715715718,26.437912350502597,6.61715284143461,31.38124453984045,20.678602629483155,414,456,375,435,31.38124453984045,NEUTRAL,program,sonic_drive_smooth.py,function,bc4a84a5f90dcb414fa9a95aff361c8d4412f04ffa11cdb071a0b8ad9fecc202,平滑操舵：安全制御優先：左回避 | target_deg=16.173,,151.934826704941,191.52639244198613,210.10095887175515,114.50297882209689,79.73324638028141,0,33.7,62.43818050445432,1
33.75,881.6296732257972,128.94873883377596,64.21670315142919,25.916671982456187,8.85715284143461,30.156244539840447,27.678602629483155,412,464,375,435,30.156244539840447,NEUTRAL,program,sonic_drive_smooth.py,function,bc4a84a5f90dcb414fa9a95aff361c8d4412f04ffa11cdb071a0b8ad9fecc202,平滑操舵：安全制御優先：左回避 | target_deg=21.285,,153.0815755993926,190.016588920401,211.04608080686887,112.64665908615547,77.66185778347457,0,33.75,62.904722078461205,1
33.8,882.7756728192555,129.51204173830013,63.408052475072964,25.292045254893157,11.097152841434609,28.93124453984045,34.67860262948315,411,471,375,435,28.93124453984045,NEUTRAL,program,sonic_drive_smooth.py,function,bc4a84a5f90dcb414fa9a95aff361c8d4412f04ffa11cdb071a0b8ad9fecc202,平滑操舵：安全制御優先：左回避 | target_deg=26.121,,151.2443085267318,190.28496723667678,207.59905723435583,113.62064989686863,79.87089772247118,0,33.8,63.353002329577635,1
33.85,883.8828797499724,130.07764018401716,62.44978392443505,24.58733138289174,13.337152841434609,27.706244539840448,41.67860262948315,409,478,375,435,27.706244539840448,NEUTRAL,program,sonic_drive_smooth.py,function,bc4a84a5f90dcb414fa9a95aff361c8d4412f04ffa11cdb071a0b8ad9fecc202,平滑操舵：安全制御優先：左回避 | target_deg=30.655,,151.8094029038394,188.59401534720647,208.19923807362449,116.00425609027369,80.17543587948535,0,33.85,63.786220374400116,1
33.9,884.9470137578903,130.6455477495278,61.35129313467502,23.820578855749712,15.577152841434609,26.481244539840446,48.67860262948315,408,486,375,435,26.481244539840446,NEUTRAL,program,sonic_drive_smooth.py,function,bc4a84a5f90dcb414fa9a95aff361c8d4412f04ffa11cdb071a0b8ad9fecc202,平滑操舵：安全制御優先：左回避 | target_deg=34.874,,152.5846755710569,189.22733581952104,205.99010472813345,114.65191122653873,81.9107066565402,0,33.9,64.2076577479597,1
33.95,885.9646745409844,131.2155080360867,60.12229210975309,23.005768743852418,17.81715284143461,25.25624453984045,55.67860262948315,406,493,375,435,25.25624453984045,NEUTRAL,program,sonic_drive_smooth.py,function,bc4a84a5f90dcb414fa9a95aff361c8d4412f04ffa11cdb071a0b8ad9fecc202,平滑操舵：安全制御優先：左回避 | target_deg=38.781,,152.8787063541602,186.48213190371828,210.5771327855229,116.36871044841553,82.73905787990238,0,33.95,64.62049588255671,1
34.0,886.9331921897094,131.78694861328302,58.77265824506162,22.15373133475992,20.057152841434608,24.03124453984045,62.67860262948315,405,500,375,435,24.03124453984045,NEUTRAL,program,sonic_drive_smooth.py,function,bc4a84a5f90dcb414fa9a95aff361c8d4412f04ffa11cdb071a0b8ad9fecc202,平滑操舵：安全制御優先：左回避 | target_deg=42.388,,151.89112785109393,190.46316426241196,214.2726326788114,115.61831722825045,86.06318393662669,0,34.0,65.02768716283597,1
34.05,887.8505151760103,132.3589620145342,57.31234752515326,21.272856195608426,22.29715284143461,22.80624453984045,69.67860262948315,403,508,375,435,22.80624453984045,NEUTRAL,program,sonic_drive_smooth.py,function,bc4a84a5f90dcb414fa9a95aff361c8d4412f04ffa11cdb071a0b8ad9fecc202,平滑操舵：安全制御優先：左回避 | target_deg=45.712,,155.12806021346668,184.71566237343268,214.8249015678395,109.97515705495802,88.32089445780886,0,34.05,65.43186473125321,1
34.1,888.7151276623664,132.93030607075758,55.75135404452257,20.369642215401804,24.537152841434608,21.58124453984045,76.67860262948315,401,515,375,435,21.58124453984045,NEUTRAL,program,sonic_drive_smooth.py,function,bc4a84a5f90dcb414fa9a95aff361c8d4412f04ffa11cdb071a0b8ad9fecc202,平滑操舵：安全制御優先：左回避 | target_deg=48.775,,158.07158053496434,186.9185086101096,220.21956575528026,113.48556815712898,90.878587003086,0,34.1,65.835280072949,1
34.15,889.5259892839346,133.49941810833485,54.09970346310925,19.449123689425967,26.77715284143461,20.356244539840446,83.67860262948315,400,522,375,435,20.356244539840446,NEUTRAL,program,sonic_drive_smooth.py,function,bc4a84a5f90dcb414fa9a95aff361c8d4412f04ffa11cdb071a0b8ad9fecc202,平滑操舵：安全制御優先：左回避 | target_deg=51.598,,158.8776417797284,184.58741960517887,219.8011800737724,113.46121481952534,94.99904455271687,0,34.15,66.23976036406147,1
34.2,890.282491743856,134.06443912228065,52.36747204086009,18.515200381011333,29.01715284143461,19.13124453984045,90.67860262948315,398,530,375,435,19.13124453984045,NEUTRAL,program,sonic_drive_smooth.py,function,bc4a84a5f90dcb414fa9a95aff361c8d4412f04ffa11cdb071a0b8ad9fecc202,平滑操舵：安全制御優先：左回避 | target_deg=54.204,,158.73709038928422,178.57757299011405,227.6876733704699,118.85267027337144,96.99022480313309,0,34.2,66.64667978236172,1
34.25,890.9844275615914,134.62324513457722,50.564825919615856,17.570893200368673,31.257152841434607,17.90624453984045,97.67860262948315,397,537,375,435,17.90624453984045,NEUTRAL,program,sonic_drive_smooth.py,function,bc4a84a5f90dcb414fa9a95aff361c8d4412f04ffa11cdb071a0b8ad9fecc202,平滑操舵：安全制御優先：左回避 | target_deg=56.615,,160.32900776999617,181.08860085392266,250.0,118.70085333951603,99.85475328148901,0,34.25,67.05694060452201,1
34.3,891.6355778178715,135.17612286067347,48.76667808700958,16.766154460308517,32.0,17.5,100.0,396,540,375,435,17.5,NEUTRAL,program,sonic_drive_smooth.py,function,bc4a84a5f90dcb414fa9a95aff361c8d4412f04ffa11cdb071a0b8ad9fecc202,平滑操舵：安全制御優先：左回避 | target_deg=57.375,,166.87210018834205,180.0692453727545,249.76249009943214,117.97261004077546,104.88676446502068,0,34.3,67.47802872731722,1
34.35,892.2436270290898,135.72546510536125,47.04083166273608,16.14277214941481,32.0,17.5,100.0,396,540,375,435,17.5,NEUTRAL,program,sonic_drive_smooth.py,function,bc4a84a5f90dcb414fa9a95aff361c8d4412f04ffa11cdb071a0b8ad9fecc202,平滑操舵：安全制御優先：左回避 | target_deg=57.375,,169.77909847931605,181.94806569448698,250.0,120.13842360775563,106.61781087701652,0,34.35,67.91639184706891,1
34.4,892.8157021067697,136.27394536638872,45.37169294029985,15.659875668618904,32.0,17.5,100.0,396,540,375,435,17.5,NEUTRAL,program,sonic_drive_smooth.py,function,bc4a84a5f90dcb414fa9a95aff361c8d4412f04ffa11cdb071a0b8ad9fecc202,平滑操舵：安全制御優先：左回避 | target_deg=57.375,,170.01717507416998,176.6912219831119,250.0,121.07606102844147,111.57756359504968,0,34.4,68.37208834579044,1
34.45,893.3571412830366,136.82378248679046,43.746482236308566,15.285805042792578,32.0,17.5,100.0,396,540,375,435,17.5,NEUTRAL,program,sonic_drive_smooth.py,function,bc4a84a5f90dcb414fa9a95aff361c8d4412f04ffa11cdb071a0b8ad9fecc202,平滑操舵：安全制御優先：左回避 | target_deg=57.375,,165.4659062871001,178.8017448307708,250.0,119.99177026468615,117.87167921820664,0,34.45,68.8454056075326,1
34.5,893.8719279064018,137.37677306033885,42.155299904866126,14.996035208737316,32.0,17.5,100.0,396,540,375,435,17.5,NEUTRAL,program,sonic_drive_smooth.py,function,bc4a84a5f90dcb414fa9a95aff361c8d4412f04ffa11cdb071a0b8ad9fecc202,平滑操舵：安全制御優先：左回避 | target_deg=57.375,,168.33978424213103,175.66965185952284,250.0,122.24358275899584,115.22555660700829,0,34.5,69.33675077974075,1
34.55,894.3630191205627,137.9343383340912,40.5904772905088,14.77156808693931,32.0,17.5,100.0,396,540,375,435,17.5,NEUTRAL,program,sonic_drive_smooth.py,function,bc4a84a5f90dcb414fa9a95aff361c8d4412f04ffa11cdb071a0b8ad9fecc202,平滑操舵：安全制御優先：左回避 | target_deg=57.375,,163.59213691282312,175.7532243756238,248.78073451475709,120.6039337867738,111.59803390326196,0,34.55,69.84654577890817,1
34.6,894.8325948409736,138.49757520899064,39.04607395079685,14.59768701704619,32.0,17.5,100.0,396,540,375,435,17.5,NEUTRAL,program,sonic_drive_smooth.py,function,bc4a84a5f90dcb414fa9a95aff361c8d4412f04ffa11cdb071a0b8ad9fecc202,平滑操舵：安全制御優先：左回避 | target_deg=57.375,,168.26172929253545,175.17757593233802,250.0,117.56825792856128,113.90441576178726,0,34.6,70.37516891497754,1
34.65,895.2822466184455,139.06730548468119,37.51748818513909,14.462991894548994,32.0,17.5,100.0,396,540,375,435,17.5,NEUTRAL,program,sonic_drive_smooth.py,function,bc4a84a5f90dcb414fa9a95aff361c8d4412f04ffa11cdb071a0b8ad9fecc202,平滑操舵：安全制御優先：左回避 | target_deg=57.375,,162.46404009054544,174.76298934382623,246.6710743130053,115.39254500017451,112.18668546177094,0,34.65,70.92292504846236,1
34.7,895.7131210782882,139.64412058849686,36.00115533508708,14.35865174966901,32.0,17.5,100.0,396,540,375,435,17.5,NEUTRAL,program,sonic_drive_smooth.py,function,bc4a84a5f90dcb414fa9a95aff361c8d4412f04ffa11cdb071a0b8ad9fecc202,平滑操舵：安全制御優先：左回避 | target_deg=57.375,,166.22246737549898,174.4563947688651,250.0,119.83202596148321,111.71448651164918,0,34.7,71.49003294711501,1
34.75,896.1260289698762,140.2284207542517,34.49431407586479,14.277825765537305,32.0,17.5,100.0,396,540,375,435,17.5,NEUTRAL,program,sonic_drive_smooth.py,function,bc4a84a5f90dcb414fa9a95aff361c8d4412f04ffa11cdb071a0b8ad9fecc202,平滑操舵：安全制御優先：左回避 | target_deg=57.375,,160.14769485110543,176.00750003653928,248.59661542653893,115.9100821165323,113.5097136318553,0,34.75,72.07662274906599,1
34.8,896.5215281365396,140.82044854480935,32.994825376586476,14.215214776081877,32.0,17.5,100.0,396,540,375,435,17.5,NEUTRAL,program,sonic_drive_smooth.py,function,bc4a84a5f90dcb414fa9a95aff361c8d4412f04ffa11cdb071a0b8ad9fecc202,平滑操舵：安全制御優先：左回避 | target_deg=57.375,,163.4864684981921,174.12166389260216,250.0,118.64039049138854,109.02315057874753,0,34.8,72.68273911120453,1
34.85,896.8999866790307,141.42031708058963,31.50103225971361,14.166713838633347,32.0,17.5,100.0,396,540,375,435,17.5,NEUTRAL,program,sonic_drive_smooth.py,function,bc4a84a5f90dcb414fa9a95aff361c8d4412f04ffa11cdb071a0b8ad9fecc202,平滑操舵：安全制御優先：左回避 | target_deg=57.375,,160.3370054572786,178.23466341627093,248.3667800754708,116.76721446111615,111.27490857102539,0,34.85,73.30834730988346,1
34.9,897.2616310592424,142.02803354294988,30.011651165208946,14.129143102987001,32.0,17.5,100.0,396,540,375,435,17.5,NEUTRAL,program,sonic_drive_smooth.py,function,bc4a84a5f90dcb414fa9a95aff361c8d4412f04ffa11cdb071a0b8ad9fecc202,平滑操舵：安全制御優先：左回避 | target_deg=57.375,,160.82102686044965,177.7507850032827,248.63836364625962,120.28681017147179,110.11402787497599,0,34.9,73.95334062938885,1
34.95,897.606582743039,142.64351858350616,28.525687796933653,14.100039331982456,32.0,17.5,100.0,396,540,375,435,17.5,NEUTRAL,program,sonic_drive_smooth.py,function,bc4a84a5f90dcb414fa9a95aff361c8d4412f04ffa11cdb071a0b8ad9fecc202,平滑操舵：安全制御優先：左回避 | target_deg=57.375,,162.86280805926887,177.62129233447374,250.0,120.30290064306293,108.03237087687101,0,34.95,74.61754804923574,1
35.0,897.9348861154328,143.26662225603215,27.042371933952637,14.077494405136784,32.0,17.5,100.0,396,540,375,435,17.5,NEUTRAL,program,sonic_drive_smooth.py,function,bc4a84a5f90dcb414fa9a95aff361c8d4412f04ffa11cdb071a0b8ad9fecc202,平滑操舵：安全制御優先：左回避 | target_deg=57.375,,158.9475969897383,180.0868239616197,250.0,121.5875850200359,112.35840840007691,0,35.0,75.30074166707489,1
35.05,898.246529746727,143.89713703587682,25.561106932805814,14.060030217200543,32.0,17.5,100.0,396,540,375,435,17.5,NEUTRAL,program,sonic_drive_smooth.py,function,bc4a84a5f90dcb414fa9a95aff361c8d4412f04ffa11cdb071a0b8ad9fecc202,平滑操舵：安全制御優先：左回避 | target_deg=57.375,,164.29597591658518,179.79924680699432,250.0,122.05829929551354,106.79094049093932,0,35.05,76.00264356015153,1
35.1,898.5414625920563,144.53480842510365,24.081430609978867,14.046501769653997,32.0,17.5,100.0,396,540,375,435,17.5,NEUTRAL,program,sonic_drive_smooth.py,function,bc4a84a5f90dcb414fa9a95aff361c8d4412f04ffa11cdb071a0b8ad9fecc202,平滑操舵：安全制御優先：左回避 | target_deg=57.375,,164.37336060273364,178.65686225308872,249.052232110767,125.50558395641416,108.97932855018657,0,35.1,76.72293195233065,1
35.15,898.8196063298942,145.17934357197137,22.602984939925335,14.036022101564773,32.0,17.5,100.0,396,540,375,435,17.5,NEUTRAL,program,sonic_drive_smooth.py,function,bc4a84a5f90dcb414fa9a95aff361c8d4412f04ffa11cdb071a0b8ad9fecc202,平滑操舵：安全制御優先：左回避 | target_deg=57.375,,166.24132863562454,177.16827613575052,248.2392974203163,124.32559481269286,113.3348657705427,0,35.15,77.4612466524734,1
35.2,899.0808647584175,145.83041826728416,21.125492581961282,14.027904138074698,32.0,17.5,100.0,396,540,375,435,17.5,NEUTRAL,program,sonic_drive_smooth.py,function,bc4a84a5f90dcb414fa9a95aff361c8d4412f04ffa11cdb071a0b8ad9fecc202,平滑操舵：安全制御優先：左回避 | target_deg=57.375,,160.60236587581304,181.00030046244308,250.0,126.28137568146673,117.46376428867386,0,35.2,78.21719378708836,1
35.25,899.3251309502822,146.48768262049293,19.648738697074037,14.021615643948248,32.0,17.5,100.0,396,540,375,435,17.5,NEUTRAL,program,sonic_drive_smooth.py,function,bc4a84a5f90dcb414fa9a95aff361c8d4412f04ffa11cdb071a0b8ad9fecc202,平滑操舵：安全制御優先：左回避 | target_deg=57.375,,165.62359298150744,184.2721851807853,99.17998193487831,128.98447615818176,114.87987524431425,0,35.25,78.99034988096598,1
35.3,899.5522926999231,147.1507656662757,18.172556862505985,14.016744328817706,32.0,17.5,100.0,396,540,375,435,17.5,NEUTRAL,program,sonic_drive_smooth.py,function,bc4a84a5f90dcb414fa9a95aff361c8d4412f04ffa11cdb071a0b8ad9fecc202,平滑操舵：安全制御優先：左回避 | target_deg=57.375,,169.20254203175938,184.76536191192142,95.17913929379851,122.96834338072748,111.91301273412502,0,35.3,79.78026535383135,1
35.35,899.7622366705419,147.81927910767868,16.69681816063698,14.012970816332224,32.0,17.5,100.0,396,540,375,435,17.5,NEUTRAL,program,sonic_drive_smooth.py,function,bc4a84a5f90dcb414fa9a95aff361c8d4412f04ffa11cdb071a0b8ad9fecc202,平滑操舵：安全制御優先：左回避 | target_deg=57.375,,169.5337809181315,186.74975187283115,101.55875861465752,129.97517287339392,115.24387422247904,0,35.35,80.58646750532093,1
35.4,899.9548515510778,148.49282036424475,15.2214227268029,14.010047704996476,32.0,17.5,100.0,396,540,375,435,17.5,NEUTRAL,program,sonic_drive_smooth.py,function,bc4a84a5f90dcb414fa9a95aff361c8d4412f04ffa11cdb071a0b8ad9fecc202,平滑操舵：安全制御優先：左回避 | target_deg=57.375,,169.1201135155638,187.08834635940048,112.08910518639638,131.98645353916578,118.07621948948938,0,35.4,81.40846305894142,1
35.45,900.1300304595384,149.17097506214378,13.746293201903342,14.007783347871896,32.0,17.5,100.0,396,540,375,435,17.5,NEUTRAL,program,sonic_drive_smooth.py,function,bc4a84a5f90dcb414fa9a95aff361c8d4412f04ffa11cdb071a0b8ad9fecc202,平滑操舵：安全制御優先：左回避 | target_deg=57.375,,170.5747014754325,188.81268365685253,120.12167650356747,132.7700969911876,119.46511755726334,0,35.45,82.24574033074812,1
35.5,900.2876727726623,149.85331907733425,12.271369660533338,14.006029287694675,32.0,17.5,100.0,396,540,375,435,17.5,NEUTRAL,program,sonic_drive_smooth.py,function,bc4a84a5f90dcb414fa9a95aff361c8d4412f04ffa11cdb071a0b8ad9fecc202,平滑操舵：安全制御優先：左回避 | target_deg=57.375,,170.8236382719148,192.84527481575816,129.28693512719485,136.52261100071675,117.44151428068002,0,35.5,83.0977710819712,1
35.55,900.4276855188504,150.5394202214273,10.796605682115,14.004670523623442,32.0,17.5,100.0,396,540,375,435,17.5,NEUTRAL,program,sonic_drive_smooth.py,function,bc4a84a5f90dcb414fa9a95aff361c8d4412f04ffa11cdb071a0b8ad9fecc202,平滑操舵：安全制御優先：左回避 | target_deg=57.375,,172.27122593934368,195.18318088013146,140.85792556704178,140.884831392102,120.23308555986164,0,35.55,83.96401210775308,1
35.6,900.5499844384881,151.22883964246736,9.321965307441047,14.003617971478851,32.0,17.5,100.0,396,540,375,435,17.5,NEUTRAL,program,sonic_drive_smooth.py,function,bc4a84a5f90dcb414fa9a95aff361c8d4412f04ffa11cdb071a0b8ad9fecc202,平滑操舵：安全制御優先：左回避 | target_deg=57.375,,170.49684837950088,198.35467120811077,159.31943477077812,139.26267073516956,118.5248339852296,0,35.6,84.84390660717453,1
35.65,900.6544947907599,151.92113299862913,7.847420681093865,14.002802623148309,32.0,17.5,100.0,396,540,375,435,17.5,NEUTRAL,program,sonic_drive_smooth.py,function,bc4a84a5f90dcb414fa9a95aff361c8d4412f04ffa11cdb071a0b8ad9fecc202,平滑操舵：安全制御優先：左回避 | target_deg=57.375,,167.20064710870537,201.68582272873914,181.8766608697398,145.97635151952088,117.11106584010373,0,35.65,85.73688537318172,1
35.7,900.7411519670056,152.61585145130758,6.3729502251702,14.002171022230925,32.0,17.5,100.0,396,540,375,435,17.5,NEUTRAL,program,sonic_drive_smooth.py,function,bc4a84a5f90dcb414fa9a95aff361c8d4412f04ffa11cdb071a0b8ad9fecc202,平滑操舵：安全制御優先：左回避 | target_deg=57.375,,165.28508119822948,201.5005479817617,211.71881287889613,145.51916702708633,115.37257161975108,0,35.7,86.642367835075,1
35.75,900.8099019561504,153.31254251475875,4.8985372245767,14.001681759293973,32.0,17.5,100.0,396,540,375,435,17.5,NEUTRAL,program,sonic_drive_smooth.py,function,bc4a84a5f90dcb414fa9a95aff361c8d4412f04ffa11cdb071a0b8ad9fecc202,平滑操舵：安全制御優先：左回避 | target_deg=57.375,,167.4279731611933,209.9953313798278,250.0,149.37875498422065,115.39503168436055,0,35.75,87.55976298094275,1
35.8,900.8607016967071,154.01075079193842,3.4241687311439932,14.001302756960557,32.0,17.5,100.0,396,540,375,435,17.5,NEUTRAL,program,sonic_drive_smooth.py,function,bc4a84a5f90dcb414fa9a95aff361c8d4412f04ffa11cdb071a0b8ad9fecc202,平滑操舵：安全制御優先：左回避 | target_deg=57.375,,164.89045540075247,211.72027281520613,249.03294877270662,147.15980123665975,118.68127958669106,0,35.8,88.4884701828317,1
35.85,900.8935193414613,154.7100186201436,1.9498347147103061,14.00100916683164,32.0,17.5,100.0,396,540,375,435,17.5,NEUTRAL,program,sonic_drive_smooth.py,function,bc4a84a5f90dcb414fa9a95aff361c8d4412f04ffa11cdb071a0b8ad9fecc202,平滑操舵：安全制御優先：左回避 | target_deg=57.375,,163.34223820484422,249.04277349743109,250.0,142.58763610973864,116.47738004491163,0,35.85,89.42787994350125,1
35.9,900.9083344545712,155.40988664521518,0.47552740551742545,14.000781740359034,32.0,17.5,100.0,396,540,375,435,17.5,NEUTRAL,program,sonic_drive_smooth.py,function,bc4a84a5f90dcb414fa9a95aff361c8d4412f04ffa11cdb071a0b8ad9fecc202,平滑操舵：安全制御優先：左回避 | target_deg=57.375,,163.5263136535469,243.93948019772515,249.2913649372024,146.16302483483798,116.36162097404866,0,35.9,90.37737458025826,1
35.95,900.9051381559865,156.10989433917567,-0.9987592151952072,14.000605566859496,32.0,17.5,100.0,396,540,375,435,17.5,NEUTRAL,program,sonic_drive_smooth.py,function,bc4a84a5f90dcb414fa9a95aff361c8d4412f04ffa11cdb071a0b8ad9fecc202,平滑操舵：安全制御優先：左回避 | target_deg=57.375,,161.66000739802365,241.45235376576147,247.79764333657465,142.07471072758463,114.70440824829369,0,35.95,90.35676036850357,1
36.0,900.8839332244247,156.8095804730742,-2.4730298097965715,14.000469095930743,32.0,17.5,100.0,396,540,375,435,17.5,NEUTRAL,program,sonic_drive_smooth.py,function,bc4a84a5f90dcb414fa9a95aff361c8d4412f04ffa11cdb071a0b8ad9fecc202,平滑操舵：安全制御優先：左回避 | target_deg=57.375,,163.07021456933109,250.0,248.60216534391992,143.28701868047546,114.40077813993959,0,36.0,89.89947792405857,1
36.05,900.8447341673717,157.50848355433212,-3.9472879899411453,14.000363380176422,32.0,17.5,100.0,396,540,375,435,17.5,NEUTRAL,program,sonic_drive_smooth.py,function,bc4a84a5f90dcb414fa9a95aff361c8d4412f04ffa11cdb071a0b8ad9fecc202,平滑操舵：安全制御優先：左回避 | target_deg=57.375,,160.13235919118978,249.77511602565713,250.0,139.52064069333295,118.96917573801461,0,36.05,89.4347673215817,1
36.1,900.7875672644773,158.2061422359107,-5.421536553358834,14.00028148859106,32.0,17.5,100.0,396,540,375,435,17.5,NEUTRAL,program,sonic_drive_smooth.py,function,bc4a84a5f90dcb414fa9a95aff361c8d4412f04ffa11cdb071a0b8ad9fecc202,平滑操舵：安全制御優先：左回避 | target_deg=57.375,,161.2807884630117,248.1667031956065,249.5623665176323,144.51480524943108,119.73042661741341,0,36.1,88.96282458301708,1
36.15,900.7124705891312,158.9020957030507,-6.895777667281152,14.00021805214494,32.0,17.5,100.0,396,540,375,435,17.5,NEUTRAL,program,sonic_drive_smooth.py,function,bc4a84a5f90dcb414fa9a95aff361c8d4412f04ffa11cdb071a0b8ad9fecc202,平滑操舵：安全制御優先：左回避 | target_deg=57.375,,163.37882904983005,246.47076620027664,250.0,139.0934119920275,119.557079068715,0,36.15,88.48385144207916,1
36.2,900.6194940118193,159.5958840420863,-8.370013010531125,14.000168911776257,32.0,17.5,100.0,396,540,375,435,17.5,NEUTRAL,program,sonic_drive_smooth.py,function,bc4a84a5f90dcb414fa9a95aff361c8d4412f04ffa11cdb071a0b8ad9fecc202,平滑操舵：安全制御優先：左回避 | target_deg=57.375,,157.52855510186478,249.72840862254463,249.9738672992162,144.01125216031429,122.02881353091061,0,36.2,87.99805541002297,1
36.25,900.5086991879535,160.28704859484736,-9.844243883591105,14.000130845712004,32.0,17.5,100.0,396,540,375,435,17.5,NEUTRAL,program,sonic_drive_smooth.py,function,bc4a84a5f90dcb414fa9a95aff361c8d4412f04ffa11cdb071a0b8ad9fecc202,平滑操舵：安全制御優先：左回避 | target_deg=57.375,,160.43829870233918,250.0,250.0,141.33624484140483,118.79675967173526,0,36.25,87.50564985017202,1
36.3,900.3801595322037,160.97513230137724,-11.31847129386594,14.00010135823996,32.0,17.5,100.0,396,540,375,435,17.5,NEUTRAL,program,sonic_drive_smooth.py,function,bc4a84a5f90dcb414fa9a95aff361c8d4412f04ffa11cdb071a0b8ad9fecc202,平滑操舵：安全制御優先：左回避 | target_deg=57.375,,159.6431237592479,249.4190107934656,249.0845195175543,141.11743324533586,123.26402002840668,0,36.3,87.00685406002385,1
36.35,900.2339601808467,161.65968003307597,-12.79269602173099,14.000078516083182,32.0,17.5,100.0,396,540,375,435,17.5,NEUTRAL,program,sonic_drive_smooth.py,function,bc4a84a5f90dcb414fa9a95aff361c8d4412f04ffa11cdb071a0b8ad9fecc202,平滑操舵：安全制御優先：左回避 | target_deg=57.375,,160.8792811136307,250.0,249.23420098119485,141.28935955918536,123.62129741430418,0,36.35,86.50189335993197,1
36.4,900.0701979432766,162.34023891788465,-14.266918671695919,14.000060821649239,32.0,17.5,100.0,396,540,375,435,17.5,NEUTRAL,program,sonic_drive_smooth.py,function,bc4a84a5f90dcb414fa9a95aff361c8d4412f04ffa11cdb071a0b8ad9fecc202,平滑操舵：安全制御優先：左回避 | target_deg=57.375,,157.81485202507997,250.0,250.0,140.43025503347067,120.52075050993405,0,36.4,85.99099918752536,1
36.45,899.8889812435372,163.01635865874266,-15.741139712037523,14.00004711484407,32.0,17.5,100.0,396,540,375,435,17.5,NEUTRAL,program,sonic_drive_smooth.py,function,bc4a84a5f90dcb414fa9a95aff361c8d4412f04ffa11cdb071a0b8ad9fecc202,平滑操舵：安全制御優先：左回避 | target_deg=57.375,,159.06116839517682,244.60242343456815,248.63123099011162,141.49839611529018,121.71128531599345,0,36.45,85.47440919713723,1
36.5,899.6904300525227,163.68759184624204,-17.215359505501567,14.000036497013145,32.0,17.5,100.0,396,540,375,435,17.5,NEUTRAL,program,sonic_drive_smooth.py,function,bc4a84a5f90dcb414fa9a95aff361c8d4412f04ffa11cdb071a0b8ad9fecc202,平滑操舵：安全制御優先：左回避 | target_deg=57.375,,157.89545529472628,246.76501292057304,249.4659707803919,140.88200597937538,123.90499119714438,0,36.5,84.95236736360121,1
36.55,899.4746758113508,164.35349426616432,-18.689578333085166,14.000028272023282,32.0,17.5,100.0,396,540,375,435,17.5,NEUTRAL,program,sonic_drive_smooth.py,function,bc4a84a5f90dcb414fa9a95aff361c8d4412f04ffa11cdb071a0b8ad9fecc202,平滑操舵：安全制御優先：左回避 | target_deg=57.375,,167.07344645340504,250.0,246.83647266948782,143.60026173527208,128.0109609751463,0,36.55,84.42512408983775,1
36.6,899.2418613462834,165.01362520239593,-20.16379641245976,14.000021900622315,32.0,17.5,100.0,396,540,375,435,17.5,NEUTRAL,program,sonic_drive_smooth.py,function,bc4a84a5f90dcb414fa9a95aff361c8d4412f04ffa11cdb071a0b8ad9fecc202,平滑操舵：安全制御優先：左回避 | target_deg=57.375,,159.41063302504153,250.0,250.0,145.8788229315047,133.37202781707714,0,36.6,83.89293631768945,1
36.65,898.9921407754986,165.66754773556977,-21.638013912242144,14.00001696508428,32.0,17.5,100.0,396,540,375,435,17.5,NEUTRAL,program,sonic_drive_smooth.py,function,bc4a84a5f90dcb414fa9a95aff361c8d4412f04ffa11cdb071a0b8ad9fecc202,平滑操舵：安全制御優先：左回避 | target_deg=57.375,,162.19279922773785,250.0,250.0,142.1897686285173,127.83931296691833,0,36.65,83.35606764148308,1
36.7,898.7256794079528,166.31482903766505,-23.112230963049626,14.000013141822205,32.0,17.5,100.0,396,540,375,435,17.5,NEUTRAL,program,sonic_drive_smooth.py,function,bc4a84a5f90dcb414fa9a95aff361c8d4412f04ffa11cdb071a0b8ad9fecc202,平滑操舵：安全制御優先：左回避 | target_deg=57.375,,165.77264032104176,250.0,248.0409550501735,145.43231897166007,131.29990402816338,0,36.7,82.81478842380407,1
36.75,898.4426536345267,166.9550406627065,-24.586447666063435,14.000010180172877,32.0,17.5,100.0,396,540,375,435,17.5,NEUTRAL,program,sonic_drive_smooth.py,function,bc4a84a5f90dcb414fa9a95aff361c8d4412f04ffa11cdb071a0b8ad9fecc202,平滑操舵：安全制御優先：左回避 | target_deg=57.375,,167.18890708425752,250.0,250.0,144.59443867883485,137.06241142152223,0,36.75,82.26937591295507,1
36.8,898.143250811621,167.58775883363313,-26.060664099662603,14.000007885962708,32.0,17.5,100.0,396,540,375,435,17.5,NEUTRAL,program,sonic_drive_smooth.py,function,bc4a84a5f90dcb414fa9a95aff361c8d4412f04ffa11cdb071a0b8ad9fecc202,平滑操舵：安全制御優先：左回避 | target_deg=57.375,,171.47238637848164,250.0,248.96807627973277,150.01028444819536,134.83176137007175,0,36.8,81.72011436154303,1
36.85,897.8276691373475,168.21256472535248,-27.534880324562607,14.000006108777187,32.0,17.5,100.0,396,540,375,435,17.5,NEUTRAL,program,sonic_drive_smooth.py,function,bc4a84a5f90dcb414fa9a95aff361c8d4412f04ffa11cdb071a0b8ad9fecc202,平滑操舵：安全制御優先：左回避 | target_deg=57.375,,165.98461620761958,250.0,250.0,149.83542308744305,137.2998919997606,0,36.85,81.16729514561189,1
36.9,897.4961175204419,168.829044743953,-29.009096387795978,14.000004732099313,32.0,17.5,100.0,396,540,375,435,17.5,NEUTRAL,program,sonic_drive_smooth.py,function,bc4a84a5f90dcb414fa9a95aff361c8d4412f04ffa11cdb071a0b8ad9fecc202,平滑操舵：安全制御優先：左回避 | target_deg=57.375,,167.75801635922758,250.0,249.80627328841405,153.34748270966705,141.3886963571766,0,36.9,80.61121688367794,1
36.95,897.1488154420214,169.436790802015,-30.48331232579602,14.000003665670434,32.0,17.5,100.0,396,540,375,435,17.5,NEUTRAL,program,sonic_drive_smooth.py,function,bc4a84a5f90dcb414fa9a95aff361c8d4412f04ffa11cdb071a0b8ad9fecc202,平滑操舵：安全制御優先：左回避 | target_deg=57.375,,171.9468354710724,250.0,243.13019084088592,150.35419721338903,141.76959771973003,0,36.95,80.05218555497905,1
37.0,896.785992810301,170.03540058993585,-31.95752816678538,14.000002839572637,32.0,17.5,100.0,396,540,375,435,17.5,NEUTRAL,program,sonic_drive_smooth.py,function,bc4a84a5f90dcb414fa9a95aff361c8d4412f04ffa11cdb071a0b8ad9fecc202,平滑操舵：安全制御優先：左回避 | target_deg=57.375,,175.2121765642736,250.0,237.1498173050954,145.82223524997337,144.33780447950136,0,37.0,79.49051461617054,1
37.05,896.4078898083814,170.62447784316518,-33.43174393262652,14.00000219964476,32.0,17.5,100.0,396,540,375,435,17.5,NEUTRAL,program,sonic_drive_smooth.py,function,bc4a84a5f90dcb414fa9a95aff361c8d4412f04ffa11cdb071a0b8ad9fecc202,平滑操舵：安全制御優先：左回避 | target_deg=57.375,,175.25440066702058,248.2225499367648,227.5444493473995,146.97559387430323,147.87390140929406,0,37.05,78.92652511562991,1
37.1,896.0147567352195,171.20363260523305,-34.90595964025482,14.000001703931433,32.0,17.5,100.0,396,540,375,435,17.5,NEUTRAL,program,sonic_drive_smooth.py,function,bc4a84a5f90dcb414fa9a95aff361c8d4412f04ffa11cdb071a0b8ad9fecc202,平滑操舵：安全制御優先：左回避 | target_deg=57.375,,175.32838375092675,81.27549274427936,215.57170674697883,148.84516848825493,146.51358883020455,0,37.1,78.36054580444059,1
37.15,895.6068538398968,171.7724814864426,-36.380175302789155,14.000001319932373,32.0,17.5,100.0,396,540,375,435,17.5,NEUTRAL,program,sonic_drive_smooth.py,function,bc4a84a5f90dcb414fa9a95aff361c8d4412f04ffa11cdb071a0b8ad9fecc202,平滑操舵：安全制御優先：左回避 | target_deg=57.375,,181.25065564429113,77.73183661766085,211.45435763288833,144.2204866655122,144.40490976958546,0,37.15,77.79291324302984,1
37.2,895.1844511492956,172.33064791809198,-37.854390930391986,14.000001022471583,32.0,17.5,100.0,396,540,375,435,17.5,NEUTRAL,program,sonic_drive_smooth.py,function,bc4a84a5f90dcb414fa9a95aff361c8d4412f04ffa11cdb071a0b8ad9fecc202,平滑操舵：安全制御優先：左回避 | target_deg=57.375,,183.24445116229597,81.89802459649844,205.9853170197458,143.97144859634287,143.48692056352283,0,37.2,77.22397190232965,1
37.25,894.7478282893053,172.87776240208532,-39.328606530935474,14.000000792046743,32.0,17.5,100.0,396,540,375,435,17.5,NEUTRAL,program,sonic_drive_smooth.py,function,bc4a84a5f90dcb414fa9a95aff361c8d4412f04ffa11cdb071a0b8ad9fecc202,平滑操舵：安全制御優先：左回避 | target_deg=57.375,,185.07530744455738,105.86427685228631,196.25813063914381,144.44853577120014,138.741916879486,0,37.25,76.65407425821361,1
37.3,894.2941115278356,173.41791983116664,-40.71323245549223,14.180289117273317,29.76,18.5,93.0,398,532,375,435,18.5,NEUTRAL,program,sonic_drive_smooth.py,function,bc4a84a5f90dcb414fa9a95aff361c8d4412f04ffa11cdb071a0b8ad9fecc202,平滑操舵：安全制御優先：右壁追従 | target_deg=55.024,,192.81732298575994,127.11194346454742,191.0390834845226,139.05638858968578,144.09188932273486,0,37.3,76.08188088551015,1
37.35,893.8191846728317,173.95728982132277,-41.999684289550174,14.500236055730396,27.52,19.5,86.0,399,525,375,435,19.5,NEUTRAL,program,sonic_drive_smooth.py,function,bc4a84a5f90dcb414fa9a95aff361c8d4412f04ffa11cdb071a0b8ad9fecc202,平滑操舵：安全制御優先：右壁追従 | target_deg=52.485,,191.67783552719638,167.08203220337336,184.27419748405234,136.30803390308944,140.05383744698452,0,37.35,75.50061350427463,1
37.4,893.3196317709687,174.5004152640757,-43.19836199684519,14.928368054403833,25.28,20.5,79.0,400,517,375,435,20.5,NEUTRAL,program,sonic_drive_smooth.py,function,bc4a84a5f90dcb414fa9a95aff361c8d4412f04ffa11cdb071a0b8ad9fecc202,平滑操舵：安全制御優先：右壁追従 | target_deg=49.736,,194.76199137966574,233.48052735626288,180.2250852819373,137.59779204640276,137.09432042703062,0,37.4,74.90416630144664,1
37.45,892.7926526159299,175.0506285982798,-44.31439030075143,15.44030446000418,23.04,21.5,72.0,401,510,375,435,21.5,NEUTRAL,program,sonic_drive_smooth.py,function,bc4a84a5f90dcb414fa9a95aff361c8d4412f04ffa11cdb071a0b8ad9fecc202,平滑操舵：安全制御優先：右壁追従 | target_deg=46.756,,247.66996245538357,249.01560034656853,179.33968146071263,137.64941238351685,140.5855975706889,0,37.45,74.28767956800438,1
37.5,892.2360076667742,175.61039609087945,-45.34908313189413,16.017159058618656,20.8,22.5,65.0,403,503,375,435,22.5,NEUTRAL,program,sonic_drive_smooth.py,function,bc4a84a5f90dcb414fa9a95aff361c8d4412f04ffa11cdb071a0b8ad9fecc202,平滑操舵：安全制御優先：右壁追従 | target_deg=43.521,,246.8882084950835,250.0,176.4683775771758,139.099176330365,135.44053820928224,0,37.5,73.64725428074955,1
37.55,891.6479623353861,176.1815843362758,-46.30098564405776,16.644301845393638,18.56,23.5,58.0,404,495,375,435,23.5,NEUTRAL,program,sonic_drive_smooth.py,function,bc4a84a5f90dcb414fa9a95aff361c8d4412f04ffa11cdb071a0b8ad9fecc202,平滑操舵：安全制御優先：右壁追従 | target_deg=40.010,,250.0,248.64345179139715,173.43374607400673,135.73443988640415,140.08366570078164,0,37.55,72.97975664404987,1
37.6,891.0272363850969,176.76566871139002,-47.16661314224936,17.31039984258114,16.32,24.5,51.0,405,488,375,435,24.5,NEUTRAL,program,sonic_drive_smooth.py,function,bc4a84a5f90dcb414fa9a95aff361c8d4412f04ffa11cdb071a0b8ad9fecc202,平滑操舵：安全制御優先：右壁追従 | target_deg=36.204,,246.94058530712297,250.0,171.31316881511808,136.65292260524635,139.92794506416172,0,37.6,72.28268937305019,1
37.65,890.3729608423961,177.3638981257864,-47.94097195074207,18.00667407943432,14.08,25.5,44.0,406,481,375,435,25.5,NEUTRAL,program,sonic_drive_smooth.py,function,bc4a84a5f90dcb414fa9a95aff361c8d4412f04ffa11cdb071a0b8ad9fecc202,平滑操舵：安全制御優先：右壁追従 | target_deg=32.089,,249.6620099293338,250.0,168.7066885161561,140.44842521367482,138.57426805039046,0,37.65,71.55411423969323,1
37.7,889.6846432405173,177.97742658707662,-48.617922923177844,18.726324019581547,11.84,26.5,37.0,408,473,375,435,26.5,NEUTRAL,program,sonic_drive_smooth.py,function,bc4a84a5f90dcb414fa9a95aff361c8d4412f04ffa11cdb071a0b8ad9fecc202,平滑操舵：安全制御優先：右壁追従 | target_deg=27.659,,248.47701226529932,248.35412951463957,164.3249702842605,131.9730366072923,141.81359727141123,0,37.7,70.79261577978662,1
37.75,888.9621413440593,178.60741935647877,-49.1904309823224,19.464081699809885,9.6,27.5,30.0,409,466,375,435,27.5,NEUTRAL,program,sonic_drive_smooth.py,function,bc4a84a5f90dcb414fa9a95aff361c8d4412f04ffa11cdb071a0b8ad9fecc202,平滑操舵：Follow the Gap：目標が空き空間内 | target_deg=22.921 | gap_min_deg=-60.0 | gap_max_deg=60.0,,249.4304968834532,250.0,163.62059698992368,133.716502270219,139.26517663642537,0,37.75,69.99729995002606,1
37.8,888.2056453021543,179.25513945908952,-49.65073170546634,20.21586634841306,7.36,28.5,23.0,410,459,375,435,28.5,NEUTRAL,program,sonic_drive_smooth.py,function,bc4a84a5f90dcb414fa9a95aff361c8d4412f04ffa11cdb071a0b8ad9fecc202,平滑操舵：Follow the Gap：目標が空き空間内 | target_deg=17.896 | gap_min_deg=-60.0 | gap_max_deg=60.0,,248.96321112096308,247.38871478157785,163.7294139207964,126.81373497130042,141.58993464738478,0,37.8,69.1678244671266,1
37.85,887.4156682103395,179.92201880981278,-49.99043709780284,20.978516838965977,5.12,29.5,16.0,411,451,375,435,29.5,NEUTRAL,program,sonic_drive_smooth.py,function,bc4a84a5f90dcb414fa9a95aff361c8d4412f04ffa11cdb071a0b8ad9fecc202,平滑操舵：Follow the Gap：目標が空き空間内 | target_deg=12.626 | gap_min_deg=-60.0 | gap_max_deg=60.0,,250.0,248.92052569209304,164.44632269170856,131.91232990734562,142.02269195671641,0,37.85,68.3044598967683,1
37.9,886.5930452069921,180.6097170624075,-50.20059630517892,21.74958443848513,2.88,30.5,9.0,413,444,375,435,30.5,NEUTRAL,program,sonic_drive_smooth.py,function,bc4a84a5f90dcb414fa9a95aff361c8d4412f04ffa11cdb071a0b8ad9fecc202,平滑操舵：Follow the Gap：目標が空き空間内 | target_deg=7.168 | gap_min_deg=-60.0 | gap_max_deg=60.0,,250.0,250.0,158.12598842403997,131.13425222768402,138.55208751313066,0,37.9,67.40818250307957,1
37.95,885.7389414270249,181.32017037542096,-50.27172239230367,22.527172261994036,0.64,31.5,2.0,414,437,375,435,31.5,NEUTRAL,program,sonic_drive_smooth.py,function,bc4a84a5f90dcb414fa9a95aff361c8d4412f04ffa11cdb071a0b8ad9fecc202,平滑操舵：Follow the Gap：目標が空き空間内 | target_deg=1.600 | gap_min_deg=-60.0 | gap_max_deg=60.0,,250.0,250.0,165.651008760755,135.17870034847903,138.65326030595983,0,37.95,66.48080154761428,1
38.0,884.8544990054887,182.0551862936391,-50.27172239230367,23.309810907708876,0.0,32.5,0.0,415,435,375,435,32.5,NEUTRAL,program,sonic_drive_smooth.py,function,bc4a84a5f90dcb414fa9a95aff361c8d4412f04ffa11cdb071a0b8ad9fecc202,平滑操舵：Follow the Gap：目標が空き空間内 | target_deg=0.000 | gap_min_deg=-60.0 | gap_max_deg=60.0,,248.86261745237476,250.0,164.98312598959282,131.29608698918295,141.95896676653675,0,38.0,65.52537297495752,1
38.05,883.9398699584605,182.81528880846747,-50.27172239230367,24.09636211915706,0.0,33.5,0.0,416,435,375,435,33.5,NEUTRAL,program,sonic_drive_smooth.py,function,bc4a84a5f90dcb414fa9a95aff361c8d4412f04ffa11cdb071a0b8ad9fecc202,平滑操舵：Follow the Gap：目標が空き空間内 | target_deg=0.000 | gap_min_deg=-60.0 | gap_max_deg=60.0,,247.6827043472167,250.0,168.56605216986168,130.41451301141595,140.24150623519043,0,38.05,64.5437617341218,1
38.1,882.9949243108352,183.60058593572333,-50.27172239230367,24.885944158061356,0.0,34.5,0.0,418,435,375,435,34.5,NEUTRAL,program,sonic_drive_smooth.py,function,bc4a84a5f90dcb414fa9a95aff361c8d4412f04ffa11cdb071a0b8ad9fecc202,平滑操舵：Follow the Gap：目標が空き空間内 | target_deg=0.000 | gap_min_deg=-60.0 | gap_max_deg=60.0,,247.6414242055476,246.1027948541132,168.35699170707454,130.62079996741525,138.94671992086188,0,38.1,63.5367827958877,1
38.15,882.0216550964943,184.4094213645009,-50.27172239230367,25.587729743376524,0.0,35.0,0.0,418,435,375,435,35.0,NEUTRAL,program,sonic_drive_smooth.py,function,bc4a84a5f90dcb414fa9a95aff361c8d4412f04ffa11cdb071a0b8ad9fecc202,平滑操舵：Follow the Gap：目標が空き空間内 | target_deg=0.000 | gap_min_deg=-60.0 | gap_max_deg=60.0,,248.14258536807765,250.0,170.4916401392176,128.2963080732544,141.66037007777075,0,38.15,62.50759144318478,1
38.2,881.0250726239652,185.23763127765025,-50.27172239230367,26.131360487303375,0.0,35.0,0.0,418,435,375,435,35.0,NEUTRAL,program,sonic_drive_smooth.py,function,bc4a84a5f90dcb414fa9a95aff361c8d4412f04ffa11cdb071a0b8ad9fecc202,平滑操舵：Follow the Gap：目標が空き空間内 | target_deg=0.000 | gap_min_deg=-60.0 | gap_max_deg=60.0,,250.0,248.66651653318038,166.22205723132456,130.47704337420294,141.6217091746019,0,38.2,61.46253227921879,1
38.25,880.0104307837926,186.08084942917415,-50.27172239230367,26.552478264479923,0.0,35.0,0.0,418,435,375,435,35.0,NEUTRAL,program,sonic_drive_smooth.py,function,bc4a84a5f90dcb414fa9a95aff361c8d4412f04ffa11cdb071a0b8ad9fecc202,平滑操舵：Follow the Gap：目標が空き空間内 | target_deg=0.000 | gap_min_deg=-60.0 | gap_max_deg=60.0,,250.0,249.94710522093465,168.20528449335495,128.7681491409929,135.66401350737166,0,38.25,60.40812159547449,1
38.3,878.9817994464396,186.93569355302256,-50.27172239230367,26.878692674233722,0.0,35.0,0.0,418,435,375,435,35.0,NEUTRAL,program,sonic_drive_smooth.py,function,bc4a84a5f90dcb414fa9a95aff361c8d4412f04ffa11cdb071a0b8ad9fecc202,平滑操舵：Follow the Gap：目標が空き空間内 | target_deg=0.000 | gap_min_deg=-60.0 | gap_max_deg=60.0,,247.74974394391867,248.21497735277907,170.3205171986206,126.30810839187758,140.31800507182135,0,38.3,59.34955069412971,1
38.35,877.9423312937995,187.79954361275202,-50.27172239230367,27.13139119920339,0.0,35.0,0.0,418,435,375,435,35.0,NEUTRAL,program,sonic_drive_smooth.py,function,bc4a84a5f90dcb414fa9a95aff361c8d4412f04ffa11cdb071a0b8ad9fecc202,平滑操舵：Follow the Gap：目標が空き空間内 | target_deg=0.000 | gap_min_deg=-60.0 | gap_max_deg=60.0,,249.85270587574573,250.0,172.792271213168,131.90344863429442,142.22951169770627,0,38.35,58.290995799880044,1
38.4,876.8944685173889,188.6703700249818,-50.27172239230367,27.327141425473407,0.0,35.0,0.0,418,435,375,435,35.0,NEUTRAL,program,sonic_drive_smooth.py,function,bc4a84a5f90dcb414fa9a95aff361c8d4412f04ffa11cdb071a0b8ad9fecc202,平滑操舵：Follow the Gap：目標が空き空間内 | target_deg=0.000 | gap_min_deg=-60.0 | gap_max_deg=60.0,,250.0,247.3654055333994,172.99041635778534,127.25939182929629,138.7854120599585,0,38.4,57.235858851650505,1
38.45,875.8401029349061,189.54660059451973,-50.27172239230367,27.478777257496414,0.0,35.0,0.0,418,435,375,435,35.0,NEUTRAL,program,sonic_drive_smooth.py,function,bc4a84a5f90dcb414fa9a95aff361c8d4412f04ffa11cdb071a0b8ad9fecc202,平滑操舵：Follow the Gap：目標が空き空間内 | target_deg=0.000 | gap_min_deg=-60.0 | gap_max_deg=60.0,,250.0,248.07707453330494,176.77837932908193,124.68664295471616,141.7107340258282,0,38.45,56.186954543024214,1
38.5,874.7807000228224,190.42701743707215,-50.27172239230367,27.5962403429367,0.0,35.0,0.0,418,435,375,435,35.0,NEUTRAL,program,sonic_drive_smooth.py,function,bc4a84a5f90dcb414fa9a95aff361c8d4412f04ffa11cdb071a0b8ad9fecc202,平滑操舵：Follow the Gap：目標が空き空間内 | target_deg=0.000 | gap_min_deg=-60.0 | gap_max_deg=60.0,,250.0,248.05914529960296,176.01086818239972,125.67045001536012,138.38279991547293,0,38.5,55.14665561770835,1
38.55,873.7173949969082,191.31067713151657,-50.27172239230367,27.687231873481124,0.0,35.0,0.0,418,435,375,435,35.0,NEUTRAL,program,sonic_drive_smooth.py,function,bc4a84a5f90dcb414fa9a95aff361c8d4412f04ffa11cdb071a0b8ad9fecc202,平滑操舵：Follow the Gap：目標が空き空間内 | target_deg=0.000 | gap_min_deg=-60.0 | gap_max_deg=60.0,,250.0,250.0,179.55082806008193,121.93346286111465,140.57631487964946,0,38.55,54.11700577186231,1
38.6,872.6510672399934,192.1968488667087,-50.27172239230367,27.757717495408933,0.0,35.0,0.0,418,435,375,435,35.0,NEUTRAL,program,sonic_drive_smooth.py,function,bc4a84a5f90dcb414fa9a95aff361c8d4412f04ffa11cdb071a0b8ad9fecc202,平滑操舵：Follow the Gap：目標が空き空間内 | target_deg=0.000 | gap_min_deg=-60.0 | gap_max_deg=60.0,,247.81446286003506,247.83136813206434,179.61601200767072,119.7108347653815,144.68916659282826,0,38.6,53.099807428743354,1
38.65,871.5823979566394,193.084966527564,-50.27172239230367,27.812318433197582,0.0,35.0,0.0,418,435,375,435,35.0,NEUTRAL,program,sonic_drive_smooth.py,function,bc4a84a5f90dcb414fa9a95aff361c8d4412f04ffa11cdb071a0b8ad9fecc202,平滑操舵：Follow the Gap：目標が空き空間内 | target_deg=0.000 | gap_min_deg=-60.0 | gap_max_deg=25.0,,249.61057603747236,54.28713503989645,178.14815638046218,121.36374997377193,141.71098811069737,0,38.65,52.09669001621099,1
38.7,870.5119148347192,193.97459157904973,-50.27172239230367,27.85461446926651,0.0,35.0,0.0,418,435,375,435,35.0,NEUTRAL,program,sonic_drive_smooth.py,function,bc4a84a5f90dcb414fa9a95aff361c8d4412f04ffa11cdb071a0b8ad9fecc202,平滑操舵：Follow the Gap：目標が空き空間内 | target_deg=0.000 | gap_min_deg=-60.0 | gap_max_deg=25.0,,250.0,56.870328344532794,181.39072421375116,120.07667403359684,139.649022334286,0,38.7,51.109163099039215,1
38.75,869.440026642034,194.86538431466425,-50.27172239230367,27.887378644015108,0.0,35.0,0.0,418,435,375,435,35.0,NEUTRAL,program,sonic_drive_smooth.py,function,bc4a84a5f90dcb414fa9a95aff361c8d4412f04ffa11cdb071a0b8ad9fecc202,平滑操舵：Follow the Gap：目標が空き空間内 | target_deg=0.000 | gap_min_deg=-60.0 | gap_max_deg=25.0,,250.0,51.38363203948132,178.8399692231735,119.25504443684451,140.7292149500947,0,38.75,50.138657719130094,1
38.8,868.3681575540159,195.7552949628025,-50.326551397034905,27.846749487096517,0.6695004025177387,34.63386696737311,2.0921887578679335,418,437,375,435,34.63386696737311,NEUTRAL,program,sonic_drive_smooth.py,function,bc4a84a5f90dcb414fa9a95aff361c8d4412f04ffa11cdb071a0b8ad9fecc202,平滑操舵：Follow the Gap：目標が空き空間内 | target_deg=1.673 | gap_min_deg=-60.0 | gap_max_deg=25.0,,250.0,52.36570571218207,184.10215497249132,117.61840089237126,138.3806645743807,0,38.8,49.18400390223921,1
38.85,867.2967870580259,196.64306229343907,-50.381271575176754,27.815371159980714,0.6685407478398543,34.63439177852508,2.0891898369995445,418,437,375,435,34.63439177852508,NEUTRAL,program,sonic_drive_smooth.py,function,bc4a84a5f90dcb414fa9a95aff361c8d4412f04ffa11cdb071a0b8ad9fecc202,平滑操舵：Follow the Gap：目標が空き空間内 | target_deg=1.671 | gap_min_deg=-60.0 | gap_max_deg=25.0,,249.64839435337126,47.72502541081254,182.05119034516176,116.53104826618632,140.33647358977012,0,38.85,48.249302509550105,1
38.9,866.2256286249922,197.5289194189068,-50.436653706267236,27.790200674443422,0.6772997677181425,34.629601689529146,2.1165617741191953,418,437,375,435,34.629601689529146,NEUTRAL,program,sonic_drive_smooth.py,function,bc4a84a5f90dcb414fa9a95aff361c8d4412f04ffa11cdb071a0b8ad9fecc202,平滑操舵：Follow the Gap：目標が空き空間内 | target_deg=1.693 | gap_min_deg=-60.0 | gap_max_deg=25.0,,250.0,50.50778789700954,183.96781533768922,116.121847804058,141.00606872224802,0,38.9,47.33523429748348,1
38.95,865.154494429736,198.4129834132334,-50.49400800640714,27.768267067082203,0.7020023539384074,34.616092462689934,2.193757356057523,418,437,375,435,34.616092462689934,NEUTRAL,program,sonic_drive_smooth.py,function,bc4a84a5f90dcb414fa9a95aff361c8d4412f04ffa11cdb071a0b8ad9fecc202,平滑操舵：Follow the Gap：目標が空き空間内 | target_deg=1.755 | gap_min_deg=-60.0 | gap_max_deg=30.0,,250.0,73.47191332659722,184.5794997503741,117.83620460896454,138.92615645618,0,38.95,46.442564513664855,1
39.0,864.0832875688043,199.2952453367891,-50.555235716143216,27.746544543803584,0.7499953988402039,34.589846266259265,2.3437356213756373,418,437,375,435,34.589846266259265,NEUTRAL,program,sonic_drive_smooth.py,function,bc4a84a5f90dcb414fa9a95aff361c8d4412f04ffa11cdb071a0b8ad9fecc202,平滑操舵：Follow the Gap：目標が空き空間内 | target_deg=1.874 | gap_min_deg=-60.0 | gap_max_deg=30.0,,250.0,81.54332152500186,188.2479458299301,113.36183987743924,137.91849194271242,0,39.0,45.572099434590264,1
39.05,863.011833355326,200.17581479555366,-50.61494446662181,27.73150572565832,0.7318575763021313,34.59976538795977,2.2870549259441604,418,437,375,435,34.59976538795977,NEUTRAL,program,sonic_drive_smooth.py,function,bc4a84a5f90dcb414fa9a95aff361c8d4412f04ffa11cdb071a0b8ad9fecc202,平滑操舵：Follow the Gap：目標が空き空間内 | target_deg=1.829 | gap_min_deg=-60.0 | gap_max_deg=60.0,,247.05868618519665,92.88091563884323,186.7821108600383,113.6137771483711,142.3466491816445,0,39.05,44.72526669993589,1
39.1,861.9400531683506,201.05471562309543,-50.67892444284533,27.714649934338542,0.7846606206263465,34.57088872309497,2.4520644394573328,418,437,375,435,34.57088872309497,NEUTRAL,program,sonic_drive_smooth.py,function,bc4a84a5f90dcb414fa9a95aff361c8d4412f04ffa11cdb071a0b8ad9fecc202,平滑操舵：Follow the Gap：目標が空き空間内 | target_deg=1.961 | gap_min_deg=-60.0 | gap_max_deg=60.0,,250.0,102.65657995000201,189.5592711732073,114.25112984227648,136.71699691212876,0,39.1,43.90266724323857,1
39.15,860.8678224148849,201.93201118070039,-50.741247148591526,27.703560117721857,0.7647068961854744,34.581800916148566,2.3897090505796075,418,437,375,435,34.581800916148566,NEUTRAL,program,sonic_drive_smooth.py,function,bc4a84a5f90dcb414fa9a95aff361c8d4412f04ffa11cdb071a0b8ad9fecc202,平滑操舵：Follow the Gap：目標が空き空間内 | target_deg=1.911 | gap_min_deg=-60.0 | gap_max_deg=60.0,,249.4031270964262,106.45767401267013,188.51780189599293,112.86975901704287,142.15997399019898,0,39.15,43.10599487315928,1
39.2,859.7950716955615,202.80773919501743,-50.80656226043823,27.691316207522824,0.801760412393914,34.56153727447208,2.5055012887309815,418,437,375,435,34.56153727447208,NEUTRAL,program,sonic_drive_smooth.py,function,bc4a84a5f90dcb414fa9a95aff361c8d4412f04ffa11cdb071a0b8ad9fecc202,平滑操舵：Follow the Gap：目標が空き空間内 | target_deg=2.004 | gap_min_deg=-60.0 | gap_max_deg=60.0,,248.9101841913281,117.70780429557074,191.8782109797238,111.92231299607664,139.1009170845863,0,39.2,42.33602379062274,1
39.25,858.7216630000155,203.6820205254917,-50.86845102827499,27.68595606758663,0.7599280331935334,34.58441435684729,2.374775103729792,418,437,375,435,34.58441435684729,NEUTRAL,program,sonic_drive_smooth.py,function,bc4a84a5f90dcb414fa9a95aff361c8d4412f04ffa11cdb071a0b8ad9fecc202,平滑操舵：Follow the Gap：目標が空き空間内 | target_deg=1.899 | gap_min_deg=-60.0 | gap_max_deg=60.0,,250.0,120.28250544734617,188.61248438372974,113.67829712485032,144.12825311050463,0,39.25,41.59472073730028,1
39.3,857.6475280148443,204.55493713009983,-50.9321412908875,27.679606596400838,0.7822140479148749,34.57222669254655,2.444418899733984,418,437,375,435,34.57222669254655,NEUTRAL,program,sonic_drive_smooth.py,function,bc4a84a5f90dcb414fa9a95aff361c8d4412f04ffa11cdb071a0b8ad9fecc202,平滑操舵：Follow the Gap：目標が空き空間内 | target_deg=1.955 | gap_min_deg=-60.0 | gap_max_deg=60.0,,247.44905924193768,127.79517408299792,193.18391499719544,109.62890522916263,142.6912958215915,0,39.3,40.8828813694225,1
39.35,856.5726853243609,205.42641055538914,-50.99816110200794,27.67184676380358,0.8110316785997511,34.55646705076576,2.5344739956242224,418,437,375,435,34.55646705076576,NEUTRAL,program,sonic_drive_smooth.py,function,bc4a84a5f90dcb414fa9a95aff361c8d4412f04ffa11cdb071a0b8ad9fecc202,平滑操舵：Follow the Gap：目標が空き空間内 | target_deg=2.027 | gap_min_deg=-60.0 | gap_max_deg=60.0,,248.23490135747375,133.3065437946602,194.96872038822104,111.37012897997542,142.2048260746245,0,39.35,40.201839383186694,1
39.4,855.4970912201213,206.29644772742728,-51.063749629354135,27.66633962741461,0.805920526511051,34.55926221206427,2.518501645347034,418,437,375,435,34.55926221206427,NEUTRAL,program,sonic_drive_smooth.py,function,bc4a84a5f90dcb414fa9a95aff361c8d4412f04ffa11cdb071a0b8ad9fecc202,平滑操舵：Follow the Gap：目標が空き空間内 | target_deg=2.014 | gap_min_deg=-60.0 | gap_max_deg=60.0,,249.81255258709945,142.4267164934285,193.90780093720318,106.6050982545659,143.90569027949297,0,39.4,39.55336753237442,1
39.45,854.4207459272099,207.16501268300058,-51.132137217365255,27.658662603153033,0.8405162977631494,34.54034264966078,2.626613430509842,418,437,375,435,34.54034264966078,NEUTRAL,program,sonic_drive_smooth.py,function,bc4a84a5f90dcb414fa9a95aff361c8d4412f04ffa11cdb071a0b8ad9fecc202,平滑操舵：Follow the Gap：目標が空き空間内 | target_deg=2.100 | gap_min_deg=-60.0 | gap_max_deg=60.0,,248.97984951516017,149.93070471647158,198.1854066381101,103.44904302930317,143.16278873835157,0,39.45,38.93847945732689,1
39.5,853.3436820223983,208.03199366852263,-51.20331319078352,27.649310177341118,0.8750564981474208,34.521453477575626,2.73455155671069,418,437,375,435,34.521453477575626,NEUTRAL,program,sonic_drive_smooth.py,function,bc4a84a5f90dcb414fa9a95aff361c8d4412f04ffa11cdb071a0b8ad9fecc202,平滑操舵：Follow the Gap：目標が空き空間内 | target_deg=2.187 | gap_min_deg=-60.0 | gap_max_deg=60.0,,247.7221332763755,154.34878078858975,199.08453331600305,106.92951807405012,141.90715311728985,0,39.5,38.358590003492864,1
39.55,852.265842566351,208.89740561918305,-51.273778227534535,27.642903660098902,0.8665546708953985,34.52610291435408,2.7079833465481205,418,437,375,435,34.52610291435408,NEUTRAL,program,sonic_drive_smooth.py,function,bc4a84a5f90dcb414fa9a95aff361c8d4412f04ffa11cdb071a0b8ad9fecc202,平滑操舵：Follow the Gap：目標が空き空間内 | target_deg=2.166 | gap_min_deg=-60.0 | gap_max_deg=60.0,,248.87991029888155,159.89533383068286,194.99586103001678,106.88276816306863,141.44819142389412,0,39.55,37.815644542083895,1
39.6,851.1871387199182,209.76134451870607,-51.3434243831999,27.6389185541815,0.8566390379147134,34.53152552614039,2.6769969934834794,418,437,375,435,34.53152552614039,NEUTRAL,program,sonic_drive_smooth.py,function,bc4a84a5f90dcb414fa9a95aff361c8d4412f04ffa11cdb071a0b8ad9fecc202,平滑操舵：Follow the Gap：目標が空き空間内 | target_deg=2.141 | gap_min_deg=-60.0 | gap_max_deg=60.0,,249.11348457261516,169.3403970701478,193.67422320983047,106.45598867343297,140.84805235456045,0,39.6,37.31111992470277,1
39.65,850.1075647345472,210.62379588755874,-51.41517507232942,27.633264024326063,0.8826799400217505,34.5172844078006,2.7583748125679706,418,437,375,435,34.5172844078006,NEUTRAL,program,sonic_drive_smooth.py,function,bc4a84a5f90dcb414fa9a95aff361c8d4412f04ffa11cdb071a0b8ad9fecc202,平滑操舵：Follow the Gap：目標が空き空間内 | target_deg=2.206 | gap_min_deg=-60.0 | gap_max_deg=60.0,,248.41063048951483,173.6200078351819,197.1120613561754,105.10781190317373,140.0700313189021,0,39.65,36.8459507023615,1
39.7,849.0271789420808,211.4846263144924,-51.490511618085634,27.62451028632616,0.9270382171509891,34.493025974995554,2.896994428596841,418,438,375,435,34.493025974995554,NEUTRAL,program,sonic_drive_smooth.py,function,bc4a84a5f90dcb414fa9a95aff361c8d4412f04ffa11cdb071a0b8ad9fecc202,平滑操舵：Follow the Gap：目標が空き空間内 | target_deg=2.317 | gap_min_deg=-60.0 | gap_max_deg=60.0,,247.7010447958294,173.3929103852762,197.49744979470847,106.00215122084391,136.36446565250654,0,39.7,36.42118237204112,1
39.75,847.9460807330489,212.34361457933002,-51.57158352020221,27.61073028618325,0.9980254933351703,34.45420480833233,3.1188296666724074,418,438,375,435,34.45420480833233,NEUTRAL,program,sonic_drive_smooth.py,function,bc4a84a5f90dcb414fa9a95aff361c8d4412f04ffa11cdb071a0b8ad9fecc202,平滑操舵：Follow the Gap：目標が空き空間内 | target_deg=2.494 | gap_min_deg=-60.0 | gap_max_deg=60.0,,250.0,183.19193590236986,200.06815149021054,99.11431977339075,132.58159510593225,0,39.75,36.03758072452612,1
39.8,846.8642785612694,213.20063702527324,-51.65466477398701,27.597568460333246,1.023252819938638,34.44040861409606,3.1976650623082437,418,438,375,435,34.44040861409606,NEUTRAL,program,sonic_drive_smooth.py,function,bc4a84a5f90dcb414fa9a95aff361c8d4412f04ffa11cdb071a0b8ad9fecc202,平滑操舵：Follow the Gap：目標が空き空間内 | target_deg=2.557 | gap_min_deg=-60.0 | gap_max_deg=60.0,,250.0,189.8509222041237,200.1197775065604,99.44703540296499,134.35050706500795,0,39.8,35.69689804729298,1
39.85,845.7817488564039,214.0556358909567,-51.7408748327334,27.58352229308577,1.0623064027794722,34.419051185979974,3.3197075086858505,418,438,375,435,34.419051185979974,NEUTRAL,program,sonic_drive_smooth.py,function,bc4a84a5f90dcb414fa9a95aff361c8d4412f04ffa11cdb071a0b8ad9fecc202,平滑操舵：Follow the Gap：目標が空き空間内 | target_deg=2.654 | gap_min_deg=-60.0 | gap_max_deg=60.0,,243.67578024748022,196.15161802495373,201.4393395934493,103.02812159381354,132.2339480811941,0,39.85,35.39989622875323,1
39.9,844.6985238317186,214.90846045435038,-51.83231011836065,27.566230462081116,1.127330987593617,34.38349086615974,3.5229093362300534,417,438,375,435,34.38349086615974,NEUTRAL,program,sonic_drive_smooth.py,function,bc4a84a5f90dcb414fa9a95aff361c8d4412f04ffa11cdb071a0b8ad9fecc202,平滑操舵：Follow the Gap：目標が空き空間内 | target_deg=2.816 | gap_min_deg=-60.0 | gap_max_deg=60.0,,249.96064566413645,200.0141312685067,205.50294834122295,103.97281844821462,130.36401819812886,0,39.9,35.14695010267752,1
39.95,843.6145440554792,215.75906940952373,-51.92447996821625,27.551879754515344,1.1370249052747454,34.378189504927875,3.5532028289835793,417,438,375,435,34.378189504927875,NEUTRAL,program,sonic_drive_smooth.py,function,bc4a84a5f90dcb414fa9a95aff361c8d4412f04ffa11cdb071a0b8ad9fecc202,平滑操舵：Follow the Gap：目標が空き空間内 | target_deg=2.841 | gap_min_deg=-60.0 | gap_max_deg=60.0,,249.88262679960246,201.15197629451197,204.04665320143243,101.75810609096435,132.2847876082155,0,39.95,34.93969858292692,1
40.0,842.5298089047145,216.60736899999014,-52.022299133705275,27.533822252918426,1.20742258397502,34.339690774388664,3.773195574921937,417,438,375,435,34.339690774388664,NEUTRAL,program,sonic_drive_smooth.py,function,bc4a84a5f90dcb414fa9a95aff361c8d4412f04ffa11cdb071a0b8ad9fecc202,平滑操舵：Follow the Gap：目標が空き空間内 | target_deg=3.016 | gap_min_deg=-60.0 | gap_max_deg=60.0,,248.57107522718658,206.45058303765157,207.67891721987417,97.6688535911375,127.14748438015627,0,40.0,34.77761268794226,1
40.05,841.444321189957,217.45322026506892,-52.12368046832182,27.515418526717234,1.252208447323147,34.315198505370155,3.913151397884834,417,439,375,435,34.315198505370155,NEUTRAL,program,sonic_drive_smooth.py,function,bc4a84a5f90dcb414fa9a95aff361c8d4412f04ffa11cdb071a0b8ad9fecc202,平滑操舵：Follow the Gap：目標が空き空間内 | target_deg=3.128 | gap_min_deg=-60.0 | gap_max_deg=60.0,,249.883985295067,205.0054174883557,206.60385097779726,97.98754979684915,125.11694799333269,0,40.05,34.66148034173258,1
40.1,840.3579980781154,218.2966164928968,-52.22643811689362,27.499409628330536,1.2699846288060854,34.305477156121675,3.968701965019017,417,439,375,435,34.305477156121675,NEUTRAL,program,sonic_drive_smooth.py,function,bc4a84a5f90dcb414fa9a95aff361c8d4412f04ffa11cdb071a0b8ad9fecc202,平滑操舵：Follow the Gap：目標が空き空間内 | target_deg=3.172 | gap_min_deg=-60.0 | gap_max_deg=60.0,,250.0,200.42463704318655,205.0889141717055,96.92433044595992,124.43527047677162,0,40.1,34.59204131668919,1
40.15,839.2707931079129,219.1375207049337,-52.332879254705546,27.482443334641637,1.3162867533325444,34.28015568177127,4.1133961041642015,417,439,375,435,34.28015568177127,NEUTRAL,program,sonic_drive_smooth.py,function,bc4a84a5f90dcb414fa9a95aff361c8d4412f04ffa11cdb071a0b8ad9fecc202,平滑操舵：Follow the Gap：目標が空き空間内 | target_deg=3.288 | gap_min_deg=-60.0 | gap_max_deg=60.0,,248.47582605274633,208.62753259708256,208.97933117136432,97.76469548434817,123.37838719706892,0,40.15,34.561830608000925,1
40.2,838.182719356337,219.97579550295623,-52.44430292351137,27.463136994864072,1.3788007093784593,34.245968362058655,4.308752216807686,417,439,375,435,34.245968362058655,NEUTRAL,program,sonic_drive_smooth.py,function,bc4a84a5f90dcb414fa9a95aff361c8d4412f04ffa11cdb071a0b8ad9fecc202,平滑操舵：Follow the Gap：目標が空き空間内 | target_deg=3.444 | gap_min_deg=-60.0 | gap_max_deg=60.0,,246.9110853621461,219.8865936741602,211.32187740236296,96.63444823759652,120.64681527813367,0,40.2,34.53725028090082,1
40.25,837.0936851487543,220.81143757991327,-52.55591307109677,27.447870493409418,1.381955531596561,34.24424306865813,4.318611036239253,417,439,375,435,34.24424306865813,NEUTRAL,program,sonic_drive_smooth.py,function,bc4a84a5f90dcb414fa9a95aff361c8d4412f04ffa11cdb071a0b8ad9fecc202,平滑操舵：Follow the Gap：目標が空き空間内 | target_deg=3.451 | gap_min_deg=-60.0 | gap_max_deg=60.0,,249.8274949704058,221.3611951685374,210.60871068858106,93.4491678245699,124.00939257630633,0,40.25,34.5151252627107,1
40.3,836.0035788082126,221.64451445568892,-52.66879315192003,27.43442360877412,1.3983949761164811,34.2352527474363,4.3699843003640035,417,439,375,435,34.2352527474363,NEUTRAL,program,sonic_drive_smooth.py,function,bc4a84a5f90dcb414fa9a95aff361c8d4412f04ffa11cdb071a0b8ad9fecc202,平滑操舵：Follow the Gap：目標が空き空間内 | target_deg=3.492 | gap_min_deg=-60.0 | gap_max_deg=60.0,,250.0,225.6350434968842,210.07918238777603,92.95792599975779,121.49611594123233,0,40.3,34.495270730743094,1
40.35,834.9096621641334,222.47850508369163,-52.67951904038986,27.561882260417885,0.0,35.0,0.0,418,435,375,435,35.0,NEUTRAL,program,sonic_drive_smooth.py,function,bc4a84a5f90dcb414fa9a95aff361c8d4412f04ffa11cdb071a0b8ad9fecc202,平滑操舵：Follow the Gap：目標が空き空間内 | target_deg=0.000 | gap_min_deg=-60.0 | gap_max_deg=55.0,,246.4597119917123,232.17186819406993,34.598026843484256,93.96657540418391,118.69056793179192,0,40.35,34.49352799667741,1
40.4,833.8113521533164,223.31581370818455,-52.67951904038986,27.66061675007244,0.0,35.0,0.0,418,435,375,435,35.0,NEUTRAL,program,sonic_drive_smooth.py,function,bc4a84a5f90dcb414fa9a95aff361c8d4412f04ffa11cdb071a0b8ad9fecc202,平滑操舵：Follow the Gap：目標が空き空間内 | target_deg=0.000 | gap_min_deg=-60.0 | gap_max_deg=55.0,,249.39813133437977,234.55066509375138,37.61983838845612,93.36867993103017,118.20182891164072,0,40.4,34.493527996677464,1
40.45,832.7123921426805,224.15467647290725,-52.60662849949669,27.64421122443918,-0.9421257568862843,34.484774976702816,-2.9441429902696385,418,431,375,435,34.484774976702816,NEUTRAL,program,sonic_drive_smooth.py,function,bc4a84a5f90dcb414fa9a95aff361c8d4412f04ffa11cdb071a0b8ad9fecc202,平滑操舵：Follow the Gap：目標が空き空間内 | target_deg=-2.354 | gap_min_deg=-60.0 | gap_max_deg=55.0,,250.0,239.73639259073943,32.03807896463259,91.8465943654174,120.35401869421274,0,40.45,34.50108418452672,1
40.5,831.6156214184202,224.99439350654754,-52.51610005031105,27.61455652719133,-1.1140034773929979,34.390779348300704,-3.4812608668531184,417,431,375,435,34.390779348300704,NEUTRAL,program,sonic_drive_smooth.py,function,bc4a84a5f90dcb414fa9a95aff361c8d4412f04ffa11cdb071a0b8ad9fecc202,平滑操舵：Follow the Gap：目標が空き空間内 | target_deg=-2.783 | gap_min_deg=-60.0 | gap_max_deg=55.0,,250.0,249.81756512476514,35.46375908518088,89.7876726993619,117.46145848186535,0,40.5,34.50822606860119,1
40.55,830.5212839621405,225.835029671636,-52.423190845506326,27.58858508415689,-1.1444283331089298,34.374140755331055,-3.5763385409654056,417,431,375,435,34.374140755331055,NEUTRAL,program,sonic_drive_smooth.py,function,bc4a84a5f90dcb414fa9a95aff361c8d4412f04ffa11cdb071a0b8ad9fecc202,平滑操舵：Follow the Gap：目標が空き空間内 | target_deg=-2.859 | gap_min_deg=-60.0 | gap_max_deg=60.0,,248.42997179289662,248.48246171817854,41.007573473902546,90.66988736101005,114.72445351971308,0,40.55,34.51319496010807,1
40.6,829.4292946348224,226.67671985572264,-52.32773784264269,27.56527568088532,-1.1767919628777446,34.35644189530123,-3.677474883992952,417,431,375,435,34.35644189530123,NEUTRAL,program,sonic_drive_smooth.py,function,bc4a84a5f90dcb414fa9a95aff361c8d4412f04ffa11cdb071a0b8ad9fecc202,平滑操舵：Follow the Gap：目標が空き空間内 | target_deg=-2.940 | gap_min_deg=-60.0 | gap_max_deg=55.0,,248.8255115562928,250.0,36.47647741323407,88.60067552019254,112.35564543965361,0,40.6,34.51587322445455,1
40.65,828.3394089099922,227.5196457130966,-52.23498717343472,27.5504287513772,-1.1442401803515205,34.37424365137026,-3.5757505635985014,417,431,375,435,34.37424365137026,NEUTRAL,program,sonic_drive_smooth.py,function,bc4a84a5f90dcb414fa9a95aff361c8d4412f04ffa11cdb071a0b8ad9fecc202,平滑操舵：Follow the Gap：目標が空き空間内 | target_deg=-2.859 | gap_min_deg=-60.0 | gap_max_deg=60.0,,247.62658709358087,246.63220785898432,42.52201060434359,87.87114537487169,111.69380750200678,0,40.65,34.51611951443324,1
40.7,827.2513631274652,228.36395281744709,-52.14316667507528,27.540009501767308,-1.1332683917879927,34.380243848240944,-3.5414637243374774,417,431,375,435,34.380243848240944,NEUTRAL,program,sonic_drive_smooth.py,function,bc4a84a5f90dcb414fa9a95aff361c8d4412f04ffa11cdb071a0b8ad9fecc202,平滑操舵：Follow the Gap：目標が空き空間内 | target_deg=-2.831 | gap_min_deg=-60.0 | gap_max_deg=60.0,,246.78791352720663,250.0,41.56596302688437,84.06892858081292,111.60544197315306,0,40.7,34.51403441710302,1
40.75,826.1650245214631,229.2097265303289,-52.051435820713934,27.53201109686343,-1.1325304654212018,34.380647401722776,-3.539157704441256,417,431,375,435,34.380647401722776,NEUTRAL,program,sonic_drive_smooth.py,function,bc4a84a5f90dcb414fa9a95aff361c8d4412f04ffa11cdb071a0b8ad9fecc202,平滑操舵：Follow the Gap：目標が空き空間内 | target_deg=-2.829 | gap_min_deg=-30.0 | gap_max_deg=60.0,,248.02346759637877,249.86398135286032,42.210531551927595,83.7167830939565,112.94056659363292,0,40.75,34.50962623278619,1
40.8,825.0802280025375,230.05705651540052,-51.96207417932564,27.5286780265137,-1.1034945002084455,34.3965264451985,-3.4484203131513924,417,431,375,435,34.3965264451985,NEUTRAL,program,sonic_drive_smooth.py,function,bc4a84a5f90dcb414fa9a95aff361c8d4412f04ffa11cdb071a0b8ad9fecc202,平滑操舵：Follow the Gap：目標が空き空間内 | target_deg=-2.757 | gap_min_deg=-30.0 | gap_max_deg=60.0,,249.19140097181892,249.0727790260952,44.415157346872746,83.18369489176406,111.2934325701152,0,40.8,34.50306896818838,1
40.85,823.9968153736203,230.9060075285794,-51.87415592666031,27.527845940712513,-1.085746776421002,34.406232231644765,-3.3929586763156316,418,431,375,435,34.406232231644765,NEUTRAL,program,sonic_drive_smooth.py,function,bc4a84a5f90dcb414fa9a95aff361c8d4412f04ffa11cdb071a0b8ad9fecc202,平滑操舵：Follow the Gap：目標が空き空間内 | target_deg=-2.713 | gap_min_deg=-30.0 | gap_max_deg=60.0,,248.94905141284605,250.0,46.09128300648278,81.93765506127936,112.67290064299237,0,40.85,34.49439391927227,1
40.9,822.9146607132228,231.7566249532695,-51.788279520510656,27.529689935775526,-1.0605066067255093,34.420035449446985,-3.3140831460172167,418,431,375,435,34.420035449446985,NEUTRAL,program,sonic_drive_smooth.py,function,bc4a84a5f90dcb414fa9a95aff361c8d4412f04ffa11cdb071a0b8ad9fecc202,平滑操舵：Follow the Gap：目標が空き空間内 | target_deg=-2.650 | gap_min_deg=-30.0 | gap_max_deg=60.0,,250.0,247.44827893294115,44.223532645430915,82.73399842532338,108.68830187054436,0,40.9,34.4837504894839,1
40.95,821.8335713376051,232.60896731281017,-51.70647693868824,27.53609412990477,-1.0100400612361768,34.44763434151147,-3.1563751913630527,418,431,375,435,34.44763434151147,NEUTRAL,program,sonic_drive_smooth.py,function,bc4a84a5f90dcb414fa9a95aff361c8d4412f04ffa11cdb071a0b8ad9fecc202,平滑操舵：Follow the Gap：目標が空き空間内 | target_deg=-2.524 | gap_min_deg=-30.0 | gap_max_deg=60.0,,250.0,249.3704731831535,47.99468942645516,82.3894350158574,107.48939880637842,0,40.95,34.471548456329245,1
41.0,820.7533964233979,233.46305603702197,-51.62704313620446,27.543963803361674,-0.9805383175158631,34.46376810760851,-3.064182242237072,418,431,375,435,34.46376810760851,NEUTRAL,program,sonic_drive_smooth.py,function,bc4a84a5f90dcb414fa9a95aff361c8d4412f04ffa11cdb071a0b8ad9fecc202,平滑操舵：Follow the Gap：目標が空き空間内 | target_deg=-2.450 | gap_min_deg=-30.0 | gap_max_deg=60.0,,249.9838146463048,249.1484477643038,48.295870397046606,76.74078605363937,107.4558555037425,0,41.0,34.45769927957167,1
41.05,819.6741602393232,234.31884552228345,-51.547044489016315,27.549395247947633,-0.9872801649557256,34.46008115978984,-3.0852505154866425,418,431,375,435,34.46008115978984,NEUTRAL,program,sonic_drive_smooth.py,function,bc4a84a5f90dcb414fa9a95aff361c8d4412f04ffa11cdb071a0b8ad9fecc202,平滑操舵：Follow the Gap：目標が空き空間内 | target_deg=-2.467 | gap_min_deg=-30.0 | gap_max_deg=60.0,,249.43829065202422,250.0,47.890598714702634,78.2978334525612,110.08091559152574,0,41.05,34.441737498466644,1
41.1,818.5957556786639,235.17635444878402,-51.47201357995513,27.559673931935542,-0.9257024357529567,34.4937564804476,-2.89282011172799,418,431,375,435,34.4937564804476,NEUTRAL,program,sonic_drive_smooth.py,function,bc4a84a5f90dcb414fa9a95aff361c8d4412f04ffa11cdb071a0b8ad9fecc202,平滑操舵：Follow the Gap：目標が空き空間内 | target_deg=-2.313 | gap_min_deg=-30.0 | gap_max_deg=60.0,,250.0,250.0,51.76498781642904,80.54685818921425,105.18876581331884,0,41.1,34.42487976388714,1
41.15,817.5179346983168,236.03562397970146,-51.402289351330154,27.574129785414552,-0.8598414687294809,34.529774196788566,-2.6870045897796278,418,432,375,435,34.529774196788566,NEUTRAL,program,sonic_drive_smooth.py,function,bc4a84a5f90dcb414fa9a95aff361c8d4412f04ffa11cdb071a0b8ad9fecc202,平滑操舵：Follow the Gap：目標が空き空間内 | target_deg=-2.149 | gap_min_deg=-30.0 | gap_max_deg=60.0,,248.32346885619037,250.0,54.29326109726626,79.32528253959244,103.29240316112501,0,41.15,34.4217842698881,1
41.2,816.4405789845446,236.89662965409275,-51.33511848250805,27.588474596371054,-0.8279257637974645,34.54722809792326,-2.5872680118670766,418,432,375,435,34.54722809792326,NEUTRAL,program,sonic_drive_smooth.py,function,bc4a84a5f90dcb414fa9a95aff361c8d4412f04ffa11cdb071a0b8ad9fecc202,平滑操舵：Follow the Gap：目標が空き空間内 | target_deg=-2.069 | gap_min_deg=-30.0 | gap_max_deg=60.0,,247.72668381358548,250.0,51.54114851314513,74.36308511868681,100.98908191978731,0,41.2,34.47109330655828,1
41.25,815.363701421701,237.7593036965959,-51.269260979720116,27.60122130527277,-0.8113463327164024,34.55629497429572,-2.5354572897387575,418,432,375,435,34.55629497429572,NEUTRAL,program,sonic_drive_smooth.py,function,bc4a84a5f90dcb414fa9a95aff361c8d4412f04ffa11cdb071a0b8ad9fecc202,平滑操舵：Follow the Gap：目標が空き空間内 | target_deg=-2.028 | gap_min_deg=-30.0 | gap_max_deg=60.0,,248.31568273992679,248.70728136535726,54.70434008920796,75.47055162204526,104.22002862259725,0,41.25,34.57453517035417,1
41.3,814.2872809895949,238.62359980723681,-51.20630846818585,27.614660019419766,-0.7751923530021766,34.576066681951936,-2.422476103131802,418,432,375,435,34.576066681951936,NEUTRAL,program,sonic_drive_smooth.py,function,bc4a84a5f90dcb414fa9a95aff361c8d4412f04ffa11cdb071a0b8ad9fecc202,平滑操舵：Follow the Gap：目標が空き空間内 | target_deg=-1.937 | gap_min_deg=-30.0 | gap_max_deg=60.0,,247.00557388967505,250.0,58.073154970859115,77.8781684848011,103.92016133757207,0,41.3,34.73200136864165,1
41.35,813.2112291984728,239.4894911015467,-51.14691456052606,27.629427346884377,-0.7309998663075008,34.600234448113085,-2.28437458221094,418,432,375,435,34.600234448113085,NEUTRAL,program,sonic_drive_smooth.py,function,bc4a84a5f90dcb414fa9a95aff361c8d4412f04ffa11cdb071a0b8ad9fecc202,平滑操舵：Follow the Gap：目標が空き空間内 | target_deg=-1.827 | gap_min_deg=-30.0 | gap_max_deg=60.0,,247.93542851762902,249.29630523627318,56.19237820843721,72.34830936451101,98.69870857597613,0,41.35,34.9428951284402,1
41.4,812.1353182629173,240.35699657057705,-51.0947184568619,27.649641660333256,-0.6420000622310431,34.6489062159674,-2.0062501944720097,418,432,375,435,34.6489062159674,NEUTRAL,program,sonic_drive_smooth.py,function,bc4a84a5f90dcb414fa9a95aff361c8d4412f04ffa11cdb071a0b8ad9fecc202,平滑操舵：Follow the Gap：目標が空き空間内 | target_deg=-1.605 | gap_min_deg=-30.0 | gap_max_deg=60.0,,250.0,246.98896564826052,56.77071099566033,76.6251748100968,90.48913422997225,0,41.4,35.20697279863047,1
41.45,811.0576355044614,241.22674096716895,-51.0947184568619,27.72859863636487,0.0,35.0,0.0,418,435,375,435,35.0,NEUTRAL,program,sonic_drive_smooth.py,function,bc4a84a5f90dcb414fa9a95aff361c8d4412f04ffa11cdb071a0b8ad9fecc202,平滑操舵：Follow the Gap：目標が空き空間内 | target_deg=0.000 | gap_min_deg=-30.0 | gap_max_deg=60.0,,250.0,250.0,59.08540271878083,73.01147932046581,95.66425223862193,0,41.45,35.53152341839038,1
41.5,809.9772987629588,242.09862726207507,-51.0947184568619,27.78976181856248,0.0,35.0,0.0,418,435,375,435,35.0,NEUTRAL,program,sonic_drive_smooth.py,function,bc4a84a5f90dcb414fa9a95aff361c8d4412f04ffa11cdb071a0b8ad9fecc202,平滑操舵：Follow the Gap：目標が空き空間内 | target_deg=0.000 | gap_min_deg=-30.0 | gap_max_deg=60.0,,250.0,249.80441844262526,57.12919957319438,69.5933524750781,97.83129761209796,0,41.5,35.90427288812697,1
41.55,808.8949061416997,242.97217275574272,-51.0947184568619,27.837141227508425,0.0,35.0,0.0,418,435,375,435,35.0,NEUTRAL,program,sonic_drive_smooth.py,function,bc4a84a5f90dcb414fa9a95aff361c8d4412f04ffa11cdb071a0b8ad9fecc202,平滑操舵：Follow the Gap：目標が空き空間内 | target_deg=0.000 | gap_min_deg=-30.0 | gap_max_deg=60.0,,247.5138478656433,250.0,61.22993651829499,76.45048397955026,96.1453226193484,0,41.55,36.32395438510002,1
41.6,807.8109209550407,243.84700353009416,-51.0947184568619,27.87384318302171,0.0,35.0,0.0,418,435,375,435,35.0,NEUTRAL,program,sonic_drive_smooth.py,function,bc4a84a5f90dcb414fa9a95aff361c8d4412f04ffa11cdb071a0b8ad9fecc202,平滑操舵：Follow the Gap：目標が空き空間内 | target_deg=0.000 | gap_min_deg=-30.0 | gap_max_deg=60.0,,248.61763758397123,248.89692542622004,61.50189702381781,73.15206898026445,96.86282733467856,0,41.6,36.78913634657232,1
41.65,806.7257021045231,244.72282993346528,-51.0947184568619,27.902273962731005,0.0,35.0,0.0,418,435,375,435,35.0,NEUTRAL,program,sonic_drive_smooth.py,function,bc4a84a5f90dcb414fa9a95aff361c8d4412f04ffa11cdb071a0b8ad9fecc202,平滑操舵：Follow the Gap：目標が空き空間内 | target_deg=0.000 | gap_min_deg=-30.0 | gap_max_deg=60.0,,249.2223612121123,250.0,60.392037677289224,71.19862354953796,91.9983811840629,0,41.65,37.29826281092184,1
41.7,805.639527609411,245.5994275902733,-51.0947184568619,27.924297564023476,0.0,35.0,0.0,418,435,375,435,35.0,NEUTRAL,program,sonic_drive_smooth.py,function,bc4a84a5f90dcb414fa9a95aff361c8d4412f04ffa11cdb071a0b8ad9fecc202,平滑操舵：Follow the Gap：目標が空き空間内 | target_deg=0.000 | gap_min_deg=-30.0 | gap_max_deg=60.0,,250.0,250.0,64.23675229490217,69.22360848099741,94.90150080708304,0,41.7,37.849688367963196,1
41.75,804.5526128343718,246.47662269035808,-51.0947184568619,27.941357912661438,0.0,35.0,0.0,418,435,375,435,35.0,NEUTRAL,program,sonic_drive_smooth.py,function,bc4a84a5f90dcb414fa9a95aff361c8d4412f04ffa11cdb071a0b8ad9fecc202,平滑操舵：Follow the Gap：目標が空き空間内 | target_deg=0.000 | gap_min_deg=-30.0 | gap_max_deg=60.0,,249.31376356742106,246.03558162908763,65.47813060745374,68.48093959946712,89.14247305157264,0,41.75,38.441708351038606,1
41.8,803.4651246093558,247.3542805935266,-51.0947184568619,27.954573530388245,0.0,35.0,0.0,418,435,375,435,35.0,NEUTRAL,program,sonic_drive_smooth.py,function,bc4a84a5f90dcb414fa9a95aff361c8d4412f04ffa11cdb071a0b8ad9fecc202,平滑操舵：Follow the Gap：目標が空き空間内 | target_deg=0.000 | gap_min_deg=-30.0 | gap_max_deg=60.0,,246.5067589435825,249.13473607642794,63.85324851723474,69.87623972935874,92.95231895837183,0,41.8,39.07258475663048,1
41.85,802.3771921674112,248.23229700218437,-51.0947184568619,27.96481086818288,0.0,35.0,0.0,418,435,375,435,35.0,NEUTRAL,program,sonic_drive_smooth.py,function,bc4a84a5f90dcb414fa9a95aff361c8d4412f04ffa11cdb071a0b8ad9fecc202,平滑操舵：Follow the Gap：目標が空き空間内 | target_deg=0.000 | gap_min_deg=-30.0 | gap_max_deg=60.0,,249.297586501611,250.0,65.84387717075178,67.38359110809265,90.9882268998124,0,41.85,39.74056829067041,1
41.9,801.2889156175445,249.1105911233087,-51.0947184568619,27.972741113086148,0.0,35.0,0.0,418,435,375,435,35.0,NEUTRAL,program,sonic_drive_smooth.py,function,bc4a84a5f90dcb414fa9a95aff361c8d4412f04ffa11cdb071a0b8ad9fecc202,平滑操舵：Follow the Gap：目標が空き空間内 | target_deg=0.000 | gap_min_deg=-30.0 | gap_max_deg=60.0,,249.26200377474947,250.0,66.05137672907476,64.39734316735554,89.07609315462203,0,41.9,40.443916893600786,1
41.95,800.2003725081338,249.98910037144327,-51.0947184568619,27.978884193004706,0.0,35.0,0.0,418,435,375,435,35.0,NEUTRAL,program,sonic_drive_smooth.py,function,bc4a84a5f90dcb414fa9a95aff361c8d4412f04ffa11cdb071a0b8ad9fecc202,平滑操舵：Follow the Gap：目標が空き空間内 | target_deg=0.000 | gap_min_deg=-30.0 | gap_max_deg=60.0,,248.60487617670887,250.0,68.09809145850821,66.24934314554292,88.84625773515486,0,41.95,41.18091107254634,1
42.0,799.1116229112058,250.8677762654296,-51.0947184568619,27.983642864564807,0.0,35.0,0.0,418,435,375,435,35.0,NEUTRAL,program,sonic_drive_smooth.py,function,bc4a84a5f90dcb414fa9a95aff361c8d4412f04ffa11cdb071a0b8ad9fecc202,平滑操舵：Follow the Gap：目標が空き空間内 | target_deg=0.000 | gap_min_deg=-30.0 | gap_max_deg=60.0,,250.0,250.0,74.5349029870633,62.951501768629186,89.31470716768598,0,42.0,41.94986635710976,1
42.05,798.0227133609174,251.7465812498536,-51.0947184568619,27.98732911890581,0.0,35.0,0.0,418,435,375,435,35.0,NEUTRAL,program,sonic_drive_smooth.py,function,bc4a84a5f90dcb414fa9a95aff361c8d4412f04ffa11cdb071a0b8ad9fecc202,平滑操舵：Follow the Gap：目標が空き空間内 | target_deg=0.000 | gap_min_deg=-30.0 | gap_max_deg=60.0,,246.50351272386808,249.13377235466507,72.84909375873613,61.645663098405606,87.45641973994671,0,42.05,42.74914318758745,1
42.1,796.9336799044585,252.6254862328129,-51.0947184568619,27.990184636647456,0.0,35.0,0.0,418,435,375,435,35.0,NEUTRAL,program,sonic_drive_smooth.py,function,bc4a84a5f90dcb414fa9a95aff361c8d4412f04ffa11cdb071a0b8ad9fecc202,平滑操舵：Follow the Gap：目標が空き空間内 | target_deg=0.000 | gap_min_deg=-25.0 | gap_max_deg=60.0,,245.34362579335678,245.16607449036667,75.4672000206243,59.254680243036006,83.60384248804718,0,42.1,43.57715453616213,1
42.15,795.8445504654018,253.50446867857468,-51.0947184568619,27.992396633112865,0.0,35.0,0.0,418,435,375,435,35.0,NEUTRAL,program,sonic_drive_smooth.py,function,bc4a84a5f90dcb414fa9a95aff361c8d4412f04ffa11cdb071a0b8ad9fecc202,平滑操舵：Follow the Gap：目標が空き空間内 | target_deg=0.000 | gap_min_deg=-25.0 | gap_max_deg=60.0,,247.43988485281938,246.46698067782182,76.4507963054562,58.404931430988555,80.17123095727807,0,42.15,44.43237155051053,1
42.2,794.755346674446,254.38351113007297,-51.0947184568619,27.994110132662033,0.0,35.0,0.0,418,435,375,435,35.0,NEUTRAL,program,sonic_drive_smooth.py,function,bc4a84a5f90dcb414fa9a95aff361c8d4412f04ffa11cdb071a0b8ad9fecc202,平滑操舵：Follow the Gap：目標が空き空間内 | target_deg=0.000 | gap_min_deg=-25.0 | gap_max_deg=60.0,,249.11736896964612,249.40696847061764,77.17923655907921,59.85132712078108,78.99052525741624,0,42.2,45.31332749448521,1
42.25,793.6660852875818,255.26260006437724,-51.0947184568619,27.995437476873892,0.0,35.0,0.0,418,435,375,435,35.0,NEUTRAL,program,sonic_drive_smooth.py,function,bc4a84a5f90dcb414fa9a95aff361c8d4412f04ffa11cdb071a0b8ad9fecc202,平滑操舵：Follow the Gap：目標が空き空間内 | target_deg=0.000 | gap_min_deg=-25.0 | gap_max_deg=60.0,,248.94199627276987,247.0003227742437,77.8524905565744,58.146021144727655,77.81693008854063,0,42.25,46.21862024230978,1
42.3,792.5767792846596,256.14172500609305,-51.0947184568619,27.996465689958402,0.0,35.0,0.0,418,435,375,435,35.0,NEUTRAL,program,sonic_drive_smooth.py,function,bc4a84a5f90dcb414fa9a95aff361c8d4412f04ffa11cdb071a0b8ad9fecc202,平滑操舵：Follow the Gap：目標が空き空間内 | target_deg=0.000 | gap_min_deg=-25.0 | gap_max_deg=60.0,,249.6896179756187,248.19939513888022,80.12072863767715,58.055666348332956,80.43930769076164,0,42.3,47.14691356181711,1
42.35,791.487438720382,257.02087784056744,-51.0947184568619,27.99726218429477,0.0,35.0,0.0,418,435,375,435,35.0,NEUTRAL,program,sonic_drive_smooth.py,function,bc4a84a5f90dcb414fa9a95aff361c8d4412f04ffa11cdb071a0b8ad9fecc202,平滑操舵：Follow the Gap：目標が空き空間内 | target_deg=0.000 | gap_min_deg=-25.0 | gap_max_deg=60.0,,250.0,249.4120163413268,80.7647510239964,59.72387776469674,78.87486354343768,0,42.35,48.096937399642734,1
42.4,790.398071383518,257.90005228187084,-51.0947184568619,27.997879180165974,0.0,35.0,0.0,418,435,375,435,35.0,NEUTRAL,program,sonic_drive_smooth.py,function,bc4a84a5f90dcb414fa9a95aff361c8d4412f04ffa11cdb071a0b8ad9fecc202,平滑操舵：Follow the Gap：目標が空き空間内 | target_deg=0.000 | gap_min_deg=-25.0 | gap_max_deg=60.0,,250.0,248.96142074279285,83.68476801149001,56.323430537394636,78.35170150496262,0,42.4,49.06748735794517,1
42.45,789.3086833075545,258.77924346067454,-51.0947184568619,27.99835712945915,0.0,35.0,0.0,418,435,375,435,35.0,NEUTRAL,program,sonic_drive_smooth.py,function,bc4a84a5f90dcb414fa9a95aff361c8d4412f04ffa11cdb071a0b8ad9fecc202,平滑操舵：Follow the Gap：目標が空き空間内 | target_deg=0.000 | gap_min_deg=-25.0 | gap_max_deg=60.0,,250.0,248.07538119834658,84.26627556044181,58.29447887984469,75.17572424798792,0,42.45,50.05742352903604,1
42.5,788.2192791662679,259.65844760500505,-51.0947184568619,27.998727367798676,0.0,35.0,0.0,418,435,375,435,35.0,NEUTRAL,program,sonic_drive_smooth.py,function,bc4a84a5f90dcb414fa9a95aff361c8d4412f04ffa11cdb071a0b8ad9fecc202,平滑操舵：Follow the Gap：目標が空き空間内 | target_deg=0.000 | gap_min_deg=-25.0 | gap_max_deg=60.0,,246.68064513188662,248.42944165275355,79.28474082266233,56.857618849278026,73.93118032349601,0,42.5,51.065668831975614,1
42.55,787.1298625801498,260.537661792943,-51.0947184568619,27.999014168992883,0.0,35.0,0.0,418,435,375,435,35.0,NEUTRAL,program,sonic_drive_smooth.py,function,bc4a84a5f90dcb414fa9a95aff361c8d4412f04ffa11cdb071a0b8ad9fecc202,平滑操舵：Follow the Gap：目標が空き空間内 | target_deg=0.000 | gap_min_deg=-25.0 | gap_max_deg=60.0,,247.63393951264513,250.0,86.21071567075226,53.45075803609338,74.62694067739758,0,42.55,51.93799850165635,1
42.6,786.0404363537751,261.41688376105475,-51.0947184568619,27.99923633648938,0.0,35.0,0.0,418,435,375,435,35.0,NEUTRAL,program,sonic_drive_smooth.py,function,bc4a84a5f90dcb414fa9a95aff361c8d4412f04ffa11cdb071a0b8ad9fecc202,平滑操舵：Follow the Gap：目標が空き空間内 | target_deg=0.000 | gap_min_deg=-25.0 | gap_max_deg=60.0,,245.38041769734406,250.0,85.46082060858714,53.163973555346736,70.86551927981921,0,42.6,51.05877653354463,1
42.65,784.9510026596784,262.2961117559954,-51.0947184568619,27.999408436178975,0.0,35.0,0.0,418,435,375,435,35.0,NEUTRAL,program,sonic_drive_smooth.py,function,bc4a84a5f90dcb414fa9a95aff361c8d4412f04ffa11cdb071a0b8ad9fecc202,平滑操舵：Follow the Gap：目標が空き空間内 | target_deg=0.000 | gap_min_deg=-25.0 | gap_max_deg=60.0,,250.0,250.0,87.60512604576175,51.92554494226302,70.9229200514709,0,42.65,50.17954853860397,1
42.7,783.8615631807896,263.1753444195551,-51.0947184568619,27.999541751374164,0.0,35.0,0.0,418,435,375,435,35.0,NEUTRAL,program,sonic_drive_smooth.py,function,bc4a84a5f90dcb414fa9a95aff361c8d4412f04ffa11cdb071a0b8ad9fecc202,平滑操舵：Follow the Gap：目標が空き空間内 | target_deg=0.000 | gap_min_deg=-25.0 | gap_max_deg=60.0,,250.0,250.0,88.89624716340423,51.4947124439462,68.67756221744177,0,42.7,49.300315875044305,1
42.75,782.7721192207736,264.05458069961077,-51.0947184568619,27.999645022573024,0.0,35.0,0.0,418,435,375,435,35.0,NEUTRAL,program,sonic_drive_smooth.py,function,bc4a84a5f90dcb414fa9a95aff361c8d4412f04ffa11cdb071a0b8ad9fecc202,平滑操舵：Follow the Gap：目標が空き空間内 | target_deg=0.000 | gap_min_deg=-25.0 | gap_max_deg=60.0,,248.6117018994893,250.0,85.14416187087096,50.85925309562665,70.77053251544892,0,42.75,48.42107959498861,1
42.8,781.6826717894998,264.9338197811466,-51.0947184568619,27.99972502050948,0.0,35.0,0.0,418,435,375,435,35.0,NEUTRAL,program,sonic_drive_smooth.py,function,bc4a84a5f90dcb414fa9a95aff361c8d4412f04ffa11cdb071a0b8ad9fecc202,平滑操舵：Follow the Gap：目標が空き空間内 | target_deg=0.000 | gap_min_deg=-25.0 | gap_max_deg=60.0,,249.91802068975707,248.06569072333045,90.86442020755389,51.498737173412884,65.91638470463533,0,42.8,47.54184051345277,1
42.85,780.5932216692531,265.81306103281935,-51.0947184568619,27.999786990060603,0.0,35.0,0.0,418,435,375,435,35.0,NEUTRAL,program,sonic_drive_smooth.py,function,bc4a84a5f90dcb414fa9a95aff361c8d4412f04ffa11cdb071a0b8ad9fecc202,平滑操舵：Follow the Gap：目標が空き空間内 | target_deg=0.000 | gap_min_deg=-25.0 | gap_max_deg=60.0,,247.62693939248362,250.0,89.72776396876044,50.23110330555437,66.88217527035563,0,42.85,46.66259926178003,1
42.9,779.508031415568,266.68696288466856,-51.24111829998577,27.778981577054328,2.24,33.775,7.0,417,442,375,435,33.775,NEUTRAL,program,sonic_drive_smooth.py,function,bc4a84a5f90dcb414fa9a95aff361c8d4412f04ffa11cdb071a0b8ad9fecc202,平滑操舵：Follow the Gap：目標が空き空間内 | target_deg=5.585 | gap_min_deg=-25.0 | gap_max_deg=60.0,,250.0,250.0,90.43733531674319,48.30256167300356,69.75153598962494,0,42.9,45.80054163540831,1
42.95,778.4319081182654,267.54626243425304,-51.56770411951564,27.38708359389369,4.48,32.55,14.0,415,449,375,435,32.55,NEUTRAL,program,sonic_drive_smooth.py,function,bc4a84a5f90dcb414fa9a95aff361c8d4412f04ffa11cdb071a0b8ad9fecc202,平滑操舵：Follow the Gap：目標が空き空間内 | target_deg=11.083 | gap_min_deg=-25.0 | gap_max_deg=60.0,,250.0,248.96057306723523,93.32546292885388,47.17694489760875,62.34858174994375,0,42.95,44.968053498633424,1
43.0,777.4425281116737,268.3251526381781,-52.032163700015346,23.73915224292147,6.72,14.0,21.0,392,457,375,435,14.0,NEUTRAL,program,sonic_drive_smooth.py,function,bc4a84a5f90dcb414fa9a95aff361c8d4412f04ffa11cdb071a0b8ad9fecc202,平滑操舵：安全制御優先：仕切り端：検出側から離れて通過 | target_deg=16.413,,247.17884497766096,250.0,90.20683693891031,44.65005709477568,62.76328735442795,0,43.0,44.22821871354938,1
43.05,776.570916914785,268.998833521003,-52.586283143996454,20.91332099813675,8.96,14.0,28.0,392,464,375,435,14.0,NEUTRAL,program,sonic_drive_smooth.py,function,bc4a84a5f90dcb414fa9a95aff361c8d4412f04ffa11cdb071a0b8ad9fecc202,平滑操舵：安全制御優先：仕切り端：検出側から離れて通過 | target_deg=21.513,,250.0,249.3397242831956,88.29098349332438,44.673148869695346,63.92183558172108,0,43.05,43.602550464875264,1
43.1,775.7965560976478,269.58474897432666,-53.20638664547327,18.442631520689858,11.2,12.437563485942736,35.0,390,471,375,435,12.437563485942736,NEUTRAL,program,sonic_drive_smooth.py,function,bc4a84a5f90dcb414fa9a95aff361c8d4412f04ffa11cdb071a0b8ad9fecc202,平滑操舵：安全制御優先：仕切り端：検出側から離れて通過 | target_deg=26.336,,249.02712447356973,250.0,91.58769762995767,39.63902996876163,62.59985930224954,0,43.1,43.07218890208719,1
43.15,775.0989847816744,270.1002674745351,-53.87983199694958,16.630150462902478,13.44,13.000063485942736,42.0,391,479,375,435,13.000063485942736,NEUTRAL,program,sonic_drive_smooth.py,function,bc4a84a5f90dcb414fa9a95aff361c8d4412f04ffa11cdb071a0b8ad9fecc202,平滑操舵：安全制御優先：仕切り端：検出側から離れて通過 | target_deg=30.855,,248.83305357953327,250.0,91.01415761751082,41.480412093821094,58.50829087025333,0,43.15,42.61917790272054,1
43.2,774.4562040944469,270.56325365054533,-54.60602605298246,15.327543560876965,15.68,13.562563485942736,49.0,391,486,375,435,13.562563485942736,NEUTRAL,program,sonic_drive_smooth.py,function,bc4a84a5f90dcb414fa9a95aff361c8d4412f04ffa11cdb071a0b8ad9fecc202,平滑操舵：安全制御優先：仕切り端：検出側から離れて通過 | target_deg=35.060,,250.0,248.74976371736992,90.10495486349998,42.14067597406638,56.14181018904212,0,43.2,42.226123042254756,1
43.25,773.8515138375404,270.98681827209174,-55.388627993925994,14.397357745075864,17.92,14.0,56.0,392,493,375,435,14.0,NEUTRAL,program,sonic_drive_smooth.py,function,bc4a84a5f90dcb414fa9a95aff361c8d4412f04ffa11cdb071a0b8ad9fecc202,平滑操舵：安全制御優先：仕切り端：検出側から離れて通過 | target_deg=38.954,,249.17110971656774,248.10209068782794,94.3027768915995,45.298469767755236,55.55958786334144,0,43.25,41.88084572746925,1
43.3,773.2800873568656,271.37518096757407,-56.222324867613224,13.438616702377674,20.16,12.678881442118984,63.0,390,501,375,435,12.678881442118984,NEUTRAL,program,sonic_drive_smooth.py,function,bc4a84a5f90dcb414fa9a95aff361c8d4412f04ffa11cdb071a0b8ad9fecc202,平滑操舵：安全制御優先：仕切り端：検出側から離れて通過 | target_deg=42.547,,250.0,249.29304011215183,92.6360142434396,40.17529209359774,52.74039888975833,0,43.3,41.57920239627333,1
43.35,772.7382371196367,271.7317073285418,-57.102918184298176,12.66706435063782,22.4,12.518728168324563,70.0,390,508,375,435,12.518728168324563,NEUTRAL,program,sonic_drive_smooth.py,function,bc4a84a5f90dcb414fa9a95aff361c8d4412f04ffa11cdb071a0b8ad9fecc202,平滑操舵：安全制御優先：仕切り端：検出側から離れて通過 | target_deg=45.859,,249.1925770339563,250.0,93.47831501963361,39.81939592961014,54.75871680956879,0,43.35,41.31797378673281,1
43.4,772.2165292585006,272.06365701724786,-57.96192387912325,12.170801806040659,22.4,13.081228168324563,70.0,391,508,375,435,13.081228168324563,NEUTRAL,program,sonic_drive_smooth.py,function,bc4a84a5f90dcb414fa9a95aff361c8d4412f04ffa11cdb071a0b8ad9fecc202,平滑操舵：安全制御優先：仕切り端：検出側から離れて通過 | target_deg=45.859,,249.57467319934895,249.69337057210322,86.37935856724688,41.07649829524262,52.98515918004258,0,43.4,41.08262740230839,1
43.45,771.7056204253581,272.37823253349274,-58.79540667928069,11.88778958431135,22.4,13.643728168324563,70.0,392,508,375,435,13.643728168324563,NEUTRAL,program,sonic_drive_smooth.py,function,bc4a84a5f90dcb414fa9a95aff361c8d4412f04ffa11cdb071a0b8ad9fecc202,平滑操舵：安全制御優先：仕切り端：検出側から離れて通過 | target_deg=45.859,,248.63618127996548,250.0,89.86888787899143,45.52450186538111,53.58376857193578,0,43.45,40.86520205270227,1
43.5,771.2026659575774,272.6780285504002,-59.608799221883544,11.594458969899314,22.4,13.232730219807484,70.0,391,508,375,435,13.232730219807484,NEUTRAL,program,sonic_drive_smooth.py,function,bc4a84a5f90dcb414fa9a95aff361c8d4412f04ffa11cdb071a0b8ad9fecc202,平滑操舵：安全制御優先：仕切り端：検出側から離れて通過 | target_deg=45.859,,250.0,250.0,92.49648535574802,41.406067155127744,51.01932995450747,0,43.5,40.66343955400686,1
43.55,770.7038612702935,272.9659111728383,-60.40884545142464,11.468645810791829,22.4,13.795230219807484,70.0,392,508,375,435,13.795230219807484,NEUTRAL,program,sonic_drive_smooth.py,function,bc4a84a5f90dcb414fa9a95aff361c8d4412f04ffa11cdb071a0b8ad9fecc202,平滑操舵：安全制御優先：仕切り端：検出側から離れて通過 | target_deg=45.859,,249.69430079218398,250.0,90.31289511315255,47.35385138099751,52.24061849635779,0,43.55,40.47507031156226,1
43.6,770.2074583888783,273.243297962718,-61.198789533705565,11.310332578413503,22.4,13.45769674002677,70.0,391,508,375,435,13.45769674002677,NEUTRAL,program,sonic_drive_smooth.py,function,bc4a84a5f90dcb414fa9a95aff361c8d4412f04ffa11cdb071a0b8ad9fecc202,平滑操舵：安全制御優先：仕切り端：検出側から離れて通過 | target_deg=45.859,,250.0,248.7525701479158,88.49828021564718,41.905992755615046,52.1378782063658,0,43.6,40.128483512478766,1
43.65,769.7107087092581,273.5119896589768,-61.983336030153,11.285467959070951,22.4,14.0,70.0,392,508,375,435,14.0,NEUTRAL,program,sonic_drive_smooth.py,function,bc4a84a5f90dcb414fa9a95aff361c8d4412f04ffa11cdb071a0b8ad9fecc202,平滑操舵：安全制御優先：仕切り端：検出側から離れて通過 | target_deg=45.859,,248.41284343380596,250.0,87.4762615219425,44.04037820396655,51.955191730489155,0,43.65,39.79474922602168,1
43.7,769.2112814962533,273.7733629517248,-62.766390567862146,11.266206845999527,22.4,14.0,70.0,392,508,375,435,14.0,NEUTRAL,program,sonic_drive_smooth.py,function,bc4a84a5f90dcb414fa9a95aff361c8d4412f04ffa11cdb071a0b8ad9fecc202,平滑操舵：安全制御優先：仕切り端：検出側から離れて通過 | target_deg=45.859,,246.65463185853608,247.91411164024697,87.23068759825253,43.12914502126438,51.26838721322187,0,43.7,39.48053256208525,1
43.75,768.7090737512685,274.02751584860545,-63.54828937559367,11.251286429497707,22.4,14.0,70.0,392,508,375,435,14.0,NEUTRAL,program,sonic_drive_smooth.py,function,bc4a84a5f90dcb414fa9a95aff361c8d4412f04ffa11cdb071a0b8ad9fecc202,平滑操舵：安全制御優先：仕切り端：検出側から離れて通過 | target_deg=45.859,,250.0,250.0,86.41772997127431,186.06573733119055,49.10056496443429,0,43.75,39.18608785040626,1
43.8,768.1992423337535,274.2771269555545,-64.26792956991285,11.420016991176155,20.16,15.0,63.0,393,501,375,435,15.0,NEUTRAL,program,sonic_drive_smooth.py,function,bc4a84a5f90dcb414fa9a95aff361c8d4412f04ffa11cdb071a0b8ad9fecc202,平滑操舵：安全制御優先：右壁追従 | target_deg=42.547,,249.50875287482484,247.46149289756934,89.63154261703676,186.19295784928482,48.02426107980341,0,43.8,38.9026150076787,1
43.85,767.6749624960939,274.526090903134,-64.91756013335831,11.731010830955702,17.92,16.0,56.0,395,493,375,435,16.0,NEUTRAL,program,sonic_drive_smooth.py,function,bc4a84a5f90dcb414fa9a95aff361c8d4412f04ffa11cdb071a0b8ad9fecc202,平滑操舵：安全制御優先：右壁追従 | target_deg=38.954,,250.0,239.97293423160062,84.28457112243163,192.58334752246728,48.738087567106035,0,43.85,38.623352103583066,1
43.9,767.1308930842317,274.7773095638772,-65.50167117137966,12.152207406906925,15.68,17.0,49.0,396,486,375,435,17.0,NEUTRAL,program,sonic_drive_smooth.py,function,bc4a84a5f90dcb414fa9a95aff361c8d4412f04ffa11cdb071a0b8ad9fecc202,平滑操舵：安全制御優先：右壁追従 | target_deg=35.060,,247.95615239204628,235.6718475647366,83.29941463354102,191.8303528819199,44.793667740921435,0,43.9,38.3442809775437,1
43.95,766.5626123251559,275.0323935301479,-66.16259227009779,12.658771361016646,17.92,18.0,56.0,397,493,375,435,18.0,NEUTRAL,program,sonic_drive_smooth.py,function,bc4a84a5f90dcb414fa9a95aff361c8d4412f04ffa11cdb071a0b8ad9fecc202,平滑操舵：安全制御優先：左回避 | target_deg=38.954,,122.65105265726251,228.30102761758172,86.5747681816017,196.42414949922795,46.75055699498274,0,43.95,38.07904260232248,1
44.0,765.9660925926994,275.29116325037626,-66.94793107092468,13.231464247191207,20.16,19.0,63.0,398,501,375,435,19.0,NEUTRAL,program,sonic_drive_smooth.py,function,bc4a84a5f90dcb414fa9a95aff361c8d4412f04ffa11cdb071a0b8ad9fecc202,平滑操舵：安全制御優先：左回避 | target_deg=42.547,,121.47220094491647,219.52976058179934,83.63219370387884,191.94860455887468,43.33807357164302,0,44.0,37.83645050290512,1
44.05,765.3379178699663,275.5526052812487,-67.8724064825732,13.855383207662166,22.4,20.0,70.0,400,508,375,435,20.0,NEUTRAL,program,sonic_drive_smooth.py,function,bc4a84a5f90dcb414fa9a95aff361c8d4412f04ffa11cdb071a0b8ad9fecc202,平滑操舵：安全制御優先：左回避 | target_deg=45.859,,122.21267771706361,217.0468120630741,88.18425575167592,190.78390390153888,47.16342665007275,0,44.05,37.624248714336446,1
44.1,764.6751522521694,275.8149502287396,-68.95190822420273,14.518983902071417,24.64,21.0,77.0,401,515,375,435,21.0,NEUTRAL,program,sonic_drive_smooth.py,function,bc4a84a5f90dcb414fa9a95aff361c8d4412f04ffa11cdb071a0b8ad9fecc202,平滑操舵：安全制御優先：左回避 | target_deg=48.909,,131.94050659355005,204.17239052248382,88.08266820985963,195.552628886152,45.78740793924373,0,44.1,37.45255570916856,1
44.15,763.9839393672305,276.072534353253,-70.18787322726715,14.906833173544253,26.88,20.300000000000004,84.0,400,523,375,435,20.300000000000004,NEUTRAL,program,sonic_drive_smooth.py,function,bc4a84a5f90dcb414fa9a95aff361c8d4412f04ffa11cdb071a0b8ad9fecc202,平滑操舵：安全制御優先：左回避 | target_deg=51.722,,133.71865436278145,197.58865039829126,84.68176078143637,198.91889528176134,43.63545221999487,0,44.15,37.335162868292734,1
44.2,763.2775101997737,276.31759427451067,-71.56594902406387,14.986423071927016,29.12,19.074999999999996,91.0,398,530,375,435,19.074999999999996,NEUTRAL,program,sonic_drive_smooth.py,function,bc4a84a5f90dcb414fa9a95aff361c8d4412f04ffa11cdb071a0b8ad9fecc202,平滑操舵：安全制御優先：左回避 | target_deg=54.319,,141.95186106162816,188.09915358693888,83.71280287799439,198.39871638244486,44.31913079232684,0,44.2,37.28539873664113,1
44.25,762.5682286979294,276.54384344626385,-73.06823135506538,14.827223123635848,31.36,17.85,98.0,397,537,375,435,17.85,NEUTRAL,program,sonic_drive_smooth.py,function,bc4a84a5f90dcb414fa9a95aff361c8d4412f04ffa11cdb071a0b8ad9fecc202,平滑操舵：安全制御優先：左回避 | target_deg=56.722,,152.8563912750154,179.2576391012481,81.04158772283404,200.64273473578777,43.0434720791021,0,44.25,37.31247262744468,1
44.3,761.8615779098105,276.7485699804417,-74.61769750963684,14.640799599629418,32.0,17.5,100.0,396,540,375,435,17.5,NEUTRAL,program,sonic_drive_smooth.py,function,bc4a84a5f90dcb414fa9a95aff361c8d4412f04ffa11cdb071a0b8ad9fecc202,平滑操舵：安全制御優先：左回避 | target_deg=57.375,,171.18639135415216,166.90786878983496,79.86340957234782,200.55226009019762,39.717636521827544,0,44.3,37.40818061642767,1
44.35,761.157468297639,276.93218741645234,-76.15020513100954,14.496388598375281,32.0,17.5,100.0,396,540,375,435,17.5,NEUTRAL,program,sonic_drive_smooth.py,function,bc4a84a5f90dcb414fa9a95aff361c8d4412f04ffa11cdb071a0b8ad9fecc202,平滑操舵：安全制御優先：左回避 | target_deg=57.375,,181.58748233870588,159.76820878568924,78.94777780522875,205.23604734307196,40.88981248357057,0,44.35,37.55932835513415,1
44.4,760.4547938355526,277.0955770247628,-77.66957600490318,14.384522151292657,32.0,17.5,100.0,396,540,375,435,17.5,NEUTRAL,program,sonic_drive_smooth.py,function,bc4a84a5f90dcb414fa9a95aff361c8d4412f04ffa11cdb071a0b8ad9fecc202,平滑操舵：安全制御優先：左回避 | target_deg=57.375,,207.4318834437802,156.6998548370215,80.14459029965892,210.34342187631202,38.37588201542576,0,44.4,37.763906817296984,1
44.45,759.7527803010014,277.2393710726917,-79.17877063700121,14.297865997161662,32.0,17.5,100.0,396,540,375,435,17.5,NEUTRAL,program,sonic_drive_smooth.py,function,bc4a84a5f90dcb414fa9a95aff361c8d4412f04ffa11cdb071a0b8ad9fecc202,平滑操舵：安全制御優先：左回避 | target_deg=57.375,,230.68745212063848,143.17218788850985,80.17550900786323,213.0836147474904,41.026848584144304,0,44.45,38.02010181332784,1
44.5,759.0509168068933,277.3640201297118,-80.68008235156219,14.23073872848897,32.0,17.5,100.0,396,540,375,435,17.5,NEUTRAL,program,sonic_drive_smooth.py,function,bc4a84a5f90dcb414fa9a95aff361c8d4412f04ffa11cdb071a0b8ad9fecc202,平滑操舵：安全制御優先：左回避 | target_deg=57.375,,250.0,141.65142991143182,78.55265268799893,219.65738526863663,44.20074090567018,0,44.5,38.326193578471184,1
44.55,758.3489009945785,277.4698430960417,-82.17528764784579,14.178739303351268,32.0,17.5,100.0,396,540,375,435,17.5,NEUTRAL,program,sonic_drive_smooth.py,function,bc4a84a5f90dcb414fa9a95aff361c8d4412f04ffa11cdb071a0b8ad9fecc202,平滑操舵：安全制御優先：左回避 | target_deg=57.375,,249.92521161598333,136.9110432189416,82.30062467404512,216.77401932982823,43.285597166929314,0,44.55,38.6767021061881,1
44.6,757.6412465153123,277.5581910311017,-83.5750920251499,14.318747005126939,29.76,18.5,93.0,398,532,375,435,18.5,NEUTRAL,program,sonic_drive_smooth.py,function,bc4a84a5f90dcb414fa9a95aff361c8d4412f04ffa11cdb071a0b8ad9fecc202,平滑操舵：安全制御優先：右壁追従 | target_deg=55.024,,250.0,128.99184911400087,76.0778643737332,223.7041707670879,43.714362429443355,0,44.6,38.98118042234722,1
44.65,756.9202730039814,277.63101926509836,-84.87226840085457,14.607490986796845,27.52,19.5,86.0,399,525,375,435,19.5,NEUTRAL,program,sonic_drive_smooth.py,function,bc4a84a5f90dcb414fa9a95aff361c8d4412f04ffa11cdb071a0b8ad9fecc202,平滑操舵：安全制御優先：右壁追従 | target_deg=52.485,,250.0,125.56081992728461,78.7678363421329,229.24114264468056,44.04910334249531,0,44.65,39.21963987323934,1
44.7,756.1800179643111,277.6894935824723,-86.07848598348855,15.011451946671716,25.28,20.5,79.0,400,517,375,435,20.5,NEUTRAL,program,sonic_drive_smooth.py,function,bc4a84a5f90dcb414fa9a95aff361c8d4412f04ffa11cdb071a0b8ad9fecc202,平滑操舵：安全制御優先：右壁追従 | target_deg=49.736,,247.37946835589224,120.46886614153702,78.87808552280298,235.8255992229928,41.497861935251834,0,44.7,39.402159190002706,1
44.75,755.4158723425709,277.7342609717626,-87.19978227891683,15.504664513996518,23.04,21.5,72.0,401,510,375,435,21.5,NEUTRAL,program,sonic_drive_smooth.py,function,bc4a84a5f90dcb414fa9a95aff361c8d4412f04ffa11cdb071a0b8ad9fecc202,平滑操舵：安全制御優先：右壁追従 | target_deg=46.756,,250.0,121.86023080278736,79.00955158368181,239.90262404409458,35.85821202252682,0,44.75,39.53645366956592,1
44.8,754.6242898936229,277.7656806556791,-88.23812713983067,16.067014890318756,20.8,22.5,65.0,403,503,375,435,22.5,NEUTRAL,program,sonic_drive_smooth.py,function,bc4a84a5f90dcb414fa9a95aff361c8d4412f04ffa11cdb071a0b8ad9fecc202,平滑操舵：安全制御優先：右壁追従 | target_deg=43.521,,250.0,114.82541158416028,77.12985410641883,240.55799169232944,36.59768365555758,0,44.8,39.62893964576219,1
44.85,753.8025519044438,277.7839922637926,-89.19253649896126,16.68292213546991,18.56,23.5,58.0,404,495,375,435,23.5,NEUTRAL,program,sonic_drive_smooth.py,function,bc4a84a5f90dcb414fa9a95aff361c8d4412f04ffa11cdb071a0b8ad9fecc202,平滑操舵：安全制御優先：右壁追従 | target_deg=40.010,,250.0,112.24322148842198,75.95726757926856,248.0191417429558,250.0,0,44.85,39.685420181371626,1
44.9,752.9485777166748,277.7894414578814,-90.05986299732528,17.34031663976843,16.32,24.5,51.0,405,488,375,435,24.5,NEUTRAL,program,sonic_drive_smooth.py,function,bc4a84a5f90dcb414fa9a95aff361c8d4412f04ffa11cdb071a0b8ad9fecc202,平滑操舵：安全制御優先：右壁追従 | target_deg=36.204,,249.58107964583834,112.0534690094612,76.46367680541059,250.0,179.84764124018068,0,44.9,39.711521124957464,1
44.95,752.060772641718,277.7823763517097,-90.83535415400841,18.029848808370275,14.08,25.5,44.0,406,481,375,435,25.5,NEUTRAL,program,sonic_drive_smooth.py,function,bc4a84a5f90dcb414fa9a95aff361c8d4412f04ffa11cdb071a0b8ad9fecc202,平滑操舵：安全制御優先：右壁追従 | target_deg=32.089,,250.0,109.96349737116323,75.61913164420066,250.0,180.72236831911698,0,44.95,39.71295988699073,1
45.0,751.1379063168312,277.7633237485989,-91.51304280384393,18.74427607701245,11.84,26.5,37.0,408,473,375,435,26.5,NEUTRAL,program,sonic_drive_smooth.py,function,bc4a84a5f90dcb414fa9a95aff361c8d4412f04ffa11cdb071a0b8ad9fecc202,平滑操舵：安全制御優先：右壁追従 | target_deg=27.659,,250.0,106.21685559179386,74.15898737461147,250.0,183.61204797448846,0,45.0,39.695700259241285,1
45.05,750.1790159770752,277.73305148411004,-92.08601608006933,19.477988070274584,9.6,27.5,30.0,409,466,375,435,27.5,NEUTRAL,program,sonic_drive_smooth.py,function,bc4a84a5f90dcb414fa9a95aff361c8d4412f04ffa11cdb071a0b8ad9fecc202,平滑操舵：Follow the Gap：目標が空き空間内 | target_deg=22.921 | gap_min_deg=-60.0 | gap_max_deg=60.0,,250.0,106.42897141792999,77.70089516402409,248.2220075627864,179.22439495323,0,45.05,39.666028134619424,1
45.1,749.1833303945183,277.69262138463296,-92.54659603706541,20.226638770473635,7.36,28.5,23.0,410,459,375,435,28.5,NEUTRAL,program,sonic_drive_smooth.py,function,bc4a84a5f90dcb414fa9a95aff361c8d4412f04ffa11cdb071a0b8ad9fecc202,平滑操舵：Follow the Gap：目標が空き空間内 | target_deg=17.896 | gap_min_deg=-60.0 | gap_max_deg=60.0,,248.01968652064141,107.37517629358588,75.1052474227669,250.0,185.17296902116098,0,45.1,39.63057091649745,1
45.15,748.1502113362798,277.6434361680094,-92.88645555419704,20.986861581208085,5.12,29.5,16.0,411,451,375,435,29.5,NEUTRAL,program,sonic_drive_smooth.py,function,bc4a84a5f90dcb414fa9a95aff361c8d4412f04ffa11cdb071a0b8ad9fecc202,平滑操舵：Follow the Gap：目標が空き空間内 | target_deg=12.626 | gap_min_deg=-60.0 | gap_max_deg=60.0,,250.0,103.41377342989252,77.80294610299526,246.72992352710156,179.36409153242084,0,45.15,39.59627527853905,1
45.2,747.0791103307614,277.58728279823123,-93.09668635406109,21.75604860436127,2.88,30.5,9.0,413,444,375,435,30.5,NEUTRAL,program,sonic_drive_smooth.py,function,bc4a84a5f90dcb414fa9a95aff361c8d4412f04ffa11cdb071a0b8ad9fecc202,平滑操舵：Follow the Gap：目標が空き空間内 | target_deg=7.168 | gap_min_deg=-60.0 | gap_max_deg=60.0,,246.65094322601558,102.98861236144236,74.74962912317314,250.0,181.92628950725052,0,45.2,39.5703522624085,1
45.25,745.9695393357721,277.52637422562066,-93.16783104318706,22.532179659378144,0.64,31.5,2.0,414,437,375,435,31.5,NEUTRAL,program,sonic_drive_smooth.py,function,bc4a84a5f90dcb414fa9a95aff361c8d4412f04ffa11cdb071a0b8ad9fecc202,平滑操舵：Follow the Gap：目標が空き空間内 | target_deg=1.600 | gap_min_deg=-60.0 | gap_max_deg=60.0,,250.0,100.94140742550226,73.08424904126069,249.86165873589204,179.49554344084228,0,45.25,39.560194558179795,1
45.3,744.8210546058618,277.46339100786514,-93.08988749797199,23.31368983486558,-1.6,32.5,-5.0,415,429,375,435,32.5,NEUTRAL,program,sonic_drive_smooth.py,function,bc4a84a5f90dcb414fa9a95aff361c8d4412f04ffa11cdb071a0b8ad9fecc202,平滑操舵：Follow the Gap：目標が空き空間内 | target_deg=-3.995 | gap_min_deg=-60.0 | gap_max_deg=60.0,,248.689574164043,106.41377427865137,76.03253215387839,250.0,181.0344462168362,0,45.3,39.573267608247335,1
45.35,743.6333064319775,277.400506602341,-92.97141445326395,24.09936688884735,-1.6928161699437132,33.5,-5.290050531074104,416,429,375,435,33.5,NEUTRAL,program,sonic_drive_smooth.py,function,bc4a84a5f90dcb414fa9a95aff361c8d4412f04ffa11cdb071a0b8ad9fecc202,平滑操舵：Follow the Gap：目標が空き空間内 | target_deg=-4.226 | gap_min_deg=-60.0 | gap_max_deg=60.0,,250.0,102.0656034869183,75.53971898976903,250.0,181.8035290888382,0,45.35,39.59506417789584,1
45.4,742.4083687375336,277.33822073562874,-92.850345101146,24.813014189197318,-1.677583766891609,34.08257137748115,-5.242449271536278,417,429,375,435,34.08257137748115,NEUTRAL,program,sonic_drive_smooth.py,function,bc4a84a5f90dcb414fa9a95aff361c8d4412f04ffa11cdb071a0b8ad9fecc202,平滑操舵：Follow the Gap：目標が空き空間内 | target_deg=-4.188 | gap_min_deg=-60.0 | gap_max_deg=60.0,,248.80045392268525,102.03844979490496,76.60269134291654,249.05182009075986,180.35518426180582,0,45.4,39.61966080468515,1
45.45,741.15243170859,277.2770304012871,-92.72824318673783,25.36852144185498,-1.6503212307090809,34.097480576955974,-5.157253845965878,417,429,375,435,34.097480576955974,NEUTRAL,program,sonic_drive_smooth.py,function,bc4a84a5f90dcb414fa9a95aff361c8d4412f04ffa11cdb071a0b8ad9fecc202,平滑操舵：Follow the Gap：目標が空き空間内 | target_deg=-4.120 | gap_min_deg=-60.0 | gap_max_deg=60.0,,248.5946749562823,104.44857402326333,79.67952037943068,249.5446702841236,180.86212514806047,0,45.45,39.646878252227005,1
45.5,739.8724246462621,277.21743527340635,-92.60311065588658,25.797920021404884,-1.659644282623874,34.09238203294007,-5.186388383199606,417,429,375,435,34.09238203294007,NEUTRAL,program,sonic_drive_smooth.py,function,bc4a84a5f90dcb414fa9a95aff361c8d4412f04ffa11cdb071a0b8ad9fecc202,平滑操舵：Follow the Gap：目標が空き空間内 | target_deg=-4.143 | gap_min_deg=-60.0 | gap_max_deg=60.0,,249.03958218149265,103.49996126565225,77.0234522789955,250.0,181.42233247704172,0,45.5,39.680409043442566,1
45.55,738.5738081449175,277.1598503926756,-92.4749252846302,26.128943349188216,-1.6759302303958987,34.08347565525224,-5.237281969987183,417,429,375,435,34.08347565525224,NEUTRAL,program,sonic_drive_smooth.py,function,bc4a84a5f90dcb414fa9a95aff361c8d4412f04ffa11cdb071a0b8ad9fecc202,平滑操舵：Follow the Gap：目標が空き空間内 | target_deg=-4.184 | gap_min_deg=-60.0 | gap_max_deg=60.0,,248.86447349892626,101.10162141114778,77.99504847435914,250.0,183.91301897111342,0,45.55,39.7451239032923,1
45.6,737.2607634573762,277.10458009490526,-92.34575824965765,26.38591493759899,-1.6703733088899506,34.08651459670081,-5.219916590281096,417,429,375,435,34.08651459670081,NEUTRAL,program,sonic_drive_smooth.py,function,bc4a84a5f90dcb414fa9a95aff361c8d4412f04ffa11cdb071a0b8ad9fecc202,平滑操舵：Follow the Gap：目標が空き空間内 | target_deg=-4.170 | gap_min_deg=-60.0 | gap_max_deg=60.0,,250.0,104.0235783091888,75.81902797506689,250.0,179.8173491717723,0,45.6,39.84668106027398,1
45.65,735.9365547027917,277.05185764629397,-92.21421636389572,26.583346695577283,-1.6868908494858545,34.077481566687425,-5.271533904643295,417,429,375,435,34.077481566687425,NEUTRAL,program,sonic_drive_smooth.py,function,bc4a84a5f90dcb414fa9a95aff361c8d4412f04ffa11cdb071a0b8ad9fecc202,平滑操舵：Follow the Gap：目標が空き空間内 | target_deg=-4.211 | gap_min_deg=-60.0 | gap_max_deg=60.0,,250.0,101.3656438514272,75.64940405997265,249.53010587861604,182.26908427649607,0,45.65,39.98600165836166,1
45.7,734.6037425973071,277.00187831167244,-92.08085839053611,26.735063040529784,-1.6992856394831921,34.07070316590763,-5.310267623384975,417,429,375,435,34.07070316590763,NEUTRAL,program,sonic_drive_smooth.py,function,bc4a84a5f90dcb414fa9a95aff361c8d4412f04ffa11cdb071a0b8ad9fecc202,平滑操舵：Follow the Gap：目標が空き空間内 | target_deg=-4.242 | gap_min_deg=-60.0 | gap_max_deg=60.0,,250.0,104.74259638492934,76.00385292638079,249.81733805710857,183.1014345696985,0,45.7,40.16315036815752,1
45.75,733.2642074193892,276.9547574394729,-91.94847113308586,26.854627675372697,-1.6786033004174692,34.08201382008419,-5.245635313804591,417,429,375,435,34.08201382008419,NEUTRAL,program,sonic_drive_smooth.py,function,bc4a84a5f90dcb414fa9a95aff361c8d4412f04ffa11cdb071a0b8ad9fecc202,平滑操舵：Follow the Gap：目標が空き空間内 | target_deg=-4.190 | gap_min_deg=-60.0 | gap_max_deg=60.0,,248.35033934529608,103.42476982840569,74.73588048533261,246.1504880354185,178.15978490690088,0,45.75,40.37747513285084,1
45.8,731.9194714800116,276.91059125658467,-91.81379398410853,26.94502362507839,-1.7011553317806907,34.06968067793243,-5.316110411814658,417,429,375,435,34.06968067793243,NEUTRAL,program,sonic_drive_smooth.py,function,bc4a84a5f90dcb414fa9a95aff361c8d4412f04ffa11cdb071a0b8ad9fecc202,平滑操舵：Follow the Gap：目標が空き空間内 | target_deg=-4.246 | gap_min_deg=-60.0 | gap_max_deg=60.0,,249.7625134457013,107.55093767501765,74.97208272745718,249.63418764097307,182.9176811426921,0,45.8,40.62940181762361,1
45.85,730.5707561304463,276.86947985561625,-91.67809277328553,27.014259047934708,-1.7091561076981694,34.06530525360256,-5.341112836556779,417,429,375,435,34.06530525360256,NEUTRAL,program,sonic_drive_smooth.py,function,bc4a84a5f90dcb414fa9a95aff361c8d4412f04ffa11cdb071a0b8ad9fecc202,平滑操舵：Follow the Gap：目標が空き空間内 | target_deg=-4.266 | gap_min_deg=-60.0 | gap_max_deg=60.0,,248.89186632426242,102.62581894810212,75.600619185725,250.0,182.9988054568279,0,45.85,40.918137075237816,1
45.9,729.2190031281714,276.8314981107102,-91.54086992705537,27.066373939041302,-1.7245482576081619,34.05688767162054,-5.389213305025506,417,429,375,435,34.05688767162054,NEUTRAL,program,sonic_drive_smooth.py,function,bc4a84a5f90dcb414fa9a95aff361c8d4412f04ffa11cdb071a0b8ad9fecc202,平滑操舵：Follow the Gap：目標が空き空間内 | target_deg=-4.305 | gap_min_deg=-60.0 | gap_max_deg=60.0,,250.0,99.80485297539094,75.71239356217463,250.0,184.60465142600904,0,45.9,41.24312073208999,1
45.95,727.8647824116591,276.7966539786844,-91.40692327977764,27.11109307205343,-1.680439789339743,34.08100949020483,-5.251374341686697,417,429,375,435,34.08100949020483,NEUTRAL,program,sonic_drive_smooth.py,function,bc4a84a5f90dcb414fa9a95aff361c8d4412f04ffa11cdb071a0b8ad9fecc202,平滑操舵：Follow the Gap：目標が空き空間内 | target_deg=-4.195 | gap_min_deg=-60.0 | gap_max_deg=60.0,,244.80500659931388,106.36232217330625,78.85534812782963,248.9021527378607,180.7077216849879,0,45.95,41.60273995017877,1
46.0,726.5085894419843,276.7649454781061,-91.27179923705037,27.144512060977114,-1.6928360437181005,34.074230288591664,-5.290112636619064,417,429,375,435,34.074230288591664,NEUTRAL,program,sonic_drive_smooth.py,function,bc4a84a5f90dcb414fa9a95aff361c8d4412f04ffa11cdb071a0b8ad9fecc202,平滑操舵：Follow the Gap：目標が空き空間内 | target_deg=-4.226 | gap_min_deg=-60.0 | gap_max_deg=60.0,,248.33176283573215,107.11953491509611,72.67327487507602,249.23650071436785,179.36786219538743,0,46.0,41.99710659248749,1
46.05,725.1508541058173,276.7363972443908,-91.13728930007224,27.17133779883249,-1.683321659652446,34.07943346737757,-5.260380186413894,417,429,375,435,34.07943346737757,NEUTRAL,program,sonic_drive_smooth.py,function,bc4a84a5f90dcb414fa9a95aff361c8d4412f04ffa11cdb071a0b8ad9fecc202,平滑操舵：Follow the Gap：目標が空き空間内 | target_deg=-4.202 | gap_min_deg=-60.0 | gap_max_deg=60.0,,250.0,106.69093489925875,76.01336406509296,250.0,180.53608236544204,0,46.05,42.42499078388405,1
46.1,723.7919515633527,276.71103475433887,-91.001193622161,27.19029891387708,-1.7017724183531524,34.06934320871312,-5.318038807353601,417,429,375,435,34.06934320871312,NEUTRAL,program,sonic_drive_smooth.py,function,bc4a84a5f90dcb414fa9a95aff361c8d4412f04ffa11cdb071a0b8ad9fecc202,平滑操舵：Follow the Gap：目標が空き空間内 | target_deg=-4.248 | gap_min_deg=-60.0 | gap_max_deg=60.0,,250.0,105.06585618513435,75.14077639887111,248.67565099835983,182.82971584912116,0,46.1,42.8858183164784,1
46.15,722.4322297445946,276.6889066204346,-90.86350657506821,27.203121322323312,-1.720694397768631,34.05899525122028,-5.377169993026972,417,429,375,435,34.05899525122028,NEUTRAL,program,sonic_drive_smooth.py,function,bc4a84a5f90dcb414fa9a95aff361c8d4412f04ffa11cdb071a0b8ad9fecc202,平滑操舵：Follow the Gap：目標が空き空間内 | target_deg=-4.295 | gap_min_deg=-60.0 | gap_max_deg=60.0,,250.0,108.50505062890969,75.2776321368703,248.4253721113447,184.18311575183913,0,46.15,43.37850856387856,1
46.2,721.0718866201618,276.67003298339023,-90.7262546394225,27.213660954073248,-1.7145390384787818,34.06236146333192,-5.357934495246193,417,429,375,435,34.06236146333192,NEUTRAL,program,sonic_drive_smooth.py,function,bc4a84a5f90dcb414fa9a95aff361c8d4412f04ffa11cdb071a0b8ad9fecc202,平滑操舵：Follow the Gap：目標が空き空間内 | target_deg=-4.280 | gap_min_deg=-60.0 | gap_max_deg=60.0,,248.8884610233079,105.09146023500068,72.26987427260626,250.0,178.98547549704455,0,46.2,43.90167687058374,1
46.25,719.7110745877653,276.6544225624304,-90.58821346706118,27.220907272873234,-1.723850791988856,34.057269098131094,-5.387033724965175,417,429,375,435,34.057269098131094,NEUTRAL,program,sonic_drive_smooth.py,function,bc4a84a5f90dcb414fa9a95aff361c8d4412f04ffa11cdb071a0b8ad9fecc202,平滑操舵：Follow the Gap：目標が空き空間内 | target_deg=-4.303 | gap_min_deg=-60.0 | gap_max_deg=60.0,,250.0,106.34455760110215,74.59604867629064,248.71188005742783,183.00702240290158,0,46.25,44.45447962453792,1
46.3,718.349931088705,276.6420932793308,-90.44973230055447,27.22601641792713,-1.7289640063517246,34.0544728090264,-5.403012519849139,417,429,375,435,34.0544728090264,NEUTRAL,program,sonic_drive_smooth.py,function,bc4a84a5f90dcb414fa9a95aff361c8d4412f04ffa11cdb071a0b8ad9fecc202,平滑操舵：Follow the Gap：目標が空き空間内 | target_deg=-4.316 | gap_min_deg=-60.0 | gap_max_deg=60.0,,250.0,105.49900951894122,76.50597339253615,250.0,184.93429448992785,0,46.3,45.03578451227469,1
46.35,716.9885233025367,276.6330468537958,-90.3117065269684,27.230564151469558,-1.722980062070045,34.057745278555444,-5.384312693968891,417,429,375,435,34.057745278555444,NEUTRAL,program,sonic_drive_smooth.py,function,bc4a84a5f90dcb414fa9a95aff361c8d4412f04ffa11cdb071a0b8ad9fecc202,平滑操舵：Follow the Gap：目標が空き空間内 | target_deg=-4.301 | gap_min_deg=-60.0 | gap_max_deg=60.0,,246.64162857329447,102.12836163484965,75.46447357014975,249.30801403520087,182.71997794311918,0,46.35,45.644420794844926,1
46.4,715.6269112288005,276.62728272307174,-90.173392564884,27.233755820302708,-1.7263390933529548,34.0559083083226,-5.3948096667279835,417,429,375,435,34.0559083083226,NEUTRAL,program,sonic_drive_smooth.py,function,bc4a84a5f90dcb414fa9a95aff361c8d4412f04ffa11cdb071a0b8ad9fecc202,平滑操舵：Follow the Gap：目標が空き空間内 | target_deg=-4.309 | gap_min_deg=-60.0 | gap_max_deg=60.0,,250.0,106.22380261523094,74.78540627442463,250.0,182.92339682483632,0,46.4,46.27946482002498,1
46.45,714.2651796645235,276.62481458203536,-90.03430462519998,27.235290097368576,-1.73585390291042,34.050704896845865,-5.424543446595063,417,429,375,435,34.050704896845865,NEUTRAL,program,sonic_drive_smooth.py,function,bc4a84a5f90dcb414fa9a95aff361c8d4412f04ffa11cdb071a0b8ad9fecc202,平滑操舵：Follow the Gap：目標が空き空間内 | target_deg=-4.333 | gap_min_deg=-60.0 | gap_max_deg=60.0,,250.0,107.19963369004621,73.5855904312802,248.23149844601727,182.76137541980245,0,46.45,46.939921545456734,1
46.5,712.9033606246188,276.6256461123393,-89.89572547477485,27.237114988669806,-1.7293994366296528,34.054234683093156,-5.404373239467665,417,429,375,435,34.054234683093156,NEUTRAL,program,sonic_drive_smooth.py,function,bc4a84a5f90dcb414fa9a95aff361c8d4412f04ffa11cdb071a0b8ad9fecc202,平滑操舵：Follow the Gap：目標が空き空間内 | target_deg=-4.317 | gap_min_deg=-60.0 | gap_max_deg=60.0,,250.0,105.87307716134637,76.17820318283822,247.96268428652223,183.8010483110289,0,46.5,47.624607284051265,1
46.55,711.541467518415,276.6297713614834,-89.75717145018237,27.238569533560394,-1.7289844852858054,34.054461609609326,-5.403076516518142,417,429,375,435,34.054461609609326,NEUTRAL,program,sonic_drive_smooth.py,function,bc4a84a5f90dcb414fa9a95aff361c8d4412f04ffa11cdb071a0b8ad9fecc202,平滑操舵：Follow the Gap：目標が空き空間内 | target_deg=-4.316 | gap_min_deg=-60.0 | gap_max_deg=60.0,,248.68566096992217,107.1790655993565,77.4224687535291,250.0,185.45412913889714,0,46.55,48.33261150620269,1
46.6,710.1794751032969,276.63717459507194,-89.6199618477092,27.24136341857774,-1.7120755890820558,34.063708662220755,-5.3502362158814245,417,429,375,435,34.063708662220755,NEUTRAL,program,sonic_drive_smooth.py,function,bc4a84a5f90dcb414fa9a95aff361c8d4412f04ffa11cdb071a0b8ad9fecc202,平滑操舵：Follow the Gap：目標が空き空間内 | target_deg=-4.274 | gap_min_deg=-60.0 | gap_max_deg=60.0,,245.34487453657437,106.29326809238789,76.88353175767108,248.5005475103208,182.6710825270808,0,46.6,49.062857063889766,1
46.65,708.817269703256,276.6478051735216,-89.48578987726574,27.247290956197286,-1.6739065767148906,34.08458234085904,-5.230958052234033,417,429,375,435,34.08458234085904,NEUTRAL,program,sonic_drive_smooth.py,function,bc4a84a5f90dcb414fa9a95aff361c8d4412f04ffa11cdb071a0b8ad9fecc202,平滑操舵：Follow the Gap：目標が空き空間内 | target_deg=-4.179 | gap_min_deg=-60.0 | gap_max_deg=60.0,,250.0,103.10922356830146,77.76549304259608,250.0,179.637087856156,0,46.65,49.814357736932415,1
46.7,707.4547884667938,276.66161363074195,-89.35288883201139,27.253481586595093,-1.6576895076837062,34.09345105048547,-5.180279711511582,417,429,375,435,34.09345105048547,NEUTRAL,program,sonic_drive_smooth.py,function,bc4a84a5f90dcb414fa9a95aff361c8d4412f04ffa11cdb071a0b8ad9fecc202,平滑操舵：Follow the Gap：目標が空き空間内 | target_deg=-4.138 | gap_min_deg=-60.0 | gap_max_deg=60.0,,249.59105007653622,98.86148585230653,78.92725294613761,250.0,181.3654742611569,0,46.7,50.586520774355655,1
46.75,706.0921550530346,276.6786103388932,-89.21783586596499,27.255655120655796,-1.684282789766655,34.07890784934636,-5.263383718020797,417,429,375,435,34.07890784934636,NEUTRAL,program,sonic_drive_smooth.py,function,bc4a84a5f90dcb414fa9a95aff361c8d4412f04ffa11cdb071a0b8ad9fecc202,平滑操舵：Follow the Gap：目標が空き空間内 | target_deg=-4.204 | gap_min_deg=-60.0 | gap_max_deg=60.0,,247.87366686388592,110.54023186648676,77.64082798834694,250.0,184.82279877128784,0,46.75,51.378749351284696,1
46.8,704.7295256522434,276.69883676014075,-89.08132974968942,27.255558001573288,-1.702344751966826,34.069030213768144,-5.3198273498963315,417,429,375,435,34.069030213768144,NEUTRAL,program,sonic_drive_smooth.py,function,bc4a84a5f90dcb414fa9a95aff361c8d4412f04ffa11cdb071a0b8ad9fecc202,平滑操舵：Follow the Gap：目標が空き空間内 | target_deg=-4.249 | gap_min_deg=-60.0 | gap_max_deg=60.0,,250.0,111.99827514465555,75.91011161854463,248.25825408497957,183.60683471040812,0,46.8,52.18997030229876,1
46.85,703.3668436987135,276.7222767988168,-88.94772927321466,27.25906593720983,-1.6660025653431563,34.08890484707796,-5.2062580166973635,417,429,375,435,34.08890484707796,NEUTRAL,program,sonic_drive_smooth.py,function,bc4a84a5f90dcb414fa9a95aff361c8d4412f04ffa11cdb071a0b8ad9fecc202,平滑操舵：Follow the Gap：目標が空き空間内 | target_deg=-4.159 | gap_min_deg=-60.0 | gap_max_deg=60.0,,248.78026952053864,111.2526261219387,77.95985680087666,250.0,179.46895351306307,0,46.85,53.01900095097213,1
46.9,702.0040358638278,276.74888760546213,-88.81498805682321,27.26286120878509,-1.655070129510099,34.094883522924164,-5.172094154719059,417,429,375,435,34.094883522924164,NEUTRAL,program,sonic_drive_smooth.py,function,bc4a84a5f90dcb414fa9a95aff361c8d4412f04ffa11cdb071a0b8ad9fecc202,平滑操舵：Follow the Gap：目標が空き空間内 | target_deg=-4.132 | gap_min_deg=-60.0 | gap_max_deg=60.0,,250.0,113.18638576872085,78.14428070505615,250.0,180.79920103420108,0,46.9,53.86534362319142,1
46.95,700.641192367087,276.7786780162738,-88.68055264835252,27.26373193488431,-1.6760573489706914,34.08340613728165,-5.237679215533411,417,429,375,435,34.08340613728165,NEUTRAL,program,sonic_drive_smooth.py,function,bc4a84a5f90dcb414fa9a95aff361c8d4412f04ffa11cdb071a0b8ad9fecc202,平滑操舵：Follow the Gap：目標が空き空間内 | target_deg=-4.184 | gap_min_deg=-60.0 | gap_max_deg=60.0,,249.85170616842268,108.6039234513432,75.87523477623431,250.0,182.13956751603,0,46.95,54.72838924795729,1
47.0,699.2784793825077,276.8116946612831,-88.5435959393435,27.261302076748727,-1.7075432070701158,34.06618730863353,-5.336072522094112,417,429,375,435,34.06618730863353,NEUTRAL,program,sonic_drive_smooth.py,function,bc4a84a5f90dcb414fa9a95aff361c8d4412f04ffa11cdb071a0b8ad9fecc202,平滑操舵：Follow the Gap：目標が空き空間内 | target_deg=-4.262 | gap_min_deg=-60.0 | gap_max_deg=60.0,,248.2634650298832,108.43350265337006,74.35962951380277,248.38407219930806,183.34756460138823,0,47.0,55.607301496144366,1
47.05,697.9159410131706,276.8479618390226,-88.40699900657307,27.259850490725405,-1.703175069237993,34.06857613401047,-5.322422091368728,417,429,375,435,34.06857613401047,NEUTRAL,program,sonic_drive_smooth.py,function,bc4a84a5f90dcb414fa9a95aff361c8d4412f04ffa11cdb071a0b8ad9fecc202,平滑操舵：Follow the Gap：目標が空き空間内 | target_deg=-4.251 | gap_min_deg=-60.0 | gap_max_deg=60.0,,250.0,110.8545610780611,74.65456104401034,250.0,180.78856591700495,0,47.05,56.50109250424436,1
47.1,696.5535955651645,276.8874868803612,-88.26934621458997,27.257416102032526,-1.7164610304920447,34.06131037394967,-5.36394072028764,417,429,375,435,34.06131037394967,NEUTRAL,program,sonic_drive_smooth.py,function,bc4a84a5f90dcb414fa9a95aff361c8d4412f04ffa11cdb071a0b8ad9fecc202,平滑操舵：Follow the Gap：目標が空き空間内 | target_deg=-4.284 | gap_min_deg=-25.0 | gap_max_deg=60.0,,248.66234199087532,110.3090734330588,74.67581491613548,59.341872341305844,182.91100875708196,0,47.1,56.59739636209878,1
47.15,695.1914625702867,276.93028381655824,-88.131478898857,27.25525263142842,-1.7192775678823176,34.05977008006436,-5.3727423996322425,417,429,375,435,34.05977008006436,NEUTRAL,program,sonic_drive_smooth.py,function,bc4a84a5f90dcb414fa9a95aff361c8d4412f04ffa11cdb071a0b8ad9fecc202,平滑操舵：Follow the Gap：目標が空き空間内 | target_deg=-4.291 | gap_min_deg=-25.0 | gap_max_deg=60.0,,250.0,110.01340714366414,74.01172999369733,54.34261028497151,181.66932420748515,0,47.15,55.625413652681566,1
47.2,693.8294185752013,276.976323540114,-87.99657879716987,27.25722492958157,-1.6822757172139142,34.080005467148645,-5.257111616293482,417,429,375,435,34.080005467148645,NEUTRAL,program,sonic_drive_smooth.py,function,bc4a84a5f90dcb414fa9a95aff361c8d4412f04ffa11cdb071a0b8ad9fecc202,平滑操舵：Follow the Gap：目標が空き空間内 | target_deg=-4.199 | gap_min_deg=-25.0 | gap_max_deg=60.0,,250.0,113.41434799169078,77.60170081580986,59.48858300245179,180.08038412428516,0,47.2,54.66618429475124,1
47.25,692.4673845846802,277.0255684088508,-87.86212270191476,27.259310729229625,-1.6766164212092483,34.0831003946512,-5.239426316278901,417,429,375,435,34.0831003946512,NEUTRAL,program,sonic_drive_smooth.py,function,bc4a84a5f90dcb414fa9a95aff361c8d4412f04ffa11cdb071a0b8ad9fecc202,平滑操舵：Follow the Gap：目標が空き空間内 | target_deg=-4.185 | gap_min_deg=-25.0 | gap_max_deg=60.0,,250.0,112.5114872303223,79.42873595927634,54.40147696516625,183.80988232844464,0,47.25,53.72021930382645,1
47.3,691.1054177572149,277.07802350512856,-87.72665251895504,27.259686856688788,-1.689189184568619,34.076224664689036,-5.278716201776935,417,429,375,435,34.076224664689036,NEUTRAL,program,sonic_drive_smooth.py,function,bc4a84a5f90dcb414fa9a95aff361c8d4412f04ffa11cdb071a0b8ad9fecc202,平滑操舵：Follow the Gap：目標が空き空間内 | target_deg=-4.217 | gap_min_deg=-25.0 | gap_max_deg=60.0,,250.0,112.15713821823368,74.10773939867055,58.697969357762034,180.58710388183152,0,47.3,52.78815188111259,1
47.35,689.7434947388808,277.13368073506297,-87.59297883704215,27.262195597891683,-1.666699485603691,34.08852371881048,-5.208435892511535,417,429,375,435,34.08852371881048,NEUTRAL,program,sonic_drive_smooth.py,function,bc4a84a5f90dcb414fa9a95aff361c8d4412f04ffa11cdb071a0b8ad9fecc202,平滑操舵：Follow the Gap：目標が空き空間内 | target_deg=-4.161 | gap_min_deg=-25.0 | gap_max_deg=60.0,,249.12060220791668,111.0958213920332,76.30463437927096,54.09828501209928,178.85444899905647,0,47.35,51.870873525131024,1
47.4,688.3817081139958,277.1925503062758,-87.45634956839504,27.260507541326245,-1.7035311314789399,34.068381412472455,-5.323534785871687,417,429,375,435,34.068381412472455,NEUTRAL,program,sonic_drive_smooth.py,function,bc4a84a5f90dcb414fa9a95aff361c8d4412f04ffa11cdb071a0b8ad9fecc202,平滑操舵：Follow the Gap：目標が空き空間内 | target_deg=-4.252 | gap_min_deg=-25.0 | gap_max_deg=60.0,,250.0,113.40087304565553,73.87505600821802,54.208277445898396,182.9970486853416,0,47.4,50.968873863702406,1
47.45,687.020110744748,277.254656146562,-87.32046487473755,27.26010911930178,-1.6943094619199544,34.073424513012526,-5.294717068499858,417,429,375,435,34.073424513012526,NEUTRAL,program,sonic_drive_smooth.py,function,bc4a84a5f90dcb414fa9a95aff361c8d4412f04ffa11cdb071a0b8ad9fecc202,平滑操舵：Follow the Gap：目標が空き空間内 | target_deg=-4.229 | gap_min_deg=-25.0 | gap_max_deg=60.0,,245.3539399146731,114.23759717713664,75.63653960712072,56.63656445602051,180.8670663719326,0,47.45,50.083207237165624,1
47.5,685.6585353172675,277.3199510508444,-87.18845696942218,27.264578908940077,-1.6458444315063354,34.09992882651997,-5.143263848457298,417,429,375,435,34.09992882651997,NEUTRAL,program,sonic_drive_smooth.py,function,bc4a84a5f90dcb414fa9a95aff361c8d4412f04ffa11cdb071a0b8ad9fecc202,平滑操舵：Follow the Gap：目標が空き空間内 | target_deg=-4.109 | gap_min_deg=-25.0 | gap_max_deg=60.0,,246.3766273416708,112.80512849282806,80.81167859353958,58.48741189381815,180.1882385984172,0,47.5,49.21491725852768,1
47.55,684.2969961585835,277.38841260615067,-87.05444479037432,27.26559337821909,-1.6706732657503858,34.086350557792755,-5.220853955469956,417,429,375,435,34.086350557792755,NEUTRAL,program,sonic_drive_smooth.py,function,bc4a84a5f90dcb414fa9a95aff361c8d4412f04ffa11cdb071a0b8ad9fecc202,平滑操舵：Follow the Gap：目標が空き空間内 | target_deg=-4.170 | gap_min_deg=-25.0 | gap_max_deg=60.0,,247.07858235126696,113.59564323349134,74.45033716928577,57.58730766855555,180.65470031608191,0,47.55,48.36445847629089,1
47.6,682.9355877887479,277.4600637085571,-86.92014553473729,27.26603059638889,-1.674209233088195,34.0844168256549,-5.23190385340061,417,429,375,435,34.0844168256549,NEUTRAL,program,sonic_drive_smooth.py,function,bc4a84a5f90dcb414fa9a95aff361c8d4412f04ffa11cdb071a0b8ad9fecc202,平滑操舵：Follow the Gap：目標が空き空間内 | target_deg=-4.179 | gap_min_deg=-25.0 | gap_max_deg=60.0,,249.38694975420026,116.91196120394925,76.11156283834778,51.622669645894575,181.00417372448067,0,47.6,47.532919642517285,1
47.65,681.5743178638679,277.5349030227214,-86.78622467364654,27.266838096638168,-1.6694543009753182,34.087017179154124,-5.217044690547869,417,429,375,435,34.087017179154124,NEUTRAL,program,sonic_drive_smooth.py,function,bc4a84a5f90dcb414fa9a95aff361c8d4412f04ffa11cdb071a0b8ad9fecc202,平滑操舵：Follow the Gap：目標が空き空間内 | target_deg=-4.167 | gap_min_deg=-25.0 | gap_max_deg=60.0,,249.2256693969918,116.11086088979839,78.2297727173427,55.025513877060604,182.2283864928897,0,47.65,46.721330128886585,1
47.7,680.2131500679994,277.61291520777365,-86.65340183742641,27.26882151278118,-1.655681889956252,34.094548966430175,-5.174005906113288,417,429,375,435,34.094548966430175,NEUTRAL,program,sonic_drive_smooth.py,function,bc4a84a5f90dcb414fa9a95aff361c8d4412f04ffa11cdb071a0b8ad9fecc202,平滑操舵：Follow the Gap：目標が空き空間内 | target_deg=-4.133 | gap_min_deg=-25.0 | gap_max_deg=60.0,,250.0,116.98560134327235,78.49540828991879,55.389181690730645,180.98413027457707,0,47.7,45.93076999286149,1
47.75,678.8520410263748,277.6940775691916,-86.52163303846551,27.271667533833448,-1.6423994196368614,34.10181281738609,-5.132498186365192,417,429,375,435,34.10181281738609,NEUTRAL,program,sonic_drive_smooth.py,function,bc4a84a5f90dcb414fa9a95aff361c8d4412f04ffa11cdb071a0b8ad9fecc202,平滑操舵：Follow the Gap：目標が空き空間内 | target_deg=-4.100 | gap_min_deg=-25.0 | gap_max_deg=60.0,,250.0,117.9546848171682,78.3022534607075,55.32759351444102,179.99608904499408,0,47.75,45.16229943407979,1
47.8,677.4910172396266,277.7783822010004,-86.38938561951652,27.27329688746265,-1.6482342461430883,34.098621896640495,-5.150732019197151,417,429,375,435,34.098621896640495,NEUTRAL,program,sonic_drive_smooth.py,function,bc4a84a5f90dcb414fa9a95aff361c8d4412f04ffa11cdb071a0b8ad9fecc202,平滑操舵：Follow the Gap：目標が空き空間内 | target_deg=-4.115 | gap_min_deg=-25.0 | gap_max_deg=60.0,,247.96307095110444,116.41418863396142,81.35642717691988,52.052391610495334,184.79108294189354,0,47.8,44.416870201663016,1
47.85,676.130159878661,277.865842271092,-86.25611746675575,27.273309369287816,-1.6609090892147222,34.0916903418357,-5.190340903796007,417,429,375,435,34.0916903418357,NEUTRAL,program,sonic_drive_smooth.py,function,bc4a84a5f90dcb414fa9a95aff361c8d4412f04ffa11cdb071a0b8ad9fecc202,平滑操舵：Follow the Gap：目標が空き空間内 | target_deg=-4.146 | gap_min_deg=-25.0 | gap_max_deg=60.0,,249.79294458249055,115.42835134279105,74.98677085338738,53.36333691684802,179.70597750445265,0,47.85,43.69555996860695,1
47.9,674.7694619149125,277.95645575896935,-86.1240928308109,27.274851775655033,-1.64536333971841,34.100191923591495,-5.141760436620031,417,429,375,435,34.100191923591495,NEUTRAL,program,sonic_drive_smooth.py,function,bc4a84a5f90dcb414fa9a95aff361c8d4412f04ffa11cdb071a0b8ad9fecc202,平滑操舵：Follow the Gap：目標が空き空間内 | target_deg=-4.107 | gap_min_deg=-25.0 | gap_max_deg=60.0,,250.0,119.24754756341726,78.9713691924705,53.493411430833476,180.68752941655097,0,47.9,42.99979463213104,1
47.95,673.4088321009406,278.05018997334946,-85.99411168061316,27.278572893239083,-1.619740317978278,34.11420451360563,-5.061688493682119,417,429,375,435,34.11420451360563,NEUTRAL,program,sonic_drive_smooth.py,function,bc4a84a5f90dcb414fa9a95aff361c8d4412f04ffa11cdb071a0b8ad9fecc202,平滑操舵：Follow the Gap：目標が空き空間内 | target_deg=-4.044 | gap_min_deg=-25.0 | gap_max_deg=60.0,,250.0,117.59984299867635,78.2471042848427,49.07566088079946,177.6364211609792,0,47.95,42.33088510303372,1
48.0,672.0483700549646,278.1470494694808,-85.86116725909407,27.27782276670113,-1.6565843827958258,34.09405541565853,-5.176826196236956,417,429,375,435,34.09405541565853,NEUTRAL,program,sonic_drive_smooth.py,function,bc4a84a5f90dcb414fa9a95aff361c8d4412f04ffa11cdb071a0b8ad9fecc202,平滑操舵：Follow the Gap：目標が空き空間内 | target_deg=-4.135 | gap_min_deg=-25.0 | gap_max_deg=60.0,,250.0,112.93222080731866,74.87342231407402,51.55047237749178,181.06213716626297,0,48.0,41.68942048604455,1
48.05,670.6880970125146,278.2470457382501,-85.73011356854975,27.279567781010854,-1.6329920570216485,34.10695746881629,-5.103100178192651,417,429,375,435,34.10695746881629,NEUTRAL,program,sonic_drive_smooth.py,function,bc4a84a5f90dcb414fa9a95aff361c8d4412f04ffa11cdb071a0b8ad9fecc202,平滑操舵：Follow the Gap：目標が空き空間内 | target_deg=-4.077 | gap_min_deg=-25.0 | gap_max_deg=60.0,,248.01225187353987,118.93238203278055,81.06980557171619,52.326118040204804,181.43353418448638,0,48.05,41.077289533159394,1
48.1,669.3280090073837,278.3501655528645,-85.59831842346935,27.28001482625949,-1.6421680701028505,34.101939336662504,-5.131775219071407,417,429,375,435,34.101939336662504,NEUTRAL,program,sonic_drive_smooth.py,function,bc4a84a5f90dcb414fa9a95aff361c8d4412f04ffa11cdb071a0b8ad9fecc202,平滑操舵：Follow the Gap：目標が空き空間内 | target_deg=-4.100 | gap_min_deg=-25.0 | gap_max_deg=60.0,,249.88436742168895,120.32183002011189,78.8871628732058,52.61559382835921,182.18319531429944,0,48.1,40.4953812095923,1
48.15,667.9682042416398,278.4564297179999,-85.46489944052247,27.27836242657791,-1.6624398176272999,34.09085322473507,-5.195124430085312,417,429,375,435,34.09085322473507,NEUTRAL,program,sonic_drive_smooth.py,function,bc4a84a5f90dcb414fa9a95aff361c8d4412f04ffa11cdb071a0b8ad9fecc202,平滑操舵：Follow the Gap：目標が空き空間内 | target_deg=-4.150 | gap_min_deg=-25.0 | gap_max_deg=60.0,,247.40420422354168,124.08386950656387,77.12683216364292,54.62607415391937,182.48856651182533,0,48.15,39.944800968801275,1
48.2,666.6088443166692,278.56588281052115,-85.32826695373409,27.27311331073293,-1.7026963307008192,34.068837944147994,-5.32092603344006,417,429,375,435,34.068837944147994,NEUTRAL,program,sonic_drive_smooth.py,function,bc4a84a5f90dcb414fa9a95aff361c8d4412f04ffa11cdb071a0b8ad9fecc202,平滑操舵：Follow the Gap：目標が空き空間内 | target_deg=-4.250 | gap_min_deg=-25.0 | gap_max_deg=60.0,,247.47574399408282,120.47979723755635,77.1096369896792,53.66645105986671,186.4259909804298,0,48.2,39.4264911943299,1
48.25,665.2498638138786,278.678532545499,-85.1945817321157,27.272652137050564,-1.6661327317519272,34.08883366232316,-5.206664786724772,417,429,375,435,34.08883366232316,NEUTRAL,program,sonic_drive_smooth.py,function,bc4a84a5f90dcb414fa9a95aff361c8d4412f04ffa11cdb071a0b8ad9fecc202,平滑操舵：Follow the Gap：目標が空き空間内 | target_deg=-4.159 | gap_min_deg=-25.0 | gap_max_deg=60.0,,247.5681967556333,127.12370918609913,78.41324199672178,52.64215689109067,179.9145359179705,0,48.25,38.94264859626464,1
48.3,663.8910374356677,278.7943209077045,-85.06436962084162,27.276573165148072,-1.6227404762113553,34.11256380207192,-5.0710639881604855,417,429,375,435,34.11256380207192,NEUTRAL,program,sonic_drive_smooth.py,function,bc4a84a5f90dcb414fa9a95aff361c8d4412f04ffa11cdb071a0b8ad9fecc202,平滑操舵：Follow the Gap：目標が空き空間内 | target_deg=-4.051 | gap_min_deg=-25.0 | gap_max_deg=60.0,,249.91002993459216,121.30046453915746,79.42773625089045,53.48764744282302,177.72545874548197,0,48.3,38.49462976168538,1
48.35,662.5322728372602,278.9132038592903,-84.93509031351459,27.280779923707318,-1.6108801125471972,34.11904993845075,-5.034000351709992,417,429,375,435,34.11904993845075,NEUTRAL,program,sonic_drive_smooth.py,function,bc4a84a5f90dcb414fa9a95aff361c8d4412f04ffa11cdb071a0b8ad9fecc202,平滑操舵：Follow the Gap：目標が空き空間内 | target_deg=-4.022 | gap_min_deg=-25.0 | gap_max_deg=60.0,,247.46442654525075,121.64587608741101,79.25514859231102,49.71616654988108,179.08139670870125,0,48.35,38.083233204021475,1
48.4,661.1736118358775,279.03517168022904,-84.80545655177275,27.283623151206417,-1.6150942424884198,34.11674533613915,-5.047169507776312,417,429,375,435,34.11674533613915,NEUTRAL,program,sonic_drive_smooth.py,function,bc4a84a5f90dcb414fa9a95aff361c8d4412f04ffa11cdb071a0b8ad9fecc202,平滑操舵：Follow the Gap：目標が空き空間内 | target_deg=-4.032 | gap_min_deg=-25.0 | gap_max_deg=60.0,,250.0,121.88188072928676,80.86963309873639,49.74234863506602,182.11637407216375,0,48.4,37.70938324645198,1
48.45,659.8120420237211,279.1590772490028,-84.81929870638183,27.38345353361292,0.6249057575115802,34.65825466386086,1.952830492223688,418,437,375,435,34.65825466386086,NEUTRAL,program,sonic_drive_smooth.py,function,bc4a84a5f90dcb414fa9a95aff361c8d4412f04ffa11cdb071a0b8ad9fecc202,平滑操舵：Follow the Gap：目標が空き空間内 | target_deg=1.562 | gap_min_deg=-25.0 | gap_max_deg=60.0,,250.0,128.27306372015036,79.3527579082692,48.95943332986705,177.68315692234393,0,48.45,37.404000981292896,1
48.5,658.4491260930025,279.28347894401077,-84.72605674146065,27.363887732915252,-1.6076946873186042,34.120791967872634,-5.024045897870638,417,429,375,435,34.120791967872634,NEUTRAL,program,sonic_drive_smooth.py,function,bc4a84a5f90dcb414fa9a95aff361c8d4412f04ffa11cdb071a0b8ad9fecc202,平滑操舵：Follow the Gap：目標が空き空間内 | target_deg=-4.014 | gap_min_deg=-25.0 | gap_max_deg=60.0,,249.50004396761662,123.20195626586539,80.15994622660403,52.30931860700525,181.5068464161494,0,48.5,37.12054450555211,1
48.55,657.0872723050003,279.4107246710735,-84.59799946407192,27.35035807724551,-1.5911950745814274,34.12981519358828,-4.972484608066961,417,429,375,435,34.12981519358828,NEUTRAL,program,sonic_drive_smooth.py,function,bc4a84a5f90dcb414fa9a95aff361c8d4412f04ffa11cdb071a0b8ad9fecc202,平滑操舵：Follow the Gap：目標が空き空間内 | target_deg=-3.973 | gap_min_deg=-25.0 | gap_max_deg=60.0,,250.0,125.93478779808316,79.51394602867278,52.1445244666358,177.77592658911573,0,48.55,36.87124474366948,1
48.6,655.7262904631777,279.5409580724333,-84.46993215832673,27.339797888023877,-1.5920022661251585,34.1293737607128,-4.97500708164112,417,429,375,435,34.1293737607128,NEUTRAL,program,sonic_drive_smooth.py,function,bc4a84a5f90dcb414fa9a95aff361c8d4412f04ffa11cdb071a0b8ad9fecc202,平滑操舵：Follow the Gap：目標が空き空間内 | target_deg=-3.975 | gap_min_deg=-25.0 | gap_max_deg=60.0,,247.95503082147124,122.96167758068601,80.44125501166491,50.91177122813331,179.999501690703,0,48.6,36.663711473958585,1
48.65,654.3661029938914,279.6741981796603,-84.34070214163201,27.330135212676833,-1.6070368305152394,34.121151733311976,-5.021990095360123,417,429,375,435,34.121151733311976,NEUTRAL,program,sonic_drive_smooth.py,function,bc4a84a5f90dcb414fa9a95aff361c8d4412f04ffa11cdb071a0b8ad9fecc202,平滑操舵：Follow the Gap：目標が空き空間内 | target_deg=-4.012 | gap_min_deg=-25.0 | gap_max_deg=60.0,,250.0,125.56666160375092,77.91238003526136,49.06202310096073,179.4344331943545,0,48.65,36.49826943957269,1
48.7,653.0066363726738,279.81046408625116,-84.21146902156548,27.32259775974154,-1.6075679329270147,34.120861286680544,-5.023649790396921,417,429,375,435,34.120861286680544,NEUTRAL,program,sonic_drive_smooth.py,function,bc4a84a5f90dcb414fa9a95aff361c8d4412f04ffa11cdb071a0b8ad9fecc202,平滑操舵：Follow the Gap：目標が空き空間内 | target_deg=-4.013 | gap_min_deg=-25.0 | gap_max_deg=60.0,,250.0,126.47114418311102,79.55857452967753,51.80284536678632,180.0698013255656,0,48.7,36.37564278644277,1
48.75,651.6477282314114,279.9497463160532,-84.08426157046874,27.319213366756582,-1.582674094971045,34.134475104312706,-4.9458565467845155,417,429,375,435,34.134475104312706,NEUTRAL,program,sonic_drive_smooth.py,function,bc4a84a5f90dcb414fa9a95aff361c8d4412f04ffa11cdb071a0b8ad9fecc202,平滑操舵：Follow the Gap：目標が空き空間内 | target_deg=-3.951 | gap_min_deg=-25.0 | gap_max_deg=60.0,,248.85514701425714,125.45124019325718,81.73396507530032,48.98415513287529,178.85913273269387,0,48.75,36.29670620384889,1
48.8,650.2863896060824,280.09089782534505,-84.10072373045502,27.407826642401833,0.657325905028955,34.64052489568729,2.0541434532154845,418,437,375,435,34.64052489568729,NEUTRAL,program,sonic_drive_smooth.py,function,bc4a84a5f90dcb414fa9a95aff361c8d4412f04ffa11cdb071a0b8ad9fecc202,平滑操舵：Follow the Gap：目標が空き空間内 | target_deg=1.643 | gap_min_deg=-25.0 | gap_max_deg=60.0,,250.0,126.25276973502916,81.11522222867845,47.76762208830431,179.2600239837487,0,48.8,36.29311443858175,1
48.85,648.9276194021868,280.2292323739415,-84.29714795910867,27.255616557391683,2.8973259050289553,33.41552489568729,9.054143453215485,416,444,375,435,33.41552489568729,NEUTRAL,program,sonic_drive_smooth.py,function,bc4a84a5f90dcb414fa9a95aff361c8d4412f04ffa11cdb071a0b8ad9fecc202,平滑操舵：Follow the Gap：目標が空き空間内 | target_deg=7.211 | gap_min_deg=-25.0 | gap_max_deg=60.0,,250.0,127.99239752212885,80.35762539780559,47.35067922624836,179.87670017276432,0,48.85,36.33604086597837,1
48.9,647.5813624777275,280.3595314848249,-84.67053631213464,26.916855215918673,5.1373259050289555,32.19052489568729,16.054143453215485,415,451,375,435,32.19052489568729,NEUTRAL,program,sonic_drive_smooth.py,function,bc4a84a5f90dcb414fa9a95aff361c8d4412f04ffa11cdb071a0b8ad9fecc202,平滑操舵：Follow the Gap：目標が空き空間内 | target_deg=12.667 | gap_min_deg=-25.0 | gap_max_deg=60.0,,250.0,128.58908737538985,77.82489198239514,48.06963199498393,178.7438859197271,0,48.9,36.407464505159574,1
48.95,646.2553261784517,280.4771559952415,-85.21524284005388,26.43358392660192,7.377325905028955,30.96552489568729,23.054143453215485,413,459,375,435,30.96552489568729,NEUTRAL,program,sonic_drive_smooth.py,function,bc4a84a5f90dcb414fa9a95aff361c8d4412f04ffa11cdb071a0b8ad9fecc202,平滑操舵：Follow the Gap：目標が空き空間内 | target_deg=17.936 | gap_min_deg=-25.0 | gap_max_deg=60.0,,248.77848690909713,124.37650593011941,84.92379764267666,51.25843008202608,178.44393480892748,0,48.95,36.4953127274679,1
49.0,644.9508017011586,280.5792482345529,-85.83504976547081,25.9978302354152,8.0,30.625,25.0,413,461,375,435,30.625,NEUTRAL,program,sonic_drive_smooth.py,function,bc4a84a5f90dcb414fa9a95aff361c8d4412f04ffa11cdb071a0b8ad9fecc202,平滑操舵：Follow the Gap：目標が空き空間内 | target_deg=19.359 | gap_min_deg=-25.0 | gap_max_deg=60.0,,248.88442740644777,123.04144793248012,79.0195828640101,47.55057729806017,40.03561242680826,0,49.0,36.57592505220737,1
49.05,643.6586863254349,280.6676906190304,-86.3103992732055,25.840566774170842,5.76,31.625,18.0,414,453,375,435,31.625,NEUTRAL,program,sonic_drive_smooth.py,function,bc4a84a5f90dcb414fa9a95aff361c8d4412f04ffa11cdb071a0b8ad9fecc202,平滑操舵：Follow the Gap：目標が空き空間内 | target_deg=14.154 | gap_min_deg=-25.0 | gap_max_deg=60.0,,249.5751438008171,122.83061894434441,81.45294284267582,51.93896675592484,34.78608896779887,0,49.05,36.62332059222793,1
49.1,642.3673437710277,280.7472755424308,-86.61328615125417,25.899032809296717,3.52,32.625,11.0,415,446,375,435,32.625,NEUTRAL,program,sonic_drive_smooth.py,function,bc4a84a5f90dcb414fa9a95aff361c8d4412f04ffa11cdb071a0b8ad9fecc202,平滑操舵：Follow the Gap：目標が空き空間内 | target_deg=8.743 | gap_min_deg=-25.0 | gap_max_deg=60.0,,250.0,124.34819617171057,80.44607826324899,51.546828447984176,36.853809020920515,0,49.1,36.645006413719706,1
49.15,641.067750087467,280.8224112882467,-86.74597223069831,26.12461140565601,1.28,33.625,4.0,417,439,375,435,33.625,NEUTRAL,program,sonic_drive_smooth.py,function,bc4a84a5f90dcb414fa9a95aff361c8d4412f04ffa11cdb071a0b8ad9fecc202,平滑操舵：Follow the Gap：目標が空き空間内 | target_deg=3.197 | gap_min_deg=-25.0 | gap_max_deg=60.0,,250.0,121.96484977229423,83.38393348753011,49.16638400028704,37.429414837089894,0,49.15,36.65121611106648,1
49.2,639.7612117274905,280.89425636291725,-86.98230062968162,26.200194790455942,3.52,33.074999999999996,11.0,416,446,375,435,33.074999999999996,NEUTRAL,program,sonic_drive_smooth.py,function,bc4a84a5f90dcb414fa9a95aff361c8d4412f04ffa11cdb071a0b8ad9fecc202,平滑操舵：Follow the Gap：目標が空き空間内 | target_deg=8.743 | gap_min_deg=-25.0 | gap_max_deg=60.0,,250.0,118.58328915527389,78.11194835530505,48.59158552792621,38.99341830474857,0,49.2,36.655509439813464,1
49.25,638.4457218117211,280.9617922284268,-87.11655771256326,26.43903315978875,1.28,34.074999999999996,4.0,417,439,375,435,34.074999999999996,NEUTRAL,program,sonic_drive_smooth.py,function,bc4a84a5f90dcb414fa9a95aff361c8d4412f04ffa11cdb071a0b8ad9fecc202,平滑操舵：Follow the Gap：目標が空き空間内 | target_deg=3.197 | gap_min_deg=-25.0 | gap_max_deg=60.0,,249.37456986458542,120.4324941147021,77.83684820557028,52.07844391714799,36.52729031307371,0,49.25,36.654917822590114,1
49.3,637.1167876129001,281.0281208455017,-87.16878941765896,26.725021214018568,0.667297854105133,34.63507148603626,2.0853057940785407,418,437,375,435,34.63507148603626,NEUTRAL,program,sonic_drive_smooth.py,function,bc4a84a5f90dcb414fa9a95aff361c8d4412f04ffa11cdb071a0b8ad9fecc202,平滑操舵：Follow the Gap：目標が空き空間内 | target_deg=1.668 | gap_min_deg=-25.0 | gap_max_deg=60.0,,250.0,118.64517313252784,82.64597598241977,53.731429251973346,37.19129942616391,0,49.3,36.653303676822944,1
49.35,635.7754483848867,281.0938392437393,-87.22132725588686,26.94678225275566,0.6650316960079217,34.63631079124567,2.078224050024755,418,437,375,435,34.63631079124567,NEUTRAL,program,sonic_drive_smooth.py,function,bc4a84a5f90dcb414fa9a95aff361c8d4412f04ffa11cdb071a0b8ad9fecc202,平滑操舵：Follow the Gap：目標が空き空間内 | target_deg=1.662 | gap_min_deg=-25.0 | gap_max_deg=60.0,,249.1323169650781,119.39767108235179,79.95497158731446,50.76331679346352,38.553618188927146,0,49.35,36.650413101456074,1
49.4,634.4244920520889,281.1587793375774,-87.27452535166681,27.118212775116245,0.6686252663126073,34.63434555748529,2.089453957226898,418,437,375,435,34.63434555748529,NEUTRAL,program,sonic_drive_smooth.py,function,bc4a84a5f90dcb414fa9a95aff361c8d4412f04ffa11cdb071a0b8ad9fecc202,平滑操舵：Follow the Gap：目標が空き空間内 | target_deg=1.671 | gap_min_deg=-25.0 | gap_max_deg=60.0,,250.0,118.45105503821387,80.4717043778332,49.05855282484538,38.423944911065945,0,49.4,36.64619274589652,1
49.45,633.0660603344962,281.2228173066027,-87.32749844726455,27.251646729965124,0.6621632634810166,34.63787946528382,2.069260198378177,418,437,375,435,34.63787946528382,NEUTRAL,program,sonic_drive_smooth.py,function,bc4a84a5f90dcb414fa9a95aff361c8d4412f04ffa11cdb071a0b8ad9fecc202,平滑操舵：Follow the Gap：目標が空き空間内 | target_deg=1.655 | gap_min_deg=-25.0 | gap_max_deg=60.0,,250.0,118.54935433139575,81.11956514485333,51.937102136327354,40.19952335111536,0,49.45,36.640694233265826,1
49.5,631.7017573336716,281.28588325957196,-87.37918696041427,27.35686437899321,0.6433545096924966,34.648165502511915,2.010482842789052,418,437,375,435,34.648165502511915,NEUTRAL,program,sonic_drive_smooth.py,function,bc4a84a5f90dcb414fa9a95aff361c8d4412f04ffa11cdb071a0b8ad9fecc202,平滑操舵：Follow the Gap：目標が空き空間内 | target_deg=1.608 | gap_min_deg=-25.0 | gap_max_deg=60.0,,250.0,120.51366508343693,78.68510802761095,53.64663295661397,39.82938446886373,0,49.5,36.63405909363232,1
49.55,630.3328799204096,281.34791383034764,-87.43165561925653,27.43762528868061,0.650908864619639,34.64403421466113,2.034090201936372,418,437,375,435,34.64403421466113,NEUTRAL,program,sonic_drive_smooth.py,function,bc4a84a5f90dcb414fa9a95aff361c8d4412f04ffa11cdb071a0b8ad9fecc202,平滑操舵：Follow the Gap：目標が空き空間内 | target_deg=1.627 | gap_min_deg=-25.0 | gap_max_deg=60.0,,249.0560679336966,117.67755730012814,80.12055950874498,50.156302710214696,38.894961192710745,0,49.55,36.626030144629595,1
49.6,628.9605413320143,281.40881393914646,-87.48646236744217,27.497492569065106,0.6782255877733006,34.629095381686476,2.1194549617915643,418,437,375,435,34.629095381686476,NEUTRAL,program,sonic_drive_smooth.py,function,bc4a84a5f90dcb414fa9a95aff361c8d4412f04ffa11cdb071a0b8ad9fecc202,平滑操舵：Follow the Gap：目標が空き空間内 | target_deg=1.695 | gap_min_deg=-25.0 | gap_max_deg=60.0,,249.78316157630965,121.70274838822503,79.80699395525295,50.43544986485223,35.451521962382806,0,49.6,36.61628703683448,1
49.65,627.5921645701619,281.46679660023256,-87.68511210306445,27.32301470438618,2.9182255877733008,33.404095381686474,9.119454961791565,416,444,375,435,33.404095381686474,NEUTRAL,program,sonic_drive_smooth.py,function,bc4a84a5f90dcb414fa9a95aff361c8d4412f04ffa11cdb071a0b8ad9fecc202,平滑操舵：Follow the Gap：目標が空き空間内 | target_deg=7.263 | gap_min_deg=-25.0 | gap_max_deg=60.0,,250.0,122.7545971256673,82.48636163500312,48.49796625839658,37.158219259356265,0,49.65,36.5755500740105,1
49.7,626.2377122930669,281.51738667702733,-88.06095737302707,26.96700386409153,5.158225587773301,32.17909538168647,16.119454961791565,415,451,375,435,32.17909538168647,NEUTRAL,program,sonic_drive_smooth.py,function,bc4a84a5f90dcb414fa9a95aff361c8d4412f04ffa11cdb071a0b8ad9fecc202,平滑操舵：Follow the Gap：目標が空き空間内 | target_deg=12.717 | gap_min_deg=-25.0 | gap_max_deg=60.0,,248.38315467036185,117.92913929527298,79.73892927817242,49.61260691434993,39.89629818902577,0,49.7,36.48835111948874,1
49.75,624.8929061516236,281.5594955892555,-88.32818073948576,26.871512354651856,2.9182255877733008,33.17909538168647,9.119454961791565,416,444,375,435,33.17909538168647,NEUTRAL,program,sonic_drive_smooth.py,function,bc4a84a5f90dcb414fa9a95aff361c8d4412f04ffa11cdb071a0b8ad9fecc202,平滑操舵：Follow the Gap：目標が空き空間内 | target_deg=7.263 | gap_min_deg=-25.0 | gap_max_deg=60.0,,248.95846666365654,121.05633717902,80.28143427433072,52.98414801881926,40.576110322440485,0,49.75,36.4555049149202,1
49.8,623.5466548299174,281.5974513428452,-88.41838970874704,26.97782937562878,0.6930424845852201,34.17909538168647,2.165757764328813,417,437,375,435,34.17909538168647,NEUTRAL,program,sonic_drive_smooth.py,function,bc4a84a5f90dcb414fa9a95aff361c8d4412f04ffa11cdb071a0b8ad9fecc202,平滑操舵：Follow the Gap：目標が空き空間内 | target_deg=1.732 | gap_min_deg=-25.0 | gap_max_deg=60.0,,250.0,117.33617664651803,80.7571094543142,50.01419604625453,34.659991676550575,0,49.8,36.517607694140736,1
49.85,622.1933512543388,281.6341709175091,-88.47312729067046,27.140419939211718,0.6873194644796411,34.624122167862694,2.1478733264988783,418,437,375,435,34.624122167862694,NEUTRAL,program,sonic_drive_smooth.py,function,bc4a84a5f90dcb414fa9a95aff361c8d4412f04ffa11cdb071a0b8ad9fecc202,平滑操舵：Follow the Gap：目標が空き空間内 | target_deg=1.718 | gap_min_deg=-25.0 | gap_max_deg=60.0,,250.0,118.35207500270208,80.89132713188738,51.89329549442096,38.34582768743075,0,49.85,36.63724564900574,1
49.9,620.8329777351315,281.6697831669646,-88.52774687945674,27.266864738276126,0.6822913608119613,34.62687191205596,2.132160502537379,418,437,375,435,34.62687191205596,NEUTRAL,program,sonic_drive_smooth.py,function,bc4a84a5f90dcb414fa9a95aff361c8d4412f04ffa11cdb071a0b8ad9fecc202,平滑操舵：Follow the Gap：目標が空き空間内 | target_deg=1.705 | gap_min_deg=-25.0 | gap_max_deg=60.0,,248.36532941856663,117.61324557228934,79.87978212496299,51.50600339750174,37.598516148403085,0,49.9,36.806213081294146,1
49.95,619.4671139557403,281.70423260506163,-88.58266916230237,27.36471130916222,0.683331457756427,34.626303109039455,2.1354108054888346,418,437,375,435,34.626303109039455,NEUTRAL,program,sonic_drive_smooth.py,function,bc4a84a5f90dcb414fa9a95aff361c8d4412f04ffa11cdb071a0b8ad9fecc202,平滑操舵：Follow the Gap：目標が空き空間内 | target_deg=1.708 | gap_min_deg=-25.0 | gap_max_deg=60.0,,250.0,115.96215198552736,79.71453630123781,50.9475379674503,36.931449633789455,0,49.95,37.00254292012045,1
50.0,618.0969178457459,281.73749941497744,-88.63572401602913,27.443001936613207,0.6580277971374763,34.64014104844044,2.0563368660546133,418,437,375,435,34.64014104844044,NEUTRAL,program,sonic_drive_smooth.py,function,bc4a84a5f90dcb414fa9a95aff361c8d4412f04ffa11cdb071a0b8ad9fecc202,平滑操舵：Follow the Gap：目標が空き空間内 | target_deg=1.645 | gap_min_deg=-25.0 | gap_max_deg=60.0,,250.0,114.14317480509357,79.08606431491158,52.78186500610609,39.78079103306637,0,50.0,36.98201128527148,1
50.05,616.7233813219619,281.76955002855505,-88.6908389549111,27.501292369631358,0.6819292399115764,34.627069946923356,2.1310288747236763,418,437,375,435,34.627069946923356,NEUTRAL,program,sonic_drive_smooth.py,function,bc4a84a5f90dcb414fa9a95aff361c8d4412f04ffa11cdb071a0b8ad9fecc202,平滑操舵：Follow the Gap：目標が空き空間内 | target_deg=1.704 | gap_min_deg=-25.0 | gap_max_deg=60.0,,250.0,115.28694224512779,82.5590346608494,52.789215366786955,38.217930672018014,0,50.05,36.963199725492586,1
50.1,615.3473533225135,281.8003148405796,-88.74758486867856,27.544580782016215,0.7008515659215548,34.61672179988665,2.190161143504859,418,437,375,435,34.61672179988665,NEUTRAL,program,sonic_drive_smooth.py,function,bc4a84a5f90dcb414fa9a95aff361c8d4412f04ffa11cdb071a0b8ad9fecc202,平滑操舵：Follow the Gap：目標が空き空間内 | target_deg=1.752 | gap_min_deg=-25.0 | gap_max_deg=60.0,,249.84116027023566,121.28101180392794,82.09861408948808,53.84925926937347,36.93328251563001,0,50.1,36.94607571522624,1
50.15,613.9694091980772,281.82976177176226,-88.80394413832938,27.578678414680805,0.695123866001177,34.619854135780606,2.1722620812536784,418,437,375,435,34.619854135780606,NEUTRAL,program,sonic_drive_smooth.py,function,bc4a84a5f90dcb414fa9a95aff361c8d4412f04ffa11cdb071a0b8ad9fecc202,平滑操舵：Follow the Gap：目標が空き空間内 | target_deg=1.737 | gap_min_deg=-25.0 | gap_max_deg=60.0,,246.442239952406,117.02544946905785,83.89830973255246,51.43481776424202,40.86537206577467,0,50.15,36.93018664655665,1
50.2,612.5898769016765,281.8579131762587,-88.85796949207081,27.608003997114494,0.6655868144324988,34.63600721085722,2.079958795101559,418,437,375,435,34.63600721085722,NEUTRAL,program,sonic_drive_smooth.py,function,bc4a84a5f90dcb414fa9a95aff361c8d4412f04ffa11cdb071a0b8ad9fecc202,平滑操舵：Follow the Gap：目標が空き空間内 | target_deg=1.664 | gap_min_deg=-25.0 | gap_max_deg=60.0,,248.94050298623432,118.4839393220459,76.40940484734764,49.86365580205152,36.93643029096051,0,50.2,36.915041001248085,1
50.25,611.2090315757159,281.8847950549573,-88.91147849215615,27.631408482756584,0.6586114809055756,34.63982184637976,2.058160877829924,418,437,375,435,34.63982184637976,NEUTRAL,program,sonic_drive_smooth.py,function,bc4a84a5f90dcb414fa9a95aff361c8d4412f04ffa11cdb071a0b8ad9fecc202,平滑操舵：Follow the Gap：目標が空き空間内 | target_deg=1.646 | gap_min_deg=-25.0 | gap_max_deg=60.0,,247.31246628506716,116.19141557445434,79.09399182485109,52.07884181474589,38.43288814704568,0,50.25,36.901049584432826,1
50.3,609.8272624346565,281.91036664532095,-88.96808484492067,27.645824749788304,0.6962782856436543,34.619222812538624,2.1758696426364197,418,437,375,435,34.619222812538624,NEUTRAL,program,sonic_drive_smooth.py,function,bc4a84a5f90dcb414fa9a95aff361c8d4412f04ffa11cdb071a0b8ad9fecc202,平滑操舵：Follow the Gap：目標が空き空間内 | target_deg=1.740 | gap_min_deg=-25.0 | gap_max_deg=60.0,,248.01840285278993,118.72523470485146,84.12307926817064,48.658521160076916,37.89427120414404,0,50.3,36.88912436083007,1
50.35,608.444908783538,281.93456182686197,-89.02643667457777,27.65490417879954,0.7174555580326198,34.60764149170091,2.242048618851937,418,437,375,435,34.60764149170091,NEUTRAL,program,sonic_drive_smooth.py,function,bc4a84a5f90dcb414fa9a95aff361c8d4412f04ffa11cdb071a0b8ad9fecc202,平滑操舵：Follow the Gap：目標が空き空間内 | target_deg=1.793 | gap_min_deg=-25.0 | gap_max_deg=60.0,,250.0,117.11883765961919,84.60343001915115,51.53508631648007,38.238028402931455,0,50.35,36.87900680928914,1
50.4,607.0620672697667,281.95738039298215,-89.082834887098,27.664328477850894,0.69320474208327,34.620903656673214,2.1662648190102187,418,437,375,435,34.620903656673214,NEUTRAL,program,sonic_drive_smooth.py,function,bc4a84a5f90dcb414fa9a95aff361c8d4412f04ffa11cdb071a0b8ad9fecc202,平滑操舵：Follow the Gap：目標が空き空間内 | target_deg=1.733 | gap_min_deg=-25.0 | gap_max_deg=60.0,,250.0,118.74082609130834,81.06133210293515,49.926802152260436,39.48171156937321,0,50.4,36.869804644790236,1
50.45,605.6854449766253,281.97729829729525,-89.28372207975464,27.450775493873657,2.9332047420832703,33.39590365667321,9.16626481901022,416,444,375,435,33.39590365667321,NEUTRAL,program,sonic_drive_smooth.py,function,bc4a84a5f90dcb414fa9a95aff361c8d4412f04ffa11cdb071a0b8ad9fecc202,平滑操舵：Follow the Gap：目標が空き空間内 | target_deg=7.300 | gap_min_deg=-25.0 | gap_max_deg=60.0,,248.59855661505057,115.21801883075166,81.79933310878978,49.48531374742229,35.46972207617978,0,50.45,36.89846796439565,1
50.5,604.3125478480296,281.9930489413769,-89.3784110968123,27.465637448552616,0.7445141137312654,34.39590365667321,2.3266066054102046,417,437,375,435,34.39590365667321,NEUTRAL,program,sonic_drive_smooth.py,function,bc4a84a5f90dcb414fa9a95aff361c8d4412f04ffa11cdb071a0b8ad9fecc202,平滑操舵：Follow the Gap：目標が空き空間内 | target_deg=1.861 | gap_min_deg=-25.0 | gap_max_deg=60.0,,250.0,115.87047572660208,84.80466371059721,51.34519578804438,36.18716073177482,0,50.5,36.90565969017433,1
50.55,602.9379156170928,282.0072414737493,-89.43851855889699,27.512779383147123,0.7432642802714606,34.593527346726546,2.3227008758483145,418,437,375,435,34.593527346726546,NEUTRAL,program,sonic_drive_smooth.py,function,bc4a84a5f90dcb414fa9a95aff361c8d4412f04ffa11cdb071a0b8ad9fecc202,平滑操舵：Follow the Gap：目標が空き空間内 | target_deg=1.858 | gap_min_deg=-25.0 | gap_max_deg=60.0,,250.0,113.42002862057193,81.66044798278962,52.112907029930135,35.29639874102132,0,50.55,36.90604509118947,1
50.6,601.5611204365005,282.0200476434196,-89.49564634079772,27.553038507560046,0.7053200089688607,34.61427812009515,2.20412502802769,418,437,375,435,34.61427812009515,NEUTRAL,program,sonic_drive_smooth.py,function,bc4a84a5f90dcb414fa9a95aff361c8d4412f04ffa11cdb071a0b8ad9fecc202,平滑操舵：Follow the Gap：目標が空き空間内 | target_deg=1.763 | gap_min_deg=-25.0 | gap_max_deg=60.0,,249.08868659148973,118.96059656689314,80.4336783528434,49.28129636717726,39.08256621524996,0,50.6,36.90710452998121,1
50.65,600.1826339565553,282.03147454317804,-89.55447400059532,27.582242994875873,0.7254205204851862,34.60328565285966,2.266939126516207,418,437,375,435,34.60328565285966,NEUTRAL,program,sonic_drive_smooth.py,function,bc4a84a5f90dcb414fa9a95aff361c8d4412f04ffa11cdb071a0b8ad9fecc202,平滑操舵：Follow the Gap：目標が空き空間内 | target_deg=1.813 | gap_min_deg=-25.0 | gap_max_deg=60.0,,248.7516058634257,114.46478188473537,84.28602539970319,49.9402305751406,37.500323411803116,0,50.65,36.909966336810896,1
50.7,598.8028616788764,282.04149909403003,-89.61299100954402,27.605309318435697,0.7209235718020863,34.605744921670734,2.25288616188152,418,437,375,435,34.605744921670734,NEUTRAL,program,sonic_drive_smooth.py,function,bc4a84a5f90dcb414fa9a95aff361c8d4412f04ffa11cdb071a0b8ad9fecc202,平滑操舵：Follow the Gap：目標が空き空間内 | target_deg=1.802 | gap_min_deg=-25.0 | gap_max_deg=60.0,,250.0,117.29398347106897,79.40803806419802,56.71028231204301,34.674024128393754,0,50.7,36.91416561034703,1
50.75,597.4219839245874,282.0501535714197,-89.6688302314603,27.626483581845026,0.6873907170596767,34.62408320160799,2.14809599081149,418,437,375,435,34.62408320160799,NEUTRAL,program,sonic_drive_smooth.py,function,bc4a84a5f90dcb414fa9a95aff361c8d4412f04ffa11cdb071a0b8ad9fecc202,平滑操舵：Follow the Gap：目標が空き空間内 | target_deg=1.718 | gap_min_deg=-25.0 | gap_max_deg=60.0,,249.9792977005822,111.90233158735396,80.6044552001714,53.59007983812993,40.05637146743897,0,50.75,36.919093881030335,1
50.8,596.040163426484,282.0574734828941,-89.7241500991049,27.64356172130218,0.680537230632903,34.62783120199763,2.1266788457278216,418,437,375,435,34.62783120199763,NEUTRAL,program,sonic_drive_smooth.py,function,bc4a84a5f90dcb414fa9a95aff361c8d4412f04ffa11cdb071a0b8ad9fecc202,平滑操舵：Follow the Gap：目標が空き空間内 | target_deg=1.701 | gap_min_deg=-25.0 | gap_max_deg=60.0,,247.78993451652016,116.35162721925253,79.68925353230011,50.07289132091416,37.64901942919789,0,50.8,36.92523982762896,1
50.85,594.6576568547836,282.0634426923547,-89.78108424718003,27.65486728440348,0.7000496878500533,34.617160326957,2.1876552745314166,418,437,375,435,34.617160326957,NEUTRAL,program,sonic_drive_smooth.py,function,bc4a84a5f90dcb414fa9a95aff361c8d4412f04ffa11cdb071a0b8ad9fecc202,平滑操舵：Follow the Gap：目標が空き空間内 | target_deg=1.750 | gap_min_deg=-25.0 | gap_max_deg=60.0,,247.69426087215612,116.35030643897488,83.17928515497651,49.860535068076096,38.02159083138825,0,50.85,36.93313922089732,1
50.9,593.2813230953774,282.06657598592335,-89.98246472377423,27.442771601625346,2.940049687850053,33.392160326957,9.187655274531416,416,444,375,435,33.392160326957,NEUTRAL,program,sonic_drive_smooth.py,function,bc4a84a5f90dcb414fa9a95aff361c8d4412f04ffa11cdb071a0b8ad9fecc202,平滑操舵：Follow the Gap：目標が空き空間内 | target_deg=7.317 | gap_min_deg=-25.0 | gap_max_deg=60.0,,250.0,112.8183201463503,80.50712263360612,47.387117346680185,36.20104440605379,0,50.9,36.979139806195974,1
50.95,591.9087020741164,282.0655881664504,-90.07580405212101,27.45876243918758,0.7048814188284959,34.392160326957,2.2027544338390497,417,437,375,435,34.392160326957,NEUTRAL,program,sonic_drive_smooth.py,function,bc4a84a5f90dcb414fa9a95aff361c8d4412f04ffa11cdb071a0b8ad9fecc202,平滑操舵：Follow the Gap：目標が空き空間内 | target_deg=1.762 | gap_min_deg=-25.0 | gap_max_deg=60.0,,250.0,114.26117313819722,81.48192662362406,50.911594227062075,37.375014582804965,0,50.95,36.96589816685565,1
51.0,590.5408552999436,282.061674219231,-90.27635124673297,27.290384681958546,2.9448814188284955,33.38951797407817,9.202754433839049,416,444,375,435,33.38951797407817,NEUTRAL,program,sonic_drive_smooth.py,function,bc4a84a5f90dcb414fa9a95aff361c8d4412f04ffa11cdb071a0b8ad9fecc202,平滑操舵：Follow the Gap：目標が空き空間内 | target_deg=7.328 | gap_min_deg=-25.0 | gap_max_deg=60.0,,249.21899460752317,112.04972109594239,81.8129251452391,49.44401259315187,38.4144928550364,0,51.0,36.920917012472046,1
51.05,589.17485390815,282.0536824004811,-90.37035406126837,27.340241145841002,0.7280823652253957,34.38951797407817,2.2752573913293617,417,437,375,435,34.38951797407817,NEUTRAL,program,sonic_drive_smooth.py,function,bc4a84a5f90dcb414fa9a95aff361c8d4412f04ffa11cdb071a0b8ad9fecc202,平滑操舵：Follow the Gap：目標が空き空間内 | target_deg=1.820 | gap_min_deg=-25.0 | gap_max_deg=60.0,,250.0,113.96993761864464,79.72095088156532,51.64073980222804,32.194218403954224,0,51.05,36.906032570093885,1
51.1,587.8054568789404,282.04416065861665,-90.42641534742667,27.420311750049493,0.6959062313561394,34.61942627972711,2.1747069729879356,418,437,375,435,34.61942627972711,NEUTRAL,program,sonic_drive_smooth.py,function,bc4a84a5f90dcb414fa9a95aff361c8d4412f04ffa11cdb071a0b8ad9fecc202,平滑操舵：Follow the Gap：目標が空き空間内 | target_deg=1.739 | gap_min_deg=-25.0 | gap_max_deg=60.0,,246.47193755351003,114.19736378767085,81.29129270576026,54.736835823624055,40.11332684820977,0,51.1,36.90192431984269,1
51.15,586.4326713318337,282.0332509694447,-90.48423815976336,27.48035708026284,0.7159935246314254,34.60844104121719,2.2374797644732043,418,437,375,435,34.60844104121719,NEUTRAL,program,sonic_drive_smooth.py,function,bc4a84a5f90dcb414fa9a95aff361c8d4412f04ffa11cdb071a0b8ad9fecc202,平滑操舵：Follow the Gap：目標が空き空間内 | target_deg=1.789 | gap_min_deg=-25.0 | gap_max_deg=60.0,,248.76983975953573,114.26953422892913,78.87871473805995,53.367504716801285,32.68315149566893,0,51.15,36.89878587700366,1
51.2,585.0572729293747,282.0209411472576,-90.54132945087014,27.527896537727784,0.7055875424857443,34.61413181270311,2.204961070267951,418,437,375,435,34.61413181270311,NEUTRAL,program,sonic_drive_smooth.py,function,bc4a84a5f90dcb414fa9a95aff361c8d4412f04ffa11cdb071a0b8ad9fecc202,平滑操舵：Follow the Gap：目標が空き空間内 | target_deg=1.764 | gap_min_deg=-25.0 | gap_max_deg=60.0,,249.41876592244364,112.66432707147375,83.11523940200891,54.76257695554323,39.765084408693426,0,51.2,36.89723540144132,1
51.25,583.679724408455,282.00727404801074,-90.5955327380881,27.568344956269367,0.6688466020407572,34.63422451450896,2.090145631377366,418,437,375,435,34.63422451450896,NEUTRAL,program,sonic_drive_smooth.py,function,bc4a84a5f90dcb414fa9a95aff361c8d4412f04ffa11cdb071a0b8ad9fecc202,平滑操舵：Follow the Gap：目標が空き空間内 | target_deg=1.672 | gap_min_deg=-25.0 | gap_max_deg=60.0,,250.0,110.90350674385321,81.81044265012702,53.22107323331403,42.65229762345961,0,51.25,36.89775264501333,1
51.3,582.3004627136219,281.9922775388178,-90.65035530543895,27.59900802832052,0.6756406945183998,34.63050899518525,2.1113771703699995,418,437,375,435,34.63050899518525,NEUTRAL,program,sonic_drive_smooth.py,function,bc4a84a5f90dcb414fa9a95aff361c8d4412f04ffa11cdb071a0b8ad9fecc202,平滑操舵：Follow the Gap：目標が空き空間内 | target_deg=1.689 | gap_min_deg=-25.0 | gap_max_deg=60.0,,250.0,110.73584588893404,78.530773193859,51.85465239196415,35.81416240155754,0,51.3,36.89945829522446,1
51.35,580.9198954059337,281.9759438222458,-90.70533283234606,27.62263647345083,0.6769021920464011,34.62981911372463,2.1153193501450036,418,437,375,435,34.62981911372463,NEUTRAL,program,sonic_drive_smooth.py,function,bc4a84a5f90dcb414fa9a95aff361c8d4412f04ffa11cdb071a0b8ad9fecc202,平滑操舵：Follow the Gap：目標が空き空間内 | target_deg=1.692 | gap_min_deg=-25.0 | gap_max_deg=60.0,,250.0,114.27545888692356,78.60845157479906,56.45939641273919,36.211256667957514,0,51.35,36.90247292503051,1
51.4,579.5383279682803,281.9582705781304,-90.76046180352219,27.64080540325703,0.678267308692826,34.62907256555861,2.1195853396650812,418,437,375,435,34.62907256555861,NEUTRAL,program,sonic_drive_smooth.py,function,bc4a84a5f90dcb414fa9a95aff361c8d4412f04ffa11cdb071a0b8ad9fecc202,平滑操舵：Follow the Gap：目標が空き空間内 | target_deg=1.695 | gap_min_deg=-25.0 | gap_max_deg=60.0,,249.5960982632354,110.9271710898794,81.06964682450955,51.58478761558419,38.579673186806055,0,51.4,36.9067997967249,1
51.45,578.1560451207112,281.9392406397665,-90.81702471189854,27.653176904815876,0.6955385904852922,34.61962733332835,2.173558095266538,418,437,375,435,34.61962733332835,NEUTRAL,program,sonic_drive_smooth.py,function,bc4a84a5f90dcb414fa9a95aff361c8d4412f04ffa11cdb071a0b8ad9fecc202,平滑操舵：Follow the Gap：目標が空き空間内 | target_deg=1.738 | gap_min_deg=-25.0 | gap_max_deg=60.0,,248.44219784815286,110.48470270971997,82.59122087178207,57.25149521894861,37.876799377634406,0,51.45,36.91214601595118,1
51.5,576.773207816514,281.9188503571958,-90.87253409881481,27.664065442864892,0.6823017912069878,34.62686620793368,2.132193097521837,418,437,375,435,34.62686620793368,NEUTRAL,program,sonic_drive_smooth.py,function,bc4a84a5f90dcb414fa9a95aff361c8d4412f04ffa11cdb071a0b8ad9fecc202,平滑操舵：Follow the Gap：目標が空き空間内 | target_deg=1.705 | gap_min_deg=-25.0 | gap_max_deg=60.0,,246.73760390997728,113.00030426410655,77.83068905043494,54.950486354605424,36.13966764916784,0,51.5,36.91911711100704,1
51.55,575.3898687506261,281.89712894933115,-90.92665274911215,27.674210152999105,0.6649579593882858,34.63635111595953,2.077993623088393,418,437,375,435,34.63635111595953,NEUTRAL,program,sonic_drive_smooth.py,function,bc4a84a5f90dcb414fa9a95aff361c8d4412f04ffa11cdb071a0b8ad9fecc202,平滑操舵：Follow the Gap：目標が空き空間内 | target_deg=1.662 | gap_min_deg=-25.0 | gap_max_deg=60.0,,250.0,109.96858866066088,77.64790770049483,53.09611381364003,37.33651728392381,0,51.55,36.9277647646083,1
51.6,574.006157966726,281.8740793220189,-90.98201811984637,27.680577506224587,0.6800817940555457,34.62808026887587,2.1252556064235804,418,437,375,435,34.62808026887587,NEUTRAL,program,sonic_drive_smooth.py,function,bc4a84a5f90dcb414fa9a95aff361c8d4412f04ffa11cdb071a0b8ad9fecc202,平滑操舵：Follow the Gap：目標が空き空間内 | target_deg=1.700 | gap_min_deg=-25.0 | gap_max_deg=60.0,,250.0,110.57251160886489,83.5664320992091,54.065048064164074,39.972642668398855,0,51.6,36.93744890051482,1
51.65,572.6222041163231,281.8496848411539,-91.03763892113352,27.685213534665362,0.6830877601240788,34.626436381182145,2.134649250387746,418,437,375,435,34.626436381182145,NEUTRAL,program,sonic_drive_smooth.py,function,bc4a84a5f90dcb414fa9a95aff361c8d4412f04ffa11cdb071a0b8ad9fecc202,平滑操舵：Follow the Gap：目標が空き空間内 | target_deg=1.707 | gap_min_deg=-25.0 | gap_max_deg=60.0,,249.85101772564246,114.27362311921246,80.2883182826311,54.67401528009023,37.37895117983145,0,51.65,36.94842585416137,1
51.7,571.2380762241316,281.8239424871534,-91.09331765575209,27.688744304453838,0.6837011806303055,34.6261009168428,2.1365661894697046,418,437,375,435,34.6261009168428,NEUTRAL,program,sonic_drive_smooth.py,function,bc4a84a5f90dcb414fa9a95aff361c8d4412f04ffa11cdb071a0b8ad9fecc202,平滑操舵：Follow the Gap：目標が空き空間内 | target_deg=1.709 | gap_min_deg=-25.0 | gap_max_deg=60.0,,250.0,111.10460060006027,76.99611755236022,55.597110975504464,34.22063717195526,0,51.7,36.960746381908336,1
51.75,569.8538649400148,281.7968386322628,-91.15018099151332,27.690050770762944,0.6981907894865027,34.61817691199957,2.181846217145321,418,437,375,435,34.61817691199957,NEUTRAL,program,sonic_drive_smooth.py,function,bc4a84a5f90dcb414fa9a95aff361c8d4412f04ffa11cdb071a0b8ad9fecc202,平滑操舵：Follow the Gap：目標が空き空間内 | target_deg=1.745 | gap_min_deg=-25.0 | gap_max_deg=60.0,,250.0,114.1151449765542,82.45811204277058,52.83475151007062,37.778164641984816,0,51.75,36.974152858212335,1
51.8,568.4695961144122,281.7683686607736,-91.20626775700376,27.692006995095127,0.6886144270433273,34.62341398521068,2.151920084510398,418,437,375,435,34.62341398521068,NEUTRAL,program,sonic_drive_smooth.py,function,bc4a84a5f90dcb414fa9a95aff361c8d4412f04ffa11cdb071a0b8ad9fecc202,平滑操舵：Follow the Gap：目標が空き空間内 | target_deg=1.721 | gap_min_deg=-25.0 | gap_max_deg=60.0,,247.87576339448378,113.97971252869549,80.47821456301943,55.36219027565698,38.12915976533091,0,51.8,36.90449888000349,1
51.85,567.0852968803322,281.7385339600377,-91.26305071950786,27.69268262148047,0.6971314882875421,34.61875621734275,2.178535900898569,418,437,375,435,34.61875621734275,NEUTRAL,program,sonic_drive_smooth.py,function,bc4a84a5f90dcb414fa9a95aff361c8d4412f04ffa11cdb071a0b8ad9fecc202,平滑操舵：Follow the Gap：目標が空き空間内 | target_deg=1.742 | gap_min_deg=-25.0 | gap_max_deg=60.0,,247.10117042845778,112.01827728833335,80.13127584299383,52.5836018996448,35.947463893277906,0,51.85,36.6792077788044,1
51.9,565.701062972021,281.7073070808879,-91.32157743897857,27.691093676361366,0.718555556598032,34.60703992998545,2.24548611436885,418,437,375,435,34.60703992998545,NEUTRAL,program,sonic_drive_smooth.py,function,bc4a84a5f90dcb414fa9a95aff361c8d4412f04ffa11cdb071a0b8ad9fecc202,平滑操舵：Follow the Gap：目標が空き空間内 | target_deg=1.796 | gap_min_deg=-25.0 | gap_max_deg=60.0,,248.15209819765846,111.47086503387118,83.77044654752794,55.4335699522488,37.3185296113378,0,51.9,36.504298184901344,1
51.95,564.3168402508611,281.67469528051413,-91.37766004474375,27.692822125035974,0.6885408514615016,34.62345422185699,2.1516901608171923,418,437,375,435,34.62345422185699,NEUTRAL,program,sonic_drive_smooth.py,function,bc4a84a5f90dcb414fa9a95aff361c8d4412f04ffa11cdb071a0b8ad9fecc202,平滑操舵：Follow the Gap：目標が空き空間内 | target_deg=1.721 | gap_min_deg=-25.0 | gap_max_deg=60.0,,249.65654243530932,111.39745443351852,80.36258116705132,51.81064258305596,39.48936281145484,0,51.95,36.37950704548495,1
52.0,562.9326269332299,281.6407111201269,-91.43514034315604,27.69247052545057,0.7056869466497233,34.61407745105093,2.205271708280385,418,437,375,435,34.61407745105093,NEUTRAL,program,sonic_drive_smooth.py,function,bc4a84a5f90dcb414fa9a95aff361c8d4412f04ffa11cdb071a0b8ad9fecc202,平滑操舵：Follow the Gap：目標が空き空間内 | target_deg=1.764 | gap_min_deg=-25.0 | gap_max_deg=60.0,,249.5583578629461,110.40882207001795,81.46947913622368,52.02771337867052,36.129796840704586,0,52.0,36.30616763998169,1
52.05,561.5484324117997,281.605348115429,-91.49177527175706,27.69322212375571,0.6953014471248149,34.61975702110362,2.1728170222650465,418,437,375,435,34.61975702110362,NEUTRAL,program,sonic_drive_smooth.py,function,bc4a84a5f90dcb414fa9a95aff361c8d4412f04ffa11cdb071a0b8ad9fecc202,平滑操舵：Follow the Gap：目標が空き空間内 | target_deg=1.738 | gap_min_deg=-25.0 | gap_max_deg=60.0,,248.08842570811248,108.20916169556293,82.64265526863227,52.65920673717122,39.93390681008407,0,52.05,36.28406349326268,1
52.1,560.1642303851567,281.5686192367279,-91.5481221121906,27.694155142871264,0.6917434523220828,34.62170279951136,2.161698288506509,418,437,375,435,34.62170279951136,NEUTRAL,program,sonic_drive_smooth.py,function,bc4a84a5f90dcb414fa9a95aff361c8d4412f04ffa11cdb071a0b8ad9fecc202,平滑操舵：Follow the Gap：目標が空き空間内 | target_deg=1.729 | gap_min_deg=-25.0 | gap_max_deg=60.0,,250.0,109.64531742749263,80.27516384048471,55.466611481783616,37.29731751815295,0,52.1,36.29637116628842,1
52.15,558.7800193901542,281.53052961211716,-91.60432236678005,27.695057553742817,0.6899212805142285,34.62269929971878,2.156004001606964,418,437,375,435,34.62269929971878,NEUTRAL,program,sonic_drive_smooth.py,function,bc4a84a5f90dcb414fa9a95aff361c8d4412f04ffa11cdb071a0b8ad9fecc202,平滑操舵：Follow the Gap：目標が空き空間内 | target_deg=1.724 | gap_min_deg=-25.0 | gap_max_deg=60.0,,249.43486780536995,111.05997227696099,81.32648135782604,51.120337596457425,38.33756892516248,0,52.15,36.308273462699944,1
52.2,557.395713116336,281.4911093284853,-91.65796966213644,27.69885254871683,0.658520668569927,34.63987150937582,2.0578770892810216,418,437,375,435,34.63987150937582,NEUTRAL,program,sonic_drive_smooth.py,function,bc4a84a5f90dcb414fa9a95aff361c8d4412f04ffa11cdb071a0b8ad9fecc202,平滑操舵：Follow the Gap：目標が空き空間内 | target_deg=1.646 | gap_min_deg=-25.0 | gap_max_deg=60.0,,248.7197984978114,110.21410075224502,77.44788876769516,56.15147146674667,38.55069525058028,0,52.2,36.318294656189906,1
52.25,556.0093015752927,281.4509794952666,-91.65796966213644,27.766719327956526,1.4210854715202004e-16,35.0,4.440892098500626e-16,418,435,375,435,35.0,NEUTRAL,program,sonic_drive_smooth.py,function,bc4a84a5f90dcb414fa9a95aff361c8d4412f04ffa11cdb071a0b8ad9fecc202,平滑操舵：Follow the Gap：目標が空き空間内 | target_deg=0.000 | gap_min_deg=-25.0 | gap_max_deg=60.0,,249.38485438098536,110.06688961442609,80.15859954245764,52.59683930988939,42.29599813493476,0,52.25,36.31829465618987,1
52.3,554.6220088745562,281.41015420273027,-91.71343378765518,27.75206239010443,0.6818705730777398,34.62710203034811,2.130845540867937,418,437,375,435,34.62710203034811,NEUTRAL,program,sonic_drive_smooth.py,function,bc4a84a5f90dcb414fa9a95aff361c8d4412f04ffa11cdb071a0b8ad9fecc202,平滑操舵：Follow the Gap：目標が空き空間内 | target_deg=1.704 | gap_min_deg=-25.0 | gap_max_deg=60.0,,250.0,107.80299839336722,80.4041388830271,55.00547216993615,34.342749124453206,0,52.3,36.32592343100941,1
52.35,553.2353516943708,281.3680121348983,-91.76806069160112,27.74194105929062,0.6693698696796472,34.63393835251894,2.0917808427488973,418,437,375,435,34.63393835251894,NEUTRAL,program,sonic_drive_smooth.py,function,bc4a84a5f90dcb414fa9a95aff361c8d4412f04ffa11cdb071a0b8ad9fecc202,平滑操舵：Follow the Gap：目標が空き空間内 | target_deg=1.673 | gap_min_deg=-25.0 | gap_max_deg=60.0,,248.49594735312007,108.5195921143831,79.97170548564604,52.53629595529608,39.03594189884964,0,52.35,36.33207142448386,1
52.4,551.8492570931828,281.3245367649092,-91.82496800479727,27.7313200664405,0.6975721492320388,34.61851523088873,2.179912966350121,418,437,375,435,34.61851523088873,NEUTRAL,program,sonic_drive_smooth.py,function,bc4a84a5f90dcb414fa9a95aff361c8d4412f04ffa11cdb071a0b8ad9fecc202,平滑操舵：Follow the Gap：目標が空き空間内 | target_deg=1.743 | gap_min_deg=-25.0 | gap_max_deg=60.0,,246.20496366451937,109.23513285615505,83.58460989282719,53.41816616335284,37.956231730331005,0,52.4,36.33705122730117,1
52.45,550.4635702532713,281.2797277345935,-91.87929463528073,27.72619402455265,0.6661163080557071,34.635717644032034,2.0816134626740848,418,437,375,435,34.635717644032034,NEUTRAL,program,sonic_drive_smooth.py,function,bc4a84a5f90dcb414fa9a95aff361c8d4412f04ffa11cdb071a0b8ad9fecc202,平滑操舵：Follow the Gap：目標が空き空間内 | target_deg=1.665 | gap_min_deg=-25.0 | gap_max_deg=60.0,,248.02882972748154,107.68513982013515,79.46772632461155,58.344008877041375,40.0997809723145,0,52.45,36.34044551389939,1
52.5,549.078099423893,281.23362655846273,-91.9323029143411,27.7238087972504,0.6500343350554201,34.64451247301657,2.0313572970481877,418,437,375,435,34.64451247301657,NEUTRAL,program,sonic_drive_smooth.py,function,bc4a84a5f90dcb414fa9a95aff361c8d4412f04ffa11cdb071a0b8ad9fecc202,平滑操舵：Follow the Gap：目標が空き空間内 | target_deg=1.625 | gap_min_deg=-25.0 | gap_max_deg=60.0,,249.1405962073059,111.216920758907,77.56532028145043,54.6419552828244,38.09582247453676,0,52.5,36.34243252239864,1
52.55,547.6928331714968,281.1862300601166,-91.9868864553498,27.72004903305746,0.6694274875996112,34.633906842718964,2.091960898748785,418,437,375,435,34.633906842718964,NEUTRAL,program,sonic_drive_smooth.py,function,bc4a84a5f90dcb414fa9a95aff361c8d4412f04ffa11cdb071a0b8ad9fecc202,平滑操舵：Follow the Gap：目標が空き空間内 | target_deg=1.673 | gap_min_deg=-25.0 | gap_max_deg=60.0,,250.0,112.32376819212625,81.29350692047156,53.58354955122097,38.05828816526008,0,52.55,36.34311435132101,1
52.6,546.3057598624239,281.1381094092405,-91.98692398588688,27.78313895923971,0.0,35.0,0.0,418,435,375,435,35.0,NEUTRAL,program,sonic_drive_smooth.py,function,bc4a84a5f90dcb414fa9a95aff361c8d4412f04ffa11cdb071a0b8ad9fecc202,平滑操舵：Follow the Gap：目標が空き空間内 | target_deg=0.000 | gap_min_deg=-25.0 | gap_max_deg=60.0,,248.06804787034068,111.28445381925377,75.08136447189061,55.91902928182786,37.78814991960878,0,52.6,36.34311427523269,1
52.65,544.9159630805215,281.0898941991665,-91.98692398588688,27.832010899932744,0.0,35.0,0.0,418,435,375,435,35.0,NEUTRAL,program,sonic_drive_smooth.py,function,bc4a84a5f90dcb414fa9a95aff361c8d4412f04ffa11cdb071a0b8ad9fecc202,平滑操舵：Follow the Gap：目標が空き空間内 | target_deg=0.000 | gap_min_deg=-25.0 | gap_max_deg=60.0,,250.0,105.4330374184094,78.96487171930731,57.01461949295016,39.00513462524918,0,52.65,36.343114275232665,1
52.7,543.5261155559135,281.04100297505454,-92.04264463317618,27.80243139181143,0.6839844725175795,34.62594599159195,2.137451476617436,418,437,375,435,34.62594599159195,NEUTRAL,program,sonic_drive_smooth.py,function,bc4a84a5f90dcb414fa9a95aff361c8d4412f04ffa11cdb071a0b8ad9fecc202,平滑操舵：Follow the Gap：目標が空き空間内 | target_deg=1.710 | gap_min_deg=-25.0 | gap_max_deg=60.0,,249.55565766603053,111.41274012168746,83.01007677998585,57.994264122382205,36.90470876878769,0,52.7,36.33970978683572,1
52.75,542.1374817391048,280.9908343068313,-92.09552812589124,27.783168059987982,0.6469632287989252,34.646191984250585,2.0217600899966413,418,437,375,435,34.646191984250585,NEUTRAL,program,sonic_drive_smooth.py,function,bc4a84a5f90dcb414fa9a95aff361c8d4412f04ffa11cdb071a0b8ad9fecc202,平滑操舵：Follow the Gap：目標が空き空間内 | target_deg=1.617 | gap_min_deg=-25.0 | gap_max_deg=60.0,,249.86771930340024,110.13816914736555,78.8438477721747,56.188390479708055,41.07359098305297,0,52.75,36.33515511907663,1
52.8,540.7497636854472,280.93940426127574,-92.14939257168027,27.767022158193928,0.6593752490878616,34.639404160655076,2.0605476533995675,418,437,375,435,34.639404160655076,NEUTRAL,program,sonic_drive_smooth.py,function,bc4a84a5f90dcb414fa9a95aff361c8d4412f04ffa11cdb071a0b8ad9fecc202,平滑操舵：Follow the Gap：目標が空き空間内 | target_deg=1.648 | gap_min_deg=-25.0 | gap_max_deg=60.0,,248.7018407675193,108.30870329487348,78.63522614356266,56.90859730254902,36.53080359101102,0,52.8,36.32916728295487,1
52.85,539.3628442888973,280.8866811274454,-92.20465884102823,27.752787120379903,0.6768992795883189,34.62982070647514,2.1153102487134965,418,437,375,435,34.62982070647514,NEUTRAL,program,sonic_drive_smooth.py,function,bc4a84a5f90dcb414fa9a95aff361c8d4412f04ffa11cdb071a0b8ad9fecc202,平滑操舵：Follow the Gap：目標が空き空間内 | target_deg=1.692 | gap_min_deg=-25.0 | gap_max_deg=60.0,,249.751309774371,109.23625670719579,79.77207802122793,57.63984367402748,36.20441954187319,0,52.85,36.32163963807731,1
52.9,537.976528955076,280.8326623202979,-92.25822861205124,27.74378277468,0.656384351063545,34.641039808012124,2.051201097073578,418,437,375,435,34.641039808012124,NEUTRAL,program,sonic_drive_smooth.py,function,bc4a84a5f90dcb414fa9a95aff361c8d4412f04ffa11cdb071a0b8ad9fecc202,平滑操舵：Follow the Gap：目標が空き空間内 | target_deg=1.641 | gap_min_deg=-25.0 | gap_max_deg=60.0,,250.0,109.014183560963,80.44397692067491,51.88424149579071,40.89670591806214,0,52.9,36.313002309626185,1
52.95,536.5905838368099,280.77859389424424,-92.19755468129955,27.7375018130594,-0.9436156489364551,34.644890076045954,-2.948798902926422,418,431,375,435,34.644890076045954,NEUTRAL,program,sonic_drive_smooth.py,function,bc4a84a5f90dcb414fa9a95aff361c8d4412f04ffa11cdb071a0b8ad9fecc202,平滑操舵：安全制御優先：仕切り壁予防：右壁の向き・離隔を保持 | target_deg=-2.358,,250.0,109.7198844612152,79.84104320966448,57.33794551888006,39.7638560252799,0,52.95,36.32440082827808,1
53.0,535.2028878875633,280.72682185132487,-92.07563564069909,27.79665856975121,-1.4921958187532425,35.0,-4.663111933603883,418,430,375,435,35.0,NEUTRAL,program,sonic_drive_smooth.py,function,bc4a84a5f90dcb414fa9a95aff361c8d4412f04ffa11cdb071a0b8ad9fecc202,平滑操舵：安全制御優先：仕切り壁予防：右壁の向き・離隔を保持 | target_deg=-3.726,,249.60144204300866,103.88124458929528,75.36231217187097,59.1127877449641,42.0925184149367,0,53.0,36.3497913799463,1
53.05,533.8125432025103,280.6775719972188,-91.9818178202536,27.8424837225067,-1.1462556443614245,35.0,-3.5820488886294517,418,431,375,435,35.0,NEUTRAL,program,sonic_drive_smooth.py,function,bc4a84a5f90dcb414fa9a95aff361c8d4412f04ffa11cdb071a0b8ad9fecc202,平滑操舵：安全制御優先：仕切り壁予防：右壁の向き・離隔を保持 | target_deg=-2.864,,246.624562611298,108.62285812802637,81.03982117689856,53.36593578514081,38.26171744463628,0,53.05,36.371454985801996,1
53.1,532.4201017661027,280.63174151779316,-91.77750050703922,27.87798168998325,-2.6639524015381526,35.0,-8.324851254806727,418,426,375,435,35.0,NEUTRAL,program,sonic_drive_smooth.py,function,bc4a84a5f90dcb414fa9a95aff361c8d4412f04ffa11cdb071a0b8ad9fecc202,平滑操舵：安全制御優先：仕切り壁予防：右壁の向き・離隔を保持 | target_deg=-6.635,,247.40681768389982,106.99479755141095,76.86977321589859,57.49863200816886,37.384394508718124,0,53.1,36.43895136915426,1
53.15,531.027210901272,280.59171016105614,-91.51492773337222,27.863680109340624,-3.2,34.76815103040882,-10.0,418,424,375,435,34.76815103040882,NEUTRAL,program,sonic_drive_smooth.py,function,bc4a84a5f90dcb414fa9a95aff361c8d4412f04ffa11cdb071a0b8ad9fecc202,平滑操舵：安全制御優先：仕切り壁予防：右壁の向き・離隔を保持 | target_deg=-7.957,,250.0,108.23168629761994,81.19871239730506,58.03607181541896,37.95221944564628,0,53.15,36.5614137399284,1
53.2,529.6363645452932,280.55811088031476,-91.25277212100276,27.799749781279473,-3.2,34.475,-10.0,418,424,375,435,34.475,NEUTRAL,program,sonic_drive_smooth.py,function,bc4a84a5f90dcb414fa9a95aff361c8d4412f04ffa11cdb071a0b8ad9fecc202,平滑操舵：安全制御優先：仕切り壁予防：右壁の向き・離隔を保持 | target_deg=-7.957,,247.8493950868848,114.82849502239891,81.42995335957633,59.52964385837216,36.683787559858786,0,53.2,36.7235084891899,1
53.25,528.2481400172911,280.53092347047993,-90.99113684540562,27.75022683220413,-3.2,34.475,-10.0,418,424,375,435,34.475,NEUTRAL,program,sonic_drive_smooth.py,function,bc4a84a5f90dcb414fa9a95aff361c8d4412f04ffa11cdb071a0b8ad9fecc202,平滑操舵：安全制御優先：仕切り壁予防：右壁の向き・離隔を保持 | target_deg=-7.957,,250.0,111.03166211082672,81.63519496403421,56.92277472888738,40.21967107317354,0,53.25,36.92446580048828,1
53.3,526.861962988313,280.50886916354665,-90.84428391478141,27.7118644061147,-1.6,34.475,-5.0,418,429,375,435,34.475,NEUTRAL,program,sonic_drive_smooth.py,function,bc4a84a5f90dcb414fa9a95aff361c8d4412f04ffa11cdb071a0b8ad9fecc202,平滑操舵：安全制御優先：仕切り壁予防：右壁の向き・離隔を保持 | target_deg=-3.995,,249.16267001440488,111.07142742518712,80.48388867272095,51.506552657865335,39.101989931765964,0,53.3,37.1400732186819,1
53.35,525.4764416536362,280.49011414524796,-90.70678244521882,27.713697848675295,-1.686466464735319,34.65,-5.2702077022978715,418,429,375,435,34.65,NEUTRAL,program,sonic_drive_smooth.py,function,bc4a84a5f90dcb414fa9a95aff361c8d4412f04ffa11cdb071a0b8ad9fecc202,平滑操舵：安全制御優先：仕切り壁予防：右壁の向き・離隔を保持 | target_deg=-4.210,,250.0,110.25334827306413,80.24809580478318,54.73169508980275,37.62024941784187,0,53.35,37.395739523193875,1
53.4,524.0905322240902,280.47570630640286,-90.47839038390295,27.723643290375787,-2.8882939436229695,34.69728634790213,-9.02591857382178,418,425,375,435,34.69728634790213,NEUTRAL,program,sonic_drive_smooth.py,function,bc4a84a5f90dcb414fa9a95aff361c8d4412f04ffa11cdb071a0b8ad9fecc202,平滑操舵：安全制御優先：仕切り壁予防：右壁の向き・離隔を保持 | target_deg=-7.189,,250.0,111.59293897910604,80.49250471939955,54.17098837830782,35.042977772900045,0,53.4,37.710273072582325,1
53.45,522.7044323790345,280.46624026062284,-90.30557774165572,27.722004492506425,-2.0978324144300693,34.64546424958119,-6.555726295093967,418,428,375,435,34.64546424958119,NEUTRAL,program,sonic_drive_smooth.py,function,bc4a84a5f90dcb414fa9a95aff361c8d4412f04ffa11cdb071a0b8ad9fecc202,平滑操舵：安全制御優先：仕切り壁予防：右壁の向き・離隔を保持 | target_deg=-5.232,,250.0,112.49478376004944,82.69757945931302,56.700948287434905,40.34852489803149,0,53.45,38.05165768832241,1
53.5,521.3168714821609,280.4618740990837,-90.05005251800486,27.770636682853347,-3.2,34.92225210164145,-10.0,418,424,375,435,34.92225210164145,NEUTRAL,program,sonic_drive_smooth.py,function,bc4a84a5f90dcb414fa9a95aff361c8d4412f04ffa11cdb071a0b8ad9fecc202,平滑操舵：安全制御優先：仕切り壁予防：右壁の向き・離隔を保持 | target_deg=-7.957,,250.0,107.59568629236118,79.44102209347194,55.91547176879226,35.60349892176788,0,53.5,38.44646278667222,1
53.55,519.9296387490963,280.46336289160666,-89.82696668237294,27.727674679970477,-2.7317554528763406,34.475,-8.536735790238565,418,426,375,435,34.475,NEUTRAL,program,sonic_drive_smooth.py,function,bc4a84a5f90dcb414fa9a95aff361c8d4412f04ffa11cdb071a0b8ad9fecc202,平滑操舵：安全制御優先：仕切り壁予防：右壁の向き・離隔を保持 | target_deg=-6.802,,245.79179730226394,111.67758196980739,79.70084953833128,55.8123107777101,38.84174791231406,0,53.55,38.544402759145214,1
53.6,518.5428779175955,280.46909793306384,-89.708142053465,27.740561321221023,-1.3185839130585024,34.73107123670825,-4.12057472830782,418,430,375,435,34.73107123670825,NEUTRAL,program,sonic_drive_smooth.py,function,bc4a84a5f90dcb414fa9a95aff361c8d4412f04ffa11cdb071a0b8ad9fecc202,平滑操舵：安全制御優先：仕切り壁予防：右壁の向き・離隔を保持 | target_deg=-3.293,,250.0,112.23938810692977,76.79693134081911,53.00157299908443,39.15706965574875,0,53.6,38.50971776362468,1
53.65,517.1560383871205,280.4772075718787,-89.62178362099306,27.735107758017858,-1.0584505847919021,34.645452561370476,-3.307658077474694,418,431,375,435,34.645452561370476,NEUTRAL,program,sonic_drive_smooth.py,function,bc4a84a5f90dcb414fa9a95aff361c8d4412f04ffa11cdb071a0b8ad9fecc202,平滑操舵：安全制御優先：仕切り壁予防：右壁の向き・離隔を保持 | target_deg=-2.645,,247.48007635028932,116.11549835012248,80.3964638474137,54.83971277418753,39.3931219926217,0,53.65,38.4805952771124,1
53.7,515.7694744451398,280.4869762492678,-89.57090456485814,27.729909381208362,-0.6237637260088498,34.64005104089888,-1.9492616437776555,418,432,375,435,34.64005104089888,NEUTRAL,program,sonic_drive_smooth.py,function,bc4a84a5f90dcb414fa9a95aff361c8d4412f04ffa11cdb071a0b8ad9fecc202,平滑操舵：安全制御優先：仕切り壁予防：右壁の向き・離隔を保持 | target_deg=-1.559,,250.0,112.32421735318766,78.38659878561312,50.354585558414726,36.53858208723461,0,53.7,38.458457370642236,1
53.75,514.3811777271264,280.49710402795813,-89.59689674910763,27.790777173122724,0.37327930123364894,35.0,1.166497816355153,418,436,375,435,35.0,NEUTRAL,program,sonic_drive_smooth.py,function,bc4a84a5f90dcb414fa9a95aff361c8d4412f04ffa11cdb071a0b8ad9fecc202,平滑操舵：安全制御優先：仕切り壁予防：右壁の向き・離隔を保持 | target_deg=0.933,,249.84225686866125,114.96249062042718,77.0850143319632,52.696410181843376,40.1096810620212,0,53.75,38.45464756805404,1
53.8,512.9921879576691,280.50766024772054,-89.52323253903043,27.773927208010566,-1.0388904633838179,34.64501034844951,-3.2465326980744305,418,431,375,435,34.64501034844951,NEUTRAL,program,sonic_drive_smooth.py,function,bc4a84a5f90dcb414fa9a95aff361c8d4412f04ffa11cdb071a0b8ad9fecc202,平滑操舵：安全制御優先：仕切り壁予防：右壁の向き・離隔を保持 | target_deg=-2.596,,250.0,110.36542394244135,81.30808434664631,57.12402657318532,39.163031063775996,0,53.8,38.426191035915565,1
53.85,511.60399457216823,280.5201641214206,-89.4446348715281,27.75914052210686,-0.9623878090419222,34.635392211391135,-3.007461903256007,418,431,375,435,34.635392211391135,NEUTRAL,program,sonic_drive_smooth.py,function,bc4a84a5f90dcb414fa9a95aff361c8d4412f04ffa11cdb071a0b8ad9fecc202,平滑操舵：安全制御優先：仕切り壁予防：右壁の向き・離隔を保持 | target_deg=-2.405,,249.39900410709,116.23657608018851,79.52276298248105,51.42903775326082,36.58728267477175,0,53.85,38.39460646562816,1
53.9,510.21649438282617,280.53369714569294,-89.44117539598479,27.746198749413796,0.008295423499358207,34.62714197022548,0.0259231984354944,418,435,375,435,34.62714197022548,NEUTRAL,program,sonic_drive_smooth.py,function,bc4a84a5f90dcb414fa9a95aff361c8d4412f04ffa11cdb071a0b8ad9fecc202,平滑操舵：安全制御優先：仕切り壁予防：右壁の向き・離隔を保持 | target_deg=0.021,,247.0695682774173,113.32255968052034,82.96925436606422,52.15715921932555,39.270943125141535,0,53.9,38.380234042637596,1
53.95,508.82951593638956,280.5479933131372,-89.37577648213855,27.737664348894445,-0.830117511795811,34.6354109729627,-2.5941172243619093,418,432,375,435,34.6354109729627,NEUTRAL,program,sonic_drive_smooth.py,function,bc4a84a5f90dcb414fa9a95aff361c8d4412f04ffa11cdb071a0b8ad9fecc202,平滑操舵：安全制御優先：仕切り壁予防：右壁の向き・離隔を保持 | target_deg=-2.075,,248.25833027857004,114.0237667947755,78.2304054469064,54.022993689424936,37.651522605421235,0,53.95,38.350076597682516,1
54.0,507.4409335030229,280.5634654001647,-89.34745581290002,27.79678447640813,-0.3466957389152694,35.0,-1.0834241841102168,418,433,375,435,35.0,NEUTRAL,program,sonic_drive_smooth.py,function,bc4a84a5f90dcb414fa9a95aff361c8d4412f04ffa11cdb071a0b8ad9fecc202,平滑操舵：安全制御優先：仕切り壁予防：右壁の向き・離隔を保持 | target_deg=-0.867,,248.96649849574544,115.67992529813114,76.76392319884253,53.24217133173406,39.1662912534008,0,54.0,38.32773996734903,1
54.05,506.0517619526017,280.5799977208527,-89.28887173700578,27.777935314220954,-0.716834985415264,34.6414306003748,-2.2401093294227,418,432,375,435,34.6414306003748,NEUTRAL,program,sonic_drive_smooth.py,function,bc4a84a5f90dcb414fa9a95aff361c8d4412f04ffa11cdb071a0b8ad9fecc202,平滑操舵：安全制御優先：仕切り壁予防：右壁の向き・離隔を保持 | target_deg=-1.792,,250.0,112.59171373437306,80.76846888434434,54.10349418810413,38.403116439213925,0,54.05,38.297015546464706,1
54.1,504.66340489903973,280.59792058071264,-89.23190188616793,27.763896394202582,-0.6974854885709314,34.64454995129429,-2.1796421517841607,418,432,375,435,34.64454995129429,NEUTRAL,program,sonic_drive_smooth.py,function,bc4a84a5f90dcb414fa9a95aff361c8d4412f04ffa11cdb071a0b8ad9fecc202,平滑操舵：安全制御優先：仕切り壁予防：右壁の向き・離隔を保持 | target_deg=-1.743,,250.0,114.11127735209608,79.90835383120519,55.10556243283803,39.696085890537354,0,54.1,38.26530183533413,1
54.15,503.27576753054615,280.61794985737816,-89.11292212876604,27.75023211205893,-1.4757645099031647,34.629079292196884,-4.611764093447389,418,430,375,435,34.629079292196884,NEUTRAL,program,sonic_drive_smooth.py,function,bc4a84a5f90dcb414fa9a95aff361c8d4412f04ffa11cdb071a0b8ad9fecc202,平滑操舵：安全制御優先：仕切り壁予防：右壁の向き・離隔を保持 | target_deg=-3.685,,249.35865950307684,115.03350682752166,81.25145289469434,53.79518130384023,36.824138749939,0,54.15,38.21650329218619,1
54.2,501.8888969273855,280.6420594413951,-88.8851338255119,27.73597648593623,-2.9463963900660315,34.608718952347665,-9.207488718956348,418,425,375,435,34.608718952347665,NEUTRAL,program,sonic_drive_smooth.py,function,bc4a84a5f90dcb414fa9a95aff361c8d4412f04ffa11cdb071a0b8ad9fecc202,平滑操舵：安全制御優先：仕切り壁予防：右壁の向き・離隔を保持 | target_deg=-7.332,,250.0,118.6710205145453,80.88507576312972,52.59860502446282,33.487245411905626,0,54.2,38.13743757755395,1
54.25,500.5027008806551,280.67071235089264,-88.75897434235137,27.725829644636995,-1.3463963900660314,34.613689474182635,-4.207488718956348,418,430,375,435,34.613689474182635,NEUTRAL,program,sonic_drive_smooth.py,function,bc4a84a5f90dcb414fa9a95aff361c8d4412f04ffa11cdb071a0b8ad9fecc202,平滑操舵：安全制御優先：仕切り壁予防：右壁の向き・離隔を保持 | target_deg=-3.363,,249.1961277794894,113.36063974019491,78.47435241658202,52.117375386854505,40.394041779752726,0,54.25,38.07841726882191,1
54.3,499.1168476950276,280.70083155926363,-88.7633440174325,27.72215293478474,0.2536036099339685,34.63689357658743,0.7925112810436516,418,435,375,435,34.63689357658743,NEUTRAL,program,sonic_drive_smooth.py,function,bc4a84a5f90dcb414fa9a95aff361c8d4412f04ffa11cdb071a0b8ad9fecc202,平滑操舵：安全制御優先：仕切り壁予防：右壁の向き・離隔を保持 | target_deg=0.634,,250.0,113.64805627592547,81.62935731179682,52.55542766768578,40.287247182044126,0,54.3,38.04934903525674,1
54.35,497.73116531096656,280.7309040568795,-88.7501456832912,27.718875548342606,-0.16188288590439426,34.634512602601994,-0.5058840184512321,418,434,375,435,34.634512602601994,NEUTRAL,program,sonic_drive_smooth.py,function,bc4a84a5f90dcb414fa9a95aff361c8d4412f04ffa11cdb071a0b8ad9fecc202,平滑操舵：安全制御優先：仕切り壁予防：右壁の向き・離隔を保持 | target_deg=-0.405,,250.0,110.66097155485296,80.7750042457481,54.205426754373256,38.69161248239962,0,54.35,38.01610231586619,1
54.4,496.3456087227747,280.761208614096,-88.74393510379284,27.71702715999089,-0.07618205265590319,34.63834204376964,-0.23806891454969747,418,434,375,435,34.63834204376964,NEUTRAL,program,sonic_drive_smooth.py,function,bc4a84a5f90dcb414fa9a95aff361c8d4412f04ffa11cdb071a0b8ad9fecc202,平滑操舵：安全制御優先：仕切り壁予防：右壁の向き・離隔を保持 | target_deg=-0.190,,248.59571339204177,113.82266829721094,80.3717396864608,53.96236396478561,39.54346455182423,0,54.4,37.984304292879756,1
54.45,494.96010035259656,280.7928935428267,-88.62356348797462,27.717674218460285,-1.6761820526559033,34.64987296679243,-5.2380689145496975,418,429,375,435,34.64987296679243,NEUTRAL,program,sonic_drive_smooth.py,function,bc4a84a5f90dcb414fa9a95aff361c8d4412f04ffa11cdb071a0b8ad9fecc202,平滑操舵：安全制御優先：仕切り壁予防：右壁の向き・離隔を保持 | target_deg=-4.184,,250.0,114.92691517238073,75.50592445902596,56.06766632707868,37.00920184009445,0,54.45,37.923697387090726,1
54.5,493.57441981514296,280.82803159019744,-88.47124963865942,27.725709548520246,-1.8673755822243527,34.6916620600462,-5.835548694451102,418,428,375,435,34.6916620600462,NEUTRAL,program,sonic_drive_smooth.py,function,bc4a84a5f90dcb414fa9a95aff361c8d4412f04ffa11cdb071a0b8ad9fecc202,平滑操舵：安全制御優先：仕切り壁予防：右壁の向き・離隔を保持 | target_deg=-4.660,,248.18795440318397,116.91939318327806,78.56818916394809,54.28689417462054,37.70202226872709,0,54.5,37.8520279103721,1
54.55,492.1878906443213,280.86577194458766,-88.41784478033922,27.75078481025495,-0.5453108623589713,34.79622102152894,-1.7040964448717855,418,433,375,435,34.79622102152894,NEUTRAL,program,sonic_drive_smooth.py,function,bc4a84a5f90dcb414fa9a95aff361c8d4412f04ffa11cdb071a0b8ad9fecc202,平滑操舵：安全制御優先：仕切り壁予防：右壁の向き・離隔を保持 | target_deg=-1.363,,249.8626204703192,118.68572248838,82.744689910172,52.972273254916296,39.80519470977817,0,54.55,37.80149610697487,1
54.6,490.8012128558731,280.9051698801389,-88.32728469789322,27.740793318554157,-1.1096361807581445,34.63306155181881,-3.4676130648692016,418,431,375,435,34.63306155181881,NEUTRAL,program,sonic_drive_smooth.py,function,bc4a84a5f90dcb414fa9a95aff361c8d4412f04ffa11cdb071a0b8ad9fecc202,平滑操舵：安全制御優先：仕切り壁予防：右壁の向き・離隔を保持 | target_deg=-2.772,,250.0,114.86102754986997,79.00333390988156,52.736735053521514,36.66428267444281,0,54.6,37.7404279837383,1
54.65,489.41498976279007,280.9458015298719,-88.31962490738108,27.733468069836544,-0.024070026852998295,34.63536094481253,-0.07521883391561968,418,434,375,435,34.63536094481253,NEUTRAL,program,sonic_drive_smooth.py,function,bc4a84a5f90dcb414fa9a95aff361c8d4412f04ffa11cdb071a0b8ad9fecc202,平滑操舵：安全制御優先：仕切り壁予防：右壁の向き・離隔を保持 | target_deg=-0.060,,246.49642703933847,116.35258250968985,80.85608626885629,52.28859979420234,39.48571651468288,0,54.65,37.697964608655866,1
54.7,488.0291925491035,280.98722450197,-88.25469718548213,27.724952655875413,-0.8171530273542517,34.619602935576104,-2.5536032104820365,418,432,375,435,34.619602935576104,NEUTRAL,program,sonic_drive_smooth.py,function,bc4a84a5f90dcb414fa9a95aff361c8d4412f04ffa11cdb071a0b8ad9fecc202,平滑操舵：安全制御優先：仕切り壁予防：右壁の向き・離隔を保持 | target_deg=-2.042,,245.19846823614506,115.69978704229257,83.10125512963207,53.812577888805606,37.553105397637935,0,54.7,37.641022607479215,1
54.75,486.6438023809604,281.0300032663164,-88.20801181362064,27.718425731098808,-0.5725800682162313,34.619988152220806,-1.7893127131757227,418,433,375,435,34.619988152220806,NEUTRAL,program,sonic_drive_smooth.py,function,bc4a84a5f90dcb414fa9a95aff361c8d4412f04ffa11cdb071a0b8ad9fecc202,平滑操舵：安全制御優先：仕切り壁予防：右壁の向き・離隔を保持 | target_deg=-1.431,,250.0,116.35799256590224,79.9399412904524,50.62090259487084,36.5607212309233,0,54.75,37.58709337187446,1
54.8,485.25868032089585,281.0737147193455,-88.17692646485908,27.714794526241946,-0.3813239240245484,34.62789108564679,-1.1916372625767138,418,433,375,435,34.62789108564679,NEUTRAL,program,sonic_drive_smooth.py,function,bc4a84a5f90dcb414fa9a95aff361c8d4412f04ffa11cdb071a0b8ad9fecc202,平滑操舵：安全制御優先：仕切り壁予防：右壁の向き・離隔を保持 | target_deg=-0.953,,250.0,116.69674194756053,80.14828407835594,53.1134005333313,38.66180047307326,0,54.8,37.535961243948464,1
54.85,483.87361615638883,281.1175858419617,-88.1946639320264,27.715425847545937,0.2175959437188248,34.64699488581591,0.6799873241213275,418,435,375,435,34.64699488581591,NEUTRAL,program,sonic_drive_smooth.py,function,bc4a84a5f90dcb414fa9a95aff361c8d4412f04ffa11cdb071a0b8ad9fecc202,平滑操舵：安全制御優先：仕切り壁予防：右壁の向き・離隔を保持 | target_deg=0.544,,248.75240005639455,117.95764378522198,77.27523874797373,52.67934342746392,39.44639731506241,0,54.85,37.496324021993075,1
54.9,482.4885115048827,281.1613745924424,-88.18384039330653,27.71626551365927,-0.1327754897024687,34.64893965638465,-0.41492340532021466,418,434,375,435,34.64893965638465,NEUTRAL,program,sonic_drive_smooth.py,function,bc4a84a5f90dcb414fa9a95aff361c8d4412f04ffa11cdb071a0b8ad9fecc202,平滑操舵：安全制御優先：仕切り壁予防：右壁の向き・離隔を保持 | target_deg=-0.332,,248.183414501916,118.70968675276242,77.10896084007088,51.82572720895704,37.24376550029461,0,54.9,37.449951593831656,1
54.95,481.1033988894997,281.20482976382584,-88.22225468125681,27.715631650032293,0.47123028954099483,34.64181606264576,1.4725946548156088,418,436,375,435,34.64181606264576,NEUTRAL,program,sonic_drive_smooth.py,function,bc4a84a5f90dcb414fa9a95aff361c8d4412f04ffa11cdb071a0b8ad9fecc202,平滑操舵：安全制御優先：仕切り壁予防：右壁の向き・離隔を保持 | target_deg=1.178,,248.3511835443053,115.1521109159242,79.43593313325906,50.01334368465957,37.562959679033256,0,54.95,37.41566794877565,1
55.0,479.71832494687527,281.2475838984211,-88.24168299044112,27.714044618262147,0.23834259203503222,34.63573682838164,0.7448206001094757,418,435,375,435,34.63573682838164,NEUTRAL,program,sonic_drive_smooth.py,function,bc4a84a5f90dcb414fa9a95aff361c8d4412f04ffa11cdb071a0b8ad9fecc202,平滑操舵：安全制御優先：仕切り壁予防：右壁の向き・離隔を保持 | target_deg=0.596,,247.62339861239266,118.3512209331191,79.81353735826737,51.33203051573319,37.38326150594906,0,55.0,37.377554166594166,1
55.05,478.3333153280371,281.28932883927064,-88.30551060693885,27.7119393943018,0.7830338183142448,34.630878799993184,2.446980682232015,418,437,375,435,34.630878799993184,NEUTRAL,program,sonic_drive_smooth.py,function,bc4a84a5f90dcb414fa9a95aff361c8d4412f04ffa11cdb071a0b8ad9fecc202,平滑操舵：安全制御優先：仕切り壁予防：右壁の向き・離隔を保持 | target_deg=1.957,,250.0,123.26565263369552,81.06654149371909,50.56279616723622,38.24180761510414,0,55.05,37.35106256066575,1
55.1,476.9483560605941,281.32873528460937,-88.43711694675581,27.709393232296634,1.6472794943343458,34.62580153425972,5.147748419794831,418,440,375,435,34.62580153425972,NEUTRAL,program,sonic_drive_smooth.py,function,bc4a84a5f90dcb414fa9a95aff361c8d4412f04ffa11cdb071a0b8ad9fecc202,平滑操舵：安全制御優先：仕切り壁予防：右壁の向き・離隔を保持 | target_deg=4.112,,248.46915929500344,119.7503763101463,84.2355163479502,52.138331835944314,40.80166569568102,0,55.1,37.34314776675649,1
55.15,475.56356343368117,281.3661248870649,-88.45726989588212,27.703685937226364,0.04727949433434588,34.60508508445474,0.1477484197948309,418,435,375,435,34.60508508445474,NEUTRAL,program,sonic_drive_smooth.py,function,bc4a84a5f90dcb414fa9a95aff361c8d4412f04ffa11cdb071a0b8ad9fecc202,平滑操舵：安全制御優先：仕切り壁予防：右壁の向き・離隔を保持 | target_deg=0.118,,250.0,120.26139129451296,80.43782519378793,52.37344340171153,32.577821516994,0,55.15,37.310585336191366,1
55.2,474.1791596542172,281.4045929616263,-88.347045773671,27.695542419462132,-1.5527205056656541,34.5844380535695,-4.852251580205169,418,429,375,435,34.5844380535695,NEUTRAL,program,sonic_drive_smooth.py,function,bc4a84a5f90dcb414fa9a95aff361c8d4412f04ffa11cdb071a0b8ad9fecc202,平滑操舵：安全制御優先：仕切り壁予防：右壁の向き・離隔を保持 | target_deg=-3.877,,250.0,118.12895021250111,83.80361616520285,51.90114745022666,33.59308930819936,0,55.2,37.24573132918232,1
55.25,472.794993789436,281.44657279109117,-88.17861629291859,27.696392660443813,-2.0667629949711634,34.6241440265359,-6.458634359284885,418,428,375,435,34.6241440265359,NEUTRAL,program,sonic_drive_smooth.py,function,bc4a84a5f90dcb414fa9a95aff361c8d4412f04ffa11cdb071a0b8ad9fecc202,平滑操舵：安全制御優先：仕切り壁予防：右壁の向き・離隔を保持 | target_deg=-5.155,,249.6771769133247,115.05771279555752,78.25391176594582,53.8160737575109,38.04903468920466,0,55.25,37.16350648792542,1
55.3,471.4093890764462,281.4926207911383,-88.01454706377562,27.747733451420594,-2.0110296556511167,34.90526101287485,-6.28446767390974,418,428,375,435,34.90526101287485,NEUTRAL,program,sonic_drive_smooth.py,function,bc4a84a5f90dcb414fa9a95aff361c8d4412f04ffa11cdb071a0b8ad9fecc202,平滑操舵：安全制御優先：仕切り壁予防：右壁の向き・離隔を保持 | target_deg=-5.017,,250.0,120.34953970700386,83.1927994789321,53.55796438060161,37.10790708654207,0,55.3,37.07834206779239,1
55.35,470.0218623679764,281.5424578401794,-87.87133308552467,27.78200900547263,-1.7529816444884672,34.874781842934205,-5.4780676390264595,418,429,375,435,34.874781842934205,NEUTRAL,program,sonic_drive_smooth.py,function,bc4a84a5f90dcb414fa9a95aff361c8d4412f04ffa11cdb071a0b8ad9fecc202,平滑操舵：安全制御優先：仕切り壁予防：右壁の向き・離隔を保持 | target_deg=-4.375,,250.0,116.60883982963678,81.11427668324818,50.686292990300174,35.42832874792053,0,55.35,36.99443101142509,1
55.4,468.6337056982891,281.5945551772606,-87.84248798049045,27.783117884335844,-0.15298164448846704,34.73366183682963,-0.47806763902645955,418,434,375,435,34.73366183682963,NEUTRAL,program,sonic_drive_smooth.py,function,bc4a84a5f90dcb414fa9a95aff361c8d4412f04ffa11cdb071a0b8ad9fecc202,平滑操舵：安全制御優先：仕切り壁予防：右壁の向き・離隔を保持 | target_deg=-0.382,,249.4656412586645,118.0635221601125,80.97428930819919,49.84824956018397,38.474492495104045,0,55.4,36.93547867886315,1
55.45,467.24606667619247,281.6461946789328,-87.89720309015955,27.764697453468234,0.7010586316721594,34.62672538944718,2.1908082239754982,418,437,375,435,34.62672538944718,NEUTRAL,program,sonic_drive_smooth.py,function,bc4a84a5f90dcb414fa9a95aff361c8d4412f04ffa11cdb071a0b8ad9fecc202,平滑操舵：安全制御優先：仕切り壁予防：右壁の向き・離隔を保持 | target_deg=1.752,,249.72147426206115,119.17571041236144,79.11880880517302,50.261734458980754,38.02069612804587,0,55.45,36.89684440662484,1
55.5,465.85924364808807,281.6965620098931,-87.94283187267634,27.748224663827607,0.5589419860624335,34.614502765007344,1.7466937064451047,418,436,375,435,34.614502765007344,NEUTRAL,program,sonic_drive_smooth.py,function,bc4a84a5f90dcb414fa9a95aff361c8d4412f04ffa11cdb071a0b8ad9fecc202,平滑操舵：安全制御優先：仕切り壁予防：右壁の向き・離隔を保持 | target_deg=1.397,,249.67005572240882,122.07074060774694,83.62113470998591,51.49681633321775,37.95546493009031,0,55.5,36.85732990441937,1
55.55,464.4792905735397,281.7446426767065,-88.0709262100717,27.52900245596882,1.647151711788672,33.469328601372105,5.1473490993396,416,440,375,435,33.469328601372105,NEUTRAL,program,sonic_drive_smooth.py,function,bc4a84a5f90dcb414fa9a95aff361c8d4412f04ffa11cdb071a0b8ad9fecc202,平滑操舵：安全制御優先：仕切り壁予防：右壁の向き・離隔を保持 | target_deg=4.112,,250.0,115.85119302266219,83.13322227736765,46.150862648096584,36.12377885463625,0,55.55,36.83975209232352,1
55.6,463.1032672461111,281.7898633676191,-88.16456987979991,27.539472806629824,1.1561339692119743,34.469328601372105,3.6129186537874194,418,438,375,435,34.469328601372105,NEUTRAL,program,sonic_drive_smooth.py,function,bc4a84a5f90dcb414fa9a95aff361c8d4412f04ffa11cdb071a0b8ad9fecc202,平滑操舵：安全制御優先：仕切り壁予防：右壁の向き・離隔を保持 | target_deg=2.888,,250.0,116.6610198703892,85.32638053533785,51.7881342579219,38.41634440070362,0,55.6,36.8168636929268,1
55.65,461.733916036138,281.8318667808198,-88.3235725793593,27.308414740661338,2.0022672231811387,33.1427392355872,6.2570850724410585,416,441,375,435,33.1427392355872,NEUTRAL,program,sonic_drive_smooth.py,function,bc4a84a5f90dcb414fa9a95aff361c8d4412f04ffa11cdb071a0b8ad9fecc202,平滑操舵：安全制御優先：仕切り壁予防：右壁の向き・離隔を保持 | target_deg=4.995,,250.0,117.4222501826972,84.30767879224298,49.22138569689379,38.707432495116606,0,55.65,36.81284336171558,1
55.7,460.36901953073846,281.87109178058387,-88.37195110228755,27.309716569648728,0.4022672231811387,34.1427392355872,1.2570850724410585,417,436,375,435,34.1427392355872,NEUTRAL,program,sonic_drive_smooth.py,function,bc4a84a5f90dcb414fa9a95aff361c8d4412f04ffa11cdb071a0b8ad9fecc202,平滑操舵：安全制御優先：仕切り壁予防：右壁の向き・離隔を保持 | target_deg=1.006,,247.25619626417603,120.22051764399615,83.27713384421043,53.88322264450559,37.80770192828156,0,55.7,36.78519109445523,1
55.75,459.0072220454495,281.9086790978413,-88.46765625627118,27.204764213408218,1.2191893784162928,33.55501011232282,3.809966807550915,416,439,375,435,33.55501011232282,NEUTRAL,program,sonic_drive_smooth.py,function,bc4a84a5f90dcb414fa9a95aff361c8d4412f04ffa11cdb071a0b8ad9fecc202,平滑操舵：安全制御優先：仕切り壁予防：右壁の向き・離隔を保持 | target_deg=3.046,,250.0,119.72356666857489,79.43462664414793,47.67974946615219,36.77579103981064,0,55.75,36.77051943851103,1
55.8,457.6523275556844,281.9438290693069,-88.56016636363144,27.04291932131797,1.1601846689357154,33.10825580867859,3.6255770904241107,416,438,375,435,33.10825580867859,NEUTRAL,program,sonic_drive_smooth.py,function,bc4a84a5f90dcb414fa9a95aff361c8d4412f04ffa11cdb071a0b8ad9fecc202,平滑操舵：安全制御優先：仕切り壁予防：右壁の向き・離隔を保持 | target_deg=2.898,,250.0,118.54776242323658,81.3743341928187,49.499804953746995,37.04413316453288,0,55.8,36.757547609487176,1
55.85,456.3042061817994,281.9772437296802,-88.60013814162639,26.923365481600825,0.5038819775324543,33.14052400917578,1.5746311797889199,416,436,375,435,33.14052400917578,NEUTRAL,program,sonic_drive_smooth.py,function,bc4a84a5f90dcb414fa9a95aff361c8d4412f04ffa11cdb071a0b8ad9fecc202,平滑操舵：安全制御優先：仕切り壁予防：右壁の向き・離隔を保持 | target_deg=1.260,,250.0,117.1612942041079,81.19814529680379,50.32231586685922,36.36302683074023,0,55.85,36.733724033625606,1
55.9,454.9592529428778,282.0088865026021,-88.70667458790733,26.895462715132638,1.3810861441323423,33.49943954353694,4.315894200413569,416,439,375,435,33.49943954353694,NEUTRAL,program,sonic_drive_smooth.py,function,bc4a84a5f90dcb414fa9a95aff361c8d4412f04ffa11cdb071a0b8ad9fecc202,平滑操舵：安全制御優先：仕切り壁予防：右壁の向き・離隔を保持 | target_deg=3.449,,250.0,116.85214446313596,76.27413769003178,49.72186586624183,38.53091722080928,0,55.9,36.72766886457475,1
55.95,453.61001990861973,282.0388205928487,-88.7490248462467,27.054136637407524,0.4973688697035465,34.49943954353694,1.5542777178235827,418,436,375,435,34.49943954353694,NEUTRAL,program,sonic_drive_smooth.py,function,bc4a84a5f90dcb414fa9a95aff361c8d4412f04ffa11cdb071a0b8ad9fecc202,平滑操舵：安全制御優先：仕切り壁予防：右壁の向き・離隔を保持 | target_deg=1.243,,250.0,118.36841855672577,80.1390197132288,51.10030317860945,36.7163661480273,0,55.95,36.707916241867395,1
56.0,452.25335924141064,282.06907868200176,-88.68679837859169,27.196232886918054,-0.9174820237543286,34.60583114296245,-2.867131324232277,418,431,375,435,34.60583114296245,NEUTRAL,program,sonic_drive_smooth.py,function,bc4a84a5f90dcb414fa9a95aff361c8d4412f04ffa11cdb071a0b8ad9fecc202,平滑操舵：安全制御優先：仕切り壁予防：右壁の向き・離隔を保持 | target_deg=-2.293,,250.0,116.67593518525908,82.0911066379579,50.172836201994265,33.916374622435754,0,56.0,36.66270016851507,1
56.05,450.8905630038211,282.1007333897028,-88.65197460788308,27.307233014449352,-0.4342785119878132,34.61097167196297,-1.3571203499619162,418,433,375,435,34.61097167196297,NEUTRAL,program,sonic_drive_smooth.py,function,bc4a84a5f90dcb414fa9a95aff361c8d4412f04ffa11cdb071a0b8ad9fecc202,平滑操舵：安全制御優先：仕切り壁予防：右壁の向き・離隔を保持 | target_deg=-1.086,,250.0,115.60424835875712,82.25396702328491,52.52723377872382,38.470225621189364,0,56.05,36.62267984088328,1
56.1,449.52298632104566,282.13378590085534,-88.57903874309869,27.393805387701523,-0.9063069580885548,34.61422925267835,-2.8322092440267337,418,432,375,435,34.61422925267835,NEUTRAL,program,sonic_drive_smooth.py,function,bc4a84a5f90dcb414fa9a95aff361c8d4412f04ffa11cdb071a0b8ad9fecc202,平滑操舵：安全制御優先：仕切り壁予防：右壁の向き・離隔を保持 | target_deg=-2.265,,248.1364788121784,118.131668433938,80.37749738761858,52.35280915036241,36.718201697035894,0,56.1,36.57211851023857,1
56.15,448.15169250519625,282.16797369444674,-88.56565651380433,27.461012515873204,-0.15110787233099798,34.615032184996394,-0.4722121010343687,418,434,375,435,34.615032184996394,NEUTRAL,program,sonic_drive_smooth.py,function,bc4a84a5f90dcb414fa9a95aff361c8d4412f04ffa11cdb071a0b8ad9fecc202,平滑操舵：安全制御優先：仕切り壁予防：右壁の向き・離隔を保持 | target_deg=-0.378,,249.15752155229055,116.86480100283002,81.82972187102489,51.05302234827832,37.93908874917946,0,56.15,36.53472002787356,1
56.2,446.77744330985723,282.20264243986844,-88.54410848265131,27.51517847531205,-0.26647086866826425,34.6267060962313,-0.8327214645883259,418,434,375,435,34.6267060962313,NEUTRAL,program,sonic_drive_smooth.py,function,bc4a84a5f90dcb414fa9a95aff361c8d4412f04ffa11cdb071a0b8ad9fecc202,平滑操舵：安全制御優先：仕切り壁予防：右壁の向き・離隔を保持 | target_deg=-0.666,,250.0,117.82863456327453,78.52746692516192,51.836342773706384,37.401923247539195,0,56.2,36.49488262594002,1
56.25,445.4010188674321,282.23910014405243,-88.40908251213597,27.553211958079842,-1.8664708686682645,34.604932095864804,-5.832721464588326,418,428,375,435,34.604932095864804,NEUTRAL,program,sonic_drive_smooth.py,function,bc4a84a5f90dcb414fa9a95aff361c8d4412f04ffa11cdb071a0b8ad9fecc202,平滑操舵：安全制御優先：仕切り壁予防：右壁の向き・離隔を保持 | target_deg=-4.658,,248.50038924525575,114.921040913118,81.40255944212821,51.69597639110821,33.385867803020034,0,56.25,36.42607004371382,1
56.3,444.0219803424023,282.2780739179389,-88.36272543054426,27.6170721849276,-0.42376601696078464,34.795726256302956,-1.324268803002452,418,433,375,435,34.795726256302956,NEUTRAL,program,sonic_drive_smooth.py,function,bc4a84a5f90dcb414fa9a95aff361c8d4412f04ffa11cdb071a0b8ad9fecc202,平滑操舵：安全制御優先：仕切り壁予防：右壁の向き・離隔を保持 | target_deg=-1.059,,250.0,120.98051855260947,79.44966292845996,50.27544202935173,38.119036159500794,0,56.3,36.37600149187233,1
56.35,442.64446855347825,282.316644512307,-88.44185003911342,27.524296948562277,1.1762339830392152,34.006747040525426,3.675731196997548,417,438,375,435,34.006747040525426,NEUTRAL,program,sonic_drive_smooth.py,function,bc4a84a5f90dcb414fa9a95aff361c8d4412f04ffa11cdb071a0b8ad9fecc202,平滑操舵：安全制御優先：仕切り壁予防：右壁の向き・離隔を保持 | target_deg=2.938,,248.9176627659205,119.53530402147389,78.2180779730278,46.30227250788044,36.599724148330495,0,56.35,36.35637212629558,1
56.4,441.2756599950278,282.35257830018674,-88.5505977219648,27.294677157123104,1.3498832090799007,33.13174704052543,4.21838502837469,416,439,375,435,33.13174704052543,NEUTRAL,program,sonic_drive_smooth.py,function,bc4a84a5f90dcb414fa9a95aff361c8d4412f04ffa11cdb071a0b8ad9fecc202,平滑操舵：安全制御優先：仕切り壁予防：右壁の向き・離隔を保持 | target_deg=3.371,,249.50157599802975,120.15037056798005,82.89489197491206,49.928484186978174,37.74634503907715,0,56.4,36.34650316441025,1
56.45,439.9172065470139,282.38518391199597,-88.69950264141329,27.09968363318633,1.8622374679884144,33.03678262003443,5.819492087463795,416,441,375,435,33.03678262003443,NEUTRAL,program,sonic_drive_smooth.py,function,bc4a84a5f90dcb414fa9a95aff361c8d4412f04ffa11cdb071a0b8ad9fecc202,平滑操舵：安全制御優先：仕切り壁予防：右壁の向き・離隔を保持 | target_deg=4.647,,250.0,118.97827744820641,80.58296062075777,48.358180115721055,37.4566783762839,0,56.45,36.34964779818239,1
56.5,438.56167559745427,282.41537738603665,-88.7363653378439,27.12892247630501,0.2622374679884143,34.03678262003443,0.8194920874637948,417,435,375,435,34.03678262003443,NEUTRAL,program,sonic_drive_smooth.py,function,bc4a84a5f90dcb414fa9a95aff361c8d4412f04ffa11cdb071a0b8ad9fecc202,平滑操舵：安全制御優先：仕切り壁予防：右壁の向き・離隔を保持 | target_deg=0.656,,250.0,116.45699907267179,81.7405028130768,51.75988977356414,34.88426229847749,0,56.5,36.32831537363296,1
56.55,437.2016887890585,282.4449440343705,-88.77276146336672,27.25680561445498,0.4548389416631744,34.62047806901714,1.42137169269742,418,436,375,435,34.62047806901714,NEUTRAL,program,sonic_drive_smooth.py,function,bc4a84a5f90dcb414fa9a95aff361c8d4412f04ffa11cdb071a0b8ad9fecc202,平滑操舵：安全制御優先：仕切り壁予防：右壁の向き・離隔を保持 | target_deg=1.137,,250.0,117.72789206951404,80.00643127385881,51.01068746470053,38.55365612694717,0,56.55,36.307501806017115,1
56.6,435.8421318188774,282.47431951078397,-88.7508554839859,27.15859398132665,-0.2862744793850378,33.52625995377795,-0.8946077480782431,416,434,375,435,33.52625995377795,NEUTRAL,program,sonic_drive_smooth.py,function,bc4a84a5f90dcb414fa9a95aff361c8d4412f04ffa11cdb071a0b8ad9fecc202,平滑操舵：安全制御優先：仕切り壁予防：右壁の向き・離隔を保持 | target_deg=-0.716,,249.81245359579216,118.4730896912779,78.17167956097745,47.33843744383297,33.10188150511584,0,56.6,36.27285755632545,1
56.65,434.48462540386305,282.5043629303123,-88.71349508374668,27.155585665584667,-0.46773790262907794,33.93155635591369,-1.4616809457158686,417,433,375,435,33.93155635591369,NEUTRAL,program,sonic_drive_smooth.py,function,bc4a84a5f90dcb414fa9a95aff361c8d4412f04ffa11cdb071a0b8ad9fecc202,平滑操舵：安全制御優先：仕切り壁予防：右壁の向き・離隔を保持 | target_deg=-1.169,,250.0,116.46873765694671,82.14307263473184,48.82801585735454,34.75908848798347,0,56.65,36.233831778508204,1
56.7,433.126703126373,282.5341587079476,-88.78298279768761,27.17114674197558,1.0382563181510125,34.030794165500275,3.244550994221914,417,438,375,435,34.030794165500275,NEUTRAL,program,sonic_drive_smooth.py,function,bc4a84a5f90dcb414fa9a95aff361c8d4412f04ffa11cdb071a0b8ad9fecc202,平滑操舵：安全制御優先：仕切り壁予防：右壁の向き・離隔を保持 | target_deg=2.594,,250.0,117.48953366470477,80.68394776038713,49.988401063958776,39.096585693280964,0,56.7,36.22074605818267,1
56.75,431.7648660509889,282.56197507416084,-88.8767390184091,27.289158192163594,1.1699649990700531,34.6185034513547,3.656140622093916,418,438,375,435,34.6185034513547,NEUTRAL,program,sonic_drive_smooth.py,function,bc4a84a5f90dcb414fa9a95aff361c8d4412f04ffa11cdb071a0b8ad9fecc202,平滑操舵：安全制御優先：仕切り壁予防：右壁の向き・離隔を保持 | target_deg=2.923,,250.0,120.33437760243886,82.20561569028476,51.369374014559085,38.79877841023708,0,56.75,36.21549971261237,1
56.8,430.4059434570036,282.5863783984025,-89.07560713073934,27.11314751112372,2.644316655007167,33.135175391133565,8.263489546897397,416,443,375,435,33.135175391133565,NEUTRAL,program,sonic_drive_smooth.py,function,bc4a84a5f90dcb414fa9a95aff361c8d4412f04ffa11cdb071a0b8ad9fecc202,平滑操舵：安全制御優先：仕切り壁予防：右壁の向き・離隔を保持 | target_deg=6.586,,248.44352173547546,118.56185934834578,85.18151894855555,46.90213787004809,38.13219162007637,0,56.8,36.23906106530279,1
56.85,429.04911508213496,282.6069509036613,-89.1749415716209,27.15709121171145,1.044316655007167,34.135175391133565,3.2634895468973966,417,438,375,435,34.135175391133565,NEUTRAL,program,sonic_drive_smooth.py,function,bc4a84a5f90dcb414fa9a95aff361c8d4412f04ffa11cdb071a0b8ad9fecc202,平滑操舵：安全制御優先：仕切り壁予防：右壁の向き・離隔を保持 | target_deg=2.609,,246.20266267169256,118.39425363364347,79.28892905903766,52.71020193491804,36.14138364737161,0,56.85,36.24249303827287,1
56.9,427.687827783434,282.6267270392346,-89.14922824583691,27.27551518948692,-0.5033064130251941,34.60322219100757,-1.5728325407037316,418,433,375,435,34.60322219100757,NEUTRAL,program,sonic_drive_smooth.py,function,bc4a84a5f90dcb414fa9a95aff361c8d4412f04ffa11cdb071a0b8ad9fecc202,平滑操舵：安全制御優先：仕切り壁予防：右壁の向き・離隔を保持 | target_deg=-1.258,,247.6811314506363,119.78965563163136,83.25666271162527,52.19344278409744,36.64557299231175,0,56.9,36.21650025312442,1
56.95,426.32145839088366,282.6468434822389,-89.16410384634287,27.366300496653377,0.18938971513530817,34.59794970611892,0.591842859797838,418,435,375,435,34.59794970611892,NEUTRAL,program,sonic_drive_smooth.py,function,bc4a84a5f90dcb414fa9a95aff361c8d4412f04ffa11cdb071a0b8ad9fecc202,平滑操舵：安全制御優先：仕切り壁予防：右壁の向き・離隔を保持 | target_deg=0.473,,246.17075457182878,115.67296691218661,83.54888031641615,49.42717064396327,36.90626723102442,0,56.95,36.19997999810391,1
57.0,424.9511726580657,282.66785750291626,-89.06647777888631,27.436897117325067,-1.4106102848646918,34.59945145185399,-4.408157140202162,418,430,375,435,34.59945145185399,NEUTRAL,program,sonic_drive_smooth.py,function,bc4a84a5f90dcb414fa9a95aff361c8d4412f04ffa11cdb071a0b8ad9fecc202,平滑操舵：安全制御優先：仕切り壁予防：右壁の向き・離隔を保持 | target_deg=-3.523,,240.19132822640867,115.46408884079156,78.05023488527537,50.51522734950471,32.470930149074725,0,57.0,36.15537736530803,1
57.05,423.57817747964464,282.6919948894431,-88.91919915412294,27.482024430085794,-1.8226609131343416,34.546427499535376,-5.695815353544818,418,429,375,435,34.546427499535376,NEUTRAL,program,sonic_drive_smooth.py,function,bc4a84a5f90dcb414fa9a95aff361c8d4412f04ffa11cdb071a0b8ad9fecc202,平滑操舵：安全制御優先：仕切り壁予防：右壁の向き・離隔を保持 | target_deg=-4.549,,243.8100637287937,115.90984344756725,85.51955685754058,47.43629491529928,32.63013795078805,0,57.05,36.09571041745659,1
57.1,422.2020972189317,282.7208491653569,-88.67004318501071,27.557608068431417,-3.2,34.77176768687034,-10.0,418,424,375,435,34.77176768687034,NEUTRAL,program,sonic_drive_smooth.py,function,bc4a84a5f90dcb414fa9a95aff361c8d4412f04ffa11cdb071a0b8ad9fecc202,平滑操舵：安全制御優先：仕切り壁予防：右壁の向き・離隔を保持 | target_deg=-7.957,,238.98959822282777,118.08138542536362,81.93280613987974,55.0473568316574,33.90088429213042,0,57.1,36.006904154510096,1
57.15,420.82449488036883,282.7552628674098,-88.46863541207152,27.56265432822887,-2.4730494569229533,34.475,-7.72827955288423,418,426,375,435,34.475,NEUTRAL,program,sonic_drive_smooth.py,function,bc4a84a5f90dcb414fa9a95aff361c8d4412f04ffa11cdb071a0b8ad9fecc202,平滑操舵：安全制御優先：仕切り壁予防：右壁の向き・離隔を保持 | target_deg=-6.163,,238.28632297402916,118.6203192355487,79.8473052768056,47.24950391622773,33.42052916671741,0,57.15,35.92417026784892,1
57.2,419.4446066850354,282.7934027769577,-88.37505698051966,27.638237248791167,-0.9920934384581909,34.87255107824526,-3.1002919951818466,418,431,375,435,34.87255107824526,NEUTRAL,program,sonic_drive_smooth.py,function,bc4a84a5f90dcb414fa9a95aff361c8d4412f04ffa11cdb071a0b8ad9fecc202,平滑操舵：安全制御優先：仕切り壁予防：右壁の向き・離隔を保持 | target_deg=-2.479,,237.67797608748512,118.10455220141584,81.67804129996922,49.34168650616205,36.5513084591465,0,57.2,35.86362331524566,1
57.25,418.06451803690493,282.8330566358192,-88.3333083392637,27.596726638988503,-0.5140358682418225,34.31755109915682,-1.6063620882556953,417,433,375,435,34.31755109915682,NEUTRAL,program,sonic_drive_smooth.py,function,bc4a84a5f90dcb414fa9a95aff361c8d4412f04ffa11cdb071a0b8ad9fecc202,平滑操舵：安全制御優先：仕切り壁予防：右壁の向き・離隔を保持 | target_deg=-1.285,,239.78735059734854,123.42305794349843,82.16257064895264,48.33424738180845,35.081441701939745,0,57.25,35.81398182321249,1
57.3,416.6876659582377,282.8733578702299,-88.31348972207488,27.517436668520652,-0.24459432745595241,34.056113365444745,-0.7643572732998513,417,434,375,435,34.056113365444745,NEUTRAL,program,sonic_drive_smooth.py,function,bc4a84a5f90dcb414fa9a95aff361c8d4412f04ffa11cdb071a0b8ad9fecc202,平滑操舵：安全制御優先：仕切り壁予防：右壁の向き・離隔を保持 | target_deg=-0.611,,238.61236285550692,119.40444475860924,81.67737090056482,49.94741998018495,36.37136764392821,0,57.3,35.768941263823365,1
57.35,415.3113893849821,282.9149218810093,-88.22429660579816,27.551620861583654,-1.1390300930002495,34.58640411547532,-3.5594690406257796,418,431,375,435,34.58640411547532,NEUTRAL,program,sonic_drive_smooth.py,function,bc4a84a5f90dcb414fa9a95aff361c8d4412f04ffa11cdb071a0b8ad9fecc202,平滑操舵：安全制御優先：仕切り壁予防：右壁の向き・離隔を保持 | target_deg=-2.846,,233.77467327727808,119.29833621318483,83.38089809026994,50.71292259037884,34.73691500994333,0,57.35,35.70606347845387,1
57.4,413.93469708294543,282.9576249606908,-88.22964250646875,27.544117435272085,0.17366719221258634,34.39790708210951,0.5427099756643323,417,435,375,435,34.39790708210951,NEUTRAL,program,sonic_drive_smooth.py,function,bc4a84a5f90dcb414fa9a95aff361c8d4412f04ffa11cdb071a0b8ad9fecc202,平滑操舵：安全制御優先：仕切り壁予防：右壁の向き・離隔を保持 | target_deg=0.434,,232.1385626897849,117.57762849364296,81.73949161954576,47.74079859098799,36.248740230138694,0,57.4,35.664637154954164,1
57.45,412.55725474021114,283.0007476030531,-88.18297276615807,27.57429462034848,-0.5922105242209054,34.59752954148261,-1.8506578881903293,418,433,375,435,34.59752954148261,NEUTRAL,program,sonic_drive_smooth.py,function,bc4a84a5f90dcb414fa9a95aff361c8d4412f04ffa11cdb071a0b8ad9fecc202,平滑操舵：安全制御優先：仕切り壁予防：右壁の向き・離隔を保持 | target_deg=-1.480,,229.69864131988004,119.71160331776353,82.61327962702309,52.86081130471634,37.1297296483684,0,57.45,35.610371488811666,1
57.5,411.18125348320547,283.04478001564786,-88.15131724315442,27.507767595467037,-0.39088642837062787,34.09886513043331,-1.221520088658212,417,433,375,435,34.09886513043331,NEUTRAL,program,sonic_drive_smooth.py,function,bc4a84a5f90dcb414fa9a95aff361c8d4412f04ffa11cdb071a0b8ad9fecc202,平滑操舵：安全制御優先：仕切り壁予防：右壁の向き・離隔を保持 | target_deg=-0.977,,229.78966066653237,120.77642327125987,80.89434101411132,47.43823707218495,34.182818751392546,0,57.5,35.558784839006364,1
57.55,409.8087092702192,283.08825126670865,-88.2328267020462,27.436383538112057,1.2091135716293722,33.98876601551519,3.7784799113417877,417,438,375,435,33.98876601551519,NEUTRAL,program,sonic_drive_smooth.py,function,bc4a84a5f90dcb414fa9a95aff361c8d4412f04ffa11cdb071a0b8ad9fecc202,平滑操舵：安全制御優先：仕切り壁予防：右壁の向き・離隔を保持 | target_deg=3.020,,225.01554252697264,121.57917855191327,85.07869980928969,47.67338836443297,39.267960503034566,0,57.55,35.534771370363444,1
57.6,408.4439401300736,283.1292544997144,-88.32541066603129,27.223334196112425,1.1525796492047946,33.11376601551519,3.601811403764983,416,438,375,435,33.11376601551519,NEUTRAL,program,sonic_drive_smooth.py,function,bc4a84a5f90dcb414fa9a95aff361c8d4412f04ffa11cdb071a0b8ad9fecc202,平滑操舵：安全制御優先：仕切り壁予防：右壁の向き・離隔を保持 | target_deg=2.879,,227.04673500505973,121.77402118573856,79.56262448269128,50.443630273196,36.86196633514607,0,57.6,35.51589520004086,1
57.65,407.08814159080106,283.1679577974647,-88.40428997007439,27.063871765628118,0.9885458523964068,33.144683004341125,3.0892057887387714,416,438,375,435,33.144683004341125,NEUTRAL,program,sonic_drive_smooth.py,function,bc4a84a5f90dcb414fa9a95aff361c8d4412f04ffa11cdb071a0b8ad9fecc202,平滑操舵：安全制御優先：仕切り壁予防：右壁の向き・離隔を保持 | target_deg=2.470,,226.36139748597788,121.37544820219411,81.42820426461607,48.44203919661451,35.89571219201922,0,57.65,35.49606506178446,1
57.7,405.7387101821391,283.20542806133216,-88.41155884214794,26.95651884626708,0.045375995842551475,33.234388986970714,0.14179998700797336,416,435,375,435,33.234388986970714,NEUTRAL,program,sonic_drive_smooth.py,function,bc4a84a5f90dcb414fa9a95aff361c8d4412f04ffa11cdb071a0b8ad9fecc202,平滑操舵：安全制御優先：仕切り壁予防：右壁の向き・離隔を保持 | target_deg=0.113,,221.74308219009401,118.0083060051292,80.84076206293626,46.251155334279446,32.36178396797218,0,57.7,35.4603349851829,1
57.75,404.39109637883814,283.24247255500916,-88.43923214330312,26.966351140233485,0.3489595130361326,33.750185002273604,1.0904984782379143,417,436,375,435,33.750185002273604,NEUTRAL,program,sonic_drive_smooth.py,function,bc4a84a5f90dcb414fa9a95aff361c8d4412f04ffa11cdb071a0b8ad9fecc202,平滑操舵：安全制御優先：仕切り壁予防：右壁の向き・離隔を保持 | target_deg=0.872,,221.2564782227111,122.73909589295893,81.18414337596198,47.95213687789548,35.406285906098,0,57.75,35.42991708236906,1
57.8,403.1505054482782,283.2748464055355,-88.59365965577781,23.41323631993375,2.5889595130361327,14.0,8.090498478237915,392,443,375,435,14.0,NEUTRAL,program,sonic_drive_smooth.py,function,bc4a84a5f90dcb414fa9a95aff361c8d4412f04ffa11cdb071a0b8ad9fecc202,平滑操舵：安全制御優先：仕切り端：検出側から離れて通過 | target_deg=6.449,,220.7696647758321,118.81230654360337,85.53481087956206,44.39026506355443,35.192425623984,0,57.8,35.43456652655237,1
57.85,402.057831439801,283.3009034613181,-88.660630908337,20.841142196490342,0.7496599764107975,15.0,2.3426874262837423,393,437,375,435,15.0,NEUTRAL,program,sonic_drive_smooth.py,function,bc4a84a5f90dcb414fa9a95aff361c8d4412f04ffa11cdb071a0b8ad9fecc202,平滑操舵：Follow the Gap：目標が空き空間内 | target_deg=1.874 | gap_min_deg=-55.0 | gap_max_deg=60.0,,223.88993944881489,122.15765004152532,80.94116924274707,230.84107136928685,35.56606659226342,0,57.85,35.42458889268721,1
57.9,401.0707624064957,283.3236045084938,-88.70440658859002,19.028985327956693,0.7536928780846094,16.0,2.3552902440144043,395,437,375,435,16.0,NEUTRAL,program,sonic_drive_smooth.py,function,bc4a84a5f90dcb414fa9a95aff361c8d4412f04ffa11cdb071a0b8ad9fecc202,平滑操舵：Follow the Gap：目標が空き空間内 | target_deg=1.884 | gap_min_deg=-55.0 | gap_max_deg=60.0,,219.15287349458546,119.38412147213877,82.27788322181604,230.11721941475375,34.8817730974256,0,57.9,35.41240576563064,1
57.95,400.15648911351616,283.34397650172303,-88.74266722565795,17.805505776069264,0.7112053010612485,17.0,2.2225165658164014,396,437,375,435,17.0,NEUTRAL,program,sonic_drive_smooth.py,function,bc4a84a5f90dcb414fa9a95aff361c8d4412f04ffa11cdb071a0b8ad9fecc202,平滑操舵：Follow the Gap：目標が空き空間内 | target_deg=1.778 | gap_min_deg=-60.0 | gap_max_deg=60.0,,217.00818373537294,122.00136570721979,83.00217507560335,228.84050016483178,41.610278458831466,0,57.95,35.40123153190274,1
58.0,399.2895942587177,283.362736300984,-88.77793269862208,17.03803885008598,0.6913682907742522,18.0,2.160525908669538,397,437,375,435,18.0,NEUTRAL,program,sonic_drive_smooth.py,function,bc4a84a5f90dcb414fa9a95aff361c8d4412f04ffa11cdb071a0b8ad9fecc202,平滑操舵：Follow the Gap：目標が空き空間内 | target_deg=1.728 | gap_min_deg=-55.0 | gap_max_deg=60.0,,217.20647708650677,119.53104275576545,79.84607596585673,227.20640395246434,38.06350932201172,0,58.0,35.390953532064714,1
58.05,398.4503871699907,283.3803760803913,-88.813755653975,16.623817257503177,0.7254743350167798,19.0,2.267107296927437,398,437,375,435,19.0,NEUTRAL,program,sonic_drive_smooth.py,function,bc4a84a5f90dcb414fa9a95aff361c8d4412f04ffa11cdb071a0b8ad9fecc202,平滑操舵：Follow the Gap：目標が空き空間内 | target_deg=1.813 | gap_min_deg=-55.0 | gap_max_deg=60.0,,218.619972404329,120.84852432045673,82.1868603174604,229.5298925824938,34.38961770162666,0,58.05,35.381933627360866,1
58.1,397.62361388189595,283.39723831894304,-88.84944612144803,16.4832334075636,0.733669845632852,20.0,2.2927182676026625,400,437,375,435,20.0,NEUTRAL,program,sonic_drive_smooth.py,function,bc4a84a5f90dcb414fa9a95aff361c8d4412f04ffa11cdb071a0b8ad9fecc202,平滑操舵：Follow the Gap：目標が空き空間内 | target_deg=1.834 | gap_min_deg=-55.0 | gap_max_deg=60.0,,215.2540803366142,119.69174491009841,80.65602662798307,227.43355758775365,34.21171391237471,0,58.1,35.37366338299444,1
58.15,396.7974579026082,283.41357732886837,-88.88455494480985,16.554620126288228,0.7222627491170692,21.0,2.2570710909908414,401,437,375,435,21.0,NEUTRAL,program,sonic_drive_smooth.py,function,bc4a84a5f90dcb414fa9a95aff361c8d4412f04ffa11cdb071a0b8ad9fecc202,平滑操舵：Follow the Gap：目標が空き空間内 | target_deg=1.805 | gap_min_deg=-55.0 | gap_max_deg=60.0,,214.69258559921042,119.79439841835995,80.96003551012646,228.56413493045298,36.63974453017546,0,58.15,35.365780235941145,1
58.2,395.96276533563105,283.42956791049505,-88.92043142562096,16.790207592854912,0.730514751480188,22.0,2.2828585983755874,402,437,375,435,22.0,NEUTRAL,program,sonic_drive_smooth.py,function,bc4a84a5f90dcb414fa9a95aff361c8d4412f04ffa11cdb071a0b8ad9fecc202,平滑操舵：Follow the Gap：目標が空き空間内 | target_deg=1.826 | gap_min_deg=-55.0 | gap_max_deg=60.0,,214.46034153146937,117.59344202990695,82.81016018640972,228.65153453022785,36.55897434151674,0,58.2,35.35843438916146,1
58.25,395.11244488840435,283.4453243915698,-88.95642414622304,17.1529914233404,0.7194218023860565,23.0,2.2481931324564264,403,437,375,435,23.0,NEUTRAL,program,sonic_drive_smooth.py,function,bc4a84a5f90dcb414fa9a95aff361c8d4412f04ffa11cdb071a0b8ad9fecc202,平滑操舵：Follow the Gap：目標が空き空間内 | target_deg=1.798 | gap_min_deg=-55.0 | gap_max_deg=60.0,,213.83965669956626,117.24787423741671,81.19011039030808,229.324591753614,37.024764926832376,0,58.25,35.35135469496612,1
58.3,394.2410031716913,283.46091957689293,-88.99308202872568,17.61430656508233,0.7149667868296186,24.0,2.234271208842558,405,437,375,435,24.0,NEUTRAL,program,sonic_drive_smooth.py,function,bc4a84a5f90dcb414fa9a95aff361c8d4412f04ffa11cdb071a0b8ad9fecc202,平滑操舵：Follow the Gap：目標が空き空間内 | target_deg=1.787 | gap_min_deg=-55.0 | gap_max_deg=60.0,,214.0951240413434,119.85363050446036,82.33848425125576,224.48640812272595,37.973750853202844,0,58.3,35.3446008065481,1
58.35,393.3441843740648,283.4763801832806,-89.03162539760683,18.151947939735372,0.73047578723143,25.0,2.282736835098219,406,437,375,435,25.0,NEUTRAL,program,sonic_drive_smooth.py,function,bc4a84a5f90dcb414fa9a95aff361c8d4412f04ffa11cdb071a0b8ad9fecc202,平滑操舵：Follow the Gap：目標が空き空間内 | target_deg=1.826 | gap_min_deg=-55.0 | gap_max_deg=60.0,,209.29375092394304,118.28136480829346,83.1996230979717,228.64449935133632,36.42848324225134,0,58.35,35.33844076886936,1
58.4,392.4186915001063,283.4917024667957,-89.07139191063281,18.748714619391613,0.7303151552199979,26.0,2.2822348600624935,407,437,375,435,26.0,NEUTRAL,program,sonic_drive_smooth.py,function,bc4a84a5f90dcb414fa9a95aff361c8d4412f04ffa11cdb071a0b8ad9fecc202,平滑操舵：Follow the Gap：目標が空き空間内 | target_deg=1.825 | gap_min_deg=-55.0 | gap_max_deg=60.0,,208.67420545120922,118.64422165181489,79.76138675654515,229.1584809398669,34.12825252386263,0,58.4,35.33271905501488,1
58.45,391.46197029086215,283.5068562329271,-89.11371314131192,19.391282088087078,0.7518693770357971,27.0,2.349591803236866,408,437,375,435,27.0,NEUTRAL,program,sonic_drive_smooth.py,function,bc4a84a5f90dcb414fa9a95aff361c8d4412f04ffa11cdb071a0b8ad9fecc202,平滑操舵：Follow the Gap：目標が空き空間内 | target_deg=1.879 | gap_min_deg=-55.0 | gap_max_deg=60.0,,204.2679061575745,117.41777245085079,82.56011228635263,225.04404355011488,34.01671257544352,0,58.45,35.327788037889206,1
58.5,390.472041945618,283.5217946588009,-89.15718434576455,20.069328651165257,0.7464020316266827,28.0,2.3325063488333835,410,437,375,435,28.0,NEUTRAL,program,sonic_drive_smooth.py,function,bc4a84a5f90dcb414fa9a95aff361c8d4412f04ffa11cdb071a0b8ad9fecc202,平滑操舵：Follow the Gap：目標が空き空間内 | target_deg=1.865 | gap_min_deg=-55.0 | gap_max_deg=60.0,,208.6953611723313,117.34779877138203,83.85444669429872,228.42755656045355,37.59788226191312,0,58.5,35.3233559413315,1
58.55,389.44737336754685,283.5364499570453,-89.2039843165133,20.77485871757654,0.7763187575144519,29.0,2.4259961172326623,411,437,375,435,29.0,NEUTRAL,program,sonic_drive_smooth.py,function,bc4a84a5f90dcb414fa9a95aff361c8d4412f04ffa11cdb071a0b8ad9fecc202,平滑操舵：Follow the Gap：目標が空き空間内 | target_deg=1.940 | gap_min_deg=-55.0 | gap_max_deg=60.0,,208.7132392628724,118.6154316222626,85.9639869043015,228.36061359255316,35.29053265779483,0,58.55,35.32001805082393,1
58.6,388.38677669290684,283.55073163690156,-89.25305303460118,21.501678587704685,0.7863877096600098,30.0,2.4574615926875305,412,437,375,435,30.0,NEUTRAL,program,sonic_drive_smooth.py,function,bc4a84a5f90dcb414fa9a95aff361c8d4412f04ffa11cdb071a0b8ad9fecc202,平滑操舵：Follow the Gap：目標が空き空間内 | target_deg=1.965 | gap_min_deg=-55.0 | gap_max_deg=60.0,,206.96006513947123,117.97842967032757,84.43120013510547,226.05916848044103,34.55716270787599,0,58.6,35.31760972212987,1
58.65,387.28933190457155,283.5645572577417,-89.30339768005203,22.244990377978873,0.779755128715997,31.0,2.4367347772374903,413,437,375,435,31.0,NEUTRAL,program,sonic_drive_smooth.py,function,bc4a84a5f90dcb414fa9a95aff361c8d4412f04ffa11cdb071a0b8ad9fecc202,平滑操舵：Follow the Gap：目標が空き空間内 | target_deg=1.949 | gap_min_deg=-55.0 | gap_max_deg=60.0,,206.40362198717986,116.5323392549297,84.72162105792327,226.527291787083,36.46436661779637,0,58.65,35.31597395496959,1
58.7,386.1543266707005,283.5778674345096,-89.35285169280682,23.001077458890798,0.7406252773989104,32.0,2.314453991871595,415,437,375,435,32.0,NEUTRAL,program,sonic_drive_smooth.py,function,bc4a84a5f90dcb414fa9a95aff361c8d4412f04ffa11cdb071a0b8ad9fecc202,平滑操舵：Follow the Gap：目標が空き空間内 | target_deg=1.851 | gap_min_deg=-55.0 | gap_max_deg=60.0,,206.8597645199739,118.53981428023295,80.06013925154636,222.49634789547105,36.58779087872231,0,58.7,35.31464562922952,1
58.75,384.9812089291988,283.59056781112224,-89.40660863250109,23.767060782898326,0.7789142243452509,33.0,2.4341069510789093,416,437,375,435,33.0,NEUTRAL,program,sonic_drive_smooth.py,function,bc4a84a5f90dcb414fa9a95aff361c8d4412f04ffa11cdb071a0b8ad9fecc202,平滑操舵：Follow the Gap：目標が空き空間内 | target_deg=1.947 | gap_min_deg=-55.0 | gap_max_deg=60.0,,203.4163077946945,117.93900246370148,85.19732750092724,228.7920696565875,33.758988852202414,0,58.75,35.314978211682444,1
58.8,383.76955083993306,283.6025327214886,-89.4618566699898,24.540710126426234,0.7750647923290019,34.0,2.422077476028131,417,437,375,435,34.0,NEUTRAL,program,sonic_drive_smooth.py,function,bc4a84a5f90dcb414fa9a95aff361c8d4412f04ffa11cdb071a0b8ad9fecc202,平滑操舵：Follow the Gap：目標が空き空間内 | target_deg=1.937 | gap_min_deg=-55.0 | gap_max_deg=60.0,,204.77027170263918,118.8827738719946,83.5060408482028,220.79946623110644,35.34158965324265,0,58.8,35.083949931931556,1
58.85,382.5213230900089,283.6136384810268,-89.5186236784745,25.244078801301274,0.7730499136115835,34.577238328493664,2.4157809800361982,418,437,375,435,34.577238328493664,NEUTRAL,program,sonic_drive_smooth.py,function,bc4a84a5f90dcb414fa9a95aff361c8d4412f04ffa11cdb071a0b8ad9fecc202,平滑操舵：Follow the Gap：目標が空き空間内 | target_deg=1.932 | gap_min_deg=-55.0 | gap_max_deg=60.0,,200.64562607435323,121.78297429364916,84.36848366443871,222.90603130008398,36.197903517985395,0,58.85,34.77609804032222,1
58.9,381.24261620494934,283.6237578815185,-89.57454326579838,25.79186236036793,0.7433680487769504,34.593470598325105,2.32302515242797,418,437,375,435,34.593470598325105,NEUTRAL,program,sonic_drive_smooth.py,function,bc4a84a5f90dcb414fa9a95aff361c8d4412f04ffa11cdb071a0b8ad9fecc202,平滑操舵：Follow the Gap：目標が空き空間内 | target_deg=1.858 | gap_min_deg=-55.0 | gap_max_deg=60.0,,199.95050378279373,116.33680330225324,80.27342240550026,224.43695778110833,35.949544971243675,0,58.9,34.50325492616159,1
58.95,379.9402660662948,283.63277372197996,-89.63218103972949,26.215316096333517,0.7523033178534039,34.58858412304892,2.350947868291887,418,437,375,435,34.58858412304892,NEUTRAL,program,sonic_drive_smooth.py,function,bc4a84a5f90dcb414fa9a95aff361c8d4412f04ffa11cdb071a0b8ad9fecc202,平滑操舵：Follow the Gap：目標が空き空間内 | target_deg=1.880 | gap_min_deg=-55.0 | gap_max_deg=60.0,,199.88031625792897,117.47521147155913,83.88529581991794,222.6579594346085,36.223140161594145,0,58.95,34.271160330140155,1
59.0,378.61958316257466,283.640588724604,-89.68974333768585,26.544464838620257,0.7408949934480042,34.594823050458125,2.3152968545250134,418,437,375,435,34.594823050458125,NEUTRAL,program,sonic_drive_smooth.py,function,bc4a84a5f90dcb414fa9a95aff361c8d4412f04ffa11cdb071a0b8ad9fecc202,平滑操舵：Follow the Gap：目標が空き空間内 | target_deg=1.852 | gap_min_deg=-55.0 | gap_max_deg=60.0,,196.86951030909822,118.1741757907454,79.92283196805377,224.52145171813353,34.438114106084306,0,59.0,34.0835493787814,1
59.05,377.284697071601,283.6471329221034,-89.74848304623731,26.798735045444324,0.7480085964876529,34.59093279879582,2.3375268640239155,418,437,375,435,34.59093279879582,NEUTRAL,program,sonic_drive_smooth.py,function,bc4a84a5f90dcb414fa9a95aff361c8d4412f04ffa11cdb071a0b8ad9fecc202,平滑操舵：Follow the Gap：目標が空き空間内 | target_deg=1.869 | gap_min_deg=-55.0 | gap_max_deg=60.0,,194.85936508040837,119.81267501470089,82.3084570038238,222.02808228953484,35.045852622805306,0,59.05,33.94384559756947,1
59.1,375.93880760309133,283.6523500647407,-89.80732184853147,26.996181922603384,0.7431486856585591,34.59359056253047,2.322339642682997,418,437,375,435,34.59359056253047,NEUTRAL,program,sonic_drive_smooth.py,function,bc4a84a5f90dcb414fa9a95aff361c8d4412f04ffa11cdb071a0b8ad9fecc202,平滑操舵：Follow the Gap：目標が空き空間内 | target_deg=1.857 | gap_min_deg=-55.0 | gap_max_deg=60.0,,194.56900052015018,119.04274531063447,83.38480199942455,221.14580762074237,37.2878459912095,0,59.1,33.85417850831727,1
59.15,374.5843699146783,283.6562097639195,-89.86613101472507,27.14963084560389,0.7380896359352246,34.59635723034793,2.306530112297577,418,437,375,435,34.59635723034793,NEUTRAL,program,sonic_drive_smooth.py,function,bc4a84a5f90dcb414fa9a95aff361c8d4412f04ffa11cdb071a0b8ad9fecc202,平滑操舵：Follow the Gap：目標が空き空間内 | target_deg=1.845 | gap_min_deg=-55.0 | gap_max_deg=60.0,,191.89935205483718,115.23305925274289,81.79869810533285,222.08829104651537,36.032267560961714,0,59.15,33.816193267959825,1
59.2,373.2232640886253,283.6586997254657,-89.9242392476488,27.269717741082562,0.7257227311383926,34.603120381408694,2.267883534807477,418,437,375,435,34.603120381408694,NEUTRAL,program,sonic_drive_smooth.py,function,bc4a84a5f90dcb414fa9a95aff361c8d4412f04ffa11cdb071a0b8ad9fecc202,平滑操舵：Follow the Gap：目標が空き空間内 | target_deg=1.814 | gap_min_deg=-55.0 | gap_max_deg=60.0,,191.04121035138087,116.26101983917961,82.08997656322326,222.8498647515429,37.62252774854139,0,59.2,33.82377498197049,1
59.25,371.85701968736004,283.6597946603894,-89.98392486049204,27.361075945178538,0.7426183987705325,34.59388056317236,2.320682496157914,418,437,375,435,34.59388056317236,NEUTRAL,program,sonic_drive_smooth.py,function,bc4a84a5f90dcb414fa9a95aff361c8d4412f04ffa11cdb071a0b8ad9fecc202,平滑操舵：Follow the Gap：目標が空き空間内 | target_deg=1.856 | gap_min_deg=-55.0 | gap_max_deg=60.0,,189.43419561894245,121.66276578304989,83.2243177240709,218.85939156499768,35.59444650098083,0,59.25,33.83687686159022,1
59.3,370.4868708070907,283.659449774555,-90.04491945356847,27.430453194171477,0.756740908163388,34.58615731584815,2.3648153380105876,418,437,375,435,34.58615731584815,NEUTRAL,program,sonic_drive_smooth.py,function,bc4a84a5f90dcb414fa9a95aff361c8d4412f04ffa11cdb071a0b8ad9fecc202,平滑操舵：Follow the Gap：目標が空き空間内 | target_deg=1.891 | gap_min_deg=-55.0 | gap_max_deg=60.0,,192.43722232746123,114.88592167901817,84.08910419964103,220.96079116974246,35.77619974669269,0,59.3,33.84875760975649,1
59.35,369.11367287277574,283.6576580375743,-90.10459855277581,27.485966663069732,0.7387773656561067,34.595981128156815,2.3086792676753336,418,437,375,435,34.595981128156815,NEUTRAL,program,sonic_drive_smooth.py,function,bc4a84a5f90dcb414fa9a95aff361c8d4412f04ffa11cdb071a0b8ad9fecc202,平滑操舵：Follow the Gap：目標が空き空間内 | target_deg=1.846 | gap_min_deg=-55.0 | gap_max_deg=60.0,,190.4846408033562,120.67394122953777,80.06954869427213,219.87434603231583,35.18905477078542,0,59.35,33.858902551100535,1
59.4,367.738089818768,283.65442583751746,-90.16465611773476,27.52863492899908,0.742171571536104,34.594124921816196,2.319286161050325,418,437,375,435,34.594124921816196,NEUTRAL,program,sonic_drive_smooth.py,function,bc4a84a5f90dcb414fa9a95aff361c8d4412f04ffa11cdb071a0b8ad9fecc202,平滑操舵：Follow the Gap：目標が空き空間内 | target_deg=1.855 | gap_min_deg=-55.0 | gap_max_deg=60.0,,184.35915352612633,116.68387648077513,83.49002710344298,219.57784933617563,36.85997465097398,0,59.4,33.86762041132389,1
59.45,366.3607225961356,283.64972686478,-90.22627849575281,27.559878562749457,0.7605181393023726,34.584091642569014,2.3766191853199143,418,437,375,435,34.584091642569014,NEUTRAL,program,sonic_drive_smooth.py,function,bc4a84a5f90dcb414fa9a95aff361c8d4412f04ffa11cdb071a0b8ad9fecc202,平滑操舵：Follow the Gap：目標が空き空間内 | target_deg=1.901 | gap_min_deg=-55.0 | gap_max_deg=60.0,,185.585562619665,118.2111611280102,81.64908612327798,216.95425706654441,32.79603921588658,0,59.45,33.8750320397299,1
59.5,364.98207224941297,283.64352022574946,-90.28960549149872,27.58207918975924,0.7808225783978315,34.572987652438684,2.4400705574932235,418,437,375,435,34.572987652438684,NEUTRAL,program,sonic_drive_smooth.py,function,bc4a84a5f90dcb414fa9a95aff361c8d4412f04ffa11cdb071a0b8ad9fecc202,平滑操舵：Follow the Gap：目標が空き空間内 | target_deg=1.951 | gap_min_deg=-55.0 | gap_max_deg=60.0,,184.9173918665866,116.87506846385995,84.47860808833683,214.53226912451515,34.21559791505827,0,59.5,33.88106972478196,1
59.55,363.602438743304,283.6357941781065,-90.35210883755313,27.600332405729585,0.7701148012035093,34.57884346809183,2.4066087537609664,418,437,375,435,34.57884346809183,NEUTRAL,program,sonic_drive_smooth.py,function,bc4a84a5f90dcb414fa9a95aff361c8d4412f04ffa11cdb071a0b8ad9fecc202,平滑操舵：Follow the Gap：目標が空き空間内 | target_deg=1.925 | gap_min_deg=-55.0 | gap_max_deg=60.0,,182.36850319019857,116.2014721713122,83.2679359449887,218.45372983499217,35.90655176020365,0,59.55,33.885468812626684,1
59.6,362.2197283349734,283.6272656960644,-90.35350929280175,27.690401746426428,0.0,35.0,0.0,418,435,375,435,35.0,NEUTRAL,program,sonic_drive_smooth.py,function,bc4a84a5f90dcb414fa9a95aff361c8d4412f04ffa11cdb071a0b8ad9fecc202,平滑操舵：安全制御優先：右壁追従 | target_deg=0.000,,179.8718803808732,114.72641562526545,84.16239176984888,218.3567617624144,177.29368280264916,0,59.6,33.8855470729352,1
59.65,360.83561536820133,283.61949779537093,-90.28766598980835,27.677645228020758,-0.8370358049549858,34.54224604416524,-2.6157368904843303,418,432,375,435,34.54224604416524,NEUTRAL,program,sonic_drive_smooth.py,function,bc4a84a5f90dcb414fa9a95aff361c8d4412f04ffa11cdb071a0b8ad9fecc202,平滑操舵：安全制御優先：右壁追従 | target_deg=-2.092,,179.9773523371014,114.01342660632822,81.23030810063155,212.79082510667834,173.6216292166391,0,59.65,33.88411300696621,1
59.7,359.4529546206004,283.613677554834,-90.19469853734971,27.637608192819023,-1.1428854886378128,34.3749844984012,-3.571517151993165,417,431,375,435,34.3749844984012,NEUTRAL,program,sonic_drive_smooth.py,function,bc4a84a5f90dcb414fa9a95aff361c8d4412f04ffa11cdb071a0b8ad9fecc202,平滑操舵：安全制御優先：右壁追従 | target_deg=-2.855,,178.438816963287,114.72015610166297,80.21300784023391,214.61230421812374,173.65969897425916,0,59.7,33.88419569921529,1
59.75,358.0724619338973,283.6102514926163,-90.08969051346261,27.591804016120037,-1.292891793592711,34.292949800378985,-4.0402868549772215,417,430,375,435,34.292949800378985,NEUTRAL,program,sonic_drive_smooth.py,function,bc4a84a5f90dcb414fa9a95aff361c8d4412f04ffa11cdb071a0b8ad9fecc202,平滑操舵：安全制御優先：右壁追従 | target_deg=-3.229,,172.46196892355252,117.93040430231113,81.83729689211967,211.8663863469796,173.44111946436612,0,59.75,33.88667431249472,1
59.8,356.6941594223784,283.60942560758406,-89.97897325324018,27.54918032164143,-1.3653290969723013,34.25333565009327,-4.266653428038442,417,430,375,435,34.25333565009327,NEUTRAL,program,sonic_drive_smooth.py,function,bc4a84a5f90dcb414fa9a95aff361c8d4412f04ffa11cdb071a0b8ad9fecc202,平滑操舵：安全制御優先：右壁追従 | target_deg=-3.410,,174.1301869494169,119.90069754838474,85.91960765422006,213.1794980560773,176.46701832907561,0,59.8,33.8917844655621,1
59.85,355.3179288850576,283.6113334443571,-89.86217120314254,27.508553606778253,-1.4425003708888007,34.21113260967019,-4.507813659027502,417,430,375,435,34.21113260967019,NEUTRAL,program,sonic_drive_smooth.py,function,bc4a84a5f90dcb414fa9a95aff361c8d4412f04ffa11cdb071a0b8ad9fecc202,平滑操舵：安全制御優先：右壁追従 | target_deg=-3.602,,173.10263392192263,118.54321497284221,80.22425599784256,212.97070161757884,175.9356424253872,0,59.85,33.89979535758526,1
59.9,353.9435619296962,283.61607178453045,-89.74275844520407,27.473708676265076,-1.4767198370458763,34.19241883911553,-4.6147494907683635,417,430,375,435,34.19241883911553,NEUTRAL,program,sonic_drive_smooth.py,function,bc4a84a5f90dcb414fa9a95aff361c8d4412f04ffa11cdb071a0b8ad9fecc202,平滑操舵：安全制御優先：右壁追従 | target_deg=-3.688,,173.63003662261005,117.91424227651491,81.92855075770585,209.04065892515533,176.68680183736086,0,59.9,33.910652295855165,1
59.95,352.57077454731876,283.6236842020214,-89.62181187465423,27.44467890768179,-1.4973852648871744,34.18111743326483,-4.67932895277242,417,430,375,435,34.18111743326483,NEUTRAL,program,sonic_drive_smooth.py,function,bc4a84a5f90dcb414fa9a95aff361c8d4412f04ffa11cdb071a0b8ad9fecc202,平滑操舵：安全制御優先：右壁追従 | target_deg=-3.739,,168.2944647577359,115.94513176370177,83.01182251671335,211.3329128128081,178.08598608554195,0,59.95,33.92434273057246,1
60.0,351.19927980872296,283.63418970608427,-89.50044611792971,27.42154235917791,-1.5039671912939494,34.17751794226112,-4.699897472793592,417,430,375,435,34.17751794226112,NEUTRAL,program,sonic_drive_smooth.py,function,bc4a84a5f90dcb414fa9a95aff361c8d4412f04ffa11cdb071a0b8ad9fecc202,平滑操舵：安全制御優先：右壁追従 | target_deg=-3.755,,171.65913626523047,118.84236850980264,81.49184699143825,208.9970478574921,175.96359122504802,0,60.0,33.94077925029934,1
60.05,349.8287741251794,283.6475783911221,-89.38012657443136,27.40479421605484,-1.4920564964220926,34.184031603519166,-4.66267655131904,417,430,375,435,34.184031603519166,NEUTRAL,program,sonic_drive_smooth.py,function,bc4a84a5f90dcb414fa9a95aff361c8d4412f04ffa11cdb071a0b8ad9fecc202,平滑操舵：安全制御優先：右壁追従 | target_deg=-3.726,,167.8513655316129,120.01791199837035,82.84142086121511,210.9338804433771,175.23756991752302,0,60.05,33.95974756594593,1
60.1,348.45895122867756,283.66381352016737,-89.26179885255158,27.394185863819576,-1.468065298094329,34.19715179010466,-4.587704056544778,417,430,375,435,34.19715179010466,NEUTRAL,program,sonic_drive_smooth.py,function,bc4a84a5f90dcb414fa9a95aff361c8d4412f04ffa11cdb071a0b8ad9fecc202,平滑操舵：安全制御優先：右壁追従 | target_deg=-3.666,,170.26233473618697,118.99289513540919,86.81324689260173,210.3378563073378,176.84034054644673,0,60.1,33.98103189097665,1
60.15,347.0896629700244,283.68288302511723,-89.14243558715746,27.384648969823555,-1.481445723208414,34.189834370120394,-4.629517885026294,417,430,375,435,34.189834370120394,NEUTRAL,program,sonic_drive_smooth.py,function,bc4a84a5f90dcb414fa9a95aff361c8d4412f04ffa11cdb071a0b8ad9fecc202,平滑操舵：安全制御優先：右壁追従 | target_deg=-3.699,,164.2897170386522,116.03779392662511,82.50893897134432,208.31110733586905,176.06247601347465,0,60.15,34.00515503817978,1
60.2,345.7207990079424,283.7047888512112,-89.023920908206,27.378258836025726,-1.471328405136944,34.195367278440735,-4.59790126605295,417,430,375,435,34.195367278440735,NEUTRAL,program,sonic_drive_smooth.py,function,bc4a84a5f90dcb414fa9a95aff361c8d4412f04ffa11cdb071a0b8ad9fecc202,平滑操舵：安全制御優先：右壁追従 | target_deg=-3.674,,163.02061166342799,119.01829471642996,85.62886865597767,213.66016341136378,176.85860682055284,0,60.2,34.03173921231433,1
60.25,344.35224942958047,283.7295178423109,-88.9056935261439,27.373632156825852,-1.4680486331584826,34.197160903741455,-4.587651978620258,417,430,375,435,34.197160903741455,NEUTRAL,program,sonic_drive_smooth.py,function,bc4a84a5f90dcb414fa9a95aff361c8d4412f04ffa11cdb071a0b8ad9fecc202,平滑操舵：安全制御優先：右壁追従 | target_deg=-3.666,,164.81667661163422,122.97221285631744,83.31598983504706,205.8954125785251,174.83293761007715,0,60.25,34.06880890509809,1
60.3,342.9839033180052,283.7570514111974,-88.78883065886104,27.371702307453322,-1.4512713739874799,34.2063359673506,-4.535223043710874,417,430,375,435,34.2063359673506,NEUTRAL,program,sonic_drive_smooth.py,function,bc4a84a5f90dcb414fa9a95aff361c8d4412f04ffa11cdb071a0b8ad9fecc202,平滑操舵：安全制御優先：右壁追従 | target_deg=-3.624,,159.90731974959093,115.54693122435184,84.82760456010983,205.65138465727412,174.324367674019,0,60.3,34.14882536365882,1
60.35,341.61572959540825,283.7873828714879,-88.67117020377086,27.369219303320754,-1.4612928159381329,34.20085549128383,-4.566540049806665,417,430,375,435,34.20085549128383,NEUTRAL,program,sonic_drive_smooth.py,function,bc4a84a5f90dcb414fa9a95aff361c8d4412f04ffa11cdb071a0b8ad9fecc202,平滑操舵：安全制御優先：右壁追従 | target_deg=-3.649,,159.10993860797146,113.18755365357622,81.50530697564902,202.6105313380852,173.55749356137744,0,60.35,34.27557564769564,1
60.4,340.2476997413106,283.82051276185496,-88.55428224331206,27.36823313912821,-1.4517865940550068,34.206054206376166,-4.536833106421896,417,430,375,435,34.206054206376166,NEUTRAL,program,sonic_drive_smooth.py,function,bc4a84a5f90dcb414fa9a95aff361c8d4412f04ffa11cdb071a0b8ad9fecc202,平滑操舵：安全制御優先：右壁追従 | target_deg=-3.625,,160.90843911999775,115.41123898976208,84.56168650213614,202.45549856399222,174.61405075091275,0,60.4,34.448209795650605,1
60.45,338.87984689146094,283.8564510716826,-88.43568656543336,27.365367633897293,-1.473101850913516,34.19439742528167,-4.6034432841047375,417,430,375,435,34.19439742528167,NEUTRAL,program,sonic_drive_smooth.py,function,bc4a84a5f90dcb414fa9a95aff361c8d4412f04ffa11cdb071a0b8ad9fecc202,平滑操舵：安全制御優先：右壁追従 | target_deg=-3.679,,153.04549286132837,118.24630122997077,83.5343802012731,205.28735440448168,177.1376078256874,0,60.45,34.66660768284839,1
60.5,337.5121455259245,283.8952025508567,-88.31842596890502,27.364774398098973,-1.456605143929565,34.20341906191352,-4.551891074779891,417,430,375,435,34.20341906191352,NEUTRAL,program,sonic_drive_smooth.py,function,bc4a84a5f90dcb414fa9a95aff361c8d4412f04ffa11cdb071a0b8ad9fecc202,平滑操舵：安全制御優先：右壁追従 | target_deg=-3.637,,155.82478788876625,110.1205788431175,82.2578733674479,198.69302303109103,172.1081924305021,0,60.5,34.92930011956437,1
60.55,336.14447436559504,283.93672985917993,-88.20323980963238,27.366859726046258,-1.4307938488107752,34.21753461393161,-4.471230777533672,417,430,375,435,34.21753461393161,NEUTRAL,program,sonic_drive_smooth.py,function,bc4a84a5f90dcb414fa9a95aff361c8d4412f04ffa11cdb071a0b8ad9fecc202,平滑操舵：安全制御優先：右壁追従 | target_deg=-3.573,,156.99613866168747,109.80045764736899,83.91441041427792,204.1210730038849,171.48102025687376,0,60.55,35.235296126795056,1
60.6,334.783512989156,283.98220161437825,-87.94531615101236,27.14762168611397,-3.6707938488107756,32.99253461393161,-11.471230777533673,416,422,375,435,32.99253461393161,NEUTRAL,program,sonic_drive_smooth.py,function,bc4a84a5f90dcb414fa9a95aff361c8d4412f04ffa11cdb071a0b8ad9fecc202,平滑操舵：安全制御優先：右回避 | target_deg=-9.112,,149.9978707338894,109.37543180381624,84.89824675594967,197.50129506438884,173.99523720880362,0,60.6,35.60842567378658,1
60.65,333.438979705831,284.0352452972745,-87.51216421772182,26.756937851844455,-5.910793848810775,31.767534613931605,-18.471230777533673,414,415,375,435,31.767534613931605,NEUTRAL,program,sonic_drive_smooth.py,function,bc4a84a5f90dcb414fa9a95aff361c8d4412f04ffa11cdb071a0b8ad9fecc202,平滑操舵：安全制御優先：右回避 | target_deg=-14.511,,150.5741081286298,110.59739647702024,85.56550639117361,200.1151013668602,174.75436769344432,0,60.65,36.04370465071826,1
60.7,332.11850078431996,284.09929454706537,-86.91009845189643,26.233445355400992,-8.150793848810775,30.542534613931604,-25.471230777533673,413,408,375,435,30.542534613931604,NEUTRAL,program,sonic_drive_smooth.py,function,bc4a84a5f90dcb414fa9a95aff361c8d4412f04ffa11cdb071a0b8ad9fecc202,平滑操舵：安全制御優先：右回避 | target_deg=-19.701,,145.98511840030764,107.89308880056086,82.86411803285306,197.54650289718782,173.96469088311542,0,60.7,36.5287765583747,1
60.75,330.8281103971106,284.1773062948061,-86.14693992637972,25.607074040514526,-10.390793848810777,29.31753461393161,-32.47123077753368,411,400,375,435,29.31753461393161,NEUTRAL,program,sonic_drive_smooth.py,function,bc4a84a5f90dcb414fa9a95aff361c8d4412f04ffa11cdb071a0b8ad9fecc202,平滑操舵：安全制御優先：右回避 | target_deg=-24.628,,150.25110567157543,105.71402445612969,85.79146153558433,200.18705305587443,175.92337286197952,0,60.75,37.05225503289889,1
60.8,329.57263559590604,284.2716861647821,-85.23146253294773,24.901008742487367,-12.630793848810777,28.09253461393161,-39.47123077753368,410,393,375,435,28.09253461393161,NEUTRAL,program,sonic_drive_smooth.py,function,bc4a84a5f90dcb414fa9a95aff361c8d4412f04ffa11cdb071a0b8ad9fecc202,平滑操舵：安全制御優先：右回避 | target_deg=-29.259,,142.7853631620034,103.49047402912844,85.84776678812393,195.03246224629765,173.82547341661228,0,60.8,37.604067420185885,1
60.85,328.3559864363913,284.3842556425688,-84.17301710518437,24.133209347539687,-14.870793848810777,26.867534613931607,-46.47123077753368,408,386,375,435,26.867534613931607,NEUTRAL,program,sonic_drive_smooth.py,function,bc4a84a5f90dcb414fa9a95aff361c8d4412f04ffa11cdb071a0b8ad9fecc202,平滑操舵：安全制御優先：右回避 | target_deg=-33.578,,143.8867384152997,110.99569781545868,84.61214920937687,193.46099131784962,175.75903699945087,0,60.85,38.175583542130745,1
60.9,327.1813713390193,284.51624677815954,-82.98128295063557,23.317588290624585,-17.110793848810776,25.64253461393161,-53.47123077753368,407,378,375,435,25.64253461393161,NEUTRAL,program,sonic_drive_smooth.py,function,bc4a84a5f90dcb414fa9a95aff361c8d4412f04ffa11cdb071a0b8ad9fecc202,平滑操舵：安全制御優先：右回避 | target_deg=-37.582,,141.65814267770685,106.44912879579341,83.01618405739262,191.1227658546322,174.885138234972,0,60.9,38.759605217202996,1
60.95,326.0514539972718,284.66831461747546,-81.66611057560279,22.464922691594108,-19.350793848810778,24.417534613931604,-60.47123077753368,405,371,375,435,24.417534613931604,NEUTRAL,program,sonic_drive_smooth.py,function,bc4a84a5f90dcb414fa9a95aff361c8d4412f04ffa11cdb071a0b8ad9fecc202,平滑操舵：安全制御優先：右回避 | target_deg=-41.282,,147.31884972413647,108.29921720584763,84.51846664912459,194.61781820352263,176.4255689517779,0,60.95,39.35027252664108,1
61.0,324.96846497324555,284.84056084065867,-80.23742978661723,21.5835609317846,-21.590793848810776,23.192534613931606,-67.47123077753368,403,364,375,435,23.192534613931606,NEUTRAL,program,sonic_drive_smooth.py,function,bc4a84a5f90dcb414fa9a95aff361c8d4412f04ffa11cdb071a0b8ad9fecc202,平滑操舵：安全制御優先：右回避 | target_deg=-44.693,,144.13012989050182,107.16166986439592,85.65789855490883,189.35883850495017,175.15749609867794,0,61.0,39.94292573752834,1
61.05,323.9342785078267,285.0325644247181,-78.70520492791294,20.679969996057856,-23.830793848810778,21.967534613931605,-74.47123077753368,402,356,375,435,21.967534613931605,NEUTRAL,program,sonic_drive_smooth.py,function,bc4a84a5f90dcb414fa9a95aff361c8d4412f04ffa11cdb071a0b8ad9fecc202,平滑操舵：安全制御優先：右回避 | target_deg=-47.836,,143.24695070248885,106.76272117145177,91.9008595322581,191.34172128237313,174.11889527468222,0,61.05,40.5339483159386,1
61.1,322.9504629566154,285.243416753691,-77.07942455341296,19.759159465495266,-26.070793848810776,20.742534613931603,-81.47123077753368,400,349,375,435,20.742534613931603,NEUTRAL,program,sonic_drive_smooth.py,function,bc4a84a5f90dcb414fa9a95aff361c8d4412f04ffa11cdb071a0b8ad9fecc202,平滑操舵：安全制御優先：右回避 | target_deg=-50.732,,143.21468048109307,107.45195168444141,83.63153250650316,185.12372531610183,175.59123578649448,0,61.1,41.120606565393594,1
61.15,322.0183115716689,285.4717596606689,-75.37011691299413,18.82500995883141,-28.310793848810775,19.51753461393161,-88.47123077753368,399,342,375,435,19.51753461393161,NEUTRAL,program,sonic_drive_smooth.py,function,bc4a84a5f90dcb414fa9a95aff361c8d4412f04ffa11cdb071a0b8ad9fecc202,平滑操舵：安全制御優先：右回避 | target_deg=-53.404,,142.60774671823432,113.79288858743138,90.64201445648017,183.0476284945298,177.92646402762395,0,61.15,41.700894557708175,1
61.2,321.1388590110162,285.71582555606017,-73.58738568296921,17.8805275561194,-30.550793848810777,18.292534613931608,-95.47123077753368,397,334,375,435,18.292534613931608,NEUTRAL,program,sonic_drive_smooth.py,function,bc4a84a5f90dcb414fa9a95aff361c8d4412f04ffa11cdb071a0b8ad9fecc202,平滑操舵：安全制御優先：右回避 | target_deg=-55.875,,144.44178753334643,111.03880671367023,88.313451368902,183.86099950250392,176.2444965851908,0,61.2,42.273388483811274,1
61.25,320.31060206344426,285.97406240246505,-71.7709240856674,17.006009422684933,-32.0,17.5,-100.0,396,330,375,435,17.5,NEUTRAL,program,sonic_drive_smooth.py,function,bc4a84a5f90dcb414fa9a95aff361c8d4412f04ffa11cdb071a0b8ad9fecc202,平滑操舵：安全制御優先：右回避 | target_deg=-57.375,,145.45782478837998,110.3939341963897,87.38037731602371,182.22062176546046,180.04617822399698,0,61.25,42.83188338129834,1
61.3,319.52648717041734,286.24563110880246,-70.02325858912809,16.32857324644458,-32.0,17.5,-100.0,396,330,375,435,17.5,NEUTRAL,program,sonic_drive_smooth.py,function,bc4a84a5f90dcb414fa9a95aff361c8d4412f04ffa11cdb071a0b8ad9fecc202,平滑操舵：安全制御優先：右回避 | target_deg=-57.375,,140.5093549705263,113.66647432583669,90.85334853733258,178.194875284449,181.44972360470157,0,61.3,43.35898497385906,2
61.35,318.7782081484736,286.53017101124254,-68.3372179542903,15.803804513431752,-32.0,17.5,-100.0,396,330,375,435,17.5,NEUTRAL,program,sonic_drive_smooth.py,function,bc4a84a5f90dcb414fa9a95aff361c8d4412f04ffa11cdb071a0b8ad9fecc202,平滑操舵：安全制御優先：右回避 | target_deg=-57.375,,145.30383184059448,116.32142794915165,91.76422191182361,179.7217352283456,181.9230155278905,0,61.35,43.85889604617723,2
61.4,318.059439531815,286.82762923237135,-66.69891436351865,15.397297992513113,-32.0,17.5,-100.0,396,330,375,435,17.5,NEUTRAL,program,sonic_drive_smooth.py,function,bc4a84a5f90dcb414fa9a95aff361c8d4412f04ffa11cdb071a0b8ad9fecc202,平滑操舵：安全制御優先：右回避 | target_deg=-57.375,,146.4707299486699,117.40077905399518,96.14717574603152,178.95347825118438,186.44982533254827,0,61.4,44.33640931627158,2
61.45,317.36539288164363,287.13811671277244,-65.09758976650464,15.082402037106917,-32.0,17.5,-100.0,396,330,375,435,17.5,NEUTRAL,program,sonic_drive_smooth.py,function,bc4a84a5f90dcb414fa9a95aff361c8d4412f04ffa11cdb071a0b8ad9fecc202,平滑操舵：安全制御優先：右回避 | target_deg=-57.375,,146.64558959894782,120.64291908604473,102.65681722021881,179.4717956508045,187.68503077368726,0,61.45,44.795157896582715,2
61.5,316.6924675137447,287.4618111026974,-63.524910553931065,14.83847123248637,-32.0,17.5,-100.0,396,330,375,435,17.5,NEUTRAL,program,sonic_drive_smooth.py,function,bc4a84a5f90dcb414fa9a95aff361c8d4412f04ffa11cdb071a0b8ad9fecc202,平滑操舵：安全制御優先：右回避 | target_deg=-57.375,,147.4570810380479,119.44272643588353,99.63184726827068,173.8506270768813,188.14003063980766,0,61.5,45.23789289217733,2
61.55,316.0379793380568,287.7988994923824,-61.974421183923766,14.649512827586973,-32.0,17.5,-100.0,396,330,375,435,17.5,NEUTRAL,program,sonic_drive_smooth.py,function,bc4a84a5f90dcb414fa9a95aff361c8d4412f04ffa11cdb071a0b8ad9fecc202,平滑操舵：安全制御優先：右回避 | target_deg=-57.375,,149.87908032393278,124.44410624516625,103.87579175497623,175.95585459003317,192.26237059360514,0,61.55,45.66669387595557,2
61.6,315.39995070399834,288.14954602048897,-60.44112093959012,14.50313820779401,-32.0,17.5,-100.0,396,330,375,435,17.5,NEUTRAL,program,sonic_drive_smooth.py,function,bc4a84a5f90dcb414fa9a95aff361c8d4412f04ffa11cdb071a0b8ad9fecc202,平滑操舵：安全制御優先：右回避 | target_deg=-57.375,,153.0357015266436,124.83010438406662,101.33844311678554,173.22644367125844,191.694141586331,0,61.6,46.08312878734576,2
61.65,314.77694770796097,288.51387489742064,-58.92113606874511,14.389750664482866,-32.0,17.5,-100.0,396,330,375,435,17.5,NEUTRAL,program,sonic_drive_smooth.py,function,bc4a84a5f90dcb414fa9a95aff361c8d4412f04ffa11cdb071a0b8ad9fecc202,平滑操舵：安全制御優先：右回避 | target_deg=-57.375,,156.03308712152202,125.82207737166418,105.91408423905276,172.2989250541254,194.12455600179402,0,61.65,46.4883756056861,2
61.7,314.16795433717914,288.89196284926254,-57.41146581043526,14.301916209327173,-32.0,17.5,-100.0,396,330,375,435,17.5,NEUTRAL,program,sonic_drive_smooth.py,function,bc4a84a5f90dcb414fa9a95aff361c8d4412f04ffa11cdb071a0b8ad9fecc202,平滑操舵：安全制御優先：右回避 | target_deg=-57.375,,153.6404917638487,132.71655980883992,106.9069950406327,169.21581628159512,195.18123875450232,0,61.7,46.88331505670404,2
61.75,313.5722751592856,289.2838371873588,-55.909785657085024,14.233876182290631,-32.0,17.5,-100.0,396,330,375,435,17.5,NEUTRAL,program,sonic_drive_smooth.py,function,bc4a84a5f90dcb414fa9a95aff361c8d4412f04ffa11cdb071a0b8ad9fecc202,平滑操舵：安全制御優先：右回避 | target_deg=-57.375,,157.76113861539966,129.26437926403122,106.57708565703128,166.57889449035486,196.401505085572,0,61.75,47.26860131925647,2
61.8,312.9894601106526,289.6894771087962,-54.4142949536097,14.181169698588679,-32.0,17.5,-100.0,396,330,375,435,17.5,NEUTRAL,program,sonic_drive_smooth.py,function,bc4a84a5f90dcb414fa9a95aff361c8d4412f04ffa11cdb071a0b8ad9fecc202,平滑操舵：安全制御優先：右回避 | target_deg=-57.375,,160.4900000212865,129.37415469278585,110.92224104165669,168.7719392206888,202.68826095365293,0,61.8,47.64471599338103,2
61.85,312.4192463808107,290.1088167276559,-52.92359884168826,14.140341181240618,-32.0,17.5,-100.0,396,330,375,435,17.5,NEUTRAL,program,sonic_drive_smooth.py,function,bc4a84a5f90dcb414fa9a95aff361c8d4412f04ffa11cdb071a0b8ad9fecc202,平滑操舵：安全制御優先：右回避 | target_deg=-57.375,,164.93502109807957,124.35401319724313,106.88074064570002,166.1654909968419,245.49717874582308,0,61.85,48.0119324649968,2
61.9,311.8615135159759,290.54174890958683,-51.4366168091492,14.108713804269929,-32.0,17.5,-100.0,396,330,375,435,17.5,NEUTRAL,program,sonic_drive_smooth.py,function,bc4a84a5f90dcb414fa9a95aff361c8d4412f04ffa11cdb071a0b8ad9fecc202,平滑操舵：安全制御優先：右回避 | target_deg=-57.375,,164.7883001654309,124.89669171952968,106.23181870170588,165.84272588724238,250.0,0,61.9,48.361727480569094,2
61.95,311.3162487396591,290.98812934887616,-49.95251184872433,14.08421399288764,-32.0,17.5,-100.0,396,330,375,435,17.5,NEUTRAL,program,sonic_drive_smooth.py,function,bc4a84a5f90dcb414fa9a95aff361c8d4412f04ffa11cdb071a0b8ad9fecc202,平滑操舵：安全制御優先：右回避 | target_deg=-57.375,,167.93282750170872,125.71956437280542,107.83821125386066,164.83796653222257,249.34574993027266,0,61.95,48.6882440393965,2
62.0,310.7835201671548,291.4477805612211,-48.47063558163046,14.065235474424854,-32.0,17.5,-100.0,396,330,375,435,17.5,NEUTRAL,program,sonic_drive_smooth.py,function,bc4a84a5f90dcb414fa9a95aff361c8d4412f04ffa11cdb071a0b8ad9fecc202,平滑操舵：安全制御優先：右回避 | target_deg=-57.375,,173.77273117511746,124.28595651307958,107.27353620950431,163.38574128299356,249.0421531687761,0,62.0,48.99152271678141,2
62.05,310.26345611680955,291.92049561378144,-46.99048574813517,14.050533966832731,-32.0,17.5,-100.0,396,330,375,435,17.5,NEUTRAL,program,sonic_drive_smooth.py,function,bc4a84a5f90dcb414fa9a95aff361c8d4412f04ffa11cdb071a0b8ad9fecc202,平滑操舵：安全制御優先：右回避 | target_deg=-57.375,,174.09929812321027,123.4359583802654,103.46889111584464,165.36762734726182,250.0,0,62.05,49.271554777468545,2
62.1,309.75622912844375,292.4060415070025,-45.51167327807565,14.039145600248421,-32.0,17.5,-100.0,396,330,375,435,17.5,NEUTRAL,program,sonic_drive_smooth.py,function,bc4a84a5f90dcb414fa9a95aff361c8d4412f04ffa11cdb071a0b8ad9fecc202,平滑操舵：安全制御優先：右回避 | target_deg=-57.375,,177.24410406217314,120.42126136969958,110.97578562805315,161.50626977891648,248.97360511142375,0,62.1,49.528298230669975,2
62.15,309.26204361475726,292.90416217968095,-44.033896782385966,14.030323723128276,-32.0,17.5,-100.0,396,330,375,435,17.5,NEUTRAL,program,sonic_drive_smooth.py,function,bc4a84a5f90dcb414fa9a95aff361c8d4412f04ffa11cdb071a0b8ad9fecc202,平滑操舵：安全制御優先：右回避 | target_deg=-57.375,,183.74215849566855,120.05605195172049,106.99341750419892,162.61925357275237,250.0,0,62.15,49.76168997337338,2
62.2,308.78112631569144,293.4145811425069,-42.556922793229774,14.023489949790653,-32.0,17.5,-100.0,396,330,375,435,17.5,NEUTRAL,program,sonic_drive_smooth.py,function,bc4a84a5f90dcb414fa9a95aff361c8d4412f04ffa11cdb071a0b8ad9fecc202,平滑操舵：安全制御優先：右回避 | target_deg=-57.375,,183.7084693467768,124.44285354042803,106.56205966960069,159.10492278430553,236.01321761258563,0,62.2,49.971654969682426,2
62.25,308.3137189146153,293.9370037641808,-41.080570457229385,14.018196239915307,-32.0,17.5,-100.0,396,330,375,435,17.5,NEUTRAL,program,sonic_drive_smooth.py,function,bc4a84a5f90dcb414fa9a95aff361c8d4412f04ffa11cdb071a0b8ad9fecc202,平滑操舵：安全制御優先：右回避 | target_deg=-57.375,,185.1286101073477,125.79114593324402,108.61225666642915,159.90345501524882,242.21306120745228,0,62.25,50.15811318484628,2
62.3,307.8600723213201,294.4711192436051,-39.60469967823818,14.014095523830669,-32.0,17.5,-100.0,396,330,375,435,17.5,NEUTRAL,program,sonic_drive_smooth.py,function,bc4a84a5f90dcb414fa9a95aff361c8d4412f04ffa11cdb071a0b8ad9fecc202,平滑操舵：安全制御優先：右回避 | target_deg=-57.375,,179.01430579779807,124.21891790088658,108.44260325358383,159.8486859497018,244.91334375423142,0,62.3,50.32098481889656,2
62.35,307.4204422397903,295.0166023051647,-38.1292019322654,14.010918947704893,-32.0,17.5,-100.0,396,330,375,435,17.5,NEUTRAL,program,sonic_drive_smooth.py,function,bc4a84a5f90dcb414fa9a95aff361c8d4412f04ffa11cdb071a0b8ad9fecc202,平滑操舵：安全制御優先：右回避 | target_deg=-57.375,,178.9235507456942,123.59946230347441,109.86612634070694,159.4710245232473,250.0,0,62.35,50.46019425297242,2
62.4,306.9950857260648,295.57311465407525,-36.65399315235513,14.008458246774964,-32.0,17.5,-100.0,396,330,375,435,17.5,NEUTRAL,program,sonic_drive_smooth.py,function,bc4a84a5f90dcb414fa9a95aff361c8d4412f04ffa11cdb071a0b8ad9fecc202,平滑操舵：安全制御優先：右回避 | target_deg=-57.375,,171.4404998342501,118.89762523336476,108.60800506646585,157.8658900972331,247.84745833712364,0,62.4,50.57567302134213,2
62.45,306.5842585089931,296.1403062267061,-35.17900821693354,14.006552090955994,-32.0,17.5,-100.0,396,330,375,435,17.5,NEUTRAL,program,sonic_drive_smooth.py,function,bc4a84a5f90dcb414fa9a95aff361c8d4412f04ffa11cdb071a0b8ad9fecc202,平滑操舵：安全制御優先：右回避 | target_deg=-57.375,,177.12694388698446,121.24460617182866,114.68539895815549,154.09314997141104,247.53256195346523,0,62.45,50.66736204616066,2
62.5,306.18821289882646,296.71781626766074,-33.70419668026574,14.005075507612606,-32.0,17.5,-100.0,396,330,375,435,17.5,NEUTRAL,program,sonic_drive_smooth.py,function,bc4a84a5f90dcb414fa9a95aff361c8d4412f04ffa11cdb071a0b8ad9fecc202,平滑操舵：安全制御優先：右回避 | target_deg=-57.375,,170.15072901397528,124.21480095394283,114.35805752102405,159.82762445847146,250.0,0,62.5,50.73521331434586,2
62.55,305.80719614883805,297.3052742618295,-32.2295194650994,14.003931688021217,-32.0,17.5,-100.0,396,330,375,435,17.5,NEUTRAL,program,sonic_drive_smooth.py,function,bc4a84a5f90dcb414fa9a95aff361c8d4412f04ffa11cdb071a0b8ad9fecc202,平滑操舵：安全制御優先：右回避 | target_deg=-57.375,,167.08595645822356,122.7032295929439,115.06820892090424,159.1624260963465,248.9250373161979,0,62.55,50.7791911322072,2
62.6,305.44144916622594,297.90230074600294,-30.754946300656343,14.003045640333154,-32.0,17.5,-100.0,396,330,375,435,17.5,NEUTRAL,program,sonic_drive_smooth.py,function,bc4a84a5f90dcb414fa9a95aff361c8d4412f04ffa11cdb071a0b8ad9fecc202,平滑操舵：安全制御優先：右回避 | target_deg=-57.375,,170.23576612814065,121.05683911105635,113.34116635695489,159.83423812586642,249.23074476102514,0,62.6,50.79927306028754,2
62.65,305.0912054925152,298.50850802117037,-29.28045373800009,14.002359272909974,-32.0,17.5,-100.0,396,330,375,435,17.5,NEUTRAL,program,sonic_drive_smooth.py,function,bc4a84a5f90dcb414fa9a95aff361c8d4412f04ffa11cdb071a0b8ad9fecc202,平滑操舵：安全制御優先：右回避 | target_deg=-57.375,,166.86090206169257,120.6271800773096,118.9214321439496,160.96938951604514,250.0,0,62.65,50.79545060573426,2
62.7,304.75669049214235,299.1235007834421,-27.806023612661193,14.001827585681458,-32.0,17.5,-100.0,396,330,375,435,17.5,NEUTRAL,program,sonic_drive_smooth.py,function,bc4a84a5f90dcb414fa9a95aff361c8d4412f04ffa11cdb071a0b8ad9fecc202,平滑操舵：安全制御優先：右回避 | target_deg=-57.375,,170.81647679853413,123.91719720207229,120.36597389841481,163.004703685231,250.0,0,62.7,50.767729730479246,2
62.75,304.4381207021377,299.74687668869296,-26.331641853726495,14.001415719821539,-32.0,17.5,-100.0,396,330,375,435,17.5,NEUTRAL,program,sonic_drive_smooth.py,function,bc4a84a5f90dcb414fa9a95aff361c8d4412f04ffa11cdb071a0b8ad9fecc202,平滑操舵：安全制御優先：右回避 | target_deg=-57.375,,166.9720775938109,123.44487934256595,115.67328254534642,160.20348954892287,250.0,0,62.75,50.71613121909786,2
62.8,304.1357033067752,300.3782268635216,-24.85729756131272,14.001096672311144,-32.0,17.5,-100.0,396,330,375,435,17.5,NEUTRAL,program,sonic_drive_smooth.py,function,bc4a84a5f90dcb414fa9a95aff361c8d4412f04ffa11cdb071a0b8ad9fecc202,平滑操舵：安全制御優先：右回避 | target_deg=-57.375,,161.76113127471552,125.15091488073988,123.07888213927023,159.03056049011477,248.37919168147565,0,62.8,50.64069093933441,2
62.85,303.84963570948827,301.0171363729702,-23.38298229194112,14.000849525548581,-32.0,17.5,-100.0,396,330,375,435,17.5,NEUTRAL,program,sonic_drive_smooth.py,function,bc4a84a5f90dcb414fa9a95aff361c8d4412f04ffa11cdb071a0b8ad9fecc202,平滑操舵：安全制御優先：右回避 | target_deg=-57.375,,165.63488346703423,125.94492142692553,129.24628352607536,163.2051463393059,250.0,0,62.85,50.541460020059866,2
62.9,303.58010518083603,301.663184653604,-21.908689504960563,14.000658075936045,-32.0,17.5,-100.0,396,330,375,435,17.5,NEUTRAL,program,sonic_drive_smooth.py,function,bc4a84a5f90dcb414fa9a95aff361c8d4412f04ffa11cdb071a0b8ad9fecc202,平滑操舵：安全制御優先：右回避 | target_deg=-57.375,,161.46742084134317,127.30818704341407,126.16205122794636,163.76628518316915,250.0,0,62.9,50.41850496522737,2
62.95,303.32728856627966,302.3159459189963,-20.434414133725312,14.000509771528737,-32.0,17.5,-100.0,396,330,375,435,17.5,NEUTRAL,program,sonic_drive_smooth.py,function,bc4a84a5f90dcb414fa9a95aff361c8d4412f04ffa11cdb071a0b8ad9fecc202,平滑操舵：安全制御優先：右回避 | target_deg=-57.375,,163.46343169373145,131.74350251970023,130.2975850822906,165.10349028886947,47.54842143995409,0,62.95,50.27190771772876,2
63.0,303.09135204135754,302.97498954335583,-18.960152253412048,14.000394889096041,-32.0,17.5,-100.0,396,330,375,435,17.5,NEUTRAL,program,sonic_drive_smooth.py,function,bc4a84a5f90dcb414fa9a95aff361c8d4412f04ffa11cdb071a0b8ad9fecc202,平滑操舵：安全制御優先：右回避 | target_deg=-57.375,,158.8211884204782,130.47800891175345,128.1763120591866,169.37345971619303,50.15512258486406,0,63.0,50.101765683539796,2
63.05,302.8724509047757,303.63988042794665,-17.485900823698103,14.000305896640715,-32.0,17.5,-100.0,396,330,375,435,17.5,NEUTRAL,program,sonic_drive_smooth.py,function,bc4a84a5f90dcb414fa9a95aff361c8d4412f04ffa11cdb071a0b8ad9fecc202,平滑操舵：安全制御優先：右回避 | target_deg=-57.375,,159.62580490552253,130.56359235680458,124.78423775300632,169.44964589065677,47.68901204663662,0,63.05,49.90819172391556,2
63.1,302.67072940218577,304.31017935404714,-16.01165748942981,14.000236959581155,-32.0,17.5,-100.0,396,330,375,435,17.5,NEUTRAL,program,sonic_drive_smooth.py,function,bc4a84a5f90dcb414fa9a95aff361c8d4412f04ffa11cdb071a0b8ad9fecc202,平滑操舵：安全制御優先：右回避 | target_deg=-57.375,,159.13012822386614,133.1559714850386,126.72737223720814,167.41426778812928,48.47628807380024,0,63.1,49.69131412141448,2
63.15,302.48632057513726,304.98544332545134,-14.537420426212407,14.000183558220742,-32.0,17.5,-100.0,396,330,375,435,17.5,NEUTRAL,program,sonic_drive_smooth.py,function,bc4a84a5f90dcb414fa9a95aff361c8d4412f04ffa11cdb071a0b8ad9fecc202,平滑操舵：安全制御優先：右回避 | target_deg=-57.375,,158.43435450771622,136.22851527039748,124.85086890497634,170.44028299975113,50.52197575092628,0,63.15,49.45127652406158,2
63.2,302.31934613101384,305.6652259029049,-13.063188220797997,14.000142191424537,-32.0,17.5,-100.0,396,330,375,435,17.5,NEUTRAL,program,sonic_drive_smooth.py,function,bc4a84a5f90dcb414fa9a95aff361c8d4412f04ffa11cdb071a0b8ad9fecc202,平滑操舵：安全制御優先：右回避 | target_deg=-57.375,,152.0094354553727,139.25116395026143,123.84028301772851,175.28019647954673,59.81104592289177,0,63.2,49.1882378708545,2
63.25,302.16991633076736,306.34907753236706,-11.588959778428972,14.00011014707557,-32.0,17.5,-100.0,396,330,375,435,17.5,NEUTRAL,program,sonic_drive_smooth.py,function,bc4a84a5f90dcb414fa9a95aff361c8d4412f04ffa11cdb071a0b8ad9fecc202,平滑操舵：安全制御優先：右回避 | target_deg=-57.375,,154.12958165593827,137.88220037390337,125.79835276412119,176.005242441039,60.37305007503861,0,63.25,48.90237230099977,2
63.3,302.0381298920331,307.0365458685831,-10.114734251063055,14.000085324261265,-32.0,17.5,-100.0,396,330,375,435,17.5,NEUTRAL,program,sonic_drive_smooth.py,function,bc4a84a5f90dcb414fa9a95aff361c8d4412f04ffa11cdb071a0b8ad9fecc202,平滑操舵：安全制御優先：右回避 | target_deg=-57.375,,153.17644876330348,139.79523693680426,125.19028192462982,178.76782751875595,70.34407516155657,0,63.3,48.593869048655606,2
63.35,301.92407390579496,307.72717609512245,-8.640510981773303,14.000066095532022,-32.0,17.5,-100.0,396,330,375,435,17.5,NEUTRAL,program,sonic_drive_smooth.py,function,bc4a84a5f90dcb414fa9a95aff361c8d4412f04ffa11cdb071a0b8ad9fecc202,平滑操舵：安全制御優先：右回避 | target_deg=-57.375,,155.49270105353426,146.04443448984517,124.73612277079323,180.48531625635925,75.87760203834678,0,63.35,48.26293232450907,2
63.4,301.82782376521527,308.4205112417643,-7.1662894616783035,14.000051200201307,-32.0,17.5,-100.0,396,330,375,435,17.5,NEUTRAL,program,sonic_drive_smooth.py,function,bc4a84a5f90dcb414fa9a95aff361c8d4412f04ffa11cdb071a0b8ad9fecc202,平滑操舵：安全制御優先：右回避 | target_deg=-57.375,,151.8124360350821,147.87096246715848,122.52358006935088,183.39056777824533,84.01481495792858,0,63.4,47.910016313615316,2
63.45,301.74944310558294,309.11609249990204,-5.6920692965783815,14.000039661691702,-32.0,17.5,-100.0,396,330,375,435,17.5,NEUTRAL,program,sonic_drive_smooth.py,function,bc4a84a5f90dcb414fa9a95aff361c8d4412f04ffa11cdb071a0b8ad9fecc202,平滑操舵：安全制御優先：右回避 | target_deg=-57.375,,148.0357173161687,152.30261276847523,121.12457235424083,183.4234257140282,102.07621241282578,0,63.45,47.54471208378545,2
63.5,301.6889837545904,309.81345953645683,-4.217850181111004,14.000030723507887,-32.0,17.5,-100.0,396,330,375,435,17.5,NEUTRAL,program,sonic_drive_smooth.py,function,bc4a84a5f90dcb414fa9a95aff361c8d4412f04ffa11cdb071a0b8ad9fecc202,平滑操舵：安全制御優先：右回避 | target_deg=-57.375,,149.81323718027465,156.79778391035768,117.46700595994899,188.0677764343339,121.1630143887965,0,63.5,47.171993618966056,2
63.55,301.6464856923448,310.51215080665423,-2.743631878730355,14.000023799638805,-32.0,17.5,-100.0,396,330,375,435,17.5,NEUTRAL,program,sonic_drive_smooth.py,function,bc4a84a5f90dcb414fa9a95aff361c8d4412f04ffa11cdb071a0b8ad9fecc202,平滑操舵：安全制御優先：右回避 | target_deg=-57.375,,149.79998185479852,153.96234681740373,119.69697008270641,248.6840602620227,156.2013770386467,0,63.55,46.79194225359911,2
63.6,301.6219770206623,311.2117038659018,-1.269414206198661,14.00001843613722,-32.0,17.5,-100.0,396,330,375,435,17.5,NEUTRAL,program,sonic_drive_smooth.py,function,bc4a84a5f90dcb414fa9a95aff361c8d4412f04ffa11cdb071a0b8ad9fecc202,平滑操舵：安全制御優先：右回避 | target_deg=-57.375,,144.55859242969754,163.67497928685071,121.35244340764865,250.0,231.91186776734673,0,63.6,46.40464155054007,2
63.65,301.6154739413103,311.91165568091714,0.2048029784272103,14.000014281357727,-32.0,17.5,-100.0,396,330,375,435,17.5,NEUTRAL,program,sonic_drive_smooth.py,function,bc4a84a5f90dcb414fa9a95aff361c8d4412f04ffa11cdb071a0b8ad9fecc202,平滑操舵：安全制御優先：右回避 | target_deg=-57.375,,145.1480546829146,158.0606800135759,119.11986129728888,248.20570223352055,248.16760333113425,0,63.65,46.01017734190321,2
63.7,301.6269807429373,312.61154294018144,1.6790197851020423,14.000011062901958,-32.0,17.5,-100.0,396,330,375,435,17.5,NEUTRAL,program,sonic_drive_smooth.py,function,bc4a84a5f90dcb414fa9a95aff361c8d4412f04ffa11cdb071a0b8ad9fecc202,平滑操舵：安全制御優先：右回避 | target_deg=-57.375,,144.262019456543,158.1496031180608,118.94897098697767,246.97837935687596,248.7117472028145,0,63.7,45.608637774014554,2
63.75,301.65648979649666,313.3109023637378,3.1532362990011507,14.000008569759407,-32.0,17.5,-100.0,396,330,375,435,17.5,NEUTRAL,program,sonic_drive_smooth.py,function,bc4a84a5f90dcb414fa9a95aff361c8d4412f04ffa11cdb071a0b8ad9fecc202,平滑操舵：安全制御優先：右回避 | target_deg=-57.375,,141.99519029600734,155.56568856808045,120.9058388635156,250.0,247.90777016543916,0,63.75,45.20011335673384,2
63.8,301.70398155901387,314.00927101230633,4.627452586104596,14.000006638473032,-32.0,17.5,-100.0,396,330,375,435,17.5,NEUTRAL,program,sonic_drive_smooth.py,function,bc4a84a5f90dcb414fa9a95aff361c8d4412f04ffa11cdb071a0b8ad9fecc202,平滑操舵：安全制御優先：右回避 | target_deg=-57.375,,148.63030677099871,158.3484187340609,119.61167038022884,246.62755547733968,249.36080751425746,0,63.8,44.78469701745246,2
63.85,301.76942458557846,314.70618659565105,6.101668697523223,14.00000514242257,-32.0,17.5,-100.0,396,330,375,435,17.5,NEUTRAL,program,sonic_drive_smooth.py,function,bc4a84a5f90dcb414fa9a95aff361c8d4412f04ffa11cdb071a0b8ad9fecc202,平滑操舵：安全制御優先：右回避 | target_deg=-57.375,,146.15484445981468,151.72303364911016,119.93755355841091,217.49998012996275,250.0,0,63.85,44.36248416012144,2
63.9,301.8527755494653,315.4011877801065,7.575884672849497,14.000003983522982,-32.0,17.5,-100.0,396,330,375,435,17.5,NEUTRAL,program,sonic_drive_smooth.py,function,bc4a84a5f90dcb414fa9a95aff361c8d4412f04ffa11cdb071a0b8ad9fecc202,平滑操舵：安全制御優先：右回避 | target_deg=-57.375,,143.09857015146443,153.19334138053298,120.87267480082136,226.101300228832,250.0,0,63.9,43.93357272970887,2
63.95,301.95397927030956,316.0938144951483,9.050100542753256,14.000003085793734,-32.0,17.5,-100.0,396,330,375,435,17.5,NEUTRAL,program,sonic_drive_smooth.py,function,bc4a84a5f90dcb414fa9a95aff361c8d4412f04ffa11cdb071a0b8ad9fecc202,平滑操舵：安全制御優先：右回避 | target_deg=-57.375,,147.96189042095185,150.3451131878128,121.84064155737153,230.42060201263564,248.16653800849798,0,63.95,43.498063282534574,2
64.0,302.0729687502651,316.78360823887226,10.52431633099252,14.000002390377317,-32.0,17.5,-100.0,396,330,375,435,17.5,NEUTRAL,program,sonic_drive_smooth.py,function,bc4a84a5f90dcb414fa9a95aff361c8d4412f04ffa11cdb071a0b8ad9fecc202,平滑操舵：安全制御優先：右回避 | target_deg=-57.375,,141.10727671462456,147.15246661218853,124.03743941195428,238.09935581104048,250.0,0,64.0,43.0560590629866,2
64.05,302.2096652180887,317.47011238223683,11.998532055971339,14.00000185168038,-32.0,17.5,-100.0,396,330,375,435,17.5,NEUTRAL,program,sonic_drive_smooth.py,function,bc4a84a5f90dcb414fa9a95aff361c8d4412f04ffa11cdb071a0b8ad9fecc202,平滑操舵：安全制御優先：右回避 | target_deg=-57.375,,143.56308945351464,148.48663140970322,124.884875648507,250.0,250.0,0,64.05,42.60766608717608,2
64.1,302.3639781810923,318.1528724719088,13.472747731946072,14.000001434384526,-32.0,17.5,-100.0,396,330,375,435,17.5,NEUTRAL,program,sonic_drive_smooth.py,function,bc4a84a5f90dcb414fa9a95aff361c8d4412f04ffa11cdb071a0b8ad9fecc202,平滑操舵：安全制御優先：右回避 | target_deg=-57.375,,144.80128206367814,148.95764442364305,122.69306576851868,246.54104379773554,249.53923495402415,0,64.1,42.15299323415318,2
64.15,302.5358054849102,318.8314365315454,14.946963369960343,14.000001111130727,-32.0,17.5,-100.0,396,330,375,435,17.5,NEUTRAL,program,sonic_drive_smooth.py,function,bc4a84a5f90dcb414fa9a95aff361c8d4412f04ffa11cdb071a0b8ad9fecc202,平滑操舵：安全制御優先：右回避 | target_deg=-57.375,,141.16374501060596,147.39293503667895,129.46199311158793,250.0,244.20094340367191,0,64.15,41.69215234537099,2
64.2,302.7250333810257,319.5053553613417,16.421178978568946,14.000000860725608,-32.0,17.5,-100.0,396,330,375,435,17.5,NEUTRAL,program,sonic_drive_smooth.py,function,bc4a84a5f90dcb414fa9a95aff361c8d4412f04ffa11cdb071a0b8ad9fecc202,平滑操舵：安全制御優先：右回避 | target_deg=-57.375,,143.8363708092776,144.99755100428857,128.99625606791423,245.30879668266576,250.0,0,64.2,41.225258333160426,2
64.25,302.9315366020019,320.17418283566354,17.895394564398742,14.000000666751943,-32.0,17.5,-100.0,396,330,375,435,17.5,NEUTRAL,program,sonic_drive_smooth.py,function,bc4a84a5f90dcb414fa9a95aff361c8d4412f04ffa11cdb071a0b8ad9fecc202,平滑操舵：安全制御優先：右回避 | target_deg=-57.375,,144.4332971476411,141.22970612659017,127.46107660067085,248.43102236743087,247.93409755000013,0,64.25,40.75242929905965,2
64.3,303.1551784443599,320.83747619858786,19.369610132583205,14.000000516492305,-32.0,17.5,-100.0,396,330,375,435,17.5,NEUTRAL,program,sonic_drive_smooth.py,function,bc4a84a5f90dcb414fa9a95aff361c8d4412f04ffa11cdb071a0b8ad9fecc202,平滑操舵：安全制御優先：右回避 | target_deg=-57.375,,144.6783034303649,141.86464759744035,127.80147416239275,248.47332790527125,250.0,0,64.3,40.27378666293035,2
64.35,303.39581085904115,321.494796357165,20.84382568709887,14.000000400095272,-32.0,17.5,-100.0,396,330,375,435,17.5,NEUTRAL,program,sonic_drive_smooth.py,function,bc4a84a5f90dcb414fa9a95aff361c8d4412f04ffa11cdb071a0b8ad9fecc202,平滑操舵：安全制御優先：右回避 | target_deg=-57.375,,148.03975799609347,137.8800934687842,129.99514304329966,248.49192230145488,250.0,0,64.35,39.78945530389628,2
64.4,303.65327454939273,322.14570817222113,22.318041231026143,14.00000030992955,-32.0,17.5,-100.0,396,330,375,435,17.5,NEUTRAL,program,sonic_drive_smooth.py,function,bc4a84a5f90dcb414fa9a95aff361c8d4412f04ffa11cdb071a0b8ad9fecc202,平滑操舵：安全制御優先：右回避 | target_deg=-57.375,,146.0776202337418,138.67282605064872,134.2195474482767,248.96215372153839,247.1769376534252,0,64.4,39.2995637142463,2
64.45,303.9273990766052,322.78978074651536,23.79225676675128,14.000000240083633,-32.0,17.5,-100.0,396,330,375,435,17.5,NEUTRAL,program,sonic_drive_smooth.py,function,bc4a84a5f90dcb414fa9a95aff361c8d4412f04ffa11cdb071a0b8ad9fecc202,平滑操舵：安全制御優先：右回避 | target_deg=-57.375,,145.49881846217676,140.4765549573633,135.37798515298212,247.40737010677685,249.72241115820913,0,64.45,38.804244167568775,2
64.5,304.21800297253185,323.4265877100658,25.266472296122657,14.000000185978234,-32.0,17.5,-100.0,396,330,375,435,17.5,NEUTRAL,program,sonic_drive_smooth.py,function,bc4a84a5f90dcb414fa9a95aff361c8d4412f04ffa11cdb071a0b8ad9fecc202,平滑操舵：安全制御優先：右回避 | target_deg=-57.375,,147.65681575504604,141.6240914016691,141.85865131692725,247.44382385934307,249.460990292928,0,64.5,38.303632902522196,2
64.55,304.5248938598136,324.0557075024631,26.74068782057219,14.00000014406606,-32.0,17.5,-100.0,396,330,375,435,17.5,NEUTRAL,program,sonic_drive_smooth.py,function,bc4a84a5f90dcb414fa9a95aff361c8d4412f04ffa11cdb071a0b8ad9fecc202,平滑操舵：安全制御優先：右回避 | target_deg=-57.375,,152.7010188184734,134.98279186590077,142.15205965720278,246.68628218483755,248.09660268148244,0,64.55,37.79787032379577,2
64.6,304.8478685792274,324.67672365198575,28.214903341209066,14.000000111599242,-32.0,17.5,-100.0,396,330,375,435,17.5,NEUTRAL,program,sonic_drive_smooth.py,function,bc4a84a5f90dcb414fa9a95aff361c8d4412f04ffa11cdb071a0b8ad9fecc202,平滑操舵：安全制御優先：右回避 | target_deg=-57.375,,152.8803282044487,138.55626959671872,144.80783126523005,250.0,250.0,0,64.6,37.28710122198825,2
64.65,305.18671332417466,325.28922505133664,29.6891188588925,14.000000086449166,-32.0,17.5,-100.0,396,330,375,435,17.5,NEUTRAL,program,sonic_drive_smooth.py,function,bc4a84a5f90dcb414fa9a95aff361c8d4412f04ffa11cdb071a0b8ad9fecc202,平滑操舵：安全制御優先：右回避 | target_deg=-57.375,,149.03612896986863,133.723878134211,146.5644004117797,250.0,249.7600447072987,0,64.65,36.771475014318256,2
64.7,305.5412037822186,325.89280622982085,31.163334374288098,14.000000066966928,-32.0,17.5,-100.0,396,330,375,435,17.5,NEUTRAL,program,sonic_drive_smooth.py,function,bc4a84a5f90dcb414fa9a95aff361c8d4412f04ffa11cdb071a0b8ad9fecc202,平滑操舵：安全制御優先：右回避 | target_deg=-57.375,,155.96977397514053,134.13281955483174,146.57376682018736,250.0,250.0,0,64.7,36.251146008293745,2
64.75,305.9111052835771,326.4870676217851,32.63754988791146,14.000000051875219,-32.0,17.5,-100.0,396,330,375,435,17.5,NEUTRAL,program,sonic_drive_smooth.py,function,bc4a84a5f90dcb414fa9a95aff361c8d4412f04ffa11cdb071a0b8ad9fecc202,平滑操舵：安全制御優先：右回避 | target_deg=-57.375,,151.54753887196327,130.00826243074138,149.63178942725492,250.0,249.13775803533986,0,64.75,35.726273690703295,2
64.8,306.29617295647336,327.0716158311437,34.111765400161914,14.000000040184586,-32.0,17.5,-100.0,396,330,375,435,17.5,NEUTRAL,program,sonic_drive_smooth.py,function,bc4a84a5f90dcb414fa9a95aff361c8d4412f04ffa11cdb071a0b8ad9fecc202,平滑操舵：安全制御優先：右回避 | target_deg=-57.375,,156.0552793538707,130.79261273145244,158.57463232886843,248.92502905186376,248.78075278667123,0,64.8,35.19702304455482,2
64.85,306.6961518892391,327.6460638918165,35.58598091134894,14.000000031128563,-32.0,17.5,-100.0,396,330,375,435,17.5,NEUTRAL,program,sonic_drive_smooth.py,function,bc4a84a5f90dcb414fa9a95aff361c8d4412f04ffa11cdb071a0b8ad9fecc202,平滑操舵：安全制御優先：右回避 | target_deg=-57.375,,160.37936713157163,126.97621902090033,157.3848202574942,247.94825446565028,244.2754023582191,0,64.85,34.663564896881816,2
64.9,307.11077729906503,328.21003152390733,37.060196421712135,14.00000002411341,-32.0,17.5,-100.0,396,330,375,435,17.5,NEUTRAL,program,sonic_drive_smooth.py,function,bc4a84a5f90dcb414fa9a95aff361c8d4412f04ffa11cdb071a0b8ad9fecc202,平滑操舵：安全制御優先：右回避 | target_deg=-57.375,,160.06430499412122,126.13506947768155,163.81857306392013,250.0,235.01470235515978,0,64.9,34.12607630066629,2
64.95,307.539774707286,328.7631453854539,38.53441193143718,14.000000018679195,-32.0,17.5,-100.0,396,330,375,435,17.5,NEUTRAL,program,sonic_drive_smooth.py,function,bc4a84a5f90dcb414fa9a95aff361c8d4412f04ffa11cdb071a0b8ad9fecc202,平滑操舵：安全制御優先：右回避 | target_deg=-57.375,,162.094474312226,122.14460020134605,161.40782774387225,250.0,223.9919099834545,0,64.95,33.58474095448982,2
65.0,307.98286012108434,329.30503931958316,40.00862744066785,14.000000014469641,-32.0,17.5,-100.0,396,330,375,435,17.5,NEUTRAL,program,sonic_drive_smooth.py,function,bc4a84a5f90dcb414fa9a95aff361c8d4412f04ffa11cdb071a0b8ad9fecc202,平滑操舵：安全制御優先：右回避 | target_deg=-57.375,,162.3624614066247,124.51264183374441,158.88074846446457,250.0,220.0274253791342,0,65.0,33.03974966393686,2
65.05,308.4397402214911,329.8353545969084,41.48284294951566,14.000000011208755,-32.0,17.5,-100.0,396,330,375,435,17.5,NEUTRAL,program,sonic_drive_smooth.py,function,bc4a84a5f90dcb414fa9a95aff361c8d4412f04ffa11cdb071a0b8ad9fecc202,平滑操舵：安全制御優先：右回避 | target_deg=-57.375,,170.35890036732994,121.87580787045742,156.40633446191012,246.9805882514197,214.7910800308001,0,65.05,32.49130084922366,2
65.1,308.9101125575622,330.35374015300937,42.9570584580668,14.000000008682742,-32.0,17.5,-100.0,396,330,375,435,17.5,NEUTRAL,program,sonic_drive_smooth.py,function,bc4a84a5f90dcb414fa9a95aff361c8d4412f04ffa11cdb071a0b8ad9fecc202,平滑操舵：安全制御優先：右回避 | target_deg=-57.375,,172.96690499270332,123.63789806284342,151.7623802575999,250.0,211.85535837653535,0,65.1,31.939601104031134,2
65.15,309.3971042494251,330.8641008021109,44.34168431610044,14.18028851044872,-29.76,18.5,-93.0,398,337,375,435,18.5,NEUTRAL,program,sonic_drive_smooth.py,function,bc4a84a5f90dcb414fa9a95aff361c8d4412f04ffa11cdb071a0b8ad9fecc202,平滑操舵：安全制御優先：右壁追従 | target_deg=-55.024,,247.73370751274757,124.26226567398601,151.74232869640895,250.0,202.58112896162552,0,65.15,31.389637278763736,2
65.2,309.905213687974,331.37233329287733,45.628136103155526,14.500235585660173,-27.52,19.5,-86.0,399,344,375,435,19.5,NEUTRAL,program,sonic_drive_smooth.py,function,bc4a84a5f90dcb414fa9a95aff361c8d4412f04ffa11cdb071a0b8ad9fecc202,平滑操舵：安全制御優先：右壁追従 | target_deg=-52.485,,250.0,120.81536151452303,147.23035000782315,247.58806240779543,197.45901014173222,0,65.2,30.83684175999681,2
65.25,310.43813748012235,331.882755226304,46.82681377740522,14.928367690268932,-25.28,20.5,-79.0,400,352,375,435,20.5,NEUTRAL,program,sonic_drive_smooth.py,function,bc4a84a5f90dcb414fa9a95aff361c8d4412f04ffa11cdb071a0b8ad9fecc202,平滑操舵：安全制御優先：右壁追従 | target_deg=-49.736,,249.99973214834284,120.32110535485228,147.92591062999412,216.67498660603476,192.625683228696,0,65.25,30.27594992702827,2
65.3,310.9988811153741,332.39851514578316,47.94284205822322,15.440304177930951,-23.04,21.5,-72.0,401,359,375,435,21.5,NEUTRAL,program,sonic_drive_smooth.py,function,bc4a84a5f90dcb414fa9a95aff361c8d4412f04ffa11cdb071a0b8ad9fecc202,平滑操舵：安全制御優先：右壁追従 | target_deg=-46.756,,250.0,121.02074334468696,148.06229005729847,35.218401851337156,192.39840261408247,0,65.3,29.703142748795138,2
65.35,311.5898357252214,332.9219326417236,48.97753487336007,16.017158840113627,-20.8,22.5,-65.0,403,366,375,435,22.5,NEUTRAL,program,sonic_drive_smooth.py,function,bc4a84a5f90dcb414fa9a95aff361c8d4412f04ffa11cdb071a0b8ad9fecc202,平滑操舵：安全制御優先：右壁追従 | target_deg=-43.521,,250.0,119.5044309154882,146.66607025688717,30.484771298113223,187.76832807256883,0,65.35,29.115790249556053,2
65.4,312.2128505497062,333.4547607907965,49.929437374536775,16.64430167613104,-18.56,23.5,-58.0,404,374,375,435,23.5,NEUTRAL,program,sonic_drive_smooth.py,function,bc4a84a5f90dcb414fa9a95aff361c8d4412f04ffa11cdb071a0b8ad9fecc202,平滑操舵：安全制御優先：右壁追従 | target_deg=-40.010,,250.0,121.70026450119747,146.3833579734178,29.557790624742026,185.03817004420807,0,65.4,28.51229979116437,2
65.45,312.8692966296605,333.99839099071664,50.795064865282114,17.310399711463674,-16.32,24.5,-51.0,405,381,375,435,24.5,NEUTRAL,program,sonic_drive_smooth.py,function,bc4a84a5f90dcb414fa9a95aff361c8d4412f04ffa11cdb071a0b8ad9fecc202,平滑操舵：安全制御優先：右壁追従 | target_deg=-36.204,,250.0,121.0563322442953,143.99486544386303,28.715854969151216,179.89112897568594,0,65.45,27.89204753119743,2
65.5,313.56012023499954,334.55401465318107,51.56942366881202,18.006673977865574,-14.08,25.5,-44.0,406,388,375,435,25.5,NEUTRAL,program,sonic_drive_smooth.py,function,bc4a84a5f90dcb414fa9a95aff361c8d4412f04ffa11cdb071a0b8ad9fecc202,平滑操舵：安全制御優先：右壁追従 | target_deg=-32.089,,201.8056515308059,117.99334815179644,140.61543477436692,30.433645590976198,178.78057764537456,0,65.5,27.255379853722886,2
65.55,314.2858858777139,335.1227523059125,52.2463746380148,18.726323940902397,-11.84,26.5,-37.0,408,396,375,435,26.5,NEUTRAL,program,sonic_drive_smooth.py,function,bc4a84a5f90dcb414fa9a95aff361c8d4412f04ffa11cdb071a0b8ad9fecc202,平滑操舵：安全制御優先：右壁追従 | target_deg=-27.659,,206.67611237731938,118.59327941652045,144.3293084468781,28.145603912910897,180.05655630014502,0,65.55,26.60367771812838,2
65.6,315.0468092527391,335.7057578725319,52.81888269512041,19.46408163886192,-9.6,27.5,-30.0,409,403,375,435,27.5,NEUTRAL,program,sonic_drive_smooth.py,function,bc4a84a5f90dcb414fa9a95aff361c8d4412f04ffa11cdb071a0b8ad9fecc202,平滑操舵：安全制御優先：右壁追従 | target_deg=-22.921,,207.91030264821543,117.05098233425865,139.75780614574475,26.89208407800216,176.92471498391674,0,65.6,25.939481384644534,2
65.65,315.8427805239011,336.3043038799409,53.27918341704054,20.21586630120036,-7.36,28.5,-23.0,410,410,375,435,28.5,NEUTRAL,program,sonic_drive_smooth.py,function,bc4a84a5f90dcb414fa9a95aff361c8d4412f04ffa11cdb071a0b8ad9fecc202,平滑操舵：安全制御優先：右壁追従 | target_deg=-17.896,,208.01171467329473,117.64542574104333,139.31480312420166,29.1898302897453,179.67327218905987,0,65.65,25.266676087366964,2
65.7,316.67337824440045,336.9198518443578,53.61888880870157,20.978516802393163,-5.12,29.5,-16.0,411,418,375,435,29.5,NEUTRAL,program,sonic_drive_smooth.py,function,bc4a84a5f90dcb414fa9a95aff361c8d4412f04ffa11cdb071a0b8ad9fecc202,平滑操舵：安全制御優先：右壁追従 | target_deg=-12.626,,208.49216451638273,117.37464565256371,137.7998506477259,25.633003959056207,175.4681256284775,0,65.7,24.59074076433267,2
65.75,317.5378739828881,337.5541109452048,53.829048015763874,21.749584410154394,-2.88,30.5,-9.0,413,425,375,435,30.5,NEUTRAL,program,sonic_drive_smooth.py,function,bc4a84a5f90dcb414fa9a95aff361c8d4412f04ffa11cdb071a0b8ad9fecc202,平滑操舵：安全制御優先：右壁追従 | target_deg=-7.168,,209.09918720055123,116.98721390293719,139.83184176612042,31.11049297672797,174.32741440583678,0,65.75,23.919061261533695,2
65.8,318.43522747191366,338.2090871966375,53.90017410280714,22.527172240047932,-0.64,31.5,-2.0,414,432,375,435,31.5,NEUTRAL,program,sonic_drive_smooth.py,function,bc4a84a5f90dcb414fa9a95aff361c8d4412f04ffa11cdb071a0b8ad9fecc202,平滑操舵：安全制御優先：右壁追従 | target_deg=-1.600,,211.72328421680754,116.02959239475918,135.596043228002,41.76520872828344,177.04480480028994,0,65.8,23.261305220139192,2
65.85,319.3640718314277,338.8871245870281,53.82224465406901,23.30981089070856,1.6,32.5,5.0,415,440,375,435,32.5,NEUTRAL,program,sonic_drive_smooth.py,function,bc4a84a5f90dcb414fa9a95aff361c8d4412f04ffa11cdb071a0b8ad9fecc202,平滑操舵：安全制御優先：右壁追従 | target_deg=3.995,,208.13086357726993,117.54103799354162,140.43429376348914,42.55938085329076,180.00390634361517,0,65.85,22.629846100326045,2
65.9,320.3200589075943,339.58900015767017,53.58538076579916,23.98818900375431,3.84,32.9,12.0,416,447,375,435,32.9,NEUTRAL,program,sonic_drive_smooth.py,function,bc4a84a5f90dcb414fa9a95aff361c8d4412f04ffa11cdb071a0b8ad9fecc202,平滑操舵：Follow the Gap：目標が空き空間内 | target_deg=9.526 | gap_min_deg=-25.0 | gap_max_deg=60.0,,208.23526375359387,117.16450361115574,142.62568884626614,52.10794868224082,179.0881916933642,0,65.9,22.041748105829974,2
65.95,321.3013590541166,340.3150971350522,53.43816641513894,24.693975901823702,1.6,33.9,5.0,417,440,375,435,33.9,NEUTRAL,program,sonic_drive_smooth.py,function,bc4a84a5f90dcb414fa9a95aff361c8d4412f04ffa11cdb071a0b8ad9fecc202,平滑操舵：Follow the Gap：目標が空き空間内 | target_deg=3.995 | gap_min_deg=-25.0 | gap_max_deg=60.0,,205.9766708105336,112.9993858538332,140.4826251588664,58.483812074553825,177.65271974090064,0,65.95,21.478108107043756,2
66.0,322.3095766846166,341.06293339698345,53.45224961160483,25.375922597935094,-0.64,34.65,-2.0,418,432,375,435,34.65,NEUTRAL,program,sonic_drive_smooth.py,function,bc4a84a5f90dcb414fa9a95aff361c8d4412f04ffa11cdb071a0b8ad9fecc202,平滑操舵：Follow the Gap：目標が空き空間内 | target_deg=-1.600 | gap_min_deg=-25.0 | gap_max_deg=60.0,,206.13662350229083,112.28952442588287,135.27644425457834,60.53436842409724,182.87994327284278,0,66.0,20.930053042604527,2
66.05,323.34198495510736,341.82751477445436,53.5019011277264,25.902509889048066,-0.6569933920733452,34.64070673870989,-2.0531043502292037,418,432,375,435,34.64070673870989,NEUTRAL,program,sonic_drive_smooth.py,function,bc4a84a5f90dcb414fa9a95aff361c8d4412f04ffa11cdb071a0b8ad9fecc202,平滑操舵：Follow the Gap：目標が空き空間内 | target_deg=-1.642 | gap_min_deg=-30.0 | gap_max_deg=60.0,,205.47351364386972,114.21767983201333,139.60445659224487,69.64569553149057,179.3228344683941,0,66.05,20.419911273289205,2
66.1,324.39458158131185,342.606341257191,53.5019011277264,26.37520158114399,0.0,35.0,0.0,418,435,375,435,35.0,NEUTRAL,program,sonic_drive_smooth.py,function,bc4a84a5f90dcb414fa9a95aff361c8d4412f04ffa11cdb071a0b8ad9fecc202,平滑操舵：Follow the Gap：目標が空き空間内 | target_deg=0.000 | gap_min_deg=-30.0 | gap_max_deg=60.0,,203.9820755556704,113.4213601590877,142.20277196809056,73.89799575691092,178.89853874578972,0,66.1,19.971115724835965,2
66.15,325.4623003713031,343.39558530158075,53.5557137003745,26.673001806246262,-0.6933939714935937,34.62080017183944,-2.1668561609174803,418,432,375,435,34.62080017183944,NEUTRAL,program,sonic_drive_smooth.py,function,bc4a84a5f90dcb414fa9a95aff361c8d4412f04ffa11cdb071a0b8ad9fecc202,平滑操舵：Follow the Gap：目標が空き空間内 | target_deg=-1.733 | gap_min_deg=-30.0 | gap_max_deg=60.0,,200.91594103295694,106.4453359759753,136.06426353370296,80.13844180381007,184.3587765352036,0,66.15,19.575285812653092,2
66.2,326.54102278525704,344.1913209161176,53.61450218596946,26.898549697359254,-0.7455251484148271,34.59229093446064,-2.3297660887963345,418,432,375,435,34.59229093446064,NEUTRAL,program,sonic_drive_smooth.py,function,bc4a84a5f90dcb414fa9a95aff361c8d4412f04ffa11cdb071a0b8ad9fecc202,平滑操舵：Follow the Gap：目標が空き空間内 | target_deg=-1.863 | gap_min_deg=-30.0 | gap_max_deg=60.0,,199.44161553525464,110.39114900633997,137.07101347233427,79.3958058677051,187.4189568754471,0,66.2,19.247372234713264,2
66.25,327.6283231993457,344.99160194042656,53.67745266360163,27.06862447336625,-0.7926217291128792,34.566534991891395,-2.4769429034777475,418,432,375,435,34.566534991891395,NEUTRAL,program,sonic_drive_smooth.py,function,bc4a84a5f90dcb414fa9a95aff361c8d4412f04ffa11cdb071a0b8ad9fecc202,平滑操舵：Follow the Gap：目標が空き空間内 | target_deg=-1.981 | gap_min_deg=-60.0 | gap_max_deg=60.0,,199.05019975633874,112.87396940661552,135.76865207152056,86.7149415108763,188.6977203325903,0,66.25,18.99319685501405,2
66.3,328.72241245840723,345.795014411161,53.74132481838518,27.19965485615535,-0.799886119879594,34.562562278190846,-2.4996441246237313,418,432,375,435,34.562562278190846,NEUTRAL,program,sonic_drive_smooth.py,function,bc4a84a5f90dcb414fa9a95aff361c8d4412f04ffa11cdb071a0b8ad9fecc202,平滑操舵：Follow the Gap：目標が空き空間内 | target_deg=-1.999 | gap_min_deg=-60.0 | gap_max_deg=60.0,,197.48520471215997,107.7358750687886,137.222726432809,88.39689491633834,187.73853036135048,0,66.3,18.817933587924717,2
66.35,329.82194240476525,346.60051906221946,53.80641026529119,27.299989834754513,-0.8117154353844512,34.55609312127413,-2.53661073557641,418,432,375,435,34.55609312127413,NEUTRAL,program,sonic_drive_smooth.py,function,bc4a84a5f90dcb414fa9a95aff361c8d4412f04ffa11cdb071a0b8ad9fecc202,平滑操舵：Follow the Gap：目標が空き空間内 | target_deg=-2.029 | gap_min_deg=-60.0 | gap_max_deg=60.0,,194.39948000331745,111.15696713371943,137.93326153389478,92.54791059403826,189.51700018598947,0,66.35,18.72483357038705,2
66.4,330.92586648516345,347.4073010130689,53.87260406861546,27.37660653740996,-0.8229403341946054,34.54995450473732,-2.571688544358142,418,432,375,435,34.54995450473732,NEUTRAL,program,sonic_drive_smooth.py,function,bc4a84a5f90dcb414fa9a95aff361c8d4412f04ffa11cdb071a0b8ad9fecc202,平滑操舵：Follow the Gap：目標が空き空間内 | target_deg=-2.057 | gap_min_deg=-60.0 | gap_max_deg=60.0,,200.06501561052514,106.73555870783538,135.91381482411586,100.60753662554626,188.15560119310075,0,66.4,18.70162156054089,2
66.45,332.0333142742939,348.21464098001826,53.94258662428359,27.431512136158428,-0.868020745332362,34.52530115489637,-2.712564829163631,418,432,375,435,34.52530115489637,NEUTRAL,program,sonic_drive_smooth.py,function,bc4a84a5f90dcb414fa9a95aff361c8d4412f04ffa11cdb071a0b8ad9fecc202,平滑操舵：Follow the Gap：目標が空き空間内 | target_deg=-2.169 | gap_min_deg=-60.0 | gap_max_deg=60.0,,191.90387947547848,106.94458071438805,130.74992028616077,104.61204036683269,188.24629468637184,0,66.45,18.686287561308497,2
66.5,333.14362879906446,349.021969626472,54.01433367408558,27.472034364201573,-0.8884051946908272,34.51415340915346,-2.776266233408835,418,432,375,435,34.51415340915346,NEUTRAL,program,sonic_drive_smooth.py,function,bc4a84a5f90dcb414fa9a95aff361c8d4412f04ffa11cdb071a0b8ad9fecc202,平滑操舵：Follow the Gap：目標が空き空間内 | target_deg=-2.220 | gap_min_deg=-60.0 | gap_max_deg=60.0,,192.46511404525035,103.88203266606425,132.21670993508442,107.49818564647825,189.20939310231125,0,66.5,18.672236243063654,2
66.55,334.25636039576983,349.8289193979738,54.086636545015494,27.502857297651882,-0.8941578006179094,34.51100745278708,-2.794243126930967,418,432,375,435,34.51100745278708,NEUTRAL,program,sonic_drive_smooth.py,function,bc4a84a5f90dcb414fa9a95aff361c8d4412f04ffa11cdb071a0b8ad9fecc202,平滑操舵：Follow the Gap：目標が空き空間内 | target_deg=-2.234 | gap_min_deg=-60.0 | gap_max_deg=60.0,,192.0512915336606,106.21190135432778,132.59680894993846,113.23759387534167,188.89576828608963,0,66.55,18.659760081204702,2
66.6,335.3728752970701,350.6374547373443,54.089705859432826,27.614893690080653,0.0,35.0,0.0,418,435,375,435,35.0,NEUTRAL,program,sonic_drive_smooth.py,function,bc4a84a5f90dcb414fa9a95aff361c8d4412f04ffa11cdb071a0b8ad9fecc202,平滑操舵：安全制御優先：右壁追従 | target_deg=0.000,,194.6302159168387,102.88626795604613,133.7165938375833,115.74269593032045,23.416797136892534,0,66.6,18.65927232020538,2
66.65,336.49027163964274,351.447739517355,54.010260222393185,27.599068365167934,1.0407509376791786,34.4308393309567,3.252346680247433,418,438,375,435,34.4308393309567,NEUTRAL,program,sonic_drive_smooth.py,function,bc4a84a5f90dcb414fa9a95aff361c8d4412f04ffa11cdb071a0b8ad9fecc202,平滑操舵：安全制御優先：右壁追従 | target_deg=2.600,,186.1354325701131,101.97099767360284,134.0250857386391,122.68753594671479,18.647511797776247,0,66.65,18.669108451735763,2
66.7,337.6049167900936,352.25893468434225,53.89841279655292,27.553460924778705,1.3789874353531422,34.24586624629125,4.3093357354785695,417,439,375,435,34.24586624629125,NEUTRAL,program,sonic_drive_smooth.py,function,bc4a84a5f90dcb414fa9a95aff361c8d4412f04ffa11cdb071a0b8ad9fecc202,平滑操舵：安全制御優先：右壁追従 | target_deg=3.444,,185.6494603457235,103.85826737236725,128.21593188729977,133.04809613727207,17.681529839059753,0,66.7,18.68023344807884,2
66.75,338.7158117265116,353.0709521507646,53.77112154090082,27.499080856062296,1.5722091665031397,34.140198112068596,4.9131536453223115,417,440,375,435,34.140198112068596,NEUTRAL,program,sonic_drive_smooth.py,function,bc4a84a5f90dcb414fa9a95aff361c8d4412f04ffa11cdb071a0b8ad9fecc202,平滑操舵：安全制御優先：右壁追従 | target_deg=3.925,,188.01880822823173,97.5978983172814,129.6439223036487,134.74915185734872,17.471935576757115,0,66.75,18.68969012705729,2
66.8,339.82281694442906,353.8839798587494,53.63886129584273,27.45061025816033,1.636569813416635,34.10500088328778,5.114280666926985,417,440,375,435,34.10500088328778,NEUTRAL,program,sonic_drive_smooth.py,function,bc4a84a5f90dcb414fa9a95aff361c8d4412f04ffa11cdb071a0b8ad9fecc202,平滑操舵：安全制御優先：右壁追従 | target_deg=4.086,,183.66118181996143,100.72989977442424,127.52829328089368,142.61767025933995,20.60972956963949,0,66.8,18.69617942073798,2
66.85,340.92621931437407,354.69830224333543,53.50571865512438,27.411734489563912,1.650044446465179,34.09763194333935,5.156388895203684,417,440,375,435,34.09763194333935,NEUTRAL,program,sonic_drive_smooth.py,function,bc4a84a5f90dcb414fa9a95aff361c8d4412f04ffa11cdb071a0b8ad9fecc202,平滑操舵：安全制御優先：右壁追従 | target_deg=4.119,,185.41677001771592,100.04085845682972,127.44396760060745,154.07273338735683,23.346228871118996,0,66.85,18.699354904449187,2
66.9,342.0201798233805,355.51134351605367,53.229925258854166,27.160766371596296,3.8900444464651787,32.87263194333936,12.156388895203683,416,447,375,435,32.87263194333936,NEUTRAL,program,sonic_drive_smooth.py,function,bc4a84a5f90dcb414fa9a95aff361c8d4412f04ffa11cdb071a0b8ad9fecc202,平滑操舵：安全制御優先：右壁追従 | target_deg=9.648,,180.23593290185084,100.7710599110186,125.16539900946783,161.69100920209738,23.12258463831581,0,66.9,18.69852756929781,2
66.95,343.09497431285627,356.32076959495794,52.7792919084294,26.74550316965646,6.130044446465178,31.647631943339356,19.156388895203683,414,455,375,435,31.647631943339356,NEUTRAL,program,sonic_drive_smooth.py,function,bc4a84a5f90dcb414fa9a95aff361c8d4412f04ffa11cdb071a0b8ad9fecc202,平滑操舵：安全制御優先：右壁追従 | target_deg=15.029,,176.71604919476226,97.43254740580441,126.02347365049177,172.23746127164034,25.25725669245937,0,66.95,18.685157155117288,2
67.0,344.1538857174908,357.13046370506663,52.437963663002165,26.604112448100395,3.8900444464651787,32.647631943339356,12.156388895203683,415,447,375,435,32.647631943339356,NEUTRAL,program,sonic_drive_smooth.py,function,bc4a84a5f90dcb414fa9a95aff361c8d4412f04ffa11cdb071a0b8ad9fecc202,平滑操舵：安全制御優先：右壁追従 | target_deg=9.648,,174.31814106069206,100.05517218602195,128.38342100912936,186.82569658052063,28.713498331763176,0,67.0,18.66625814253438,2
67.05,345.2086874787086,357.94442256508484,52.27305306996806,26.674874132304083,1.6500444464651787,33.647631943339356,5.156388895203683,417,440,375,435,33.647631943339356,NEUTRAL,program,sonic_drive_smooth.py,function,bc4a84a5f90dcb414fa9a95aff361c8d4412f04ffa11cdb071a0b8ad9fecc202,平滑操舵：安全制御優先：右壁追従 | target_deg=4.119,,171.69170205792992,97.78673205517197,125.3886210288964,203.02507899051758,33.53118917080985,0,67.05,18.653035984200994,2
67.1,346.26629490031956,358.7643947323795,52.15348583779621,26.823784845372543,1.518536117746896,34.16955056060716,4.74542536795905,417,439,375,435,34.16955056060716,NEUTRAL,program,sonic_drive_smooth.py,function,bc4a84a5f90dcb414fa9a95aff361c8d4412f04ffa11cdb071a0b8ad9fecc202,平滑操舵：安全制御優先：右壁追従 | target_deg=3.792,,170.71366966596705,92.89307502372567,123.83693257762825,214.51086439012596,30.92045850644685,0,67.1,18.640302472192925,2
67.15,347.327287559527,359.59053965368037,52.03409622001695,26.94007716269785,1.5089999983783182,34.174765625886856,4.715624994932244,417,439,375,435,34.174765625886856,NEUTRAL,program,sonic_drive_smooth.py,function,bc4a84a5f90dcb414fa9a95aff361c8d4412f04ffa11cdb071a0b8ad9fecc202,平滑操舵：安全制御優先：右壁追従 | target_deg=3.768,,168.85193892831143,97.04004139424262,124.76242113031701,224.4302532767263,31.1363712582277,0,67.15,18.62465728595426,2
67.2,348.39054684962684,360.42200590804293,51.91525669800694,27.03140196348235,1.4964213701476476,34.1816445632005,4.676316781711399,417,439,375,435,34.1816445632005,NEUTRAL,program,sonic_drive_smooth.py,function,bc4a84a5f90dcb414fa9a95aff361c8d4412f04ffa11cdb071a0b8ad9fecc202,平滑操舵：安全制御優先：右壁追従 | target_deg=3.737,,164.97749610159806,92.15839171346666,122.88381520952744,232.4355232392166,30.262942201053505,0,67.2,18.606155628690964,2
67.25,349.4552780961785,361.25815268142634,51.79876174340339,27.10548727572234,1.4625300295411736,34.20017889009467,4.570406342316168,417,439,375,435,34.20017889009467,NEUTRAL,program,sonic_drive_smooth.py,function,bc4a84a5f90dcb414fa9a95aff361c8d4412f04ffa11cdb071a0b8ad9fecc202,平滑操舵：安全制御優先：右壁追従 | target_deg=3.652,,162.1385203239912,89.6101696493988,121.35325741126292,247.0793012257545,32.38477197043378,0,67.25,18.5851406256016,2
67.3,350.5208104180617,362.0984438860625,51.68179090915501,27.162628370297355,1.4650484570145748,34.19880162507015,4.578276428170546,417,439,375,435,34.19880162507015,NEUTRAL,program,sonic_drive_smooth.py,function,bc4a84a5f90dcb414fa9a95aff361c8d4412f04ffa11cdb071a0b8ad9fecc202,平滑操舵：安全制御優先：右壁追従 | target_deg=3.658,,161.87760046684025,93.47319043432144,123.5959685702769,248.05169400213236,31.849152992811714,0,67.3,18.561143391491488,2
67.35,351.58675792401294,362.94251850676085,51.570054880277155,27.213624928991617,1.3967610351332744,34.23614630891149,4.364878234791482,417,439,375,435,34.23614630891149,NEUTRAL,program,sonic_drive_smooth.py,function,bc4a84a5f90dcb414fa9a95aff361c8d4412f04ffa11cdb071a0b8ad9fecc202,平滑操舵：安全制御優先：右壁追従 | target_deg=3.488,,161.8733588055343,93.64837297534669,120.02870802232732,247.6042357874739,37.646759496141,0,67.35,18.53545023601121,2
67.4,352.6528717557353,363.7900775564753,51.46064148929844,27.256217661548227,1.3654330589699146,34.25327879587583,4.266978309280983,417,439,375,435,34.25327879587583,NEUTRAL,program,sonic_drive_smooth.py,function,bc4a84a5f90dcb414fa9a95aff361c8d4412f04ffa11cdb071a0b8ad9fecc202,平滑操舵：安全制御優先：右壁追従 | target_deg=3.410,,159.62574105288343,88.54091760092003,118.48638677204508,250.0,35.40194022556618,0,67.4,18.5481470716813,2
67.45,353.7189123799239,364.64086201493905,51.35410529594708,27.292938132253386,1.32763750377445,34.273948240123346,4.148867199295156,417,439,375,435,34.273948240123346,NEUTRAL,program,sonic_drive_smooth.py,function,bc4a84a5f90dcb414fa9a95aff361c8d4412f04ffa11cdb071a0b8ad9fecc202,平滑操舵：安全制御優先：右壁追従 | target_deg=3.316,,155.86162565905698,86.51803678890484,118.759617488531,247.01201488200334,38.50295671398735,0,67.45,18.65439748689517,2
67.5,354.784632347228,365.4946300571623,51.24816401633859,27.32226763905473,1.3186676571847633,34.27885362497708,4.120836428702385,417,439,375,435,34.27885362497708,NEUTRAL,program,sonic_drive_smooth.py,function,bc4a84a5f90dcb414fa9a95aff361c8d4412f04ffa11cdb071a0b8ad9fecc202,平滑操舵：安全制御優先：右壁追従 | target_deg=3.294,,161.65933350466733,92.4168809824234,121.76165205165715,248.24331364398392,39.990610805095976,0,67.5,18.852821505345577,2
67.55,355.8499172653786,366.3512229603187,51.14648934258855,27.350352190714382,1.2642557094243176,34.30861015890858,3.9507990919509925,417,439,375,435,34.30861015890858,NEUTRAL,program,sonic_drive_smooth.py,function,bc4a84a5f90dcb414fa9a95aff361c8d4412f04ffa11cdb071a0b8ad9fecc202,平滑操舵：安全制御優先：右壁追従 | target_deg=3.158,,151.6456931329001,87.6072074162237,115.63118946894834,248.92966562583334,40.53200874592255,0,67.55,19.141775879704515,2
67.6,356.9147409702652,367.21051272422466,51.047947981949676,27.37606535733553,1.224114159151799,34.33056256921386,3.825356747349372,417,439,375,435,34.33056256921386,NEUTRAL,program,sonic_drive_smooth.py,function,bc4a84a5f90dcb414fa9a95aff361c8d4412f04ffa11cdb071a0b8ad9fecc202,平滑操舵：安全制御優先：右壁追従 | target_deg=3.058,,151.6456318010233,86.74790519646595,116.28549240165002,250.0,42.66791527011403,0,67.6,19.517506947584245,2
67.65,357.9803300978331,368.07160950128906,51.09330637823507,27.41651411694105,-1.015885840848201,34.44443743078614,-3.174643252650628,418,431,375,435,34.44443743078614,NEUTRAL,program,sonic_drive_smooth.py,function,bc4a84a5f90dcb414fa9a95aff361c8d4412f04ffa11cdb071a0b8ad9fecc202,平滑操舵：安全制御優先：右回避 | target_deg=-2.538,,148.1784447904005,85.42678816177974,111.23426292221447,248.26694024419433,44.89387781656075,0,67.65,19.997358427038023,2
67.7,359.04411238027575,368.92710277656045,51.31847060776764,27.226993901552824,-3.2558858408482014,33.21943743078614,-10.174643252650629,416,424,375,435,33.21943743078614,NEUTRAL,program,sonic_drive_smooth.py,function,bc4a84a5f90dcb414fa9a95aff361c8d4412f04ffa11cdb071a0b8ad9fecc202,平滑操舵：安全制御優先：右回避 | target_deg=-8.094,,146.87224067977806,82.71301052806346,111.17341907740506,247.67856897978794,40.756275629487554,0,67.7,20.56965137993227,2
67.75,360.10092846223466,369.7675176729083,51.719898218770396,26.859330664176206,-5.495885840848201,31.99443743078614,-17.17464325265063,414,416,375,435,31.99443743078614,NEUTRAL,program,sonic_drive_smooth.py,function,bc4a84a5f90dcb414fa9a95aff361c8d4412f04ffa11cdb071a0b8ad9fecc202,平滑操舵：安全制御優先：右回避 | target_deg=-13.525,,147.6645856477958,84.34348275771063,112.0498719283682,249.66880389530166,44.71646886522616,0,67.75,21.21370739620253,2
67.8,361.14707371474833,370.58503899833613,52.29158193666939,26.35367082841485,-7.735885840848201,30.76943743078614,-24.17464325265063,413,409,375,435,30.76943743078614,NEUTRAL,program,sonic_drive_smooth.py,function,bc4a84a5f90dcb414fa9a95aff361c8d4412f04ffa11cdb071a0b8ad9fecc202,平滑操舵：安全制御優先：右回避 | target_deg=-18.758,,147.807845490869,86.40185324205605,110.70605150883165,250.0,44.84167523606709,0,67.8,21.910239679395836,2
67.85,362.1798031369521,371.37328189363666,53.02589909363607,25.74111339457077,-9.975885840848202,29.54443743078614,-31.17464325265063,411,402,375,435,29.54443743078614,NEUTRAL,program,sonic_drive_smooth.py,function,bc4a84a5f90dcb414fa9a95aff361c8d4412f04ffa11cdb071a0b8ad9fecc202,平滑操舵：安全制御優先：右回避 | target_deg=-23.737,,147.0462986838109,82.2676641617285,110.03112790989556,248.99890247087657,44.82206211501017,0,67.85,22.64231814777054,2
67.9,363.19697256161044,372.12709323657464,53.91419956355281,25.045748872656336,-12.2158858408482,28.319437430786138,-38.174643252650625,410,394,375,435,28.319437430786138,NEUTRAL,program,sonic_drive_smooth.py,function,bc4a84a5f90dcb414fa9a95aff361c8d4412f04ffa11cdb071a0b8ad9fecc202,平滑操舵：安全制御優先：右回避 | target_deg=-28.424,,147.224781908382,81.15333411504325,107.8121627306778,246.55120340157413,43.6506990359699,0,67.9,23.395723735556917,2
67.95,364.19678344756204,372.8423832544648,54.94720615322444,24.286238720178837,-14.4558858408482,27.094437430786144,-45.174643252650625,408,387,375,435,27.094437430786144,NEUTRAL,program,sonic_drive_smooth.py,function,bc4a84a5f90dcb414fa9a95aff361c8d4412f04ffa11cdb071a0b8ad9fecc202,平滑操舵：安全制御優先：右回避 | target_deg=-32.801,,152.80025006677982,82.99932895678276,105.10546988907946,250.0,45.60422524985302,0,67.95,24.1589215629212,2
68.0,365.17760574407595,373.5159852947562,56.11528067669582,23.477038836831483,-16.6958858408482,25.869437430786142,-52.174643252650625,407,380,375,435,25.869437430786142,NEUTRAL,program,sonic_drive_smooth.py,function,bc4a84a5f90dcb414fa9a95aff361c8d4412f04ffa11cdb071a0b8ad9fecc202,平滑操舵：安全制御優先：右回避 | target_deg=-36.864,,155.91445437155303,79.10732334757249,101.04657782297319,239.33235791011313,43.69545705068048,0,68.0,24.9228284060803,2
68.05,366.1378592527861,374.145540708905,57.40859389375123,22.62934733165041,-18.9358858408482,24.64443743078614,-59.174643252650625,405,372,375,435,24.64443743078614,NEUTRAL,program,sonic_drive_smooth.py,function,bc4a84a5f90dcb414fa9a95aff361c8d4412f04ffa11cdb071a0b8ad9fecc202,平滑操舵：安全制御優先：右回避 | target_deg=-40.619,,165.08943816513974,80.01481279214492,101.27419884287218,215.70513260643884,46.0397181773385,0,68.05,25.68049149840217,2
68.1,367.07593863570725,374.7294053009453,58.817226559724475,21.751838700768452,-21.1758858408482,23.419437430786143,-66.17464325265063,404,365,375,435,23.419437430786143,NEUTRAL,program,sonic_drive_smooth.py,function,bc4a84a5f90dcb414fa9a95aff361c8d4412f04ffa11cdb071a0b8ad9fecc202,平滑操舵：安全制御優先：右回避 | target_deg=-44.083,,159.07633283879605,81.47052117927522,99.67842604637096,193.26992735355887,46.7794490493498,0,68.1,26.42674836245683,2
68.15,367.9901708734097,375.2665736647401,60.33122087356321,20.851232550408014,-23.4158858408482,22.194437430786138,-73.17464325265063,402,358,375,435,22.194437430786138,NEUTRAL,program,sonic_drive_smooth.py,function,bc4a84a5f90dcb414fa9a95aff361c8d4412f04ffa11cdb071a0b8ad9fecc202,平滑操舵：安全制御優先：右回避 | target_deg=-47.273,,166.33799763065696,80.05143307910777,95.77933502933786,175.26198162950791,45.986269093366666,0,68.15,27.157904409647923,2
68.2,368.87879674992985,375.75661785942475,61.940595795440515,19.932734152102196,-25.6558858408482,20.96943743078614,-80.17464325265063,401,350,375,435,20.96943743078614,NEUTRAL,program,sonic_drive_smooth.py,function,bc4a84a5f90dcb414fa9a95aff361c8d4412f04ffa11cdb071a0b8ad9fecc202,平滑操舵：安全制御優先：右回避 | target_deg=-50.213,,176.32488408308456,81.89228282543387,91.74255122841132,159.09867521750226,49.11328653371663,0,68.2,27.871444367249385,2
68.25,369.7399700102223,376.1996371491663,63.63533542731227,19.000375714113886,-27.8958858408482,19.74443743078614,-87.17464325265063,399,343,375,435,19.74443743078614,NEUTRAL,program,sonic_drive_smooth.py,function,bc4a84a5f90dcb414fa9a95aff361c8d4412f04ffa11cdb071a0b8ad9fecc202,平滑操舵：安全制御優先：右回避 | target_deg=-52.925,,186.84287874059547,82.42462009722958,93.18079846150714,148.719814992831,47.81044487891755,0,68.25,28.565781725143616,2
68.3,370.5820629417468,376.60279288841457,65.17803250541385,18.458422664496013,-25.6558858408482,20.74443743078614,-80.17464325265063,400,350,375,435,20.74443743078614,NEUTRAL,program,sonic_drive_smooth.py,function,bc4a84a5f90dcb414fa9a95aff361c8d4412f04ffa11cdb071a0b8ad9fecc202,平滑操舵：安全制御優先：右壁追従 | target_deg=-50.213,,197.05450955562745,81.17103190773916,91.04951114601194,132.8898249927269,43.66900546937822,0,68.3,29.217270680008557,2
68.35,371.41772356959433,376.977114196456,66.54395946847728,18.218892999105332,-23.4158858408482,21.74443743078614,-73.17464325265063,402,358,375,435,21.74443743078614,NEUTRAL,program,sonic_drive_smooth.py,function,bc4a84a5f90dcb414fa9a95aff361c8d4412f04ffa11cdb071a0b8ad9fecc202,平滑操舵：安全制御優先：右壁追従 | target_deg=-47.273,,205.88753623399714,82.92966581636985,88.76855630322673,122.27825414049076,42.88584677549828,0,68.35,29.831937711548754,2
68.4,372.25709385621485,377.33060856896327,67.76129046029428,18.213632393650492,-21.1758858408482,22.74443743078614,-66.17464325265063,403,365,375,435,22.74443743078614,NEUTRAL,program,sonic_drive_smooth.py,function,bc4a84a5f90dcb414fa9a95aff361c8d4412f04ffa11cdb071a0b8ad9fecc202,平滑操舵：安全制御優先：右壁追従 | target_deg=-44.083,,219.1164730428753,83.65405845874983,86.64320672081978,112.55286565239223,42.90777846707537,0,68.4,30.420622620867874,2
68.45,373.10825102534005,377.66908943841133,68.84787325735746,18.389845825276034,-18.9358858408482,23.74443743078614,-59.174643252650625,404,372,375,435,23.74443743078614,NEUTRAL,program,sonic_drive_smooth.py,function,bc4a84a5f90dcb414fa9a95aff361c8d4412f04ffa11cdb071a0b8ad9fecc202,平滑操舵：安全制御優先：右壁追従 | target_deg=-40.619,,230.54300001444273,83.6384307392842,83.66916681913472,108.51861068046863,43.021822182208425,0,68.45,30.991576333501285,2
68.5,373.9775530581042,377.9968784445882,69.81407826555167,18.706636190719784,-16.6958858408482,24.74443743078614,-52.174643252650625,405,380,375,435,24.74443743078614,NEUTRAL,program,sonic_drive_smooth.py,function,bc4a84a5f90dcb414fa9a95aff361c8d4412f04ffa11cdb071a0b8ad9fecc202,平滑操舵：安全制御優先：右壁追従 | target_deg=-36.864,,240.61686975158827,84.83977023786451,83.26142855981382,107.35992130039003,42.13372705255033,0,68.5,31.55123976042433,2
68.55,374.86994776252016,378.31730858643607,70.66484170114504,19.132322983661727,-14.4558858408482,25.74443743078614,-45.174643252650625,407,387,375,435,25.74443743078614,NEUTRAL,program,sonic_drive_smooth.py,function,bc4a84a5f90dcb414fa9a95aff361c8d4412f04ffa11cdb071a0b8ad9fecc202,平滑操舵：安全制御優先：右壁追従 | target_deg=-32.801,,246.41151711047831,86.3605499970667,83.14873554800135,98.4111256579581,43.51040142667562,0,68.55,32.104853560180786,2
68.6,375.78923579958644,378.6330914354757,71.40112808861235,19.642365236633857,-12.2158858408482,26.74443743078614,-38.174643252650625,408,394,375,435,26.74443743078614,NEUTRAL,program,sonic_drive_smooth.py,function,bc4a84a5f90dcb414fa9a95aff361c8d4412f04ffa11cdb071a0b8ad9fecc202,平滑操舵：安全制御優先：右壁追従 | target_deg=-28.424,,249.79740207440207,83.72871917485134,85.80612821073098,96.71059446534144,45.62323264533568,0,68.6,32.65693460287595,2
68.65,376.7382876968907,378.9465899914649,72.0209734657447,20.217752550049077,-9.9758858408482,27.74443743078614,-31.174643252650625,409,402,375,435,27.74443743078614,NEUTRAL,program,sonic_drive_smooth.py,function,bc4a84a5f90dcb414fa9a95aff361c8d4412f04ffa11cdb071a0b8ad9fecc202,平滑操舵：安全制御優先：右壁追従 | target_deg=-23.737,,250.0,87.97761613417002,83.40829215525719,96.55523518624435,41.644503800396485,0,68.65,33.211649824323416,2
68.7,377.71921873185636,379.2600250647403,72.52022518443658,20.84375871994118,-7.7358858408482005,28.74443743078614,-24.174643252650625,410,409,375,435,28.74443743078614,NEUTRAL,program,sonic_drive_smooth.py,function,bc4a84a5f90dcb414fa9a95aff361c8d4412f04ffa11cdb071a0b8ad9fecc202,平滑操舵：Follow the Gap：目標が空き空間内 | target_deg=-18.758 | gap_min_deg=-60.0 | gap_max_deg=60.0,,246.1807785570551,87.08712461303921,86.41991073556402,92.43873015184025,41.51652187518899,0,68.7,33.773112096785084,2
68.75,378.73352664210745,379.5756342545189,72.89306160850873,21.50897624894221,-5.4958858408482,29.74443743078614,-17.174643252650625,412,416,375,435,29.74443743078614,NEUTRAL,program,sonic_drive_smooth.py,function,bc4a84a5f90dcb414fa9a95aff361c8d4412f04ffa11cdb071a0b8ad9fecc202,平滑操舵：Follow the Gap：目標が空き空間内 | target_deg=-13.525 | gap_min_deg=-60.0 | gap_max_deg=60.0,,250.0,85.40251421470043,78.83847783582907,93.07995905692403,41.4566176863929,0,68.75,34.34561720520484,2
68.8,379.7821969230334,379.8957968007372,73.1323516012385,22.20456844047381,-3.2558858408482,30.74443743078614,-10.174643252650625,413,424,375,435,30.74443743078614,NEUTRAL,program,sonic_drive_smooth.py,function,bc4a84a5f90dcb414fa9a95aff361c8d4412f04ffa11cdb071a0b8ad9fecc202,平滑操舵：Follow the Gap：目標が空き空間内 | target_deg=-8.094 | gap_min_deg=-60.0 | gap_max_deg=60.0,,249.63091521474448,84.82572286525915,80.21991202335448,91.4147760934575,42.979235513790435,0,68.8,34.933836349363055,2
68.85,380.8657797419321,380.2231336834837,73.22989682950953,22.92369004146258,-1.0158858408482,31.74443743078614,-3.1746432526506254,414,431,375,435,31.74443743078614,NEUTRAL,program,sonic_drive_smooth.py,function,bc4a84a5f90dcb414fa9a95aff361c8d4412f04ffa11cdb071a0b8ad9fecc202,平滑操舵：Follow the Gap：目標が空き空間内 | target_deg=-2.538 | gap_min_deg=-60.0 | gap_max_deg=60.0,,247.12653907840075,85.26642626370513,77.5061728106119,89.49408872063225,45.78129555715332,0,68.85,35.5429747499296,2
68.9,381.98455937781875,380.56019911301394,73.23384442755054,23.661038449377884,0.0,32.744437430786135,0.0,415,435,375,435,32.744437430786135,NEUTRAL,program,sonic_drive_smooth.py,function,bc4a84a5f90dcb414fa9a95aff361c8d4412f04ffa11cdb071a0b8ad9fecc202,平滑操舵：Follow the Gap：目標が空き空間内 | target_deg=0.000 | gap_min_deg=-60.0 | gap_max_deg=60.0,,247.86963826597872,84.9666267843496,82.22306807658333,95.7304152348578,42.353721172923336,0,68.9,35.99677085141468,2
68.95,383.139049385026,380.90801621267593,73.23384442755054,24.41250605953418,0.0,33.744437430786135,0.0,417,435,375,435,33.744437430786135,NEUTRAL,program,sonic_drive_smooth.py,function,bc4a84a5f90dcb414fa9a95aff361c8d4412f04ffa11cdb071a0b8ad9fecc202,平滑操舵：Follow the Gap：目標が空き空間内 | target_deg=0.000 | gap_min_deg=-60.0 | gap_max_deg=60.0,,249.91888880270724,84.7486875394488,81.9767556571778,92.9243473029549,39.229662387537765,0,68.95,36.344587951076676,2
69.0,384.32983179493164,381.2667672469475,73.23384442755054,25.174910959624242,0.0,34.744437430786135,0.0,418,435,375,435,34.744437430786135,NEUTRAL,program,sonic_drive_smooth.py,function,bc4a84a5f90dcb414fa9a95aff361c8d4412f04ffa11cdb071a0b8ad9fecc202,平滑操舵：Follow the Gap：目標が空き空間内 | target_deg=0.000 | gap_min_deg=-60.0 | gap_max_deg=60.0,,250.0,165.67053021371945,78.19502899576145,94.20518580091121,43.90520363032524,0,69.0,36.70333898534824,2
69.05,385.55347801331106,381.63541927167887,73.23384442755054,25.811574804590265,0.0,35.0,0.0,418,435,375,435,35.0,NEUTRAL,program,sonic_drive_smooth.py,function,bc4a84a5f90dcb414fa9a95aff361c8d4412f04ffa11cdb071a0b8ad9fecc202,平滑操舵：Follow the Gap：目標が空き空間内 | target_deg=0.000 | gap_min_deg=-60.0 | gap_max_deg=60.0,,246.1217047420646,163.37002442699816,76.52862779561217,92.74733531933796,43.08175368164293,0,69.05,37.071991010079614,2
69.1,386.80345533757543,382.0120041575199,73.23384442755054,26.30475968457718,0.0,35.0,0.0,418,435,375,435,35.0,NEUTRAL,program,sonic_drive_smooth.py,function,bc4a84a5f90dcb414fa9a95aff361c8d4412f04ffa11cdb071a0b8ad9fecc202,平滑操舵：Follow the Gap：目標が空き空間内 | target_deg=0.000 | gap_min_deg=-60.0 | gap_max_deg=60.0,,250.0,162.28358912232315,79.99280136783106,94.2531217612535,44.91333985406758,0,69.1,37.44857589592067,2
69.15,388.073829773123,382.3947341498962,73.23384442755054,26.68680010947471,0.0,35.0,0.0,418,435,375,435,35.0,NEUTRAL,program,sonic_drive_smooth.py,function,bc4a84a5f90dcb414fa9a95aff361c8d4412f04ffa11cdb071a0b8ad9fecc202,平滑操舵：Follow the Gap：目標が空き空間内 | target_deg=0.000 | gap_min_deg=-60.0 | gap_max_deg=60.0,,249.74508670731962,163.3235361336107,77.32640823712318,98.40515956185422,45.82324810914978,0,69.15,37.831305888296924,2
69.2,389.36000461411186,382.78222438372944,73.23384442755054,26.982743663664273,0.0,35.0,0.0,418,435,375,435,35.0,NEUTRAL,program,sonic_drive_smooth.py,function,bc4a84a5f90dcb414fa9a95aff361c8d4412f04ffa11cdb071a0b8ad9fecc202,平滑操舵：Follow the Gap：目標が空き空間内 | target_deg=0.000 | gap_min_deg=-60.0 | gap_max_deg=60.0,,248.0710047243514,163.32990016834069,77.27989758416874,94.74728856048486,44.89887289205279,0,69.2,38.218796122130186,2
69.25,390.658419071223,383.1734020880077,73.23384442755054,27.21199319213981,0.0,35.0,0.0,418,435,375,435,35.0,NEUTRAL,program,sonic_drive_smooth.py,function,bc4a84a5f90dcb414fa9a95aff361c8d4412f04ffa11cdb071a0b8ad9fecc202,平滑操舵：Follow the Gap：目標が空き空間内 | target_deg=0.000 | gap_min_deg=-60.0 | gap_max_deg=60.0,,246.84177995248487,160.83182551831354,72.44475003501441,98.18883165587675,45.06406593301228,0,69.25,38.60997382640846,2
69.3,391.9663148168603,383.5674362520696,73.23384442755054,27.389578902530353,0.0,35.0,0.0,418,435,375,435,35.0,NEUTRAL,program,sonic_drive_smooth.py,function,bc4a84a5f90dcb414fa9a95aff361c8d4412f04ffa11cdb071a0b8ad9fecc202,平滑操舵：Follow the Gap：目標が空き空間内 | target_deg=0.000 | gap_min_deg=-60.0 | gap_max_deg=60.0,,247.09155289896339,163.1663306475567,76.25094058000228,96.69155929617887,47.29693762844666,0,69.3,39.00400799047037,2
69.35,393.28155514187165,383.9636831423398,73.23384442755054,27.527143785409837,0.0,35.0,0.0,418,435,375,435,35.0,NEUTRAL,program,sonic_drive_smooth.py,function,bc4a84a5f90dcb414fa9a95aff361c8d4412f04ffa11cdb071a0b8ad9fecc202,平滑操舵：Follow the Gap：目標が空き空間内 | target_deg=0.000 | gap_min_deg=-60.0 | gap_max_deg=60.0,,250.0,164.40509222321762,75.63541946088326,97.3782955377521,48.373778074308646,0,69.35,39.40025488074053,2
69.4,394.60248486722475,384.3616440974467,73.23384442755054,27.633706959665403,0.0,35.0,0.0,418,435,375,435,35.0,NEUTRAL,program,sonic_drive_smooth.py,function,bc4a84a5f90dcb414fa9a95aff361c8d4412f04ffa11cdb071a0b8ad9fecc202,平滑操舵：Follow the Gap：目標が空き空間内 | target_deg=0.000 | gap_min_deg=-60.0 | gap_max_deg=60.0,,250.0,161.8726585204675,78.83206833874553,98.41148492730288,45.764740655128556,0,69.4,39.79821583584743,2
69.45,395.9278218260763,384.76093283465946,73.23384442755054,27.71625498987287,0.0,35.0,0.0,418,435,375,435,35.0,NEUTRAL,program,sonic_drive_smooth.py,function,bc4a84a5f90dcb414fa9a95aff361c8d4412f04ffa11cdb071a0b8ad9fecc202,平滑操舵：Follow the Gap：目標が空き空間内 | target_deg=0.000 | gap_min_deg=-60.0 | gap_max_deg=60.0,,248.5942813422385,160.1513807001665,77.65430920005889,103.94998967285069,51.98518648945847,0,69.45,40.1975045730602,2
69.5,397.25657280151,385.16125012416666,73.23384442755054,27.780199944016132,0.0,35.0,0.0,418,435,375,435,35.0,NEUTRAL,program,sonic_drive_smooth.py,function,bc4a84a5f90dcb414fa9a95aff361c8d4412f04ffa11cdb071a0b8ad9fecc202,平滑操舵：Follow the Gap：目標が空き空間内 | target_deg=0.000 | gap_min_deg=-60.0 | gap_max_deg=60.0,,249.59879075729305,160.54926246098884,77.67795073268229,99.20134753395642,48.5226282048382,0,69.5,40.5978218625674,2
69.55,398.58796840859924,385.5623641707756,73.23384442755054,27.829734223030513,0.0,35.0,0.0,418,435,375,435,35.0,NEUTRAL,program,sonic_drive_smooth.py,function,bc4a84a5f90dcb414fa9a95aff361c8d4412f04ffa11cdb071a0b8ad9fecc202,平滑操舵：Follow the Gap：目標が空き空間内 | target_deg=0.000 | gap_min_deg=-60.0 | gap_max_deg=60.0,,250.0,160.3793888763405,78.9202933282135,102.2727534998091,50.29702967916016,0,69.55,40.99893590917634,2
69.6,399.9214126514889,385.9640954168041,73.23384442755054,27.86810542573678,0.0,35.0,0.0,418,435,375,435,35.0,NEUTRAL,program,sonic_drive_smooth.py,function,bc4a84a5f90dcb414fa9a95aff361c8d4412f04ffa11cdb071a0b8ad9fecc202,平滑操舵：Follow the Gap：目標が空き空間内 | target_deg=0.000 | gap_min_deg=-60.0 | gap_max_deg=60.0,,248.18764202576628,157.75039235151144,78.76113525869009,101.81618581665097,47.29796055794251,0,69.6,41.40066715520487,2
69.65,401.25644384832515,386.3663047698024,73.23384442755054,27.89782927004061,0.0,35.0,0.0,418,435,375,435,35.0,NEUTRAL,program,sonic_drive_smooth.py,function,bc4a84a5f90dcb414fa9a95aff361c8d4412f04ffa11cdb071a0b8ad9fecc202,平滑操舵：Follow the Gap：目標が空き空間内 | target_deg=0.000 | gap_min_deg=-60.0 | gap_max_deg=60.0,,249.51892869199227,158.29981832683487,74.53783207044772,105.32645800136437,50.427391774792746,0,69.65,41.802876508203155,2
69.7,402.59270436216735,386.76888448328265,73.23384442755054,27.920854530076404,0.0,35.0,0.0,418,435,375,435,35.0,NEUTRAL,program,sonic_drive_smooth.py,function,bc4a84a5f90dcb414fa9a95aff361c8d4412f04ffa11cdb071a0b8ad9fecc202,平滑操舵：Follow the Gap：目標が空き空間内 | target_deg=0.000 | gap_min_deg=-60.0 | gap_max_deg=60.0,,250.0,157.54440200237687,78.70462333856862,107.76059691085888,49.866938064084316,0,69.7,42.20545622168339,2
69.75,403.92991715336086,387.1717510925736,73.23384442755054,27.938690803012605,0.0,35.0,0.0,418,435,375,435,35.0,NEUTRAL,program,sonic_drive_smooth.py,function,bc4a84a5f90dcb414fa9a95aff361c8d4412f04ffa11cdb071a0b8ad9fecc202,平滑操舵：Follow the Gap：目標が空き空間内 | target_deg=0.000 | gap_min_deg=-60.0 | gap_max_deg=60.0,,250.0,156.47944378094274,74.43464318683331,105.52585606224766,51.86420284446221,0,69.75,42.608322830974316,2
69.8,405.2678676160823,387.57483994265453,73.23384442755054,27.952507482249228,0.0,35.0,0.0,418,435,375,435,35.0,NEUTRAL,program,sonic_drive_smooth.py,function,bc4a84a5f90dcb414fa9a95aff361c8d4412f04ffa11cdb071a0b8ad9fecc202,平滑操舵：Follow the Gap：目標が空き空間内 | target_deg=0.000 | gap_min_deg=-60.0 | gap_max_deg=60.0,,250.0,161.05572634255347,71.35012208572711,106.69813724670499,50.99914515911466,0,69.8,43.01141168105528,2
69.85,406.60638950821163,387.97810094920123,73.23384442755054,27.96321042595337,0.0,35.0,0.0,418,435,375,435,35.0,NEUTRAL,program,sonic_drive_smooth.py,function,bc4a84a5f90dcb414fa9a95aff361c8d4412f04ffa11cdb071a0b8ad9fecc202,平滑操舵：Follow the Gap：目標が空き空間内 | target_deg=0.000 | gap_min_deg=-60.0 | gap_max_deg=60.0,,248.7303599766799,155.63175823101756,72.84212207776758,108.22486878525577,51.36138725672859,0,69.85,43.41467268760198,2
69.9,407.94535405205767,388.3814953149241,73.23384442755054,27.9715013475252,0.0,35.0,0.0,418,435,375,435,35.0,NEUTRAL,program,sonic_drive_smooth.py,function,bc4a84a5f90dcb414fa9a95aff361c8d4412f04ffa11cdb071a0b8ad9fecc202,平滑操舵：Follow the Gap：目標が空き空間内 | target_deg=0.000 | gap_min_deg=-60.0 | gap_max_deg=60.0,,249.6801514455076,155.16628749681092,74.92319038091766,108.42696789755058,50.40936411430801,0,69.9,43.81806705332485,2
69.95,409.2846614913509,388.7849929859152,73.23384442755054,27.977923821791194,0.0,35.0,0.0,418,435,375,435,35.0,NEUTRAL,program,sonic_drive_smooth.py,function,bc4a84a5f90dcb414fa9a95aff361c8d4412f04ffa11cdb071a0b8ad9fecc202,平滑操舵：Follow the Gap：目標が空き空間内 | target_deg=0.000 | gap_min_deg=-60.0 | gap_max_deg=60.0,,247.95188821494727,156.90305274218233,74.62894389075295,111.46443148469479,50.58471351583495,0,69.95,44.221564724315954,2
70.0,410.62423455095745,389.1885706812343,73.23384442755054,27.982898923212673,0.0,35.0,0.0,418,435,375,435,35.0,NEUTRAL,program,sonic_drive_smooth.py,function,bc4a84a5f90dcb414fa9a95aff361c8d4412f04ffa11cdb071a0b8ad9fecc202,平滑操舵：Follow the Gap：目標が空き空間内 | target_deg=0.000 | gap_min_deg=-60.0 | gap_max_deg=60.0,,250.0,236.7069173120981,73.27016496735952,108.56139430159308,51.15812896331857,0,70.0,44.62514241963504,2
70.05,411.9640133705161,389.5922103665484,73.23384442755054,27.98675283264522,0.0,35.0,0.0,418,435,375,435,35.0,NEUTRAL,program,sonic_drive_smooth.py,function,bc4a84a5f90dcb414fa9a95aff361c8d4412f04ffa11cdb071a0b8ad9fecc202,平滑操舵：Follow the Gap：目標が空き空間内 | target_deg=0.000 | gap_min_deg=-60.0 | gap_max_deg=60.0,,250.0,232.63310682217897,69.75820637310964,108.45403419108182,52.29980768881815,0,70.05,45.02878210494913,2
70.1,413.3039515798347,389.99589807175323,73.23384442755054,27.98973822262142,0.0,35.0,0.0,418,435,375,435,35.0,NEUTRAL,program,sonic_drive_smooth.py,function,bc4a84a5f90dcb414fa9a95aff361c8d4412f04ffa11cdb071a0b8ad9fecc202,平滑操舵：Follow the Gap：目標が空き空間内 | target_deg=0.000 | gap_min_deg=-60.0 | gap_max_deg=60.0,,250.0,230.3036552753439,71.55766753424945,111.68868080454128,53.474183708578366,0,70.1,45.432469810153975,2
70.15,414.6440132587364,390.399622975056,73.23384442755054,27.99205082323282,0.0,35.0,0.0,418,435,375,435,35.0,NEUTRAL,program,sonic_drive_smooth.py,function,bc4a84a5f90dcb414fa9a95aff361c8d4412f04ffa11cdb071a0b8ad9fecc202,平滑操舵：Follow the Gap：目標が空き空間内 | target_deg=0.000 | gap_min_deg=-60.0 | gap_max_deg=60.0,,248.34529554177846,229.4691902249433,71.11558608615327,112.25818671058418,50.531025392371674,0,70.15,45.836194713456734,2
70.2,415.9841705820383,390.8033766934699,73.23384442755054,27.993842254714302,0.0,35.0,0.0,418,435,375,435,35.0,NEUTRAL,program,sonic_drive_smooth.py,function,bc4a84a5f90dcb414fa9a95aff361c8d4412f04ffa11cdb071a0b8ad9fecc202,平滑操舵：Follow the Gap：目標が空き空間内 | target_deg=0.000 | gap_min_deg=-60.0 | gap_max_deg=60.0,,248.31874379919654,234.83443093190377,71.8624883817427,113.67055262995197,55.077438800901675,0,70.2,46.23994843187063,2
70.25,417.3244019952581,391.2071527332033,73.23384442755054,27.995229968069133,0.0,35.0,0.0,418,435,375,435,35.0,NEUTRAL,program,sonic_drive_smooth.py,function,bc4a84a5f90dcb414fa9a95aff361c8d4412f04ffa11cdb071a0b8ad9fecc202,平滑操舵：Follow the Gap：目標が空き空間内 | target_deg=0.000 | gap_min_deg=-60.0 | gap_max_deg=60.0,,249.45470386836394,229.6684851599812,68.15030413608498,114.57231872106918,59.42690251360629,0,70.25,46.64372447160406,2
70.3,418.6646908014453,391.61094606390964,73.23384442755054,27.996304945468538,0.0,35.0,0.0,418,435,375,435,35.0,NEUTRAL,program,sonic_drive_smooth.py,function,bc4a84a5f90dcb414fa9a95aff361c8d4412f04ffa11cdb071a0b8ad9fecc202,平滑操舵：Follow the Gap：目標が空き空間内 | target_deg=0.000 | gap_min_deg=-60.0 | gap_max_deg=60.0,,250.0,232.0295076869386,69.59612635982675,114.78268824117806,56.43351194097312,0,70.3,47.04751780231038,2
70.35,420.0050240664847,392.0147527888843,73.23384442755054,27.99713766528435,0.0,35.0,0.0,418,435,375,435,35.0,NEUTRAL,program,sonic_drive_smooth.py,function,bc4a84a5f90dcb414fa9a95aff361c8d4412f04ffa11cdb071a0b8ad9fecc202,平滑操舵：Follow the Gap：目標が空き空間内 | target_deg=0.000 | gap_min_deg=-60.0 | gap_max_deg=60.0,,250.0,236.46971410962928,70.7339026768298,113.23448910951718,56.06582305826052,0,70.35,47.45132452728507,2
70.4,421.3453917711012,392.4185698895867,73.23384442755054,27.99778272283815,0.0,35.0,0.0,418,435,375,435,35.0,NEUTRAL,program,sonic_drive_smooth.py,function,bc4a84a5f90dcb414fa9a95aff361c8d4412f04ffa11cdb071a0b8ad9fecc202,平滑操舵：Follow the Gap：目標が空き空間内 | target_deg=0.000 | gap_min_deg=-60.0 | gap_max_deg=60.0,,250.0,232.85425452634308,71.46308763051587,119.55469903685199,53.07796658857666,0,70.4,47.85514162798745,2
70.45,422.6857861539701,392.8223950277362,73.23384442755054,27.99828240981546,0.0,35.0,0.0,418,435,375,435,35.0,NEUTRAL,program,sonic_drive_smooth.py,function,bc4a84a5f90dcb414fa9a95aff361c8d4412f04ffa11cdb071a0b8ad9fecc202,平滑操舵：Follow the Gap：目標が空き空間内 | target_deg=0.000 | gap_min_deg=-60.0 | gap_max_deg=60.0,,250.0,234.04609771508984,66.89358207895631,117.68207234698497,53.10466211960155,0,70.45,48.25896676613695,2
70.5,424.02620120286366,393.2262263920086,73.23384442755054,27.998669487020933,0.0,35.0,0.0,418,435,375,435,35.0,NEUTRAL,program,sonic_drive_smooth.py,function,bc4a84a5f90dcb414fa9a95aff361c8d4412f04ffa11cdb071a0b8ad9fecc202,平滑操舵：Follow the Gap：目標が空き空間内 | target_deg=0.000 | gap_min_deg=-60.0 | gap_max_deg=60.0,,249.7953884102609,229.9040460581302,66.96478889841025,118.25959971657802,57.29389674398543,0,70.5,48.66279813040933,2
70.55,425.3666322604736,393.630062579281,73.23384442755054,27.99896933226366,0.0,35.0,0.0,418,435,375,435,35.0,NEUTRAL,program,sonic_drive_smooth.py,function,bc4a84a5f90dcb414fa9a95aff361c8d4412f04ffa11cdb071a0b8ad9fecc202,平滑操舵：Follow the Gap：目標が空き空間内 | target_deg=0.000 | gap_min_deg=-60.0 | gap_max_deg=60.0,,249.35674710441398,230.22704601699664,69.15140201318181,120.75765431722407,55.53140725200352,0,70.55,49.066634317681746,2
70.6,426.7070757190654,394.0339025026391,73.23384442755054,27.999201604193683,0.0,35.0,0.0,418,435,375,435,35.0,NEUTRAL,program,sonic_drive_smooth.py,function,bc4a84a5f90dcb414fa9a95aff361c8d4412f04ffa11cdb071a0b8ad9fecc202,平滑操舵：Follow the Gap：目標が空き空間内 | target_deg=0.000 | gap_min_deg=-60.0 | gap_max_deg=60.0,,245.79876362108374,230.00709245495258,64.12351439723702,117.30546240485211,55.813923098594074,0,70.6,49.470474241039824,2
70.65,428.0475287839461,394.43774532011616,73.23384442755054,27.999381531175306,0.0,35.0,0.0,418,435,375,435,35.0,NEUTRAL,program,sonic_drive_smooth.py,function,bc4a84a5f90dcb414fa9a95aff361c8d4412f04ffa11cdb071a0b8ad9fecc202,平滑操舵：Follow the Gap：目標が空き空間内 | target_deg=0.000 | gap_min_deg=-60.0 | gap_max_deg=60.0,,249.26471806710242,226.68214547466542,68.02023471603479,116.74916940120674,57.09685200810575,0,70.65,49.87431705851691,2
70.7,429.38798929023636,394.8415903794919,73.23384442755054,27.999520909699058,0.0,35.0,0.0,418,435,375,435,35.0,NEUTRAL,program,sonic_drive_smooth.py,function,bc4a84a5f90dcb414fa9a95aff361c8d4412f04ffa11cdb071a0b8ad9fecc202,平滑操舵：Follow the Gap：目標が空き空間内 | target_deg=0.000 | gap_min_deg=-60.0 | gap_max_deg=60.0,,247.49597906273434,225.57180651323657,72.38659274587866,122.93232779932109,58.52190965739657,0,70.7,50.278162117892634,2
70.75,430.7284555609354,395.2454371755304,73.23384442755054,27.999628877790936,0.0,35.0,0.0,418,435,375,435,35.0,NEUTRAL,program,sonic_drive_smooth.py,function,bc4a84a5f90dcb414fa9a95aff361c8d4412f04ffa11cdb071a0b8ad9fecc202,平滑操舵：Follow the Gap：目標が空き空間内 | target_deg=0.000 | gap_min_deg=-60.0 | gap_max_deg=60.0,,243.65192862019384,229.76194322413056,65.78068187808876,119.91178337055366,61.534939127534614,0,70.75,50.682008913931156,2
70.8,432.06892629697245,395.64928531685644,73.23384442755054,27.999712514125648,0.0,35.0,0.0,418,435,375,435,35.0,NEUTRAL,program,sonic_drive_smooth.py,function,bc4a84a5f90dcb414fa9a95aff361c8d4412f04ffa11cdb071a0b8ad9fecc202,平滑操舵：Follow the Gap：目標が空き空間内 | target_deg=0.000 | gap_min_deg=-60.0 | gap_max_deg=60.0,,242.97327315871138,227.7216584368072,64.93510497461294,121.92212395182607,58.90878541349828,0,70.8,51.08585705525718,2
70.85,433.409400492036,396.0531345002951,73.23384442755054,27.999777302123313,0.0,35.0,0.0,418,435,375,435,35.0,NEUTRAL,program,sonic_drive_smooth.py,function,bc4a84a5f90dcb414fa9a95aff361c8d4412f04ffa11cdb071a0b8ad9fecc202,平滑操舵：Follow the Gap：目標が空き空間内 | target_deg=0.000 | gap_min_deg=-60.0 | gap_max_deg=60.0,,243.3137825551482,228.57006583652023,67.76825207983707,121.5186107554841,60.366995716086656,0,70.85,51.48970623869582,2
70.9,434.74987736659784,396.45698449099524,73.23384442755054,27.999827489457026,0.0,35.0,0.0,418,435,375,435,35.0,NEUTRAL,program,sonic_drive_smooth.py,function,bc4a84a5f90dcb414fa9a95aff361c8d4412f04ffa11cdb071a0b8ad9fecc202,平滑操舵：Follow the Gap：目標が空き空間内 | target_deg=0.000 | gap_min_deg=-60.0 | gap_max_deg=60.0,,240.06259826625902,227.36812873938942,62.557730585764716,125.29303553920681,61.51776393785177,0,70.9,51.89355622939598,2
70.95,436.09035631680445,396.8608351070319,73.23384442755054,27.999866366541614,0.0,35.0,0.0,418,435,375,435,35.0,NEUTRAL,program,sonic_drive_smooth.py,function,bc4a84a5f90dcb414fa9a95aff361c8d4412f04ffa11cdb071a0b8ad9fecc202,平滑操舵：Follow the Gap：目標が空き空間内 | target_deg=0.000 | gap_min_deg=-60.0 | gap_max_deg=60.0,,239.89529993342404,224.0899802308973,65.12779843433948,123.23438685410575,59.02144275030729,0,70.95,52.29740684543265,2
71.0,437.43083687488723,397.26468620747886,73.23384442755054,27.999896482261935,0.0,35.0,0.0,418,435,375,435,35.0,NEUTRAL,program,sonic_drive_smooth.py,function,bc4a84a5f90dcb414fa9a95aff361c8d4412f04ffa11cdb071a0b8ad9fecc202,平滑操舵：Follow the Gap：目標が空き空間内 | target_deg=0.000 | gap_min_deg=-60.0 | gap_max_deg=60.0,,236.6263132920738,228.86980815634442,66.21057367200488,126.41124650977235,62.4314449455209,0,71.0,52.701257945879604,2
71.05,438.7713186784942,397.66853768316906,73.23384442755054,27.99991981108456,0.0,35.0,0.0,418,435,375,435,35.0,NEUTRAL,program,sonic_drive_smooth.py,function,bc4a84a5f90dcb414fa9a95aff361c8d4412f04ffa11cdb071a0b8ad9fecc202,平滑操舵：Follow the Gap：目標が空き空間内 | target_deg=0.000 | gap_min_deg=-60.0 | gap_max_deg=60.0,,238.378890421461,223.71442786812554,62.4218290838837,128.4422358537569,62.33562407064977,0,71.05,53.10510942156981,2
71.1,440.11180144693327,398.0723894495375,73.23384442755054,27.999937882509037,0.0,35.0,0.0,418,435,375,435,35.0,NEUTRAL,program,sonic_drive_smooth.py,function,bc4a84a5f90dcb414fa9a95aff361c8d4412f04ffa11cdb071a0b8ad9fecc202,平滑操舵：Follow the Gap：目標が空き空間内 | target_deg=0.000 | gap_min_deg=-60.0 | gap_max_deg=30.0,,233.41250763872165,64.60090615914062,59.468865951683355,131.42163750797832,62.939898844346644,0,71.1,53.50896118793827,2
71.15,441.4522849627692,398.4762414410767,73.23384442755054,27.999951881345908,0.0,35.0,0.0,418,435,375,435,35.0,NEUTRAL,program,sonic_drive_smooth.py,function,bc4a84a5f90dcb414fa9a95aff361c8d4412f04ffa11cdb071a0b8ad9fecc202,平滑操舵：Follow the Gap：目標が空き空間内 | target_deg=0.000 | gap_min_deg=-60.0 | gap_max_deg=30.0,,233.2643392603142,68.38504930146583,63.80687430138954,131.08016335542138,60.15285707779801,0,71.15,53.91281317947744,2
71.2,442.79276905756825,398.880093607042,73.23384442755054,27.99996272539609,0.0,35.0,0.0,418,435,375,435,35.0,NEUTRAL,program,sonic_drive_smooth.py,function,bc4a84a5f90dcb414fa9a95aff361c8d4412f04ffa11cdb071a0b8ad9fecc202,平滑操舵：Follow the Gap：目標が空き空間内 | target_deg=0.000 | gap_min_deg=-60.0 | gap_max_deg=30.0,,236.35993140375157,63.69759004466226,59.58450856953213,128.75171095387083,62.16446577360798,0,71.2,54.31666534544274,2
71.25,444.13325360085486,399.2839459081247,73.23384442755054,27.9999711256243,0.0,35.0,0.0,418,435,375,435,35.0,NEUTRAL,program,sonic_drive_smooth.py,function,bc4a84a5f90dcb414fa9a95aff361c8d4412f04ffa11cdb071a0b8ad9fecc202,平滑操舵：Follow the Gap：目標が空き空間内 | target_deg=0.000 | gap_min_deg=-60.0 | gap_max_deg=30.0,,232.09671408999623,63.30048997533576,63.03390917203903,133.5203144394305,59.00178916899966,0,71.25,54.72051764652542,2
71.3,445.47373849155764,399.68779831387457,73.23384442755054,27.999977632771788,0.0,35.0,0.0,418,435,375,435,35.0,NEUTRAL,program,sonic_drive_smooth.py,function,bc4a84a5f90dcb414fa9a95aff361c8d4412f04ffa11cdb071a0b8ad9fecc202,平滑操舵：Follow the Gap：目標が空き空間内 | target_deg=0.000 | gap_min_deg=-60.0 | gap_max_deg=30.0,,229.55786020149336,63.937014057877995,59.907983862573985,133.16205994084626,64.80898268796582,0,71.3,55.12437005227531,2
71.35,446.81422365138263,400.0916508007038,73.23384442755054,27.999982673464423,0.0,35.0,0.0,418,435,375,435,35.0,NEUTRAL,program,sonic_drive_smooth.py,function,bc4a84a5f90dcb414fa9a95aff361c8d4412f04ffa11cdb071a0b8ad9fecc202,平滑操舵：Follow the Gap：目標が空き空間内 | target_deg=0.000 | gap_min_deg=-60.0 | gap_max_deg=30.0,,227.6663632223804,64.9720196850553,60.57628718759331,133.41471101260072,63.48016066304414,0,71.35,55.52822253910455,2
71.4,448.1547090196803,400.4955033503404,73.23384442755054,27.999986578183393,0.0,35.0,0.0,418,435,375,435,35.0,NEUTRAL,program,sonic_drive_smooth.py,function,bc4a84a5f90dcb414fa9a95aff361c8d4412f04ffa11cdb071a0b8ad9fecc202,平滑操舵：Follow the Gap：目標が空き空間内 | target_deg=0.000 | gap_min_deg=-60.0 | gap_max_deg=30.0,,229.0245708768275,63.628437728614244,134.90863868983863,134.89810620538,62.72366035472118,0,71.4,55.93207508874116,2
71.45,449.4928760968705,400.89940935474743,73.17398277025416,27.927001363335577,0.7402813090833752,34.595158659095034,2.3133790908855474,418,437,375,435,34.595158659095034,NEUTRAL,program,sonic_drive_smooth.py,function,bc4a84a5f90dcb414fa9a95aff361c8d4412f04ffa11cdb071a0b8ad9fecc202,平滑操舵：Follow the Gap：目標が空き空間内 | target_deg=1.850 | gap_min_deg=-60.0 | gap_max_deg=30.0,,225.34259582618193,63.245186190813826,127.0896095645042,134.94233628952966,64.88345418828786,0,71.45,56.32499720072366,2
71.5,450.82699852945933,401.30383625694276,73.09762605300989,27.85165548028188,0.931047672776483,34.49083330395036,2.9095239774265096,418,438,375,435,34.49083330395036,NEUTRAL,program,sonic_drive_smooth.py,function,bc4a84a5f90dcb414fa9a95aff361c8d4412f04ffa11cdb071a0b8ad9fecc202,平滑操舵：Follow the Gap：目標が空き空間内 | target_deg=2.327 | gap_min_deg=-60.0 | gap_max_deg=30.0,,223.72410364752676,61.24914635711967,135.34238363300636,136.41990997339983,63.41973795256538,0,71.5,56.71543515113035,2
71.55,452.1572631525447,401.7090956386038,73.01611150570642,27.78684699181394,0.9963915853532836,34.45509835175992,3.1137237042290113,418,438,375,435,34.45509835175992,NEUTRAL,program,sonic_drive_smooth.py,function,bc4a84a5f90dcb414fa9a95aff361c8d4412f04ffa11cdb071a0b8ad9fecc202,平滑操舵：Follow the Gap：目標が空き空間内 | target_deg=2.490 | gap_min_deg=-60.0 | gap_max_deg=30.0,,217.20324783233957,64.3310976067865,133.18907604389312,135.07166546425265,66.21087198384816,0,71.55,56.42894584382292,2
71.6,453.4841155491008,402.11542928500853,72.93065030611055,27.73166952638048,1.0468428743187406,34.42750780310694,3.271383982246064,418,438,375,435,34.42750780310694,NEUTRAL,program,sonic_drive_smooth.py,function,bc4a84a5f90dcb414fa9a95aff361c8d4412f04ffa11cdb071a0b8ad9fecc202,平滑操舵：Follow the Gap：目標が空き空間内 | target_deg=2.616 | gap_min_deg=-60.0 | gap_max_deg=25.0,,218.76274279922214,56.719452162501405,129.8116956739955,139.5756613368208,60.75231981056668,0,71.6,55.63638541861642,2
71.65,454.80810662080734,402.52303813264405,72.8459465643493,27.689667180647156,1.039334488710852,34.431613951486256,3.2479202772214126,418,438,375,435,34.431613951486256,NEUTRAL,program,sonic_drive_smooth.py,function,bc4a84a5f90dcb414fa9a95aff361c8d4412f04ffa11cdb071a0b8ad9fecc202,平滑操舵：Follow the Gap：目標が空き空間内 | target_deg=2.597 | gap_min_deg=-60.0 | gap_max_deg=25.0,,215.49473546699593,59.024853518628184,132.71975556309647,141.95390917532006,68.30183523080888,0,71.65,54.86639670525638,2
71.7,456.1297793531581,402.9320658757727,72.76183197266656,27.65771097680779,1.0334471192625039,34.43483360665332,3.229522247695325,418,438,375,435,34.43483360665332,NEUTRAL,program,sonic_drive_smooth.py,function,bc4a84a5f90dcb414fa9a95aff361c8d4412f04ffa11cdb071a0b8ad9fecc202,平滑操舵：Follow the Gap：目標が空き空間内 | target_deg=2.582 | gap_min_deg=-60.0 | gap_max_deg=25.0,,213.7352469186781,60.91928700576566,132.66099020866662,140.83369067399272,68.49434289801086,0,71.7,54.11947892808817,2
71.75,457.4496104575438,403.34262126249564,72.67982082962897,27.635410079194735,1.0085611802967531,34.44844310452521,3.1517536884273536,418,438,375,435,34.44844310452521,NEUTRAL,program,sonic_drive_smooth.py,function,bc4a84a5f90dcb414fa9a95aff361c8d4412f04ffa11cdb071a0b8ad9fecc202,平滑操舵：Follow the Gap：目標が空き空間内 | target_deg=2.520 | gap_min_deg=-60.0 | gap_max_deg=30.0,,211.02979870619208,61.23467721824996,130.98529443894085,142.62709792178453,69.74161534611372,0,71.75,53.396439517272896,2
71.8,458.7679761977474,403.7547766883515,72.59897497860408,27.619482108700613,0.9948974141116813,34.45591547665767,3.109054419099004,418,438,375,435,34.45591547665767,NEUTRAL,program,sonic_drive_smooth.py,function,bc4a84a5f90dcb414fa9a95aff361c8d4412f04ffa11cdb071a0b8ad9fecc202,平滑操舵：Follow the Gap：目標が空き空間内 | target_deg=2.486 | gap_min_deg=-60.0 | gap_max_deg=25.0,,207.9562140666046,57.40652473801044,126.14917498941833,145.1538695320501,64.95166203241644,0,71.8,52.69791705552673,2
71.85,460.0850692226625,404.1685856960222,72.51729962692707,27.606085760764707,1.0056272883004924,34.450047576710666,3.142585275939039,418,438,375,435,34.450047576710666,NEUTRAL,program,sonic_drive_smooth.py,function,bc4a84a5f90dcb414fa9a95aff361c8d4412f04ffa11cdb071a0b8ad9fecc202,平滑操舵：Follow the Gap：目標が空き空間内 | target_deg=2.513 | gap_min_deg=-60.0 | gap_max_deg=25.0,,205.23487480739013,59.41219121797398,131.51096075400417,143.087407039655,67.88687371008044,0,71.85,52.024486598052555,2
71.9,461.40109376492313,404.5840963760634,72.43758265142816,27.598049718807857,0.9818807491086199,34.46303396533122,3.068377340964437,418,438,375,435,34.46303396533122,NEUTRAL,program,sonic_drive_smooth.py,function,bc4a84a5f90dcb414fa9a95aff361c8d4412f04ffa11cdb071a0b8ad9fecc202,平滑操舵：Follow the Gap：目標が空き空間内 | target_deg=2.453 | gap_min_deg=-60.0 | gap_max_deg=25.0,,202.02849610271903,57.55439460947058,128.7562724342711,146.4311089928541,69.09810149722813,0,71.9,51.37737516529289,2
71.95,462.7162715516636,405.00133187766335,72.35952529092742,27.593820045454873,0.9616428511062464,34.47410156580127,3.0051339097070198,418,438,375,435,34.47410156580127,NEUTRAL,program,sonic_drive_smooth.py,function,bc4a84a5f90dcb414fa9a95aff361c8d4412f04ffa11cdb071a0b8ad9fecc202,平滑操舵：Follow the Gap：目標が空き空間内 | target_deg=2.403 | gap_min_deg=-60.0 | gap_max_deg=25.0,,200.0312244169593,60.3347067566349,127.55876285551933,148.2605108855873,68.91289377672352,0,71.95,50.757476581959104,2
72.0,464.03072661378275,405.420302965766,72.2820199055509,27.591202807102498,0.9549565961372471,34.47775811148745,2.9842393629288972,418,438,375,435,34.47775811148745,NEUTRAL,program,sonic_drive_smooth.py,function,bc4a84a5f90dcb414fa9a95aff361c8d4412f04ffa11cdb071a0b8ad9fecc202,平滑操舵：Follow the Gap：目標が空き空間内 | target_deg=2.386 | gap_min_deg=-60.0 | gap_max_deg=25.0,,200.6720614196987,59.826416881507804,128.10426125515167,145.79948498583022,68.90077878352412,0,72.0,50.16560548379704,2
72.05,465.34453537069135,405.8410170227293,72.2052780817647,27.590097045463512,0.9456087422373274,34.482870219088966,2.955027319491648,418,438,375,435,34.482870219088966,NEUTRAL,program,sonic_drive_smooth.py,function,bc4a84a5f90dcb414fa9a95aff361c8d4412f04ffa11cdb071a0b8ad9fecc202,平滑操舵：Follow the Gap：目標が空き空間内 | target_deg=2.363 | gap_min_deg=-60.0 | gap_max_deg=25.0,,200.0014824925621,58.975745917866625,129.07900777014117,149.80701031586355,70.6513592656872,0,72.05,49.60277825357919,2
72.1,466.6578129582251,406.2634753422206,72.13058051409911,27.59172537797138,0.9204057191136131,34.496653122359746,2.876267872230041,418,438,375,435,34.496653122359746,NEUTRAL,program,sonic_drive_smooth.py,function,bc4a84a5f90dcb414fa9a95aff361c8d4412f04ffa11cdb071a0b8ad9fecc202,平滑操舵：Follow the Gap：目標が空き空間内 | target_deg=2.300 | gap_min_deg=-60.0 | gap_max_deg=25.0,,194.1861051172734,54.296300084064036,128.5112476174318,153.02966604638604,72.80010990140954,0,72.1,49.070198262428576,2
72.15,467.97069542282,406.6876667528448,72.05820221289679,27.595813809845446,0.891732322828825,34.51233388595299,2.786663508840078,418,437,375,435,34.51233388595299,NEUTRAL,program,sonic_drive_smooth.py,function,bc4a84a5f90dcb414fa9a95aff361c8d4412f04ffa11cdb071a0b8ad9fecc202,平滑操舵：Follow the Gap：目標が空き空間内 | target_deg=2.228 | gap_min_deg=-60.0 | gap_max_deg=25.0,,196.83629044667336,50.18633297419734,125.27095562817836,150.91462025852,71.60171725303267,0,72.15,48.568943300120615,2
72.2,469.2832682168258,407.1135707499774,71.98734799388956,27.600846465920092,0.8728105664559972,34.522681721469375,2.727533020174991,418,437,375,435,34.522681721469375,NEUTRAL,program,sonic_drive_smooth.py,function,bc4a84a5f90dcb414fa9a95aff361c8d4412f04ffa11cdb071a0b8ad9fecc202,平滑操舵：Follow the Gap：目標が空き空間内 | target_deg=2.181 | gap_min_deg=-60.0 | gap_max_deg=25.0,,187.6504230764993,55.04771706650262,125.13902789386495,152.03178181839576,71.9504351892453,0,72.2,48.0999175306405,2
72.25,470.595550308438,407.5411650212986,71.91726754360215,27.605699768101577,0.8631264447365442,34.527977725534704,2.6972701398017005,418,437,375,435,34.527977725534704,NEUTRAL,program,sonic_drive_smooth.py,function,bc4a84a5f90dcb414fa9a95aff361c8d4412f04ffa11cdb071a0b8ad9fecc202,平滑操舵：Follow the Gap：目標が空き空間内 | target_deg=2.157 | gap_min_deg=-60.0 | gap_max_deg=25.0,,190.3492031666641,57.415390165332056,124.34272386321832,152.37345215693682,71.09442492615973,0,72.25,47.65728244414015,2
72.3,471.90762859417845,407.97042929371185,71.85030624441663,27.61326555905329,0.8245218362756233,34.549089620786766,2.5766307383613225,418,437,375,435,34.549089620786766,NEUTRAL,program,sonic_drive_smooth.py,function,bc4a84a5f90dcb414fa9a95aff361c8d4412f04ffa11cdb071a0b8ad9fecc202,平滑操舵：Follow the Gap：目標が空き空間内 | target_deg=2.061 | gap_min_deg=-60.0 | gap_max_deg=25.0,,187.87988405047764,55.19671597102252,123.62248105960947,156.9882401147503,74.86878856452721,0,72.3,47.21610153140682,2
72.35,473.2195194723633,408.4013288539301,71.78345196979774,27.61927570440979,0.8230066945330077,34.54991821392726,2.571895920415649,418,437,375,435,34.54991821392726,NEUTRAL,program,sonic_drive_smooth.py,function,bc4a84a5f90dcb414fa9a95aff361c8d4412f04ffa11cdb071a0b8ad9fecc202,平滑操舵：Follow the Gap：目標が空き空間内 | target_deg=2.057 | gap_min_deg=-60.0 | gap_max_deg=25.0,,188.71842590421105,54.32651878439548,124.55835821960925,159.7974283682609,73.2295060938431,0,72.35,46.77332326730493,2
72.4,474.53118173608317,408.8338403492988,71.7173244658465,27.62483006169639,0.8138920379976865,34.55490279172001,2.5434126187427704,418,437,375,435,34.55490279172001,NEUTRAL,program,sonic_drive_smooth.py,function,bc4a84a5f90dcb414fa9a95aff361c8d4412f04ffa11cdb071a0b8ad9fecc202,平滑操舵：Follow the Gap：目標が空き空間内 | target_deg=2.034 | gap_min_deg=-60.0 | gap_max_deg=25.0,,183.0725414697514,52.21428932581165,123.62074977597797,162.01939288217716,73.40860875825726,0,72.4,46.32908078515851,2
72.45,475.8425799236983,409.26794094657265,71.65139927963867,27.629392512648902,0.811256748222455,34.55634396581584,2.535177338195172,418,437,375,435,34.55634396581584,NEUTRAL,program,sonic_drive_smooth.py,function,bc4a84a5f90dcb414fa9a95aff361c8d4412f04ffa11cdb071a0b8ad9fecc202,平滑操舵：安全制御優先：右壁追従 | target_deg=2.027,,179.81868398059544,52.361144565228955,124.79687825669197,163.92948394431104,74.28303074740882,0,72.45,45.88330350556902,2
72.5,477.15369502402126,409.70361252106386,71.58624865083434,27.633879322077547,0.8015954810777187,34.561627471285625,2.504985878367871,418,437,375,435,34.561627471285625,NEUTRAL,program,sonic_drive_smooth.py,function,bc4a84a5f90dcb414fa9a95aff361c8d4412f04ffa11cdb071a0b8ad9fecc202,平滑操舵：Follow the Gap：目標が空き空間内 | target_deg=2.003 | gap_min_deg=-60.0 | gap_max_deg=25.0,,180.48738956111444,52.74258700775867,124.8594911646525,163.4996489790236,75.45523228774704,0,72.5,45.436110516108954,2
72.55,478.4645513086161,410.1408363363543,71.52247726569163,27.639041615184688,0.7844888411462522,34.57098266499815,2.451527628582038,418,437,375,435,34.57098266499815,NEUTRAL,program,sonic_drive_smooth.py,function,bc4a84a5f90dcb414fa9a95aff361c8d4412f04ffa11cdb071a0b8ad9fecc202,平滑操舵：安全制御優先：右壁追従 | target_deg=1.961,,176.5297410588762,53.364920224484045,125.46574020066613,160.0801045047589,77.66659560341854,0,72.55,44.98762661356665,2
72.6,479.7752961250368,410.5795906726976,71.4629580602109,27.648217131584136,0.731985301878948,34.59969553803495,2.287454068371712,418,437,375,435,34.59969553803495,NEUTRAL,program,sonic_drive_smooth.py,function,bc4a84a5f90dcb414fa9a95aff361c8d4412f04ffa11cdb071a0b8ad9fecc202,平滑操舵：安全制御優先：右壁追従 | target_deg=1.829,,175.29604856711353,48.004970321089885,117.38140506862149,161.96606164456773,75.41174953797575,0,72.6,44.538378554924975,2
72.65,481.0857860724968,411.01983169294044,71.39891377772338,27.64985158752868,0.7874977011845639,34.56933719466469,2.460930316201762,418,437,375,435,34.56933719466469,NEUTRAL,program,sonic_drive_smooth.py,function,bc4a84a5f90dcb414fa9a95aff361c8d4412f04ffa11cdb071a0b8ad9fecc202,平滑操舵：安全制御優先：右壁追従 | target_deg=1.968,,170.73910801275795,50.667375470325624,125.46317381757561,163.14259174109765,72.24855124157662,0,72.65,44.08686279692944,2
72.7,482.39598319719056,411.4615608492001,71.33831706649559,27.655307323773624,0.7450045664873436,34.59257562770223,2.3281392702729486,418,437,375,435,34.59257562770223,NEUTRAL,program,sonic_drive_smooth.py,function,bc4a84a5f90dcb414fa9a95aff361c8d4412f04ffa11cdb071a0b8ad9fecc202,平滑操舵：安全制御優先：右壁追従 | target_deg=1.862,,169.69632653609665,51.09437173749244,121.88602206165868,246.51680738016597,78.38207142052237,0,72.7,43.63448187356016,2
72.75,483.7042856706208,411.90265700317565,71.42290209681212,27.58558799572631,-1.4949954335126563,34.18242437229777,-4.671860729727051,417,430,375,435,34.18242437229777,NEUTRAL,program,sonic_drive_smooth.py,function,bc4a84a5f90dcb414fa9a95aff361c8d4412f04ffa11cdb071a0b8ad9fecc202,平滑操舵：安全制御優先：右壁追従 | target_deg=-3.733,,166.70145528565936,47.654905360341274,121.5794202634217,250.0,78.52596932352206,0,72.75,43.20825849372426,2
72.8,485.0047431001855,412.33669542011575,71.68775003526758,27.310727242286415,-3.7349954335126565,32.957424372297766,-11.671860729727051,416,422,375,435,32.957424372297766,NEUTRAL,program,sonic_drive_smooth.py,function,bc4a84a5f90dcb414fa9a95aff361c8d4412f04ffa11cdb071a0b8ad9fecc202,平滑操舵：安全制御優先：右壁追従 | target_deg=-9.269,,168.76132163252652,46.18499395222796,124.50870812696294,250.0,80.41110552871427,0,72.8,42.82098521042275,2
72.85,486.2902219490365,412.75695658168377,72.12824539243223,26.876955864248405,-5.974995433512657,31.732424372297764,-18.67186072972705,414,415,375,435,31.732424372297764,NEUTRAL,program,sonic_drive_smooth.py,function,bc4a84a5f90dcb414fa9a95aff361c8d4412f04ffa11cdb071a0b8ad9fecc202,平滑操舵：安全制御優先：右壁追従 | target_deg=-14.663,,165.83834357327316,48.35710765685329,121.7447094651519,250.0,79.48810108383444,0,72.85,42.47916079050913,2
72.9,487.5558723196228,413.15798268293764,72.72945543384208,26.34128359402303,-8.0,30.625,-25.0,413,408,375,435,30.625,NEUTRAL,program,sonic_drive_smooth.py,function,bc4a84a5f90dcb414fa9a95aff361c8d4412f04ffa11cdb071a0b8ad9fecc202,平滑操舵：安全制御優先：右壁追従 | target_deg=-19.359,,171.31084572175214,49.84249285255855,120.445755041978,250.0,81.79973310552202,0,72.9,42.18650582849517,2
72.95,488.80365263451796,413.5385528091819,73.34737391511948,25.92633076390351,-8.0,30.625,-25.0,413,408,375,435,30.625,NEUTRAL,program,sonic_drive_smooth.py,function,bc4a84a5f90dcb414fa9a95aff361c8d4412f04ffa11cdb071a0b8ad9fecc202,平滑操舵：安全制御優先：右壁追従 | target_deg=-19.359,,177.05563493328302,49.202497318816285,119.24632159741076,250.0,79.27832521661743,0,72.95,41.91889102737872,2
73.0,490.03823880520287,413.9006920065994,73.95680255439598,25.60489196485619,-8.0,30.625,-25.0,413,408,375,435,30.625,NEUTRAL,program,sonic_drive_smooth.py,function,bc4a84a5f90dcb414fa9a95aff361c8d4412f04ffa11cdb071a0b8ad9fecc202,平滑操舵：安全制御優先：右壁追従 | target_deg=-19.359,,179.04065900550728,45.06488477838412,119.4201538525059,249.43078864157332,77.06563563921729,0,73.0,41.669703776483914,2
73.05,491.2632235975932,414.24598353570167,74.55965462781057,25.35589281595721,-8.0,30.625,-25.0,413,408,375,435,30.625,NEUTRAL,program,sonic_drive_smooth.py,function,bc4a84a5f90dcb414fa9a95aff361c8d4412f04ffa11cdb071a0b8ad9fecc202,平滑操舵：Follow the Gap：目標が空き空間内 | target_deg=-19.359 | gap_min_deg=-60.0 | gap_max_deg=25.0,,189.2652277812357,49.270989251706865,45.15446465190199,156.95349230966062,77.81202855317697,0,73.05,41.43764575028007,2
73.1,492.48137703224705,414.5756125386893,75.15741223438681,25.163008272037263,-8.0,30.625,-25.0,413,408,375,435,30.625,NEUTRAL,program,sonic_drive_smooth.py,function,bc4a84a5f90dcb414fa9a95aff361c8d4412f04ffa11cdb071a0b8ad9fecc202,平滑操舵：Follow the Gap：目標が空き空間内 | target_deg=-19.359 | gap_min_deg=-60.0 | gap_max_deg=25.0,,193.9300189334498,45.907519231903606,44.01465952841217,155.64613215402227,81.3207971489259,0,73.1,41.22175443030568,2
73.15,493.69482783311213,414.8904646643498,75.75122346637917,25.01359231038553,-8.0,30.625,-25.0,413,408,375,435,30.625,NEUTRAL,program,sonic_drive_smooth.py,function,bc4a84a5f90dcb414fa9a95aff361c8d4412f04ffa11cdb071a0b8ad9fecc202,平滑操舵：Follow the Gap：目標が空き空間内 | target_deg=-19.359 | gap_min_deg=-60.0 | gap_max_deg=25.0,,203.49293205480902,48.85141991293566,47.55920450216221,153.71388708895748,78.49769227361112,0,73.15,41.02131732762433,2
73.2,494.90520508856997,415.1912001824115,76.3419776812487,24.8978488239319,-8.0,30.625,-25.0,413,408,375,435,30.625,NEUTRAL,program,sonic_drive_smooth.py,function,bc4a84a5f90dcb414fa9a95aff361c8d4412f04ffa11cdb071a0b8ad9fecc202,平滑操舵：Follow the Gap：目標が空き空間内 | target_deg=-19.359 | gap_min_deg=-60.0 | gap_max_deg=25.0,,207.9827167980472,49.467134089535946,43.16856552164629,151.45069005596977,78.05097931119573,0,73.2,40.83580813713127,2
73.25,496.11374876082806,415.47830976489286,76.93036381029901,24.80818936246374,-8.0,30.625,-25.0,413,408,375,435,30.625,NEUTRAL,program,sonic_drive_smooth.py,function,bc4a84a5f90dcb414fa9a95aff361c8d4412f04ffa11cdb071a0b8ad9fecc202,平滑操舵：Follow the Gap：目標が空き空間内 | target_deg=-19.359 | gap_min_deg=-60.0 | gap_max_deg=25.0,,216.97028780741886,49.937703368900365,42.6631279712584,150.56167956750403,78.54655898358887,0,73.25,40.664839134997464,2
73.3,497.32139584007,415.7521565165396,77.51691552684144,24.73873561368643,-8.0,30.625,-25.0,413,408,375,435,30.625,NEUTRAL,program,sonic_drive_smooth.py,function,bc4a84a5f90dcb414fa9a95aff361c8d4412f04ffa11cdb071a0b8ad9fecc202,平滑操舵：Follow the Gap：目標が空き空間内 | target_deg=-19.359 | gap_min_deg=-60.0 | gap_max_deg=25.0,,224.0314192096149,47.6273243119327,41.41270820213853,149.82967234520595,75.94921937290965,0,73.3,40.50812564496772,2
73.35,498.5288474778181,416.0130076687056,78.10204623523396,24.684934005465358,-8.0,30.625,-25.0,413,408,375,435,30.625,NEUTRAL,program,sonic_drive_smooth.py,function,bc4a84a5f90dcb414fa9a95aff361c8d4412f04ffa11cdb071a0b8ad9fecc202,平滑操舵：Follow the Gap：目標が空き空間内 | target_deg=-19.359 | gap_min_deg=-60.0 | gap_max_deg=25.0,,234.22531823893536,48.29283798343457,42.77138374569791,146.52286306089186,78.62164133871899,0,73.35,40.36545949429217,2
73.4,499.7366212781549,416.26105849036776,78.68607617476772,24.64325716154936,-8.0,30.625,-25.0,413,408,375,435,30.625,NEUTRAL,program,sonic_drive_smooth.py,function,bc4a84a5f90dcb414fa9a95aff361c8d4412f04ffa11cdb071a0b8ad9fecc202,平滑操舵：Follow the Gap：目標が空き空間内 | target_deg=-19.359 | gap_min_deg=-60.0 | gap_max_deg=25.0,,242.6043711489771,48.62646228789494,42.46397153613078,140.9712934668066,79.71358364378897,0,73.4,40.23668917812006,2
73.45,500.94509201514137,416.4964503319122,79.26925341540607,24.610972637420236,-8.0,30.625,-25.0,413,408,375,435,30.625,NEUTRAL,program,sonic_drive_smooth.py,function,bc4a84a5f90dcb414fa9a95aff361c8d4412f04ffa11cdb071a0b8ad9fecc202,平滑操舵：Follow the Gap：目標が空き空間内 | target_deg=-19.359 | gap_min_deg=-60.0 | gap_max_deg=25.0,,250.0,47.04808938411387,44.66871336110546,138.19453951106806,80.81823955342837,0,73.45,40.121705036627645,2
73.5,502.15452332982017,416.71928424201775,79.85177012190883,24.585963773976907,-8.0,30.625,-25.0,413,408,375,435,30.625,NEUTRAL,program,sonic_drive_smooth.py,function,bc4a84a5f90dcb414fa9a95aff361c8d4412f04ffa11cdb071a0b8ad9fecc202,平滑操舵：Follow the Gap：目標が空き空間内 | target_deg=-19.359 | gap_min_deg=-60.0 | gap_max_deg=25.0,,250.0,46.896873957603646,43.84183045295277,139.28723032711179,76.93873540364679,0,73.5,40.020428181006764,2
73.55,503.3650923998658,416.9296312425126,80.4337751526648,24.566590923746084,-8.0,30.625,-25.0,413,408,375,435,30.625,NEUTRAL,program,sonic_drive_smooth.py,function,bc4a84a5f90dcb414fa9a95aff361c8d4412f04ffa11cdb071a0b8ad9fecc202,平滑操舵：Follow the Gap：目標が空き空間内 | target_deg=-19.359 | gap_min_deg=-60.0 | gap_max_deg=25.0,,247.68070488466745,52.34807278638621,42.49586170593002,140.24119103537134,76.41955815169256,0,73.55,39.93280222442661,2
73.6,504.5769091364859,417.1275400794184,81.01538381924234,24.551583951241465,-8.0,30.625,-25.0,413,408,375,435,30.625,NEUTRAL,program,sonic_drive_smooth.py,function,bc4a84a5f90dcb414fa9a95aff361c8d4412f04ffa11cdb071a0b8ad9fecc202,平滑操舵：Follow the Gap：目標が空き空間内 | target_deg=-19.359 | gap_min_deg=-60.0 | gap_max_deg=25.0,,250.0,48.228991737692525,43.170064704576525,136.74656442628265,76.38047993471334,0,73.6,39.858787112042364,2
73.65,505.79003112051305,417.3130430678679,81.59668544652237,24.539958959509676,-8.0,30.625,-25.0,413,408,375,435,30.625,NEUTRAL,program,sonic_drive_smooth.py,function,bc4a84a5f90dcb414fa9a95aff361c8d4412f04ffa11cdb071a0b8ad9fecc202,平滑操舵：Follow the Gap：目標が空き空間内 | target_deg=-19.359 | gap_min_deg=-60.0 | gap_max_deg=25.0,,249.59515798766196,46.23726910525452,41.48984139265756,135.8090819855635,81.49048572700698,0,73.65,39.79835452156715,2
73.7,507.00447522206616,417.4861604974946,82.17774922907427,24.530953783234278,-8.0,30.625,-25.0,413,408,375,435,30.625,NEUTRAL,program,sonic_drive_smooth.py,function,bc4a84a5f90dcb414fa9a95aff361c8d4412f04ffa11cdb071a0b8ad9fecc202,平滑操舵：Follow the Gap：目標が空き空間内 | target_deg=-19.359 | gap_min_deg=-60.0 | gap_max_deg=25.0,,249.83955587209397,51.800632621374604,40.89834336807592,131.61595095838354,72.19088408088025,0,73.7,39.75148443853743,2
73.75,508.2202266394034,417.64690395089366,82.75862876773573,24.523978019154445,-8.0,30.625,-25.0,413,408,375,435,30.625,NEUTRAL,program,sonic_drive_smooth.py,function,bc4a84a5f90dcb414fa9a95aff361c8d4412f04ffa11cdb071a0b8ad9fecc202,平滑操舵：Follow the Gap：目標が空き空間内 | target_deg=-19.359 | gap_min_deg=-60.0 | gap_max_deg=25.0,,248.97498130686174,48.860335976644336,42.41168908154096,132.589498506091,78.00626493535349,0,73.75,39.71816260966392,2
73.8,509.43724592980595,417.7952788016551,83.3393655838259,24.518574317659958,-8.0,30.625,-25.0,413,408,375,435,30.625,NEUTRAL,program,sonic_drive_smooth.py,function,bc4a84a5f90dcb414fa9a95aff361c8d4412f04ffa11cdb071a0b8ad9fecc202,平滑操舵：Follow the Gap：目標が空き空間内 | target_deg=-19.359 | gap_min_deg=-60.0 | gap_max_deg=25.0,,249.70318344460048,47.07230443685721,39.209945555978244,126.25549960295484,77.02093126668585,0,73.8,39.698378652033625,2
73.85,510.66075975595385,417.93303125716477,83.79111911439554,24.694676901459452,-5.76,31.625,-18.0,414,416,375,435,31.625,NEUTRAL,program,sonic_drive_smooth.py,function,bc4a84a5f90dcb414fa9a95aff361c8d4412f04ffa11cdb071a0b8ad9fecc202,平滑操舵：Follow the Gap：目標が空き空間内 | target_deg=-14.154 | gap_min_deg=-60.0 | gap_max_deg=25.0,,248.99384391585062,53.63299612959813,40.051566588329656,125.94801034953866,77.42872834370162,0,73.85,39.661478343318265,2
73.9,511.88753127629815,418.0607708146713,84.34188359473097,24.650804392367572,-8.0,30.625,-25.0,413,408,375,435,30.625,NEUTRAL,program,sonic_drive_smooth.py,function,bc4a84a5f90dcb414fa9a95aff361c8d4412f04ffa11cdb071a0b8ad9fecc202,平滑操舵：Follow the Gap：目標が空き空間内 | target_deg=-19.359 | gap_min_deg=-60.0 | gap_max_deg=25.0,,249.71470607113096,46.85221373717305,37.81655333767778,125.52058124839643,77.56991465545474,0,73.9,39.657657475737324,2
73.95,513.1189562131635,418.17761094971416,84.79574635994078,24.797107523271848,-5.76,31.625,-18.0,414,416,375,435,31.625,NEUTRAL,program,sonic_drive_smooth.py,function,bc4a84a5f90dcb414fa9a95aff361c8d4412f04ffa11cdb071a0b8ad9fecc202,平滑操舵：Follow the Gap：目標が空き空間内 | target_deg=-14.154 | gap_min_deg=-60.0 | gap_max_deg=25.0,,248.3072415173846,51.30753076070571,42.46512955006337,123.22766831127814,80.31131946925089,0,73.95,39.64372117520247,2
74.0,514.3628361070561,418.28746582503106,85.08797695161263,25.09072819219799,-3.52,32.625,-11.0,415,423,375,435,32.625,NEUTRAL,program,sonic_drive_smooth.py,function,bc4a84a5f90dcb414fa9a95aff361c8d4412f04ffa11cdb071a0b8ad9fecc202,平滑操舵：Follow the Gap：目標が空き空間内 | target_deg=-8.743 | gap_min_deg=-60.0 | gap_max_deg=25.0,,247.04269102987604,53.195376114755234,42.130182553967416,120.34251203496552,73.77634783951585,0,74.0,39.60049672704787,2
74.05,515.6251755077186,418.3942731944241,85.21702154679559,25.498466826018408,-1.28,33.625,-4.0,417,430,375,435,33.625,NEUTRAL,program,sonic_drive_smooth.py,function,bc4a84a5f90dcb414fa9a95aff361c8d4412f04ffa11cdb071a0b8ad9fecc202,平滑操舵：Follow the Gap：目標が空き空間内 | target_deg=-3.197 | gap_min_deg=-60.0 | gap_max_deg=25.0,,247.74099907751102,51.804498822132075,37.21914584887998,125.7859123210645,79.84449156526938,0,74.05,39.52320486774448,2
74.1,516.9106362676486,418.5012772000591,85.2661172361469,25.994605728309764,-0.6470167448045082,34.625,-2.021927327514088,418,432,375,435,34.625,NEUTRAL,program,sonic_drive_smooth.py,function,bc4a84a5f90dcb414fa9a95aff361c8d4412f04ffa11cdb071a0b8ad9fecc202,平滑操舵：Follow the Gap：目標が空き空間内 | target_deg=-1.617 | gap_min_deg=-60.0 | gap_max_deg=25.0,,246.9351745558195,49.831544556801504,38.16907744104443,121.09943372956256,80.75809423284112,0,74.1,39.42744502941008,2
74.15,518.2176270437512,418.60892575394126,85.31695739483985,26.3815667699235,-0.6590161024020215,34.639600568998894,-2.059425320006317,418,432,375,435,34.639600568998894,NEUTRAL,program,sonic_drive_smooth.py,function,bc4a84a5f90dcb414fa9a95aff361c8d4412f04ffa11cdb071a0b8ad9fecc202,平滑操舵：Follow the Gap：目標が空き空間内 | target_deg=-1.647 | gap_min_deg=-60.0 | gap_max_deg=25.0,,246.64222973107775,52.270129675633264,38.59174729861893,120.3278879924977,80.64401798514925,0,74.15,39.33144877690148,2
74.2,519.5434198488944,418.715790740098,85.47821262763654,26.74629790170554,-2.2590161024020214,35.0,-7.0594253200063175,418,427,375,435,35.0,NEUTRAL,program,sonic_drive_smooth.py,function,bc4a84a5f90dcb414fa9a95aff361c8d4412f04ffa11cdb071a0b8ad9fecc202,平滑操舵：安全制御優先：仕切り壁予防：右壁の向き・離隔を保持 | target_deg=-5.632,,250.0,50.26032381336147,37.846623853413526,124.86109942445712,76.47636914948504,0,74.2,39.26160048402636,2
74.25,520.8852462868941,418.81899877075125,85.72818782901368,27.026958098120218,-3.2,34.989600568998895,-10.0,418,424,375,435,34.989600568998895,NEUTRAL,program,sonic_drive_smooth.py,function,bc4a84a5f90dcb414fa9a95aff361c8d4412f04ffa11cdb071a0b8ad9fecc202,平滑操舵：安全制御優先：仕切り壁予防：右壁の向き・離隔を保持 | target_deg=-7.957,,248.23550118333358,50.61248398929478,42.25973013947407,121.98864422241087,78.25711142612028,0,74.25,39.21594837712496,2
74.3,522.2368139746492,418.91692697434655,85.98353325842538,27.151591969352566,-3.2,34.475,-10.0,418,424,375,435,34.475,NEUTRAL,program,sonic_drive_smooth.py,function,bc4a84a5f90dcb414fa9a95aff361c8d4412f04ffa11cdb071a0b8ad9fecc202,平滑操舵：安全制御優先：仕切り壁予防：右壁の向き・離隔を保持 | target_deg=-7.957,,250.0,51.45044542717675,39.11475134404049,120.20094781482949,78.6414336230586,0,74.3,39.17702903955802,2
74.35,523.5941765267255,419.0091838935405,86.23989309818421,27.248138272887847,-3.2,34.475,-10.0,418,424,375,435,34.475,NEUTRAL,program,sonic_drive_smooth.py,function,bc4a84a5f90dcb414fa9a95aff361c8d4412f04ffa11cdb071a0b8ad9fecc202,平滑操舵：安全制御優先：仕切り壁予防：右壁の向き・離隔を保持 | target_deg=-7.957,,248.7523611646752,52.57887571969252,43.367904872920754,121.19949912847538,79.42294445332774,0,74.35,39.14423431020822,2
74.4,524.9561007175625,419.0956214609783,86.49703874013557,27.32292684066771,-3.2,34.475,-10.0,418,424,375,435,34.475,NEUTRAL,program,sonic_drive_smooth.py,function,bc4a84a5f90dcb414fa9a95aff361c8d4412f04ffa11cdb071a0b8ad9fecc202,平滑操舵：安全制御優先：仕切り壁予防：右壁の向き・離隔を保持 | target_deg=-7.957,,246.87502477530305,52.297900284318246,36.51742978232359,120.39450270731892,80.27281075316147,0,74.4,39.11766034527636,2
74.45,526.321624371344,419.1761286999496,86.75479309540253,27.380861009721823,-3.2,34.475,-10.0,418,424,375,435,34.475,NEUTRAL,program,sonic_drive_smooth.py,function,bc4a84a5f90dcb414fa9a95aff361c8d4412f04ffa11cdb071a0b8ad9fecc202,平滑操舵：安全制御優先：仕切り壁予防：右壁の向き・離隔を保持 | target_deg=-7.957,,246.95914100263676,54.582471716714736,38.57518130037708,118.18672578679606,77.61721259046715,0,74.45,39.09737747029311,2
74.5,527.6899953964394,419.2506225241674,87.01301898396912,27.425739097959458,-3.2,34.475,-10.0,418,424,375,435,34.475,NEUTRAL,program,sonic_drive_smooth.py,function,bc4a84a5f90dcb414fa9a95aff361c8d4412f04ffa11cdb071a0b8ad9fecc202,平滑操舵：安全制御優先：仕切り壁予防：右壁の向き・離隔を保持 | target_deg=-7.957,,247.5725797997501,50.763268784595155,40.747094343676544,117.42495839960908,81.03288226376583,0,74.5,39.08343687590889,2
74.55,529.0606245307868,419.3190407923449,87.271610140794,27.460503431974217,-3.2,34.475,-10.0,418,424,375,435,34.475,NEUTRAL,program,sonic_drive_smooth.py,function,bc4a84a5f90dcb414fa9a95aff361c8d4412f04ffa11cdb071a0b8ad9fecc202,平滑操舵：安全制御優先：仕切り壁予防：右壁の向き・離隔を保持 | target_deg=-7.957,,249.35721001607126,53.22401716696125,39.14787376634857,114.67841244769924,80.97679384510212,0,74.55,39.075875616017015,2
74.6,530.4330487146763,419.381337074361,87.53048424879245,27.48743325378593,-3.2,34.475,-10.0,418,424,375,435,34.475,NEUTRAL,program,sonic_drive_smooth.py,function,bc4a84a5f90dcb414fa9a95aff361c8d4412f04ffa11cdb071a0b8ad9fecc202,平滑操舵：安全制御優先：仕切り壁予防：右壁の向き・離隔を保持 | target_deg=-7.957,,250.0,52.33947855899824,39.97124193306447,120.046646653109,78.80451028229562,0,74.6,39.07472032730857,2
74.65,531.8069027010251,419.43747671381857,87.78957754190981,27.508294153997703,-3.2,34.475,-10.0,418,424,375,435,34.475,NEUTRAL,program,sonic_drive_smooth.py,function,bc4a84a5f90dcb414fa9a95aff361c8d4412f04ffa11cdb071a0b8ad9fecc202,平滑操舵：安全制御優先：仕切り壁予防：右壁の向き・離隔を保持 | target_deg=-7.957,,250.0,56.21065390882424,36.60195225367261,121.02848003834227,79.47582427479803,0,74.65,39.079989989074875,2
74.7,533.1818970507486,419.48743387061774,88.04884062444972,27.52445382860261,-3.2,34.475,-10.0,418,424,375,435,34.475,NEUTRAL,program,sonic_drive_smooth.py,function,bc4a84a5f90dcb414fa9a95aff361c8d4412f04ffa11cdb071a0b8ad9fecc202,平滑操舵：安全制御優先：仕切り壁予防：右壁の向き・離隔を保持 | target_deg=-7.957,,250.0,52.24892386181914,38.23173495673937,117.77457769518216,78.15829221374074,0,74.7,39.09169796474953,2
74.75,534.5578010773919,419.5311893030873,88.30823523256095,27.536971748763563,-3.2,34.475,-10.0,418,424,375,435,34.475,NEUTRAL,program,sonic_drive_smooth.py,function,bc4a84a5f90dcb414fa9a95aff361c8d4412f04ffa11cdb071a0b8ad9fecc202,平滑操舵：安全制御優先：仕切り壁予防：右壁の向き・離隔を保持 | target_deg=-7.957,,250.0,49.81639375957678,36.87723671892098,114.70193465032766,80.3375299889444,0,74.75,39.10985350744636,2
74.8,535.9344296280551,419.56872870731564,88.56773172555802,27.54666862255509,-3.2,34.475,-10.0,418,424,375,435,34.475,NEUTRAL,program,sonic_drive_smooth.py,function,bc4a84a5f90dcb414fa9a95aff361c8d4412f04ffa11cdb071a0b8ad9fecc202,平滑操舵：安全制御優先：仕切り壁予防：右壁の向き・離隔を保持 | target_deg=-7.957,,248.86167376931314,56.80931839378062,38.101944670853925,114.82842411482422,76.11686366630063,0,74.8,39.13446286660496,2
74.85,537.3116328378984,419.6000414756534,88.82730714259878,27.55418020276329,-3.2,34.475,-10.0,418,424,375,435,34.475,NEUTRAL,program,sonic_drive_smooth.py,function,bc4a84a5f90dcb414fa9a95aff361c8d4412f04ffa11cdb071a0b8ad9fecc202,平滑操舵：安全制御優先：仕切り壁予防：右壁の向き・離隔を保持 | target_deg=-7.957,,248.8539032694877,53.095525101157676,41.28291512085774,116.62489541175131,74.6307558725656,0,74.85,39.16553009859058,2
74.9,538.6892881894969,419.62511977008506,89.0869436973112,27.55999896852608,-3.2,34.475,-10.0,418,424,375,435,34.475,NEUTRAL,program,sonic_drive_smooth.py,function,bc4a84a5f90dcb414fa9a95aff361c8d4412f04ffa11cdb071a0b8ad9fecc202,平滑操舵：安全制御優先：仕切り壁予防：右壁の向き・離隔を保持 | target_deg=-7.957,,250.0,54.23341609272197,42.109118928115336,115.20699998622537,79.26280805842349,0,74.9,39.20305765819012,2
74.95,540.0672943586809,419.64395783177895,89.34662761167101,27.564506413572758,-3.2,34.475,-10.0,418,424,375,435,34.475,NEUTRAL,program,sonic_drive_smooth.py,function,bc4a84a5f90dcb414fa9a95aff361c8d4412f04ffa11cdb071a0b8ad9fecc202,平滑操舵：安全制御優先：仕切り壁予防：右壁の向き・離隔を保持 | target_deg=-7.957,,250.0,53.71793163793233,42.11020725323893,111.4152558609133,78.07337682624141,0,74.95,39.2470468284165,2
75.0,541.445566445058,419.6565514675342,89.60634821267826,27.567998057965593,-3.2,34.475,-10.0,418,424,375,435,34.475,NEUTRAL,program,sonic_drive_smooth.py,function,bc4a84a5f90dcb414fa9a95aff361c8d4412f04ffa11cdb071a0b8ad9fecc202,平滑操舵：安全制御優先：仕切り壁予防：右壁の向き・離隔を保持 | target_deg=-7.957,,247.94658951241942,52.38159308475047,40.232898698774854,110.9748583105636,75.15971392678517,0,75.0,39.2974980313532,2
75.05,542.8240322757647,419.6628976685237,89.86609723260693,27.57070282317953,-3.2,34.475,-10.0,418,424,375,435,34.475,NEUTRAL,program,sonic_drive_smooth.py,function,bc4a84a5f90dcb414fa9a95aff361c8d4412f04ffa11cdb071a0b8ad9fecc202,平滑操舵：安全制御優先：仕切り壁予防：右壁の向き・離隔を保持 | target_deg=-7.957,,247.65190716812083,57.883623370418604,39.467576660509,111.47108851613568,77.53606427224507,0,75.05,39.35441105176511,2
75.1,544.202629541035,419.6629943278279,90.12586826695116,27.572798040801793,-3.2,34.475,-10.0,418,424,375,435,34.475,NEUTRAL,program,sonic_drive_smooth.py,function,bc4a84a5f90dcb414fa9a95aff361c8d4412f04ffa11cdb071a0b8ad9fecc202,平滑操舵：安全制御優先：仕切り壁予防：右壁の向き・離隔を保持 | target_deg=-7.957,,250.0,56.790563017501114,42.19522371631569,109.30701569262861,75.80929260453624,0,75.1,39.35627440734663,2
75.15,545.5813035744634,419.6568400316187,90.3856563545283,27.574421078861437,-3.2,34.475,-10.0,418,424,375,435,34.475,NEUTRAL,program,sonic_drive_smooth.py,function,bc4a84a5f90dcb414fa9a95aff361c8d4412f04ffa11cdb071a0b8ad9fecc202,平滑操舵：安全制御優先：仕切り壁予防：右壁の向き・離隔を保持 | target_deg=-7.957,,249.02424022182532,57.06540907610166,42.887612181380874,110.84748195329485,78.0919639069098,0,75.15,39.29915358473289,2
75.2,546.9600056329289,419.6444339051599,90.64545765221101,27.57567834804201,-3.2,34.475,-10.0,418,424,375,435,34.475,NEUTRAL,program,sonic_drive_smooth.py,function,bc4a84a5f90dcb414fa9a95aff361c8d4412f04ffa11cdb071a0b8ad9fecc202,平滑操舵：安全制御優先：仕切り壁予防：右壁の向き・離隔を保持 | target_deg=-7.957,,250.0,52.24137654996451,38.9621225369058,110.39110610505574,79.03602312967932,0,75.2,39.24848890883203,2
75.25,548.3386915637599,419.62577549953005,90.90526918296155,27.576652278248403,-3.2,34.475,-10.0,418,424,375,435,34.475,NEUTRAL,program,sonic_drive_smooth.py,function,bc4a84a5f90dcb414fa9a95aff361c8d4412f04ffa11cdb071a0b8ad9fecc202,平滑操舵：安全制御優先：仕切り壁予防：右壁の向き・離隔を保持 | target_deg=-7.957,,250.0,56.257131129847274,38.69350798379069,109.71216947473259,78.34408459189719,0,75.25,39.20428287622627,2
75.3,549.7173207720126,419.6008647085404,91.1650886406494,27.577406722930245,-3.2,34.475,-10.0,418,424,375,435,34.475,NEUTRAL,program,sonic_drive_smooth.py,function,bc4a84a5f90dcb414fa9a95aff361c8d4412f04ffa11cdb071a0b8ad9fecc202,平滑操舵：安全制御優先：仕切り壁予防：右壁の向き・離隔を保持 | target_deg=-7.957,,250.0,55.62767440547089,40.07337713024126,112.94016978293011,79.47598386262392,0,75.3,39.16653746568676,2
75.35,551.0958554203335,419.56970170799366,91.42491423885497,27.57799114548355,-3.2,34.475,-10.0,418,424,375,435,34.475,NEUTRAL,program,sonic_drive_smooth.py,function,bc4a84a5f90dcb414fa9a95aff361c8d4412f04ffa11cdb071a0b8ad9fecc202,平滑操舵：安全制御優先：仕切り壁予防：右壁の向き・離隔を保持 | target_deg=-7.957,,250.0,61.14367612059452,39.386786343342514,106.76182494657921,77.72305792756354,0,75.35,39.135254237753315,2
75.4,552.4742598090643,419.5322869114352,91.68474459374727,27.578443862202256,-3.2,34.475,-10.0,418,424,375,435,34.475,NEUTRAL,program,sonic_drive_smooth.py,function,bc4a84a5f90dcb414fa9a95aff361c8d4412f04ffa11cdb071a0b8ad9fecc202,平滑操舵：安全制御優先：仕切り壁予防：右壁の向き・離隔を保持 | target_deg=-7.957,,250.0,58.83244873720898,41.16266169239589,109.28394717622946,80.71963561658598,0,75.4,39.11043440897947,2
75.45,553.8524998960285,419.48862093804763,91.94457863335646,27.578794554396186,-3.2,34.475,-10.0,418,424,375,435,34.475,NEUTRAL,program,sonic_drive_smooth.py,function,bc4a84a5f90dcb414fa9a95aff361c8d4412f04ffa11cdb071a0b8ad9fecc202,平滑操舵：安全制御優先：仕切り壁予防：右壁の向き・離隔を保持 | target_deg=-7.957,,250.0,59.13761376490895,37.84110208416193,109.03132050456223,77.35289096400065,0,75.45,39.092078907204154,2
75.5,555.230542924562,419.4387045894629,92.20441552729238,27.579066214376475,-3.2,34.475,-10.0,418,424,375,435,34.475,NEUTRAL,program,sonic_drive_smooth.py,function,bc4a84a5f90dcb414fa9a95aff361c8d4412f04ffa11cdb071a0b8ad9fecc202,平滑操舵：安全制御優先：仕切り壁予防：右壁の向き・離隔を保持 | target_deg=-7.957,,250.0,58.2211437503673,39.70772424939356,105.27442023802506,78.2032071356593,0,75.5,39.08018841262856,2
75.55,556.6083571354238,419.38253883310097,92.46425463230207,27.579276652892553,-3.2,34.475,-10.0,418,424,375,435,34.475,NEUTRAL,program,sonic_drive_smooth.py,function,bc4a84a5f90dcb414fa9a95aff361c8d4412f04ffa11cdb071a0b8ad9fecc202,平滑操舵：安全制御優先：仕切り壁予防：右壁の向き・離隔を保持 | target_deg=-7.957,,250.0,57.37670092509698,43.567737729940085,104.03516632056878,77.34440857438553,0,75.55,39.07476338828968,2
75.6,557.985946857746,419.32089750826395,92.65780274271657,27.579439666852146,-2.354961619837931,34.475,-7.359255061993535,418,427,375,435,34.475,NEUTRAL,program,sonic_drive_smooth.py,function,bc4a84a5f90dcb414fa9a95aff361c8d4412f04ffa11cdb071a0b8ad9fecc202,平滑操舵：安全制御優先：仕切り壁予防：右壁の向き・離隔を保持 | target_deg=-5.870,,250.0,61.83575635658054,39.930505720027206,101.73793609067741,78.91233432880956,0,75.6,39.090668677896986,2
75.65,559.3658647818227,419.2549775950162,92.8121800965045,27.662882735760807,-1.89900052735658,34.93713036415113,-5.934376647989312,418,428,375,435,34.93713036415113,NEUTRAL,program,sonic_drive_smooth.py,function,bc4a84a5f90dcb414fa9a95aff361c8d4412f04ffa11cdb071a0b8ad9fecc202,平滑操舵：安全制御優先：仕切り壁予防：右壁の向き・離隔を保持 | target_deg=-4.738,,250.0,62.7185065629192,39.46025425525207,101.65343443525293,78.37962074239877,0,75.65,39.12019573589936,2
75.7,560.7495235767336,419.1847876811092,92.99581472460522,27.73885569469678,-2.2521250223660605,35.0,-7.037890694893939,418,427,375,435,35.0,NEUTRAL,program,sonic_drive_smooth.py,function,bc4a84a5f90dcb414fa9a95aff361c8d4412f04ffa11cdb071a0b8ad9fecc202,平滑操舵：安全制御優先：仕切り壁予防：右壁の向き・離隔を保持 | target_deg=-5.615,,243.74978401389737,58.51382660962228,41.52320249028243,103.65466557635361,77.480860823552,0,75.7,39.147196636966726,2
75.75,562.1362451631476,419.1109900383565,93.09097019632657,27.796511869850015,-1.0806368884954236,34.99336912839356,-3.3769902765481987,418,431,375,435,34.99336912839356,NEUTRAL,program,sonic_drive_smooth.py,function,bc4a84a5f90dcb414fa9a95aff361c8d4412f04ffa11cdb071a0b8ad9fecc202,平滑操舵：安全制御優先：仕切り壁予防：右壁の向き・離隔を保持 | target_deg=-2.700,,250.0,54.997585159745505,38.533021711345825,99.41779044079428,79.75298002757323,0,75.75,39.19865795047332,2
75.8,563.5253477769602,419.03444041629507,93.21747456752212,27.84237008298761,-1.5454546349910379,35.0,-4.829545734346993,418,429,375,435,35.0,NEUTRAL,program,sonic_drive_smooth.py,function,bc4a84a5f90dcb414fa9a95aff361c8d4412f04ffa11cdb071a0b8ad9fecc202,平滑操舵：安全制御優先：仕切り壁予防：右壁の向き・離隔を保持 | target_deg=-3.859,,250.0,60.94850040698336,40.56648055558121,103.83183244920998,78.88432398791312,0,75.8,39.24555843741098,2
75.85,564.9163249796802,418.9559263817255,93.23236865871138,27.87789366033774,0.0,35.0,0.0,418,435,375,435,35.0,NEUTRAL,program,sonic_drive_smooth.py,function,bc4a84a5f90dcb414fa9a95aff361c8d4412f04ffa11cdb071a0b8ad9fecc202,平滑操舵：Follow the Gap：目標が空き空間内 | target_deg=0.000 | gap_min_deg=-60.0 | gap_max_deg=25.0,,250.0,60.84188951772695,42.034115469544915,248.09743551168938,76.2541041487745,0,75.85,39.320585159658606,2
75.9,566.3088317914174,418.87728399791246,93.23236865871138,27.9054116219287,0.0,35.0,0.0,418,435,375,435,35.0,NEUTRAL,program,sonic_drive_smooth.py,function,bc4a84a5f90dcb414fa9a95aff361c8d4412f04ffa11cdb071a0b8ad9fecc202,平滑操舵：Follow the Gap：目標が空き空間内 | target_deg=0.000 | gap_min_deg=-60.0 | gap_max_deg=25.0,,249.76287450404251,60.40302933745432,35.76092938666336,248.60388538583732,79.46847963613466,0,75.9,39.399227543471625,2
75.95,567.7025253263057,418.7985745934308,93.23236865871138,27.926728118368747,0.0,35.0,0.0,418,435,375,435,35.0,NEUTRAL,program,sonic_drive_smooth.py,function,bc4a84a5f90dcb414fa9a95aff361c8d4412f04ffa11cdb071a0b8ad9fecc202,平滑操舵：Follow the Gap：目標が空き空間内 | target_deg=0.000 | gap_min_deg=-60.0 | gap_max_deg=25.0,,249.20416249728672,60.56146145236352,38.49116415913024,248.15345709582445,76.45947482414086,0,75.95,39.47793694795325,2
76.0,569.0971381436683,418.71981327210074,93.23236865871138,27.943240715749056,0.0,35.0,0.0,418,435,375,435,35.0,NEUTRAL,program,sonic_drive_smooth.py,function,bc4a84a5f90dcb414fa9a95aff361c8d4412f04ffa11cdb071a0b8ad9fecc202,平滑操舵：Follow the Gap：目標が空き空間内 | target_deg=0.000 | gap_min_deg=-60.0 | gap_max_deg=25.0,,249.3551698189712,58.049905243598936,39.56968542880627,249.78183827018927,75.62742964635491,0,76.0,39.556698269283345,2
76.05,570.492463073428,418.6410117339358,93.23236865871138,27.956032023786527,0.0,35.0,0.0,418,435,375,435,35.0,NEUTRAL,program,sonic_drive_smooth.py,function,bc4a84a5f90dcb414fa9a95aff361c8d4412f04ffa11cdb071a0b8ad9fecc202,平滑操舵：Follow the Gap：目標が空き空間内 | target_deg=0.000 | gap_min_deg=-60.0 | gap_max_deg=30.0,,250.0,63.216738209356286,41.90314112185606,250.0,79.49119650851948,0,76.05,39.6354998074483,2
76.1,571.8883396334867,418.5621790422273,93.23236865871138,27.96594067459058,0.0,35.0,0.0,418,435,375,435,35.0,NEUTRAL,program,sonic_drive_smooth.py,function,bc4a84a5f90dcb414fa9a95aff361c8d4412f04ffa11cdb071a0b8ad9fecc202,平滑操舵：Follow the Gap：目標が空き空間内 | target_deg=0.000 | gap_min_deg=-60.0 | gap_max_deg=30.0,,247.56875363839157,62.34620281680978,42.68275293585071,249.4610900830804,75.95381802162525,0,76.1,39.7143324991568,2
76.15,573.2846435080927,418.48332221775735,93.23236865871138,27.97361630561042,0.0,35.0,0.0,418,435,375,435,35.0,NEUTRAL,program,sonic_drive_smooth.py,function,bc4a84a5f90dcb414fa9a95aff361c8d4412f04ffa11cdb071a0b8ad9fecc202,平滑操舵：Follow the Gap：目標が空き空間内 | target_deg=0.000 | gap_min_deg=-60.0 | gap_max_deg=30.0,,250.0,62.275974742591806,42.57575427805482,250.0,77.17265345182392,0,76.15,39.793189323626734,2
76.2,574.6812783973706,418.40444669910033,93.23236865871138,27.979562151590635,0.0,35.0,0.0,418,435,375,435,35.0,NEUTRAL,program,sonic_drive_smooth.py,function,bc4a84a5f90dcb414fa9a95aff361c8d4412f04ffa11cdb071a0b8ad9fecc202,平滑操舵：Follow the Gap：目標が空き空間内 | target_deg=0.000 | gap_min_deg=-60.0 | gap_max_deg=30.0,,246.5106101324574,62.678702259638804,41.18206296923985,247.54046930504725,76.72611473697758,0,76.2,39.87206484228375,2
76.25,576.0781697036457,418.32555669919003,93.23236865871138,27.98416803797693,0.0,35.0,0.0,418,435,375,435,35.0,NEUTRAL,program,sonic_drive_smooth.py,function,bc4a84a5f90dcb414fa9a95aff361c8d4412f04ffa11cdb071a0b8ad9fecc202,平滑操舵：Follow the Gap：目標が空き空間内 | target_deg=0.000 | gap_min_deg=-60.0 | gap_max_deg=30.0,,250.0,61.85954567036144,42.480419723791904,250.0,77.16492501525639,0,76.25,39.95095484219405,2
76.3,577.4752596406221,418.2466554815308,93.23236865871138,27.9877359389071,0.0,35.0,0.0,418,435,375,435,35.0,NEUTRAL,program,sonic_drive_smooth.py,function,bc4a84a5f90dcb414fa9a95aff361c8d4412f04ffa11cdb071a0b8ad9fecc202,平滑操舵：Follow the Gap：目標が空き空間内 | target_deg=0.000 | gap_min_deg=-60.0 | gap_max_deg=30.0,,246.06408479168985,63.12438920351307,41.231119251621124,250.0,78.28565074348653,0,76.3,40.02985605985327,2
76.35,578.8725034447598,418.1677455741615,93.23236865871138,27.990499775437105,0.0,35.0,0.0,418,435,375,435,35.0,NEUTRAL,program,sonic_drive_smooth.py,function,bc4a84a5f90dcb414fa9a95aff361c8d4412f04ffa11cdb071a0b8ad9fecc202,平滑操舵：Follow the Gap：目標が空き空間内 | target_deg=0.000 | gap_min_deg=-60.0 | gap_max_deg=30.0,,249.91074331486897,63.64370830122391,36.60277411055678,250.0,73.66249916097512,0,76.35,40.10876596722261,2
76.4,580.2698664404583,418.08882893540067,93.23236865871138,27.992640752026446,0.0,35.0,0.0,418,435,375,435,35.0,NEUTRAL,program,sonic_drive_smooth.py,function,bc4a84a5f90dcb414fa9a95aff361c8d4412f04ffa11cdb071a0b8ad9fecc202,平滑操舵：Follow the Gap：目標が空き空間内 | target_deg=0.000 | gap_min_deg=-60.0 | gap_max_deg=25.0,,250.0,59.49719144782383,41.16602492630132,249.9669721477774,76.8925495939428,0,76.4,40.18768260598341,2
76.45,581.6673217666324,418.00990708223907,93.23236865871138,27.99429923678354,0.0,35.0,0.0,418,435,375,435,35.0,NEUTRAL,program,sonic_drive_smooth.py,function,bc4a84a5f90dcb414fa9a95aff361c8d4412f04ffa11cdb071a0b8ad9fecc202,平滑操舵：Follow the Gap：目標が空き空間内 | target_deg=0.000 | gap_min_deg=-60.0 | gap_max_deg=30.0,,249.14610941967095,63.52054780286668,37.92033782122441,250.0,76.7722463593519,0,76.45,40.266604459145015,2
76.5,583.0648486156282,417.93098118979725,93.23236865871138,27.995583964371505,0.0,35.0,0.0,418,435,375,435,35.0,NEUTRAL,program,sonic_drive_smooth.py,function,bc4a84a5f90dcb414fa9a95aff361c8d4412f04ffa11cdb071a0b8ad9fecc202,平滑操舵：Follow the Gap：目標が空き空間内 | target_deg=0.000 | gap_min_deg=-60.0 | gap_max_deg=25.0,,248.88104104089325,60.67306222447478,41.32011189188388,250.0,77.73068406418977,0,76.5,40.34553035158683,2
76.55,584.4624308690173,417.85205216837,93.23236865871138,27.996579164941313,0.0,35.0,0.0,418,435,375,435,35.0,NEUTRAL,program,sonic_drive_smooth.py,function,bc4a84a5f90dcb414fa9a95aff361c8d4412f04ffa11cdb071a0b8ad9fecc202,平滑操舵：Follow the Gap：目標が空き空間内 | target_deg=0.000 | gap_min_deg=-60.0 | gap_max_deg=30.0,,245.59077244904068,66.2553682013123,42.428229476605765,249.29431962512214,73.5542297983386,0,76.55,40.42445937301409,2
76.6,585.8600560408311,417.7731207231074,93.23236865871138,27.99735008648408,0.0,35.0,0.0,418,435,375,435,35.0,NEUTRAL,program,sonic_drive_smooth.py,function,bc4a84a5f90dcb414fa9a95aff361c8d4412f04ffa11cdb071a0b8ad9fecc202,平滑操舵：Follow the Gap：目標が空き空間内 | target_deg=0.000 | gap_min_deg=-60.0 | gap_max_deg=30.0,,246.00409214250317,63.19218962168109,41.45346953560198,249.77373146571492,75.97044770760715,0,76.6,40.50339081827667,2
76.65,587.2577144589461,417.6941874002465,93.23236865871138,27.997947272662554,0.0,35.0,0.0,418,435,375,435,35.0,NEUTRAL,program,sonic_drive_smooth.py,function,bc4a84a5f90dcb414fa9a95aff361c8d4412f04ffa11cdb071a0b8ad9fecc202,平滑操舵：Follow the Gap：目標が空き空間内 | target_deg=0.000 | gap_min_deg=-60.0 | gap_max_deg=30.0,,250.0,62.6044612091568,39.85915576732268,250.0,76.84355984542647,0,76.65,40.582324141137576,2
76.7,588.655398630955,417.61525262292406,93.23236865871138,27.998409876587832,0.0,35.0,0.0,418,435,375,435,35.0,NEUTRAL,program,sonic_drive_smooth.py,function,bc4a84a5f90dcb414fa9a95aff361c8d4412f04ffa11cdb071a0b8ad9fecc202,平滑操舵：Follow the Gap：目標が空き空間内 | target_deg=0.000 | gap_min_deg=-60.0 | gap_max_deg=30.0,,250.0,64.4214058813873,38.43945701187231,250.0,76.38116689793334,0,76.7,40.66125891846002,2
76.75,590.053102752944,417.53631671891844,93.23236865871138,27.99876822780122,0.0,35.0,0.0,418,435,375,435,35.0,NEUTRAL,program,sonic_drive_smooth.py,function,bc4a84a5f90dcb414fa9a95aff361c8d4412f04ffa11cdb071a0b8ad9fecc202,平滑操舵：Follow the Gap：目標が空き空間内 | target_deg=0.000 | gap_min_deg=-60.0 | gap_max_deg=30.0,,250.0,63.21349047010143,35.882593771721446,248.12103753165687,77.78553685787548,0,76.75,40.74019482246564,2
76.8,591.4508223289732,417.4573799421397,93.23236865871138,27.99904582075953,0.0,35.0,0.0,418,435,375,435,35.0,NEUTRAL,program,sonic_drive_smooth.py,function,bc4a84a5f90dcb414fa9a95aff361c8d4412f04ffa11cdb071a0b8ad9fecc202,平滑操舵：Follow the Gap：目標が空き空間内 | target_deg=0.000 | gap_min_deg=-60.0 | gap_max_deg=25.0,,245.7069904523412,60.70231252477627,44.328917355341886,247.9268520091611,76.2758668973312,0,76.8,40.81913159924437,2
76.85,592.8485538763102,417.3784424892765,93.23236865871138,27.999260855193967,0.0,35.0,0.0,418,435,375,435,35.0,NEUTRAL,program,sonic_drive_smooth.py,function,bc4a84a5f90dcb414fa9a95aff361c8d4412f04ffa11cdb071a0b8ad9fecc202,平滑操舵：Follow the Gap：目標が空き空間内 | target_deg=0.000 | gap_min_deg=-60.0 | gap_max_deg=30.0,,249.21545612983678,61.757438793289886,44.90186520421495,250.0,79.57582874445212,0,76.85,40.89806905210759,2
76.9,594.2462946970935,417.29950451269167,93.23236865871138,27.99942742933286,0.0,35.0,0.0,418,435,375,435,35.0,NEUTRAL,program,sonic_drive_smooth.py,function,bc4a84a5f90dcb414fa9a95aff361c8d4412f04ffa11cdb071a0b8ad9fecc202,平滑操舵：Follow the Gap：目標が空き空間内 | target_deg=0.000 | gap_min_deg=-60.0 | gap_max_deg=25.0,,250.0,58.91002249607154,40.5284939332918,249.8106541432608,71.23761805996851,0,76.9,40.97700702869241,2
76.95,595.6440427014535,417.22056613041144,93.23236865871138,27.999556464218934,0.0,35.0,0.0,418,435,375,435,35.0,NEUTRAL,program,sonic_drive_smooth.py,function,bc4a84a5f90dcb414fa9a95aff361c8d4412f04ffa11cdb071a0b8ad9fecc202,平滑操舵：Follow the Gap：目標が空き空間内 | target_deg=0.000 | gap_min_deg=-60.0 | gap_max_deg=30.0,,250.0,65.30844452340575,41.2777409526088,250.0,77.60241369280723,0,76.95,41.05594541097264,2
77.0,597.0417962704948,417.1416274338636,93.23236865871138,27.99965641972183,0.0,35.0,0.0,418,435,375,435,35.0,NEUTRAL,program,sonic_drive_smooth.py,function,bc4a84a5f90dcb414fa9a95aff361c8d4412f04ffa11cdb071a0b8ad9fecc202,平滑操舵：Follow the Gap：目標が空き空間内 | target_deg=0.000 | gap_min_deg=-60.0 | gap_max_deg=30.0,,250.0,65.21712700630306,42.301645002195706,250.0,77.48727240196914,0,77.0,41.13488410752046,2
77.05,598.4395541501574,417.0626884938717,93.23236865871138,27.999733849189653,0.0,35.0,0.0,418,435,375,435,35.0,NEUTRAL,program,sonic_drive_smooth.py,function,bc4a84a5f90dcb414fa9a95aff361c8d4412f04ffa11cdb071a0b8ad9fecc202,平滑操舵：Follow the Gap：目標が空き空間内 | target_deg=0.000 | gap_min_deg=-60.0 | gap_max_deg=30.0,,249.0820123515761,65.03374436358042,43.278610032879996,247.76501321699263,74.28785095183594,0,77.05,41.21382304751239,2
77.1,599.8373153689969,416.9837493652984,93.23236865871138,27.999793829103854,0.0,35.0,0.0,418,435,375,435,35.0,NEUTRAL,program,sonic_drive_smooth.py,function,bc4a84a5f90dcb414fa9a95aff361c8d4412f04ffa11cdb071a0b8ad9fecc202,平滑操舵：Follow the Gap：目標が空き空間内 | target_deg=0.000 | gap_min_deg=-60.0 | gap_max_deg=30.0,,249.25788143460343,64.97163943578863,47.09539625885189,250.0,79.25440126361119,0,77.1,41.29276217608566,2
77.15,601.2350791744941,416.9048100906426,93.23236865871138,27.99984029190682,0.0,35.0,0.0,418,435,375,435,35.0,NEUTRAL,program,sonic_drive_smooth.py,function,bc4a84a5f90dcb414fa9a95aff361c8d4412f04ffa11cdb071a0b8ad9fecc202,平滑操舵：Follow the Gap：目標が空き空間内 | target_deg=0.000 | gap_min_deg=-60.0 | gap_max_deg=30.0,,250.0,65.1601040360249,41.24213000010662,250.0,75.32344257674437,0,77.15,41.371701450741455,2
77.2,602.6328449837185,416.82587070282557,93.23236865871138,27.99987628382326,0.0,35.0,0.0,418,435,375,435,35.0,NEUTRAL,program,sonic_drive_smooth.py,function,bc4a84a5f90dcb414fa9a95aff361c8d4412f04ffa11cdb071a0b8ad9fecc202,平滑操舵：Follow the Gap：目標が空き空間内 | target_deg=0.000 | gap_min_deg=-60.0 | gap_max_deg=30.0,,249.5516994496235,66.38072040940544,39.56924823784146,247.2120924870802,76.28098518415395,0,77.2,41.45064083855851,2
77.25,604.0306123451088,416.74693122734925,93.23236865871138,27.999904164578748,0.0,35.0,0.0,418,435,375,435,35.0,NEUTRAL,program,sonic_drive_smooth.py,function,bc4a84a5f90dcb414fa9a95aff361c8d4412f04ffa11cdb071a0b8ad9fecc202,平滑操舵：Follow the Gap：目標が空き空間内 | target_deg=0.000 | gap_min_deg=-60.0 | gap_max_deg=30.0,,250.0,63.14999977376982,46.56493724804429,250.0,76.39311170165034,0,77.25,41.52958031403483,2
77.3,605.4283809088678,416.6679916839687,93.23236865871138,27.999925762109626,0.0,35.0,0.0,418,435,375,435,35.0,NEUTRAL,program,sonic_drive_smooth.py,function,bc4a84a5f90dcb414fa9a95aff361c8d4412f04ffa11cdb071a0b8ad9fecc202,平滑操舵：Follow the Gap：目標が空き空間内 | target_deg=0.000 | gap_min_deg=-60.0 | gap_max_deg=30.0,,250.0,65.38455796649437,44.22058586902688,249.13627884947252,75.63574236217502,0,77.3,41.56878960204031,2
77.35,606.826150404029,416.5890520879869,93.23236865871138,27.999942492407346,0.0,35.0,0.0,418,435,375,435,35.0,NEUTRAL,program,sonic_drive_smooth.py,function,bc4a84a5f90dcb414fa9a95aff361c8d4412f04ffa11cdb071a0b8ad9fecc202,平滑操舵：Follow the Gap：目標が空き空間内 | target_deg=0.000 | gap_min_deg=-60.0 | gap_max_deg=30.0,,248.2225947597464,68.71325185637504,43.79639094302853,244.82992508162928,70.22063077885045,0,77.35,41.56878960204025,2
77.4,608.2239206206912,416.51011245125795,93.23236865871138,27.999955452354637,0.0,35.0,0.0,418,435,375,435,35.0,NEUTRAL,program,sonic_drive_smooth.py,function,bc4a84a5f90dcb414fa9a95aff361c8d4412f04ffa11cdb071a0b8ad9fecc202,平滑操舵：Follow the Gap：目標が空き空間内 | target_deg=0.000 | gap_min_deg=-60.0 | gap_max_deg=30.0,,246.67425904385524,67.6738337696821,41.99907173899483,250.0,73.89683645950979,0,77.4,41.56878960204025,2
77.45,609.6216913962563,416.4311727829647,93.23236865871138,27.999965491640044,0.0,35.0,0.0,418,435,375,435,35.0,NEUTRAL,program,sonic_drive_smooth.py,function,bc4a84a5f90dcb414fa9a95aff361c8d4412f04ffa11cdb071a0b8ad9fecc202,平滑操舵：Follow the Gap：目標が空き空間内 | target_deg=0.000 | gap_min_deg=-60.0 | gap_max_deg=30.0,,248.36983714135252,63.55969870767913,40.94492942183619,250.0,76.28781643924007,0,77.45,41.56878960204027,2
77.5,611.0194626047695,416.3522330902207,93.23236865871138,27.99997326846577,0.0,35.0,0.0,418,435,375,435,35.0,NEUTRAL,program,sonic_drive_smooth.py,function,bc4a84a5f90dcb414fa9a95aff361c8d4412f04ffa11cdb071a0b8ad9fecc202,平滑操舵：Follow the Gap：目標が空き空間内 | target_deg=0.000 | gap_min_deg=-60.0 | gap_max_deg=30.0,,248.92800073146702,61.93525748353488,39.068241687978116,250.0,77.28792808044156,0,77.5,41.568789602040184,2
77.55,612.4172341486616,416.2732933785359,93.23236865871138,27.999979292701155,0.0,35.0,0.0,418,435,375,435,35.0,NEUTRAL,program,sonic_drive_smooth.py,function,bc4a84a5f90dcb414fa9a95aff361c8d4412f04ffa11cdb071a0b8ad9fecc202,平滑操舵：Follow the Gap：目標が空き空間内 | target_deg=0.000 | gap_min_deg=-60.0 | gap_max_deg=30.0,,250.0,64.7415863333745,40.69938555229401,250.0,73.42861622830188,0,77.55,41.56878960204018,2
77.6,613.815005952351,416.194353652179,93.23236865871138,27.999983959311056,0.0,35.0,0.0,418,435,375,435,35.0,NEUTRAL,program,sonic_drive_smooth.py,function,bc4a84a5f90dcb414fa9a95aff361c8d4412f04ffa11cdb071a0b8ad9fecc202,平滑操舵：Follow the Gap：目標が空き空間内 | target_deg=0.000 | gap_min_deg=-60.0 | gap_max_deg=30.0,,249.93039583438954,67.77644552691154,44.44399312710484,248.20872664130215,76.80930749388565,0,77.6,41.56878960204014,2
77.65,615.21277795729,416.11541391445644,93.23236865871138,27.999987574250813,0.0,35.0,0.0,418,435,375,435,35.0,NEUTRAL,program,sonic_drive_smooth.py,function,bc4a84a5f90dcb414fa9a95aff361c8d4412f04ffa11cdb071a0b8ad9fecc202,平滑操舵：Follow the Gap：目標が空き空間内 | target_deg=0.000 | gap_min_deg=-60.0 | gap_max_deg=30.0,,250.0,63.612473918441744,47.53320788392047,250.0,74.70421590795095,0,77.65,41.568789602040134,2
77.7,616.6105501181247,416.03647416792955,93.23236865871138,27.999990374525474,0.0,35.0,0.0,418,435,375,435,35.0,NEUTRAL,program,sonic_drive_smooth.py,function,bc4a84a5f90dcb414fa9a95aff361c8d4412f04ffa11cdb071a0b8ad9fecc202,平滑操舵：Follow the Gap：目標が空き空間内 | target_deg=0.000 | gap_min_deg=-60.0 | gap_max_deg=30.0,,250.0,70.14810955915499,44.730415241320856,246.8617868955383,73.04631984136267,0,77.7,41.568789602040155,2
77.75,618.0083223997225,415.95753441458254,93.23236865871138,27.999992543728474,0.0,35.0,0.0,418,435,375,435,35.0,NEUTRAL,program,sonic_drive_smooth.py,function,bc4a84a5f90dcb414fa9a95aff361c8d4412f04ffa11cdb071a0b8ad9fecc202,平滑操舵：Follow the Gap：目標が空き空間内 | target_deg=0.000 | gap_min_deg=-60.0 | gap_max_deg=30.0,,250.0,65.20774315977181,44.81733824737798,250.0,75.19270611870012,0,77.75,41.56878960204017,2
77.8,619.4060947748679,415.8785946559524,93.23236865871138,27.99999422407852,0.0,35.0,0.0,418,435,375,435,35.0,NEUTRAL,program,sonic_drive_smooth.py,function,bc4a84a5f90dcb414fa9a95aff361c8d4412f04ffa11cdb071a0b8ad9fecc202,平滑操舵：Follow the Gap：目標が空き空間内 | target_deg=0.000 | gap_min_deg=-60.0 | gap_max_deg=30.0,,249.42756026418226,66.931240314306,42.70286657571842,249.92304135302024,77.44473859531807,0,77.8,41.56878960204018,2
77.85,620.8038672224791,415.7996548932297,93.23236865871138,27.999995525743824,0.0,35.0,0.0,418,435,375,435,35.0,NEUTRAL,program,sonic_drive_smooth.py,function,bc4a84a5f90dcb414fa9a95aff361c8d4412f04ffa11cdb071a0b8ad9fecc202,平滑操舵：Follow the Gap：目標が空き空間内 | target_deg=0.000 | gap_min_deg=-60.0 | gap_max_deg=30.0,,250.0,66.52605101582895,46.51274903850061,247.53567724810986,74.59080885941277,0,77.85,41.56878960204021,2
77.9,622.2016397262252,415.72071512733675,93.23236865871138,27.999996534065012,0.0,35.0,0.0,418,435,375,435,35.0,NEUTRAL,program,sonic_drive_smooth.py,function,bc4a84a5f90dcb414fa9a95aff361c8d4412f04ffa11cdb071a0b8ad9fecc202,平滑操舵：Follow the Gap：目標が空き空間内 | target_deg=0.000 | gap_min_deg=-60.0 | gap_max_deg=30.0,,250.0,65.32223372144554,46.77418278113095,250.0,76.46570242712056,0,77.9,41.56878960204022,2
77.95,623.5994122734554,415.641775358988,93.23236865871138,27.999997315150306,0.0,35.0,0.0,418,435,375,435,35.0,NEUTRAL,program,sonic_drive_smooth.py,function,bc4a84a5f90dcb414fa9a95aff361c8d4412f04ffa11cdb071a0b8ad9fecc202,平滑操舵：Follow the Gap：目標が空き空間内 | target_deg=0.000 | gap_min_deg=-60.0 | gap_max_deg=30.0,,250.0,64.20408386773526,42.86931593231534,247.54471834277973,76.64941068099579,0,77.95,41.56878960204025,2
78.0,624.9971848543702,415.56283558873696,93.23236865871138,27.999997920209722,0.0,35.0,0.0,418,435,375,435,35.0,NEUTRAL,program,sonic_drive_smooth.py,function,bc4a84a5f90dcb414fa9a95aff361c8d4412f04ffa11cdb071a0b8ad9fecc202,平滑操舵：Follow the Gap：目標が空き空間内 | target_deg=0.000 | gap_min_deg=-60.0 | gap_max_deg=30.0,,249.71678921913215,68.21454819396008,41.05298997912912,249.84772678750332,77.49792482255297,0,78.0,41.56878960204025,2
78.05,626.3949574613785,415.4838958170123,93.23236865871138,27.999998388912566,0.0,35.0,0.0,418,435,375,435,35.0,NEUTRAL,program,sonic_drive_smooth.py,function,bc4a84a5f90dcb414fa9a95aff361c8d4412f04ffa11cdb071a0b8ad9fecc202,平滑操舵：Follow the Gap：目標が空き空間内 | target_deg=0.000 | gap_min_deg=-60.0 | gap_max_deg=30.0,,250.0,63.12397356979973,44.7500200118701,247.75083488905204,70.84993796217654,0,78.05,41.56878960204022,2
78.1,627.7927300885997,415.40495604414605,93.23236865871138,27.999998751988244,0.0,35.0,0.0,418,435,375,435,35.0,NEUTRAL,program,sonic_drive_smooth.py,function,bc4a84a5f90dcb414fa9a95aff361c8d4412f04ffa11cdb071a0b8ad9fecc202,平滑操舵：Follow the Gap：目標が空き空間内 | target_deg=0.000 | gap_min_deg=-60.0 | gap_max_deg=30.0,,249.49615389969347,66.26694742961593,43.310214738384005,250.0,78.01033134009079,0,78.1,41.56878960204024,2
78.15,629.1905027314788,415.32601627039554,93.23236865871138,27.999999033240957,0.0,35.0,0.0,418,435,375,435,35.0,NEUTRAL,program,sonic_drive_smooth.py,function,bc4a84a5f90dcb414fa9a95aff361c8d4412f04ffa11cdb071a0b8ad9fecc202,平滑操舵：Follow the Gap：目標が空き空間内 | target_deg=0.000 | gap_min_deg=-60.0 | gap_max_deg=30.0,,249.08165724644448,71.02295396593394,48.08375812874956,250.0,69.94585476706693,0,78.15,41.56878960204023,2
78.2,630.588275386487,415.24707649596013,93.23236865871138,27.99999925111039,0.0,35.0,0.0,418,435,375,435,35.0,NEUTRAL,program,sonic_drive_smooth.py,function,bc4a84a5f90dcb414fa9a95aff361c8d4412f04ffa11cdb071a0b8ad9fecc202,平滑操舵：Follow the Gap：目標が空き空間内 | target_deg=0.000 | gap_min_deg=-60.0 | gap_max_deg=30.0,,250.0,69.17322257980454,44.0117543023329,249.69453448275655,71.35330271300505,0,78.2,41.568789602040134,2
78.25,631.9860480508909,415.16813672099397,93.23236865871138,27.999999419880623,0.0,35.0,0.0,418,435,375,435,35.0,NEUTRAL,program,sonic_drive_smooth.py,function,bc4a84a5f90dcb414fa9a95aff361c8d4412f04ffa11cdb071a0b8ad9fecc202,平滑操舵：Follow the Gap：目標が空き空間内 | target_deg=0.000 | gap_min_deg=-60.0 | gap_max_deg=30.0,,250.0,68.33501624178771,46.66393657312209,250.0,74.48302908588374,0,78.25,41.58150486749604,2
78.3,633.3838207225731,415.08919694561683,93.23236865871138,27.999999550616693,0.0,35.0,0.0,418,435,375,435,35.0,NEUTRAL,program,sonic_drive_smooth.py,function,bc4a84a5f90dcb414fa9a95aff361c8d4412f04ffa11cdb071a0b8ad9fecc202,平滑操舵：Follow the Gap：目標が空き空間内 | target_deg=0.000 | gap_min_deg=-60.0 | gap_max_deg=30.0,,250.0,67.69527719699042,42.07738562414363,250.0,74.97509721381584,0,78.3,41.63732482570793,2
78.35,634.7815933998934,415.01025716992126,93.23236865871138,27.999999651889993,0.0,35.0,0.0,418,435,375,435,35.0,NEUTRAL,program,sonic_drive_smooth.py,function,bc4a84a5f90dcb414fa9a95aff361c8d4412f04ffa11cdb071a0b8ad9fecc202,平滑操舵：Follow the Gap：目標が空き空間内 | target_deg=0.000 | gap_min_deg=-60.0 | gap_max_deg=30.0,,250.0,67.17493371656154,45.96325610717045,250.0,70.47591764890248,0,78.35,41.73740288557059,2
78.4,636.1793660815811,414.93131739397904,93.23236865871138,27.99999973034028,0.0,35.0,0.0,418,435,375,435,35.0,NEUTRAL,program,sonic_drive_smooth.py,function,bc4a84a5f90dcb414fa9a95aff361c8d4412f04ffa11cdb071a0b8ad9fecc202,平滑操舵：Follow the Gap：目標が空き空間内 | target_deg=0.000 | gap_min_deg=-60.0 | gap_max_deg=30.0,,249.78084298275124,67.72617507487264,44.11357784521013,249.11122822764221,76.90910221756806,0,78.4,41.88143964866204,2
78.45,637.5771387666518,414.8523776178457,93.23236865871138,27.999999791110966,0.0,35.0,0.0,418,435,375,435,35.0,NEUTRAL,program,sonic_drive_smooth.py,function,bc4a84a5f90dcb414fa9a95aff361c8d4412f04ffa11cdb071a0b8ad9fecc202,平滑操舵：Follow the Gap：目標が空き空間内 | target_deg=0.000 | gap_min_deg=-60.0 | gap_max_deg=30.0,,249.58026968530993,65.91980647832318,47.739666825979896,247.6645169296323,75.8439044126237,0,78.45,42.06900892409768,2
78.5,638.9749114543436,414.77343784156443,93.23236865871138,27.99999983818633,0.0,35.0,0.0,418,435,375,435,35.0,NEUTRAL,program,sonic_drive_smooth.py,function,bc4a84a5f90dcb414fa9a95aff361c8d4412f04ffa11cdb071a0b8ad9fecc202,平滑操舵：Follow the Gap：目標が空き空間内 | target_deg=0.000 | gap_min_deg=-60.0 | gap_max_deg=30.0,,250.0,69.21908347382289,45.87787431780131,250.0,71.82968105431137,0,78.5,42.29956392245179,2
78.55,640.3726841440654,414.6944980651684,93.23236865871138,27.99999987465276,0.0,35.0,0.0,418,435,375,435,35.0,NEUTRAL,program,sonic_drive_smooth.py,function,bc4a84a5f90dcb414fa9a95aff361c8d4412f04ffa11cdb071a0b8ad9fecc202,平滑操舵：Follow the Gap：目標が空き空間内 | target_deg=0.000 | gap_min_deg=-60.0 | gap_max_deg=30.0,,250.0,67.99459708137093,45.09562889644699,250.0,72.03315595869796,0,78.55,42.57244500573868,2
78.6,641.7704568353599,414.61555828868364,93.23236865871138,27.999999902901095,0.0,35.0,0.0,418,435,375,435,35.0,NEUTRAL,program,sonic_drive_smooth.py,function,bc4a84a5f90dcb414fa9a95aff361c8d4412f04ffa11cdb071a0b8ad9fecc202,平滑操舵：Follow the Gap：目標が空き空間内 | target_deg=0.000 | gap_min_deg=-60.0 | gap_max_deg=30.0,,248.2284484779848,68.14970464044282,46.52506436770445,250.0,73.25394002450146,0,78.6,42.88688874492156,2
78.65,643.1682295278727,414.53661851213,93.23236865871138,27.99999992478336,0.0,35.0,0.0,418,435,375,435,35.0,NEUTRAL,program,sonic_drive_smooth.py,function,bc4a84a5f90dcb414fa9a95aff361c8d4412f04ffa11cdb071a0b8ad9fecc202,平滑操舵：Follow the Gap：目標が空き空間内 | target_deg=0.000 | gap_min_deg=-60.0 | gap_max_deg=30.0,,246.80270883871123,70.45155283094519,46.19362879688636,249.90290039210296,71.27132037646508,0,78.65,43.24203800763627,2
78.7,644.5615187370328,414.4567334713984,93.34101078096205,27.853565538672022,-1.4852070990132054,34.18777736772716,-4.641272184416267,417,430,375,435,34.18777736772716,NEUTRAL,program,sonic_drive_smooth.py,function,bc4a84a5f90dcb414fa9a95aff361c8d4412f04ffa11cdb071a0b8ad9fecc202,平滑操舵：Follow the Gap：目標が空き空間内 | target_deg=-3.709 | gap_min_deg=-60.0 | gap_max_deg=30.0,,250.0,68.48767033346532,43.3186289154885,250.0,212.9626890126983,0,78.7,43.617073116784866,2
78.75,645.9466571913948,414.37385661007767,93.50717107203764,27.685943293858607,-2.0348115693985784,33.88721242298515,-6.3587861543705575,417,428,375,435,33.88721242298515,NEUTRAL,program,sonic_drive_smooth.py,function,bc4a84a5f90dcb414fa9a95aff361c8d4412f04ffa11cdb071a0b8ad9fecc202,平滑操舵：Follow the Gap：目標が空き空間内 | target_deg=-5.076 | gap_min_deg=-60.0 | gap_max_deg=30.0,,248.95150296640546,65.44580610661481,44.989253374611096,250.0,211.72782049837613,0,78.75,43.83844338952076,2
78.8,647.3233748087422,414.28718112309764,93.69778313059601,27.525242141057753,-2.3477511344474986,33.71607359834903,-7.336722295148433,417,427,375,435,33.71607359834903,NEUTRAL,program,sonic_drive_smooth.py,function,bc4a84a5f90dcb414fa9a95aff361c8d4412f04ffa11cdb071a0b8ad9fecc202,平滑操舵：Follow the Gap：目標が空き空間内 | target_deg=-5.852 | gap_min_deg=-60.0 | gap_max_deg=30.0,,250.0,68.06520096482673,46.8224962318142,249.19806414072272,216.08364974353586,0,78.8,43.88072597246469,2
78.85,648.6923882151278,414.1962751607941,93.90023281608887,27.38507192535774,-2.506833563144798,33.62907539515519,-7.8338548848274945,417,426,375,435,33.62907539515519,NEUTRAL,program,sonic_drive_smooth.py,function,bc4a84a5f90dcb414fa9a95aff361c8d4412f04ffa11cdb071a0b8ad9fecc202,平滑操舵：Follow the Gap：目標が空き空間内 | target_deg=-6.246 | gap_min_deg=-60.0 | gap_max_deg=30.0,,250.0,68.61487763990331,44.96708187530227,249.24757703260545,213.09560264900182,0,78.85,43.92461398939872,2
78.9,650.0548351386923,414.10091717221303,94.10700022277206,27.27007289813593,-2.5719245075109556,33.59347878495495,-8.037264085971737,416,426,375,435,33.59347878495495,NEUTRAL,program,sonic_drive_smooth.py,function,bc4a84a5f90dcb414fa9a95aff361c8d4412f04ffa11cdb071a0b8ad9fecc202,平滑操舵：Follow the Gap：目標が空き空間内 | target_deg=-6.407 | gap_min_deg=-60.0 | gap_max_deg=30.0,,246.77462163165143,69.60028110780603,45.17084311183995,249.9101604902117,210.60164508974634,0,78.9,43.9720921135081,2
78.95,651.4118913808078,414.00099648062377,94.31523206639213,27.178250116262067,-2.5997149652497784,33.578280878379026,-8.124109266405558,416,426,375,435,33.578280878379026,NEUTRAL,program,sonic_drive_smooth.py,function,bc4a84a5f90dcb414fa9a95aff361c8d4412f04ffa11cdb071a0b8ad9fecc202,平滑操舵：Follow the Gap：目標が空き空間内 | target_deg=-6.476 | gap_min_deg=-60.0 | gap_max_deg=30.0,,250.0,69.380093772691,49.00113776347576,244.1091130403601,213.4837972588531,0,78.95,44.02393830950024,2
79.0,652.7645976089136,413.89645164225897,94.52348581851692,27.106340847107628,-2.6076233281653036,33.5739559924096,-8.148822900516574,416,426,375,435,33.5739559924096,NEUTRAL,program,sonic_drive_smooth.py,function,bc4a84a5f90dcb414fa9a95aff361c8d4412f04ffa11cdb071a0b8ad9fecc202,平滑操舵：Follow the Gap：目標が空き空間内 | target_deg=-6.496 | gap_min_deg=-60.0 | gap_max_deg=30.0,,248.31709652707494,69.97428830794348,51.05095438624143,245.56157989606925,214.5966896595297,0,79.0,44.08054924016767,2
79.05,654.1137309071172,413.78722683684316,94.7335700383004,27.047769566724178,-2.6367071700614337,33.55805076637265,-8.23970990644198,416,426,375,435,33.55805076637265,NEUTRAL,program,sonic_drive_smooth.py,function,bc4a84a5f90dcb414fa9a95aff361c8d4412f04ffa11cdb071a0b8ad9fecc202,平滑操舵：Follow the Gap：目標が空き空間内 | target_deg=-6.568 | gap_min_deg=-60.0 | gap_max_deg=30.0,,250.0,69.59773242137041,45.89868313997019,248.80008474823146,212.78645867386217,0,79.05,44.14156704094921,2
79.1,655.4598760232182,413.67326102445344,94.94477165918039,27.000517501791553,-2.65577953602391,33.54762056623692,-8.299311050074719,416,426,375,435,33.54762056623692,NEUTRAL,program,sonic_drive_smooth.py,function,bc4a84a5f90dcb414fa9a95aff361c8d4412f04ffa11cdb071a0b8ad9fecc202,平滑操舵：Follow the Gap：目標が空き空間内 | target_deg=-6.615 | gap_min_deg=-60.0 | gap_max_deg=30.0,,250.0,68.30329918649197,44.33339009547987,249.32704003508962,211.69252030829966,0,79.1,44.20722015810236,2
79.15,656.8035822066134,413.55452233043707,95.15505614510414,26.964660076243312,-2.648214424255952,33.55175773673503,-8.27567007579985,416,426,375,435,33.55175773673503,NEUTRAL,program,sonic_drive_smooth.py,function,bc4a84a5f90dcb414fa9a95aff361c8d4412f04ffa11cdb071a0b8ad9fecc202,平滑操舵：Follow the Gap：目標が空き空間内 | target_deg=-6.596 | gap_min_deg=-60.0 | gap_max_deg=30.0,,250.0,73.05017014923952,44.1586017737737,248.53119287650225,209.12743468976743,0,79.15,44.27800673386952,2
79.2,658.1451634568996,413.43096818026953,95.36867222203227,26.9324218820078,-2.693466295252341,33.52701061978387,-8.417082172663566,416,426,375,435,33.52701061978387,NEUTRAL,program,sonic_drive_smooth.py,function,bc4a84a5f90dcb414fa9a95aff361c8d4412f04ffa11cdb071a0b8ad9fecc202,平滑操舵：Follow the Gap：目標が空き空間内 | target_deg=-6.708 | gap_min_deg=-60.0 | gap_max_deg=30.0,,248.76596177931663,70.45297452475597,41.99821593213255,248.54933705803194,213.5972796049447,0,79.2,44.35300376112673,2
79.25,659.4849325830779,413.30255767237077,95.58093738961713,26.90886160935843,-2.679138003885914,33.53484640412489,-8.37230626214348,416,426,375,435,33.53484640412489,NEUTRAL,program,sonic_drive_smooth.py,function,bc4a84a5f90dcb414fa9a95aff361c8d4412f04ffa11cdb071a0b8ad9fecc202,平滑操舵：Follow the Gap：目標が空き空間内 | target_deg=-6.672 | gap_min_deg=-60.0 | gap_max_deg=30.0,,250.0,72.5388891909484,48.33137529864372,250.0,214.7460897958184,0,79.25,44.43331933828523,2
79.3,660.823162257804,413.1692786900666,95.79412720590614,26.8892533807945,-2.692906551994383,33.52731672937807,-8.415332974982446,416,426,375,435,33.52731672937807,NEUTRAL,program,sonic_drive_smooth.py,function,bc4a84a5f90dcb414fa9a95aff361c8d4412f04ffa11cdb071a0b8ad9fecc202,平滑操舵：Follow the Gap：目標が空き空間内 | target_deg=-6.706 | gap_min_deg=-60.0 | gap_max_deg=30.0,,250.0,77.50460418275611,44.190362498167424,250.0,213.48814006685325,0,79.3,44.5184501866338,2
79.35,662.1600143883194,413.03110388515194,96.0079571303562,26.87309469360175,-2.7027384771015597,33.52193989533508,-8.446057740942374,416,426,375,435,33.52193989533508,NEUTRAL,program,sonic_drive_smooth.py,function,bc4a84a5f90dcb414fa9a95aff361c8d4412f04ffa11cdb071a0b8ad9fecc202,平滑操舵：Follow the Gap：目標が空き空間内 | target_deg=-6.731 | gap_min_deg=-60.0 | gap_max_deg=30.0,,250.0,73.03898699006797,42.086167323479096,250.0,211.7150655115164,0,79.35,44.608490309924605,2
79.4,663.4957272406915,412.88803212680665,96.21962907289048,26.863141235514124,-2.6767362455272674,33.53615986572728,-8.36480076727271,416,426,375,435,33.53615986572728,NEUTRAL,program,sonic_drive_smooth.py,function,bc4a84a5f90dcb414fa9a95aff361c8d4412f04ffa11cdb071a0b8ad9fecc202,平滑操舵：Follow the Gap：目標が空き空間内 | target_deg=-6.666 | gap_min_deg=-60.0 | gap_max_deg=30.0,,246.4687243889985,76.67183129712103,45.82435204942221,248.83181722871518,211.2486172767422,0,79.4,44.70406968925869,2
79.45,664.8305397768944,412.7400873094816,96.42957309468659,26.85751072622656,-2.655641611852151,33.54769599351835,-8.298880037037971,416,426,375,435,33.54769599351835,NEUTRAL,program,sonic_drive_smooth.py,function,bc4a84a5f90dcb414fa9a95aff361c8d4412f04ffa11cdb071a0b8ad9fecc202,平滑操舵：Follow the Gap：目標が空き空間内 | target_deg=-6.614 | gap_min_deg=-60.0 | gap_max_deg=30.0,,248.00370537624516,78.67569730579392,49.1105290402212,250.0,213.56964922439516,0,79.45,44.80506428769644,2
79.5,666.1646353600476,412.58729483600007,96.63753518154272,26.855584690681567,-2.630938819425639,33.56120533312661,-8.221683810705121,416,426,375,435,33.56120533312661,NEUTRAL,program,sonic_drive_smooth.py,function,bc4a84a5f90dcb414fa9a95aff361c8d4412f04ffa11cdb071a0b8ad9fecc202,平滑操舵：Follow the Gap：目標が空き空間内 | target_deg=-6.553 | gap_min_deg=-60.0 | gap_max_deg=30.0,,250.0,77.47179623414631,47.22819044459751,246.60756598428736,209.88365564206234,0,79.5,44.91150205340517,2
79.55,667.4980672546626,412.4296677591626,96.84593927084859,26.85352274915686,-2.63671960922645,33.558043963704286,-8.239748778832656,416,426,375,435,33.558043963704286,NEUTRAL,program,sonic_drive_smooth.py,function,bc4a84a5f90dcb414fa9a95aff361c8d4412f04ffa11cdb071a0b8ad9fecc202,平滑操舵：Follow the Gap：目標が空き空間内 | target_deg=-6.568 | gap_min_deg=-60.0 | gap_max_deg=30.0,,250.0,77.21019110899552,47.06743711055206,249.49879535383965,212.27853827864382,0,79.55,45.02282856342299,2
79.6,668.8308663274074,412.267209355262,97.05336180718768,26.853138092004404,-2.6244208055960216,33.564769871939674,-8.201315017487568,416,426,375,435,33.564769871939674,NEUTRAL,program,sonic_drive_smooth.py,function,bc4a84a5f90dcb414fa9a95aff361c8d4412f04ffa11cdb071a0b8ad9fecc202,平滑操舵：Follow the Gap：目標が空き空間内 | target_deg=-6.537 | gap_min_deg=-60.0 | gap_max_deg=30.0,,250.0,78.87982094545539,47.92251613502648,247.30887711453263,211.06349681202633,0,79.6,45.13935682359693,2
79.65,670.1630194846797,412.09992335081245,97.26161656615,26.851794086089033,-2.6350301916540273,33.5589678639392,-8.234469348918836,416,426,375,435,33.5589678639392,NEUTRAL,program,sonic_drive_smooth.py,function,bc4a84a5f90dcb414fa9a95aff361c8d4412f04ffa11cdb071a0b8ad9fecc202,平滑操舵：Follow the Gap：目標が空き空間内 | target_deg=-6.563 | gap_min_deg=-60.0 | gap_max_deg=30.0,,249.17800912084743,77.23946126945255,45.66033552072937,250.0,211.11343078124585,0,79.65,45.26068192081726,2
79.7,671.4944694044437,411.9277989923745,97.47060099712758,26.849827298540923,-2.644418751578891,33.55383349523029,-8.263808598684035,416,426,375,435,33.55383349523029,NEUTRAL,program,sonic_drive_smooth.py,function,bc4a84a5f90dcb414fa9a95aff361c8d4412f04ffa11cdb071a0b8ad9fecc202,平滑操舵：Follow the Gap：目標が空き空間内 | target_deg=-6.587 | gap_min_deg=-60.0 | gap_max_deg=30.0,,247.96442116533504,82.66898111589855,46.5918258930847,250.0,212.54382594322354,0,79.7,45.38683958151438,2
79.75,672.8252324208563,411.75083648073036,97.67870291084148,26.849393162790182,-2.6333693852486832,33.55987611744212,-8.229279328902136,416,426,375,435,33.55987611744212,NEUTRAL,program,sonic_drive_smooth.py,function,bc4a84a5f90dcb414fa9a95aff361c8d4412f04ffa11cdb071a0b8ad9fecc202,平滑操舵：Follow the Gap：目標が空き空間内 | target_deg=-6.559 | gap_min_deg=-60.0 | gap_max_deg=30.0,,250.0,80.9552854861811,50.6734184168134,250.0,214.46362508006752,0,79.75,45.518184646290536,2
79.8,674.1553600678918,411.56905006106535,97.88591371929198,26.850169952392232,-2.622079916850662,33.566050045472295,-8.193999740158318,416,426,375,435,33.566050045472295,NEUTRAL,program,sonic_drive_smooth.py,function,bc4a84a5f90dcb414fa9a95aff361c8d4412f04ffa11cdb071a0b8ad9fecc202,平滑操舵：Follow the Gap：目標が空き空間内 | target_deg=-6.531 | gap_min_deg=-60.0 | gap_max_deg=30.0,,250.0,75.36384317600681,49.730199521248835,249.88985378435112,212.7975308517708,0,79.8,45.65470337131353,2
79.85,675.4848548859258,411.382449709276,98.09312760985011,26.850774311650664,-2.622053268005712,33.566064619059375,-8.19391646251785,416,426,375,435,33.566064619059375,NEUTRAL,program,sonic_drive_smooth.py,function,bc4a84a5f90dcb414fa9a95aff361c8d4412f04ffa11cdb071a0b8ad9fecc202,平滑操舵：Follow the Gap：目標が空き空間内 | target_deg=-6.531 | gap_min_deg=-60.0 | gap_max_deg=60.0,,250.0,250.0,50.32998383469627,249.74850447979404,214.20639478898158,0,79.85,45.7961900356845,2
79.9,676.8136506915132,411.19103207385956,98.30140079734912,26.84992006818662,-2.6354657153375958,33.55872968692475,-8.235830360429986,416,426,375,435,33.55872968692475,NEUTRAL,program,sonic_drive_smooth.py,function,bc4a84a5f90dcb414fa9a95aff361c8d4412f04ffa11cdb071a0b8ad9fecc202,平滑操舵：Follow the Gap：目標が空き空間内 | target_deg=-6.564 | gap_min_deg=-60.0 | gap_max_deg=60.0,,250.0,248.445039902104,46.67358843272719,250.0,212.35568007700672,0,79.9,45.94241982370539,2
79.95,678.1417445963432,410.9947969909364,98.50866766533511,26.85051226477089,-2.6227477915085093,33.565684801518785,-8.196086848464091,416,426,375,435,33.565684801518785,NEUTRAL,program,sonic_drive_smooth.py,function,bc4a84a5f90dcb414fa9a95aff361c8d4412f04ffa11cdb071a0b8ad9fecc202,平滑操舵：Follow the Gap：目標が空き空間内 | target_deg=-6.533 | gap_min_deg=-60.0 | gap_max_deg=60.0,,248.25762329093556,247.84943491013638,49.034733614243464,248.44904858193834,212.04098087405558,0,79.95,46.093841714761425,2
80.0,679.4691286553793,410.7937524600697,98.71636123536922,26.850441233219314,-2.62812097331859,33.562746342716395,-8.212878041620595,416,426,375,435,33.562746342716395,NEUTRAL,program,sonic_drive_smooth.py,function,bc4a84a5f90dcb414fa9a95aff361c8d4412f04ffa11cdb071a0b8ad9fecc202,平滑操舵：Follow the Gap：目標が空き空間内 | target_deg=-6.546 | gap_min_deg=-60.0 | gap_max_deg=60.0,,249.28844200323687,250.0,47.6356964423347,250.0,212.28004152666898,0,80.0,46.250137809509,2
80.05,680.7957997362515,410.58790211042225,98.92335163585608,26.851266784927198,-2.6191897589166357,33.567630600592466,-8.184967996614487,416,426,375,435,33.567630600592466,NEUTRAL,program,sonic_drive_smooth.py,function,bc4a84a5f90dcb414fa9a95aff361c8d4412f04ffa11cdb071a0b8ad9fecc202,平滑操舵：Follow the Gap：目標が空き空間内 | target_deg=-6.524 | gap_min_deg=-60.0 | gap_max_deg=60.0,,250.0,249.90479498504905,46.26803562147297,249.6041897087192,209.32448913382046,0,80.05,46.411548184977164,2
80.1,682.1217148827822,410.377249064963,99.13133726642593,26.850666042709204,-2.631768932383372,33.560751365102846,-8.224277913698037,416,426,375,435,33.560751365102846,NEUTRAL,program,sonic_drive_smooth.py,function,bc4a84a5f90dcb414fa9a95aff361c8d4412f04ffa11cdb071a0b8ad9fecc202,平滑操舵：Follow the Gap：目標が空き空間内 | target_deg=-6.555 | gap_min_deg=-60.0 | gap_max_deg=60.0,,246.97980961808406,249.9841817688078,48.8670654946639,248.4556604609888,214.25812564276657,0,80.1,46.577705997228634,2
80.15,683.446833017863,410.1617887922574,99.33926778226072,26.850264714084346,-2.6311195103058487,33.56110651780149,-8.222248469705777,416,426,375,435,33.56110651780149,NEUTRAL,program,sonic_drive_smooth.py,function,bc4a84a5f90dcb414fa9a95aff361c8d4412f04ffa11cdb071a0b8ad9fecc202,平滑操舵：Follow the Gap：目標が空き空間内 | target_deg=-6.554 | gap_min_deg=-60.0 | gap_max_deg=60.0,,247.38457595131743,248.70464767965927,47.45268450301421,250.0,211.85090576142255,0,80.15,46.74884214226688,2
80.2,684.7711692035763,409.9415273869982,99.54653871624191,26.85077702588857,-2.6227702587465846,33.56567251474796,-8.196157058583077,416,426,375,435,33.56567251474796,NEUTRAL,program,sonic_drive_smooth.py,function,bc4a84a5f90dcb414fa9a95aff361c8d4412f04ffa11cdb071a0b8ad9fecc202,平滑操舵：Follow the Gap：目標が空き空間内 | target_deg=-6.533 | gap_min_deg=-60.0 | gap_max_deg=60.0,,250.0,250.0,51.13674275301278,247.5238304377163,214.45886964066057,0,80.2,46.92507913836545,2
80.25,686.0948383552759,409.71648827849805,99.75084368318522,26.854894687279444,-2.585032096552015,33.586310572198116,-8.078225301725046,416,426,375,435,33.586310572198116,NEUTRAL,program,sonic_drive_smooth.py,function,bc4a84a5f90dcb414fa9a95aff361c8d4412f04ffa11cdb071a0b8ad9fecc202,平滑操舵：Follow the Gap：目標が空き空間内 | target_deg=-6.440 | gap_min_deg=-60.0 | gap_max_deg=60.0,,249.71719197475662,249.42906443703356,54.65743200637684,248.13082310164148,213.50538621939145,0,80.25,47.106879842095,2
80.3,687.4179955612304,409.48671590321743,99.9520263104962,26.862029802534458,-2.5450158522751907,33.60819445578701,-7.953174538359971,417,426,375,435,33.60819445578701,NEUTRAL,program,sonic_drive_smooth.py,function,bc4a84a5f90dcb414fa9a95aff361c8d4412f04ffa11cdb071a0b8ad9fecc202,平滑操舵：Follow the Gap：目標が空き空間内 | target_deg=-6.341 | gap_min_deg=-60.0 | gap_max_deg=60.0,,250.0,249.71606953337994,50.68474201546832,247.0875741063948,206.86769502042105,0,80.3,47.29422652563841,2
80.35,688.7405949482422,409.25223881342083,100.1544316703961,26.866083398364744,-2.559961247489405,33.60002119277923,-7.99987889840439,417,426,375,435,33.60002119277923,NEUTRAL,program,sonic_drive_smooth.py,function,bc4a84a5f90dcb414fa9a95aff361c8d4412f04ffa11cdb071a0b8ad9fecc202,平滑操舵：Follow the Gap：目標が空き空間内 | target_deg=-6.378 | gap_min_deg=-60.0 | gap_max_deg=60.0,,250.0,248.75941835930405,52.47529533488683,250.0,213.5487057821156,0,80.35,47.48617272272048,2
80.4,690.0625790336418,409.01306544175384,100.35561597303251,26.870785580269583,-2.544117618312182,33.608685677485525,-7.950367557225569,417,426,375,435,33.608685677485525,NEUTRAL,program,sonic_drive_smooth.py,function,bc4a84a5f90dcb414fa9a95aff361c8d4412f04ffa11cdb071a0b8ad9fecc202,平滑操舵：Follow the Gap：目標が空き空間内 | target_deg=-6.338 | gap_min_deg=-60.0 | gap_max_deg=60.0,,247.05250916557122,247.76627291315748,55.11544122894182,250.0,212.98230123139828,0,80.4,47.683224033419265,2
80.45,691.3839178000858,408.7692147757717,100.55675498894243,26.874522857080475,-2.5431562986097846,33.609211399197775,-7.9473634331555765,417,426,375,435,33.609211399197775,NEUTRAL,program,sonic_drive_smooth.py,function,bc4a84a5f90dcb414fa9a95aff361c8d4412f04ffa11cdb071a0b8ad9fecc202,平滑操舵：Follow the Gap：目標が空き空間内 | target_deg=-6.336 | gap_min_deg=-60.0 | gap_max_deg=60.0,,248.87540056764362,248.2629897657989,53.21895680073242,248.0195391088568,212.0970256237692,0,80.45,47.885114382699044,2
80.5,692.7045548186945,408.52069732310264,100.75782032458926,26.877540388856037,-2.541913946789488,33.6098908103495,-7.943481083717149,417,426,375,435,33.6098908103495,NEUTRAL,program,sonic_drive_smooth.py,function,bc4a84a5f90dcb414fa9a95aff361c8d4412f04ffa11cdb071a0b8ad9fecc202,平滑操舵：Follow the Gap：目標が空き空間内 | target_deg=-6.333 | gap_min_deg=-60.0 | gap_max_deg=60.0,,246.47222319269974,250.0,48.663908479578026,247.69424112411247,207.4441004386383,0,80.5,48.09183956794624,2
80.55,694.0244363998033,408.26752183069004,100.95898548141923,26.87977734787587,-2.5429336700399947,33.60933314919688,-7.946667718874984,417,426,375,435,33.60933314919688,NEUTRAL,program,sonic_drive_smooth.py,function,bc4a84a5f90dcb414fa9a95aff361c8d4412f04ffa11cdb071a0b8ad9fecc202,平滑操舵：Follow the Gap：目標が空き空間内 | target_deg=-6.336 | gap_min_deg=-60.0 | gap_max_deg=60.0,,248.883054826304,250.0,53.57198080421307,249.29837107033362,212.57873915510433,0,80.55,48.30335532419406,2
80.6,695.343523336932,408.00969593126047,101.15997222044439,26.88175160490665,-2.5404850688975595,33.610672227946644,-7.939015840304873,417,426,375,435,33.610672227946644,NEUTRAL,program,sonic_drive_smooth.py,function,bc4a84a5f90dcb414fa9a95aff361c8d4412f04ffa11cdb071a0b8ad9fecc202,平滑操舵：Follow the Gap：目標が空き空間内 | target_deg=-6.330 | gap_min_deg=-60.0 | gap_max_deg=60.0,,246.19917952009177,248.925457018163,53.31040424697714,83.9035772933561,211.91446043234583,0,80.6,48.5197120626529,2
80.65,696.6617669790678,407.7472261260075,101.36133658462336,26.882824273737423,-2.5451168161111637,33.60813924118921,-7.953490050347387,417,426,375,435,33.60813924118921,NEUTRAL,program,sonic_drive_smooth.py,function,bc4a84a5f90dcb414fa9a95aff361c8d4412f04ffa11cdb071a0b8ad9fecc202,平滑操舵：Follow the Gap：目標が空き空間内 | target_deg=-6.341 | gap_min_deg=-30.0 | gap_max_deg=60.0,,247.52552982791903,249.76302770042398,50.83950180841934,79.26894543649658,210.24271548302448,0,80.65,48.740789295689126,2
80.7,697.9790356040212,407.48010665036605,101.56498883827771,26.880800373020143,-2.5740718772055033,33.59230444215324,-8.043974616267198,416,426,375,435,33.59230444215324,NEUTRAL,program,sonic_drive_smooth.py,function,bc4a84a5f90dcb414fa9a95aff361c8d4412f04ffa11cdb071a0b8ad9fecc202,平滑操舵：Follow the Gap：目標が空き空間内 | target_deg=-6.413 | gap_min_deg=-30.0 | gap_max_deg=60.0,,249.0228399840017,250.0,51.09385305063265,78.900982775082,214.05765259664972,0,80.7,48.96620371489428,2
80.75,699.2953461401,407.20833291317535,101.76646370399232,26.88194140063794,-2.5465977332156267,33.607329364647704,-7.958117916298834,417,426,375,435,33.607329364647704,NEUTRAL,program,sonic_drive_smooth.py,function,bc4a84a5f90dcb414fa9a95aff361c8d4412f04ffa11cdb071a0b8ad9fecc202,平滑操舵：Follow the Gap：目標が空き空間内 | target_deg=-6.345 | gap_min_deg=-30.0 | gap_max_deg=60.0,,250.0,245.88981993922386,55.15368802593285,74.99141321328705,212.33834178021698,0,80.75,49.196874979017764,2
80.8,700.6107885135804,406.9319264306311,101.96674253636098,26.88433143923591,-2.5313216089252726,33.615683495118994,-7.910380027891477,417,426,375,435,33.615683495118994,NEUTRAL,program,sonic_drive_smooth.py,function,bc4a84a5f90dcb414fa9a95aff361c8d4412f04ffa11cdb071a0b8ad9fecc202,平滑操舵：Follow the Gap：目標が空き空間内 | target_deg=-6.307 | gap_min_deg=-30.0 | gap_max_deg=60.0,,250.0,250.0,53.925177791052924,69.42315647104205,211.0331385982169,0,80.8,49.432577951840585,2
80.85,701.9254034522685,406.65090588074673,102.16587304863833,26.887639123978488,-2.5165514615632603,33.623760919457595,-7.864223317385188,417,426,375,435,33.623760919457595,NEUTRAL,program,sonic_drive_smooth.py,function,bc4a84a5f90dcb414fa9a95aff361c8d4412f04ffa11cdb071a0b8ad9fecc202,平滑操舵：Follow the Gap：目標が空き空間内 | target_deg=-6.270 | gap_min_deg=-30.0 | gap_max_deg=60.0,,249.77428998962068,250.0,55.44778028039746,74.72281328675946,211.66902922729022,0,80.85,49.67328203851946,2
80.9,703.2391923127329,406.3652891752249,102.36454320618714,26.89080388002549,-2.5104406898471194,33.627102747739855,-7.845127155772248,417,426,375,435,33.627102747739855,NEUTRAL,program,sonic_drive_smooth.py,function,bc4a84a5f90dcb414fa9a95aff361c8d4412f04ffa11cdb071a0b8ad9fecc202,平滑操舵：Follow the Gap：目標が空き空間内 | target_deg=-6.255 | gap_min_deg=-30.0 | gap_max_deg=60.0,,250.0,250.0,53.800548821847165,73.49549629075342,210.26321285811008,0,80.9,49.918828667113644,2
80.95,704.5521758213365,406.07509394779703,102.56172509962755,26.895142607693774,-2.491299985308566,33.63757032053438,-7.785312454089269,417,426,375,435,33.63757032053438,NEUTRAL,program,sonic_drive_smooth.py,function,bc4a84a5f90dcb414fa9a95aff361c8d4412f04ffa11cdb071a0b8ad9fecc202,平滑操舵：Follow the Gap：目標が空き空間内 | target_deg=-6.208 | gap_min_deg=-30.0 | gap_max_deg=60.0,,250.0,250.0,55.27655446974272,70.28162672727932,209.60497504173858,0,80.95,50.16940575281217,2
81.0,705.8644136229087,405.7803467322134,102.7569568801191,26.900977145002532,-2.4662116833811,33.65129048565096,-7.706911510565938,417,426,375,435,33.65129048565096,NEUTRAL,program,sonic_drive_smooth.py,function,bc4a84a5f90dcb414fa9a95aff361c8d4412f04ffa11cdb071a0b8ad9fecc202,平滑操舵：Follow the Gap：目標が空き空間内 | target_deg=-6.146 | gap_min_deg=-30.0 | gap_max_deg=60.0,,250.0,248.73202771804372,55.010314504114106,73.20210710677298,207.34258310162483,0,81.0,50.42507606768993,2
81.05,707.1759786112237,405.48108059722347,102.94985353873847,26.90846255220481,-2.4361316934331434,33.66774048015375,-7.612911541978573,417,427,375,435,33.66774048015375,NEUTRAL,program,sonic_drive_smooth.py,function,bc4a84a5f90dcb414fa9a95aff361c8d4412f04ffa11cdb071a0b8ad9fecc202,平滑操舵：Follow the Gap：目標が空き空間内 | target_deg=-6.071 | gap_min_deg=-30.0 | gap_max_deg=60.0,,250.0,250.0,57.0389347840908,74.5445197369847,207.13188128728908,0,81.05,50.68587915843722,2
81.1,708.4869155771028,405.17733235875545,103.14096856910515,26.916546156275516,-2.412954995180871,33.680415237010465,-7.540484359940223,417,427,375,435,33.680415237010465,NEUTRAL,program,sonic_drive_smooth.py,function,bc4a84a5f90dcb414fa9a95aff361c8d4412f04ffa11cdb071a0b8ad9fecc202,平滑操舵：Follow the Gap：目標が空き空間内 | target_deg=-6.014 | gap_min_deg=-30.0 | gap_max_deg=60.0,,250.0,247.41897796832347,57.49793571298736,74.5454164275699,206.6392665798476,0,81.1,50.951663609403056,2
81.15,709.7972566896361,404.8691385679205,103.32998110410335,26.92549738541245,-2.3856783213589354,33.69533216800683,-7.455244754246673,417,427,375,435,33.69533216800683,NEUTRAL,program,sonic_drive_smooth.py,function,bc4a84a5f90dcb414fa9a95aff361c8d4412f04ffa11cdb071a0b8ad9fecc202,平滑操舵：Follow the Gap：目標が空き空間内 | target_deg=-5.946 | gap_min_deg=-30.0 | gap_max_deg=60.0,,249.98820640878003,250.0,58.18532981264526,68.99046076833898,205.32673506007595,0,81.15,51.22245265569603,2
81.2,711.1069046785664,404.5565303446177,103.52019487792893,26.93099851716794,-2.400210891404425,33.6873846687632,-7.500659035638828,417,427,375,435,33.6873846687632,NEUTRAL,program,sonic_drive_smooth.py,function,bc4a84a5f90dcb414fa9a95aff361c8d4412f04ffa11cdb071a0b8ad9fecc202,平滑操舵：Follow the Gap：目標が空き空間内 | target_deg=-5.982 | gap_min_deg=-30.0 | gap_max_deg=60.0,,244.5831866638793,250.0,56.10692196702118,75.36050039270076,207.166218264982,0,81.2,51.49756078480533,2
81.25,712.4156774310495,404.23951575792944,103.71199038870839,26.93332608263107,-2.4198246889910977,33.67665837320799,-7.56195215309718,417,427,375,435,33.67665837320799,NEUTRAL,program,sonic_drive_smooth.py,function,bc4a84a5f90dcb414fa9a95aff361c8d4412f04ffa11cdb071a0b8ad9fecc202,平滑操舵：Follow the Gap：目標が空き空間内 | target_deg=-6.031 | gap_min_deg=-30.0 | gap_max_deg=60.0,,248.26147601318846,249.92487163883436,57.73949058500181,70.40108922246114,210.39041738642453,0,81.25,51.77690846876112,2
81.3,713.7235320459738,403.9181009534903,103.90246161282755,26.93680104928503,-2.402867052825166,33.68593208048624,-7.508959540078644,417,427,375,435,33.68593208048624,NEUTRAL,program,sonic_drive_smooth.py,function,bc4a84a5f90dcb414fa9a95aff361c8d4412f04ffa11cdb071a0b8ad9fecc202,平滑操舵：Follow the Gap：目標が空き空間内 | target_deg=-5.989 | gap_min_deg=-30.0 | gap_max_deg=60.0,,242.7810497552333,250.0,58.52676379812154,72.26012673944199,207.4852725437651,0,81.3,52.061060986009295,2
81.35,715.0304837850656,403.59230519517985,104.09226286236634,26.940356090119096,-2.3941121216266494,33.690719933485425,-7.481600380083279,417,427,375,435,33.690719933485425,NEUTRAL,program,sonic_drive_smooth.py,function,bc4a84a5f90dcb414fa9a95aff361c8d4412f04ffa11cdb071a0b8ad9fecc202,平滑操舵：Follow the Gap：目標が空き空間内 | target_deg=-5.967 | gap_min_deg=-30.0 | gap_max_deg=60.0,,243.47460668935884,248.81661565571977,59.71870891218364,69.59522176627591,208.72049970117834,0,81.35,52.349869213597,2
81.4,716.3364691325158,403.26214229713946,104.28281542813204,26.942198824212888,-2.4033533402863556,33.6856661420309,-7.510479188394861,417,427,375,435,33.6856661420309,NEUTRAL,program,sonic_drive_smooth.py,function,bc4a84a5f90dcb414fa9a95aff361c8d4412f04ffa11cdb071a0b8ad9fecc202,平滑操舵：Follow the Gap：目標が空き空間内 | target_deg=-5.990 | gap_min_deg=-30.0 | gap_max_deg=60.0,,238.40195092246572,250.0,54.76990207838722,66.692085472421,205.64470767805633,0,81.4,52.64304286500311,2
81.45,717.6415776725977,402.9276257023412,104.4695417745736,26.948417526698314,-2.354758231805807,33.712241591981204,-7.358619474393146,417,427,375,435,33.712241591981204,NEUTRAL,program,sonic_drive_smooth.py,function,bc4a84a5f90dcb414fa9a95aff361c8d4412f04ffa11cdb071a0b8ad9fecc202,平滑操舵：Follow the Gap：目標が空き空間内 | target_deg=-5.870 | gap_min_deg=-30.0 | gap_max_deg=60.0,,234.20110675585502,245.40733035377116,62.566423981378094,68.35116286597273,206.24073293798622,0,81.45,52.94145398130803,2
81.5,718.9457404168157,402.5887843624138,104.65905703646183,26.94979994338756,-2.3895959567570957,33.69318971114846,-7.4674873648659235,417,427,375,435,33.69318971114846,NEUTRAL,program,sonic_drive_smooth.py,function,bc4a84a5f90dcb414fa9a95aff361c8d4412f04ffa11cdb071a0b8ad9fecc202,平滑操舵：Follow the Gap：目標が空き空間内 | target_deg=-5.956 | gap_min_deg=-30.0 | gap_max_deg=60.0,,234.85173481766103,246.38713008335034,58.45326636166741,70.83393430291018,210.3107797946267,0,81.5,53.24379372554159,2
81.55,720.2488738342499,402.2456176811473,104.8475450647245,26.952163545086634,-2.3764845039096136,33.70036003692443,-7.426514074717542,417,427,375,435,33.70036003692443,NEUTRAL,program,sonic_drive_smooth.py,function,bc4a84a5f90dcb414fa9a95aff361c8d4412f04ffa11cdb071a0b8ad9fecc202,平滑操舵：Follow the Gap：目標が空き空間内 | target_deg=-5.923 | gap_min_deg=-30.0 | gap_max_deg=60.0,,236.58786304713303,250.0,59.54159424335672,69.43010939582263,207.12805815243348,0,81.55,53.55080009423136,2
81.6,721.5509744158745,401.8981396020471,105.03593222675602,26.954138201449098,-2.3750268536332024,33.70115718941934,-7.4219589176037575,417,427,375,435,33.70115718941934,NEUTRAL,program,sonic_drive_smooth.py,function,bc4a84a5f90dcb414fa9a95aff361c8d4412f04ffa11cdb071a0b8ad9fecc202,平滑操舵：Follow the Gap：目標が空き空間内 | target_deg=-5.920 | gap_min_deg=-30.0 | gap_max_deg=60.0,,230.12796138072397,249.63647631336687,58.1495494221167,68.23052241690215,206.48379996946576,0,81.6,53.86228053116827,2
81.65,722.8522178118106,401.54636781108104,105.21900775123436,26.962311222088257,-2.307646605989542,33.738005762349474,-7.211395643717319,417,427,375,435,33.738005762349474,NEUTRAL,program,sonic_drive_smooth.py,function,bc4a84a5f90dcb414fa9a95aff361c8d4412f04ffa11cdb071a0b8ad9fecc202,平滑操舵：Follow the Gap：目標が空き空間内 | target_deg=-5.753 | gap_min_deg=-30.0 | gap_max_deg=60.0,,229.40590287043455,250.0,65.11588697508144,70.66920301036222,204.4934859013119,0,81.65,54.17920729329575,2
81.7,724.1526971907101,401.190347169716,105.40146498594447,26.969473461761464,-2.2992172354393916,33.74261557436908,-7.1850538607480985,417,427,375,435,33.74261557436908,NEUTRAL,program,sonic_drive_smooth.py,function,bc4a84a5f90dcb414fa9a95aff361c8d4412f04ffa11cdb071a0b8ad9fecc202,平滑操舵：Follow the Gap：目標が空き空間内 | target_deg=-5.732 | gap_min_deg=-30.0 | gap_max_deg=60.0,,225.90991646397794,250.0,60.46667905077045,68.0435152538611,203.56097467939202,0,81.7,54.50063593602488,2
81.75,725.4523803815382,400.83010537683447,105.58279404987456,26.976480784312578,-2.2844176447553397,33.750709100524425,-7.138805139860437,417,427,375,435,33.750709100524425,NEUTRAL,program,sonic_drive_smooth.py,function,bc4a84a5f90dcb414fa9a95aff361c8d4412f04ffa11cdb071a0b8ad9fecc202,平滑操舵：Follow the Gap：目標が空き空間内 | target_deg=-5.695 | gap_min_deg=-30.0 | gap_max_deg=60.0,,227.54090169607665,250.0,62.52342490018375,68.49179325225813,204.23419084228195,0,81.75,54.826633837607744,2
81.8,726.7511054427503,400.4656669195223,105.76677083279941,26.978658311640785,-2.3173869790869954,33.732678995811796,-7.241834309646861,417,427,375,435,33.732678995811796,NEUTRAL,program,sonic_drive_smooth.py,function,bc4a84a5f90dcb414fa9a95aff361c8d4412f04ffa11cdb071a0b8ad9fecc202,平滑操舵：Follow the Gap：目標が空き空間内 | target_deg=-5.777 | gap_min_deg=-30.0 | gap_max_deg=60.0,,224.4970253322284,248.80821305822988,60.500279231118434,64.3065351870645,207.71023693553207,0,81.8,55.15646548284167,2
81.85,728.0520450369478,400.0970148714876,105.87146500101233,27.085662052766466,-1.2492126449558005,34.3168368347898,-3.903789515486877,417,430,375,435,34.3168368347898,NEUTRAL,program,sonic_drive_smooth.py,function,bc4a84a5f90dcb414fa9a95aff361c8d4412f04ffa11cdb071a0b8ad9fecc202,平滑操舵：Follow the Gap：目標が空き空間内 | target_deg=-3.120 | gap_min_deg=-30.0 | gap_max_deg=60.0,,222.7223878452485,247.9618106917069,206.47813358011015,68.04998221654648,207.66223748264522,0,81.85,55.50548590134338,2
81.9,729.3586499153001,399.7248802081028,105.923543896517,27.22746867130599,-0.6516453923026398,34.6436314260845,-2.0363918509457495,418,432,375,435,34.6436314260845,NEUTRAL,program,sonic_drive_smooth.py,function,bc4a84a5f90dcb414fa9a95aff361c8d4412f04ffa11cdb071a0b8ad9fecc202,平滑操舵：Follow the Gap：目標が空き空間内 | target_deg=-1.629 | gap_min_deg=-30.0 | gap_max_deg=60.0,,220.44368741857605,249.13814178365587,210.78431981753891,63.389123066211475,208.49674977221997,0,81.9,55.016803881247846,2
81.95,730.6728416249018,399.3499389381021,105.923543896517,27.401566817967456,0.0,35.0,0.0,418,435,375,435,35.0,NEUTRAL,program,sonic_drive_smooth.py,function,bc4a84a5f90dcb414fa9a95aff361c8d4412f04ffa11cdb071a0b8ad9fecc202,平滑操舵：Follow the Gap：目標が空き空間内 | target_deg=0.000 | gap_min_deg=-30.0 | gap_max_deg=60.0,,219.5237461429418,250.0,212.1627749890517,64.20718453148575,205.21981935631376,0,81.95,54.39042505884714,2
82.0,731.9942647977074,398.9729345185793,105.923543896517,27.536430096675804,0.0,35.0,0.0,418,435,375,435,35.0,NEUTRAL,program,sonic_drive_smooth.py,function,bc4a84a5f90dcb414fa9a95aff361c8d4412f04ffa11cdb071a0b8ad9fecc202,平滑操舵：Follow the Gap：目標が空き空間内 | target_deg=0.000 | gap_min_deg=-30.0 | gap_max_deg=60.0,,216.49782886883878,250.0,209.19262245934144,62.92430275652697,205.89286003335897,0,82.0,53.787033312543336,2
82.05,733.321289746616,398.5943319022097,105.923543896517,27.640900501977313,0.0,35.0,0.0,418,435,375,435,35.0,NEUTRAL,program,sonic_drive_smooth.py,function,bc4a84a5f90dcb414fa9a95aff361c8d4412f04ffa11cdb071a0b8ad9fecc202,平滑操舵：Follow the Gap：目標が空き空間内 | target_deg=0.000 | gap_min_deg=-25.0 | gap_max_deg=60.0,,215.54928966459903,249.91380300182587,216.02574591715774,59.61851692899921,202.0938518986404,0,82.05,53.208625095558446,2
82.1,734.6526540518378,398.21449125964114,105.923543896517,27.72182739095993,0.0,35.0,0.0,418,435,375,435,35.0,NEUTRAL,program,sonic_drive_smooth.py,function,bc4a84a5f90dcb414fa9a95aff361c8d4412f04ffa11cdb071a0b8ad9fecc202,平滑操舵：Follow the Gap：目標が空き空間内 | target_deg=0.000 | gap_min_deg=-25.0 | gap_max_deg=60.0,,214.71393731872877,246.48856271482967,213.5585601661504,60.11345612655203,205.54757009901599,0,82.1,52.656932889859306,2
82.15,735.9873797933016,397.8336915932372,105.923543896517,27.78451654528553,0.0,35.0,0.0,418,435,375,435,35.0,NEUTRAL,program,sonic_drive_smooth.py,function,bc4a84a5f90dcb414fa9a95aff361c8d4412f04ffa11cdb071a0b8ad9fecc202,平滑操舵：Follow the Gap：目標が空き空間内 | target_deg=0.000 | gap_min_deg=-30.0 | gap_max_deg=60.0,,210.47410784249684,250.0,207.41374942383067,63.02929051248437,206.35684850716544,0,82.15,52.133481545798155,2
82.2,737.3247094356195,397.45214902921333,105.923543896517,27.833078032319875,0.0,35.0,0.0,418,435,375,435,35.0,NEUTRAL,program,sonic_drive_smooth.py,function,bc4a84a5f90dcb414fa9a95aff361c8d4412f04ffa11cdb071a0b8ad9fecc202,平滑操舵：Follow the Gap：目標が空き空間内 | target_deg=0.000 | gap_min_deg=-30.0 | gap_max_deg=60.0,,214.3745978766252,250.0,213.1136302382957,61.30350121913143,200.8324644789476,0,82.2,51.63962996972858,2
82.25,738.6640561620555,397.07003098744497,105.923543896517,27.870695672059252,0.0,35.0,0.0,418,435,375,435,35.0,NEUTRAL,program,sonic_drive_smooth.py,function,bc4a84a5f90dcb414fa9a95aff361c8d4412f04ffa11cdb071a0b8ad9fecc202,平滑操舵：Follow the Gap：目標が空き空間内 | target_deg=0.000 | gap_min_deg=-30.0 | gap_max_deg=60.0,,210.1047345357526,249.5080069380581,211.54153327459193,63.907650992008335,202.7512717103724,0,82.25,51.17660146491487,2
82.3,740.0049654012628,396.6874671579589,105.923543896517,27.89983577682089,0.0,35.0,0.0,418,435,375,435,35.0,NEUTRAL,program,sonic_drive_smooth.py,function,bc4a84a5f90dcb414fa9a95aff361c8d4412f04ffa11cdb071a0b8ad9fecc202,平滑操舵：Follow the Gap：目標が空き空間内 | target_deg=0.000 | gap_min_deg=-25.0 | gap_max_deg=60.0,,208.88362948445348,250.0,214.68854015051483,58.208849996682794,200.11797592161136,0,82.3,50.745505311317395,2
82.35,741.3470850243791,396.3045580037559,105.923543896517,27.922408849225278,0.0,35.0,0.0,418,435,375,435,35.0,NEUTRAL,program,sonic_drive_smooth.py,function,bc4a84a5f90dcb414fa9a95aff361c8d4412f04ffa11cdb071a0b8ad9fecc202,平滑操舵：Follow the Gap：目標が空き空間内 | target_deg=0.000 | gap_min_deg=-25.0 | gap_max_deg=60.0,,206.78243746222626,249.2707692926541,213.86994337826576,60.22166909603996,204.77272737544175,0,82.35,50.347351610887564,2
82.4,742.6901422585248,395.92138134743163,105.923543896517,27.939894839819402,0.0,35.0,0.0,418,435,375,435,35.0,NEUTRAL,program,sonic_drive_smooth.py,function,bc4a84a5f90dcb414fa9a95aff361c8d4412f04ffa11cdb071a0b8ad9fecc202,平滑操舵：Follow the Gap：目標が空き空間内 | target_deg=0.000 | gap_min_deg=-25.0 | gap_max_deg=60.0,,205.31322544081345,250.0,213.8385353663526,58.51073954729015,202.77110133656458,0,82.4,49.983060992768884,2
82.45,744.033925803088,395.53799747343254,105.923543896517,27.95344017656312,0.0,35.0,0.0,418,435,375,435,35.0,NEUTRAL,program,sonic_drive_smooth.py,function,bc4a84a5f90dcb414fa9a95aff361c8d4412f04ffa11cdb071a0b8ad9fecc202,平滑操舵：Follow the Gap：目標が空き空間内 | target_deg=0.000 | gap_min_deg=-25.0 | gap_max_deg=60.0,,205.77440051586854,248.21559982675657,214.70900501755355,60.50465158587321,201.846911703994,0,82.45,49.65347043948135,2
82.5,745.3782719762954,395.15445308046435,105.923543896517,27.963932927689402,0.0,35.0,0.0,418,435,375,435,35.0,NEUTRAL,program,sonic_drive_smooth.py,function,bc4a84a5f90dcb414fa9a95aff361c8d4412f04ffa11cdb071a0b8ad9fecc202,平滑操舵：Follow the Gap：目標が空き空間内 | target_deg=0.000 | gap_min_deg=-25.0 | gap_max_deg=60.0,,202.01381876815884,249.76484243574274,214.34617536406353,56.420628064204536,199.14213002239322,0,82.5,49.359336238329654,2
82.55,746.7230539838017,394.770784343183,105.923543896517,27.972061025815076,0.0,35.0,0.0,418,435,375,435,35.0,NEUTRAL,program,sonic_drive_smooth.py,function,bc4a84a5f90dcb414fa9a95aff361c8d4412f04ffa11cdb071a0b8ad9fecc202,平滑操舵：Follow the Gap：目標が空き空間内 | target_deg=0.000 | gap_min_deg=-25.0 | gap_max_deg=60.0,,199.47791425350783,250.0,216.6885799723665,59.02202338775097,197.67816105409855,0,82.55,49.10133486394999,2
82.6,748.068173605715,394.3870192839011,105.923543896517,27.97835737062926,0.0,35.0,0.0,418,435,375,435,35.0,NEUTRAL,program,sonic_drive_smooth.py,function,bc4a84a5f90dcb414fa9a95aff361c8d4412f04ffa11cdb071a0b8ad9fecc202,平滑操舵：Follow the Gap：目標が空き空間内 | target_deg=0.000 | gap_min_deg=-25.0 | gap_max_deg=60.0,,200.35277044264467,250.0,215.2953470158591,59.87575992341667,201.30911978762927,0,82.6,48.880062443801386,2
82.65,749.4135547570396,394.0031796098055,105.923543896517,27.983234767211602,0.0,35.0,0.0,418,435,375,435,35.0,NEUTRAL,program,sonic_drive_smooth.py,function,bc4a84a5f90dcb414fa9a95aff361c8d4412f04ffa11cdb071a0b8ad9fecc202,平滑操舵：Follow the Gap：目標が空き空間内 | target_deg=0.000 | gap_min_deg=-25.0 | gap_max_deg=60.0,,200.45240783087368,248.98586627640503,214.87078762228646,54.52728609505078,201.6909939411038,0,82.65,48.696033337231086,2
82.7,750.759138499343,393.61928213613743,105.923543896517,27.987012990629083,0.0,35.0,0.0,418,435,375,435,35.0,NEUTRAL,program,sonic_drive_smooth.py,function,bc4a84a5f90dcb414fa9a95aff361c8d4412f04ffa11cdb071a0b8ad9fecc202,平滑操舵：Follow the Gap：目標が空き空間内 | target_deg=0.000 | gap_min_deg=-25.0 | gap_max_deg=60.0,,197.40844383374798,249.08839279502396,214.50290977144672,58.603563002477145,201.93045182877322,0,82.7,48.549678261695426,2
82.75,752.1048791765945,393.2353398886451,105.923543896517,27.989939751238225,0.0,35.0,0.0,418,435,375,435,35.0,NEUTRAL,program,sonic_drive_smooth.py,function,bc4a84a5f90dcb414fa9a95aff361c8d4412f04ffa11cdb071a0b8ad9fecc202,平滑操舵：Follow the Gap：目標が空き空間内 | target_deg=0.000 | gap_min_deg=-25.0 | gap_max_deg=60.0,,196.13472316115858,250.0,214.64772025459985,55.52810037684799,199.75808242339727,0,82.75,48.44134232003418,2
82.8,753.4507414218352,392.85136295758565,105.923543896517,27.992206935233646,0.0,35.0,0.0,418,435,375,435,35.0,NEUTRAL,program,sonic_drive_smooth.py,function,bc4a84a5f90dcb414fa9a95aff361c8d4412f04ffa11cdb071a0b8ad9fecc202,平滑操舵：Follow the Gap：目標が空き空間内 | target_deg=0.000 | gap_min_deg=-25.0 | gap_max_deg=60.0,,194.46757868689016,250.0,217.83819848323972,54.02243551608582,199.82450767931948,0,82.8,48.37128321529909,2
82.85,754.7966978384268,392.4673591592696,105.923543896517,27.99396318521632,0.0,35.0,0.0,418,435,375,435,35.0,NEUTRAL,program,sonic_drive_smooth.py,function,bc4a84a5f90dcb414fa9a95aff361c8d4412f04ffa11cdb071a0b8ad9fecc202,平滑操舵：Follow the Gap：目標が空き空間内 | target_deg=0.000 | gap_min_deg=-25.0 | gap_max_deg=60.0,,193.62769876088902,250.0,217.43817296033228,58.86353602190633,193.43480797623764,0,82.85,48.060111124815364,2
82.9,756.1427272038544,392.0833345485189,105.923543896517,27.995323645597075,0.0,35.0,0.0,418,435,375,435,35.0,NEUTRAL,program,sonic_drive_smooth.py,function,bc4a84a5f90dcb414fa9a95aff361c8d4412f04ffa11cdb071a0b8ad9fecc202,平滑操舵：Follow the Gap：目標が空き空間内 | target_deg=0.000 | gap_min_deg=-25.0 | gap_max_deg=60.0,,192.20307137226618,250.0,218.59438427107787,56.97392929087067,199.1471921041083,0,82.9,47.67608651406465,2
82.95,757.4888130783222,391.6992938156368,105.923543896517,27.9963775117698,0.0,35.0,0.0,418,435,375,435,35.0,NEUTRAL,program,sonic_drive_smooth.py,function,bc4a84a5f90dcb414fa9a95aff361c8d4412f04ffa11cdb071a0b8ad9fecc202,平滑操舵：Follow the Gap：目標が空き空間内 | target_deg=0.000 | gap_min_deg=-25.0 | gap_max_deg=60.0,,189.96042025167986,247.7495029468624,218.9022576836209,54.6882384539529,195.18347515775525,0,82.95,47.29204578118254,2
83.0,758.8349427269176,391.31524059391705,105.923543896517,27.997193877998274,0.0,35.0,0.0,418,435,375,435,35.0,NEUTRAL,program,sonic_drive_smooth.py,function,bc4a84a5f90dcb414fa9a95aff361c8d4412f04ffa11cdb071a0b8ad9fecc202,平滑操舵：Follow the Gap：目標が空き空間内 | target_deg=0.000 | gap_min_deg=-25.0 | gap_max_deg=60.0,,187.66808769171658,248.2436592119542,214.88802258677632,53.60267981588218,197.44870111426675,0,83.0,46.9079925594628,2
83.05,760.1811062846751,390.931177697852,105.923543896517,27.997826267419466,0.0,35.0,0.0,418,435,375,435,35.0,NEUTRAL,program,sonic_drive_smooth.py,function,bc4a84a5f90dcb414fa9a95aff361c8d4412f04ffa11cdb071a0b8ad9fecc202,平滑操舵：Follow the Gap：目標が空き空間内 | target_deg=0.000 | gap_min_deg=-25.0 | gap_max_deg=60.0,,187.83197748650866,249.74674274299235,217.50556267462275,53.71290916365629,196.484553532623,0,83.05,46.52392966339772,2
83.1,761.5235905691951,390.54937215540656,105.81926824542592,27.859771760776685,1.4051827505999812,34.231540683265635,4.391196095624942,417,439,375,435,34.231540683265635,NEUTRAL,program,sonic_drive_smooth.py,function,bc4a84a5f90dcb414fa9a95aff361c8d4412f04ffa11cdb071a0b8ad9fecc202,平滑操舵：Follow the Gap：目標が空き空間内 | target_deg=3.509 | gap_min_deg=-25.0 | gap_max_deg=60.0,,187.3221697413728,250.0,217.96533214356552,55.657821975822706,52.33276025845327,0,83.1,46.161654945994485,2
83.15,762.8594281808415,390.1729865042792,105.65216157399396,27.68964326219946,2.0460455320526485,33.88106884965871,6.393892287664527,417,441,375,435,33.88106884965871,NEUTRAL,program,sonic_drive_smooth.py,function,bc4a84a5f90dcb414fa9a95aff361c8d4412f04ffa11cdb071a0b8ad9fecc202,平滑操舵：Follow the Gap：目標が空き空間内 | target_deg=5.104 | gap_min_deg=-25.0 | gap_max_deg=60.0,,184.91770099995858,247.8365499624972,222.3837902859657,55.88381381133474,48.373942997939075,0,83.15,45.81666115677109,2
83.2,764.1885147179996,389.80296795053846,105.46231261367382,27.52906545220339,2.338043062786017,33.7213827000389,7.306384571206303,417,442,375,435,33.7213827000389,NEUTRAL,program,sonic_drive_smooth.py,function,bc4a84a5f90dcb414fa9a95aff361c8d4412f04ffa11cdb071a0b8ad9fecc202,平滑操舵：Follow the Gap：目標が空き空間内 | target_deg=5.828 | gap_min_deg=-25.0 | gap_max_deg=60.0,,183.55661854530365,248.48557956647025,219.16176620370794,54.4661113585126,52.01486298295205,0,83.2,45.48244508274951,2
83.25,765.5116657069938,389.4394866193864,105.25917354182252,27.387218415919975,2.515101675104,33.6245537714275,7.859692734699999,417,443,375,435,33.6245537714275,NEUTRAL,program,sonic_drive_smooth.py,function,bc4a84a5f90dcb414fa9a95aff361c8d4412f04ffa11cdb071a0b8ad9fecc202,平滑操舵：Follow the Gap：目標が空き空間内 | target_deg=6.267 | gap_min_deg=-25.0 | gap_max_deg=60.0,,184.59450195472888,247.68535125646133,218.9654149019871,57.318855159248464,49.026135740246,0,83.25,45.15743509567176,2
83.3,766.829836267487,389.08251317650723,105.04644501078889,27.264410662082984,2.6462180486098092,33.55284950466651,8.269431401905655,416,443,375,435,33.55284950466651,NEUTRAL,program,sonic_drive_smooth.py,function,bc4a84a5f90dcb414fa9a95aff361c8d4412f04ffa11cdb071a0b8ad9fecc202,平滑操舵：Follow the Gap：目標が空き空間内 | target_deg=6.591 | gap_min_deg=-25.0 | gap_max_deg=60.0,,181.35854325699012,250.0,224.1027006627542,54.27422454737041,49.27576395880104,0,83.3,44.840928720981935,2
83.35,768.1441257015773,388.7318388712609,104.83243464306747,27.166671817005852,2.6726607352258873,33.538388660423344,8.352064797580898,416,443,375,435,33.538388660423344,NEUTRAL,program,sonic_drive_smooth.py,function,bc4a84a5f90dcb414fa9a95aff361c8d4412f04ffa11cdb071a0b8ad9fecc202,平滑操舵：安全制御優先：右壁追従 | target_deg=6.656,,179.87651741811663,250.0,219.96350488529703,50.93701044896933,51.01875300698237,0,83.35,44.53115020834679,2
83.4,769.4555472263467,388.38719430860624,104.6165761912174,27.087842537227733,2.704274038745735,33.52110013506093,8.450856371080421,416,443,375,435,33.52110013506093,NEUTRAL,program,sonic_drive_smooth.py,function,bc4a84a5f90dcb414fa9a95aff361c8d4412f04ffa11cdb071a0b8ad9fecc202,平滑操舵：安全制御優先：右壁追従 | target_deg=6.735,,178.4287130768279,250.0,219.37059026755162,54.989653508983274,48.077804142234555,0,83.4,44.22794186156648,2
83.45,770.7648508759878,388.04840770076225,104.39799760602119,27.02272032558443,2.745431669997568,33.498592055470084,8.5794739687424,416,444,375,435,33.498592055470084,NEUTRAL,program,sonic_drive_smooth.py,function,bc4a84a5f90dcb414fa9a95aff361c8d4412f04ffa11cdb071a0b8ad9fecc202,平滑操舵：Follow the Gap：目標が空き空間内 | target_deg=6.836 | gap_min_deg=-25.0 | gap_max_deg=60.0,,181.92990309765676,250.0,218.03991675022667,47.220890158708826,43.48773777255283,0,83.45,43.931304669761175,2
83.5,772.0726752177605,387.71532908031327,104.17883073521881,26.970973970173063,2.7586181678514032,33.491380689456264,8.620681774535635,416,444,375,435,33.491380689456264,NEUTRAL,program,sonic_drive_smooth.py,function,bc4a84a5f90dcb414fa9a95aff361c8d4412f04ffa11cdb071a0b8ad9fecc202,平滑操舵：安全制御優先：右壁追従 | target_deg=6.869,,178.3183541510936,250.0,218.4662157693904,52.84051425249575,45.103360637849065,0,83.5,43.640681308980504,2
83.55,773.3795133092134,387.3878445584515,103.95760647392746,26.927866658779294,2.7892742738936125,33.47461563146443,8.716482105917539,416,444,375,435,33.47461563146443,NEUTRAL,program,sonic_drive_smooth.py,function,bc4a84a5f90dcb414fa9a95aff361c8d4412f04ffa11cdb071a0b8ad9fecc202,平滑操舵：安全制御優先：右壁追従 | target_deg=6.944,,178.33329633761966,250.0,221.2571858818709,49.98197910191536,44.72078816479033,0,83.55,43.35624533866394,2
83.6,774.679644429002,387.0687659474194,103.59656722339912,26.67362062116355,5.029274273893613,32.24961563146443,15.716482105917539,415,451,375,435,32.24961563146443,NEUTRAL,program,sonic_drive_smooth.py,function,bc4a84a5f90dcb414fa9a95aff361c8d4412f04ffa11cdb071a0b8ad9fecc202,平滑操舵：安全制御優先：右壁追従 | target_deg=12.408,,179.71259449790136,250.0,220.20806005616183,48.380719199297594,42.77955479708359,0,83.6,43.10784076710928,2
83.65,775.9762164167012,386.758505261089,103.34196638112252,26.656960134394502,2.7892742738936125,33.24961563146443,8.716482105917539,416,444,375,435,33.24961563146443,NEUTRAL,program,sonic_drive_smooth.py,function,bc4a84a5f90dcb414fa9a95aff361c8d4412f04ffa11cdb071a0b8ad9fecc202,平滑操舵：安全制御優先：右壁追従 | target_deg=6.944,,172.70962485187093,250.0,215.12200699692596,50.64095676354242,45.74050616726003,0,83.65,42.84772940174213,2
83.7,777.2744708200596,386.45323242257183,103.12244732532218,26.683960611221867,2.795953777821594,33.47096277775382,8.737355555692481,416,444,375,435,33.47096277775382,NEUTRAL,program,sonic_drive_smooth.py,function,bc4a84a5f90dcb414fa9a95aff361c8d4412f04ffa11cdb071a0b8ad9fecc202,平滑操舵：安全制御優先：右壁追従 | target_deg=6.961,,179.14318321031453,250.0,221.89827052834826,52.26290848005305,44.909630575844226,0,83.7,42.58590123402797,2
83.75,778.5749939688086,386.1526916899749,102.90192012580047,26.70384740104631,2.8063887863879358,33.4652561324441,8.7699649574623,416,444,375,435,33.4652561324441,NEUTRAL,program,sonic_drive_smooth.py,function,bc4a84a5f90dcb414fa9a95aff361c8d4412f04ffa11cdb071a0b8ad9fecc202,平滑操舵：安全制御優先：右壁追従 | target_deg=6.987,,175.35486624258857,250.0,220.20785082547863,52.52347976816,44.05739582020632,0,83.75,42.32919561405299,2
83.8,779.8774629513233,385.856992757521,102.68011200084226,26.71781758266595,2.8209423105937406,33.45729717389405,8.81544472060544,416,444,375,435,33.45729717389405,NEUTRAL,program,sonic_drive_smooth.py,function,bc4a84a5f90dcb414fa9a95aff361c8d4412f04ffa11cdb071a0b8ad9fecc202,平滑操舵：安全制御優先：右壁追従 | target_deg=7.023,,172.80904755841922,250.0,220.222949246159,50.253242984808786,42.86643088017335,0,83.8,42.077778783357246,2
83.85,781.1754357138919,385.5689676979429,102.31903333323413,26.50778601829908,5.060942310593741,32.23229717389405,15.81544472060544,415,451,375,435,32.23229717389405,NEUTRAL,program,sonic_drive_smooth.py,function,bc4a84a5f90dcb414fa9a95aff361c8d4412f04ffa11cdb071a0b8ad9fecc202,平滑操舵：安全制御優先：右壁追従 | target_deg=12.484,,171.99483442746774,247.07171692970363,220.63484079823962,48.36043844707974,45.300086000937256,0,83.85,41.86225095830605,2
83.9,782.4715121887101,385.28923872336173,102.06242902418859,26.525375803247737,2.8446320138069567,33.23229717389405,8.88947504314674,416,444,375,435,33.23229717389405,NEUTRAL,program,sonic_drive_smooth.py,function,bc4a84a5f90dcb414fa9a95aff361c8d4412f04ffa11cdb071a0b8ad9fecc202,平滑操舵：安全制御優先：右壁追従 | target_deg=7.081,,173.73088557726652,249.46198410306516,222.1710403037899,50.75543327645511,42.15483548987809,0,83.9,41.6343510249597,2
83.95,783.7643110478841,385.016947907363,101.70175616046839,26.35637734664799,5.0846320138069565,32.21934186744932,15.88947504314674,415,451,375,435,32.21934186744932,NEUTRAL,program,sonic_drive_smooth.py,function,bc4a84a5f90dcb414fa9a95aff361c8d4412f04ffa11cdb071a0b8ad9fecc202,平滑操舵：安全制御優先：右壁追従 | target_deg=12.541,,172.97661774310004,248.74519729370607,220.38100176756816,48.71455158272926,45.24764523730116,0,83.95,41.43533963274655,2
84.0,785.045495185549,384.7574963723963,101.17094805681268,26.004611071577674,7.324632013806957,30.99434186744932,22.88947504314674,413,459,375,435,30.99434186744932,NEUTRAL,program,sonic_drive_smooth.py,function,bc4a84a5f90dcb414fa9a95aff361c8d4412f04ffa11cdb071a0b8ad9fecc202,平滑操舵：安全制御優先：右壁追従 | target_deg=17.815,,170.06587581458913,246.97754156499462,217.54225147495728,50.104020895690894,44.39573646977345,0,84.0,41.28464417756629,2
84.05,786.3193278636088,384.51110382700125,100.74687878702048,25.91240756947076,5.0846320138069565,31.99434186744932,15.889475043146739,414,451,375,435,31.99434186744932,NEUTRAL,program,sonic_drive_smooth.py,function,bc4a84a5f90dcb414fa9a95aff361c8d4412f04ffa11cdb071a0b8ad9fecc202,平滑操舵：安全制御優先：右壁追従 | target_deg=12.541,,169.40319252953213,247.8441476017735,221.663238340846,50.50273691077022,44.556503379491915,0,84.05,41.125911026171536,2
84.1,787.5857867401284,384.2764500621981,100.22381552330484,25.660694602932185,7.324632013806957,30.99434186744932,22.88947504314674,413,459,375,435,30.99434186744932,NEUTRAL,program,sonic_drive_smooth.py,function,bc4a84a5f90dcb414fa9a95aff361c8d4412f04ffa11cdb071a0b8ad9fecc202,平滑操舵：安全制御優先：右壁追従 | target_deg=17.815,,175.8156899171805,247.52741162015587,219.96392637882084,46.41400532949834,46.1831934766554,0,84.1,41.00031749100384,2
84.15,788.8488787746234,384.0536700579962,99.80463558031943,25.645996332747394,5.0846320138069565,31.99434186744932,15.889475043146739,414,451,375,435,31.99434186744932,NEUTRAL,program,sonic_drive_smooth.py,function,bc4a84a5f90dcb414fa9a95aff361c8d4412f04ffa11cdb071a0b8ad9fecc202,平滑操舵：安全制御優先：右壁追従 | target_deg=12.541,,171.0419859970454,244.74034172765306,215.07653057206593,53.232735857930294,46.396947074584084,0,84.15,40.865679677140974,2
84.2,790.1179932580819,383.837460638743,99.554652159218,25.814898977708992,2.8446320138069563,32.99434186744932,8.889475043146739,416,444,375,435,32.99434186744932,NEUTRAL,program,sonic_drive_smooth.py,function,bc4a84a5f90dcb414fa9a95aff361c8d4412f04ffa11cdb071a0b8ad9fecc202,平滑操舵：安全制御優先：右壁追従 | target_deg=7.081,,171.30182084841007,241.62290392942862,220.39529460918135,54.79297092606187,42.91719836505196,0,84.2,40.70234710535334,2
84.25,791.3976927850425,383.62450680343176,99.34129024095768,26.031887865855193,2.793712505707319,33.47218847344131,8.730351580335372,416,444,375,435,33.47218847344131,NEUTRAL,program,sonic_drive_smooth.py,function,bc4a84a5f90dcb414fa9a95aff361c8d4412f04ffa11cdb071a0b8ad9fecc202,平滑操舵：安全制御優先：右壁追従 | target_deg=6.955,,170.16008898231692,241.18781643607838,216.90587945369617,48.443257048152134,42.250256140402804,0,84.25,40.53470739867487,2
84.3,792.687425642872,383.41483540781604,99.12625607932847,26.199807600067633,2.7954205132415257,33.47125440682104,8.735689103879768,416,444,375,435,33.47125440682104,NEUTRAL,program,sonic_drive_smooth.py,function,bc4a84a5f90dcb414fa9a95aff361c8d4412f04ffa11cdb071a0b8ad9fecc202,平滑操舵：安全制御優先：右壁追従 | target_deg=6.960,,170.32636959806155,243.01566666242917,216.89562009666327,49.58816879958002,42.058888444728865,0,84.3,40.37087561265491,2
84.35,793.9787157637968,383.21120808406846,98.77315767765413,26.109031420186387,5.035420513241526,32.24625440682104,15.735689103879768,415,451,375,435,32.24625440682104,NEUTRAL,program,sonic_drive_smooth.py,function,bc4a84a5f90dcb414fa9a95aff361c8d4412f04ffa11cdb071a0b8ad9fecc202,平滑操舵：安全制御優先：右壁追従 | target_deg=12.423,,170.68391502168288,244.94056024957356,216.70049683841887,49.46916098605534,43.50155778209689,0,84.35,40.24288877109649,2
84.4,795.2726481805915,383.0146826175613,98.5221812988953,26.219001121083434,2.811400223847928,33.24625440682104,8.785625699524775,416,444,375,435,33.24625440682104,NEUTRAL,program,sonic_drive_smooth.py,function,bc4a84a5f90dcb414fa9a95aff361c8d4412f04ffa11cdb071a0b8ad9fecc202,平滑操舵：安全制御優先：右壁追従 | target_deg=6.999,,167.8047781425246,241.8408754956884,220.8910523202374,50.27218472626057,43.21741443385825,0,84.4,40.10040496823427,2
84.45,796.5667888793336,382.82458312413246,98.16763681492398,26.122323953251577,5.051400223847928,32.237515502583165,15.785625699524775,415,451,375,435,32.237515502583165,NEUTRAL,program,sonic_drive_smooth.py,function,bc4a84a5f90dcb414fa9a95aff361c8d4412f04ffa11cdb071a0b8ad9fecc202,平滑操舵：安全制御優先：右壁追従 | target_deg=12.461,,167.81529114189996,238.7878959302867,221.88266658484145,46.13287247402811,39.553642155636986,0,84.45,39.98703897930989,2
84.5,797.8516045966775,382.64590723897305,97.64344267482505,25.826580595775074,7.291400223847928,31.012515502583163,22.785625699524775,413,458,375,435,31.012515502583163,NEUTRAL,program,sonic_drive_smooth.py,function,bc4a84a5f90dcb414fa9a95aff361c8d4412f04ffa11cdb071a0b8ad9fecc202,平滑操舵：安全制御優先：右壁追従 | target_deg=17.738,,164.60023732048467,238.9425639721223,215.93189864606742,50.02512547293856,37.61198285813584,0,84.5,39.92264674609879,2
84.55,799.1233907767113,382.4820796471826,97.03659505017924,25.52762155742521,8.0,30.625,25.0,413,461,375,435,30.625,NEUTRAL,program,sonic_drive_smooth.py,function,bc4a84a5f90dcb414fa9a95aff361c8d4412f04ffa11cdb071a0b8ad9fecc202,平滑操舵：安全制御優先：右壁追従 | target_deg=19.359,,169.03714916445153,237.0530371654402,222.0619036466918,48.712084079637016,42.85444803660012,0,84.55,39.89235287431376,2
84.6,800.3892746462673,382.3313283080943,96.56874595741368,25.476324619921176,5.76,31.625,18.0,414,453,375,435,31.625,NEUTRAL,program,sonic_drive_smooth.py,function,bc4a84a5f90dcb414fa9a95aff361c8d4412f04ffa11cdb071a0b8ad9fecc202,平滑操舵：安全制御優先：右壁追従 | target_deg=14.154,,167.33387436798876,235.52735948805426,220.96907417655524,54.024679022749694,42.96649487659536,0,84.6,39.84544148853837,3
84.65,801.6593498059653,382.1886913098756,96.26957888797551,25.616876496275072,3.52,32.625,11.0,415,446,375,435,32.625,NEUTRAL,program,sonic_drive_smooth.py,function,bc4a84a5f90dcb414fa9a95aff361c8d4412f04ffa11cdb071a0b8ad9fecc202,平滑操舵：安全制御優先：右壁追従 | target_deg=8.743,,172.19665568043104,234.5523297389548,217.37418737418542,48.76563103607654,36.8835648826001,0,84.65,39.769608774569065,3
84.7,802.9403723776414,382.0504318633021,96.05048033020688,25.869161949867614,2.8883408295326762,33.42043860884932,9.026065092289613,416,444,375,435,33.42043860884932,NEUTRAL,program,sonic_drive_smooth.py,function,bc4a84a5f90dcb414fa9a95aff361c8d4412f04ffa11cdb071a0b8ad9fecc202,平滑操舵：安全制御優先：右壁追従 | target_deg=7.189,,168.7210937266514,236.71982365852222,222.13786642757114,52.39662578854521,40.332412092710086,0,84.7,39.68047269823421,3
84.75,804.2328782431605,381.91591504380614,95.8327903161537,26.068816471811452,2.8454962104063566,33.44386925993402,8.892175657519864,416,444,375,435,33.44386925993402,NEUTRAL,program,sonic_drive_smooth.py,function,bc4a84a5f90dcb414fa9a95aff361c8d4412f04ffa11cdb071a0b8ad9fecc202,平滑操舵：安全制御優先：右壁追従 | target_deg=7.083,,168.12620001498672,233.22448753274372,218.51830714769198,54.00399338784885,43.75893009084399,0,84.75,39.594928831451796,3
84.8,805.5343916371316,381.78549739727333,95.61161031333637,26.22084535186821,2.872184843264599,33.42927391383967,8.975577635201871,416,444,375,435,33.42927391383967,NEUTRAL,program,sonic_drive_smooth.py,function,bc4a84a5f90dcb414fa9a95aff361c8d4412f04ffa11cdb071a0b8ad9fecc202,平滑操舵：安全制御優先：右壁追従 | target_deg=7.149,,166.95017130936603,230.7659351400486,220.77331990781653,52.750167271995295,39.34060703094839,0,84.8,39.514437378277705,3
84.85,806.8430538456106,381.65944066128435,95.39245847818506,26.342630408681856,2.8314374456566593,33.451557646906515,8.84824201767706,416,444,375,435,33.451557646906515,NEUTRAL,program,sonic_drive_smooth.py,function,bc4a84a5f90dcb414fa9a95aff361c8d4412f04ffa11cdb071a0b8ad9fecc202,平滑操舵：安全制御優先：右壁追従 | target_deg=7.049,,164.94758448230752,234.8968642727254,217.58092315245042,50.06914702362117,43.54925205664808,0,84.85,39.438015420209354,3
84.9,808.1573687953787,381.53793976801006,95.17085228696851,26.434958801005607,2.8518350498455085,33.44040270711574,8.911984530767214,416,444,375,435,33.44040270711574,NEUTRAL,program,sonic_drive_smooth.py,function,bc4a84a5f90dcb414fa9a95aff361c8d4412f04ffa11cdb071a0b8ad9fecc202,平滑操舵：安全制御優先：右壁追従 | target_deg=7.099,,163.98235035405176,232.06029685601385,219.57418143575478,52.09983449345552,39.866185381277376,0,84.9,39.36687286038574,3
84.95,809.4760542182657,381.4212043133634,94.94688931092969,26.50433541535717,2.8735865316778946,33.42850736548865,8.97995791149342,416,444,375,435,33.42850736548865,NEUTRAL,program,sonic_drive_smooth.py,function,bc4a84a5f90dcb414fa9a95aff361c8d4412f04ffa11cdb071a0b8ad9fecc202,平滑操舵：安全制御優先：右壁追従 | target_deg=7.153,,164.41962257457325,231.26732599782727,219.88585125271877,48.32221518475548,38.72092977006814,0,84.95,39.30120184723211,3
85.0,810.7982404949229,381.30935056081125,94.72425124089648,26.56040043292344,2.850023935021572,33.44139316053508,8.906324796942412,416,444,375,435,33.44139316053508,NEUTRAL,program,sonic_drive_smooth.py,function,bc4a84a5f90dcb414fa9a95aff361c8d4412f04ffa11cdb071a0b8ad9fecc202,平滑操舵：安全制御優先：右壁追従 | target_deg=7.094,,161.73199770854893,228.4124106344723,220.42286446267968,53.01325298749079,43.99250344782857,0,85.0,39.240279613497705,3
85.05,812.1232852094467,381.2024375790627,94.50173333709279,26.604497043193295,2.8432645810804784,33.445089682221614,8.885201815876496,416,444,375,435,33.445089682221614,NEUTRAL,program,sonic_drive_smooth.py,function,bc4a84a5f90dcb414fa9a95aff361c8d4412f04ffa11cdb071a0b8ad9fecc202,平滑操舵：安全制御優先：右壁追従 | target_deg=7.078,,162.60474568047132,228.860564893839,218.55042979793623,51.800887255940076,41.33296023917105,0,85.05,39.18443841386056,3
85.1,813.4505782970602,381.10055125556346,94.27738358638311,26.636743538543808,2.862661809336702,33.43448182301899,8.945818154177193,416,444,375,435,33.43448182301899,NEUTRAL,program,sonic_drive_smooth.py,function,bc4a84a5f90dcb414fa9a95aff361c8d4412f04ffa11cdb071a0b8ad9fecc202,平滑操舵：安全制御優先：右壁追従 | target_deg=7.126,,159.27146628430583,226.59909586045794,220.5303231250169,54.0771695742834,40.21766587432334,0,85.1,39.134213315816226,3
85.15,814.7796671238341,381.0037576653048,94.05327197782702,26.662320056054387,2.856605609853483,33.437793807111376,8.926892530792134,416,444,375,435,33.437793807111376,NEUTRAL,program,sonic_drive_smooth.py,function,bc4a84a5f90dcb414fa9a95aff361c8d4412f04ffa11cdb071a0b8ad9fecc202,平滑操舵：安全制御優先：右壁追従 | target_deg=7.111,,165.9010052829991,227.27111278136869,221.22884622897814,50.415274643832404,43.12694635320065,0,85.15,39.08919475028142,3
85.2,816.1102275313465,380.91208941198437,93.82899750085278,26.68216155506626,2.8563122733656816,33.43795422550314,8.925975854267755,416,444,375,435,33.43795422550314,NEUTRAL,program,sonic_drive_smooth.py,function,bc4a84a5f90dcb414fa9a95aff361c8d4412f04ffa11cdb071a0b8ad9fecc202,平滑操舵：安全制御優先：右壁追従 | target_deg=7.110,,162.2751491060374,224.3408131344781,219.82796570741382,52.007880823695544,41.32956421762312,0,85.2,39.04950708533204,3
85.25,817.4420005439349,380.82557294632795,93.60481083646596,26.697823983238333,2.8533463921976465,33.43957619176691,8.916707475617645,416,444,375,435,33.43957619176691,NEUTRAL,program,sonic_drive_smooth.py,function,bc4a84a5f90dcb414fa9a95aff361c8d4412f04ffa11cdb071a0b8ad9fecc202,平滑操舵：安全制御優先：右壁追従 | target_deg=7.103,,156.50935454859624,224.6402341457765,217.91142012049843,49.63128264318244,39.790767223264176,0,85.25,39.01511795942872,3
85.3,818.7747420191673,380.7442413652016,93.37956615372576,26.708766623100168,2.8654168857356153,33.43297514061334,8.954427767923798,416,444,375,435,33.43297514061334,NEUTRAL,program,sonic_drive_smooth.py,function,bc4a84a5f90dcb414fa9a95aff361c8d4412f04ffa11cdb071a0b8ad9fecc202,平滑操舵：安全制御優先：右壁追従 | target_deg=7.132,,162.57138916675922,222.32161302168635,221.5344082020066,52.450736414638186,41.57696789259555,0,85.3,38.986327176563975,3
85.35,820.1082907857837,380.6681141614104,93.15493599029412,26.71811780943377,2.8565464132216065,33.43782618026943,8.926707541317521,416,444,375,435,33.43782618026943,NEUTRAL,program,sonic_drive_smooth.py,function,bc4a84a5f90dcb414fa9a95aff361c8d4412f04ffa11cdb071a0b8ad9fecc202,平滑操舵：安全制御優先：右壁追従 | target_deg=7.111,,161.4031739961829,220.00584222514482,215.91124264807374,51.000635842602364,38.015625784801216,0,85.35,38.96276377955485,3
85.4,821.4425271901016,380.5971965547639,92.93013191317993,26.725228132045277,2.8579001746600654,33.43708584198278,8.930938045812704,416,444,375,435,33.43708584198278,NEUTRAL,program,sonic_drive_smooth.py,function,bc4a84a5f90dcb414fa9a95aff361c8d4412f04ffa11cdb071a0b8ad9fecc202,平滑操舵：安全制御優先：右壁追従 | target_deg=7.114,,158.5618015780667,220.4938733364374,217.94809846164148,50.620996237743405,39.23188809666914,0,85.4,38.944616183589176,3
85.45,822.7773346205972,380.5315013060178,92.70517631725693,26.730610356613333,2.859175197850343,33.43638856367559,8.934922493282322,416,444,375,435,33.43638856367559,NEUTRAL,program,sonic_drive_smooth.py,function,bc4a84a5f90dcb414fa9a95aff361c8d4412f04ffa11cdb071a0b8ad9fecc202,平滑操舵：安全制御優先：右壁追従 | target_deg=7.117,,160.38993475609414,215.9778508194976,222.91415053081232,54.850974475887085,44.1239191271003,0,85.45,38.93189143885951,3
85.5,824.1125447382743,380.47106479737965,92.47812015223354,26.732184509472752,2.8854962378655404,33.421994244917286,9.017175743329814,416,444,375,435,33.421994244917286,NEUTRAL,program,sonic_drive_smooth.py,function,bc4a84a5f90dcb414fa9a95aff361c8d4412f04ffa11cdb071a0b8ad9fecc202,平滑操舵：安全制御優先：右壁追従 | target_deg=7.182,,158.2762113109504,221.99908861663008,216.94302915682013,51.84085038152342,34.70481499808437,0,85.5,38.92508652651122,3
85.55,825.4481088278576,380.41589725416054,92.25257234253752,26.735317231094157,2.8660904313259614,33.43260679536861,8.956532597893629,416,444,375,435,33.43260679536861,NEUTRAL,program,sonic_drive_smooth.py,function,bc4a84a5f90dcb414fa9a95aff361c8d4412f04ffa11cdb071a0b8ad9fecc202,平滑操舵：安全制御優先：右壁追従 | target_deg=7.134,,157.9448388222267,214.34788736479598,217.08840827875653,50.33096607569268,39.354667988990855,0,85.55,38.923359050505894,3
85.6,826.783973262682,380.3659973774981,92.02589125492068,26.73634623793146,2.880266796879577,33.42485409545648,9.000833740248678,416,444,375,435,33.42485409545648,NEUTRAL,program,sonic_drive_smooth.py,function,bc4a84a5f90dcb414fa9a95aff361c8d4412f04ffa11cdb071a0b8ad9fecc202,平滑操舵：安全制御優先：右壁追従 | target_deg=7.169,,156.9311448524928,218.4927765585297,217.52847940063182,55.136885618526264,36.49133010969426,0,85.6,38.927332357318846,3
85.65,828.120055471672,380.32138628496995,91.79884059208399,26.736687651557077,2.8848886773979694,33.42232650454799,9.015277116868655,416,444,375,435,33.42232650454799,NEUTRAL,program,sonic_drive_smooth.py,function,bc4a84a5f90dcb414fa9a95aff361c8d4412f04ffa11cdb071a0b8ad9fecc202,平滑操舵：安全制御優先：右壁追従 | target_deg=7.180,,154.07896414846414,217.16073271129542,218.97962671691297,50.71430002933638,38.34138195815018,0,85.65,38.93684685724287,3
85.7,829.456331948431,380.28206523584964,91.572138815132,26.737394412482118,2.880402777977942,33.42477973079331,9.001258681181069,416,444,375,435,33.42477973079331,NEUTRAL,program,sonic_drive_smooth.py,function,bc4a84a5f90dcb414fa9a95aff361c8d4412f04ffa11cdb071a0b8ad9fecc202,平滑操舵：安全制御優先：右壁追従 | target_deg=7.169,,152.07134271311818,216.85191326987433,219.76694275996016,50.19945927706485,40.064683065683006,0,85.7,38.95173171419492,3
85.75,830.7928057469248,380.24802373663755,91.34600682981232,26.738665570765708,2.8730629390033537,33.42879370523254,8.978321684385481,416,444,375,435,33.42879370523254,NEUTRAL,program,sonic_drive_smooth.py,function,bc4a84a5f90dcb414fa9a95aff361c8d4412f04ffa11cdb071a0b8ad9fecc202,平滑操舵：安全制御優先：右壁追従 | target_deg=7.151,,154.16243458468924,215.96631053197913,220.21574476380422,53.42946800654168,41.177663591859286,0,85.75,38.97192177684599,3
85.8,832.1294513369604,380.21925847086635,91.11967887608893,26.73941530847536,2.8754459288741163,33.427490507646965,8.985768527731613,416,444,375,435,33.427490507646965,NEUTRAL,program,sonic_drive_smooth.py,function,bc4a84a5f90dcb414fa9a95aff361c8d4412f04ffa11cdb071a0b8ad9fecc202,平滑操舵：安全制御優先：右壁追従 | target_deg=7.157,,154.18759019449556,213.32574499526973,217.99647215650603,50.52218138027454,38.109563956753966,0,85.8,38.997596127089935,3
85.85,833.4662810651544,380.1957570426912,90.89462994210294,26.741612651412225,2.859049944565813,33.43645706156557,8.934531076768165,416,444,375,435,33.43645706156557,NEUTRAL,program,sonic_drive_smooth.py,function,bc4a84a5f90dcb414fa9a95aff361c8d4412f04ffa11cdb071a0b8ad9fecc202,平滑操舵：安全制御優先：右壁追従 | target_deg=7.117,,151.15273137361916,213.70980958131577,219.88470006669394,53.969284948146345,42.374330521561205,0,85.85,39.028385589478034,3
85.9,834.8032899484749,380.1775048079014,90.66962452953214,26.74338967056801,2.858290569368777,33.43687234487645,8.932158029277428,416,444,375,435,33.43687234487645,NEUTRAL,program,sonic_drive_smooth.py,function,bc4a84a5f90dcb414fa9a95aff361c8d4412f04ffa11cdb071a0b8ad9fecc202,平滑操舵：安全制御優先：右壁追従 | target_deg=7.115,,152.8112268803338,213.38352122768816,217.37087537333542,57.46036014398246,38.782377812023825,0,85.9,39.064571333509946,3
85.95,836.140426776672,380.1645058860065,90.44433761116699,26.744428245533456,2.861718462164478,33.4349977160038,8.942870194263994,416,444,375,435,33.4349977160038,NEUTRAL,program,sonic_drive_smooth.py,function,bc4a84a5f90dcb414fa9a95aff361c8d4412f04ffa11cdb071a0b8ad9fecc202,平滑操舵：安全制御優先：右壁追従 | target_deg=7.123,,151.04256229116925,212.88625000092873,221.1262282913161,56.24664406987457,42.02207024853354,0,85.95,39.106235524611975,3
86.0,837.4709852220271,380.15814486535834,90.07977133971247,26.524379349530406,5.101718462164478,32.2099977160038,15.942870194263994,415,451,375,435,32.2099977160038,NEUTRAL,program,sonic_drive_smooth.py,function,bc4a84a5f90dcb414fa9a95aff361c8d4412f04ffa11cdb071a0b8ad9fecc202,平滑操舵：安全制御優先：左回避 | target_deg=12.582,,149.72759923415092,213.96917311700446,220.87316005193685,56.06938512380231,37.27909497860499,0,86.0,39.188662748393995,3
86.05,838.7853755867287,380.1621810216473,89.54471348103124,26.1330673942248,7.341718462164478,30.9849977160038,22.942870194263996,413,459,375,435,30.9849977160038,NEUTRAL,program,sonic_drive_smooth.py,function,bc4a84a5f90dcb414fa9a95aff361c8d4412f04ffa11cdb071a0b8ad9fecc202,平滑操舵：安全制御優先：左回避 | target_deg=17.854,,149.4820647140451,209.6180927182194,217.79715372687406,53.71671595174071,37.43537492025607,0,86.05,39.1012504219363,3
86.1,840.0760732030207,380.1800458180833,88.84582040294072,25.609088330497432,9.58171846216448,29.7599977160038,29.942870194263996,412,466,375,435,29.7599977160038,NEUTRAL,program,sonic_drive_smooth.py,function,bc4a84a5f90dcb414fa9a95aff361c8d4412f04ffa11cdb071a0b8ad9fecc202,平滑操舵：安全制御優先：左回避 | target_deg=22.881,,155.90399055701752,206.5022340820758,217.34224297527052,55.52042866875122,41.486375285127835,0,86.1,38.95007449557892,3
86.15,841.3371147464635,380.21460630933734,87.99114551676718,24.98234010143653,11.821718462164478,28.5349977160038,36.942870194263996,410,473,375,435,28.5349977160038,NEUTRAL,program,sonic_drive_smooth.py,function,bc4a84a5f90dcb414fa9a95aff361c8d4412f04ffa11cdb071a0b8ad9fecc202,平滑操舵：安全制御優先：左回避 | target_deg=27.622,,153.83602007464486,209.39643787167907,218.66947969454455,57.0053640542901,40.68621800576815,0,86.15,38.77999690371439,3
86.2,842.5637175604628,380.2681198124713,86.98961945194827,24.275982830850612,14.061718462164478,27.3099977160038,43.942870194263996,409,481,375,435,27.3099977160038,NEUTRAL,program,sonic_drive_smooth.py,function,bc4a84a5f90dcb414fa9a95aff361c8d4412f04ffa11cdb071a0b8ad9fecc202,平滑操舵：安全制御優先：左回避 | target_deg=32.054,,155.95808018088465,208.69327141917796,216.8178784916603,58.38797463921318,41.299143762336996,0,86.2,38.59668310272133,3
86.25,843.7519946976531,380.3422223317379,85.85069974053272,23.507957262463858,16.30171846216448,26.0849977160038,50.942870194263996,407,488,375,435,26.0849977160038,NEUTRAL,program,sonic_drive_smooth.py,function,bc4a84a5f90dcb414fa9a95aff361c8d4412f04ffa11cdb071a0b8ad9fecc202,平滑操舵：安全制御優先：左回避 | target_deg=36.172,,155.8874207551459,201.8700422761798,220.16169895976782,55.25138169347469,39.03355638675199,0,86.25,38.40545405048414,3
86.3,844.8987448062801,380.43793859607683,84.58414178933799,22.69216100269832,18.54171846216448,24.8599977160038,57.942870194263996,406,495,375,435,24.8599977160038,NEUTRAL,program,sonic_drive_smooth.py,function,bc4a84a5f90dcb414fa9a95aff361c8d4412f04ffa11cdb071a0b8ad9fecc202,平滑操舵：安全制御優先：左回避 | target_deg=39.980,,156.77615570201402,205.45958531784163,216.89051731532092,59.19764930117644,41.82985199716851,0,86.3,38.21120577157939,3
86.35,846.0013000961022,380.555705506265,83.1998566387262,21.8393596846421,20.78171846216448,23.634997716003802,64.942870194264,404,503,375,435,23.634997716003802,NEUTRAL,program,sonic_drive_smooth.py,function,bc4a84a5f90dcb414fa9a95aff361c8d4412f04ffa11cdb071a0b8ad9fecc202,平滑操舵：安全制御優先：左回避 | target_deg=43.493,,165.85476246917924,204.0392245930778,220.5614219002075,64.24932223214026,42.91638015915791,0,86.35,38.0183630482108,3
86.4,847.057419006033,380.69540367673966,81.70783098548543,20.95789279153195,23.021718462164483,22.409997716003797,71.942870194264,403,510,375,435,22.409997716003797,NEUTRAL,program,sonic_drive_smooth.py,function,bc4a84a5f90dcb414fa9a95aff361c8d4412f04ffa11cdb071a0b8ad9fecc202,平滑操舵：安全制御優先：左回避 | target_deg=46.730,,168.35818749748225,204.70074852622588,216.80292206595453,69.8700561986649,37.238063660847914,0,86.4,37.83085521098633,3
86.45,848.0652129425055,380.85639378279166,80.11809222230727,20.054220415411393,25.26171846216448,21.1849977160038,78.942870194264,401,517,375,435,21.1849977160038,NEUTRAL,program,sonic_drive_smooth.py,function,bc4a84a5f90dcb414fa9a95aff361c8d4412f04ffa11cdb071a0b8ad9fecc202,平滑操舵：安全制御優先：左回避 | target_deg=49.713,,166.18873617374373,211.4521740912922,222.71705613583165,71.36167064225378,45.11364952926429,0,86.45,37.65210576557911,3
86.5,849.0230986525025,381.0375557876031,78.44070657674462,19.133346797913415,27.50171846216448,19.9599977160038,85.942870194264,399,525,375,435,19.9599977160038,NEUTRAL,program,sonic_drive_smooth.py,function,bc4a84a5f90dcb414fa9a95aff361c8d4412f04ffa11cdb071a0b8ad9fecc202,平滑操舵：安全制御優先：左回避 | target_deg=52.464,,170.65289451310605,210.04049041230232,220.59978510771558,76.03808095647886,41.147206565731516,0,86.5,37.48503033020256,3
86.55,849.9297695295033,381.2373300015478,76.68580237569284,18.199148421625654,29.74171846216448,18.734997716003797,92.942870194264,398,532,375,435,18.734997716003797,NEUTRAL,program,sonic_drive_smooth.py,function,bc4a84a5f90dcb414fa9a95aff361c8d4412f04ffa11cdb071a0b8ad9fecc202,平滑操舵：安全制御優先：左回避 | target_deg=55.005,,175.26442734049857,212.4779436706066,221.1946584740601,75.27934243113481,40.34332079835695,0,86.55,37.33203931526771,3
86.6,850.7841805098452,381.45375945940714,74.86361343089055,17.254628162578957,31.98171846216448,17.5099977160038,99.942870194264,396,539,375,435,17.5099977160038,NEUTRAL,program,sonic_drive_smooth.py,function,bc4a84a5f90dcb414fa9a95aff361c8d4412f04ffa11cdb071a0b8ad9fecc202,平滑操舵：安全制御優先：左回避 | target_deg=57.357,,174.72692665776233,212.06362036044973,222.43733322302606,85.71154532222391,44.07129123570455,0,86.6,37.19504315039177,3
86.65,851.5920802826472,381.68574953348786,73.09333164074346,16.521163110572452,32.0,17.5,100.0,396,540,375,435,17.5,NEUTRAL,program,sonic_drive_smooth.py,function,bc4a84a5f90dcb414fa9a95aff361c8d4412f04ffa11cdb071a0b8ad9fecc202,平滑操舵：安全制御優先：左回避 | target_deg=57.375,,177.67347530137528,206.91698422450133,224.9782883269029,90.27648286639922,43.19225541086439,0,86.65,37.09656238800562,3
86.7,852.3624087380706,381.9324588476162,71.38977153446575,15.952992204514901,32.0,17.5,100.0,396,540,375,435,17.5,NEUTRAL,program,sonic_drive_smooth.py,function,bc4a84a5f90dcb414fa9a95aff361c8d4412f04ffa11cdb071a0b8ad9fecc202,平滑操舵：安全制御優先：左回避 | target_deg=57.375,,170.97793557265595,205.18915703893907,227.92586802550363,93.43459955104032,46.34770382988334,0,86.7,37.03754530302268,3
86.75,853.1020432643851,382.19345016304317,69.73789667136913,15.512864651597226,32.0,17.5,100.0,396,540,375,435,17.5,NEUTRAL,program,sonic_drive_smooth.py,function,bc4a84a5f90dcb414fa9a95aff361c8d4412f04ffa11cdb071a0b8ad9fecc202,平滑操舵：安全制御優先：左回避 | target_deg=57.375,,173.8197592314206,205.33525054886033,229.3848373117931,94.71403195509288,46.94810025631275,0,86.75,37.013854861940615,3
86.8,853.8162070888687,382.4685652095545,68.12605923250644,15.171924521132894,32.0,17.5,100.0,396,540,375,435,17.5,NEUTRAL,program,sonic_drive_smooth.py,function,bc4a84a5f90dcb414fa9a95aff361c8d4412f04ffa11cdb071a0b8ad9fecc202,平滑操舵：安全制御優先：左回避 | target_deg=57.375,,174.19507317456055,205.33930697347625,228.16087519785913,93.6006864355993,50.55621384140215,0,86.8,37.02258676439203,3
86.85,854.508841589792,382.757794285301,66.54523635874261,14.907818873144118,32.0,17.5,100.0,396,540,375,435,17.5,NEUTRAL,program,sonic_drive_smooth.py,function,bc4a84a5f90dcb414fa9a95aff361c8d4412f04ffa11cdb071a0b8ad9fecc202,平滑操舵：安全制御優先：左回避 | target_deg=57.375,,176.122214001371,203.8542594698685,234.81923085123407,96.06975023816275,47.9402770422184,0,86.85,37.061699522157426,3
86.9,855.1828964656188,383.06119561871986,64.98843858815863,14.703232240281114,32.0,17.5,100.0,396,540,375,435,17.5,NEUTRAL,program,sonic_drive_smooth.py,function,bc4a84a5f90dcb414fa9a95aff361c8d4412f04ffa11cdb071a0b8ad9fecc202,平滑操舵：安全制御優先：左回避 | target_deg=57.375,,176.10740950222586,202.69764869468685,233.10733494118833,89.47218499499314,48.62931445574092,0,86.9,37.129754861299546,3
86.95,855.8405553261762,383.3788464378965,63.450251608374344,14.544751379818786,32.0,17.5,100.0,396,540,375,435,17.5,NEUTRAL,program,sonic_drive_smooth.py,function,bc4a84a5f90dcb414fa9a95aff361c8d4412f04ffa11cdb071a0b8ad9fecc202,平滑操舵：安全制御優先：左回避 | target_deg=57.375,,182.53990994924712,202.6824693747093,233.83796467889144,97.59147090108401,53.603085953560935,0,86.95,37.225734717850855,3
87.0,856.4834107911769,383.7108142029587,61.9264812798568,14.421985865858263,32.0,17.5,100.0,396,540,375,435,17.5,NEUTRAL,program,sonic_drive_smooth.py,function,bc4a84a5f90dcb414fa9a95aff361c8d4412f04ffa11cdb071a0b8ad9fecc202,平滑操舵：安全制御優先：左回避 | target_deg=57.375,,181.61420532194526,200.96470497430622,241.19346923708233,96.8377924441227,52.552537673903295,0,87.0,37.3489117910874,3
87.05,857.1126002469025,384.05714059220594,60.41387865699903,14.326886865423605,32.0,17.5,100.0,396,540,375,435,17.5,NEUTRAL,program,sonic_drive_smooth.py,function,bc4a84a5f90dcb414fa9a95aff361c8d4412f04ffa11cdb071a0b8ad9fecc202,平滑操舵：安全制御優先：左回避 | target_deg=57.375,,184.28410517039106,202.85654600914012,237.38758133981418,104.29118439824202,58.119726288478304,0,87.05,37.498757783543965,3
87.1,857.7289110190908,384.4178334741721,58.90992697862174,14.253219435606312,32.0,17.5,100.0,396,540,375,435,17.5,NEUTRAL,program,sonic_drive_smooth.py,function,bc4a84a5f90dcb414fa9a95aff361c8d4412f04ffa11cdb071a0b8ad9fecc202,平滑操舵：安全制御優先：左回避 | target_deg=57.375,,183.96675942646291,200.9142176351816,245.62045023441843,96.89354384909271,54.25888266847851,0,87.1,37.674878300638795,3
87.15,858.3377334981869,384.7953436967485,57.50379775750082,14.376442247880318,29.76,18.5,93.0,398,532,375,435,18.5,NEUTRAL,program,sonic_drive_smooth.py,function,bc4a84a5f90dcb414fa9a95aff361c8d4412f04ffa11cdb071a0b8ad9fecc202,平滑操舵：安全制御優先：右壁追従 | target_deg=55.024,,190.8874310114137,202.41308460285586,249.308283429412,102.91527406675,55.08456291592265,0,87.15,37.88966125612609,3
87.2,858.946484235407,385.1930207489339,56.20215247761655,14.652183993315319,27.52,19.5,86.0,399,525,375,435,19.5,NEUTRAL,program,sonic_drive_smooth.py,function,bc4a84a5f90dcb414fa9a95aff361c8d4412f04ffa11cdb071a0b8ad9fecc202,平滑操舵：安全制御優先：右壁追従 | target_deg=52.485,,188.75650432778858,198.99910749939733,246.72941664796323,108.98158208489322,60.330745295810075,0,87.2,38.14526551826924,3
87.25,859.560695991364,385.6137478007627,54.9927930375936,15.046072909100083,25.28,20.5,79.0,400,517,375,435,20.5,NEUTRAL,program,sonic_drive_smooth.py,function,bc4a84a5f90dcb414fa9a95aff361c8d4412f04ffa11cdb071a0b8ad9fecc202,平滑操舵：安全制御優先：右壁追従 | target_deg=49.736,,191.45069995450146,198.8156768950414,250.0,111.19046059407458,62.91889432769664,0,87.25,38.441436330571776,3
87.3,860.1844837612537,386.05995734556717,53.869301576152026,15.531483274532821,23.04,21.5,72.0,401,510,375,435,21.5,NEUTRAL,program,sonic_drive_smooth.py,function,bc4a84a5f90dcb414fa9a95aff361c8d4412f04ffa11cdb071a0b8ad9fecc202,平滑操舵：安全制御優先：右壁追従 | target_deg=46.756,,192.8814144296532,201.36777300145505,247.31859553858698,111.84699690679525,63.00197034596147,0,87.3,38.77840792981431,3
87.35,860.820925525442,386.53363289123,52.82943491862943,16.087789758094072,20.8,22.5,65.0,403,503,375,435,22.5,NEUTRAL,program,sonic_drive_smooth.py,function,bc4a84a5f90dcb414fa9a95aff361c8d4412f04ffa11cdb071a0b8ad9fecc202,平滑操舵：安全制御優先：右壁追従 | target_deg=43.521,,188.13245553433242,204.58491249199517,250.0,112.18258200310436,62.311528570951104,0,87.35,39.1565711141597,3
87.4,861.4723580582796,387.03632583107196,51.87398095924854,16.699015165962408,18.56,23.5,58.0,404,495,375,435,23.5,NEUTRAL,program,sonic_drive_smooth.py,function,bc4a84a5f90dcb414fa9a95aff361c8d4412f04ffa11cdb071a0b8ad9fecc202,平滑操舵：安全制御優先：右壁追従 | target_deg=40.010,,188.64406574374786,200.22529737074385,249.58657589536568,112.2918510943552,65.90192079092859,0,87.4,39.576274074015714,3
87.45,862.1406086175134,387.56917713138984,51.005946489465146,17.352782934776105,16.32,24.5,51.0,405,488,375,435,24.5,NEUTRAL,program,sonic_drive_smooth.py,function,bc4a84a5f90dcb414fa9a95aff361c8d4412f04ffa11cdb071a0b8ad9fecc202,平滑操舵：安全制御優先：右壁追従 | target_deg=36.204,,187.17391758102016,200.06511374767786,250.0,119.14730445424767,63.80754208429964,0,87.45,40.03770818033212,3
87.5,862.8271778892889,388.13293844174854,50.22998348459234,18.03950569128557,14.08,25.5,44.0,406,481,375,435,25.5,NEUTRAL,program,sonic_drive_smooth.py,function,bc4a84a5f90dcb414fa9a95aff361c8d4412f04ffa11cdb071a0b8ad9fecc202,平滑操舵：安全制御優先：右壁追従 | target_deg=32.089,,185.69874400456382,201.535496504102,247.2253158909797,116.9801790572618,72.45268630750422,0,87.5,40.540848642521325,3
87.55,863.5333855953255,388.72798982560255,49.55198744543213,18.751756678713463,11.84,26.5,37.0,408,473,375,435,26.5,NEUTRAL,program,sonic_drive_smooth.py,function,bc4a84a5f90dcb414fa9a95aff361c8d4412f04ffa11cdb071a0b8ad9fecc202,平滑操舵：安全制御優先：右壁追従 | target_deg=27.659,,185.41170796678463,203.59809354720466,248.24512747537997,118.99627268953985,71.55125453402907,0,87.55,41.08543096816618,3
87.6,864.2604872524853,389.35435261907696,48.97882031378373,19.483782838866073,9.6,27.5,30.0,409,466,375,435,27.5,NEUTRAL,program,sonic_drive_smooth.py,function,bc4a84a5f90dcb414fa9a95aff361c8d4412f04ffa11cdb071a0b8ad9fecc202,平滑操舵：Follow the Gap：目標が空き空間内 | target_deg=22.921 | gap_min_deg=-60.0 | gap_max_deg=60.0,,184.5728189019333,200.5833431436251,250.0,120.51373535506757,71.78120370649448,0,87.6,41.67095095777057,3
87.65,865.009768403025,390.0116965468199,48.51812400036235,20.23112762636665,7.36,28.5,23.0,410,459,375,435,28.5,NEUTRAL,program,sonic_drive_smooth.py,function,bc4a84a5f90dcb414fa9a95aff361c8d4412f04ffa11cdb071a0b8ad9fecc202,平滑操舵：Follow the Gap：目標が空き空間内 | target_deg=17.896 | gap_min_deg=-60.0 | gap_max_deg=60.0,,180.09098635283937,202.35673734095238,247.34304428162,122.78391134989901,71.50871897362387,0,87.65,42.296680251832356,3
87.7,865.7826209883443,390.69934047540335,48.178200259605774,20.99033882571063,5.12,29.5,16.0,411,451,375,435,29.5,NEUTRAL,program,sonic_drive_smooth.py,function,bc4a84a5f90dcb414fa9a95aff361c8d4412f04ffa11cdb071a0b8ad9fecc202,平滑操舵：Follow the Gap：目標が空き空間内 | target_deg=12.626 | gap_min_deg=-60.0 | gap_max_deg=60.0,,186.87241120093282,201.14792910260823,247.05685994059647,121.49929488461748,75.34410672330897,0,87.7,42.96169220134004,3
87.75,866.5806052649646,391.41624623938435,47.96793962723427,21.758742214853264,2.88,30.5,9.0,413,444,375,435,30.5,NEUTRAL,program,sonic_drive_smooth.py,function,bc4a84a5f90dcb414fa9a95aff361c8d4412f04ffa11cdb071a0b8ad9fecc202,平滑操舵：Follow the Gap：目標が空き空間内 | target_deg=7.168 | gap_min_deg=-60.0 | gap_max_deg=60.0,,182.21662231782662,204.11326962030108,249.87871250124277,125.30426838452148,78.46143639876793,0,87.75,43.664894638710564,3
87.8,867.4049023540624,392.16166536065793,47.78542712879505,22.534266236113623,2.789614775767045,31.5,8.717546174272016,414,444,375,435,31.5,NEUTRAL,program,sonic_drive_smooth.py,function,bc4a84a5f90dcb414fa9a95aff361c8d4412f04ffa11cdb071a0b8ad9fecc202,平滑操舵：Follow the Gap：目標が空き空間内 | target_deg=6.945 | gap_min_deg=-60.0 | gap_max_deg=60.0,,184.12945767020565,198.74103865233684,250.0,127.42126553050572,74.28996223026815,0,87.8,44.39860230109929,3
87.85,868.255586044524,392.9359571380584,47.59768683853076,23.315306179354128,2.77240006397642,32.5,8.663750199926312,415,444,375,435,32.5,NEUTRAL,program,sonic_drive_smooth.py,function,bc4a84a5f90dcb414fa9a95aff361c8d4412f04ffa11cdb071a0b8ad9fecc202,平滑操舵：Follow the Gap：目標が空き空間内 | target_deg=6.903 | gap_min_deg=-60.0 | gap_max_deg=60.0,,181.59581001727557,199.2308861654581,250.0,126.48228529803272,77.96418344335493,0,87.85,45.16102516681258,3
87.9,869.1325927567211,393.73952710974305,47.406476683061754,24.10061897292422,2.730694446160713,33.5,8.533420144252228,416,443,375,435,33.5,NEUTRAL,program,sonic_drive_smooth.py,function,bc4a84a5f90dcb414fa9a95aff361c8d4412f04ffa11cdb071a0b8ad9fecc202,平滑操舵：Follow the Gap：目標が空き空間内 | target_deg=6.800 | gap_min_deg=-60.0 | gap_max_deg=60.0,,181.94838056679544,195.08806466094345,250.0,124.92876806570996,82.3337430980943,0,87.9,45.952692545803814,3
87.95,870.0318947616544,394.56911888643975,47.211435110887976,24.712391379573383,2.7079853024327694,33.51907053773208,8.462454070102405,416,443,375,435,33.51907053773208,NEUTRAL,program,sonic_drive_smooth.py,function,bc4a84a5f90dcb414fa9a95aff361c8d4412f04ffa11cdb071a0b8ad9fecc202,平滑操舵：安全制御優先：右壁追従 | target_deg=6.744,,179.9994965010335,198.92748825044683,248.47129344435746,126.691204691128,80.85691183082781,0,87.95,46.770336418822126,3
88.0,870.9478251441029,395.4198513783877,47.0155959987633,25.190892733076655,2.6613465400877816,33.544576110889494,8.316707937774318,416,443,375,435,33.544576110889494,NEUTRAL,program,sonic_drive_smooth.py,function,bc4a84a5f90dcb414fa9a95aff361c8d4412f04ffa11cdb071a0b8ad9fecc202,平滑操舵：安全制御優先：右壁追従 | target_deg=6.628,,178.05373539538758,195.3292493026757,250.0,127.9757717368282,87.02309574320712,0,88.0,47.60926859435142,3
88.05,871.8759369336324,396.28786559288983,46.81715657663034,25.562403235741197,2.6527810639762386,33.549260355638,8.289940824925745,416,443,375,435,33.549260355638,NEUTRAL,program,sonic_drive_smooth.py,function,bc4a84a5f90dcb414fa9a95aff361c8d4412f04ffa11cdb071a0b8ad9fecc202,平滑操舵：安全制御優先：右壁追従 | target_deg=6.607,,178.00229442913258,197.62045552375508,246.98964500192525,124.90044835185581,81.80740754116906,0,88.05,48.46552673319013,3
88.1,872.8127176547104,397.1701205783935,46.61670604002279,25.85083691542064,2.6462187026954536,33.552849146963425,8.269433445923292,416,443,375,435,33.552849146963425,NEUTRAL,program,sonic_drive_smooth.py,function,bc4a84a5f90dcb414fa9a95aff361c8d4412f04ffa11cdb071a0b8ad9fecc202,平滑操舵：安全制御優先：右壁追従 | target_deg=6.591,,176.6338995764829,193.0991847661783,250.0,132.2497774282055,85.08371747911907,0,88.1,49.33611197521395,3
88.15,873.7555327913911,398.0642896327501,46.4171403752342,26.077928241609534,2.609104934741646,33.57314573881316,8.153452921067645,416,443,375,435,33.57314573881316,NEUTRAL,program,sonic_drive_smooth.py,function,bc4a84a5f90dcb414fa9a95aff361c8d4412f04ffa11cdb071a0b8ad9fecc202,平滑操舵：安全制御優先：右壁追従 | target_deg=6.499,,178.34279193262014,194.06604306431478,248.8419094834467,129.8297310352816,88.44445635694952,0,88.15,50.218868088832494,3
88.2,874.7022906933651,398.96851461491747,46.215545249337765,26.253169994009202,2.615921990906307,33.56941766122311,8.174756221582209,416,443,375,435,33.56941766122311,NEUTRAL,program,sonic_drive_smooth.py,function,bc4a84a5f90dcb414fa9a95aff361c8d4412f04ffa11cdb071a0b8ad9fecc202,平滑操舵：安全制御優先：右壁追従 | target_deg=6.516,,176.02111198143052,193.46322038654074,250.0,126.78599041109092,86.01415516056791,0,88.2,51.111772177552496,3
88.25,875.6513129087635,399.88132487208276,46.01293753998701,26.389114647625934,2.6139392094952982,33.57050199480726,8.168560029672808,416,443,375,435,33.57050199480726,NEUTRAL,program,sonic_drive_smooth.py,function,bc4a84a5f90dcb414fa9a95aff361c8d4412f04ffa11cdb071a0b8ad9fecc202,平滑操舵：安全制御優先：右壁追従 | target_deg=6.511,,167.62319076383187,189.42080257948746,248.33653776043715,129.32920915052057,85.10806612198189,0,88.25,52.013415560295186,3
88.3,876.6014108576462,400.80162965210366,45.812207877402216,26.497960955893866,2.578052830849917,33.59012735812895,8.05641509640599,416,443,375,435,33.59012735812895,NEUTRAL,program,sonic_drive_smooth.py,function,bc4a84a5f90dcb414fa9a95aff361c8d4412f04ffa11cdb071a0b8ad9fecc202,平滑操舵：安全制御優先：右壁追従 | target_deg=6.422,,169.03482432462687,191.99464849206765,247.49665242450058,129.72171377851802,88.95160314056189,0,88.3,52.92286559304256,3
88.35,877.5517049992336,401.7285806997255,45.612637257276646,26.584650786051522,2.553982768212153,33.60329067363398,7.981196150662979,417,443,375,435,33.60329067363398,NEUTRAL,program,sonic_drive_smooth.py,function,bc4a84a5f90dcb414fa9a95aff361c8d4412f04ffa11cdb071a0b8ad9fecc202,平滑操舵：安全制御優先：右壁追従 | target_deg=6.363,,167.81616744838297,188.7326889829336,246.6721897876506,128.14998048467865,88.78093123655488,0,88.35,53.8392305533589,3
88.4,878.5013504858456,402.66142251556164,45.41021569332818,26.648912517161435,2.5833109923586375,33.58725180105387,8.072846851120742,416,443,375,435,33.58725180105387,NEUTRAL,program,sonic_drive_smooth.py,function,bc4a84a5f90dcb414fa9a95aff361c8d4412f04ffa11cdb071a0b8ad9fecc202,平滑操舵：安全制御優先：右壁追従 | target_deg=6.435,,172.73467531609532,188.42181003794846,250.0,131.71526808473692,86.4318939091149,0,88.4,54.76154499625136,3
88.45,879.4496345679253,403.59955356702386,45.2065310410303,26.697631476645803,2.5940691897966643,33.58136841182995,8.106466218114576,416,443,375,435,33.58136841182995,NEUTRAL,program,sonic_drive_smooth.py,function,bc4a84a5f90dcb414fa9a95aff361c8d4412f04ffa11cdb071a0b8ad9fecc202,平滑操舵：安全制御優先：右壁追従 | target_deg=6.462,,165.32930119593127,188.55591755733005,248.5318708444477,132.45978785857568,85.6281261302719,0,88.45,55.689296530088654,3
88.5,880.3960869877095,404.5425489851478,45.00312955918645,26.736132316922767,2.5863485746414057,33.58559062324298,8.082339295754393,416,443,375,435,33.58559062324298,NEUTRAL,program,sonic_drive_smooth.py,function,bc4a84a5f90dcb414fa9a95aff361c8d4412f04ffa11cdb071a0b8ad9fecc202,平滑操舵：安全制御優先：右壁追従 | target_deg=6.443,,165.88666186887917,185.7189201615447,248.95248470100705,131.6650987920854,87.8614611745295,0,88.5,56.6221407538207,3
88.55,881.3403929580805,405.49009722931913,44.80048276835629,26.767224116476008,2.573492655560206,33.59262120399051,8.042164548625644,416,443,375,435,33.59262120399051,NEUTRAL,program,sonic_drive_smooth.py,function,bc4a84a5f90dcb414fa9a95aff361c8d4412f04ffa11cdb071a0b8ad9fecc202,平滑操舵：安全制御優先：右壁追従 | target_deg=6.411,,162.733375975686,185.60184670789934,249.66431899441994,131.45303515241505,89.74645121069011,0,88.55,57.559788151530086,3
88.6,882.2823575033444,406.4419747349962,44.59971472237896,26.793924886514663,2.54696158703554,33.60713038208994,7.9592549594860635,417,443,375,435,33.60713038208994,NEUTRAL,program,sonic_drive_smooth.py,function,bc4a84a5f90dcb414fa9a95aff361c8d4412f04ffa11cdb071a0b8ad9fecc202,平滑操舵：安全制御優先：右壁追従 | target_deg=6.346,,162.1070433629129,184.53337232796656,248.39349186974886,130.57564346763567,91.11821070866048,0,88.6,58.50206606878589,3
88.65,883.2216781134803,407.39791194751064,44.39563379282592,26.810666953210745,2.586937143425069,33.58526874968942,8.08417857320334,416,443,375,435,33.58526874968942,NEUTRAL,program,sonic_drive_smooth.py,function,bc4a84a5f90dcb414fa9a95aff361c8d4412f04ffa11cdb071a0b8ad9fecc202,平滑操舵：安全制御優先：右壁追従 | target_deg=6.444,,164.66096428831102,185.6681430260723,250.0,131.36631056960118,85.4388196591414,0,88.65,59.44845909177303,3
88.7,884.1580310349846,408.3576742319835,44.189695247169055,26.821443497264347,2.6091747196134123,33.57310757521142,8.153670998791913,416,443,375,435,33.57310757521142,NEUTRAL,program,sonic_drive_smooth.py,function,bc4a84a5f90dcb414fa9a95aff361c8d4412f04ffa11cdb071a0b8ad9fecc202,平滑操舵：安全制御優先：右壁追従 | target_deg=6.499,,160.14523551560413,181.72921975011798,250.0,128.27099488868913,85.32582565280619,0,88.7,60.39880893829786,3
88.75,885.0913903687857,409.32120694198665,43.987679867424646,26.83480142942727,2.5583609576083894,33.60089635130792,7.9948779925262174,417,443,375,435,33.60089635130792,NEUTRAL,program,sonic_drive_smooth.py,function,bc4a84a5f90dcb414fa9a95aff361c8d4412f04ffa11cdb071a0b8ad9fecc202,平滑操舵：安全制御優先：右壁追従 | target_deg=6.374,,161.15963632157076,182.78308893159806,245.5281426290189,130.46774922480117,89.2883713326806,0,88.75,61.35332201689749,3
88.8,886.0217913121365,410.2884661629435,43.786886640844784,26.846789906839316,2.5417182001907874,33.60999785927066,7.94286937559621,417,443,375,435,33.60999785927066,NEUTRAL,program,sonic_drive_smooth.py,function,bc4a84a5f90dcb414fa9a95aff361c8d4412f04ffa11cdb071a0b8ad9fecc202,平滑操舵：安全制御優先：右壁追従 | target_deg=6.333,,154.84226163830124,181.06369297532032,247.7129430814649,126.63890747992772,90.05357132728334,0,88.8,62.31182581491959,3
88.85,886.9492386096531,411.2594023397654,43.588466095188494,26.859146541197802,2.5105819439161734,33.627025499420846,7.845568574738042,417,443,375,435,33.627025499420846,NEUTRAL,program,sonic_drive_smooth.py,function,bc4a84a5f90dcb414fa9a95aff361c8d4412f04ffa11cdb071a0b8ad9fecc202,平滑操舵：安全制御優先：右壁追従 | target_deg=6.256,,158.4878301542147,175.37261276700156,248.39488616321316,125.48685616408474,93.72483350271285,0,88.85,63.274315448462914,3
88.9,887.8736660190885,412.2339219792347,43.389429697941495,26.868045969221626,2.5174028329699913,33.62329532571954,7.866883853031223,417,443,375,435,33.62329532571954,NEUTRAL,program,sonic_drive_smooth.py,function,bc4a84a5f90dcb414fa9a95aff361c8d4412f04ffa11cdb071a0b8ad9fecc202,平滑操舵：安全制御優先：右壁追従 | target_deg=6.272,,155.02513362353287,176.07398537980782,248.1230469014257,125.92450287547666,90.29437352551243,0,88.9,64.24056758245541,3
88.95,888.794908115111,413.21189478783083,43.18866773316293,26.872850582656213,2.5385928329593592,33.61170704447535,7.933102602997998,417,443,375,435,33.61170704447535,NEUTRAL,program,sonic_drive_smooth.py,function,bc4a84a5f90dcb414fa9a95aff361c8d4412f04ffa11cdb071a0b8ad9fecc202,平滑操舵：安全制御優先：右壁追従 | target_deg=6.325,,155.58712164763216,178.2388550711504,250.0,124.94781525484662,89.8126025145891,0,88.95,65.21040956382194,3
89.0,889.7128326424256,414.19322619743,42.987099988724054,26.87560245787929,2.548430702958617,33.6063269593195,7.9638459467456775,417,443,375,435,33.6063269593195,NEUTRAL,program,sonic_drive_smooth.py,function,bc4a84a5f90dcb414fa9a95aff361c8d4412f04ffa11cdb071a0b8ad9fecc202,平滑操舵：安全制御優先：右壁追従 | target_deg=6.349,,151.92819950138173,178.65874589062466,250.0,128.08312199923623,90.01490975753211,0,89.0,66.18378812754617,3
89.05,890.6274266045299,415.1778948815237,42.78687529247031,26.879437743022425,2.531152245701125,33.6157761156322,7.909850767816015,417,443,375,435,33.6157761156322,NEUTRAL,program,sonic_drive_smooth.py,function,bc4a84a5f90dcb414fa9a95aff361c8d4412f04ffa11cdb071a0b8ad9fecc202,平滑操舵：安全制御優先：右壁追従 | target_deg=6.306,,152.40361590492992,175.84733764377597,249.0302045856787,126.27485644273655,92.07696533836209,0,89.05,67.16076598535847,3
89.1,891.5331657958653,416.1618908534298,42.44660847058071,26.66155528883046,4.771152245701124,32.3907761156322,14.909850767816014,415,450,375,435,32.3907761156322,NEUTRAL,program,sonic_drive_smooth.py,function,bc4a84a5f90dcb414fa9a95aff361c8d4412f04ffa11cdb071a0b8ad9fecc202,平滑操舵：安全制御優先：左回避 | target_deg=11.786,,148.63867765467978,173.0706597531007,249.88959893812165,122.58165596146858,92.74295515832559,0,89.1,68.13217009696797,3
89.15,892.4207582975803,417.14068102566875,41.93478906312504,26.271921544645295,7.011152245701124,31.165776115632198,21.909850767816014,413,458,375,435,31.165776115632198,NEUTRAL,program,sonic_drive_smooth.py,function,bc4a84a5f90dcb414fa9a95aff361c8d4412f04ffa11cdb071a0b8ad9fecc202,平滑操舵：安全制御優先：左回避 | target_deg=17.090,,153.12705233164223,173.00702940123915,250.0,119.93713196000319,90.21337692473443,0,89.15,69.09315459574793,3
89.2,893.282542522387,418.1110532712351,41.25798035238466,25.749242489323574,9.251152245701125,29.9407761156322,28.909850767816014,412,465,375,435,29.9407761156322,NEUTRAL,program,sonic_drive_smooth.py,function,bc4a84a5f90dcb414fa9a95aff361c8d4412f04ffa11cdb071a0b8ad9fecc202,平滑操舵：安全制御優先：左回避 | target_deg=22.156,,144.54631734196687,172.25103732341648,249.1054644055195,120.77320808789054,92.73795280629096,0,89.2,70.04207649655558,3
89.25,894.1123255212311,419.0705784396257,40.42417264373648,25.123501297955464,11.491152245701123,28.7157761156322,35.90985076781601,410,472,375,435,28.7157761156322,NEUTRAL,program,sonic_drive_smooth.py,function,bc4a84a5f90dcb414fa9a95aff361c8d4412f04ffa11cdb071a0b8ad9fecc202,平滑操舵：安全制御優先：左回避 | target_deg=26.941,,144.1302479046967,172.86246526071253,250.0,119.1536418677658,90.41910574839788,0,89.25,70.9784598926513,3
89.3,894.9051609080472,420.01729423790425,39.442254100288125,24.417924118413804,13.731152245701123,27.490776115632197,42.90985076781601,409,480,375,435,27.490776115632197,NEUTRAL,program,sonic_drive_smooth.py,function,bc4a84a5f90dcb414fa9a95aff361c8d4412f04ffa11cdb071a0b8ad9fecc202,平滑操舵：安全制御優先：左回避 | target_deg=31.420,,148.18141111300878,173.53977062532744,250.0,117.33729568307956,89.80196952121861,0,89.3,71.90257839608728,3
89.35,895.6571657927876,420.9494835937325,38.32165346610981,23.65050283926239,15.971152245701123,26.2657761156322,49.90985076781601,407,487,375,435,26.2657761156322,NEUTRAL,program,sonic_drive_smooth.py,function,bc4a84a5f90dcb414fa9a95aff361c8d4412f04ffa11cdb071a0b8ad9fecc202,平滑操舵：安全制御優先：左回避 | target_deg=35.584,,146.2701488464889,170.01161841473112,250.0,117.65068565859778,92.00313624602224,0,89.35,72.81513866869648,3
89.4,896.3653718757105,421.8655236824525,37.07210580003573,22.835174685729623,18.211152245701122,25.040776115632198,56.90985076781601,406,494,375,435,25.040776115632198,NEUTRAL,program,sonic_drive_smooth.py,function,bc4a84a5f90dcb414fa9a95aff361c8d4412f04ffa11cdb071a0b8ad9fecc202,平滑操舵：安全制御優先：左回避 | target_deg=39.437,,150.01434539579427,172.17404683020644,247.13246566804614,114.63702606512575,95.43513343006768,0,89.4,73.71704247369206,3
89.45,897.0276056332332,422.76378752486795,35.70350623285546,21.98273598119081,20.451152245701124,23.815776115632197,63.90985076781601,404,502,375,435,23.815776115632197,NEUTRAL,program,sonic_drive_smooth.py,function,bc4a84a5f90dcb414fa9a95aff361c8d4412f04ffa11cdb071a0b8ad9fecc202,平滑操舵：安全制御優先：左回避 | target_deg=42.993,,145.5224425411699,174.79712562121037,250.0,117.80942538955732,94.25652150090471,0,89.45,74.60920904979866,3
89.5,897.642392615791,423.6425845483613,34.22582686131946,21.101549982787457,22.691152245701122,22.590776115632202,70.90985076781601,403,509,375,435,22.590776115632202,NEUTRAL,program,sonic_drive_smooth.py,function,bc4a84a5f90dcb414fa9a95aff361c8d4412f04ffa11cdb071a0b8ad9fecc202,平滑操舵：安全制御優先：左回避 | target_deg=46.269,,147.61289397742405,168.57434152952746,250.0,115.91069431318984,93.01003527070478,0,89.5,75.49244343335357,3
89.55,898.2088811906638,424.5001299315106,32.64907925443893,20.19809519876571,24.931152245701124,21.365776115632194,77.90985076781601,401,516,375,435,21.365776115632194,NEUTRAL,program,sonic_drive_smooth.py,function,bc4a84a5f90dcb414fa9a95aff361c8d4412f04ffa11cdb071a0b8ad9fecc202,平滑操舵：安全制御優先：左回避 | target_deg=49.288,,146.3667376803128,170.42639177881549,250.0,115.6932420586328,95.44147934687831,0,89.55,76.36733953943661,3
89.6,898.7267815054267,425.3345351209422,30.98331043881319,19.27739013667415,27.171152245701123,20.1407761156322,84.90985076781601,400,524,375,435,20.1407761156322,NEUTRAL,program,sonic_drive_smooth.py,function,bc4a84a5f90dcb414fa9a95aff361c8d4412f04ffa11cdb071a0b8ad9fecc202,平滑操舵：安全制御優先：左回避 | target_deg=52.071,,143.42701136242897,175.45152375805205,250.0,118.4668907983993,95.77243589317456,0,89.6,77.23420937306872,3
89.65,899.1963159482572,426.14381380450715,29.238624213646006,18.34332233004028,29.411152245701125,18.915776115632198,91.90985076781601,398,531,375,435,18.915776115632198,NEUTRAL,program,sonic_drive_smooth.py,function,bc4a84a5f90dcb414fa9a95aff361c8d4412f04ffa11cdb071a0b8ad9fecc202,平滑操舵：安全制御優先：左回避 | target_deg=54.642,,147.06209419891897,174.56432164563228,249.28854934522067,115.72702258277272,98.16424164909178,0,89.65,78.0930317383785,3
89.7,899.6181778904478,426.92589900580504,27.425222640220227,17.39890321538806,31.651152245701123,17.690776115632197,98.90985076781601,397,538,375,435,17.690776115632197,NEUTRAL,program,sonic_drive_smooth.py,function,bc4a84a5f90dcb414fa9a95aff361c8d4412f04ffa11cdb071a0b8ad9fecc202,平滑操舵：安全制御優先：左回避 | target_deg=57.021,,146.37565052780388,172.64004748214145,247.75047478130014,116.75313412842034,99.92787807839692,0,89.7,78.94341532815201,3
89.75,899.9964522832166,427.68348981780866,25.64181646952167,16.632924246637213,32.0,17.5,100.0,396,540,375,435,17.5,NEUTRAL,program,sonic_drive_smooth.py,function,bc4a84a5f90dcb414fa9a95aff361c8d4412f04ffa11cdb071a0b8ad9fecc202,平滑操舵：安全制御優先：左回避 | target_deg=57.375,,148.60738525995092,175.37349219246624,247.1707133268555,121.65269934672683,98.26776251358352,0,89.75,79.7848145022615,3
89.8,900.3375653385375,428.4222355621027,23.928089701357322,16.03956678058533,32.0,17.5,100.0,396,540,375,435,17.5,NEUTRAL,program,sonic_drive_smooth.py,function,bc4a84a5f90dcb414fa9a95aff361c8d4412f04ffa11cdb071a0b8ad9fecc202,平滑操舵：安全制御優先：左回避 | target_deg=57.375,,146.46823251444667,174.94047641559533,250.0,123.99607195285965,105.95866159202097,0,89.8,80.61956487846379,3
89.85,900.6467320585026,429.14712938777416,22.268339341698265,15.579928726692447,32.0,17.5,100.0,396,540,375,435,17.5,NEUTRAL,program,sonic_drive_smooth.py,function,bc4a84a5f90dcb414fa9a95aff361c8d4412f04ffa11cdb071a0b8ad9fecc202,平滑操舵：安全制御優先：左回避 | target_deg=57.375,,146.8160228271428,178.0077616306201,247.10262146784015,123.14587607595077,106.34603290781664,0,89.85,81.45181130811227,3
89.9,900.9277782711678,429.86209314645924,20.65040123313733,15.22387499403753,32.0,17.5,100.0,396,540,375,435,17.5,NEUTRAL,program,sonic_drive_smooth.py,function,bc4a84a5f90dcb414fa9a95aff361c8d4412f04ffa11cdb071a0b8ad9fecc202,平滑操舵：安全制御優先：左回避 | target_deg=57.375,,148.9726842655371,180.3157106760732,247.51753367831193,124.23163880506043,105.41069186174583,0,89.9,82.28494843415092,3
89.95,901.1835063125156,430.57016977583874,19.0648525404398,14.948061754764174,32.0,17.5,100.0,396,540,375,435,17.5,NEUTRAL,program,sonic_drive_smooth.py,function,bc4a84a5f90dcb414fa9a95aff361c8d4412f04ffa11cdb071a0b8ad9fecc202,平滑操舵：安全制御優先：左回避 | target_deg=57.375,,147.03767667637672,182.2110722302038,250.0,126.78114016887373,110.80097655424107,0,89.95,83.12169561001156,3
90.0,901.4159634516354,431.2736885154557,17.504393964452618,14.734405960760204,32.0,17.5,100.0,396,540,375,435,17.5,NEUTRAL,program,sonic_drive_smooth.py,function,bc4a84a5f90dcb414fa9a95aff361c8d4412f04ffa11cdb071a0b8ad9fecc202,平滑操舵：安全制御優先：左回避 | target_deg=57.375,,141.26350016591255,181.81750217277585,250.0,127.53767030721507,113.51293676514057,0,90.0,83.96418471284778,3
90.05,901.6266397232298,431.9744033245671,15.963371180675864,14.56889977102207,32.0,17.5,100.0,396,540,375,435,17.5,NEUTRAL,program,sonic_drive_smooth.py,function,bc4a84a5f90dcb414fa9a95aff361c8d4412f04ffa11cdb071a0b8ad9fecc202,平滑操舵：安全制御優先：左回避 | target_deg=57.375,,142.07078915892208,182.40457636908994,250.0,127.50297231157957,116.36103756723821,0,90.05,84.81404763546897,3
90.1,901.8166142278149,432.6736069651656,14.437404126739182,14.440692160414857,32.0,17.5,100.0,396,540,375,435,17.5,NEUTRAL,program,sonic_drive_smooth.py,function,bc4a84a5f90dcb414fa9a95aff361c8d4412f04ffa11cdb071a0b8ad9fecc202,平滑操舵：安全制御優先：左回避 | target_deg=57.375,,145.47540764283113,183.64148703737578,247.36955211945164,126.24956498313719,120.042165347269,0,90.1,85.67249701708835,3
90.15,901.9866636181558,433.3722239729953,12.923099833885885,14.341377497660444,32.0,17.5,100.0,396,540,375,435,17.5,NEUTRAL,program,sonic_drive_smooth.py,function,bc4a84a5f90dcb414fa9a95aff361c8d4412f04ffa11cdb071a0b8ad9fecc202,平滑操舵：安全制御優先：左回避 | target_deg=57.375,,143.19448768999675,186.2864375069269,249.2898064491392,123.48470242388947,121.54138025914506,0,90.15,86.54039756079766,3
90.2,902.1373427130729,434.070885818638,11.417829974934733,14.264444449838184,32.0,17.5,100.0,396,540,375,435,17.5,NEUTRAL,program,sonic_drive_smooth.py,function,bc4a84a5f90dcb414fa9a95aff361c8d4412f04ffa11cdb071a0b8ad9fecc202,平滑操舵：安全制御優先：左回避 | target_deg=57.375,,146.06495706778023,189.78240330726788,246.90469260001166,125.40995782360238,119.89028147295589,0,90.2,87.41832733791267,3
90.25,902.2690444884174,434.76999131790427,9.919558544173043,14.2048490821143,32.0,17.5,100.0,396,540,375,435,17.5,NEUTRAL,program,sonic_drive_smooth.py,function,bc4a84a5f90dcb414fa9a95aff361c8d4412f04ffa11cdb071a0b8ad9fecc202,平滑操舵：安全制御優先：左回避 | target_deg=57.375,,140.30052249965465,192.90511188290623,143.76664809878272,125.41046489785514,113.59544059784079,0,90.25,88.30662953217177,3
90.3,902.3820447625492,435.46975497859074,8.426708371417362,14.1586841639851,32.0,17.5,100.0,396,540,375,435,17.5,NEUTRAL,program,sonic_drive_smooth.py,function,bc4a84a5f90dcb414fa9a95aff361c8d4412f04ffa11cdb071a0b8ad9fecc202,平滑操舵：安全制御優先：左回避 | target_deg=57.375,,142.38051407359816,195.50421235167846,147.4861337700011,124.40714121382936,116.9975094099605,0,90.3,89.20545556225005,3
90.35,902.4765354955613,436.17024556947604,6.93805771854997,14.122923000873394,32.0,17.5,100.0,396,540,375,435,17.5,NEUTRAL,program,sonic_drive_smooth.py,function,bc4a84a5f90dcb414fa9a95aff361c8d4412f04ffa11cdb071a0b8ad9fecc202,平滑操舵：安全制御優先：左回避 | target_deg=57.375,,144.64801850022147,200.32157695749905,171.30206023012488,123.07306686000409,118.09536939629417,0,90.35,90.01941071611539,3
90.4,902.5526496029607,436.871416816347,5.452660179124649,14.095220995997678,32.0,17.5,100.0,396,540,375,435,17.5,NEUTRAL,program,sonic_drive_smooth.py,function,bc4a84a5f90dcb414fa9a95aff361c8d4412f04ffa11cdb071a0b8ad9fecc202,平滑操舵：安全制御優先：左回避 | target_deg=57.375,,143.82692996717975,203.94330290336657,206.8289712768337,122.48636279883267,114.82258318919617,0,90.4,90.4014647566175,3
90.45,902.6104794378678,437.5731317901234,3.969782629447735,14.073761932383416,32.0,17.5,100.0,396,540,375,435,17.5,NEUTRAL,program,sonic_drive_smooth.py,function,bc4a84a5f90dcb414fa9a95aff361c8d4412f04ffa11cdb071a0b8ad9fecc202,平滑操舵：安全制御優先：左回避 | target_deg=57.375,,142.77277555903697,201.05606477560056,250.0,121.86646082665257,120.53338678180299,0,90.45,90.80749036593518,3
90.5,902.6500905455185,438.27518226030605,2.488857163042752,14.057138896857039,32.0,17.5,100.0,396,540,375,435,17.5,NEUTRAL,program,sonic_drive_smooth.py,function,bc4a84a5f90dcb414fa9a95aff361c8d4412f04ffa11cdb071a0b8ad9fecc202,平滑操舵：安全制御優先：左回避 | target_deg=57.375,,142.23917386224136,207.18996985201457,250.0,120.91720229628557,118.48642866602606,0,90.5,91.23726031122061,3
90.55,902.671531886478,438.9773040420745,1.0094438571944409,14.044262039083636,32.0,17.5,100.0,396,540,375,435,17.5,NEUTRAL,program,sonic_drive_smooth.py,function,bc4a84a5f90dcb414fa9a95aff361c8d4412f04ffa11cdb071a0b8ad9fecc202,平滑操舵：安全制御優先：左回避 | target_deg=57.375,,147.73853519141693,213.39936780739694,245.48502954140582,118.89217181314456,114.72175911423463,0,90.55,91.69053043712226,3
90.6,902.6748434222765,439.6791891630739,-0.46879806955234926,14.034287118086004,32.0,17.5,100.0,396,540,375,435,17.5,NEUTRAL,program,sonic_drive_smooth.py,function,bc4a84a5f90dcb414fa9a95aff361c8d4412f04ffa11cdb071a0b8ad9fecc202,平滑操舵：安全制御優先：左回避 | target_deg=57.375,,145.18930722537388,219.0903801381781,248.01850865413414,119.56260598378532,117.29508726291859,0,90.6,92.16703820925585,3
90.65,902.6600617316357,440.3804955106773,-1.9461325999295411,14.026560151565143,32.0,17.5,100.0,396,540,375,435,17.5,NEUTRAL,program,sonic_drive_smooth.py,function,bc4a84a5f90dcb414fa9a95aff361c8d4412f04ffa11cdb071a0b8ad9fecc202,平滑操舵：安全制御優先：左回避 | target_deg=57.375,,148.03578595664192,219.51714760562302,250.0,120.84416818612597,113.96204337828624,0,90.65,92.66650207371305,3
90.7,902.6272241569968,441.0808544865811,-3.422764225354342,14.020574539084734,32.0,17.5,100.0,396,540,375,435,17.5,NEUTRAL,program,sonic_drive_smooth.py,function,bc4a84a5f90dcb414fa9a95aff361c8d4412f04ffa11cdb071a0b8ad9fecc202,平滑操舵：安全制御優先：左回避 | target_deg=57.375,,150.02198460006466,226.74837427577427,250.0,120.0092272519857,118.93030822522842,0,90.7,93.18862134852446,3
90.75,902.576371855082,441.7798770876966,-4.89885135292937,14.015937848001771,32.0,17.5,100.0,396,540,375,435,17.5,NEUTRAL,program,sonic_drive_smooth.py,function,bc4a84a5f90dcb414fa9a95aff361c8d4412f04ffa11cdb071a0b8ad9fecc202,平滑操舵：安全制御優先：左回避 | target_deg=57.375,,149.89617332436217,231.217137407667,248.7097790269633,126.59720032124112,115.24789809016386,0,90.75,93.73307645169668,3
90.8,902.5075520308873,442.4771587457682,-6.374516691032937,14.01234608454077,32.0,17.5,100.0,396,540,375,435,17.5,NEUTRAL,program,sonic_drive_smooth.py,function,bc4a84a5f90dcb414fa9a95aff361c8d4412f04ffa11cdb071a0b8ad9fecc202,平滑操舵：安全制御優先：左回避 | target_deg=57.375,,147.43988729721633,241.22048850714415,248.64668618624108,121.7192481947825,115.67840555008844,0,90.8,94.29952933292034,3
90.85,902.4208195638369,443.17228318899845,-7.849855294405899,14.009563763154906,32.0,17.5,100.0,396,540,375,435,17.5,NEUTRAL,program,sonic_drive_smooth.py,function,bc4a84a5f90dcb414fa9a95aff361c8d4412f04ffa11cdb071a0b8ad9fecc202,平滑操舵：安全制御優先：左回避 | target_deg=57.375,,153.6495565817698,246.7599691089143,249.54498519903834,123.31081066727083,117.78583680603562,0,90.85,94.88762401989125,3
90.9,902.3162381818844,443.86482553385486,-9.324940796192863,14.00740846746846,32.0,17.5,100.0,396,540,375,435,17.5,NEUTRAL,program,sonic_drive_smooth.py,function,bc4a84a5f90dcb414fa9a95aff361c8d4412f04ffa11cdb071a0b8ad9fecc202,平滑操舵：安全制御優先：左回避 | target_deg=57.375,,153.5996325763279,249.11542677702522,247.62961082807917,122.22027154160652,117.63426601185056,0,90.9,95.49698722076896,3
90.95,902.1938812996879,444.5543547714227,-10.799830235526656,14.005738890575,32.0,17.5,100.0,396,540,375,435,17.5,NEUTRAL,program,sonic_drive_smooth.py,function,bc4a84a5f90dcb414fa9a95aff361c8d4412f04ffa11cdb071a0b8ad9fecc202,平滑操舵：安全制御優先：左回避 | target_deg=57.375,,154.21648447638472,250.0,249.37322064290842,124.0095033654039,119.8833789751118,0,90.95,96.12722894548227,3
91.0,902.0538326072891,445.24043577790843,-12.274567797165076,14.004445570581504,32.0,17.5,100.0,396,540,375,435,17.5,NEUTRAL,program,sonic_drive_smooth.py,function,bc4a84a5f90dcb414fa9a95aff361c8d4412f04ffa11cdb071a0b8ad9fecc202,平滑操舵：安全制御優先：左回避 | target_deg=57.375,,156.95950543357176,246.03935095301802,248.75307014418283,125.45185635686136,120.58358199171238,0,91.0,96.77794312310121,3
91.05,901.8961864735202,445.92263095136343,-13.749187708361262,14.003443713996086,32.0,17.5,100.0,396,540,375,435,17.5,NEUTRAL,program,sonic_drive_smooth.py,function,bc4a84a5f90dcb414fa9a95aff361c8d4412f04ffa11cdb071a0b8ad9fecc202,平滑操舵：安全制御優先：左回避 | target_deg=57.375,,153.57141194410158,249.53232208296623,249.96098019547415,123.64470164715233,121.24018273849595,0,91.05,97.4487082023032,3
91.1,901.7210482117626,446.6005015549179,-15.223716482892968,14.002667636441583,32.0,17.5,100.0,396,540,375,435,17.5,NEUTRAL,program,sonic_drive_smooth.py,function,bc4a84a5f90dcb414fa9a95aff361c8d4412f04ffa11cdb071a0b8ad9fecc202,平滑操舵：安全制御優先：左回避 | target_deg=57.375,,158.22161704161923,249.07478437258175,250.0,127.21238494806327,123.15578607730852,0,91.1,98.13908772846075,3
91.15,901.5285342433003,447.27360882961284,-16.698174659376235,14.00206645621342,32.0,17.5,100.0,396,540,375,435,17.5,NEUTRAL,program,sonic_drive_smooth.py,function,bc4a84a5f90dcb414fa9a95aff361c8d4412f04ffa11cdb071a0b8ad9fecc202,平滑操舵：安全制御優先：左回避 | target_deg=57.375,,156.01563934616675,250.0,249.64629524219845,128.71338046711205,123.15456972295729,0,91.15,98.84863089508067,3
91.2,901.3187721842768,447.94151492634666,-18.172578147831757,14.001600758340011,32.0,17.5,100.0,396,540,375,435,17.5,NEUTRAL,program,sonic_drive_smooth.py,function,bc4a84a5f90dcb414fa9a95aff361c8d4412f04ffa11cdb071a0b8ad9fecc202,平滑操舵：安全制御優先：左回避 | target_deg=57.375,,157.86546522996255,250.0,249.5426493372426,124.524477523273,124.5275802710391,0,91.2,99.57687306994129,3
91.25,901.091900875411,448.6037836957559,-19.646939272787876,14.001240010432582,32.0,17.5,100.0,396,540,375,435,17.5,NEUTRAL,program,sonic_drive_smooth.py,function,bc4a84a5f90dcb414fa9a95aff361c8d4412f04ffa11cdb071a0b8ad9fecc202,平滑操舵：安全制御優先：左回避 | target_deg=57.375,,157.73768596811814,250.0,250.0,124.6915692706483,127.77801983624012,0,91.25,100.32333629779644,3
91.3,900.8480703685279,449.2599813664307,-21.121267581309468,14.000960560900717,32.0,17.5,100.0,396,540,375,435,17.5,NEUTRAL,program,sonic_drive_smooth.py,function,bc4a84a5f90dcb414fa9a95aff361c8d4412f04ffa11cdb071a0b8ad9fecc202,平滑操舵：安全制御優先：左回避 | target_deg=57.375,,157.65719247082208,249.6180623779881,246.36172022912888,127.87693234892278,130.68921488459594,0,91.3,101.08752978232923,3
91.35,900.5874418801934,449.909677135243,-22.59557046892897,14.000744088291311,32.0,17.5,100.0,396,540,375,435,17.5,NEUTRAL,program,sonic_drive_smooth.py,function,bc4a84a5f90dcb414fa9a95aff361c8d4412f04ffa11cdb071a0b8ad9fecc202,平滑操舵：安全制御優先：左回避 | target_deg=57.375,,162.4067944970041,248.99241035456865,250.0,123.95047372628855,129.48866881758659,0,91.35,101.86895035036103,3
91.4,900.3101877199565,450.55244368836304,-24.069853664516756,14.000576400085464,32.0,17.5,100.0,396,540,375,435,17.5,NEUTRAL,program,sonic_drive_smooth.py,function,bc4a84a5f90dcb414fa9a95aff361c8d4412f04ffa11cdb071a0b8ad9fecc202,平滑操舵：安全制御優先：左回避 | target_deg=57.375,,162.25074278686952,250.0,247.98736558674022,128.41247081405592,127.20201839778949,0,91.4,102.66708290135706,3
91.45,900.016491198655,451.18785766745555,-25.54412160588157,14.00044650219927,32.0,17.5,100.0,396,540,375,435,17.5,NEUTRAL,program,sonic_drive_smooth.py,function,bc4a84a5f90dcb414fa9a95aff361c8d4412f04ffa11cdb071a0b8ad9fecc202,平滑操舵：安全制御優先：左回避 | target_deg=57.375,,159.60575538533894,249.03730607309151,250.0,121.02201000647946,123.87529475555812,0,91.45,103.29424854297031,3
91.5,899.7065465207332,451.81550009234303,-27.018377730724694,14.000345878182502,32.0,17.5,100.0,396,540,375,435,17.5,NEUTRAL,program,sonic_drive_smooth.py,function,bc4a84a5f90dcb414fa9a95aff361c8d4412f04ffa11cdb071a0b8ad9fecc202,平滑操舵：安全制御優先：左回避 | target_deg=57.375,,162.76080217077154,250.0,247.5051863849769,118.67051071229378,125.12198859694283,0,91.5,103.85068536757342,3
91.55,899.3805586634256,452.43495674891415,-28.492624702024898,14.000267930857511,32.0,17.5,100.0,396,540,375,435,17.5,NEUTRAL,program,sonic_drive_smooth.py,function,bc4a84a5f90dcb414fa9a95aff361c8d4412f04ffa11cdb071a0b8ad9fecc202,平滑操舵：安全制御優先：左回避 | target_deg=57.375,,164.2400762814582,250.0,250.0,120.85856076250307,122.45418472243952,0,91.55,104.41020105245724,3
91.6,899.0387432448559,453.0458185490901,-29.966864582630365,14.00020754979076,32.0,17.5,100.0,396,540,375,435,17.5,NEUTRAL,program,sonic_drive_smooth.py,function,bc4a84a5f90dcb414fa9a95aff361c8d4412f04ffa11cdb071a0b8ad9fecc202,平滑操舵：安全制御優先：左回避 | target_deg=57.375,,164.39224128336122,246.7060778356859,250.0,119.7161941761811,120.65914368374108,0,91.6,104.97242592138531,3
91.65,898.6813263825281,453.6476818681237,-31.441098970504527,14.000160776239229,32.0,17.5,100.0,396,540,375,435,17.5,NEUTRAL,program,sonic_drive_smooth.py,function,bc4a84a5f90dcb414fa9a95aff361c8d4412f04ffa11cdb071a0b8ad9fecc202,平滑操舵：安全制御優先：左回避 | target_deg=57.375,,165.24596841152928,247.9140020112557,248.7148935404452,119.9094881585747,120.73863175647203,0,91.65,105.53698835033708,3
91.7,898.3085445432635,454.24014886330633,-32.91532910349278,14.000124543604723,32.0,17.5,100.0,396,540,375,435,17.5,NEUTRAL,program,sonic_drive_smooth.py,function,bc4a84a5f90dcb414fa9a95aff361c8d4412f04ffa11cdb071a0b8ad9fecc202,平滑操舵：安全制御優先：左回避 | target_deg=57.375,,171.84713681145564,248.5476376157423,248.99269308480467,121.31042897693318,119.31609751998427,0,91.7,106.10351504629028,3
91.75,897.9206443853441,454.82282777721736,-34.389555940478914,14.000096476379543,32.0,17.5,100.0,396,540,375,435,17.5,NEUTRAL,program,sonic_drive_smooth.py,function,bc4a84a5f90dcb414fa9a95aff361c8d4412f04ffa11cdb071a0b8ad9fecc202,平滑操舵：安全制御優先：左回避 | target_deg=57.375,,171.96261167542832,247.94894675587224,247.11885561327773,121.66785222792258,123.36917418891493,0,91.75,106.6716313202374,3
91.8,897.5178825934127,455.39533322792187,-35.863780224252054,14.000074734401903,32.0,17.5,100.0,396,540,375,435,17.5,NEUTRAL,program,sonic_drive_smooth.py,function,bc4a84a5f90dcb414fa9a95aff361c8d4412f04ffa11cdb071a0b8ad9fecc202,平滑操舵：安全制御優先：左回避 | target_deg=57.375,,174.10018257325027,250.0,250.0,126.30762528953954,119.62811775937561,0,91.8,107.24096135567561,3
91.85,897.1005257065287,455.9572864879491,-37.33800253020581,14.00005789221003,32.0,17.5,100.0,396,540,375,435,17.5,NEUTRAL,program,sonic_drive_smooth.py,function,bc4a84a5f90dcb414fa9a95aff361c8d4412f04ffa11cdb071a0b8ad9fecc202,平滑操舵：安全制御優先：左回避 | target_deg=57.375,,179.54659862514654,248.49999158600443,250.0,123.40425046298579,120.0384538412272,0,91.85,107.81112847352324,3
91.9,896.6688499396824,456.5083157534424,-38.81222330406288,14.000044845585126,32.0,17.5,100.0,396,540,375,435,17.5,NEUTRAL,program,sonic_drive_smooth.py,function,bc4a84a5f90dcb414fa9a95aff361c8d4412f04ffa11cdb071a0b8ad9fecc202,平滑操舵：安全制御優先：左回避 | target_deg=57.375,,181.13548189581024,250.0,246.08489575611867,123.91216874857481,118.47822926347021,0,91.9,108.38175539418705,3
91.95,896.2231409989942,457.04805640452645,-40.286442891097494,14.000034739155826,32.0,17.5,100.0,396,540,375,435,17.5,NEUTRAL,program,sonic_drive_smooth.py,function,bc4a84a5f90dcb414fa9a95aff361c8d4412f04ffa11cdb071a0b8ad9fecc202,平滑操舵：安全制御優先：左回避 | target_deg=57.375,,182.95347464420652,248.97819928414862,247.95322489191332,124.55249659130418,119.6528758255418,0,91.95,108.95246449732366,3
92.0,895.7636938907885,457.5761512576675,-41.76066155877271,14.000026910317796,32.0,17.5,100.0,396,540,375,435,17.5,NEUTRAL,program,sonic_drive_smooth.py,function,bc4a84a5f90dcb414fa9a95aff361c8d4412f04ffa11cdb071a0b8ad9fecc202,平滑操舵：安全制御優先：左回避 | target_deg=57.375,,187.21835567361987,130.98297583560975,249.90994547511553,126.93246685285953,122.75370833742917,0,92.0,109.52287807969054,3
92.05,895.2874636684477,458.09656966117996,-43.145289701289926,14.18030934951436,29.76,18.5,93.0,398,532,375,435,18.5,NEUTRAL,program,sonic_drive_smooth.py,function,bc4a84a5f90dcb414fa9a95aff361c8d4412f04ffa11cdb071a0b8ad9fecc202,平滑操舵：安全制御優先：右壁追従 | target_deg=55.024,,189.89157280642166,129.70377676167783,250.0,126.35642237733506,122.35629896248841,0,92.05,110.09335513445416,3
92.1,894.7900760120158,458.6153010744724,-44.43174310247784,14.500251728420858,27.52,19.5,86.0,399,525,375,435,19.5,NEUTRAL,program,sonic_drive_smooth.py,function,bc4a84a5f90dcb414fa9a95aff361c8d4412f04ffa11cdb071a0b8ad9fecc202,平滑操舵：安全制御優先：右壁追従 | target_deg=52.485,,195.7481906858215,249.8818188991048,182.14282020216007,126.88893614043407,122.28170731761287,0,92.1,110.66752123089583,3
92.15,894.2679252430767,459.1367393947725,-45.63042191154159,14.928380195086904,25.28,20.5,79.0,400,517,375,435,20.5,NEUTRAL,program,sonic_drive_smooth.py,function,bc4a84a5f90dcb414fa9a95aff361c8d4412f04ffa11cdb071a0b8ad9fecc202,平滑操舵：安全制御優先：右壁追従 | target_deg=49.736,,200.8558926940429,250.0,178.90932949076588,128.62802283064778,121.9024323764358,0,92.15,111.24832428395825,3
92.2,893.7180722447715,459.6640952729568,-46.74645098523618,15.44031386465527,23.04,21.5,72.0,401,510,375,435,21.5,NEUTRAL,program,sonic_drive_smooth.py,function,bc4a84a5f90dcb414fa9a95aff361c8d4412f04ffa11cdb071a0b8ad9fecc202,平滑操舵：安全制御優先：右壁追従 | target_deg=46.756,,202.495883206864,249.26527625452286,174.01690959378047,128.11651595332114,121.96658539498868,0,92.2,111.83761652344668,3
92.25,893.1381748200571,460.1997377501247,-47.78114435003394,16.017166343831658,20.8,22.5,65.0,403,503,375,435,22.5,NEUTRAL,program,sonic_drive_smooth.py,function,bc4a84a5f90dcb414fa9a95aff361c8d4412f04ffa11cdb071a0b8ad9fecc202,平滑操舵：安全制御優先：右壁追従 | target_deg=43.521,,207.09942105715922,250.0,172.533579395301,128.34333558110848,123.77979759938383,0,92.25,112.43640192145688,3
92.3,892.5264207200682,460.7454581552001,-48.73304722851205,16.64430748880645,18.56,23.5,58.0,404,495,375,435,23.5,NEUTRAL,program,sonic_drive_smooth.py,function,bc4a84a5f90dcb414fa9a95aff361c8d4412f04ffa11cdb071a0b8ad9fecc202,平滑操舵：安全制御優先：右壁追従 | target_deg=40.010,,205.43316018133132,249.83218631105407,169.6822999408959,131.91678951202803,122.73521035455539,0,92.3,113.04505590691144,3
92.35,891.8814682420987,461.30267622677815,-49.59867497497106,17.31040421419089,16.32,24.5,51.0,405,488,375,435,24.5,NEUTRAL,program,sonic_drive_smooth.py,function,bc4a84a5f90dcb414fa9a95aff361c8d4412f04ffa11cdb071a0b8ad9fecc202,平滑操舵：安全制御優先：右壁追従 | target_deg=36.204,,214.2589827488477,248.98926901072986,169.70994350133546,132.4530097690719,126.9302302037143,0,92.35,113.66351786630281,3
92.4,891.2023961885384,461.87260288776093,-50.37303394892879,18.006677465855347,14.08,25.5,44.0,406,481,375,435,25.5,NEUTRAL,program,sonic_drive_smooth.py,function,bc4a84a5f90dcb414fa9a95aff361c8d4412f04ffa11cdb071a0b8ad9fecc202,平滑操舵：安全制御優先：右壁追従 | target_deg=32.089,,220.27752824580568,247.4950810174027,169.04593760035812,132.3509407467256,125.4640615307767,0,92.4,114.29145950851984,3
92.45,890.4886635584159,462.4563702183901,-51.049985029158165,18.7263266428366,11.84,26.5,37.0,408,473,375,435,26.5,NEUTRAL,program,sonic_drive_smooth.py,function,bc4a84a5f90dcb414fa9a95aff361c8d4412f04ffa11cdb071a0b8ad9fecc202,平滑操舵：安全制御優先：右壁追従 | target_deg=27.659,,217.0648443297469,249.3698255418305,161.1818845251199,131.17330126758202,125.84306887665231,0,92.45,114.92843301289372,3
92.5,889.7400787906532,463.05513640196284,-51.62249315628284,19.464083731886525,9.6,27.5,30.0,409,466,375,435,27.5,NEUTRAL,program,sonic_drive_smooth.py,function,bc4a84a5f90dcb414fa9a95aff361c8d4412f04ffa11cdb071a0b8ad9fecc202,平滑操舵：Follow the Gap：目標が空き空間内 | target_deg=22.921 | gap_min_deg=-60.0 | gap_max_deg=60.0,,221.6010128118068,250.0,164.13318422457266,132.01700837227503,128.70751752427617,0,92.5,115.57400294838072,3
92.55,888.956778261976,463.67017140043504,-52.08279392022999,20.215867922539626,7.36,28.5,23.0,410,459,375,435,28.5,NEUTRAL,program,sonic_drive_smooth.py,function,bc4a84a5f90dcb414fa9a95aff361c8d4412f04ffa11cdb071a0b8ad9fecc202,平滑操舵：Follow the Gap：目標が空き空間内 | target_deg=17.896 | gap_min_deg=-60.0 | gap_max_deg=60.0,,222.77674451049597,250.0,164.51440610291922,128.3180060619556,127.34147511170988,0,92.55,116.22786571200328,3
92.6,888.139213838834,464.30292761621683,-52.42249933508808,20.97851805834639,5.12,29.5,16.0,411,451,375,435,29.5,NEUTRAL,program,sonic_drive_smooth.py,function,bc4a84a5f90dcb414fa9a95aff361c8d4412f04ffa11cdb071a0b8ad9fecc202,平滑操舵：Follow the Gap：目標が空き空間内 | target_deg=12.626 | gap_min_deg=-60.0 | gap_max_deg=60.0,,219.79971008529182,249.41052306347794,162.4872443756712,133.44314290871034,126.57173336530722,0,92.6,116.88995990491554,3
92.65,887.2881494772057,464.9550986502034,-52.63265855292565,21.749585383065213,2.88,30.5,9.0,413,444,375,435,30.5,NEUTRAL,program,sonic_drive_smooth.py,function,bc4a84a5f90dcb414fa9a95aff361c8d4412f04ffa11cdb071a0b8ad9fecc202,平滑操舵：Follow the Gap：目標が空き空間内 | target_deg=7.168 | gap_min_deg=-60.0 | gap_max_deg=60.0,,228.46702930562662,247.3373909824106,162.8460940923088,126.9648723150872,128.37653095328469,0,92.65,117.22157347769729,3
92.7,886.4046670995995,465.6286683615478,-52.70378464276864,22.527172993702955,0.64,31.5,2.0,414,437,375,435,31.5,NEUTRAL,program,sonic_drive_smooth.py,function,bc4a84a5f90dcb414fa9a95aff361c8d4412f04ffa11cdb071a0b8ad9fecc202,平滑操舵：Follow the Gap：目標が空き空間内 | target_deg=1.600 | gap_min_deg=-60.0 | gap_max_deg=60.0,,224.40692512391698,250.0,166.83299380948992,132.15434643228522,125.98202296677559,0,92.7,116.77005993166233,3
92.75,885.4898311075739,466.3254911348797,-52.70378464276864,23.30981147451941,0.0,32.5,0.0,415,435,375,435,32.5,NEUTRAL,program,sonic_drive_smooth.py,function,bc4a84a5f90dcb414fa9a95aff361c8d4412f04ffa11cdb071a0b8ad9fecc202,平滑操舵：Follow the Gap：目標が空き空間内 | target_deg=0.000 | gap_min_deg=-60.0 | gap_max_deg=60.0,,228.82827296030482,250.0,163.96661376556506,126.6751270481273,125.46057460941272,0,92.75,115.8351242800215,3
92.8,884.5437711432069,467.04609694166345,-52.70378464276864,24.096362558230812,0.0,33.5,0.0,416,435,375,435,33.5,NEUTRAL,program,sonic_drive_smooth.py,function,bc4a84a5f90dcb414fa9a95aff361c8d4412f04ffa11cdb071a0b8ad9fecc202,平滑操舵：Follow the Gap：目標が空き空間内 | target_deg=0.000 | gap_min_deg=-60.0 | gap_max_deg=60.0,,223.85518520588883,250.0,164.28710072149894,124.38694554657926,125.70729057202219,0,92.8,114.87229668299281,3
92.85,883.566352763569,467.79058818593217,-52.70378464276864,24.88594449818517,0.0,34.5,0.0,418,435,375,435,34.5,NEUTRAL,program,sonic_drive_smooth.py,function,bc4a84a5f90dcb414fa9a95aff361c8d4412f04ffa11cdb071a0b8ad9fecc202,平滑操舵：Follow the Gap：目標が空き空間内 | target_deg=0.000 | gap_min_deg=-60.0 | gap_max_deg=60.0,,221.0475604114439,247.28046072825143,163.5167126243755,127.53958643394346,124.99272513245711,0,92.85,113.88195220898874,3
92.9,882.559637491444,468.55739462336186,-52.70378464276864,25.587730006849817,0.0,35.0,0.0,418,435,375,435,35.0,NEUTRAL,program,sonic_drive_smooth.py,function,bc4a84a5f90dcb414fa9a95aff361c8d4412f04ffa11cdb071a0b8ad9fecc202,平滑操舵：Follow the Gap：目標が空き空間内 | target_deg=0.000 | gap_min_deg=-60.0 | gap_max_deg=60.0,,220.59051596829013,249.53446479335892,165.5335871116256,125.24116496886059,125.1749396109698,0,92.9,112.86671557294297,3
92.95,881.5300377064985,469.3409131447489,-52.754433112869634,26.065749628543788,0.6654584871472643,34.63607738984134,2.079557772335201,418,437,375,435,34.63607738984134,NEUTRAL,program,sonic_drive_smooth.py,function,bc4a84a5f90dcb414fa9a95aff361c8d4412f04ffa11cdb071a0b8ad9fecc202,平滑操舵：Follow the Gap：目標が空き空間内 | target_deg=1.663 | gap_min_deg=-60.0 | gap_max_deg=60.0,,216.71052311839367,248.25274578453661,166.5559524308911,126.48701223250852,122.3856278105076,0,92.95,111.83312369524553,3
93.0,880.4833301036998,470.13595941183485,-52.80723820108874,26.434320716858437,0.6829210931333565,34.62652752719269,2.134128416041739,418,437,375,435,34.62652752719269,NEUTRAL,program,sonic_drive_smooth.py,function,bc4a84a5f90dcb414fa9a95aff361c8d4412f04ffa11cdb071a0b8ad9fecc202,平滑操舵：Follow the Gap：目標が空き空間内 | target_deg=1.707 | gap_min_deg=-60.0 | gap_max_deg=60.0,,219.57722976385813,247.5953585107718,171.41038040819726,125.85624237833356,127.47078017746621,0,93.0,110.78762496570842,3
93.05,879.4232577082373,470.93957179206853,-52.86318644269548,26.716671493371226,0.7149601462428135,34.60900617002346,2.234250457008792,418,437,375,435,34.60900617002346,NEUTRAL,program,sonic_drive_smooth.py,function,bc4a84a5f90dcb414fa9a95aff361c8d4412f04ffa11cdb071a0b8ad9fecc202,平滑操舵：Follow the Gap：目標が空き空間内 | target_deg=1.787 | gap_min_deg=-60.0 | gap_max_deg=60.0,,216.11678034629443,250.0,168.9762201431712,126.09276688051614,121.98490505109305,0,93.05,109.7342872526484,3
93.1,878.3527587401355,471.74938024373006,-52.92343797933398,26.93065179410019,0.7630327033001507,34.58271649038273,2.384477197812971,418,437,375,435,34.58271649038273,NEUTRAL,program,sonic_drive_smooth.py,function,bc4a84a5f90dcb414fa9a95aff361c8d4412f04ffa11cdb071a0b8ad9fecc202,平滑操舵：Follow the Gap：目標が空き空間内 | target_deg=1.907 | gap_min_deg=-60.0 | gap_max_deg=60.0,,218.53611861811626,250.0,171.795783935272,127.26893421571786,120.64577489954445,0,93.1,108.67630933721937,3
93.15,877.2740297416266,472.5636256714432,-52.98414554788971,27.096358242840818,0.763551152915376,34.5824329632494,2.38609735286055,418,437,375,435,34.5824329632494,NEUTRAL,program,sonic_drive_smooth.py,function,bc4a84a5f90dcb414fa9a95aff361c8d4412f04ffa11cdb071a0b8ad9fecc202,平滑操舵：Follow the Gap：目標が空き空間内 | target_deg=1.908 | gap_min_deg=-60.0 | gap_max_deg=60.0,,211.75928942739685,247.86811407152783,168.36310660703614,123.75611837398327,120.60383936344913,0,93.15,107.61618105816125,3
93.2,876.1887898805229,473.38093087687173,-53.04830200217788,27.22085688234045,0.8027426820898175,34.56100009573213,2.5085708815306798,418,437,375,435,34.56100009573213,NEUTRAL,program,sonic_drive_smooth.py,function,bc4a84a5f90dcb414fa9a95aff361c8d4412f04ffa11cdb071a0b8ad9fecc202,平滑操舵：Follow the Gap：目標が空き空間内 | target_deg=2.006 | gap_min_deg=-60.0 | gap_max_deg=60.0,,214.80341993757514,250.0,173.46202739897166,120.46058257380122,120.46943847186654,0,93.2,106.55579466919566,3
93.25,875.0983940278493,474.2001641729501,-53.11535295306163,27.31404828205496,0.8357072230466224,34.542972612396376,2.611585072020695,418,437,375,435,34.542972612396376,NEUTRAL,program,sonic_drive_smooth.py,function,bc4a84a5f90dcb414fa9a95aff361c8d4412f04ffa11cdb071a0b8ad9fecc202,平滑操舵：Follow the Gap：目標が空き空間内 | target_deg=2.088 | gap_min_deg=-60.0 | gap_max_deg=60.0,,213.34592017121562,250.0,172.3992566381173,120.29460424707008,117.79462873353249,0,93.25,105.49670385624752,3
93.3,874.0038936076983,475.02042596482596,-53.18597283750226,27.382100365303277,0.8776731684570995,34.52002248600002,2.742728651428436,418,437,375,435,34.52002248600002,NEUTRAL,program,sonic_drive_smooth.py,function,bc4a84a5f90dcb414fa9a95aff361c8d4412f04ffa11cdb071a0b8ad9fecc202,平滑操舵：Follow the Gap：目標が空き空間内 | target_deg=2.193 | gap_min_deg=-60.0 | gap_max_deg=60.0,,215.09247489006165,249.99407274222955,178.15914122595123,120.48049344470896,120.28368273779247,0,93.3,104.44012152508037,3
93.35,872.9060124175453,475.84111795762186,-53.25607071403556,27.435641465127414,0.869302819047112,34.52460002083361,2.7165713095222253,418,437,375,435,34.52460002083361,NEUTRAL,program,sonic_drive_smooth.py,function,bc4a84a5f90dcb414fa9a95aff361c8d4412f04ffa11cdb071a0b8ad9fecc202,平滑操舵：Follow the Gap：目標が空き空間内 | target_deg=2.172 | gap_min_deg=-60.0 | gap_max_deg=60.0,,213.56402040404953,247.86436073183276,172.13339899690655,117.66112100503469,118.40450580260912,0,93.35,103.38703830914484,3
93.4,871.8053461253519,476.66174435531815,-53.32953942364745,27.473139081533756,0.9096437728098766,34.5025385617446,2.8426367900308644,418,437,375,435,34.5025385617446,NEUTRAL,program,sonic_drive_smooth.py,function,bc4a84a5f90dcb414fa9a95aff361c8d4412f04ffa11cdb071a0b8ad9fecc202,平滑操舵：Follow the Gap：目標が空き空間内 | target_deg=2.273 | gap_min_deg=-60.0 | gap_max_deg=60.0,,209.88135622514315,250.0,175.37439409941493,119.2930380274783,115.61774658047607,0,93.4,102.33813789048833,3
93.45,870.7023175587644,477.48193923039247,-53.402624443245486,27.502760758402744,0.9038164458540434,34.50572538117357,2.824426393293886,418,437,375,435,34.50572538117357,NEUTRAL,program,sonic_drive_smooth.py,function,bc4a84a5f90dcb414fa9a95aff361c8d4412f04ffa11cdb071a0b8ad9fecc202,平滑操舵：Follow the Gap：目標が空き空間内 | target_deg=2.259 | gap_min_deg=-60.0 | gap_max_deg=60.0,,211.27727083721783,250.0,174.42502310160393,119.85054153758955,118.35597076754057,0,93.45,101.29411412502675,3
93.5,869.5972290365908,478.3014688545952,-53.47638162433864,27.52496961744528,0.9112940665851222,34.50163605733626,2.847793958078507,418,437,375,435,34.50163605733626,NEUTRAL,program,sonic_drive_smooth.py,function,bc4a84a5f90dcb414fa9a95aff361c8d4412f04ffa11cdb071a0b8ad9fecc202,平滑操舵：Follow the Gap：目標が空き空間内 | target_deg=2.277 | gap_min_deg=-60.0 | gap_max_deg=60.0,,207.3323431597457,250.0,174.3742057544093,117.74560727370113,116.88005596607509,0,93.5,100.25543269907395,3
93.55,868.4903083254845,479.12015425906026,-53.54990151967982,27.542525565188296,0.9077229912318825,34.50358898917006,2.8366343475996327,418,437,375,435,34.50358898917006,NEUTRAL,program,sonic_drive_smooth.py,function,bc4a84a5f90dcb414fa9a95aff361c8d4412f04ffa11cdb071a0b8ad9fecc202,平滑操舵：Follow the Gap：目標が空き空間内 | target_deg=2.268 | gap_min_deg=-60.0 | gap_max_deg=60.0,,206.43408214496523,248.47887440251938,176.1539138615399,116.23770212797854,119.67828795045044,0,93.55,99.22254381168683,3
93.6,867.3817485264917,479.93783886202004,-53.624398116554374,27.554983984263842,0.9192966617192647,34.49725963812228,2.872802067872702,418,438,375,435,34.49725963812228,NEUTRAL,program,sonic_drive_smooth.py,function,bc4a84a5f90dcb414fa9a95aff361c8d4412f04ffa11cdb071a0b8ad9fecc202,平滑操舵：Follow the Gap：目標が空き空間内 | target_deg=2.297 | gap_min_deg=-60.0 | gap_max_deg=60.0,,205.72027778941572,244.9163049502306,175.1160013171619,111.98456839765282,116.82683842396165,0,93.6,98.19580062711155,3
93.65,866.2727503127852,480.7529231738905,-53.74579975131675,27.50745997838747,1.4991904498350093,34.18013022274648,4.684970155734404,417,439,375,435,34.18013022274648,NEUTRAL,program,sonic_drive_smooth.py,function,bc4a84a5f90dcb414fa9a95aff361c8d4412f04ffa11cdb071a0b8ad9fecc202,平滑操舵：Follow the Gap：目標が空き空間内 | target_deg=3.743 | gap_min_deg=-60.0 | gap_max_deg=60.0,,204.3813852343206,250.0,250.0,118.93687318604162,114.5574002173755,0,93.65,97.17473894907991,3
93.7,865.1642099297588,481.5637191766888,-53.89008080036699,27.442434345190424,1.7853265458414578,34.023649545242954,5.5791454557545554,417,440,375,435,34.023649545242954,NEUTRAL,program,sonic_drive_smooth.py,function,bc4a84a5f90dcb414fa9a95aff361c8d4412f04ffa11cdb071a0b8ad9fecc202,平滑操舵：Follow the Gap：目標が空き空間内 | target_deg=4.456 | gap_min_deg=-60.0 | gap_max_deg=60.0,,202.34404483772806,248.50727928998234,248.2183991335583,113.71759603619832,116.03820897463456,0,93.7,96.16086595605846,3
93.75,864.0561954684359,482.36967237817066,-54.04675120706486,27.376501814667712,1.9431547469581323,33.93733724775727,6.072358584244164,417,441,375,435,33.93733724775727,NEUTRAL,program,sonic_drive_smooth.py,function,bc4a84a5f90dcb414fa9a95aff361c8d4412f04ffa11cdb071a0b8ad9fecc202,平滑操舵：Follow the Gap：目標が空き空間内 | target_deg=4.848 | gap_min_deg=-60.0 | gap_max_deg=60.0,,205.4654888297359,250.0,250.0,114.3408593759358,117.19168982048438,0,93.75,95.15459997695984,3
93.8,862.9485199459384,483.1706159807981,-54.21299075995327,27.31325820879913,2.0665853259659115,33.869836149862394,6.458079143643474,417,441,375,435,33.869836149862394,NEUTRAL,program,sonic_drive_smooth.py,function,bc4a84a5f90dcb414fa9a95aff361c8d4412f04ffa11cdb071a0b8ad9fecc202,平滑操舵：Follow the Gap：目標が空き空間内 | target_deg=5.155 | gap_min_deg=-60.0 | gap_max_deg=60.0,,199.21842293312343,250.0,250.0,110.9009304604135,111.95336431237159,0,93.8,94.15589781109904,3
93.85,861.8407880175587,483.96669445526203,-54.3807102718778,27.262033408876604,2.08924171475648,33.857445937242545,6.528880358614001,417,441,375,435,33.857445937242545,NEUTRAL,program,sonic_drive_smooth.py,function,bc4a84a5f90dcb414fa9a95aff361c8d4412f04ffa11cdb071a0b8ad9fecc202,平滑操舵：Follow the Gap：目標が空き空間内 | target_deg=5.211 | gap_min_deg=-60.0 | gap_max_deg=60.0,,200.91991747125235,249.7019366123496,248.961363163104,109.57120628287375,116.75285372483671,0,93.85,93.16480814925069,3
93.9,860.7326220136239,484.7581244178696,-54.551958288312505,27.21765971208065,2.136839837641271,33.83141571378993,6.677624492628972,417,442,375,435,33.83141571378993,NEUTRAL,program,sonic_drive_smooth.py,function,bc4a84a5f90dcb414fa9a95aff361c8d4412f04ffa11cdb071a0b8ad9fecc202,平滑操舵：Follow the Gap：目標が空き空間内 | target_deg=5.329 | gap_min_deg=-60.0 | gap_max_deg=60.0,,199.78411396748456,90.38862601587857,250.0,112.53399290310871,113.02119683742549,0,93.9,92.18101128129591,3
93.95,859.6236660142174,485.5451241019566,-54.72321055726124,27.182982767306605,2.139916376822425,33.82973323142524,6.687238677570079,417,442,375,435,33.82973323142524,NEUTRAL,program,sonic_drive_smooth.py,function,bc4a84a5f90dcb414fa9a95aff361c8d4412f04ffa11cdb071a0b8ad9fecc202,平滑操舵：Follow the Gap：目標が空き空間内 | target_deg=5.337 | gap_min_deg=-60.0 | gap_max_deg=60.0,,201.3543081225855,93.20788772433872,248.2103597893847,108.57021962211225,114.24412399312477,0,93.95,91.20447608883619,3
94.0,858.5136356471892,486.32788168073415,-54.89627918183217,27.153638308198097,2.165093368633526,33.81596456402854,6.765916776979768,417,442,375,435,33.81596456402854,NEUTRAL,program,sonic_drive_smooth.py,function,bc4a84a5f90dcb414fa9a95aff361c8d4412f04ffa11cdb071a0b8ad9fecc202,平滑操舵：Follow the Gap：目標が空き空間内 | target_deg=5.399 | gap_min_deg=-60.0 | gap_max_deg=60.0,,202.330779253461,93.88379921773179,250.0,107.78185610262092,112.86931857531988,0,94.0,90.23501131913204,3
94.05,857.4023136338895,487.10651967294643,-55.070382227210786,27.1294248034838,2.180125847423211,33.80774367719043,6.812893273197535,417,442,375,435,33.80774367719043,NEUTRAL,program,sonic_drive_smooth.py,function,bc4a84a5f90dcb414fa9a95aff361c8d4412f04ffa11cdb071a0b8ad9fecc202,平滑操舵：Follow the Gap：目標が空き空間内 | target_deg=5.437 | gap_min_deg=-60.0 | gap_max_deg=60.0,,200.89245268813832,92.92385088111376,250.0,109.256322534914,112.66003341445703,0,94.05,89.27261477410647,3
94.1,856.289394800211,487.881304427217,-55.240380953566486,27.115591865656885,2.130186373191734,33.83505432716077,6.6568324162241685,417,441,375,435,33.83505432716077,NEUTRAL,program,sonic_drive_smooth.py,function,bc4a84a5f90dcb414fa9a95aff361c8d4412f04ffa11cdb071a0b8ad9fecc202,平滑操舵：Follow the Gap：目標が空き空間内 | target_deg=5.313 | gap_min_deg=-60.0 | gap_max_deg=60.0,,201.3495711302673,89.76083782276851,246.05108690315583,107.66541771219234,116.50929221749408,0,94.1,88.31748085637899,3
94.15,855.1746533304511,488.6524710685503,-55.40944919361223,27.105937799486966,2.1194204204290448,33.84094195757787,6.623188813840764,417,441,375,435,33.84094195757787,NEUTRAL,program,sonic_drive_smooth.py,function,bc4a84a5f90dcb414fa9a95aff361c8d4412f04ffa11cdb071a0b8ad9fecc202,平滑操舵：Follow the Gap：目標が空き空間内 | target_deg=5.286 | gap_min_deg=-60.0 | gap_max_deg=60.0,,201.2900452997937,87.85745508061214,248.65782500442086,110.44377745463115,116.9690273404148,0,94.15,87.36946882481506,3
94.2,854.0580936995032,489.4199702581362,-55.58295228740275,27.092890662765843,2.1759009866147734,33.810054147945046,6.799690583171167,417,442,375,435,33.810054147945046,NEUTRAL,program,sonic_drive_smooth.py,function,bc4a84a5f90dcb414fa9a95aff361c8d4412f04ffa11cdb071a0b8ad9fecc202,平滑操舵：Follow the Gap：目標が空き空間内 | target_deg=5.426 | gap_min_deg=-60.0 | gap_max_deg=60.0,,194.4932032861726,89.34947855516647,250.0,106.45864774032293,109.94047935585428,0,94.2,86.42846480050085,3
94.25,852.9397362689901,490.1836972598916,-55.75866014733785,27.07995634704586,2.204578729355766,33.79437100738357,6.889308529236769,417,442,375,435,33.79437100738357,NEUTRAL,program,sonic_drive_smooth.py,function,bc4a84a5f90dcb414fa9a95aff361c8d4412f04ffa11cdb071a0b8ad9fecc202,平滑操舵：Follow the Gap：目標が空き空間内 | target_deg=5.497 | gap_min_deg=-60.0 | gap_max_deg=60.0,,199.85828900582123,91.27758631628245,250.0,107.66527865924014,110.1494847373892,0,94.25,85.49477825134773,3
94.3,851.819570967346,490.9435945369383,-55.93700434485092,27.066571386111388,2.2387135368617437,33.77570353452873,6.99597980269295,417,442,375,435,33.77570353452873,NEUTRAL,program,sonic_drive_smooth.py,function,bc4a84a5f90dcb414fa9a95aff361c8d4412f04ffa11cdb071a0b8ad9fecc202,平滑操舵：Follow the Gap：目標が空き空間内 | target_deg=5.582 | gap_min_deg=-60.0 | gap_max_deg=60.0,,199.50031562103314,97.40541575272013,250.0,106.09741446514045,107.6232367680374,0,94.3,84.5685540554075,3
94.35,850.6974897227561,491.69972422931994,-56.11380497348242,27.05802683234698,2.220214030295908,33.78582045218192,6.9381688446747125,417,442,375,435,33.78582045218192,NEUTRAL,program,sonic_drive_smooth.py,function,bc4a84a5f90dcb414fa9a95aff361c8d4412f04ffa11cdb071a0b8ad9fecc202,平滑操舵：Follow the Gap：目標が空き空間内 | target_deg=5.536 | gap_min_deg=-60.0 | gap_max_deg=60.0,,196.40439386079808,98.72868776803263,248.27642449373556,102.79213512995048,110.84471998001749,0,94.35,83.65017421726724,3
94.4,849.5733675322344,492.45220805206174,-56.289742376840124,27.052421158650766,2.209936924756329,33.791440744273885,6.9060528898635285,417,442,375,435,33.791440744273885,NEUTRAL,program,sonic_drive_smooth.py,function,bc4a84a5f90dcb414fa9a95aff361c8d4412f04ffa11cdb071a0b8ad9fecc202,平滑操舵：Follow the Gap：目標が空き空間内 | target_deg=5.511 | gap_min_deg=-60.0 | gap_max_deg=60.0,,199.25768427747386,103.29841514144424,248.89515627399868,106.538011302951,111.51388780799468,0,94.4,82.7397403873994,3
94.45,848.4472062644462,493.2010229912535,-56.46825235795575,27.04484049711975,2.242781155608799,33.77347905552644,7.008691111277497,417,442,375,435,33.77347905552644,NEUTRAL,program,sonic_drive_smooth.py,function,bc4a84a5f90dcb414fa9a95aff361c8d4412f04ffa11cdb071a0b8ad9fecc202,平滑操舵：Follow the Gap：目標が空き空間内 | target_deg=5.592 | gap_min_deg=-60.0 | gap_max_deg=60.0,,194.77756967876712,105.04940939904783,250.0,100.25973734527746,107.46191173818738,0,94.45,81.83725291924439,3
94.5,847.318969051476,493.94617258060964,-56.645836719252884,27.040065827570125,2.2316486817626116,33.77956712716107,6.973902130508161,417,442,375,435,33.77956712716107,NEUTRAL,program,sonic_drive_smooth.py,function,bc4a84a5f90dcb414fa9a95aff361c8d4412f04ffa11cdb071a0b8ad9fecc202,平滑操舵：Follow the Gap：目標が空き空間内 | target_deg=5.564 | gap_min_deg=-60.0 | gap_max_deg=60.0,,194.95192927630902,104.35764975279858,250.0,102.64183911600854,111.32331973357223,0,94.5,80.94316077803032,3
94.55,846.1885633432579,494.68775403976207,-56.821910988359235,27.03821207726662,2.2129368651854593,33.7898001518517,6.915427703704561,417,442,375,435,33.7898001518517,NEUTRAL,program,sonic_drive_smooth.py,function,bc4a84a5f90dcb414fa9a95aff361c8d4412f04ffa11cdb071a0b8ad9fecc202,平滑操舵：Follow the Gap：目標が空き空間内 | target_deg=5.518 | gap_min_deg=-60.0 | gap_max_deg=60.0,,198.90214796615854,107.85356875468766,246.01925461054154,101.94945150324456,109.05765588482954,0,94.55,80.05771159814881,3
94.6,845.0560271177687,495.4257224056872,-57.0010065345152,27.033004231839953,2.251192830703795,33.768878920708865,7.034977595949361,417,442,375,435,33.768878920708865,NEUTRAL,program,sonic_drive_smooth.py,function,bc4a84a5f90dcb414fa9a95aff361c8d4412f04ffa11cdb071a0b8ad9fecc202,平滑操舵：Follow the Gap：目標が空き空間内 | target_deg=5.613 | gap_min_deg=-60.0 | gap_max_deg=60.0,,194.06865640805123,107.37226913093437,250.0,96.20239806438653,106.54662259593117,0,94.6,79.1808572776452,3
94.65,843.9213943493305,496.1600063194779,-57.180693611665305,27.028196820382,2.2590350863501096,33.76459018715229,7.059484644844092,417,442,375,435,33.76459018715229,NEUTRAL,program,sonic_drive_smooth.py,function,bc4a84a5f90dcb414fa9a95aff361c8d4412f04ffa11cdb071a0b8ad9fecc202,平滑操舵：Follow the Gap：目標が空き空間内 | target_deg=5.632 | gap_min_deg=-60.0 | gap_max_deg=60.0,,197.039237592115,110.09620238758667,249.66707447948426,105.16275845160588,107.91286299924595,0,94.65,78.31305774794902,3
94.7,842.7846346303095,496.8906217630525,-57.360171576238145,27.02469871725329,2.2567438299486513,33.76584321799683,7.052324468589536,417,442,375,435,33.76584321799683,NEUTRAL,program,sonic_drive_smooth.py,function,bc4a84a5f90dcb414fa9a95aff361c8d4412f04ffa11cdb071a0b8ad9fecc202,平滑操舵：Follow the Gap：目標が空き空間内 | target_deg=5.627 | gap_min_deg=-60.0 | gap_max_deg=60.0,,195.3559456772701,112.30097892328125,248.20646413419476,100.08685923393372,107.32490904613469,0,94.7,77.45463586156716,3
94.75,841.6457558919241,497.6175481564015,-57.54107126563365,27.02019419631767,2.2749470604987345,33.75588832628976,7.1092095640585455,417,442,375,435,33.75588832628976,NEUTRAL,program,sonic_drive_smooth.py,function,bc4a84a5f90dcb414fa9a95aff361c8d4412f04ffa11cdb071a0b8ad9fecc202,平滑操舵：Follow the Gap：目標が空き空間内 | target_deg=5.672 | gap_min_deg=-60.0 | gap_max_deg=60.0,,196.8371524709768,109.79640137741286,249.723933195958,98.77147277244354,106.22939673017505,0,94.75,76.60574876515989,3
94.8,840.5047675838903,498.3407530801567,-57.72254878718746,27.015952961593005,2.2825727348505125,33.75171803562863,7.133039796407852,417,442,375,435,33.75171803562863,NEUTRAL,program,sonic_drive_smooth.py,function,bc4a84a5f90dcb414fa9a95aff361c8d4412f04ffa11cdb071a0b8ad9fecc202,平滑操舵：Follow the Gap：目標が空き空間内 | target_deg=5.691 | gap_min_deg=-60.0 | gap_max_deg=60.0,,196.28673168682135,112.49365287279429,248.6801052527564,100.68861638148744,105.47038117479764,0,94.8,75.76676122917779,3
94.85,839.3616688637949,499.0602203979823,-57.904758129156946,27.011725598385915,2.292126294145936,33.74649343288894,7.16289466920605,417,442,375,435,33.74649343288894,NEUTRAL,program,sonic_drive_smooth.py,function,bc4a84a5f90dcb414fa9a95aff361c8d4412f04ffa11cdb071a0b8ad9fecc202,平滑操舵：Follow the Gap：目標が空き空間内 | target_deg=5.714 | gap_min_deg=-60.0 | gap_max_deg=60.0,,193.63563194692458,120.7221606463896,248.876651399629,95.57638466833565,104.93105258958256,0,94.85,74.93796035958472,3
94.9,838.216458405572,499.7759342497218,-58.08754685402616,27.00769865188488,2.2997561174255283,33.742320873282914,7.1867378669547755,417,442,375,435,33.742320873282914,NEUTRAL,program,sonic_drive_smooth.py,function,bc4a84a5f90dcb414fa9a95aff361c8d4412f04ffa11cdb071a0b8ad9fecc202,平滑操舵：Follow the Gap：目標が空き空間内 | target_deg=5.733 | gap_min_deg=-60.0 | gap_max_deg=60.0,,193.46911160610588,119.95015613815735,250.0,97.00161016727533,105.71601585380854,0,94.9,74.1196693041773,3
94.95,837.0691149398687,500.4879034794299,-58.27017748680319,27.00474681607118,2.2980562845737804,33.74325046937371,7.181425889293064,417,442,375,435,33.74325046937371,NEUTRAL,program,sonic_drive_smooth.py,function,bc4a84a5f90dcb414fa9a95aff361c8d4412f04ffa11cdb071a0b8ad9fecc202,平滑操舵：Follow the Gap：目標が空き空間内 | target_deg=5.729 | gap_min_deg=-60.0 | gap_max_deg=60.0,,195.12815958328912,121.30484708954805,248.95167533117467,96.27794188008926,105.44551867158738,0,94.95,73.31227055215435,4
95.0,835.9196163311805,501.1961454875205,-58.45278206672131,27.002471180093234,2.297944998732755,33.743311328818024,7.181078121039859,417,442,375,435,33.743311328818024,NEUTRAL,program,sonic_drive_smooth.py,function,bc4a84a5f90dcb414fa9a95aff361c8d4412f04ffa11cdb071a0b8ad9fecc202,平滑操舵：Follow the Gap：目標が空き空間内 | target_deg=5.729 | gap_min_deg=-60.0 | gap_max_deg=60.0,,193.03627671357145,118.89474793214043,249.93159175825443,95.12476670289938,106.31804016089335,0,95.0,72.51608178008823,4
95.05,834.7679263920329,501.9006965736679,-58.63445240605904,27.00185569344057,2.2863084313321314,33.74967507661524,7.14471384791291,417,442,375,435,33.74967507661524,NEUTRAL,program,sonic_drive_smooth.py,function,bc4a84a5f90dcb414fa9a95aff361c8d4412f04ffa11cdb071a0b8ad9fecc202,平滑操舵：Follow the Gap：目標が空き空間内 | target_deg=5.700 | gap_min_deg=-60.0 | gap_max_deg=60.0,,193.05823968684993,124.98064771827477,250.0,95.27149938514344,107.94337216214758,0,95.05,71.73153388681952,4
95.1,833.6140401821964,502.60156824883035,-58.81647026742712,27.000941511621445,2.290744765872006,33.747248956163745,7.1585773933500185,417,442,375,435,33.747248956163745,NEUTRAL,program,sonic_drive_smooth.py,function,bc4a84a5f90dcb414fa9a95aff361c8d4412f04ffa11cdb071a0b8ad9fecc202,平滑操舵：Follow the Gap：目標が空き空間内 | target_deg=5.711 | gap_min_deg=-60.0 | gap_max_deg=60.0,,187.76421670548012,123.0356790382083,247.69642525623692,96.85218326150678,104.20553134867205,0,95.1,70.95886618536305,4
95.15,832.4580290385555,503.29868044005923,-59.00085175643437,26.9972818568437,2.320680211914695,33.730878009109155,7.252125662233421,417,442,375,435,33.730878009109155,NEUTRAL,program,sonic_drive_smooth.py,function,bc4a84a5f90dcb414fa9a95aff361c8d4412f04ffa11cdb071a0b8ad9fecc202,平滑操舵：Follow the Gap：目標が空き空間内 | target_deg=5.785 | gap_min_deg=-60.0 | gap_max_deg=60.0,,195.4026095924856,126.30149796043324,249.12104512643285,93.20846017693208,101.92365242433355,0,95.15,70.19826048095186,4
95.2,831.299953186735,503.9919465487151,-59.18661741764353,26.992695161808065,2.338447618664219,33.72116145854301,7.307648808325684,417,442,375,435,33.72116145854301,NEUTRAL,program,sonic_drive_smooth.py,function,bc4a84a5f90dcb414fa9a95aff361c8d4412f04ffa11cdb071a0b8ad9fecc202,平滑操舵：Follow the Gap：目標が空き空間内 | target_deg=5.829 | gap_min_deg=-60.0 | gap_max_deg=60.0,,193.7571822679789,130.4960709495933,250.0,95.88219922368037,102.5680510811923,0,95.2,69.45020327951524,4
95.25,830.1397319244307,504.6814360928791,-59.369537088857214,26.99265508367111,2.302817550179114,33.7406466522458,7.196304844309731,417,442,375,435,33.7406466522458,NEUTRAL,program,sonic_drive_smooth.py,function,bc4a84a5f90dcb414fa9a95aff361c8d4412f04ffa11cdb071a0b8ad9fecc202,平滑操舵：Follow the Gap：目標が空き空間内 | target_deg=5.741 | gap_min_deg=-60.0 | gap_max_deg=60.0,,192.76489388621,125.3615693018909,248.37339121293294,93.82360053416924,107.01209668631964,0,95.25,68.71552496455429,4
95.3,828.977366794668,505.3671618794121,-59.55434603105442,26.990269197078007,2.3267014581962497,33.72758514004893,7.270942056863281,417,442,375,435,33.72758514004893,NEUTRAL,program,sonic_drive_smooth.py,function,bc4a84a5f90dcb414fa9a95aff361c8d4412f04ffa11cdb071a0b8ad9fecc202,平滑操舵：Follow the Gap：目標が空き空間内 | target_deg=5.800 | gap_min_deg=-60.0 | gap_max_deg=60.0,,191.1870281097611,126.41398122549641,250.0,89.46009755414202,102.8618945940176,0,95.3,67.99409647058724,4
95.35,827.8128742484257,506.04909465385754,-59.738739314947594,26.988921483789905,2.3216252677023688,33.73036118172527,7.255078961569902,417,442,375,435,33.73036118172527,NEUTRAL,program,sonic_drive_smooth.py,function,bc4a84a5f90dcb414fa9a95aff361c8d4412f04ffa11cdb071a0b8ad9fecc202,平滑操舵：Follow the Gap：目標が空き空間内 | target_deg=5.787 | gap_min_deg=-60.0 | gap_max_deg=60.0,,193.0021502113666,127.13569262570608,249.09777991176588,89.44532565579085,104.36160624678801,0,95.35,67.28659739638852,4
95.4,826.6462607938923,506.7272281448763,-59.923775226189576,26.987066565179585,2.329850071918673,33.72586324191948,7.280781474745854,417,442,375,435,33.72586324191948,NEUTRAL,program,sonic_drive_smooth.py,function,bc4a84a5f90dcb414fa9a95aff361c8d4412f04ffa11cdb071a0b8ad9fecc202,平滑操舵：Follow the Gap：目標が空き空間内 | target_deg=5.808 | gap_min_deg=-60.0 | gap_max_deg=60.0,,191.16187620298064,129.5139981740464,244.45148918722091,91.02779202439604,98.24380365205546,0,95.4,66.59332191164889,4
95.45,825.4775368283097,507.40154631577246,-60.10894833586889,26.98544495085388,2.33172360328697,33.72483865445244,7.286636260271781,417,442,375,435,33.72483865445244,NEUTRAL,program,sonic_drive_smooth.py,function,bc4a84a5f90dcb414fa9a95aff361c8d4412f04ffa11cdb071a0b8ad9fecc202,平滑操舵：Follow the Gap：目標が空き空間内 | target_deg=5.813 | gap_min_deg=-60.0 | gap_max_deg=60.0,,191.00964026245026,126.7393990674521,249.63500957684508,91.4524823711129,103.76741969450984,0,95.45,65.9147604267571,4
95.5,824.3067369867159,508.07200972910135,-60.295472228634,26.98249283582013,2.3489247189123774,33.715431794344795,7.34038974660118,417,442,375,435,33.715431794344795,NEUTRAL,program,sonic_drive_smooth.py,function,bc4a84a5f90dcb414fa9a95aff361c8d4412f04ffa11cdb071a0b8ad9fecc202,平滑操舵：Follow the Gap：目標が空き空間内 | target_deg=5.855 | gap_min_deg=-60.0 | gap_max_deg=60.0,,191.1002627884184,132.73631629940826,250.0,90.72002098198357,101.9539963353179,0,95.5,65.25119473700093,4
95.55,823.1338727042305,508.7385941555506,-60.4820175863951,26.98015726881764,2.3494190881539065,33.71516143616583,7.341934650480957,417,442,375,435,33.71516143616583,NEUTRAL,program,sonic_drive_smooth.py,function,bc4a84a5f90dcb414fa9a95aff361c8d4412f04ffa11cdb071a0b8ad9fecc202,平滑操舵：Follow the Gap：目標が空き空間内 | target_deg=5.856 | gap_min_deg=-60.0 | gap_max_deg=60.0,,190.60281859533345,136.00119720547897,250.0,85.56541099237319,103.12572021070049,0,95.55,64.60323337798694,4
95.6,821.9589178285696,509.40132239659494,-60.66801321439689,26.979016106230066,2.3426433115111314,33.71886693901735,7.320760348472286,417,442,375,435,33.71886693901735,NEUTRAL,program,sonic_drive_smooth.py,function,bc4a84a5f90dcb414fa9a95aff361c8d4412f04ffa11cdb071a0b8ad9fecc202,平滑操舵：Follow the Gap：目標が空き空間内 | target_deg=5.840 | gap_min_deg=-60.0 | gap_max_deg=60.0,,190.08298248517636,133.69009026032745,245.54591624488893,86.33488239191111,99.61845820942717,0,95.6,63.9713978586002,4
95.65,820.7819214003006,510.06014492262915,-60.85623591163946,26.975346535877048,2.370895992700428,33.70341625399195,7.409049977188838,417,442,375,435,33.70341625399195,NEUTRAL,program,sonic_drive_smooth.py,function,bc4a84a5f90dcb414fa9a95aff361c8d4412f04ffa11cdb071a0b8ad9fecc202,平滑操舵：Follow the Gap：目標が空き空間内 | target_deg=5.910 | gap_min_deg=-60.0 | gap_max_deg=60.0,,192.50251105545047,134.62400839830565,250.0,91.08863227764007,99.78525349867529,0,95.65,63.35575925093792,4
95.7,819.6029647776198,510.714958588686,-61.04660638935559,26.969797581753458,2.3983451827644715,33.688404978175676,7.494828696138974,417,442,375,435,33.688404978175676,NEUTRAL,program,sonic_drive_smooth.py,function,bc4a84a5f90dcb414fa9a95aff361c8d4412f04ffa11cdb071a0b8ad9fecc202,平滑操舵：Follow the Gap：目標が空き空間内 | target_deg=5.978 | gap_min_deg=-60.0 | gap_max_deg=60.0,,190.72467638139423,134.56698245991566,249.70228304783433,88.97595165246247,97.82980084201901,0,95.7,62.756768149233764,4
95.75,818.4220814718527,511.3657023650864,-61.238127884489174,26.964021005275264,2.4133371602473335,33.68020624048974,7.541678625772917,417,442,375,435,33.68020624048974,NEUTRAL,program,sonic_drive_smooth.py,function,bc4a84a5f90dcb414fa9a95aff361c8d4412f04ffa11cdb071a0b8ad9fecc202,平滑操舵：Follow the Gap：目標が空き空間内 | target_deg=6.015 | gap_min_deg=-60.0 | gap_max_deg=60.0,,190.22752097017406,130.93544919622002,250.0,87.45985882306168,98.08724181755628,0,95.75,62.17499930567247,4
95.8,817.2392434774163,512.0123812473779,-61.42942462070695,26.959782468388624,2.410941237338734,33.68151651083038,7.534191366683543,417,442,375,435,33.68151651083038,NEUTRAL,program,sonic_drive_smooth.py,function,bc4a84a5f90dcb414fa9a95aff361c8d4412f04ffa11cdb071a0b8ad9fecc202,平滑操舵：Follow the Gap：目標が空き空間内 | target_deg=6.009 | gap_min_deg=-30.0 | gap_max_deg=60.0,,190.7446408824311,135.2711848866244,247.0980419326161,83.20850773096711,96.58668321858656,0,95.8,61.61109347891143,4
95.85,816.054473212649,512.6549594606024,-61.62284444569377,26.953817088843113,2.4381437781052866,33.66664012134867,7.61919930657902,417,443,375,435,33.66664012134867,NEUTRAL,program,sonic_drive_smooth.py,function,bc4a84a5f90dcb414fa9a95aff361c8d4412f04ffa11cdb071a0b8ad9fecc202,平滑操舵：Follow the Gap：目標が空き空間内 | target_deg=6.076 | gap_min_deg=-60.0 | gap_max_deg=60.0,,190.1711049579947,134.2152009591117,250.0,85.7334187836702,95.65786044040063,0,95.85,61.06512995092292,4
95.9,814.8677514994457,513.2934292014306,-61.81564467414243,26.949923342086855,2.4307674500280516,33.67067405076591,7.596148281337662,417,442,375,435,33.67067405076591,NEUTRAL,program,sonic_drive_smooth.py,function,bc4a84a5f90dcb414fa9a95aff361c8d4412f04ffa11cdb071a0b8ad9fecc202,平滑操舵：Follow the Gap：目標が空き空間内 | target_deg=6.058 | gap_min_deg=-30.0 | gap_max_deg=60.0,,190.95667645770922,135.50941766895335,248.66513182684375,83.20527235863449,97.27314535511077,0,95.9,60.53797555746742,4
95.95,813.6790254716325,513.9278343389262,-62.00802058808128,26.94740677161549,2.425699468202445,33.67344560332679,7.580310838132641,417,442,375,435,33.67344560332679,NEUTRAL,program,sonic_drive_smooth.py,function,bc4a84a5f90dcb414fa9a95aff361c8d4412f04ffa11cdb071a0b8ad9fecc202,平滑操舵：Follow the Gap：目標が空き空間内 | target_deg=6.045 | gap_min_deg=-30.0 | gap_max_deg=60.0,,188.44489549299746,139.5786225004394,250.0,80.80507860689849,98.75859790926019,0,95.95,60.03005370693687,4
96.0,812.4883404992121,514.5581251808618,-62.20283406914807,26.942394507521648,2.4567641365018833,33.65645711285053,7.677387926568385,417,443,375,435,33.65645711285053,NEUTRAL,program,sonic_drive_smooth.py,function,bc4a84a5f90dcb414fa9a95aff361c8d4412f04ffa11cdb071a0b8ad9fecc202,平滑操舵：Follow the Gap：目標が空き空間内 | target_deg=6.122 | gap_min_deg=-30.0 | gap_max_deg=60.0,,192.0422373369837,138.1537327758221,250.0,81.80855044497078,94.21607583826552,0,96.0,59.54133566841753,4
96.05,811.2957123565085,515.1842624249249,-62.39765772184282,26.938460011210935,2.4572895086234228,33.656169799971565,7.679029714448196,417,443,375,435,33.656169799971565,NEUTRAL,program,sonic_drive_smooth.py,function,bc4a84a5f90dcb414fa9a95aff361c8d4412f04ffa11cdb071a0b8ad9fecc202,平滑操舵：Follow the Gap：目標が空き空間内 | target_deg=6.124 | gap_min_deg=-30.0 | gap_max_deg=60.0,,190.80467335450126,136.52777956492554,250.0,82.03517696679567,96.3815872135065,0,96.05,59.07266062278475,4
96.1,810.1012296838111,515.8061465422243,-62.59662140390205,26.930210276430405,2.510049836243514,33.62731649580433,7.843905738260981,417,443,375,435,33.62731649580433,NEUTRAL,program,sonic_drive_smooth.py,function,bc4a84a5f90dcb414fa9a95aff361c8d4412f04ffa11cdb071a0b8ad9fecc202,平滑操舵：Follow the Gap：目標が空き空間内 | target_deg=6.254 | gap_min_deg=-30.0 | gap_max_deg=60.0,,187.83332545000394,135.7103379487699,250.0,83.07123784321492,89.32397469108159,0,96.1,58.6237207164363,4
96.15,808.9049946122077,516.4236342470342,-62.79848129577594,26.920134893068457,2.5474229658213803,33.606878065566434,7.960696768191813,417,443,375,435,33.606878065566434,NEUTRAL,program,sonic_drive_smooth.py,function,bc4a84a5f90dcb414fa9a95aff361c8d4412f04ffa11cdb071a0b8ad9fecc202,平滑操舵：Follow the Gap：目標が空き空間内 | target_deg=6.347 | gap_min_deg=-60.0 | gap_max_deg=60.0,,190.64747542761137,134.06152559780236,250.0,84.37257558982702,88.09578939949621,0,96.15,58.19509644850982,4
96.2,807.7069635846628,517.0367214054588,-62.99972161404716,26.913023020002807,2.540395087918289,33.61072143629468,7.938734649744653,417,443,375,435,33.61072143629468,NEUTRAL,program,sonic_drive_smooth.py,function,bc4a84a5f90dcb414fa9a95aff361c8d4412f04ffa11cdb071a0b8ad9fecc202,平滑操舵：Follow the Gap：目標が空き空間内 | target_deg=6.329 | gap_min_deg=-30.0 | gap_max_deg=60.0,,188.80980644323753,138.62411232281949,249.61223642302411,80.39748513188914,91.34343967237292,0,96.2,57.78779971631639,4
96.25,806.5070748088935,517.6454448274803,-63.20140989486924,26.906896352619977,2.5466583749399727,33.607296201204704,7.958307421687414,417,443,375,435,33.607296201204704,NEUTRAL,program,sonic_drive_smooth.py,function,bc4a84a5f90dcb414fa9a95aff361c8d4412f04ffa11cdb071a0b8ad9fecc202,平滑操舵：Follow the Gap：目標が空き空間内 | target_deg=6.345 | gap_min_deg=-30.0 | gap_max_deg=60.0,,190.7516273033886,141.46291715668963,248.04074441000233,82.2422328659879,88.42373820317216,0,96.25,57.402025439051975,4
96.3,805.3053576540286,518.2497544245647,-63.40552850959372,26.899061320346206,2.5779892322774804,33.59016213859825,8.056216350867127,416,443,375,435,33.59016213859825,NEUTRAL,program,sonic_drive_smooth.py,function,bc4a84a5f90dcb414fa9a95aff361c8d4412f04ffa11cdb071a0b8ad9fecc202,平滑操舵：Follow the Gap：目標が空き空間内 | target_deg=6.422 | gap_min_deg=-30.0 | gap_max_deg=60.0,,191.28285361147283,134.45428294690203,249.3677860131715,82.50953312967374,85.98813195764113,0,96.3,57.03775766803437,4
96.35,804.101824353765,518.84960377124,-63.61050336610086,26.89185656446796,2.589505315635377,33.583864280511904,8.092204111360553,416,443,375,435,33.583864280511904,NEUTRAL,program,sonic_drive_smooth.py,function,bc4a84a5f90dcb414fa9a95aff361c8d4412f04ffa11cdb071a0b8ad9fecc202,平滑操舵：Follow the Gap：目標が空き空間内 | target_deg=6.451 | gap_min_deg=-30.0 | gap_max_deg=60.0,,193.85047920253942,141.62183474824465,250.0,81.7371309731894,87.32694160110924,0,96.35,56.695637924364014,4
96.4,802.8963857983581,519.4450503060295,-63.813817917520964,26.888293667315214,2.569035872301656,33.59505850733503,8.028237100942675,416,443,375,435,33.59505850733503,NEUTRAL,program,sonic_drive_smooth.py,function,bc4a84a5f90dcb414fa9a95aff361c8d4412f04ffa11cdb071a0b8ad9fecc202,平滑操舵：Follow the Gap：目標が空き空間内 | target_deg=6.400 | gap_min_deg=-60.0 | gap_max_deg=60.0,,191.3486244813494,143.10998858495776,249.62103788253214,86.25391308667606,90.52977258695773,0,96.4,56.37652816279758,4
96.45,801.6890798329035,520.0360542300612,-64.02056833777078,26.881204624157757,2.6129434807510474,33.57104653396427,8.165448377347023,416,443,375,435,33.57104653396427,NEUTRAL,program,sonic_drive_smooth.py,function,bc4a84a5f90dcb414fa9a95aff361c8d4412f04ffa11cdb071a0b8ad9fecc202,平滑操舵：Follow the Gap：目標が空き空間内 | target_deg=6.509 | gap_min_deg=-30.0 | gap_max_deg=60.0,,190.10813055551932,143.36495683554838,248.63293794937516,80.88044122360492,82.16331586140727,0,96.45,56.07972883255442,4
96.5,800.4799312316226,520.6225586741424,-64.22749229001201,26.875436975196674,2.61574480192894,33.56951456144511,8.174202506027937,416,443,375,435,33.56951456144511,NEUTRAL,program,sonic_drive_smooth.py,function,bc4a84a5f90dcb414fa9a95aff361c8d4412f04ffa11cdb071a0b8ad9fecc202,平滑操舵：Follow the Gap：目標が空き空間内 | target_deg=6.516 | gap_min_deg=-30.0 | gap_max_deg=60.0,,191.88497822093004,141.94934506545005,246.39893554692063,78.17171183741429,82.71323453225803,0,96.5,55.806194524812696,4
96.55,799.2689416660119,521.2045435387696,-64.43591433008211,26.86904528883182,2.6352572825830536,33.55884367358739,8.235179008072043,416,443,375,435,33.55884367358739,NEUTRAL,program,sonic_drive_smooth.py,function,bc4a84a5f90dcb414fa9a95aff361c8d4412f04ffa11cdb071a0b8ad9fecc202,平滑操舵：Follow the Gap：目標が空き空間内 | target_deg=6.564 | gap_min_deg=-30.0 | gap_max_deg=60.0,,188.64042532716226,138.40047518912024,250.0,79.28119218351159,83.89182931850792,0,96.55,55.555929652217486,4
96.6,798.056112421287,521.7819828521717,-64.64497610037418,26.863239172248612,2.643927725238505,33.55410202526019,8.262274141370328,416,443,375,435,33.55410202526019,NEUTRAL,program,sonic_drive_smooth.py,function,bc4a84a5f90dcb414fa9a95aff361c8d4412f04ffa11cdb071a0b8ad9fecc202,平滑操舵：Follow the Gap：目標が空き空間内 | target_deg=6.585 | gap_min_deg=-30.0 | gap_max_deg=60.0,,193.28039313867558,141.89526970109742,249.91700336658263,79.3987087059331,84.04738556759688,0,96.6,55.32937141749868,4
96.65,796.8414479201352,522.3548528711738,-64.85525166124971,26.85717208700139,2.659845716699134,33.54539687368016,8.312017864684794,416,443,375,435,33.54539687368016,NEUTRAL,program,sonic_drive_smooth.py,function,bc4a84a5f90dcb414fa9a95aff361c8d4412f04ffa11cdb071a0b8ad9fecc202,平滑操舵：Follow the Gap：目標が空き空間内 | target_deg=6.625 | gap_min_deg=-30.0 | gap_max_deg=60.0,,188.76628086513264,142.2140653223872,250.0,79.23405450969102,82.61379865396721,0,96.65,55.126627600112414,4
96.7,795.6249134924273,522.9231628316395,-65.06503227547263,26.85304103256842,2.6540771982782947,33.54855153219156,8.29399124461967,416,443,375,435,33.54855153219156,NEUTRAL,program,sonic_drive_smooth.py,function,bc4a84a5f90dcb414fa9a95aff361c8d4412f04ffa11cdb071a0b8ad9fecc202,平滑操舵：Follow the Gap：目標が空き空間内 | target_deg=6.610 | gap_min_deg=-30.0 | gap_max_deg=60.0,,195.25340795710775,145.25430828420903,250.0,77.50966708596931,84.53541735344294,0,96.7,54.94830055486644,4
96.75,794.4065563773845,523.4868609992143,-65.27776999603851,26.846100140501473,2.692018313044343,33.527802485053876,8.412557228263571,416,443,375,435,33.527802485053876,NEUTRAL,program,sonic_drive_smooth.py,function,bc4a84a5f90dcb414fa9a95aff361c8d4412f04ffa11cdb071a0b8ad9fecc202,平滑操舵：Follow the Gap：目標が空き空間内 | target_deg=6.704 | gap_min_deg=-30.0 | gap_max_deg=60.0,,192.95889657285358,139.06459648823935,250.0,75.50668414267248,79.01769423256061,0,96.75,54.79378482421518,4
96.8,793.1864155414027,524.0458820803149,-65.49141065473658,26.839531988222753,2.7041027056545484,33.52119383284517,8.450320955170463,416,443,375,435,33.52119383284517,NEUTRAL,program,sonic_drive_smooth.py,function,bc4a84a5f90dcb414fa9a95aff361c8d4412f04ffa11cdb071a0b8ad9fecc202,平滑操舵：Follow the Gap：目標が空き空間内 | target_deg=6.734 | gap_min_deg=-30.0 | gap_max_deg=60.0,,190.38962741958912,143.13477266950525,250.0,74.18232366392333,80.12369543191035,0,96.8,54.663670950912696,4
96.85,791.9644571143194,524.6002331738389,-65.70499879589786,26.83445326285324,2.7040091517193243,33.521244995153495,8.450028599122888,416,443,375,435,33.521244995153495,NEUTRAL,program,sonic_drive_smooth.py,function,bc4a84a5f90dcb414fa9a95aff361c8d4412f04ffa11cdb071a0b8ad9fecc202,平滑操舵：Follow the Gap：目標が空き空間内 | target_deg=6.734 | gap_min_deg=-30.0 | gap_max_deg=60.0,,193.8126613415628,138.84438168531864,250.0,72.54864622904269,81.00616242373376,0,96.85,54.558315463727816,4
96.9,790.7406688026297,525.1499111485047,-65.91948825841,26.829344947416256,2.7159177833342665,33.514732462239074,8.487243072919583,416,443,375,435,33.514732462239074,NEUTRAL,program,sonic_drive_smooth.py,function,bc4a84a5f90dcb414fa9a95aff361c8d4412f04ffa11cdb071a0b8ad9fecc202,平滑操舵：Follow the Gap：目標が空き空間内 | target_deg=6.763 | gap_min_deg=-30.0 | gap_max_deg=60.0,,194.3312400038727,140.89810809966923,250.0,72.76548933181903,79.39790509345609,0,96.9,54.47759904857407,4
96.95,789.5150936357459,525.6948618211003,-66.13596917605035,26.822845574309014,2.7417026989034827,33.50063133653716,8.567820934073383,416,443,375,435,33.50063133653716,NEUTRAL,program,sonic_drive_smooth.py,function,bc4a84a5f90dcb414fa9a95aff361c8d4412f04ffa11cdb071a0b8ad9fecc202,平滑操舵：Follow the Gap：目標が空き空間内 | target_deg=6.827 | gap_min_deg=-30.0 | gap_max_deg=60.0,,191.69496949965728,138.63926899194794,250.0,74.10447403429045,76.78747452151129,0,96.95,54.41992796551276,4
97.0,788.2876920131102,526.2350943446534,-66.35129107634489,26.819208220495852,2.727530453108002,33.508381783456564,8.523532665962506,416,443,375,435,33.508381783456564,NEUTRAL,program,sonic_drive_smooth.py,function,bc4a84a5f90dcb414fa9a95aff361c8d4412f04ffa11cdb071a0b8ad9fecc202,平滑操舵：Follow the Gap：目標が空き空間内 | target_deg=6.792 | gap_min_deg=-30.0 | gap_max_deg=60.0,,191.8262782834486,141.81200865524568,248.92406564307072,77.64744264829659,79.47359025224667,0,97.0,54.37084847932331,4
97.05,787.0585099805085,526.770564495253,-66.56981287380165,26.812343540796228,2.768577472984346,33.485934194461684,8.651804603076082,416,444,375,435,33.485934194461684,NEUTRAL,program,sonic_drive_smooth.py,function,bc4a84a5f90dcb414fa9a95aff361c8d4412f04ffa11cdb071a0b8ad9fecc202,平滑操舵：Follow the Gap：目標が空き空間内 | target_deg=6.893 | gap_min_deg=-30.0 | gap_max_deg=60.0,,198.9696165191975,138.74873375092537,250.0,72.83617502370824,74.00917060821932,0,97.05,54.32518810294381,4
97.1,785.8275618415806,527.3012304291367,-66.78811007808835,26.80724713801679,2.766333467075889,33.48716138519287,8.644792084612153,416,444,375,435,33.48716138519287,NEUTRAL,program,sonic_drive_smooth.py,function,bc4a84a5f90dcb414fa9a95aff361c8d4412f04ffa11cdb071a0b8ad9fecc202,平滑操舵：Follow the Gap：目標が空き空間内 | target_deg=6.888 | gap_min_deg=-30.0 | gap_max_deg=60.0,,195.85413080566903,141.53983758607453,247.5519768649722,74.25273795759172,74.81766816701268,0,97.1,54.28371183159596,4
97.15,784.5947894258078,527.8271284805834,-67.00590853998861,26.803880374515686,2.7604395666206716,33.49038461200432,8.626373645689599,416,444,375,435,33.49038461200432,NEUTRAL,program,sonic_drive_smooth.py,function,bc4a84a5f90dcb414fa9a95aff361c8d4412f04ffa11cdb071a0b8ad9fecc202,平滑操舵：Follow the Gap：目標が空き空間内 | target_deg=6.873 | gap_min_deg=-30.0 | gap_max_deg=60.0,,195.3242963673616,139.58541902346585,250.0,74.37674334154777,77.89679485883374,0,97.15,54.24645931206565,4
97.2,783.3566494695419,528.3509383172518,-67.12227348774132,26.942615622861457,1.3268690915064363,34.27436846558242,4.146465910957613,417,439,375,435,34.27436846558242,NEUTRAL,program,sonic_drive_smooth.py,function,bc4a84a5f90dcb414fa9a95aff361c8d4412f04ffa11cdb071a0b8ad9fecc202,平滑操舵：Follow the Gap：目標が空き空間内 | target_deg=3.314 | gap_min_deg=-30.0 | gap_max_deg=60.0,,199.60025229317006,140.12083721971197,52.80832292461783,72.33457802098577,73.07344393973526,0,97.2,54.22878045825176,4
97.25,782.1087846481437,528.8772800143793,-67.13100753466242,27.180908431879075,0.0,35.0,0.0,418,435,375,435,35.0,NEUTRAL,program,sonic_drive_smooth.py,function,bc4a84a5f90dcb414fa9a95aff361c8d4412f04ffa11cdb071a0b8ad9fecc202,平滑操舵：Follow the Gap：目標が空き空間内 | target_deg=0.000 | gap_min_deg=-30.0 | gap_max_deg=60.0,,192.83335310608717,140.96292338123396,53.38643631022892,72.09750720683358,76.61149771853549,0,97.25,54.22757002626167,4
97.3,780.8514293769564,529.4076059802258,-67.13100753466242,27.3654994234146,0.0,35.0,0.0,418,435,375,435,35.0,NEUTRAL,program,sonic_drive_smooth.py,function,bc4a84a5f90dcb414fa9a95aff361c8d4412f04ffa11cdb071a0b8ad9fecc202,平滑操舵：Follow the Gap：目標が空き空間内 | target_deg=0.000 | gap_min_deg=-30.0 | gap_max_deg=60.0,,194.1460748469592,143.49802052992615,52.60930608575158,71.86128465308008,75.11182700616042,0,97.3,54.227570026261475,4
97.35,779.5867275903291,529.9410305515228,-67.13100753466242,27.508490872869338,0.0,35.0,0.0,418,435,375,435,35.0,NEUTRAL,program,sonic_drive_smooth.py,function,bc4a84a5f90dcb414fa9a95aff361c8d4412f04ffa11cdb071a0b8ad9fecc202,平滑操舵：Follow the Gap：目標が空き空間内 | target_deg=0.000 | gap_min_deg=-30.0 | gap_max_deg=60.0,,191.59682337116314,143.93754144830655,56.2761183211615,69.0402305580477,75.70039841244198,0,97.35,54.22757002626146,4
97.4,778.3163349036072,530.4768554245949,-67.13100753466242,27.6192576792399,0.0,35.0,0.0,418,435,375,435,35.0,NEUTRAL,program,sonic_drive_smooth.py,function,bc4a84a5f90dcb414fa9a95aff361c8d4412f04ffa11cdb071a0b8ad9fecc202,平滑操舵：Follow the Gap：目標が空き空間内 | target_deg=0.000 | gap_min_deg=-30.0 | gap_max_deg=60.0,,190.15451978289417,145.75460576493936,56.41531142019718,70.82632883122545,73.97140278087754,0,97.4,54.22757002626152,4
97.45,777.0415338216192,531.0145396659225,-67.13100753466242,27.705062008382097,0.0,35.0,0.0,418,435,375,435,35.0,NEUTRAL,program,sonic_drive_smooth.py,function,bc4a84a5f90dcb414fa9a95aff361c8d4412f04ffa11cdb071a0b8ad9fecc202,平滑操舵：Follow the Gap：目標が空き空間内 | target_deg=0.000 | gap_min_deg=-30.0 | gap_max_deg=60.0,,190.94326898178937,145.05581528194787,59.56119707339329,69.07046018044166,72.76118682689015,0,97.45,54.227570026261446,4
97.5,775.7633178230979,531.5536642471048,-67.13100753466242,27.77152941988182,0.0,35.0,0.0,418,435,375,435,35.0,NEUTRAL,program,sonic_drive_smooth.py,function,bc4a84a5f90dcb414fa9a95aff361c8d4412f04ffa11cdb071a0b8ad9fecc202,平滑操舵：Follow the Gap：目標が空き空間内 | target_deg=0.000 | gap_min_deg=-30.0 | gap_max_deg=60.0,,187.5621719101897,145.35495557705946,59.37848130613233,66.50433536605397,71.43946509907315,0,97.5,54.227570026261276,4
97.55,774.4824564957838,532.0939045722455,-67.13100753466242,27.823017693674533,0.0,35.0,0.0,418,435,375,435,35.0,NEUTRAL,program,sonic_drive_smooth.py,function,bc4a84a5f90dcb414fa9a95aff361c8d4412f04ffa11cdb071a0b8ad9fecc202,平滑操舵：Follow the Gap：目標が空き空間内 | target_deg=0.000 | gap_min_deg=-30.0 | gap_max_deg=60.0,,188.25167971446456,145.82887138877825,61.31155361554489,68.32334283732125,69.06909880999031,0,97.55,54.2275700262613,4
97.6,773.1995459926391,532.6350091965834,-67.13100753466242,27.862902537665555,0.0,35.0,0.0,418,435,375,435,35.0,NEUTRAL,program,sonic_drive_smooth.py,function,bc4a84a5f90dcb414fa9a95aff361c8d4412f04ffa11cdb071a0b8ad9fecc202,平滑操舵：Follow the Gap：目標が空き空間内 | target_deg=0.000 | gap_min_deg=-30.0 | gap_max_deg=60.0,,183.36809080012668,146.62657022512272,60.87969268082243,67.14704507308541,67.65515861906898,0,97.6,54.22757002626126,4
97.65,771.915048117219,533.1767833411074,-67.13100753466242,27.89379890810113,0.0,35.0,0.0,418,435,375,435,35.0,NEUTRAL,program,sonic_drive_smooth.py,function,bc4a84a5f90dcb414fa9a95aff361c8d4412f04ffa11cdb071a0b8ad9fecc202,平滑操舵：Follow the Gap：目標が空き空間内 | target_deg=0.000 | gap_min_deg=-30.0 | gap_max_deg=60.0,,186.75580084981436,149.04484273083088,64.60394806786549,68.41501549674773,72.16591268787226,0,97.65,54.2275700262613,4
97.7,770.6293206007396,533.7190761223264,-67.13100753466242,27.91773245304134,0.0,35.0,0.0,418,435,375,435,35.0,NEUTRAL,program,sonic_drive_smooth.py,function,bc4a84a5f90dcb414fa9a95aff361c8d4412f04ffa11cdb071a0b8ad9fecc202,平滑操舵：Follow the Gap：目標が空き空間内 | target_deg=0.000 | gap_min_deg=-30.0 | gap_max_deg=60.0,,187.1040128530169,156.20425148282862,60.16967732999242,64.19228719198678,70.09008905279515,0,97.7,54.22757002626128,4
97.75,769.3426405558836,534.2617706599486,-67.13100753466242,27.93627231922398,0.0,35.0,0.0,418,435,375,435,35.0,NEUTRAL,program,sonic_drive_smooth.py,function,bc4a84a5f90dcb414fa9a95aff361c8d4412f04ffa11cdb071a0b8ad9fecc202,平滑操舵：Follow the Gap：目標が空き空間内 | target_deg=0.000 | gap_min_deg=-30.0 | gap_max_deg=60.0,,180.43813398084802,156.47592886994053,62.764824296894766,64.50543528183795,74.96861389398082,0,97.75,54.227570026261205,4
97.8,768.055222645046,534.8047764138979,-67.13100753466242,27.95063402949002,0.0,35.0,0.0,418,435,375,435,35.0,NEUTRAL,program,sonic_drive_smooth.py,function,bc4a84a5f90dcb414fa9a95aff361c8d4412f04ffa11cdb071a0b8ad9fecc202,平滑操舵：Follow the Gap：目標が空き空間内 | target_deg=0.000 | gap_min_deg=-30.0 | gap_max_deg=60.0,,181.66377919433995,156.88218120080788,63.41373914230674,61.992773216419224,68.06611717251343,0,97.8,54.22757002626112,4
97.85,766.7672331541693,535.3480232482669,-67.13100753466242,27.961759175687597,0.0,35.0,0.0,418,435,375,435,35.0,NEUTRAL,program,sonic_drive_smooth.py,function,bc4a84a5f90dcb414fa9a95aff361c8d4412f04ffa11cdb071a0b8ad9fecc202,平滑操舵：安全制御優先：右壁追従 | target_deg=0.000,,178.91341721980626,157.81975342557172,61.14281918677911,58.99655000518664,68.70424838369337,0,97.85,54.2275700262612,4
97.9,765.4788008948905,535.8914568330204,-67.13100753466242,27.9703771519331,0.0,35.0,0.0,418,435,375,435,35.0,NEUTRAL,program,sonic_drive_smooth.py,function,bc4a84a5f90dcb414fa9a95aff361c8d4412f04ffa11cdb071a0b8ad9fecc202,平滑操舵：Follow the Gap：目標が空き空間内 | target_deg=0.000 | gap_min_deg=-30.0 | gap_max_deg=60.0,,180.01456165755292,162.80722654176802,63.52963822953654,65.21967124097664,65.78222365961612,0,97.9,54.227570026261084,4
97.95,764.1900256497756,536.4350350819741,-67.13100753466242,27.977052975625586,0.0,35.0,0.0,418,435,375,435,35.0,NEUTRAL,program,sonic_drive_smooth.py,function,bc4a84a5f90dcb414fa9a95aff361c8d4412f04ffa11cdb071a0b8ad9fecc202,平滑操舵：安全制御優先：右壁追従 | target_deg=0.000,,175.40309206769737,162.0319863610539,63.95034113966041,64.06175276427776,65.84591110137598,0,97.95,54.227570026261006,4
98.0,762.9009847143287,536.978725393513,-67.13100753466242,27.982224331487277,0.0,35.0,0.0,418,435,375,435,35.0,NEUTRAL,program,sonic_drive_smooth.py,function,bc4a84a5f90dcb414fa9a95aff361c8d4412f04ffa11cdb071a0b8ad9fecc202,平滑操舵：安全制御優先：右壁追従 | target_deg=0.000,,174.95049318982262,163.0802292611222,61.68059163506671,60.04493719718385,64.41677176348965,0,98.0,54.22774955336927,4
98.05,761.6117379646904,537.522502513142,-67.13100753466242,27.98623026733581,0.0,35.0,0.0,418,435,375,435,35.0,NEUTRAL,program,sonic_drive_smooth.py,function,bc4a84a5f90dcb414fa9a95aff361c8d4412f04ffa11cdb071a0b8ad9fecc202,平滑操舵：安全制御優先：右壁追従 | target_deg=0.000,,173.63151624380006,163.7027184528599,65.26164868985728,64.04248116843766,59.60311704056809,0,98.05,54.24852253734107,4
98.1,760.3223317832765,538.0663468777354,-67.13100753466242,27.98933342295917,0.0,35.0,0.0,418,435,375,435,35.0,NEUTRAL,program,sonic_drive_smooth.py,function,bc4a84a5f90dcb414fa9a95aff361c8d4412f04ffa11cdb071a0b8ad9fecc202,平滑操舵：安全制御優先：右壁追従 | target_deg=0.000,,169.3514483083173,164.24179379865163,63.31681187538127,60.98431682323211,63.93283759329725,0,98.1,54.303774261041,4
98.15,759.0328020997322,538.6102433329257,-67.13100753466242,27.99173724947734,0.0,35.0,0.0,418,435,375,435,35.0,NEUTRAL,program,sonic_drive_smooth.py,function,bc4a84a5f90dcb414fa9a95aff361c8d4412f04ffa11cdb071a0b8ad9fecc202,平滑操舵：安全制御優先：右壁追従 | target_deg=0.000,,171.77949869473932,169.523179205725,66.1021164285338,61.34264794614398,65.23547169620689,0,98.15,54.393414066013946,4
98.2,757.7431767465754,539.1541801395433,-67.13100753466242,27.9935993481378,0.0,35.0,0.0,418,435,375,435,35.0,NEUTRAL,program,sonic_drive_smooth.py,function,bc4a84a5f90dcb414fa9a95aff361c8d4412f04ffa11cdb071a0b8ad9fecc202,平滑操舵：安全制御優先：右壁追従 | target_deg=0.000,,168.83238367219,167.3290658206933,69.55410987818648,64.17379665193884,63.39307918103796,0,98.2,54.51728659165244,4
98.25,756.4534772839701,539.6981482039648,-67.13100753466242,27.99504180307165,0.0,35.0,0.0,418,435,375,435,35.0,NEUTRAL,program,sonic_drive_smooth.py,function,bc4a84a5f90dcb414fa9a95aff361c8d4412f04ffa11cdb071a0b8ad9fecc202,平滑操舵：安全制御優先：右壁追従 | target_deg=0.000,,167.47718863677198,169.75351022890933,68.45885756379545,56.48422331302402,62.76921472209818,0,98.25,54.675174041404475,4
98.3,755.1637204132684,540.2421404819121,-67.13100753466242,27.99615918545337,0.0,35.0,0.0,418,435,375,435,35.0,NEUTRAL,program,sonic_drive_smooth.py,function,bc4a84a5f90dcb414fa9a95aff361c8d4412f04ffa11cdb071a0b8ad9fecc202,平滑操舵：安全制御優先：右壁追従 | target_deg=0.000,,167.783331226359,170.74813023948158,70.40578898868542,60.49349252973941,61.81259329659948,0,98.3,54.15314585780732,4
98.35,753.8739190719951,540.7861515166097,-67.13100753466242,27.99702475383798,0.0,35.0,0.0,418,435,375,435,35.0,NEUTRAL,program,sonic_drive_smooth.py,function,bc4a84a5f90dcb414fa9a95aff361c8d4412f04ffa11cdb071a0b8ad9fecc202,平滑操舵：安全制御優先：右壁追従 | target_deg=0.000,,159.21289478847618,172.42666697589505,68.87470891141808,58.26704313980388,63.425244250760436,0,98.35,53.609134823109684,4
98.4,752.5840832820661,541.3301770810247,-67.13100753466242,27.99769525718643,0.0,35.0,0.0,418,435,375,435,35.0,NEUTRAL,program,sonic_drive_smooth.py,function,bc4a84a5f90dcb414fa9a95aff361c8d4412f04ffa11cdb071a0b8ad9fecc202,平滑操舵：安全制御優先：右壁追従 | target_deg=0.000,,163.03146667253847,174.5755391681332,66.78490368313231,58.38401264725879,60.6215276947446,0,98.4,53.06510925869475,4
98.45,751.2942208068522,541.8742139007304,-67.13100753466242,27.998214655478083,0.0,35.0,0.0,418,435,375,435,35.0,NEUTRAL,program,sonic_drive_smooth.py,function,bc4a84a5f90dcb414fa9a95aff361c8d4412f04ffa11cdb071a0b8ad9fecc202,平滑操舵：安全制御優先：右壁追従 | target_deg=0.000,,158.77646626225567,170.60384875485553,72.75059656518935,59.307366707985686,62.16487304889749,0,98.45,52.521072438988995,4
98.5,750.004337660166,542.4182594392279,-67.13100753466242,27.998617001843694,0.0,35.0,0.0,418,435,375,435,35.0,NEUTRAL,program,sonic_drive_smooth.py,function,bc4a84a5f90dcb414fa9a95aff361c8d4412f04ffa11cdb071a0b8ad9fecc202,平滑操舵：安全制御優先：右壁追従 | target_deg=0.000,,158.46848440161168,176.60622879287712,69.57044589652045,57.23265059953824,59.29986986854132,0,98.5,51.97702690049152,4
98.55,748.7144385005436,542.9623117316444,-67.13100753466242,27.99892867517901,0.0,35.0,0.0,418,435,375,435,35.0,NEUTRAL,program,sonic_drive_smooth.py,function,bc4a84a5f90dcb414fa9a95aff361c8d4412f04ffa11cdb071a0b8ad9fecc202,平滑操舵：安全制御優先：右壁追従 | target_deg=0.000,,161.07928118349628,178.12710636844065,70.75998326614167,55.74303630129093,58.25963915828606,0,98.55,51.43297460807503,4
98.6,747.4245269366702,543.5063692559128,-67.13100753466242,27.999170109615235,0.0,35.0,0.0,418,435,375,435,35.0,NEUTRAL,program,sonic_drive_smooth.py,function,bc4a84a5f90dcb414fa9a95aff361c8d4412f04ffa11cdb071a0b8ad9fecc202,平滑操舵：安全制御優先：右壁追従 | target_deg=0.000,,156.7464018676657,180.4506017089385,72.97482672088276,55.623731889278304,57.46964711517116,0,98.6,50.88891708380663,4
98.65,746.1346057639756,544.0504308329796,-67.13100753466242,27.99935713423489,0.0,35.0,0.0,418,435,375,435,35.0,NEUTRAL,program,sonic_drive_smooth.py,function,bc4a84a5f90dcb414fa9a95aff361c8d4412f04ffa11cdb071a0b8ad9fecc202,平滑操舵：安全制御優先：右壁追従 | target_deg=0.000,,158.78235653522157,182.15494434931222,73.27931352352041,56.90093276083343,57.41991895997937,0,98.65,50.344855506739805,4
98.7,744.84467714791,544.5944955495036,-67.13100753466242,27.999502010868504,0.0,35.0,0.0,418,435,375,435,35.0,NEUTRAL,program,sonic_drive_smooth.py,function,bc4a84a5f90dcb414fa9a95aff361c8d4412f04ffa11cdb071a0b8ad9fecc202,平滑操舵：安全制御優先：右壁追従 | target_deg=0.000,,154.9666446036071,185.60495793883047,74.5923653143432,54.162067957949894,61.85885586203391,0,98.7,49.80079079021584,4
98.75,743.5547427659162,545.1385626979745,-67.13100753466242,27.999614238012743,0.0,35.0,0.0,418,435,375,435,35.0,NEUTRAL,program,sonic_drive_smooth.py,function,bc4a84a5f90dcb414fa9a95aff361c8d4412f04ffa11cdb071a0b8ad9fecc202,平滑操舵：安全制御優先：右壁追従 | target_deg=0.000,,152.826243609319,186.76362572182597,68.05430159478165,49.78764079303746,55.452795506147574,0,98.75,49.256723641744884,4
98.8,742.2648039174072,545.6826317303274,-67.13100753466242,27.999701173577087,0.0,35.0,0.0,418,435,375,435,35.0,NEUTRAL,program,sonic_drive_smooth.py,function,bc4a84a5f90dcb414fa9a95aff361c8d4412f04ffa11cdb071a0b8ad9fecc202,平滑操舵：安全制御優先：右壁追従 | target_deg=0.000,,153.46290833342567,185.87462321412883,73.28295162119691,52.100267175410735,55.89708577014663,0,98.8,48.71265460939196,4
98.85,740.9804331688607,546.2227463331923,-67.27740699654991,27.77891510022757,2.24,33.775,7.0,417,442,375,435,33.775,NEUTRAL,program,sonic_drive_smooth.py,function,bc4a84a5f90dcb414fa9a95aff361c8d4412f04ffa11cdb071a0b8ad9fecc202,平滑操舵：安全制御優先：左回避 | target_deg=5.585,,149.82971634300569,190.97909964849205,73.67695283235076,57.282449618581346,54.497889608636065,0,98.85,48.19561814787801,4
98.9,739.708809622446,546.7513319125059,-67.60399214136761,27.38703209832647,4.48,32.55,14.0,415,449,375,435,32.55,NEUTRAL,program,sonic_drive_smooth.py,function,bc4a84a5f90dcb414fa9a95aff361c8d4412f04ffa11cdb071a0b8ad9fecc202,平滑操舵：安全制御優先：左回避 | target_deg=11.083,,150.47593531503577,186.1087512202984,73.24185127005393,52.098457637089766,54.483433396088515,0,98.9,47.7188588647366,4
98.95,738.455258216802,547.2618194581786,-68.10475371026354,26.862610679423923,6.72,31.325,21.0,414,457,375,435,31.325,NEUTRAL,program,sonic_drive_smooth.py,function,bc4a84a5f90dcb414fa9a95aff361c8d4412f04ffa11cdb071a0b8ad9fecc202,平滑操舵：安全制御優先：左回避 | target_deg=16.413,,158.13825541605965,186.99746446885726,79.37543777603055,52.43033025556452,53.42562098935932,0,98.95,47.288757365265155,4
99.0,737.2238377222077,547.7487171097956,-68.77207175428875,26.235519784628654,8.96,30.099999999999998,28.0,412,464,375,435,30.099999999999998,NEUTRAL,program,sonic_drive_smooth.py,function,bc4a84a5f90dcb414fa9a95aff361c8d4412f04ffa11cdb071a0b8ad9fecc202,平滑操舵：安全制御優先：左回避 | target_deg=21.513,,153.42876899828227,183.02006705744344,74.52476955239335,50.02105546737677,50.915251560952385,0,99.0,46.910702983623764,4
99.05,736.0177328785178,548.2075282027874,-69.59730185391837,25.528897071674024,11.2,28.875,35.0,411,471,375,435,28.875,NEUTRAL,program,sonic_drive_smooth.py,function,bc4a84a5f90dcb414fa9a95aff361c8d4412f04ffa11cdb071a0b8ad9fecc202,平滑操舵：安全制御優先：左回避 | target_deg=26.336,,154.37476367117588,177.83765800698214,73.61468816548678,50.29154224325474,52.69071919036346,0,99.05,46.589189470873976,4
99.1,734.8395409101946,548.6346669955393,-70.57117532732289,24.76066588117791,13.44,27.650000000000002,42.0,409,479,375,435,27.650000000000002,NEUTRAL,program,sonic_drive_smooth.py,function,bc4a84a5f90dcb414fa9a95aff361c8d4412f04ffa11cdb071a0b8ad9fecc202,平滑操舵：安全制御優先：左回避 | target_deg=30.855,,162.54157716956766,173.16867606833003,76.32422922731024,49.49272827768577,52.75154395527897,0,99.1,46.32788011297475,4
99.15,733.6914767897747,549.0273780078853,-71.68406615597847,23.944710338431047,15.68,26.425,49.0,408,486,375,435,26.425,NEUTRAL,program,sonic_drive_smooth.py,function,bc4a84a5f90dcb414fa9a95aff361c8d4412f04ffa11cdb071a0b8ad9fecc202,平滑操舵：安全制御優先：左回避 | target_deg=35.060,,169.96469270229034,170.39364106104904,75.1322613956902,54.638393363815105,51.63802966682042,0,99.15,46.12965010906669,4
99.2,732.5755163947459,549.3836620582642,-72.92616248127896,23.091785633506465,17.92,25.2,56.0,406,493,375,435,25.2,NEUTRAL,program,sonic_drive_smooth.py,function,bc4a84a5f90dcb414fa9a95aff361c8d4412f04ffa11cdb071a0b8ad9fecc202,平滑操舵：安全制御優先：左回避 | target_deg=38.954,,175.93034461419396,162.52789817782164,72.43324655133056,51.8455884947257,54.60766292069405,0,99.2,45.99661211290095,4
99.25,731.4934924502973,549.7022101221098,-74.28756971832006,22.210223160070292,20.16,23.975,63.0,404,501,375,435,23.975,NEUTRAL,program,sonic_drive_smooth.py,function,bc4a84a5f90dcb414fa9a95aff361c8d4412f04ffa11cdb071a0b8ad9fecc202,平滑操舵：安全制御優先：左回避 | target_deg=42.547,,192.61799982364298,155.73797105156737,74.46225261947737,50.142315633136,51.064373739053806,0,99.25,45.93012957680219,4
99.3,730.4471547749068,549.9823448744401,-75.7583644677659,21.306476743666174,22.4,22.75,70.0,403,508,375,435,22.75,NEUTRAL,program,sonic_drive_smooth.py,function,bc4a84a5f90dcb414fa9a95aff361c8d4412f04ffa11cdb071a0b8ad9fecc202,平滑操舵：安全制御優先：左回避 | target_deg=45.859,,206.09126377373497,148.66524630032382,75.81426118570624,51.23256560089834,48.28611656143442,0,99.3,45.93082165144165,4
99.35,729.4382037174438,550.2239690411927,-77.32861266458909,20.38554577164956,24.64,21.525,77.0,401,515,375,435,21.525,NEUTRAL,program,sonic_drive_smooth.py,function,bc4a84a5f90dcb414fa9a95aff361c8d4412f04ffa11cdb071a0b8ad9fecc202,平滑操舵：安全制御優先：左回避 | target_deg=48.909,,229.20359294507196,141.17647554947368,78.28012945636029,55.56232300537749,48.47433503571517,0,99.35,45.99856272421255,4
99.4,728.4683036585548,550.4275193094435,-78.98836118489692,19.4513029662936,26.88,20.300000000000004,84.0,400,523,375,435,20.300000000000004,NEUTRAL,program,sonic_drive_smooth.py,function,bc4a84a5f90dcb414fa9a95aff361c8d4412f04ffa11cdb071a0b8ad9fecc202,平滑操舵：安全制御優先：左回避 | target_deg=51.722,,248.3055710124868,136.69895435378587,72.65642959203986,55.53806541433142,49.54554563283203,0,99.4,46.13247913096302,4
99.45,727.5390819209154,550.5939244147943,-80.72760899873039,18.50674829074148,29.12,19.074999999999996,91.0,398,530,375,435,19.074999999999996,NEUTRAL,program,sonic_drive_smooth.py,function,bc4a84a5f90dcb414fa9a95aff361c8d4412f04ffa11cdb071a0b8ad9fecc202,平滑操舵：安全制御優先：左回避 | target_deg=54.319,,248.3553179418877,129.81703250242973,72.6608988547042,55.13433727348922,49.20880952231927,0,99.45,46.33094509457612,4
99.5,726.6403360688844,550.7277675212999,-82.31110727802016,17.955347555336584,26.88,20.074999999999996,84.0,400,523,375,435,20.074999999999996,NEUTRAL,program,sonic_drive_smooth.py,function,bc4a84a5f90dcb414fa9a95aff361c8d4412f04ffa11cdb071a0b8ad9fecc202,平滑操舵：安全制御優先：右壁追従 | target_deg=51.722,,249.1526746935564,124.46571222314206,75.36287094459713,56.57189584103612,50.709886263806276,0,99.5,46.53902391167003,4
99.55,725.7566365959337,550.8359038981858,-83.71661107875184,17.708499340576612,24.64,21.074999999999996,77.0,401,515,375,435,21.074999999999996,NEUTRAL,program,sonic_drive_smooth.py,function,bc4a84a5f90dcb414fa9a95aff361c8d4412f04ffa11cdb071a0b8ad9fecc202,平滑操舵：安全制御優先：右壁追従 | target_deg=48.909,,248.53457270630724,115.67454322843393,68.21798962702223,58.6886039023523,48.16233455675656,0,99.55,46.74192287532776,4
99.6,724.8758516732762,550.9229708177413,-84.97401437029325,17.69756949864649,22.4,22.074999999999996,70.0,402,508,375,435,22.074999999999996,NEUTRAL,program,sonic_drive_smooth.py,function,bc4a84a5f90dcb414fa9a95aff361c8d4412f04ffa11cdb071a0b8ad9fecc202,平滑操舵：安全制御優先：右壁追従 | target_deg=45.859,,248.32283494037284,111.96230696271435,71.14681480390131,59.40678726344649,44.901012838420456,0,99.6,46.938972909308404,4
99.65,723.9884844926089,550.9920723255443,-86.10242723467618,17.86939131649848,20.16,23.074999999999996,63.0,403,501,375,435,23.074999999999996,NEUTRAL,program,sonic_drive_smooth.py,function,bc4a84a5f90dcb414fa9a95aff361c8d4412f04ffa11cdb071a0b8ad9fecc202,平滑操舵：安全制御優先：右壁追従 | target_deg=42.547,,250.0,112.09924436571956,71.39393271767533,62.42243330463973,51.03739657642968,0,99.65,47.129433725009335,4
99.7,723.0871356127653,551.0453593467662,-87.11315958475811,18.182779765013876,17.92,24.074999999999996,56.0,405,493,375,435,24.074999999999996,NEUTRAL,program,sonic_drive_smooth.py,function,bc4a84a5f90dcb414fa9a95aff361c8d4412f04ffa11cdb071a0b8ad9fecc202,平滑操舵：安全制御優先：右壁追従 | target_deg=38.954,,249.12580194321816,106.93522165563542,69.42901403670581,60.04089418712585,49.32585529967217,0,99.7,47.312241376753605,4
99.75,722.1660576427702,551.0844256492367,-88.01186055022107,18.605831299168468,15.68,25.074999999999996,49.0,406,486,375,435,25.074999999999996,NEUTRAL,program,sonic_drive_smooth.py,function,bc4a84a5f90dcb414fa9a95aff361c8d4412f04ffa11cdb071a0b8ad9fecc202,平滑操舵：安全制御優先：右壁追従 | target_deg=35.060,,249.4429954141556,109.58293696740692,71.07372958978425,64.51678680430109,47.32805066091973,0,99.75,47.48589742108379,4
99.8,721.2207934983384,551.1105848130316,-88.80005009714223,19.113832176932867,13.44,26.074999999999996,42.0,407,479,375,435,26.074999999999996,NEUTRAL,program,sonic_drive_smooth.py,function,bc4a84a5f90dcb414fa9a95aff361c8d4412f04ffa11cdb071a0b8ad9fecc202,平滑操舵：安全制御優先：右壁追従 | target_deg=30.855,,249.4172791644347,105.06924398329139,72.06086799885377,66.51627285947252,48.29587541771603,0,99.8,47.64842652910124,4
99.85,720.2478861700074,551.1250689982652,-89.47621224888468,19.68763816074252,11.2,27.074999999999996,35.0,408,471,375,435,27.074999999999996,NEUTRAL,program,sonic_drive_smooth.py,function,bc4a84a5f90dcb414fa9a95aff361c8d4412f04ffa11cdb071a0b8ad9fecc202,平滑操舵：安全制御優先：右壁追従 | target_deg=26.336,,246.88294762244018,105.77836835189602,71.50848015780417,64.76719243592804,48.15765229364753,0,99.85,47.7973651542045,4
99.9,719.244648100035,551.1291755973751,-90.03657139791875,20.31241937046466,8.96,28.074999999999996,28.0,410,464,375,435,28.074999999999996,NEUTRAL,program,sonic_drive_smooth.py,function,bc4a84a5f90dcb414fa9a95aff361c8d4412f04ffa11cdb071a0b8ad9fecc202,平滑操舵：Follow the Gap：目標が空き空間内 | target_deg=21.513 | gap_min_deg=-30.0 | gap_max_deg=60.0,,250.0,101.66790165013411,71.05401519050878,68.07959932393676,48.20076966705154,0,99.9,47.911890362030135,4
99.95,718.208979748538,551.1243788565818,-90.4756389681002,20.976687997090927,6.72,29.074999999999996,21.0,411,457,375,435,29.074999999999996,NEUTRAL,program,sonic_drive_smooth.py,function,bc4a84a5f90dcb414fa9a95aff361c8d4412f04ffa11cdb071a0b8ad9fecc202,平滑操舵：Follow the Gap：目標が空き空間内 | target_deg=16.413 | gap_min_deg=-30.0 | gap_max_deg=60.0,,249.86163205308972,101.10055380765253,67.68687909705825,67.13607775244417,47.36207577458507,0,99.95,47.809746523386025,4
100.0,717.1392287849809,551.1124179380919,-90.78659313657977,21.671545131484425,4.48,30.074999999999996,14.0,412,449,375,435,30.074999999999996,NEUTRAL,program,sonic_drive_smooth.py,function,bc4a84a5f90dcb414fa9a95aff361c8d4412f04ffa11cdb071a0b8ad9fecc202,平滑操舵：Follow the Gap：目標が空き空間内 | target_deg=11.083 | gap_min_deg=-30.0 | gap_max_deg=60.0,,247.65623168130404,99.5207700700551,70.93683937540992,65.74425582017359,49.43614118916052,0,100.0,47.74632950087994,4
100.05,716.0340831681159,551.0953693131021,-90.96153666260923,22.390097328274567,2.24,31.074999999999996,7.0,413,442,375,435,31.074999999999996,NEUTRAL,program,sonic_drive_smooth.py,function,bc4a84a5f90dcb414fa9a95aff361c8d4412f04ffa11cdb071a0b8ad9fecc202,平滑操舵：Follow the Gap：目標が空き空間内 | target_deg=5.585 | gap_min_deg=-30.0 | gap_max_deg=60.0,,250.0,100.09869606454093,70.29850418355622,68.15346759099917,48.74111959290181,0,100.05,47.72110212733412,4
100.1,714.8924930299145,551.0757090254906,-90.99166512405833,23.12700465327997,0.0,32.074999999999996,0.0,415,435,375,435,32.074999999999996,NEUTRAL,program,sonic_drive_smooth.py,function,bc4a84a5f90dcb414fa9a95aff361c8d4412f04ffa11cdb071a0b8ad9fecc202,平滑操舵：Follow the Gap：目標が空き空間内 | target_deg=0.000 | gap_min_deg=-30.0 | gap_max_deg=60.0,,248.95350968557995,96.13025944997335,69.88944968363079,72.73820328248817,50.97058229654343,0,100.1,47.7334913372074,4
100.15,713.7136354248958,551.0553035308964,-90.99166512405833,23.878130583248673,0.0,33.074999999999996,0.0,416,435,375,435,33.074999999999996,NEUTRAL,program,sonic_drive_smooth.py,function,bc4a84a5f90dcb414fa9a95aff361c8d4412f04ffa11cdb071a0b8ad9fecc202,平滑操舵：Follow the Gap：目標が空き空間内 | target_deg=0.000 | gap_min_deg=-30.0 | gap_max_deg=60.0,,250.0,97.94706041811885,70.79668145549911,66.1323997149836,47.83947759971728,0,100.15,47.753896831801626,4
100.2,712.496894567231,551.0342422942483,-90.99166512405833,24.640270804413355,0.0,34.074999999999996,0.0,417,435,375,435,34.074999999999996,NEUTRAL,program,sonic_drive_smooth.py,function,bc4a84a5f90dcb414fa9a95aff361c8d4412f04ffa11cdb071a0b8ad9fecc202,平滑操舵：Follow the Gap：目標が空き空間内 | target_deg=0.000 | gap_min_deg=-30.0 | gap_max_deg=60.0,,248.01514552365728,101.87518283065953,70.80330189252552,69.78039265172825,45.80426811207226,0,100.2,47.77495806844968,4
100.25,711.2421861477021,551.0135360146664,-90.88812910158664,25.397421491395697,-1.6,35.0,-5.0,418,429,375,435,35.0,NEUTRAL,program,sonic_drive_smooth.py,function,bc4a84a5f90dcb414fa9a95aff361c8d4412f04ffa11cdb071a0b8ad9fecc202,平滑操舵：安全制御優先：仕切り壁予防：右壁の向き・離隔を保持 | target_deg=-3.995,,249.03752013132404,98.95623305844066,72.81976497036209,71.55748312532074,49.076726331752255,0,100.25,47.82066314388521,4
100.3,709.9547224425955,550.9960062879854,-90.66056155127932,25.98394022281719,-3.2,35.0,-10.0,418,424,375,435,35.0,NEUTRAL,program,sonic_drive_smooth.py,function,bc4a84a5f90dcb414fa9a95aff361c8d4412f04ffa11cdb071a0b8ad9fecc202,平滑操舵：安全制御優先：仕切り壁予防：右壁の向き・離隔を保持 | target_deg=-7.957,,247.81638403711017,98.3272257221808,71.52761072016574,70.13790442462347,46.47972443726014,0,100.3,47.893256230686916,4
100.35,708.6447213937573,550.9837249992346,-90.41370537213673,26.343629259167585,-3.2,34.475,-10.0,418,424,375,435,34.475,NEUTRAL,program,sonic_drive_smooth.py,function,bc4a84a5f90dcb414fa9a95aff361c8d4412f04ffa11cdb071a0b8ad9fecc202,平滑操舵：安全制御優先：仕切り壁予防：右壁の向き・離隔を保持 | target_deg=-7.957,,250.0,93.22230680909995,67.85955090517197,67.61049781457383,46.66473929086301,0,100.35,47.965449265341476,4
100.4,707.319143202399,550.9770430388742,-90.1639216398611,26.622258547806624,-3.2,34.475,-10.0,418,424,375,435,34.475,NEUTRAL,program,sonic_drive_smooth.py,function,bc4a84a5f90dcb414fa9a95aff361c8d4412f04ffa11cdb071a0b8ad9fecc202,平滑操舵：安全制御優先：仕切り壁予防：右壁の向き・離隔を保持 | target_deg=-7.957,,246.75492586335284,96.65483537564738,69.97456067682997,68.38321779422832,45.48038006043994,0,100.4,48.03294432892028,4
100.45,705.9815133434823,550.9761583199398,-89.91187010966985,26.83809576451809,-3.2,34.475,-10.0,418,424,375,435,34.475,NEUTRAL,program,sonic_drive_smooth.py,function,bc4a84a5f90dcb414fa9a95aff361c8d4412f04ffa11cdb071a0b8ad9fecc202,平滑操舵：安全制御優先：仕切り壁予防：右壁の向き・離隔を保持 | target_deg=-7.957,,250.0,99.15339109443843,66.75509210751841,67.95049835884213,47.33303274025368,0,100.45,47.9495112347589,4
100.5,704.634566610372,550.9804399194646,-89.72643724568127,27.005291770168817,-2.3003206624927857,34.475,-7.188502070289956,418,427,375,435,34.475,NEUTRAL,program,sonic_drive_smooth.py,function,bc4a84a5f90dcb414fa9a95aff361c8d4412f04ffa11cdb071a0b8ad9fecc202,平滑操舵：安全制御優先：仕切り壁予防：右壁の向き・離隔を保持 | target_deg=-5.735,,250.0,101.68845775052868,72.03892654252198,64.96757808217187,47.22799140585175,0,100.5,47.604838077913996,4
100.55,703.2777371223395,550.9886744425881,-89.57812145817223,27.22351251082979,-1.8575936177959407,34.96701213769926,-5.804980055612314,418,428,375,435,34.96701213769926,NEUTRAL,program,sonic_drive_smooth.py,function,bc4a84a5f90dcb414fa9a95aff361c8d4412f04ffa11cdb071a0b8ad9fecc202,平滑操舵：安全制御優先：仕切り壁予防：右壁の向き・離隔を保持 | target_deg=-4.635,,247.2638163524192,100.33424850134409,71.68152284629147,66.91189855517072,48.370126657479915,0,100.55,47.29455640228344,4
100.6,701.9113248972135,551.0001105916729,-89.46283007090459,27.39850222030718,-1.4340294423335667,35.0,-4.481342007292396,418,430,375,435,35.0,NEUTRAL,program,sonic_drive_smooth.py,function,bc4a84a5f90dcb414fa9a95aff361c8d4412f04ffa11cdb071a0b8ad9fecc202,平滑操舵：安全制御優先：仕切り壁予防：右壁の向き・離隔を保持 | target_deg=-3.581,,247.56165492175708,97.86812906988217,71.27615886589847,66.7552746618694,48.778445880587434,0,100.6,47.02047707048816,4
100.65,700.5373716149807,551.0135291922008,-89.42149842265192,27.534056138673876,-0.4602845982980062,35.0,-1.4383893696812695,418,433,375,435,35.0,NEUTRAL,program,sonic_drive_smooth.py,function,bc4a84a5f90dcb414fa9a95aff361c8d4412f04ffa11cdb071a0b8ad9fecc202,平滑操舵：安全制御優先：仕切り壁予防：右壁の向き・離隔を保持 | target_deg=-1.151,,246.65971335685114,98.96780483782129,73.67106310377152,67.87395531271072,51.84664125941803,0,100.65,46.794750286296235,4
100.7,699.1575817037768,551.0287403085107,-89.3123263881772,27.63906154064547,-1.3882204681223085,35.0,-4.338188962882214,418,430,375,435,35.0,NEUTRAL,program,sonic_drive_smooth.py,function,bc4a84a5f90dcb414fa9a95aff361c8d4412f04ffa11cdb071a0b8ad9fecc202,平滑操舵：安全制御優先：仕切り壁予防：右壁の向き・離隔を保持 | target_deg=-3.467,,248.90663427907162,102.53837268936203,72.1853833170125,66.40472618647208,46.4726121588163,0,100.7,46.58858930552798,4
100.75,697.7732882840489,551.0466585931448,-89.20448408008978,27.720402859111736,-1.3240249968650353,35.0,-4.137578115203235,418,430,375,435,35.0,NEUTRAL,program,sonic_drive_smooth.py,function,bc4a84a5f90dcb414fa9a95aff361c8d4412f04ffa11cdb071a0b8ad9fecc202,平滑操舵：安全制御優先：仕切り壁予防：右壁の向き・離隔を保持 | target_deg=-3.307,,249.20538645432197,98.28159531060177,73.15876461203341,65.56513880309193,47.4068127340892,0,100.75,46.416726233298974,4
100.8,696.3855305224278,551.0680423303055,-89.02754321408638,27.783413046831605,-2.2012935161522567,35.0,-6.879042237975802,418,427,375,435,35.0,NEUTRAL,program,sonic_drive_smooth.py,function,bc4a84a5f90dcb414fa9a95aff361c8d4412f04ffa11cdb071a0b8ad9fecc202,平滑操舵：安全制御優先：仕切り壁予防：右壁の向き・離隔を保持 | target_deg=-5.489,,250.0,101.85330023866611,70.84097186289881,69.2689599251901,47.78061345934669,0,100.8,46.26289463733472,4
100.85,694.9951116535168,551.0930911419291,-88.90953821051333,27.832223218972345,-1.4237934649020203,35.0,-4.449354577818814,418,430,375,435,35.0,NEUTRAL,program,sonic_drive_smooth.py,function,bc4a84a5f90dcb414fa9a95aff361c8d4412f04ffa11cdb071a0b8ad9fecc202,平滑操舵：安全制御優先：仕切り壁予防：右壁の向き・離隔を保持 | target_deg=-3.556,,248.05394027431518,99.36441863499181,69.40114725218515,65.98541104763574,48.7230145733014,0,100.85,46.15679008994056,4
100.9,693.6026380127755,551.1209756256503,-88.79605609581618,27.870033499985965,-1.3848975310189946,35.0,-4.327804784434358,418,430,375,435,35.0,NEUTRAL,program,sonic_drive_smooth.py,function,bc4a84a5f90dcb414fa9a95aff361c8d4412f04ffa11cdb071a0b8ad9fecc202,平滑操舵：安全制御優先：仕切り壁予防：右壁の向き・離隔を保持 | target_deg=-3.459,,249.047991430821,100.74197096254831,72.63436620275927,64.8073852482246,46.67453826319517,0,100.9,46.08742364128613,4
100.95,692.2085790711895,551.1511800487494,-88.72153058644007,27.89932283226298,-0.9085197946263918,35.0,-2.8391243582074743,418,432,375,435,35.0,NEUTRAL,program,sonic_drive_smooth.py,function,bc4a84a5f90dcb414fa9a95aff361c8d4412f04ffa11cdb071a0b8ad9fecc202,平滑操舵：安全制御優先：仕切り壁予防：右壁の向き・離隔を保持 | target_deg=-2.270,,249.24868405275745,98.91522507955425,68.67250100706823,67.19362585792632,49.90733353890947,0,100.95,46.06177683961229,4
101.0,690.813288961364,551.1829297982691,-88.67139471405939,27.92201150217592,-0.6106665281422443,35.0,-1.9083329004445133,418,432,375,435,35.0,NEUTRAL,program,sonic_drive_smooth.py,function,bc4a84a5f90dcb414fa9a95aff361c8d4412f04ffa11cdb071a0b8ad9fecc202,平滑操舵：安全制御優先：仕切り壁予防：右壁の向き・離隔を保持 | target_deg=-1.526,,248.59362840638806,102.48808830823616,69.07102575911819,65.97746961980855,49.03556852934866,0,101.0,46.050535821506315,4
101.05,689.4170676811272,551.2167609184448,-88.54976041277885,27.939587039151277,-1.5207814336722136,35.0,-4.752441980225668,418,430,375,435,35.0,NEUTRAL,program,sonic_drive_smooth.py,function,bc4a84a5f90dcb414fa9a95aff361c8d4412f04ffa11cdb071a0b8ad9fecc202,平滑操舵：安全制御優先：仕切り壁予防：右壁の向き・離隔を保持 | target_deg=-3.797,,250.0,106.12286023165541,68.76098697133719,67.75923481262143,47.44362556803963,0,101.05,46.02607552311853,4
101.1,688.0201360220241,551.2525682050132,-88.52038334924342,27.953201742047373,-0.25805214129319554,35.0,-0.806412941541236,418,434,375,435,35.0,NEUTRAL,program,sonic_drive_smooth.py,function,bc4a84a5f90dcb414fa9a95aff361c8d4412f04ffa11cdb071a0b8ad9fecc202,平滑操舵：安全制御優先：仕切り壁予防：右壁の向き・離隔を保持 | target_deg=-0.645,,250.0,99.95143562014444,74.61637942452333,65.33927239507888,50.452094511734785,0,101.1,46.02075345897802,4
101.15,686.6226272374493,551.2888080958273,-88.5087193285794,27.963748226926263,-0.14183904359275515,35.0,-0.4432470112273599,418,434,375,435,35.0,NEUTRAL,program,sonic_drive_smooth.py,function,bc4a84a5f90dcb414fa9a95aff361c8d4412f04ffa11cdb071a0b8ad9fecc202,平滑操舵：安全制御優先：仕切り壁予防：右壁の向き・離隔を保持 | target_deg=-0.355,,249.62501347477885,102.31045031465688,70.7374927598742,65.16319485527507,48.69493403093477,0,101.15,46.01895357310454,4
101.2,685.2246780613312,551.3256330195411,-88.47339572761427,27.971917949332212,-0.4294016842589997,35.0,-1.341880263309374,418,433,375,435,35.0,NEUTRAL,program,sonic_drive_smooth.py,function,bc4a84a5f90dcb414fa9a95aff361c8d4412f04ffa11cdb071a0b8ad9fecc202,平滑操舵：安全制御優先：仕切り壁予防：右壁の向き・離隔を保持 | target_deg=-1.073,,249.14538173448537,100.85785035995785,69.88534447232975,67.39489114227375,49.56150449351605,0,101.2,46.0143499748035,4
101.25,683.8264162838574,551.3639575096256,-88.38658863998987,27.978246537952668,-1.0548809235535364,35.0,-3.2965028861048014,418,431,375,435,35.0,NEUTRAL,program,sonic_drive_smooth.py,function,bc4a84a5f90dcb414fa9a95aff361c8d4412f04ffa11cdb071a0b8ad9fecc202,平滑操舵：安全制御優先：仕切り壁予防：右壁の向き・離隔を保持 | target_deg=-2.636,,250.0,101.57361341980567,74.08371066864446,65.66513210612389,46.78755241018964,0,101.25,46.00506122758064,4
101.3,682.4279445433634,551.4045318782162,-88.28965724223724,27.983148911856798,-1.177648750870524,35.0,-3.6801523464703876,418,431,375,435,35.0,NEUTRAL,program,sonic_drive_smooth.py,function,bc4a84a5f90dcb414fa9a95aff361c8d4412f04ffa11cdb071a0b8ad9fecc202,平滑操舵：安全制御優先：仕切り壁予防：右壁の向き・離隔を保持 | target_deg=-2.942,,249.29094973938996,106.61511661747983,72.27550457490527,65.56457439357482,47.31390564976264,0,101.3,45.99689709208973,4
101.35,681.0293292553574,551.447396577824,-88.19944469884399,27.986946483691096,-1.0958741944789443,35.0,-3.4246068577467006,418,431,375,435,35.0,NEUTRAL,program,sonic_drive_smooth.py,function,bc4a84a5f90dcb414fa9a95aff361c8d4412f04ffa11cdb071a0b8ad9fecc202,平滑操舵：安全制御優先：仕切り壁予防：右壁の向き・離隔を保持 | target_deg=-2.738,,247.90564391891579,105.05368884569214,70.81271829299727,65.85052950848703,47.963539695752246,0,101.35,45.991351434750506,4
101.4,679.6306400881621,551.4931045007222,-88.05713685124616,27.989888232345663,-1.7281957988050285,35.0,-5.400611871265714,418,429,375,435,35.0,NEUTRAL,program,sonic_drive_smooth.py,function,bc4a84a5f90dcb414fa9a95aff361c8d4412f04ffa11cdb071a0b8ad9fecc202,平滑操舵：安全制御優先：仕切り壁予防：右壁の向き・離隔を保持 | target_deg=-4.314,,250.0,105.00058539905265,75.17269167883963,63.6555269761478,44.297550498183185,0,101.4,45.98578416047577,4
101.45,678.2319003979115,551.5411094065444,-88.02111227188263,27.99216702667115,-0.2922414560094251,35.0,-0.9132545500294533,418,434,375,435,35.0,NEUTRAL,program,sonic_drive_smooth.py,function,bc4a84a5f90dcb414fa9a95aff361c8d4412f04ffa11cdb071a0b8ad9fecc202,平滑操舵：安全制御優先：仕切り壁予防：右壁の向き・離隔を保持 | target_deg=-0.731,,250.0,106.13939667374865,70.73011122641135,63.37668121373151,48.979598197814504,0,101.45,45.98508148745827,4
101.5,676.8331090088694,551.5904558521968,-87.93718349116477,27.9939322704726,-1.031346538280768,35.0,-3.2229579321274002,418,431,375,435,35.0,NEUTRAL,program,sonic_drive_smooth.py,function,bc4a84a5f90dcb414fa9a95aff361c8d4412f04ffa11cdb071a0b8ad9fecc202,平滑操舵：安全制御優先：仕切り壁予防：右壁の向き・離隔を保持 | target_deg=-2.577,,247.43227367733024,105.40274523983082,70.1656753339375,66.98559569351794,47.75945794353628,0,101.5,45.985685425867814,4
101.55,675.4343492812818,551.642764028295,-87.77597395609419,27.995299697819462,-2.0089660021925493,35.0,-6.278018756851716,418,428,375,435,35.0,NEUTRAL,program,sonic_drive_smooth.py,function,bc4a84a5f90dcb414fa9a95aff361c8d4412f04ffa11cdb071a0b8ad9fecc202,平滑操舵：安全制御優先：仕切り壁予防：右壁の向き・離隔を保持 | target_deg=-5.012,,249.51575577163496,104.3313704540371,70.23868304842831,63.0681888326327,42.96430160078332,0,101.55,45.99045572214657,4
101.6,674.0357075397707,551.6996040699336,-87.56964845777996,27.99635896087843,-2.504148749360035,35.0,-7.82546484175011,418,426,375,435,35.0,NEUTRAL,program,sonic_drive_smooth.py,function,bc4a84a5f90dcb414fa9a95aff361c8d4412f04ffa11cdb071a0b8ad9fecc202,平滑操舵：安全制御優先：仕切り壁予防：右壁の向き・離隔を保持 | target_deg=-6.240,,250.0,102.71428084678912,71.68961067713086,67.09434322258493,46.24036569920606,0,101.6,46.00087045839549,4
101.65,672.6380411683062,551.7619263752413,-87.32406672958685,27.971135689038363,-2.981381774109173,34.85554365269373,-9.316818044091166,418,425,375,435,34.85554365269373,NEUTRAL,program,sonic_drive_smooth.py,function,bc4a84a5f90dcb414fa9a95aff361c8d4412f04ffa11cdb071a0b8ad9fecc202,平滑操舵：安全制御優先：仕切り壁予防：右壁の向き・離隔を保持 | target_deg=-7.418,,249.132017633995,103.90359227480545,74.21088229973789,64.92296281403146,43.93028244281539,0,101.65,46.01827610122962,4
101.7,671.2431278032067,551.8294167009753,-87.1363797106752,27.90454382808196,-2.2772301472057688,34.59455684228405,-7.116344210018028,418,427,375,435,34.59455684228405,NEUTRAL,program,sonic_drive_smooth.py,function,bc4a84a5f90dcb414fa9a95aff361c8d4412f04ffa11cdb071a0b8ad9fecc202,平滑操舵：安全制御優先：仕切り壁予防：右壁の向き・離隔を保持 | target_deg=-5.677,,247.4176682916954,108.55280870650795,68.57493356305868,64.40633903748491,46.20448154578465,0,101.7,46.0354273102307,4
101.75,669.8491864755914,551.9007571361497,-87.00405850957362,27.922385174470044,-1.611206637771557,34.979639763246844,-5.035020743036116,418,429,375,435,34.979639763246844,NEUTRAL,program,sonic_drive_smooth.py,function,bc4a84a5f90dcb414fa9a95aff361c8d4412f04ffa11cdb071a0b8ad9fecc202,平滑操舵：安全制御優先：仕切り壁予防：右壁の向き・離隔を保持 | target_deg=-4.022,,250.0,108.06093033020451,70.84718259341285,62.759982500300204,45.676299856627004,0,101.75,46.05036959991415,4
101.8,668.454466910776,551.9741162142334,-86.98670937884698,27.939876500421914,-0.011206637771556983,35.0,-0.035020743036115576,418,434,375,435,35.0,NEUTRAL,program,sonic_drive_smooth.py,function,bc4a84a5f90dcb414fa9a95aff361c8d4412f04ffa11cdb071a0b8ad9fecc202,平滑操舵：安全制御優先：仕切り壁予防：右壁の向き・離隔を保持 | target_deg=-0.028,,250.0,108.0948741296196,72.16935550601823,61.214580795947604,47.909730576752686,0,101.8,46.05257631748449,4
101.85,667.0589761314643,552.0471958548176,-87.01778906305003,27.953425970143797,0.37809204305291105,35.0,1.181537634540347,418,436,375,435,35.0,NEUTRAL,program,sonic_drive_smooth.py,function,bc4a84a5f90dcb414fa9a95aff361c8d4412f04ffa11cdb071a0b8ad9fecc202,平滑操舵：安全制御優先：仕切り壁予防：右壁の向き・離隔を保持 | target_deg=0.945,,250.0,108.47256731213511,69.44240493059868,60.12466568629606,45.455654582881664,0,101.85,46.04758916867036,4
101.9,665.6628563285029,552.1194498564226,-87.05698993288202,27.963921922837685,0.47668454932737203,35.0,1.4896392166480377,418,436,375,435,35.0,NEUTRAL,program,sonic_drive_smooth.py,function,bc4a84a5f90dcb414fa9a95aff361c8d4412f04ffa11cdb071a0b8ad9fecc202,平滑操舵：安全制御優先：仕切り壁予防：右壁の向き・離隔を保持 | target_deg=1.192,,248.53092900058056,106.99669637849387,72.94060059064724,63.70742596994523,48.23216364964084,0,101.9,46.04031801875204,4
101.95,664.2662391664537,552.1908604415974,-87.08891458235595,27.972052501023672,0.38808251001370764,35.0,1.2127578437928364,418,436,375,435,35.0,NEUTRAL,program,sonic_drive_smooth.py,function,bc4a84a5f90dcb414fa9a95aff361c8d4412f04ffa11cdb071a0b8ad9fecc202,平滑操舵：安全制御優先：仕切り壁予防：右壁の向き・離隔を保持 | target_deg=0.970,,250.0,103.99378437611769,71.88882769131602,62.539105290266875,46.877857924438814,0,101.95,46.03359717670768,4
102.0,662.8692125290584,552.2611297065305,-87.15207987178752,27.978350766990214,0.7676230869395257,35.0,2.398822146686018,418,437,375,435,35.0,NEUTRAL,program,sonic_drive_smooth.py,function,bc4a84a5f90dcb414fa9a95aff361c8d4412f04ffa11cdb071a0b8ad9fecc202,平滑操舵：安全制御優先：仕切り壁予防：右壁の向き・離隔を保持 | target_deg=1.918,,250.0,107.78560014900161,71.97947575349511,62.35647978745876,47.872018763003105,0,102.0,46.01930193035719,4
102.05,661.4718882832408,552.3308967873999,-87.12538561812737,27.983229651772813,-0.40941027349184905,35.0,-1.2794071046620283,418,433,375,435,35.0,NEUTRAL,program,sonic_drive_smooth.py,function,bc4a84a5f90dcb414fa9a95aff361c8d4412f04ffa11cdb071a0b8ad9fecc202,平滑操舵：安全制御優先：仕切り壁予防：右壁の向き・離隔を保持 | target_deg=-1.023,,250.0,108.64963002679687,70.25098780569168,63.53646492718549,45.13834625585038,0,102.05,46.029580303866624,4
102.1,660.0744473953537,552.4025236991557,-87.00016497565066,27.987009028008803,-1.6099176710503236,35.0,-5.030992722032261,418,429,375,435,35.0,NEUTRAL,program,sonic_drive_smooth.py,function,bc4a84a5f90dcb414fa9a95aff361c8d4412f04ffa11cdb071a0b8ad9fecc202,平滑操舵：安全制御優先：仕切り壁予防：右壁の向き・離隔を保持 | target_deg=-4.019,,249.73308882760188,108.66696097643958,71.90836230930685,62.967793749568685,43.12288390767134,0,102.1,45.928516314907824,4
102.15,658.6770553821372,552.4781725240789,-86.80033387170248,27.98993668163655,-2.455928783268618,35.0,-7.6747774477144315,418,426,375,435,35.0,NEUTRAL,program,sonic_drive_smooth.py,function,bc4a84a5f90dcb414fa9a95aff361c8d4412f04ffa11cdb071a0b8ad9fecc202,平滑操舵：安全制御優先：仕切り壁予防：右壁の向き・離隔を保持 | target_deg=-6.120,,250.0,108.13306674459645,67.47647679752966,65.83153252614073,44.81588216291974,0,102.15,45.80599696461502,4
102.2,657.2803821740348,552.5574660482879,-86.71342427021672,27.97091499953034,-0.8559287832686181,34.88191394664997,-2.6747774477144315,418,432,375,435,34.88191394664997,NEUTRAL,program,sonic_drive_smooth.py,function,bc4a84a5f90dcb414fa9a95aff361c8d4412f04ffa11cdb071a0b8ad9fecc202,平滑操舵：安全制御優先：仕切り壁予防：右壁の向き・離隔を保持 | target_deg=-2.139,,250.0,107.95400183396342,69.6506586868561,60.67265803908148,46.942330324089596,0,102.2,45.706359561940644,4
102.25,655.8839427512345,552.6377211019806,-86.71014622069566,27.977469613549655,-0.009959726402896933,35.0,-0.031124145009052917,418,434,375,435,35.0,NEUTRAL,program,sonic_drive_smooth.py,function,bc4a84a5f90dcb414fa9a95aff361c8d4412f04ffa11cdb071a0b8ad9fecc202,平滑操舵：安全制御優先：仕切り壁予防：右壁の向き・離隔を保持 | target_deg=-0.025,,249.24430738346962,112.41997596497872,69.96293721439218,63.48991755443388,48.164794999608546,0,102.25,45.625337664829544,4
102.3,654.487221748565,552.7180110959357,-86.70984155775754,27.98254707562644,-0.003702051931931294,35.0,-0.011568912287285293,418,434,375,435,35.0,NEUTRAL,program,sonic_drive_smooth.py,function,bc4a84a5f90dcb414fa9a95aff361c8d4412f04ffa11cdb071a0b8ad9fecc202,平滑操舵：安全制御優先：仕切り壁予防：右壁の向き・離隔を保持 | target_deg=-0.009,,250.0,110.75056425029626,74.85398881110056,62.91103480367472,46.83336327298899,0,102.3,45.54497640200282,4
102.35,653.0902761130333,552.79821482302,-86.71825518523275,27.986480277652557,0.1022204111314096,35.0,0.319438784785655,418,435,375,435,35.0,NEUTRAL,program,sonic_drive_smooth.py,function,bc4a84a5f90dcb414fa9a95aff361c8d4412f04ffa11cdb071a0b8ad9fecc202,平滑操舵：安全制御優先：仕切り壁予防：右壁の向き・離隔を保持 | target_deg=0.256,,250.0,107.20551711169037,75.44618475216029,59.802973739562184,44.53338503039585,0,102.35,45.46674096120978,4
102.4,651.6931958872481,552.8790348339628,-86.65775227428568,27.989527090793516,-0.769040783620376,35.0,-2.403252448813675,418,432,375,435,35.0,NEUTRAL,program,sonic_drive_smooth.py,function,bc4a84a5f90dcb414fa9a95aff361c8d4412f04ffa11cdb071a0b8ad9fecc202,平滑操舵：安全制御優先：仕切り壁予防：右壁の向き・離隔を保持 | target_deg=-1.922,,250.0,109.21622357584808,73.39888364105819,62.69754892885278,44.459192981675386,0,102.4,45.37177206238425,4
102.45,650.296000802647,552.9601477087991,-86.70970080570144,27.99188727220659,0.830959216379624,35.0,2.596747551186325,418,437,375,435,35.0,NEUTRAL,program,sonic_drive_smooth.py,function,bc4a84a5f90dcb414fa9a95aff361c8d4412f04ffa11cdb071a0b8ad9fecc202,平滑操舵：安全制御優先：仕切り壁予防：右壁の向き・離隔を保持 | target_deg=2.077,,250.0,108.12436950980731,70.78295685866375,61.283593188647046,49.206496769870895,0,102.45,45.30280686354331,4
102.5,648.8985640679957,553.0388150559065,-86.84892920047274,27.993715561650315,1.7291447069319472,35.0,5.403577209162335,418,440,375,435,35.0,NEUTRAL,program,sonic_drive_smooth.py,function,bc4a84a5f90dcb414fa9a95aff361c8d4412f04ffa11cdb071a0b8ad9fecc202,平滑操舵：安全制御優先：仕切り壁予防：右壁の向き・離隔を保持 | target_deg=4.316,,249.74623288859354,109.22440316141324,70.40538323277163,59.497731933731934,47.12279097675572,0,102.5,45.25674047195639,4
102.55,647.5008319561141,553.1135368975994,-87.0309070722165,27.99513182663382,2.2090645756953777,35.0,6.903326799048055,418,442,375,435,35.0,NEUTRAL,program,sonic_drive_smooth.py,function,bc4a84a5f90dcb414fa9a95aff361c8d4412f04ffa11cdb071a0b8ad9fecc202,平滑操舵：安全制御優先：仕切り壁予防：右壁の向き・離隔を保持 | target_deg=5.508,,248.09174049929487,107.68942512845271,72.63052110821573,57.807596973809254,45.86103859511995,0,102.55,45.22472528332435,4
102.6,646.1028453497645,553.1845581918374,-87.15147118740593,27.996228921248886,1.4481930099921232,35.0,4.525603156225385,418,439,375,435,35.0,NEUTRAL,program,sonic_drive_smooth.py,function,bc4a84a5f90dcb414fa9a95aff361c8d4412f04ffa11cdb071a0b8ad9fecc202,平滑操舵：安全制御優先：仕切り壁予防：右壁の向き・離隔を保持 | target_deg=3.616,,250.0,110.81195091745063,72.15579366774602,59.56448978095602,44.750667562625914,0,102.6,45.18205756916677,4
102.65,644.7047122679284,553.2536071960822,-87.18944057119347,27.99707877393071,0.39701220458403097,35.0,1.2406631393250969,418,436,375,435,35.0,NEUTRAL,program,sonic_drive_smooth.py,function,bc4a84a5f90dcb414fa9a95aff361c8d4412f04ffa11cdb071a0b8ad9fecc202,平滑操舵：安全制御優先：仕切り壁予防：右壁の向き・離隔を保持 | target_deg=0.992,,249.5989334329783,108.12739732568083,72.95954233889336,58.320388994237504,42.07327647265739,0,102.65,45.12194778833327,4
102.7,643.3064684559444,553.3211390037495,-87.28102466789338,27.997737103277046,1.1217277414681628,35.0,3.5053991920880088,418,438,375,435,35.0,NEUTRAL,program,sonic_drive_smooth.py,function,bc4a84a5f90dcb414fa9a95aff361c8d4412f04ffa11cdb071a0b8ad9fecc202,平滑操舵：安全制御優先：仕切り壁予防：右壁の向き・離隔を保持 | target_deg=2.802,,250.0,107.05249501616954,68.70727277614516,59.96934916828865,46.73003778167928,0,102.7,45.075997127680694,4
102.75,641.9080735084112,553.3860789608002,-87.40128706825003,27.99824707110737,1.4601149497550634,35.0,4.562859217984573,418,439,375,435,35.0,NEUTRAL,program,sonic_drive_smooth.py,function,bc4a84a5f90dcb414fa9a95aff361c8d4412f04ffa11cdb071a0b8ad9fecc202,平滑操舵：安全制御優先：仕切り壁予防：右壁の向き・離隔を保持 | target_deg=3.646,,248.4727264919247,109.69693752572887,69.38291040599408,61.231688595707666,47.69021306789823,0,102.75,45.03943748636891,4
102.8,640.5095177403834,553.4479573739568,-87.53197013088129,27.998642112266356,1.5865459626857779,35.0,4.957956133393056,418,440,375,435,35.0,NEUTRAL,program,sonic_drive_smooth.py,function,bc4a84a5f90dcb414fa9a95aff361c8d4412f04ffa11cdb071a0b8ad9fecc202,平滑操舵：安全制御優先：仕切り壁予防：右壁の向き・離隔を保持 | target_deg=3.961,,250.0,108.12159978542033,73.11117754120224,60.58417977272215,47.00627404611708,0,102.8,45.00845158937534,4
102.85,639.1108096758079,553.5067004993714,-87.65822507361347,27.99894812670101,1.532794193576714,35.0,4.789981854927231,418,440,375,435,35.0,NEUTRAL,program,sonic_drive_smooth.py,function,bc4a84a5f90dcb414fa9a95aff361c8d4412f04ffa11cdb071a0b8ad9fecc202,平滑操舵：安全制御優先：仕切り壁予防：右壁の向き・離隔を保持 | target_deg=3.827,,249.6331338102308,106.92328343945675,71.51546437402777,59.99383911402551,46.186715893915824,0,102.85,44.97960654812812,4
102.9,637.711990570392,553.5630713928441,-87.72571681073056,27.999185177529984,0.8101902776263306,35.0,2.531844617582283,418,437,375,435,35.0,NEUTRAL,program,sonic_drive_smooth.py,function,bc4a84a5f90dcb414fa9a95aff361c8d4412f04ffa11cdb071a0b8ad9fecc202,平滑操舵：安全制御優先：仕切り壁予防：右壁の向き・離隔を保持 | target_deg=2.025,,246.4420560369543,107.59629083846642,70.94073925306535,63.09810990263659,46.99505392892303,0,102.9,44.93923923470766,4
102.95,636.3130484403122,553.6165563312762,-87.90782427343468,27.99936880643488,2.410190277626331,35.0,7.5318446175822835,418,442,375,435,35.0,NEUTRAL,program,sonic_drive_smooth.py,function,bc4a84a5f90dcb414fa9a95aff361c8d4412f04ffa11cdb071a0b8ad9fecc202,平滑操舵：安全制御優先：仕切り壁予防：右壁の向き・離隔を保持 | target_deg=6.007,,250.0,108.2113477828024,73.5451544911582,59.66526410902628,49.359245277559936,0,102.95,44.929008413263205,4
103.0,634.9144623272105,553.6661677734994,-88.02454593128515,27.98273109530869,1.3523672068571455,34.9069271919231,4.2261475214285795,418,439,375,435,34.9069271919231,NEUTRAL,program,sonic_drive_smooth.py,function,bc4a84a5f90dcb414fa9a95aff361c8d4412f04ffa11cdb071a0b8ad9fecc202,平滑操舵：安全制御優先：仕切り壁予防：右壁の向き・離隔を保持 | target_deg=3.378,,248.90626383605675,111.09899529384994,73.10941607992075,59.83499864482444,44.39703502831639,0,103.0,44.907176501065464,4
103.05,633.5159900250734,553.7129278970642,-88.14533178732205,27.986622826543346,1.4671465053310542,35.0,4.584832829159544,418,439,375,435,35.0,NEUTRAL,program,sonic_drive_smooth.py,function,bc4a84a5f90dcb414fa9a95aff361c8d4412f04ffa11cdb071a0b8ad9fecc202,平滑操舵：安全制御優先：仕切り壁予防：右壁の向き・離隔を保持 | target_deg=3.664,,250.0,105.69751087383172,72.91929584203086,58.536549359600684,45.10461679548421,0,103.05,44.88920895376657,4
103.1,632.117279574151,553.7575530126429,-88.19766394038778,27.98963751477652,0.6027422508204276,35.0,1.8835695338138363,418,436,375,435,35.0,NEUTRAL,program,sonic_drive_smooth.py,function,bc4a84a5f90dcb414fa9a95aff361c8d4412f04ffa11cdb071a0b8ad9fecc202,平滑操舵：安全制御優先：仕切り壁予防：右壁の向き・離隔を保持 | target_deg=1.507,,250.0,106.84823536320722,74.91518910952885,58.356458302002494,42.59802507471366,0,103.1,44.85707304666664,4
103.15,630.7184082545847,553.8012097839081,-88.22725792851004,27.991972810971255,0.35946578108261834,35.0,1.1233305658831823,418,436,375,435,35.0,NEUTRAL,program,sonic_drive_smooth.py,function,bc4a84a5f90dcb414fa9a95aff361c8d4412f04ffa11cdb071a0b8ad9fecc202,平滑操舵：安全制御優先：仕切り壁予防：右壁の向き・離隔を保持 | target_deg=0.899,,248.54539849360194,110.63537115607818,72.25034622017877,59.04785727091772,43.740576757985835,0,103.15,44.820482814120055,4
103.2,629.3193961353361,553.8435664357208,-88.30441433274748,27.99378182334512,0.9370477329179917,35.0,2.928274165368724,418,438,375,435,35.0,NEUTRAL,program,sonic_drive_smooth.py,function,bc4a84a5f90dcb414fa9a95aff361c8d4412f04ffa11cdb071a0b8ad9fecc202,平滑操舵：安全制御優先：仕切り壁予防：右壁の向き・離隔を保持 | target_deg=2.342,,246.18768538373757,108.27060877882825,72.89302891753513,59.06543108283069,45.552453240230946,0,103.2,44.79656287076466,4
103.25,627.9202246826521,553.8831400705633,-88.4591634370079,27.99518315555136,1.9337855425125456,35.0,6.043079820351705,418,441,375,435,35.0,NEUTRAL,program,sonic_drive_smooth.py,function,bc4a84a5f90dcb414fa9a95aff361c8d4412f04ffa11cdb071a0b8ad9fecc202,平滑操舵：安全制御優先：仕切り壁予防：右壁の向き・離隔を保持 | target_deg=4.825,,250.0,105.55034338710576,74.83052052761629,60.01541426252455,48.121947456796725,0,103.25,44.79402377254962,4
103.3,626.520876526446,553.9183581517143,-88.65746328835104,27.996268682649244,2.4068679086752938,35.0,7.521462214610294,418,442,375,435,35.0,NEUTRAL,program,sonic_drive_smooth.py,function,bc4a84a5f90dcb414fa9a95aff361c8d4412f04ffa11cdb071a0b8ad9fecc202,平滑操舵：安全制御優先：仕切り壁予防：右壁の向き・離隔を保持 | target_deg=5.999,,250.0,111.41633465303046,70.7083381275099,58.55976478982208,46.72477169017792,0,103.3,44.806373356521476,4
103.35,625.1218919812699,553.949979385677,-88.74035833194623,27.980657187253342,0.806867908675294,34.9087441124432,2.5214622146102936,418,437,375,435,34.9087441124432,NEUTRAL,program,sonic_drive_smooth.py,function,bc4a84a5f90dcb414fa9a95aff361c8d4412f04ffa11cdb071a0b8ad9fecc202,平滑操舵：安全制御優先：仕切り壁予防：右壁の向き・離隔を保持 | target_deg=2.016,,249.05354136993293,109.40192498316732,75.28163794337563,62.60807219419988,41.28342897575676,0,103.35,44.79467346546903,4
103.4,623.7230754711215,553.9811807823614,-88.69153735716785,27.985016295713194,-0.7931320913247061,35.0,-2.4785377853897064,418,432,375,435,35.0,NEUTRAL,program,sonic_drive_smooth.py,function,bc4a84a5f90dcb414fa9a95aff361c8d4412f04ffa11cdb071a0b8ad9fecc202,平滑操舵：安全制御優先：仕切り壁予防：右壁の向き・離隔を保持 | target_deg=-1.982,,250.0,107.4375207493905,71.75974039507136,63.63821844919425,43.36020750456298,0,103.4,44.75173679483282,4
103.45,622.324128164755,554.0148500774216,-88.54699289923828,27.98839303274581,-1.8145599416693659,35.0,-5.6704998177167685,418,429,375,435,35.0,NEUTRAL,program,sonic_drive_smooth.py,function,bc4a84a5f90dcb414fa9a95aff361c8d4412f04ffa11cdb071a0b8ad9fecc202,平滑操舵：安全制御優先：仕切り壁予防：右壁の向き・離隔を保持 | target_deg=-4.528,,250.0,108.04459591450181,74.11221793784007,62.07019655398483,44.05493743650414,0,103.45,44.68336677919331,4
103.5,620.9251099237598,554.0515103924688,-88.4509007839101,27.991008786194584,-1.1670893896138714,35.0,-3.6471543425433484,418,431,375,435,35.0,NEUTRAL,program,sonic_drive_smooth.py,function,bc4a84a5f90dcb414fa9a95aff361c8d4412f04ffa11cdb071a0b8ad9fecc202,平滑操舵：安全制御優先：仕切り壁予防：右壁の向き・離隔を保持 | target_deg=-2.916,,250.0,104.29917076874214,72.07402602381161,60.505519312799414,44.354632350516006,0,103.5,44.62367411889488,4
103.55,619.5260598907967,554.0911422174312,-88.30385543739683,27.993035051799126,-1.7854679213390592,35.0,-5.57958725418456,418,429,375,435,35.0,NEUTRAL,program,sonic_drive_smooth.py,function,bc4a84a5f90dcb414fa9a95aff361c8d4412f04ffa11cdb071a0b8ad9fecc202,平滑操舵：安全制御優先：仕切り壁予防：右壁の向き・離隔を保持 | target_deg=-4.456,,250.0,103.64606968312427,75.96185286648327,62.75065139604263,43.59266730481849,0,103.55,44.548853471749226,4
103.6,618.1270288959568,554.1343735440405,-88.15628786801986,27.99460467691118,-1.7916928110552757,35.0,-5.599040034547737,418,429,375,435,35.0,NEUTRAL,program,sonic_drive_smooth.py,function,bc4a84a5f90dcb414fa9a95aff361c8d4412f04ffa11cdb071a0b8ad9fecc202,平滑操舵：安全制御優先：仕切り壁予防：右壁の向き・離隔を保持 | target_deg=-4.472,,250.0,105.61860964677894,76.92610859656463,62.50710143957905,44.25415184619964,0,103.6,44.47037728376995,4
103.65,616.7280213637691,554.1804723312025,-88.07026834906827,27.995820570319662,-1.0284916776782205,35.0,-3.2140364927444387,418,431,375,435,35.0,NEUTRAL,program,sonic_drive_smooth.py,function,bc4a84a5f90dcb414fa9a95aff361c8d4412f04ffa11cdb071a0b8ad9fecc202,平滑操舵：安全制御優先：仕切り壁予防：右壁の向き・離隔を保持 | target_deg=-2.570,,250.0,110.0981032681075,70.55450791304676,62.315573751942786,46.147471507160525,0,103.65,44.40376564890528,4
103.7,615.3289899260712,554.2274355593894,-88.09510862399907,27.996762449224015,0.4667389619951554,35.0,1.4585592562348606,418,436,375,435,35.0,NEUTRAL,program,sonic_drive_smooth.py,function,bc4a84a5f90dcb414fa9a95aff361c8d4412f04ffa11cdb071a0b8ad9fecc202,平滑操舵：安全制御優先：仕切り壁予防：右壁の向き・離隔を保持 | target_deg=1.167,,247.9599408522791,109.06032865412402,72.75274764229277,59.09050053254976,46.363643907821775,0,103.7,44.36272359511656,4
103.75,613.9298917402789,554.2736165645986,-88.12386098198127,27.99749206570543,0.3491663309260295,35.0,1.0911447841438422,418,436,375,435,35.0,NEUTRAL,program,sonic_drive_smooth.py,function,bc4a84a5f90dcb414fa9a95aff361c8d4412f04ffa11cdb071a0b8ad9fecc202,平滑操舵：安全制御優先：仕切り壁予防：右壁の向き・離隔を保持 | target_deg=0.873,,250.0,110.8144955400184,74.23729113196883,60.738495688034405,45.29326726220644,0,103.75,44.323398742033646,4
103.8,612.5307548217125,554.319579275179,-88.11307253502899,27.998057255357182,-0.13101247919049627,35.0,-0.40941399747030083,418,434,375,435,35.0,NEUTRAL,program,sonic_drive_smooth.py,function,bc4a84a5f90dcb414fa9a95aff361c8d4412f04ffa11cdb071a0b8ad9fecc202,平滑操舵：安全制御優先：仕切り壁予防：右壁の向き・離隔を保持 | target_deg=-0.328,,248.45108152133173,106.47684034463633,73.07547407122041,60.16708829126969,43.73604450145254,0,103.8,44.27486316046475,4
103.85,611.1316347397427,554.3667764246861,-88.01791255195035,27.998495073513144,-1.226965723699932,35.0,-3.8342678865622877,418,430,375,435,35.0,NEUTRAL,program,sonic_drive_smooth.py,function,bc4a84a5f90dcb414fa9a95aff361c8d4412f04ffa11cdb071a0b8ad9fecc202,平滑操舵：安全制御優先：仕切り壁予防：右壁の向き・離隔を保持 | target_deg=-3.065,,248.06744034138134,108.3307687675106,73.82481832138272,58.011243028961175,39.853524085588006,0,103.85,44.204987952007855,4
103.9,609.7325773736234,554.4163350610992,-87.92462130372449,27.998834224693805,-1.1327273038799905,35.0,-3.5397728246249702,418,431,375,435,35.0,NEUTRAL,program,sonic_drive_smooth.py,function,bc4a84a5f90dcb414fa9a95aff361c8d4412f04ffa11cdb071a0b8ad9fecc202,平滑操舵：安全制御優先：仕切り壁予防：右壁の向き・離隔を保持 | target_deg=-2.830,,250.0,109.11594371914451,69.62794374165539,62.935433283750065,45.54748950967331,0,103.9,44.133224661683016,4
103.95,608.3335918515027,554.4682774910079,-87.82270338393243,27.999096944550843,-1.2374268243860524,35.0,-3.866958826206414,418,430,375,435,35.0,NEUTRAL,program,sonic_drive_smooth.py,function,bc4a84a5f90dcb414fa9a95aff361c8d4412f04ffa11cdb071a0b8ad9fecc202,平滑操舵：安全制御優先：仕切り壁予防：右壁の向き・離隔を保持 | target_deg=-3.091,,248.69204173639648,107.96284470277088,77.79531120326114,62.145741318680734,44.51525193359446,0,103.95,44.05705612721954,4
104.0,606.934670378837,554.5222155397038,-87.76119102485133,27.999300457695476,-0.7469142873413992,35.0,-2.3341071479418725,418,432,375,435,35.0,NEUTRAL,program,sonic_drive_smooth.py,function,bc4a84a5f90dcb414fa9a95aff361c8d4412f04ffa11cdb071a0b8ad9fecc202,平滑操舵：安全制御優先：仕切り壁予防：右壁の向き・離隔を保持 | target_deg=-1.867,,249.38248280576877,110.75018587425514,74.0638829911117,59.4395350319626,43.77126765102688,0,104.0,43.98851257100682,4
104.05,605.5357959806512,554.5775839801427,-87.70556015051663,27.99945810698969,-0.6755010403746177,35.0,-2.11094075117068,418,432,375,435,35.0,NEUTRAL,program,sonic_drive_smooth.py,function,bc4a84a5f90dcb414fa9a95aff361c8d4412f04ffa11cdb071a0b8ad9fecc202,平滑操舵：安全制御優先：仕切り壁予防：右壁の向き・離隔を保持 | target_deg=-1.688,,249.01550238297335,108.26658856898575,73.11913517317593,59.770107951680636,43.532070953488976,0,104.05,43.91994558445276,4
104.1,604.1369302945072,554.6333442264811,-87.73397461697621,27.9995802283397,0.4158057105049792,35.0,1.29939284532806,418,436,375,435,35.0,NEUTRAL,program,sonic_drive_smooth.py,function,bc4a84a5f90dcb414fa9a95aff361c8d4412f04ffa11cdb071a0b8ad9fecc202,平滑操舵：安全制御優先：仕切り壁予防：右壁の向き・離隔を保持 | target_deg=1.039,,250.0,109.73409813029717,77.04048489508502,59.3560519397843,45.90128759788235,0,104.1,43.87092549002193,4
104.15,602.7380236716847,554.6882023377525,-87.77461974852127,27.999674828345373,0.49354221073162674,35.0,1.5423194085363336,418,436,375,435,35.0,NEUTRAL,program,sonic_drive_smooth.py,function,bc4a84a5f90dcb414fa9a95aff361c8d4412f04ffa11cdb071a0b8ad9fecc202,平滑操舵：安全制御優先：仕切り壁予防：右壁の向き・離隔を保持 | target_deg=1.234,,248.34387193181686,113.31628863466581,73.30967423520569,60.26504565323493,45.34580692909159,0,104.15,43.82571325602703,4
104.2,601.3390971664406,554.7426569329208,-87.76704159456563,27.999748109234204,-0.09202128497222589,35.0,-0.2875665155382059,418,434,375,435,35.0,NEUTRAL,program,sonic_drive_smooth.py,function,bc4a84a5f90dcb414fa9a95aff361c8d4412f04ffa11cdb071a0b8ad9fecc202,平滑操舵：安全制御優先：仕切り壁予防：右壁の向き・離隔を保持 | target_deg=-0.230,,250.0,110.41288217499195,73.08955813113474,58.63777790802229,42.39403013320454,0,104.2,43.769459815815594,4
104.25,599.9401428704608,554.7964734226919,-87.82940518676507,27.999804875495787,0.79374994122537,35.0,2.4804685663292814,418,437,375,435,35.0,NEUTRAL,program,sonic_drive_smooth.py,function,bc4a84a5f90dcb414fa9a95aff361c8d4412f04ffa11cdb071a0b8ad9fecc202,平滑操舵：安全制御優先：仕切り壁予防：右壁の向き・離隔を保持 | target_deg=1.984,,250.0,110.5335894103855,71.62801161657966,58.92226793300799,45.68897317960299,0,104.25,43.730452206139375,4
104.3,598.5411050948617,554.8481367762569,-87.94090531401869,27.999848848876915,1.3536863348515609,35.0,4.230269796411128,418,439,375,435,35.0,NEUTRAL,program,sonic_drive_smooth.py,function,bc4a84a5f90dcb414fa9a95aff361c8d4412f04ffa11cdb071a0b8ad9fecc202,平滑操舵：安全制御優先：仕切り壁予防：右壁の向き・離隔を保持 | target_deg=3.381,,250.0,109.31078208045028,75.75583912139211,58.77798830965506,45.78179550136243,0,104.3,43.70529677046841,4
104.35,597.1419248682981,554.8958207728082,-88.16786079852498,27.999882912389186,2.9536863348515614,35.0,9.230269796411129,418,444,375,435,35.0,NEUTRAL,program,sonic_drive_smooth.py,function,bc4a84a5f90dcb414fa9a95aff361c8d4412f04ffa11cdb071a0b8ad9fecc202,平滑操舵：安全制御優先：仕切り壁予防：右壁の向き・離隔を保持 | target_deg=7.350,,250.0,113.24159789839248,75.2461207894773,57.68499919349614,48.145422315320154,0,104.35,43.71169161903424,4
104.4,595.7447035362999,554.9383810764824,-88.34001166843511,27.929543198540618,2.053730304383959,34.60970278562805,6.417907201199872,418,441,375,435,34.60970278562805,NEUTRAL,program,sonic_drive_smooth.py,function,bc4a84a5f90dcb414fa9a95aff361c8d4412f04ffa11cdb071a0b8ad9fecc202,平滑操舵：安全制御優先：仕切り壁予防：右壁の向き・離隔を保持 | target_deg=5.123,,250.0,112.162794550788,71.86089865954645,57.072275842297444,43.16044624658118,0,104.4,43.71026066487843,4
104.45,594.3483100058261,554.9780417089588,-88.39373245559793,27.945421387680867,0.45373030438395917,35.0,1.4179072011998723,418,436,375,435,35.0,NEUTRAL,program,sonic_drive_smooth.py,function,bc4a84a5f90dcb414fa9a95aff361c8d4412f04ffa11cdb071a0b8ad9fecc202,平滑操舵：安全制御優先：仕切り壁予防：右壁の向き・離隔を保持 | target_deg=1.134,,249.89220843899128,109.22782080573776,74.06793655107565,61.31843106765242,42.03579093146233,0,104.45,43.68345395102506,4
104.5,592.9512347977536,555.0178574246039,-88.33439788947398,27.95772125811872,-0.823381067818011,35.0,-2.5730658369312844,418,432,375,435,35.0,NEUTRAL,program,sonic_drive_smooth.py,function,bc4a84a5f90dcb414fa9a95aff361c8d4412f04ffa11cdb071a0b8ad9fecc202,平滑操舵：安全制御優先：仕切り壁予防：右壁の向き・離隔を保持 | target_deg=-2.058,,250.0,105.1360538415941,75.874862912989,62.37225616920221,44.61880211365368,0,104.5,43.6294416201149,4
104.55,591.5536982948843,555.0600581837921,-88.20529844382214,27.96724922201004,-1.5851363787731318,35.0,-4.953551183666037,418,429,375,435,35.0,NEUTRAL,program,sonic_drive_smooth.py,function,bc4a84a5f90dcb414fa9a95aff361c8d4412f04ffa11cdb071a0b8ad9fecc202,平滑操舵：安全制御優先：仕切り壁予防：右壁の向き・離隔を保持 | target_deg=-3.958,,248.77721835418677,107.49884129727182,73.35706970131122,58.52301759849489,40.30140925624343,0,104.55,43.55639059810733,4
104.6,590.1558096372378,555.1041977362996,-88.19006787220681,27.9746299579595,0.014863621226868134,35.0,0.04644881633396292,418,435,375,435,35.0,NEUTRAL,program,sonic_drive_smooth.py,function,bc4a84a5f90dcb414fa9a95aff361c8d4412f04ffa11cdb071a0b8ad9fecc202,平滑操舵：安全制御優先：仕切り壁予防：右壁の向き・離隔を保持 | target_deg=0.037,,245.18553401347592,112.06316912904289,75.59786089565694,57.94629819095539,45.5392431402675,0,104.6,43.50861496064226,4
104.65,588.7576282772638,555.1491591039248,-88.12424627948997,27.980347366608076,-0.8294387405086735,35.0,-2.5919960640896047,418,432,375,435,35.0,NEUTRAL,program,sonic_drive_smooth.py,function,bc4a84a5f90dcb414fa9a95aff361c8d4412f04ffa11cdb071a0b8ad9fecc202,平滑操舵：安全制御優先：仕切り壁予防：右壁の向き・離隔を保持 | target_deg=-2.073,,248.82875668288122,105.90505744364681,71.7600593239031,58.397853320115225,40.69413420233847,0,104.65,43.447948096817754,4
104.7,587.3592137389355,555.1945519279432,-88.16923331143579,27.984776296443624,0.7345626886462966,35.0,2.295508402019677,418,437,375,435,35.0,NEUTRAL,program,sonic_drive_smooth.py,function,bc4a84a5f90dcb414fa9a95aff361c8d4412f04ffa11cdb071a0b8ad9fecc202,平滑操舵：安全制御優先：仕切り壁予防：右壁の向き・離隔を保持 | target_deg=1.836,,249.9319430657118,107.05815929065814,75.4023582250658,60.88963757291834,48.15870120332252,0,104.7,43.4132880049101,4
104.75,585.960563721666,555.2385655367087,-88.22591620663614,27.98820711986274,0.6885825856696787,35.0,2.1518205802177457,418,437,375,435,35.0,NEUTRAL,program,sonic_drive_smooth.py,function,bc4a84a5f90dcb414fa9a95aff361c8d4412f04ffa11cdb071a0b8ad9fecc202,平滑操舵：安全制御優先：仕切り壁予防：右壁の向き・離隔を保持 | target_deg=1.721,,249.50706710009655,111.37582755757914,74.18764055294217,57.6648093587615,43.24506644030986,0,104.75,43.38280662083844,4
104.8,584.5617615351638,555.2824542486155,-88.16734502026928,27.9908647707559,-0.9114174143303214,35.0,-2.8481794197822543,418,432,375,435,35.0,NEUTRAL,program,sonic_drive_smooth.py,function,bc4a84a5f90dcb414fa9a95aff361c8d4412f04ffa11cdb071a0b8ad9fecc202,平滑操舵：安全制御優先：仕切り壁予防：右壁の向き・離隔を保持 | target_deg=-2.278,,250.0,110.57678629691678,77.2993135163663,60.590521522763005,40.893162739782696,0,104.8,43.324935057750736,4
104.85,583.1629064967556,555.3282748262279,-88.08046150086777,27.99292349177038,-1.0551922895218784,35.0,-3.29747590475587,418,431,375,435,35.0,NEUTRAL,program,sonic_drive_smooth.py,function,bc4a84a5f90dcb414fa9a95aff361c8d4412f04ffa11cdb071a0b8ad9fecc202,平滑操舵：安全制御優先：仕切り壁予防：右壁の向き・離隔を保持 | target_deg=-2.636,,250.0,107.74283406992133,76.4755908117011,58.61246859188154,42.26328329471927,0,104.85,43.25839265675404,4
104.9,581.7640077993321,555.3754621708206,-88.05705700877262,27.994518258120756,-0.263403786235327,35.0,-0.8231368319853969,418,434,375,435,35.0,NEUTRAL,program,sonic_drive_smooth.py,function,bc4a84a5f90dcb414fa9a95aff361c8d4412f04ffa11cdb071a0b8ad9fecc202,平滑操舵：安全制御優先：仕切り壁予防：右壁の向き・離隔を保持 | target_deg=-0.658,,247.52065522726176,109.21755326490252,76.62034833973217,57.16802345766018,42.885297965602305,0,104.9,43.20562742439813,4
104.95,580.3650860180245,555.4239856196382,-87.96763788761527,27.99575362692226,-1.1170120812489481,35.0,-3.4906627539029627,418,431,375,435,35.0,NEUTRAL,program,sonic_drive_smooth.py,function,bc4a84a5f90dcb414fa9a95aff361c8d4412f04ffa11cdb071a0b8ad9fecc202,平滑操舵：安全制御優先：仕切り壁予防：右壁の向き・離隔を保持 | target_deg=-2.791,,250.0,112.47537164126348,73.84118683907597,62.08429984995293,43.60969055611757,0,104.95,43.135809211349624,4
105.0,578.9661453388499,555.4734971413468,-87.99090421604865,27.996710592232805,0.48232789949907984,35.0,1.5072746859346244,418,436,375,435,35.0,NEUTRAL,program,sonic_drive_smooth.py,function,bc4a84a5f90dcb414fa9a95aff361c8d4412f04ffa11cdb071a0b8ad9fecc202,平滑操舵：安全制御優先：仕切り壁予防：右壁の向き・離隔を保持 | target_deg=1.206,,249.52995633590902,109.75674056497714,78.1927321745077,55.12376506066735,43.176388540473326,0,105.0,43.0918360047649,4
105.05,577.5671423380923,555.5224132236008,-88.00403823985793,27.997451895238406,0.15950035020490275,35.0,0.4984385943903211,418,435,375,435,35.0,NEUTRAL,program,sonic_drive_smooth.py,function,bc4a84a5f90dcb414fa9a95aff361c8d4412f04ffa11cdb071a0b8ad9fecc202,平滑操舵：安全制御優先：仕切り壁予防：右壁の向き・離隔を保持 | target_deg=0.399,,250.0,106.46371615574762,71.36612011439132,56.50884076008316,41.32777622332973,0,105.05,43.04604710809315,4
105.1,576.1680534380652,555.5697544882046,-88.13249351067921,27.998026137731898,1.7595003502049027,35.0,5.498438594390321,418,440,375,435,35.0,NEUTRAL,program,sonic_drive_smooth.py,function,bc4a84a5f90dcb414fa9a95aff361c8d4412f04ffa11cdb071a0b8ad9fecc202,平滑操舵：安全制御優先：仕切り壁予防：右壁の向き・離隔を保持 | target_deg=4.392,,250.0,109.10677718066898,74.43062303570952,56.56928046833111,45.79539071476608,0,105.1,43.02931980452604,4
105.15,574.7688455122397,555.6142296023103,-88.22633407265742,27.99847096857549,1.139411711318761,35.0,3.5606615978711282,418,438,375,435,35.0,NEUTRAL,program,sonic_drive_smooth.py,function,bc4a84a5f90dcb414fa9a95aff361c8d4412f04ffa11cdb071a0b8ad9fecc202,平滑操舵：安全制御優先：仕切り壁予防：右壁の向き・離隔を保持 | target_deg=2.847,,250.0,112.01560529129272,73.29747498757902,59.60664003684415,44.606985373369774,0,105.15,43.00724235264556,4
105.2,573.3695426175784,555.6562526066066,-88.33335667781199,27.998815552060076,1.2993986973277825,35.0,4.06062092914932,418,439,375,435,35.0,NEUTRAL,program,sonic_drive_smooth.py,function,bc4a84a5f90dcb414fa9a95aff361c8d4412f04ffa11cdb071a0b8ad9fecc202,平滑操舵：安全制御優先：仕切り壁予防：右壁の向き・離隔を保持 | target_deg=3.246,,250.0,110.46791094550558,78.16966221914126,58.29004360641637,44.75741287049198,0,105.2,42.99079741338551,4
105.25,571.9701827087092,555.696855470421,-88.33270506802586,27.999082479993607,-0.16157352352010435,35.0,-0.5049172610003261,418,434,375,435,35.0,NEUTRAL,program,sonic_drive_smooth.py,function,bc4a84a5f90dcb414fa9a95aff361c8d4412f04ffa11cdb071a0b8ad9fecc202,平滑操舵：安全制御優先：仕切り壁予防：右壁の向き・離隔を保持 | target_deg=-0.404,,248.4164375875013,110.34919668255215,72.44444305864192,61.16383407638986,43.22180096732059,0,105.25,42.9500387069744,4
105.3,570.5708293805376,555.738077053342,-88.29267913334243,27.99928925287997,-0.48603130747456363,35.0,-1.5188478358580113,418,433,375,435,35.0,NEUTRAL,program,sonic_drive_smooth.py,function,bc4a84a5f90dcb414fa9a95aff361c8d4412f04ffa11cdb071a0b8ad9fecc202,平滑操舵：安全制御優先：仕切り壁予防：右壁の向き・離隔を保持 | target_deg=-1.215,,250.0,250.0,75.69167556102266,58.61196337145207,42.27697480750421,0,105.3,42.89924688093072,4
105.35,569.1715179255849,555.7809841458773,-88.19409199826929,27.99944942729846,-1.2058381057226135,35.0,-3.768244080383167,418,431,375,435,35.0,NEUTRAL,program,sonic_drive_smooth.py,function,bc4a84a5f90dcb414fa9a95aff361c8d4412f04ffa11cdb071a0b8ad9fecc202,平滑操舵：安全制御優先：仕切り壁予防：右壁の向き・離隔を保持 | target_deg=-3.012,,248.25877889616348,250.0,71.2331851272181,59.48880092770382,41.600016240299915,0,105.35,42.83278918293843,4
105.4,567.7722801734078,555.8264433822944,-88.08430091509435,27.99957350470915,-1.332959550259514,35.0,-4.165498594560981,418,430,375,435,35.0,NEUTRAL,program,sonic_drive_smooth.py,function,bc4a84a5f90dcb414fa9a95aff361c8d4412f04ffa11cdb071a0b8ad9fecc202,平滑操舵：安全制御優先：仕切り壁予防：右壁の向き・離隔を保持 | target_deg=-3.329,,250.0,250.0,72.09390077263767,59.869484087885205,42.5558033951035,0,105.4,42.76113929780411,4
105.45,566.3730917377303,555.8735616002796,-88.06400385919981,27.999669619956443,-0.16249611722012275,35.0,-0.5078003663128836,418,434,375,435,35.0,NEUTRAL,program,sonic_drive_smooth.py,function,bc4a84a5f90dcb414fa9a95aff361c8d4412f04ffa11cdb071a0b8ad9fecc202,平滑操舵：安全制御優先：仕切り壁予防：右壁の向き・離隔を保持 | target_deg=-0.406,,249.9687229458519,247.03124365371352,69.89604490472269,57.91517812263207,44.13263600042961,0,105.45,42.709183424427806,4
105.5,564.9738688605257,555.919765563205,-88.16593390092025,27.999744074611087,1.4375038827798772,35.0,4.492199633687116,418,439,375,435,35.0,NEUTRAL,program,sonic_drive_smooth.py,function,bc4a84a5f90dcb414fa9a95aff361c8d4412f04ffa11cdb071a0b8ad9fecc202,平滑操舵：安全制御優先：仕切り壁予防：右壁の向き・離隔を保持 | target_deg=3.590,,247.06511182803132,249.18732070852164,75.96870076370313,52.279047584741605,43.42913743423068,0,105.5,42.68728699754513,4
105.55,563.574583151669,555.9641335443791,-88.19634906959989,27.99980175011788,0.28901684387483784,35.0,0.9031776371088682,418,435,375,435,35.0,NEUTRAL,program,sonic_drive_smooth.py,function,bc4a84a5f90dcb414fa9a95aff361c8d4412f04ffa11cdb071a0b8ad9fecc202,平滑操舵：安全制御優先：仕切り壁予防：右壁の向き・離隔を保持 | target_deg=0.723,,249.9845820096241,250.0,73.70434485418764,59.84936208162618,42.29404876380026,0,105.55,42.650178610833336,4
105.6,562.1753001264144,556.0086639668245,-88.15672916805076,27.999846427836143,-0.5017781930247591,35.0,-1.5680568532023722,418,433,375,435,35.0,NEUTRAL,program,sonic_drive_smooth.py,function,bc4a84a5f90dcb414fa9a95aff361c8d4412f04ffa11cdb071a0b8ad9fecc202,平滑操舵：安全制御優先：仕切り壁予防：右壁の向き・離隔を保持 | target_deg=-1.254,,249.43945084133966,250.0,75.6962440311292,59.61304233896618,42.46139257564014,0,105.6,42.596192157380415,4
105.65,560.7760874047084,556.0553973913062,-88.00723709410526,27.999881036955685,-1.971039691677979,35.0,-6.159499036493685,418,428,375,435,35.0,NEUTRAL,program,sonic_drive_smooth.py,function,bc4a84a5f90dcb414fa9a95aff361c8d4412f04ffa11cdb071a0b8ad9fecc202,平滑操舵：安全制御優先：仕切り壁予防：右壁の向き・離隔を保持 | target_deg=-4.917,,250.0,248.27644893377746,78.10667189318747,59.89834336067662,40.01326441425991,0,105.65,42.51382466479072,4
105.7,559.3770221259161,556.1063898057878,-87.81803641400212,27.99990784654226,-2.2962151342575283,35.0,-7.175672294554776,418,427,375,435,35.0,NEUTRAL,program,sonic_drive_smooth.py,function,bc4a84a5f90dcb414fa9a95aff361c8d4412f04ffa11cdb071a0b8ad9fecc202,平滑操舵：安全制御優先：仕切り壁予防：右壁の向き・離隔を保持 | target_deg=-5.724,,249.68336454180616,250.0,76.49425103479287,58.53172314651485,40.102458693340445,0,105.7,42.41783526063455,4
105.75,557.9783059978203,556.1621697084945,-87.61454591586943,27.994386067655626,-2.469727792020011,34.96925734845291,-7.717899350062535,418,426,375,435,34.96925734845291,NEUTRAL,program,sonic_drive_smooth.py,function,bc4a84a5f90dcb414fa9a95aff361c8d4412f04ffa11cdb071a0b8ad9fecc202,平滑操舵：安全制御優先：仕切り壁予防：右壁の向き・離隔を保持 | target_deg=-6.154,,247.60837601683895,249.18669523893968,75.78582477530821,58.765070940299765,40.2869112547189,0,105.75,42.31378798776677,4
105.8,556.5805246909275,556.2222769399946,-87.4608349787852,27.97300115204548,-1.8670648671041392,34.874367613739054,-5.834577709700435,418,428,375,435,34.874367613739054,NEUTRAL,program,sonic_drive_smooth.py,function,bc4a84a5f90dcb414fa9a95aff361c8d4412f04ffa11cdb071a0b8ad9fecc202,平滑操舵：安全制御優先：仕切り壁予防：右壁の向き・離隔を保持 | target_deg=-4.659,,247.31922919043566,248.67251560535735,76.93967590526613,59.9666968507961,42.98138652433393,0,105.8,42.217309350904316,4
105.85,555.1831052719255,556.2851639304963,-87.39050973761162,27.979085629420428,-0.7854371316134894,35.0,-2.454491036292154,418,432,375,435,35.0,NEUTRAL,program,sonic_drive_smooth.py,function,bc4a84a5f90dcb414fa9a95aff361c8d4412f04ffa11cdb071a0b8ad9fecc202,平滑操舵：安全制御優先：仕切り壁予防：右壁の向き・離隔を保持 | target_deg=-1.963,,248.4091806137479,249.80722576321514,77.07260923239733,57.75303144697209,43.155903662988926,0,105.85,42.13780729972825,4
105.9,553.7855006822688,556.3497588855845,-87.31702569347118,27.983798905143043,-0.8928101312480853,35.0,-2.7900316601502664,418,432,375,435,35.0,NEUTRAL,program,sonic_drive_smooth.py,function,bc4a84a5f90dcb414fa9a95aff361c8d4412f04ffa11cdb071a0b8ad9fecc202,平滑操舵：安全制御優先：仕切り壁予防：右壁の向き・離隔を保持 | target_deg=-2.231,,250.0,248.52203413585565,80.13666581206958,56.96245263928416,40.784352674847675,0,105.9,42.05586808945645,4
105.95,552.3877621647066,556.4158496973856,-87.26864793492527,27.987449994081082,-0.5877173788425581,35.0,-1.8366168088829942,418,433,375,435,35.0,NEUTRAL,program,sonic_drive_smooth.py,function,bc4a84a5f90dcb414fa9a95aff361c8d4412f04ffa11cdb071a0b8ad9fecc202,平滑操舵：安全制御優先：仕切り壁予防：右壁の向き・離隔を保持 | target_deg=-1.469,,247.2292102853201,249.39450461654,75.09359198497356,58.09924160345859,42.59568516510201,0,105.95,41.97836835231078,4
106.0,550.9898627161198,556.481874818927,-87.33552288741372,27.99027827131712,1.0122826211574418,35.0,3.163383191117006,418,438,375,435,35.0,NEUTRAL,program,sonic_drive_smooth.py,function,bc4a84a5f90dcb414fa9a95aff361c8d4412f04ffa11cdb071a0b8ad9fecc202,平滑操舵：安全制御優先：仕切り壁予防：右壁の向き・離隔を保持 | target_deg=2.529,,250.0,248.55208472202358,75.97413400777103,54.102064598032314,44.06006345791673,0,106.0,41.928116354709005,4
106.05,549.5916998302077,556.5448295348289,-87.51517289465296,27.992469166214413,2.281446170170934,35.0,7.1295192817841695,418,442,375,435,35.0,NEUTRAL,program,sonic_drive_smooth.py,function,bc4a84a5f90dcb414fa9a95aff361c8d4412f04ffa11cdb071a0b8ad9fecc202,平滑操舵：安全制御優先：仕切り壁予防：右壁の向き・離隔を保持 | target_deg=5.688,,247.8544944358288,250.0,74.79927783508893,54.76423022435101,43.67606551928991,0,106.05,41.90760559527894,4
106.1,548.193362770028,556.6030999034949,-87.71242166057802,27.99007992309283,2.3945363895088487,34.97733412568777,7.4829262172151525,418,442,375,435,34.97733412568777,NEUTRAL,program,sonic_drive_smooth.py,function,bc4a84a5f90dcb414fa9a95aff361c8d4412f04ffa11cdb071a0b8ad9fecc202,平滑操舵：安全制御優先：仕切り壁予防：右壁の向き・離隔を保持 | target_deg=5.968,,250.0,249.53982159061292,75.89123016149777,58.39606217054668,46.056356735981765,0,106.1,41.88825829249848,4
106.15,546.7953209742874,556.6577943418632,-87.79428722272162,27.977078959976556,0.7945363895088488,34.91548791198735,2.4829262172151525,418,437,375,435,34.91548791198735,NEUTRAL,program,sonic_drive_smooth.py,function,bc4a84a5f90dcb414fa9a95aff361c8d4412f04ffa11cdb071a0b8ad9fecc202,平滑操舵：安全制御優先：仕切り壁予防：右壁の向き・離隔を保持 | target_deg=1.986,,250.0,250.0,72.53029143485773,60.05381870584995,42.897138782763946,0,106.15,40.528176020775504,4
106.2,545.3972907612225,556.7101355961909,-87.91807467367346,27.98224445998855,1.5123803626813677,35.0,4.726188633379274,418,439,375,435,35.0,NEUTRAL,program,sonic_drive_smooth.py,function,bc4a84a5f90dcb414fa9a95aff361c8d4412f04ffa11cdb071a0b8ad9fecc202,平滑操舵：安全制御優先：仕切り壁予防：右壁の向き・離隔を保持 | target_deg=3.776,,248.8574981574469,250.0,76.76305198726972,52.605289892482745,41.19226483220724,0,106.2,39.17437623090374,4
106.25,543.9989350094493,556.7596716120044,-88.02427645572422,27.986245859665367,1.2900818491477712,35.0,4.031505778586785,418,439,375,435,35.0,NEUTRAL,program,sonic_drive_smooth.py,function,bc4a84a5f90dcb414fa9a95aff361c8d4412f04ffa11cdb071a0b8ad9fecc202,平滑操舵：安全制御優先：仕切り壁予防：右壁の向き・離隔を保持 | target_deg=3.222,,250.0,244.51792020300212,77.18022814673664,56.01725241184656,42.34003538558412,0,106.25,37.8193658367762,4
106.3,542.6003207725591,556.8067315581551,-88.12145213943829,27.98934550139152,1.180324395331098,35.0,3.688513735409681,418,438,375,435,35.0,NEUTRAL,program,sonic_drive_smooth.py,function,bc4a84a5f90dcb414fa9a95aff361c8d4412f04ffa11cdb071a0b8ad9fecc202,平滑操舵：安全制御優先：仕切り壁予防：右壁の向き・離隔を保持 | target_deg=2.949,,250.0,250.0,75.11845600499713,56.75989246493798,42.98013605069536,0,106.3,36.464459615418335,4
106.35,541.2015354031016,556.8526779989097,-88.10336638972795,27.991746605906567,-0.4196756046689021,35.0,-1.311486264590319,418,433,375,435,35.0,NEUTRAL,program,sonic_drive_smooth.py,function,bc4a84a5f90dcb414fa9a95aff361c8d4412f04ffa11cdb071a0b8ad9fecc202,平滑操舵：安全制御優先：仕切り壁予防：右壁の向き・離隔を保持 | target_deg=-1.049,,250.0,246.42098141721195,77.60914907846576,59.23303350065927,40.75698872669258,0,106.35,35.09799314977825,4
106.4,539.8026863375164,556.8998267320435,-88.03574369014717,27.99360659599624,-0.8212856745578541,35.0,-2.5665177329932938,418,432,375,435,35.0,NEUTRAL,program,sonic_drive_smooth.py,function,bc4a84a5f90dcb414fa9a95aff361c8d4412f04ffa11cdb071a0b8ad9fecc202,平滑操舵：安全制御優先：仕切り壁予防：右壁の向き・離隔を保持 | target_deg=-2.052,,249.13530646005714,248.50143702585692,73.11833757174851,56.82315608049162,40.61737269186758,0,106.4,33.72894474040588,4
106.45,538.403858511524,556.9498847108405,-87.85275233191865,27.995047417548154,-2.421285674557854,35.0,-7.566517732993294,418,427,375,435,35.0,NEUTRAL,program,sonic_drive_smooth.py,function,bc4a84a5f90dcb414fa9a95aff361c8d4412f04ffa11cdb071a0b8ad9fecc202,平滑操舵：安全制御優先：仕切り壁予防：右壁の向き・離隔を保持 | target_deg=-6.034,,250.0,250.0,74.70472082473694,57.27993985794777,37.223856937552554,0,106.45,32.35149132436134,4
106.5,537.0056724111726,557.0043316937362,-87.68717343267055,27.978289623625503,-2.010857921343876,34.900859396726176,-6.283931004199613,418,428,375,435,34.900859396726176,NEUTRAL,program,sonic_drive_smooth.py,function,bc4a84a5f90dcb414fa9a95aff361c8d4412f04ffa11cdb071a0b8ad9fecc202,平滑操舵：安全制御優先：仕切り壁予防：右壁の向き・離隔を保持 | target_deg=-5.016,,249.39073117625372,250.0,75.16142836724136,58.055215640646516,41.1046854785358,0,106.5,30.98222886326642,4
106.55,535.6078235806937,557.062579092653,-87.54063590965443,27.983182287715273,-1.7800040095070302,35.0,-5.562512529709469,418,429,375,435,35.0,NEUTRAL,program,sonic_drive_smooth.py,function,bc4a84a5f90dcb414fa9a95aff361c8d4412f04ffa11cdb071a0b8ad9fecc202,平滑操舵：安全制御優先：仕切り壁予防：右壁の向き・離隔を保持 | target_deg=-4.443,,250.0,249.26551652064927,75.181387705403,57.59119425431189,40.717978261216416,0,106.55,29.62140205776342,4
106.6,534.2098852586417,557.1236906582424,-87.45395263634836,27.98697233794509,-1.0409456369872234,35.0,-3.252955115585073,418,431,375,435,35.0,NEUTRAL,program,sonic_drive_smooth.py,function,bc4a84a5f90dcb414fa9a95aff361c8d4412f04ffa11cdb071a0b8ad9fecc202,平滑操舵：安全制御優先：仕切り壁予防：右壁の向き・離隔を保持 | target_deg=-2.601,,249.9874060683699,247.39973084399043,73.32568259832581,57.31266949938065,42.01818408697385,0,106.6,28.27279584553859,4
106.65,532.8119263746847,557.1879867719605,-87.27257198218912,27.9899082600687,-2.301171041187859,35.0,-7.1911595037120595,418,427,375,435,35.0,NEUTRAL,program,sonic_drive_smooth.py,function,bc4a84a5f90dcb414fa9a95aff361c8d4412f04ffa11cdb071a0b8ad9fecc202,平滑操舵：安全制御優先：仕切り壁予防：右壁の向き・離隔を保持 | target_deg=-5.737,,250.0,250.0,79.50042209263715,58.74529410858674,39.03864035745323,0,106.65,26.922755430909067,4
106.7,531.4141951798088,557.25593413715,-87.16586040342474,27.986151365277006,-1.2284444716705865,34.96654708685039,-3.8388889739705827,418,430,375,435,34.96654708685039,NEUTRAL,program,sonic_drive_smooth.py,function,bc4a84a5f90dcb414fa9a95aff361c8d4412f04ffa11cdb071a0b8ad9fecc202,平滑操舵：安全制御優先：仕切り壁予防：右壁の向き・離隔を保持 | target_deg=-3.069,,248.69484917659508,248.33857972761066,75.42609821392165,57.577835801405456,42.46564908532793,0,106.7,25.588482599822328,4
106.75,530.0165108470106,557.3252447389103,-87.16356661560702,27.98927230231802,0.07891507052804755,35.0,0.2466095954001486,418,435,375,435,35.0,NEUTRAL,program,sonic_drive_smooth.py,function,bc4a84a5f90dcb414fa9a95aff361c8d4412f04ffa11cdb071a0b8ad9fecc202,平滑操舵：安全制御優先：仕切り壁予防：右壁の向き・離隔を保持 | target_deg=0.197,,249.9302313715873,113.89010148481434,77.05649913840185,55.81614260003247,42.83946759692554,0,106.75,24.27156098048395,4
106.8,528.6186371742631,557.3934468579936,-87.2549526151384,27.991689903022365,1.182769483956797,35.0,3.696154637364991,418,438,375,435,35.0,NEUTRAL,program,sonic_drive_smooth.py,function,bc4a84a5f90dcb414fa9a95aff361c8d4412f04ffa11cdb071a0b8ad9fecc202,平滑操舵：安全制御優先：仕切り壁予防：右壁の向き・離隔を保持 | target_deg=2.955,,250.0,116.36451637682349,73.05229899448987,50.90306365734197,39.7024290884386,0,106.8,22.96986623631976,4
106.85,527.2205723022058,557.4598513927191,-87.30632651088028,27.993562671709725,0.6239611935983399,35.0,1.9498787299948122,418,437,375,435,35.0,NEUTRAL,program,sonic_drive_smooth.py,function,bc4a84a5f90dcb414fa9a95aff361c8d4412f04ffa11cdb071a0b8ad9fecc202,平滑操舵：安全制御優先：仕切り壁予防：右壁の向き・離隔を保持 | target_deg=1.560,,250.0,113.91169456584721,75.86104320616164,55.617605956306086,40.8499954004485,0,106.85,21.673798612923136,4
106.9,525.8223969512989,557.5256329415942,-87.30632651088028,27.995013392066507,0.0,35.0,0.0,418,435,375,435,35.0,NEUTRAL,program,sonic_drive_smooth.py,function,bc4a84a5f90dcb414fa9a95aff361c8d4412f04ffa11cdb071a0b8ad9fecc202,平滑操舵：Follow the Gap：目標が空き空間内 | target_deg=0.000 | gap_min_deg=-60.0 | gap_max_deg=60.0,,250.0,110.87182950318872,76.57915396560776,248.52742057404942,40.68028391848372,0,106.9,20.385350642407342,4
106.95,524.4241590070393,557.59141743537,-87.30632651088028,27.996137177170233,0.0,35.0,0.0,418,435,375,435,35.0,NEUTRAL,program,sonic_drive_smooth.py,function,bc4a84a5f90dcb414fa9a95aff361c8d4412f04ffa11cdb071a0b8ad9fecc202,平滑操舵：Follow the Gap：目標が空き空間内 | target_deg=0.000 | gap_min_deg=-60.0 | gap_max_deg=60.0,,249.27714740862962,112.47783956984941,77.23885221665421,250.0,42.374499694768595,0,106.95,19.110691808300103,4
107.0,523.0258725755049,557.6572042103819,-87.30632651088028,27.99700770535539,0.0,35.0,0.0,418,435,375,435,35.0,NEUTRAL,program,sonic_drive_smooth.py,function,bc4a84a5f90dcb414fa9a95aff361c8d4412f04ffa11cdb071a0b8ad9fecc202,平滑操舵：Follow the Gap：目標が空き空間内 | target_deg=0.000 | gap_min_deg=-60.0 | gap_max_deg=60.0,,250.0,113.13992288291124,76.68436974744141,250.0,45.149813248189055,0,107.0,17.852438619781722,4
107.05,521.6275485838181,557.7229927525292,-87.30632651088028,27.99768205076061,0.0,35.0,0.0,418,435,375,435,35.0,NEUTRAL,program,sonic_drive_smooth.py,function,bc4a84a5f90dcb414fa9a95aff361c8d4412f04ffa11cdb071a0b8ad9fecc202,平滑操舵：Follow the Gap：目標が空き空間内 | target_deg=0.000 | gap_min_deg=-60.0 | gap_max_deg=60.0,,249.6432555831721,111.38540915494646,76.69883118794017,248.57591853218904,42.20099599769449,0,107.05,16.613851532653907,4
107.1,520.2291954965588,557.7887826635689,-87.30632651088028,27.998204425260706,0.0,35.0,0.0,418,435,375,435,35.0,NEUTRAL,program,sonic_drive_smooth.py,function,bc4a84a5f90dcb414fa9a95aff361c8d4412f04ffa11cdb071a0b8ad9fecc202,平滑操舵：Follow the Gap：目標が空き空間内 | target_deg=0.000 | gap_min_deg=-60.0 | gap_max_deg=60.0,,249.16722505496804,115.19474491051098,74.88066600088608,249.04450245113463,42.7652148587055,0,107.1,15.399029708210357,4
107.15,518.8308198707232,557.8545736350067,-87.30632651088028,27.998609077114544,0.0,35.0,0.0,418,435,375,435,35.0,NEUTRAL,program,sonic_drive_smooth.py,function,bc4a84a5f90dcb414fa9a95aff361c8d4412f04ffa11cdb071a0b8ad9fecc202,平滑操舵：Follow the Gap：目標が空き空間内 | target_deg=0.000 | gap_min_deg=-60.0 | gap_max_deg=60.0,,250.0,116.3776270353348,76.68510947610056,248.05800406809414,41.32427510489012,0,107.15,14.213168997795918,4
107.2,517.4324267856192,557.9203654278706,-87.30632651088028,27.998922536371808,0.0,35.0,0.0,418,435,375,435,35.0,NEUTRAL,program,sonic_drive_smooth.py,function,bc4a84a5f90dcb414fa9a95aff361c8d4412f04ffa11cdb071a0b8ad9fecc202,平滑操舵：Follow the Gap：目標が空き空間内 | target_deg=0.000 | gap_min_deg=-60.0 | gap_max_deg=60.0,,249.0392592537375,114.96260681998865,78.73191000128179,250.0,38.20322720610652,0,107.2,13.062901337101476,4
107.25,516.0340201758786,557.9861578570435,-87.30632651088028,27.99916535425349,0.0,35.0,0.0,418,435,375,435,35.0,NEUTRAL,program,sonic_drive_smooth.py,function,bc4a84a5f90dcb414fa9a95aff361c8d4412f04ffa11cdb071a0b8ad9fecc202,平滑操舵：Follow the Gap：目標が空き空間内 | target_deg=0.000 | gap_min_deg=-60.0 | gap_max_deg=60.0,,250.0,115.53209107883123,75.31273886282486,250.0,43.44537375317255,0,107.25,11.956733360807531,4
107.3,514.7813366677501,558.0462630238809,-87.17667807920557,22.999165354253496,-2.24,4.0,-7.0,380,427,375,435,4.0,NEUTRAL,program,sonic_drive_smooth.py,function,bc4a84a5f90dcb414fa9a95aff361c8d4412f04ffa11cdb071a0b8ad9fecc202,接近回避優先：安全制御優先：仕切り端：検出側から離れて通過 | target_deg=-5.585,,246.12450302490433,13.070726751010469,76.07162402602634,248.22963150953038,41.242230850142974,0,107.3,11.017993962371554,4
107.35,513.7778568237683,558.0969136558537,-87.04421900453725,18.06115475532425,-2.24,0.0,-7.0,375,427,375,435,0.0,NEUTRAL,program,sonic_drive_smooth.py,function,bc4a84a5f90dcb414fa9a95aff361c8d4412f04ffa11cdb071a0b8ad9fecc202,安全停止：接近限界 | target_deg=0.000,,249.54974413987597,10.27426372381889,78.5585580935174,249.64304011943128,39.70817724125022,0,107.35,10.311726316855477,4
107.4,512.9987955161001,558.1378407578038,-86.941372249726,13.990881547396745,-2.24,0.0,-7.0,375,427,375,435,0.0,NEUTRAL,program,sonic_drive_smooth.py,function,bc4a84a5f90dcb414fa9a95aff361c8d4412f04ffa11cdb071a0b8ad9fecc202,安全停止：接近限界 | target_deg=0.000,,248.8420551493554,9.432335567848293,76.60523043761968,249.3768169356766,40.37965489873426,0,107.4,9.796009712604475,4
107.45,512.3953551854383,558.1705056755808,-86.86170310433683,10.837887672469178,-2.24,0.0,-7.0,375,427,375,435,0.0,NEUTRAL,program,sonic_drive_smooth.py,function,bc4a84a5f90dcb414fa9a95aff361c8d4412f04ffa11cdb071a0b8ad9fecc202,安全停止：接近限界 | target_deg=0.000,,250.0,13.16520346265302,79.27334399136164,248.2777157919393,39.885292462402084,0,107.45,9.418758987393176,4
107.5,511.92793810850833,558.1963859302739,-86.79998824771648,8.395454482488622,-2.24,0.0,-7.0,375,427,375,435,0.0,NEUTRAL,program,sonic_drive_smooth.py,function,bc4a84a5f90dcb414fa9a95aff361c8d4412f04ffa11cdb071a0b8ad9fecc202,安全停止：接近限界 | target_deg=0.000,,250.0,10.403334850600064,75.79918238217526,248.09483027233432,38.855805545645985,0,107.5,9.141208828360472,4
107.55,511.56587775778945,558.2167798456047,-86.75218149004307,6.503449574088464,-2.24,0.0,-7.0,375,427,375,435,0.0,NEUTRAL,program,sonic_drive_smooth.py,function,bc4a84a5f90dcb414fa9a95aff361c8d4412f04ffa11cdb071a0b8ad9fecc202,安全停止：接近限界 | target_deg=0.000,,249.09695579833667,9.364999548543611,77.89772862607244,247.6447922750589,37.7225385267957,0,107.55,8.935678095768672,4
107.6,511.2854233256442,558.2327854189546,-86.71514849338064,5.037828083152703,-2.24,0.0,-7.0,375,427,375,435,0.0,NEUTRAL,program,sonic_drive_smooth.py,function,bc4a84a5f90dcb414fa9a95aff361c8d4412f04ffa11cdb071a0b8ad9fecc202,安全停止：接近限界 | target_deg=0.000,,250.0,10.291262474322178,79.26332065067507,247.93548343082793,42.43760258426566,0,107.6,8.78246797314297,4
107.65,511.0681794259539,558.2453085614354,-86.686461276164,3.9024999742477915,-2.24,0.0,-7.0,375,427,375,435,0.0,NEUTRAL,program,sonic_drive_smooth.py,function,bc4a84a5f90dcb414fa9a95aff361c8d4412f04ffa11cdb071a0b8ad9fecc202,安全停止：接近限界 | target_deg=0.000,,246.3888014595791,7.799100816389042,77.65203982815754,250.0,42.206296226864325,0,107.65,8.667539212679888,4
107.7,510.89989807402713,558.2550842438131,-86.66423902828231,3.0230301228289034,-2.24,0.0,-7.0,375,427,375,435,0.0,NEUTRAL,program,sonic_drive_smooth.py,function,bc4a84a5f90dcb414fa9a95aff361c8d4412f04ffa11cdb071a0b8ad9fecc202,安全停止：接近限界 | target_deg=0.000,,247.63745962010333,10.551543579829907,79.53135751250917,245.98132588719352,42.434627743183185,0,107.7,8.580835323280935,4
107.75,510.7695433270379,558.2627017340719,-86.64702480017554,2.3417581508869643,-2.24,0.0,-7.0,375,427,375,435,0.0,NEUTRAL,program,sonic_drive_smooth.py,function,bc4a84a5f90dcb414fa9a95aff361c8d4412f04ffa11cdb071a0b8ad9fecc202,安全停止：接近限界 | target_deg=0.000,,249.23254886668352,10.905511653113564,76.95570518984185,249.6119381879498,38.10614921289308,0,107.75,8.515099671099183,4
107.8,510.66856698444974,558.2686294615049,-86.63368998135392,1.8140180595070792,-2.24,0.0,-7.0,375,427,375,435,0.0,NEUTRAL,program,sonic_drive_smooth.py,function,bc4a84a5f90dcb414fa9a95aff361c8d4412f04ffa11cdb071a0b8ad9fecc202,安全停止：接近限界 | target_deg=0.000,,250.0,8.832498492091384,73.77059122727219,248.60204237052736,41.44108013594988,0,107.8,8.46505129530018,4
107.85,510.5903476838775,558.2732374658519,-86.62336030569826,1.4052098074139117,-2.24,0.0,-7.0,375,427,375,435,0.0,NEUTRAL,program,sonic_drive_smooth.py,function,bc4a84a5f90dcb414fa9a95aff361c8d4412f04ffa11cdb071a0b8ad9fecc202,安全停止：接近限界 | target_deg=0.000,,250.0,8.44461193075131,74.79471088762112,249.17117523428507,41.42511699454708,0,107.85,8.426813112211935,4
107.9,510.5297565059036,558.2768167003818,-86.61535853225247,1.088530840419969,-2.24,0.0,-7.0,375,427,375,435,0.0,NEUTRAL,program,sonic_drive_smooth.py,function,bc4a84a5f90dcb414fa9a95aff361c8d4412f04ffa11cdb071a0b8ad9fecc202,安全停止：接近限界 | target_deg=0.000,,250.0,10.07886687436337,81.9078484634361,249.2631629542789,38.18299707763629,0,107.9,8.397514536213421,4
107.95,510.4828205378793,558.2795951327229,-86.60916004350878,0.843218844825772,-2.24,0.0,-7.0,375,427,375,435,0.0,NEUTRAL,program,sonic_drive_smooth.py,function,bc4a84a5f90dcb414fa9a95aff361c8d4412f04ffa11cdb071a0b8ad9fecc202,安全停止：接近限界 | target_deg=0.000,,250.0,11.961088294901549,81.7589923333211,250.0,39.441565968508286,0,107.95,8.375013662025045,4
108.0,510.4464622959289,558.2817509059792,-86.60435845009127,0.6531905150202172,-2.24,0.0,-7.0,375,427,375,435,0.0,NEUTRAL,program,sonic_drive_smooth.py,function,bc4a84a5f90dcb414fa9a95aff361c8d4412f04ffa11cdb071a0b8ad9fecc202,安全停止：接近限界 | target_deg=0.000,,250.0,11.238710209341253,80.047482271016,250.0,42.4324552517758,0,108.0,8.35770132978909,4
108.05,510.4182978945304,558.2834229471435,-86.60063894678967,0.5059870892716276,-2.24,0.0,-7.0,375,427,375,435,0.0,NEUTRAL,program,sonic_drive_smooth.py,function,bc4a84a5f90dcb414fa9a95aff361c8d4412f04ffa11cdb071a0b8ad9fecc202,安全停止：接近限界 | target_deg=0.000,,247.7758719387477,11.197589215710108,76.64676810047592,249.08788672899973,35.948459367842396,0,108.05,8.344361507993053,4
108.1,510.3964807150082,558.2847194327879,-86.59775767309411,0.39195752023687874,-2.24,0.0,-7.0,375,427,375,435,0.0,NEUTRAL,program,sonic_drive_smooth.py,function,bc4a84a5f90dcb414fa9a95aff361c8d4412f04ffa11cdb071a0b8ad9fecc202,安全停止：接近限界 | target_deg=0.000,,250.0,13.627155753365424,78.23785757419941,250.0,40.95109485042022,0,108.1,8.334070717874475,4
108.15,510.3795803136301,558.2857244957295,-86.59552572505278,0.30362572667890764,-2.24,0.0,-7.0,375,427,375,435,0.0,NEUTRAL,program,sonic_drive_smooth.py,function,bc4a84a5f90dcb414fa9a95aff361c8d4412f04ffa11cdb071a0b8ad9fecc202,安全停止：接近限界 | target_deg=0.000,,248.42844603580355,13.142062386132842,79.02857674968142,250.0,41.61986454963822,0,108.15,8.326124800972218,4
108.2,510.3664886242667,558.2865035095738,-86.59379677022739,0.2352004417355756,-2.24,0.0,-7.0,375,427,375,435,0.0,NEUTRAL,program,sonic_drive_smooth.py,function,bc4a84a5f90dcb414fa9a95aff361c8d4412f04ffa11cdb071a0b8ad9fecc202,安全停止：接近限界 | target_deg=0.000,,250.0,10.780121550471623,78.06563549191868,249.6436273675816,42.429181505586996,0,108.2,8.319985057960318,4
108.25,510.3563473024229,558.287107235909,-86.5924574537501,0.18219552209128673,-2.24,0.0,-7.0,375,427,375,435,0.0,NEUTRAL,program,sonic_drive_smooth.py,function,bc4a84a5f90dcb414fa9a95aff361c8d4412f04ffa11cdb071a0b8ad9fecc202,安全停止：接近限界 | target_deg=0.000,,250.0,11.46730107092674,81.16919490638696,249.5606329433442,43.371316686145136,0,108.25,8.315238274726772,4
108.3,510.34849144495706,558.2875750690397,-86.59141996647743,0.14113582451276305,-2.24,0.0,-7.0,375,427,375,435,0.0,NEUTRAL,program,sonic_drive_smooth.py,function,bc4a84a5f90dcb414fa9a95aff361c8d4412f04ffa11cdb071a0b8ad9fecc202,安全停止：接近限界 | target_deg=0.000,,246.2889568452089,9.840195428298975,79.54424066525824,250.0,37.39169963846431,0,108.3,8.311566819740511,4
108.35,510.34240599429984,558.2879375687777,-86.59061628798979,0.10932936623391395,-2.24,0.0,-7.0,375,427,375,435,0.0,NEUTRAL,program,sonic_drive_smooth.py,function,bc4a84a5f90dcb414fa9a95aff361c8d4412f04ffa11cdb071a0b8ad9fecc202,安全停止：接近限界 | target_deg=0.000,,250.0,12.336146814892405,77.35411927532886,246.706006006237,41.97402476099103,0,108.35,8.308726124139595,4
108.4,510.33769196812983,558.2882184340186,-86.58999372699218,0.08469083141983114,-2.24,0.0,-7.0,375,427,375,435,0.0,NEUTRAL,program,sonic_drive_smooth.py,function,bc4a84a5f90dcb414fa9a95aff361c8d4412f04ffa11cdb071a0b8ad9fecc202,安全停止：接近限界 | target_deg=0.000,,248.7821393670885,12.882866338280909,76.65852128776055,250.0,41.482987838770995,0,108.4,8.306527626121147,4
108.45,510.3340402999635,558.2884360384992,-86.58951146673299,0.06560485232518741,-2.24,0.0,-7.0,375,427,375,435,0.0,NEUTRAL,program,sonic_drive_smooth.py,function,bc4a84a5f90dcb414fa9a95aff361c8d4412f04ffa11cdb071a0b8ad9fecc202,安全停止：接近限界 | target_deg=0.000,,250.0,10.216321890920776,76.55358647946579,248.73742732712205,38.168015729074966,0,108.45,8.304825793868861,4
108.5,510.3312115752934,558.2886046246238,-86.58913788894947,0.05082010149686436,-2.24,0.0,-7.0,375,427,375,435,0.0,NEUTRAL,program,sonic_drive_smooth.py,function,bc4a84a5f90dcb414fa9a95aff361c8d4412f04ffa11cdb071a0b8ad9fecc202,安全停止：接近限界 | target_deg=0.000,,248.48142254616613,10.78866645884803,80.5011910826954,250.0,39.7498910850805,0,108.5,8.30350821455682,4
108.55,510.3290203345516,558.2887352307503,-86.58884850089048,0.03936725142448094,-2.24,0.0,-7.0,375,427,375,435,0.0,NEUTRAL,program,sonic_drive_smooth.py,function,bc4a84a5f90dcb414fa9a95aff361c8d4412f04ffa11cdb071a0b8ad9fecc202,安全停止：接近限界 | target_deg=0.000,,250.0,9.713348648886084,77.7536051767921,250.0,42.877227019529975,0,108.55,8.30248800213039,4
108.6,510.3273229136566,558.2888364110053,-86.58862432950666,0.030495422855735917,-2.24,0.0,-7.0,375,427,375,435,0.0,NEUTRAL,program,sonic_drive_smooth.py,function,bc4a84a5f90dcb414fa9a95aff361c8d4412f04ffa11cdb071a0b8ad9fecc202,安全停止：接近限界 | target_deg=0.000,,250.0,7.722901223033697,78.09282253065504,250.0,41.60344566691934,0,108.6,8.301697967353123,4
108.65,510.32600802487536,558.2889147937791,-86.58845067752705,0.02362295515942036,-2.24,0.0,-7.0,375,427,375,435,0.0,NEUTRAL,program,sonic_drive_smooth.py,function,bc4a84a5f90dcb414fa9a95aff361c8d4412f04ffa11cdb071a0b8ad9fecc202,安全停止：接近限界 | target_deg=0.000,,249.25326138197093,9.136662126666863,80.98421107872211,248.21463952849328,41.8583010790401,0,108.65,8.301086132523807,4
108.7,510.32498946042114,558.2889755149008,-86.5883161598669,0.01829927111041918,-2.24,0.0,-7.0,375,427,375,435,0.0,NEUTRAL,program,sonic_drive_smooth.py,function,bc4a84a5f90dcb414fa9a95aff361c8d4412f04ffa11cdb071a0b8ad9fecc202,安全停止：接近限界 | target_deg=0.000,,250.0,10.266691056345246,78.84606969653413,250.0,44.1320873986357,0,108.7,8.30061227553147,4
108.75,510.32420044039156,558.289022553516,-86.58821195719135,0.014175335850776705,-2.24,0.0,-7.0,375,427,375,435,0.0,NEUTRAL,program,sonic_drive_smooth.py,function,bc4a84a5f90dcb414fa9a95aff361c8d4412f04ffa11cdb071a0b8ad9fecc202,安全停止：接近限界 | target_deg=0.000,,247.37807128665546,9.170650570833493,75.86441024042155,250.0,40.57293600157836,0,108.75,8.300245263875974,4
108.8,510.32358923447146,558.2890589924656,-86.58813123769636,0.010980773237897147,-2.24,0.0,-7.0,375,427,375,435,0.0,NEUTRAL,program,sonic_drive_smooth.py,function,bc4a84a5f90dcb414fa9a95aff361c8d4412f04ffa11cdb071a0b8ad9fecc202,安全停止：接近限界 | target_deg=0.000,,250.0,11.943062198225704,78.59888852548985,249.18851037877852,39.941301129243016,0,108.8,8.299960996181474,4
108.85,510.3231157703376,558.2890872201025,-86.5880687091976,0.008506139266923363,-2.24,0.0,-7.0,375,427,375,435,0.0,NEUTRAL,program,sonic_drive_smooth.py,function,bc4a84a5f90dcb414fa9a95aff361c8d4412f04ffa11cdb071a0b8ad9fecc202,安全停止：接近限界 | target_deg=0.000,,248.42137487804587,9.591314691626835,82.17196151713551,250.0,37.64262555510746,0,108.85,8.299740811627494,4
108.9,510.32274900640033,558.2891090866965,-86.58802027216069,0.006589190365809941,-2.24,0.0,-7.0,375,427,375,435,0.0,NEUTRAL,program,sonic_drive_smooth.py,function,bc4a84a5f90dcb414fa9a95aff361c8d4412f04ffa11cdb071a0b8ad9fecc202,安全停止：接近限界 | target_deg=0.000,,248.51869385687982,12.271613299853696,77.34578274283774,249.2837454943646,40.33969033323349,0,108.9,8.299570260241676,4
108.95,510.3224648966276,558.2891260256342,-86.58798275092491,0.005104246276064847,-2.24,0.0,-7.0,375,427,375,435,0.0,NEUTRAL,program,sonic_drive_smooth.py,function,bc4a84a5f90dcb414fa9a95aff361c8d4412f04ffa11cdb071a0b8ad9fecc202,安全停止：接近限界 | target_deg=0.000,,250.0,10.02948000238947,79.50666965737229,250.0,33.94818161906247,0,108.95,8.299438151767754,4
109.0,510.32224481401977,558.2891391473302,-86.58795368549845,0.003953950121384813,-2.24,0.0,-7.0,375,427,375,435,0.0,NEUTRAL,program,sonic_drive_smooth.py,function,bc4a84a5f90dcb414fa9a95aff361c8d4412f04ffa11cdb071a0b8ad9fecc202,安全停止：接近限界 | target_deg=0.000,,248.651039235263,11.343885045200564,79.18205175221301,247.45573616608527,41.22435780273659,0,109.0,8.299335819750025,4
109.05,510.3220743293716,558.2891493119891,-86.58793117027479,0.003062885432411365,-2.24,0.0,-7.0,375,427,375,435,0.0,NEUTRAL,program,sonic_drive_smooth.py,function,bc4a84a5f90dcb414fa9a95aff361c8d4412f04ffa11cdb071a0b8ad9fecc202,安全停止：接近限界 | target_deg=0.000,,248.44679599149856,12.788122053164388,81.08916514136553,247.1487569298792,42.42396324961607,0,109.05,8.29925655198474,4
109.1,510.3219422652539,558.2891571859803,-86.58791372909612,0.002372631642806891,-2.24,0.0,-7.0,375,427,375,435,0.0,NEUTRAL,program,sonic_drive_smooth.py,function,bc4a84a5f90dcb414fa9a95aff361c8d4412f04ffa11cdb071a0b8ad9fecc202,安全停止：接近限界 | target_deg=0.000,,249.4634365699275,11.234356322306512,76.61537363773938,250.0,40.069959414494505,0,109.1,8.299195149640193,4
109.15,510.32183996319054,558.2891632855114,-86.58790021847246,0.0018379338818483317,-2.24,0.0,-7.0,375,427,375,435,0.0,NEUTRAL,program,sonic_drive_smooth.py,function,bc4a84a5f90dcb414fa9a95aff361c8d4412f04ffa11cdb071a0b8ad9fecc202,安全停止：接近限界 | target_deg=0.000,,250.0,10.114556081230841,77.41485335745544,250.0,39.88094381790641,0,109.15,8.299147585918861,4
109.2,510.32176071598553,558.289168010465,-86.58788975261146,0.0014237359449736607,-2.24,0.0,-7.0,375,427,375,435,0.0,NEUTRAL,program,sonic_drive_smooth.py,function,bc4a84a5f90dcb414fa9a95aff361c8d4412f04ffa11cdb071a0b8ad9fecc202,安全停止：接近限界 | target_deg=0.000,,245.57005538393716,9.014664240547184,75.65950134349119,250.0,42.1114488273091,0,109.2,8.299110741759227,4
109.25,510.32169932798115,558.2891716706099,-86.58788164534347,0.0011028819159542077,-2.24,0.0,-7.0,375,427,375,435,0.0,NEUTRAL,program,sonic_drive_smooth.py,function,bc4a84a5f90dcb414fa9a95aff361c8d4412f04ffa11cdb071a0b8ad9fecc202,安全停止：接近限界 | target_deg=0.000,,248.89264042269627,10.571509092602762,75.67543478176161,250.0,39.30802131780959,0,109.25,8.299082201165461,4
109.3,510.32165177441647,558.2891745059082,-86.5878753651345,0.000854335752941411,-2.24,0.0,-7.0,375,427,375,435,0.0,NEUTRAL,program,sonic_drive_smooth.py,function,bc4a84a5f90dcb414fa9a95aff361c8d4412f04ffa11cdb071a0b8ad9fecc202,安全停止：接近限界 | target_deg=0.000,,248.74638388345417,11.82987789311009,78.63247575154132,250.0,39.150449524214395,0,109.3,8.29906009270366,4
109.35,510.32161493755325,558.2891767022455,-86.58787050023739,0.0006618021097231166,-2.24,0.0,-7.0,375,427,375,435,0.0,NEUTRAL,program,sonic_drive_smooth.py,function,bc4a84a5f90dcb414fa9a95aff361c8d4412f04ffa11cdb071a0b8ad9fecc202,安全停止：接近限界 | target_deg=0.000,,250.0,10.93501947302214,80.25361150431216,247.72991540618665,40.25970308831951,0,109.35,8.299042966742103,4
109.4,510.3215864022689,558.289178403617,-86.58786673169655,0.0005126579695699617,-2.24,0.0,-7.0,375,427,375,435,0.0,NEUTRAL,program,sonic_drive_smooth.py,function,bc4a84a5f90dcb414fa9a95aff361c8d4412f04ffa11cdb071a0b8ad9fecc202,安全停止：接近限界 | target_deg=0.000,,249.8025389916221,9.044116076094795,80.10452258278424,250.0,38.416021206955435,0,109.4,8.299029700372284,4
109.45,510.32156429771425,558.2891797215676,-86.58786381243645,0.0003971250467508377,-2.24,0.0,-7.0,375,427,375,435,0.0,NEUTRAL,program,sonic_drive_smooth.py,function,bc4a84a5f90dcb414fa9a95aff361c8d4412f04ffa11cdb071a0b8ad9fecc202,安全停止：接近限界 | target_deg=0.000,,250.0,9.71238232203999,80.44283672772514,249.5715941087133,37.20591229693123,0,109.45,8.299019423764333,4
109.5,510.32154717465596,558.2891807425049,-86.58786155106266,0.00030762869616393,-2.24,0.0,-7.0,375,427,375,435,0.0,NEUTRAL,program,sonic_drive_smooth.py,function,bc4a84a5f90dcb414fa9a95aff361c8d4412f04ffa11cdb071a0b8ad9fecc202,安全停止：接近限界 | target_deg=0.000,,250.0,7.154196093032416,79.00835678601428,250.0,38.48355998759244,0,109.5,8.299011463125803,4
109.55,510.3215339104609,558.2891815333635,-86.58785979931349,0.00023830129949697,-2.24,0.0,-7.0,375,427,375,435,0.0,NEUTRAL,program,sonic_drive_smooth.py,function,bc4a84a5f90dcb414fa9a95aff361c8d4412f04ffa11cdb071a0b8ad9fecc202,安全停止：接近限界 | target_deg=0.000,,249.63515936834088,10.332917005188682,77.8853863287436,245.9797895597789,40.51874003350206,0,109.55,8.299005296517903,4
109.6,510.32152363549324,558.289182145994,-86.58785844233962,0.00018459756859510765,-2.24,0.0,-7.0,375,427,375,435,0.0,NEUTRAL,program,sonic_drive_smooth.py,function,bc4a84a5f90dcb414fa9a95aff361c8d4412f04ffa11cdb071a0b8ad9fecc202,安全停止：接近限界 | target_deg=0.000,,250.0,13.351866712886748,78.03344894740168,250.0,39.85757998504924,0,109.6,8.299000519630292,4
109.65,510.3215156760987,558.2891826205619,-86.58785739117424,0.00014299654430402614,-2.24,0.0,-7.0,375,427,375,435,0.0,NEUTRAL,program,sonic_drive_smooth.py,function,bc4a84a5f90dcb414fa9a95aff361c8d4412f04ffa11cdb071a0b8ad9fecc202,安全停止：接近限界 | target_deg=0.000,,249.35189119349187,12.225508543233728,75.3594306895182,247.46810440463094,42.31275889321967,0,109.65,8.298996819270696,4
109.7,510.32150951043843,558.289182988181,-86.58785657690014,0.00011077075304140945,-2.24,0.0,-7.0,375,427,375,435,0.0,NEUTRAL,program,sonic_drive_smooth.py,function,bc4a84a5f90dcb414fa9a95aff361c8d4412f04ffa11cdb071a0b8ad9fecc202,安全停止：接近限界 | target_deg=0.000,,250.0,9.792835889635771,78.05097292881271,250.0,44.8662823922177,0,109.7,8.298993952829996,4
109.75,510.32150473427527,558.2891832729532,-86.58785594613137,8.580738638881533e-05,-2.24,0.0,-7.0,375,427,375,435,0.0,NEUTRAL,program,sonic_drive_smooth.py,function,bc4a84a5f90dcb414fa9a95aff361c8d4412f04ffa11cdb071a0b8ad9fecc202,安全停止：接近限界 | target_deg=0.000,,248.16449656807228,12.205681202949663,78.38842040439856,250.0,37.38035182424674,0,109.75,8.298991732374322,4
109.8,510.32150103447117,558.2891834935492,-86.58785545751304,6.64697797633187e-05,-2.24,0.0,-7.0,375,427,375,435,0.0,NEUTRAL,program,sonic_drive_smooth.py,function,bc4a84a5f90dcb414fa9a95aff361c8d4412f04ffa11cdb071a0b8ad9fecc202,安全停止：接近限界 | target_deg=0.000,,250.0,9.292480959146738,78.24137269048664,246.94775992661897,40.22533629521246,0,109.8,8.298990012323221,4
109.85,510.3214981684573,558.2891836644314,-86.58785507901005,5.149010834293388e-05,-2.24,0.0,-7.0,375,427,375,435,0.0,NEUTRAL,program,sonic_drive_smooth.py,function,bc4a84a5f90dcb414fa9a95aff361c8d4412f04ffa11cdb071a0b8ad9fecc202,安全停止：接近限界 | target_deg=0.000,,250.0,7.280654038869427,74.89244581171674,248.66466084143687,37.87908062874233,0,109.85,8.29898867990464,4
109.9,510.32149594833015,558.2891837968036,-86.58785478580674,3.988626510584814e-05,-2.24,0.0,-7.0,375,427,375,435,0.0,NEUTRAL,program,sonic_drive_smooth.py,function,bc4a84a5f90dcb414fa9a95aff361c8d4412f04ffa11cdb071a0b8ad9fecc202,安全停止：接近限界 | target_deg=0.000,,246.67314020668442,11.517157326558019,76.47077908991501,250.0,44.69739667407539,0,109.9,8.298987647761255,4
109.95,510.3214942285323,558.2891838993444,-86.5878545586799,3.0897471287071474e-05,-2.24,0.0,-7.0,375,427,375,435,0.0,NEUTRAL,program,sonic_drive_smooth.py,function,bc4a84a5f90dcb414fa9a95aff361c8d4412f04ffa11cdb071a0b8ad9fecc202,安全停止：接近限界 | target_deg=0.000,,247.89862509225486,8.754675529932493,78.37649222231475,250.0,44.608479620241596,0,109.95,8.298986848222613,4
110.0,510.3214928963091,558.2891839787765,-86.58785438273851,2.3934397703118974e-05,-2.24,0.0,-7.0,375,427,375,435,0.0,NEUTRAL,program,sonic_drive_smooth.py,function,bc4a84a5f90dcb414fa9a95aff361c8d4412f04ffa11cdb071a0b8ad9fecc202,安全停止：接近限界 | target_deg=0.000,,250.0,12.055033122932743,83.6741793680591,250.0,38.234308955133244,0,110.0,8.298986228868657,4
110.05,510.3214918643166,558.2891840403078,-86.58785424644739,1.854052676636901e-05,-2.24,0.0,-7.0,375,427,375,435,0.0,NEUTRAL,program,sonic_drive_smooth.py,function,bc4a84a5f90dcb414fa9a95aff361c8d4412f04ffa11cdb071a0b8ad9fecc202,安全停止：接近限界 | target_deg=0.000,,250.0,12.225931609875415,76.68226867555752,250.0,43.18726988302527,0,110.05,8.298985749092829,4
110.1,510.3214910648946,558.2891840879723,-86.5878541408709,1.4362221980194235e-05,-2.24,0.0,-7.0,375,427,375,435,0.0,NEUTRAL,program,sonic_drive_smooth.py,function,bc4a84a5f90dcb414fa9a95aff361c8d4412f04ffa11cdb071a0b8ad9fecc202,安全停止：接近限界 | target_deg=0.000,,247.53392946355714,10.506432367223454,76.17783061095524,249.4045326001296,38.60792959216343,0,110.1,8.298985377439669,4
110.15,510.3214904456308,558.2891841248953,-86.5878540590872,1.1125542591515657e-05,-2.24,0.0,-7.0,375,427,375,435,0.0,NEUTRAL,program,sonic_drive_smooth.py,function,bc4a84a5f90dcb414fa9a95aff361c8d4412f04ffa11cdb071a0b8ad9fecc202,安全停止：接近限界 | target_deg=0.000,,247.88686716486148,10.450916084104605,78.67897023495613,250.0,36.20167979229272,0,110.15,8.298985089542748,4
110.2,510.3214899659247,558.2891841534972,-86.58785399573435,8.618283307855887e-06,-2.24,0.0,-7.0,375,427,375,435,0.0,NEUTRAL,program,sonic_drive_smooth.py,function,bc4a84a5f90dcb414fa9a95aff361c8d4412f04ffa11cdb071a0b8ad9fecc202,安全停止：接近限界 | target_deg=0.000,,250.0,8.41485976277988,78.43123535545583,245.4109046392585,43.237965383263514,0,110.2,8.298984866526297,4
110.25,510.32148959432544,558.2891841756532,-86.58785394665874,6.676061555066034e-06,-2.24,0.0,-7.0,375,427,375,435,0.0,NEUTRAL,program,sonic_drive_smooth.py,function,bc4a84a5f90dcb414fa9a95aff361c8d4412f04ffa11cdb071a0b8ad9fecc202,安全停止：接近限界 | target_deg=0.000,,250.0,9.53893969291835,78.14541455289903,249.71287444917104,38.078237389795596,0,110.25,8.298984693768839,4
110.3,510.32148930647,558.2891841928163,-86.58785390864283,5.171540119411447e-06,-2.24,0.0,-7.0,375,427,375,435,0.0,NEUTRAL,program,sonic_drive_smooth.py,function,bc4a84a5f90dcb414fa9a95aff361c8d4412f04ffa11cdb071a0b8ad9fecc202,安全停止：接近限界 | target_deg=0.000,,250.0,11.544707995344282,75.4176425939475,249.4912885941074,35.6884646369456,0,110.3,8.298984559944287,4
110.35,510.3214890834859,558.2891842061114,-86.58785387919421,4.006078581823025e-06,-2.24,0.0,-7.0,375,427,375,435,0.0,NEUTRAL,program,sonic_drive_smooth.py,function,bc4a84a5f90dcb414fa9a95aff361c8d4412f04ffa11cdb071a0b8ad9fecc202,安全停止：接近限界 | target_deg=0.000,,247.6374160956639,10.479462475564558,79.30009044581509,250.0,38.638403861177466,0,110.35,8.298984456278399,4
110.4,510.32148891075366,558.2891842164103,-86.58785385638215,3.103266190182359e-06,-2.24,0.0,-7.0,375,427,375,435,0.0,NEUTRAL,program,sonic_drive_smooth.py,function,bc4a84a5f90dcb414fa9a95aff361c8d4412f04ffa11cdb071a0b8ad9fecc202,安全停止：接近限界 | target_deg=0.000,,250.0,11.335169879585964,74.70410620812034,250.0,38.18950156901262,0,110.4,8.29898437597486,4
110.45,510.32148877694846,558.2891842243884,-86.58785383871104,2.4039121675807323e-06,-2.24,0.0,-7.0,375,427,375,435,0.0,NEUTRAL,program,sonic_drive_smooth.py,function,bc4a84a5f90dcb414fa9a95aff361c8d4412f04ffa11cdb071a0b8ad9fecc202,安全停止：接近限界 | target_deg=0.000,,249.95935753824446,7.860763079905115,78.3670465398192,247.1101433708001,40.607802326920314,0,110.45,8.29898431376858,4
110.5,510.3214886732977,558.2891842305684,-86.5878538250223,1.8621650078632515e-06,-2.24,0.0,-7.0,375,427,375,435,0.0,NEUTRAL,program,sonic_drive_smooth.py,function,bc4a84a5f90dcb414fa9a95aff361c8d4412f04ffa11cdb071a0b8ad9fecc202,安全停止：接近限界 | target_deg=0.000,,250.0,11.288482293498044,80.7140429019909,249.9653500552907,43.15250816686649,0,110.5,8.298984265581023,4
110.55,510.3214885930057,558.2891842353556,-86.58785381441845,1.4425063291726468e-06,-2.24,0.0,-7.0,375,427,375,435,0.0,NEUTRAL,program,sonic_drive_smooth.py,function,bc4a84a5f90dcb414fa9a95aff361c8d4412f04ffa11cdb071a0b8ad9fecc202,安全停止：接近限界 | target_deg=0.000,,248.97710182844503,10.698281970851204,77.06840647388094,250.0,43.85007637532983,0,110.55,8.298984228253126,4
110.6,510.3214885308084,558.2891842390641,-86.58785380620431,1.1174221945512735e-06,-2.24,0.0,-7.0,375,427,375,435,0.0,NEUTRAL,program,sonic_drive_smooth.py,function,bc4a84a5f90dcb414fa9a95aff361c8d4412f04ffa11cdb071a0b8ad9fecc202,安全停止：接近限界 | target_deg=0.000,,250.0,11.046836135459184,80.55061010212654,248.5630377764107,43.29750701534711,0,110.6,8.298984199337449,4
110.65,510.32148848262784,558.2891842419368,-86.58785379984131,8.655992251985063e-07,-2.24,0.0,-7.0,375,427,375,435,0.0,NEUTRAL,program,sonic_drive_smooth.py,function,bc4a84a5f90dcb414fa9a95aff361c8d4412f04ffa11cdb071a0b8ad9fecc202,安全停止：接近限界 | target_deg=0.000,,250.0,11.0682800642678,78.69032109430177,250.0,39.35782503709492,0,110.65,8.298984176938259,4
110.7,510.32148844530536,558.2891842441621,-86.58785379491228,6.705272387802692e-07,-2.24,0.0,-7.0,375,427,375,435,0.0,NEUTRAL,program,sonic_drive_smooth.py,function,bc4a84a5f90dcb414fa9a95aff361c8d4412f04ffa11cdb071a0b8ad9fecc202,安全停止：接近限界 | target_deg=0.000,,250.0,10.091463223706448,78.23116749832471,250.0,41.84873531860742,0,110.7,8.298984159586919,4
110.75,510.32148841639395,558.289184245886,-86.58785379109405,5.194167980489872e-07,-2.24,0.0,-7.0,375,427,375,435,0.0,NEUTRAL,program,sonic_drive_smooth.py,function,bc4a84a5f90dcb414fa9a95aff361c8d4412f04ffa11cdb071a0b8ad9fecc202,安全停止：接近限界 | target_deg=0.000,,249.71291142305884,8.954031992744337,77.41235829485383,250.0,41.99714647784367,0,110.75,8.298984146145978,4
110.8,510.321488393998,558.2891842472212,-86.58785378813631,4.023607013881106e-07,-2.24,0.0,-7.0,375,427,375,435,0.0,NEUTRAL,program,sonic_drive_smooth.py,function,bc4a84a5f90dcb414fa9a95aff361c8d4412f04ffa11cdb071a0b8ad9fecc202,安全停止：接近限界 | target_deg=0.000,,249.21541501503123,11.445016550414945,77.24089951173809,248.21910399467617,45.35747803956931,0,110.8,8.298984135733996,4
110.85,510.32148837664914,558.2891842482557,-86.58785378584514,3.1168444037549935e-07,-2.24,0.0,-7.0,375,427,375,435,0.0,NEUTRAL,program,sonic_drive_smooth.py,function,bc4a84a5f90dcb414fa9a95aff361c8d4412f04ffa11cdb071a0b8ad9fecc202,安全停止：接近限界 | target_deg=0.000,,248.8162058839301,14.773475470724325,75.7235135434439,249.13733918246538,40.07569564871413,0,110.85,8.298984127668485,4
110.9,510.3214883632101,558.2891842490569,-86.5878537840703,2.4144303863930683e-07,-2.24,0.0,-7.0,375,427,375,435,0.0,NEUTRAL,program,sonic_drive_smooth.py,function,bc4a84a5f90dcb414fa9a95aff361c8d4412f04ffa11cdb071a0b8ad9fecc202,安全停止：接近限界 | target_deg=0.000,,250.0,11.43025472798885,78.05703892851236,248.64035041136418,41.614319065285976,0,110.9,8.298984121420618,4
110.95,510.32148835279975,558.2891842496774,-86.58785378269545,1.8703128342612067e-07,-2.24,0.0,-7.0,375,427,375,435,0.0,NEUTRAL,program,sonic_drive_smooth.py,function,bc4a84a5f90dcb414fa9a95aff361c8d4412f04ffa11cdb071a0b8ad9fecc202,安全停止：接近限界 | target_deg=0.000,,247.69376289213443,12.436390552303742,78.60722969848824,250.0,39.74934511923947,0,110.95,8.298984116580716,4
111.0,510.3214883447354,558.2891842501582,-86.58785378163043,1.448817956283252e-07,-2.24,0.0,-7.0,375,427,375,435,0.0,NEUTRAL,program,sonic_drive_smooth.py,function,bc4a84a5f90dcb414fa9a95aff361c8d4412f04ffa11cdb071a0b8ad9fecc202,安全停止：接近限界 | target_deg=0.000,,249.3488004761753,9.384197585010936,79.71069972100577,249.17331195231486,38.18232767635868,0,111.0,8.298984112831524,4
111.05,510.3214883384885,558.2891842505308,-86.58785378080543,1.1223114294020957e-07,-2.24,0.0,-7.0,375,427,375,435,0.0,NEUTRAL,program,sonic_drive_smooth.py,function,bc4a84a5f90dcb414fa9a95aff361c8d4412f04ffa11cdb071a0b8ad9fecc202,安全停止：接近限界 | target_deg=0.000,,250.0,13.318499815612444,78.22735180483333,250.0,41.506340835215624,0,111.05,8.298984109927368,4
111.1,510.32148833364937,558.2891842508193,-86.58785378016636,8.693866190048236e-08,-2.24,0.0,-7.0,375,427,375,435,0.0,NEUTRAL,program,sonic_drive_smooth.py,function,bc4a84a5f90dcb414fa9a95aff361c8d4412f04ffa11cdb071a0b8ad9fecc202,安全停止：接近限界 | target_deg=0.000,,250.0,9.925655539933892,77.3431513425542,250.0,42.651529377398084,0,111.1,8.298984107677704,4
111.15,510.3214883299007,558.2891842510428,-86.58785377967129,6.734611031336496e-08,-2.24,0.0,-7.0,375,427,375,435,0.0,NEUTRAL,program,sonic_drive_smooth.py,function,bc4a84a5f90dcb414fa9a95aff361c8d4412f04ffa11cdb071a0b8ad9fecc202,安全停止：接近限界 | target_deg=0.000,,250.0,10.088779619468102,77.18750525923542,250.0,41.30268343196231,0,111.15,8.298984105934899,4
111.2,510.321488326997,558.289184251216,-86.58785377928781,5.216894848843721e-08,-2.24,0.0,-7.0,375,427,375,435,0.0,NEUTRAL,program,sonic_drive_smooth.py,function,bc4a84a5f90dcb414fa9a95aff361c8d4412f04ffa11cdb071a0b8ad9fecc202,安全停止：接近限界 | target_deg=0.000,,250.0,8.142853935405196,76.99854083587957,250.0,39.1298596535635,0,111.2,8.298984104585083,4
111.25,510.32148832474763,558.2891842513501,-86.58785377899073,4.0412121408726815e-08,-2.24,0.0,-7.0,375,427,375,435,0.0,NEUTRAL,program,sonic_drive_smooth.py,function,bc4a84a5f90dcb414fa9a95aff361c8d4412f04ffa11cdb071a0b8ad9fecc202,安全停止：接近限界 | target_deg=0.000,,250.0,9.199105992572251,79.72360051191887,247.13300502817427,40.0574076050526,0,111.25,8.298984103539258,4
111.3,510.3214883230052,558.2891842514541,-86.58785377876062,3.130482028242619e-08,-2.24,0.0,-7.0,375,427,375,435,0.0,NEUTRAL,program,sonic_drive_smooth.py,function,bc4a84a5f90dcb414fa9a95aff361c8d4412f04ffa11cdb071a0b8ad9fecc202,安全停止：接近限界 | target_deg=0.000,,248.017085665104,10.650468282397549,77.28762050765017,250.0,37.871877951415556,0,111.3,8.298984102729323,4
111.35,510.32148832165547,558.2891842515345,-86.58785377858236,2.424994627239187e-08,-2.24,0.0,-7.0,375,427,375,435,0.0,NEUTRAL,program,sonic_drive_smooth.py,function,bc4a84a5f90dcb414fa9a95aff361c8d4412f04ffa11cdb071a0b8ad9fecc202,安全停止：接近限界 | target_deg=0.000,,248.90267198772912,9.3878758720294,77.07365677604709,247.52745801869844,40.61277128579547,0,111.35,8.29898410210166,4
111.4,510.3214883206099,558.2891842515968,-86.58785377844427,1.878496311138434e-08,-2.24,0.0,-7.0,375,427,375,435,0.0,NEUTRAL,program,sonic_drive_smooth.py,function,bc4a84a5f90dcb414fa9a95aff361c8d4412f04ffa11cdb071a0b8ad9fecc202,安全停止：接近限界 | target_deg=0.000,,246.76053540519106,8.310184988445616,73.80128951073372,250.0,42.18196031695214,0,111.4,8.29898410161567,4
111.45,510.32148831979987,558.289184251645,-86.58785377833729,1.4551571996586735e-08,-2.24,0.0,-7.0,375,427,375,435,0.0,NEUTRAL,program,sonic_drive_smooth.py,function,bc4a84a5f90dcb414fa9a95aff361c8d4412f04ffa11cdb071a0b8ad9fecc202,安全停止：接近限界 | target_deg=0.000,,250.0,10.581100621613047,78.8747123751305,250.0,40.02339595924313,0,111.45,8.298984101238968,4
111.5,510.32148831917243,558.2891842516824,-86.58785377825444,1.127222056898906e-08,-2.24,0.0,-7.0,375,427,375,435,0.0,NEUTRAL,program,sonic_drive_smooth.py,function,bc4a84a5f90dcb414fa9a95aff361c8d4412f04ffa11cdb071a0b8ad9fecc202,安全停止：接近限界 | target_deg=0.000,,250.0,11.106556202556835,75.50217657214671,248.27915919963613,37.55162743959391,0,111.5,8.298984100947225,4
111.55,510.3214883186864,558.2891842517113,-86.58785377819027,8.731905843969594e-09,-2.24,0.0,-7.0,375,427,375,435,0.0,NEUTRAL,program,sonic_drive_smooth.py,function,bc4a84a5f90dcb414fa9a95aff361c8d4412f04ffa11cdb071a0b8ad9fecc202,安全停止：接近限界 | target_deg=0.000,,250.0,11.856487889178775,78.75326002139516,250.0,38.08870460738194,0,111.55,8.298984100721242,4
111.6,510.32148831830983,558.2891842517339,-86.58785377814054,6.764078044898338e-09,-2.24,0.0,-7.0,375,427,375,435,0.0,NEUTRAL,program,sonic_drive_smooth.py,function,bc4a84a5f90dcb414fa9a95aff361c8d4412f04ffa11cdb071a0b8ad9fecc202,安全停止：接近限界 | target_deg=0.000,,250.0,11.47425506885461,76.2650468623295,250.0,44.20885978130302,0,111.6,8.298984100546276,4
111.65,510.32148831801817,558.2891842517513,-86.58785377810203,5.2397211576752606e-09,-2.24,0.0,-7.0,375,427,375,435,0.0,NEUTRAL,program,sonic_drive_smooth.py,function,bc4a84a5f90dcb414fa9a95aff361c8d4412f04ffa11cdb071a0b8ad9fecc202,安全停止：接近限界 | target_deg=0.000,,249.44379899050548,11.88563685181642,76.69160358844677,249.66115848090607,41.02978279537188,0,111.65,8.298984100410676,4
111.7,510.3214883177922,558.2891842517647,-86.58785377807219,4.058894298373283e-09,-2.24,0.0,-7.0,375,427,375,435,0.0,NEUTRAL,program,sonic_drive_smooth.py,function,bc4a84a5f90dcb414fa9a95aff361c8d4412f04ffa11cdb071a0b8ad9fecc202,安全停止：接近限界 | target_deg=0.000,,250.0,10.080631845172391,80.2086600039748,250.0,41.53030531168824,0,111.7,8.298984100305601,4
111.75,510.3214883176172,558.2891842517752,-86.58785377804907,3.144179323595254e-09,-2.24,0.0,-7.0,375,427,375,435,0.0,NEUTRAL,program,sonic_drive_smooth.py,function,bc4a84a5f90dcb414fa9a95aff361c8d4412f04ffa11cdb071a0b8ad9fecc202,安全停止：接近限界 | target_deg=0.000,,249.33042929742027,9.802995630820348,77.5032295226866,250.0,38.49754387447673,0,111.75,8.29898410022428,4
111.8,510.3214883174816,558.2891842517834,-86.58785377803117,2.435605091486603e-09,-2.24,0.0,-7.0,375,427,375,435,0.0,NEUTRAL,program,sonic_drive_smooth.py,function,bc4a84a5f90dcb414fa9a95aff361c8d4412f04ffa11cdb071a0b8ad9fecc202,安全停止：接近限界 | target_deg=0.000,,249.99287469427867,9.860827003796256,76.55653491152957,250.0,39.814676478728124,0,111.8,8.298984100161343,4
111.85,510.3214883173766,558.2891842517896,-86.5878537780173,1.8867155944821376e-09,-2.24,0.0,-7.0,375,427,375,435,0.0,NEUTRAL,program,sonic_drive_smooth.py,function,bc4a84a5f90dcb414fa9a95aff361c8d4412f04ffa11cdb071a0b8ad9fecc202,安全停止：接近限界 | target_deg=0.000,,248.05478018558307,10.20975294538547,76.50517884446887,249.3696373748632,41.01521233893952,0,111.85,8.298984100112493,4
111.9,510.3214883172952,558.2891842517945,-86.58785377800656,1.46152418013274e-09,-2.24,0.0,-7.0,375,427,375,435,0.0,NEUTRAL,program,sonic_drive_smooth.py,function,bc4a84a5f90dcb414fa9a95aff361c8d4412f04ffa11cdb071a0b8ad9fecc202,安全停止：接近限界 | target_deg=0.000,,250.0,8.96898494969439,79.07892680793773,247.78421238152987,38.70006472777874,0,111.9,8.298984100074682,4
111.95,510.3214883172322,558.2891842517982,-86.58785377799825,1.1321541706443458e-09,-2.24,0.0,-7.0,375,427,375,435,0.0,NEUTRAL,program,sonic_drive_smooth.py,function,bc4a84a5f90dcb414fa9a95aff361c8d4412f04ffa11cdb071a0b8ad9fecc202,安全停止：接近限界 | target_deg=0.000,,249.85846528402752,11.12700410009506,76.76015762519972,250.0,37.66791115941482,0,111.95,8.298984100045447,4
112.0,510.32148831718337,558.2891842518012,-86.5878537779918,8.770111938832046e-10,-2.24,0.0,-7.0,375,427,375,435,0.0,NEUTRAL,program,sonic_drive_smooth.py,function,bc4a84a5f90dcb414fa9a95aff361c8d4412f04ffa11cdb071a0b8ad9fecc202,安全停止：接近限界 | target_deg=0.000,,248.9308374049613,9.791656945072853,82.89992018060079,250.0,38.7078070648254,0,112.0,8.298984100022716,4
112.05,510.32148831714557,558.2891842518035,-86.5878537779868,6.793673990165992e-10,-2.24,0.0,-7.0,375,427,375,435,0.0,NEUTRAL,program,sonic_drive_smooth.py,function,bc4a84a5f90dcb414fa9a95aff361c8d4412f04ffa11cdb071a0b8ad9fecc202,安全停止：接近限界 | target_deg=0.000,,250.0,8.495974838417203,74.34096169911429,250.0,40.397858059183534,0,112.05,8.298984100005175,4
112.1,510.3214883171163,558.2891842518052,-86.58785377798294,5.262647342082208e-10,-2.24,0.0,-7.0,375,427,375,435,0.0,NEUTRAL,program,sonic_drive_smooth.py,function,bc4a84a5f90dcb414fa9a95aff361c8d4412f04ffa11cdb071a0b8ad9fecc202,安全停止：接近限界 | target_deg=0.000,,250.0,11.67357868074686,76.40747266029463,250.0,43.36579097371862,0,112.1,8.29898409999156,4
112.15,510.32148831709355,558.2891842518065,-86.58785377797994,4.0766538234267305e-10,-2.24,0.0,-7.0,375,427,375,435,0.0,NEUTRAL,program,sonic_drive_smooth.py,function,bc4a84a5f90dcb414fa9a95aff361c8d4412f04ffa11cdb071a0b8ad9fecc202,安全停止：接近限界 | target_deg=0.000,,250.0,8.301194282853881,78.24927231415268,250.0,40.084320125759625,0,112.15,8.298984099980911,4
112.2,510.321488317076,558.2891842518077,-86.58785377797763,3.1579365509003116e-10,-2.24,0.0,-7.0,375,427,375,435,0.0,NEUTRAL,program,sonic_drive_smooth.py,function,bc4a84a5f90dcb414fa9a95aff361c8d4412f04ffa11cdb071a0b8ad9fecc202,安全停止：接近限界 | target_deg=0.000,,248.94939640875336,5.7874595494165755,79.79780728024534,250.0,42.23506392604659,0,112.2,8.298984099972884,4
112.25,510.3214883170624,558.2891842518084,-86.58785377797584,2.446261981383908e-10,-2.24,0.0,-7.0,375,427,375,435,0.0,NEUTRAL,program,sonic_drive_smooth.py,function,bc4a84a5f90dcb414fa9a95aff361c8d4412f04ffa11cdb071a0b8ad9fecc202,安全停止：接近限界 | target_deg=0.000,,250.0,9.615637578774283,77.59414932917532,250.0,40.7250964773349,0,112.25,8.29898409996646,4
112.3,510.32148831705183,558.289184251809,-86.58785377797444,1.8949708409620386e-10,-2.24,0.0,-7.0,375,427,375,435,0.0,NEUTRAL,program,sonic_drive_smooth.py,function,bc4a84a5f90dcb414fa9a95aff361c8d4412f04ffa11cdb071a0b8ad9fecc202,安全停止：接近限界 | target_deg=0.000,,250.0,14.62679724144321,75.49601918230125,250.0,37.967109494582736,0,112.3,8.298984099961604,4
112.35,510.32148831704376,558.2891842518097,-86.58785377797338,1.4679190190679868e-10,-2.24,0.0,-7.0,375,427,375,435,0.0,NEUTRAL,program,sonic_drive_smooth.py,function,bc4a84a5f90dcb414fa9a95aff361c8d4412f04ffa11cdb071a0b8ad9fecc202,安全停止：接近限界 | target_deg=0.000,,246.52170720485216,11.453322713531339,76.59268009703979,250.0,39.69565740216764,0,112.35,8.298984099957954,4
112.4,510.3214883170374,558.2891842518103,-86.58785377797254,1.1371078646506134e-10,-2.24,0.0,-7.0,375,427,375,435,0.0,NEUTRAL,program,sonic_drive_smooth.py,function,bc4a84a5f90dcb414fa9a95aff361c8d4412f04ffa11cdb071a0b8ad9fecc202,安全停止：接近限界 | target_deg=0.000,,248.83410241590406,12.467832884024286,78.75448834563389,248.8153379645951,41.01861529542138,0,112.4,8.298984099955177,4
112.45,510.3214883170325,558.2891842518103,-86.5878537779719,8.808485202891096e-11,-2.24,0.0,-7.0,375,427,375,435,0.0,NEUTRAL,program,sonic_drive_smooth.py,function,bc4a84a5f90dcb414fa9a95aff361c8d4412f04ffa11cdb071a0b8ad9fecc202,安全停止：接近限界 | target_deg=0.000,,247.6463028459754,14.40207093361868,80.05775513779858,249.15721440841298,37.119836700749154,0,112.45,8.298984099952609,4
112.5,510.32148831702875,558.2891842518103,-86.58785377797139,6.823399431274835e-11,-2.24,0.0,-7.0,375,427,375,435,0.0,NEUTRAL,program,sonic_drive_smooth.py,function,bc4a84a5f90dcb414fa9a95aff361c8d4412f04ffa11cdb071a0b8ad9fecc202,安全停止：接近限界 | target_deg=0.000,,248.12538028784581,12.415248940277985,77.61115937686998,250.0,39.95095830640019,0,112.5,8.298984099950678,4
112.55,510.3214883170258,558.2891842518103,-86.587853777971,5.285673839066037e-11,-2.24,0.0,-7.0,375,427,375,435,0.0,NEUTRAL,program,sonic_drive_smooth.py,function,bc4a84a5f90dcb414fa9a95aff361c8d4412f04ffa11cdb071a0b8ad9fecc202,安全停止：接近限界 | target_deg=0.000,,249.76551483859313,8.310529502941304,77.91837738652725,248.8601975540999,37.9029555604989,0,112.55,8.29898409994917,4
112.6,510.3214883170235,558.2891842518103,-86.58785377797071,4.094491054551572e-11,-2.24,0.0,-7.0,375,427,375,435,0.0,NEUTRAL,program,sonic_drive_smooth.py,function,bc4a84a5f90dcb414fa9a95aff361c8d4412f04ffa11cdb071a0b8ad9fecc202,安全停止：接近限界 | target_deg=0.000,,249.00940447495665,14.693915814669253,78.63538040926716,250.0,43.66847308625157,0,112.6,8.298984099948024,4
112.65,510.3214883170217,558.2891842518103,-86.58785377797047,3.171753972387585e-11,-2.24,0.0,-7.0,375,427,375,435,0.0,NEUTRAL,program,sonic_drive_smooth.py,function,bc4a84a5f90dcb414fa9a95aff361c8d4412f04ffa11cdb071a0b8ad9fecc202,安全停止：接近限界 | target_deg=0.000,,249.84980295402946,10.823212465015821,79.42403114723335,249.17626967151637,40.925732040519414,0,112.65,8.298984099947026,4
112.7,510.32148831702034,558.2891842518103,-86.5878537779703,2.456965500064623e-11,-2.24,0.0,-7.0,375,427,375,435,0.0,NEUTRAL,program,sonic_drive_smooth.py,function,bc4a84a5f90dcb414fa9a95aff361c8d4412f04ffa11cdb071a0b8ad9fecc202,安全停止：接近限界 | target_deg=0.000,,250.0,11.364072238996537,78.76895390890743,250.0,39.03951953651595,0,112.7,8.298984099946395,4
112.75,510.3214883170193,558.2891842518103,-86.58785377797014,1.9032622079333603e-11,-2.24,0.0,-7.0,375,427,375,435,0.0,NEUTRAL,program,sonic_drive_smooth.py,function,bc4a84a5f90dcb414fa9a95aff361c8d4412f04ffa11cdb071a0b8ad9fecc202,安全停止：接近限界 | target_deg=0.000,,248.89637852015775,11.955499902009487,77.74837692206708,249.34171232539398,41.05822301869636,0,112.75,8.29898409994582,4
112.8,510.3214883170185,558.2891842518103,-86.58785377797005,1.474341838357964e-11,-2.24,0.0,-7.0,375,427,375,435,0.0,NEUTRAL,program,sonic_drive_smooth.py,function,bc4a84a5f90dcb414fa9a95aff361c8d4412f04ffa11cdb071a0b8ad9fecc202,安全停止：接近限界 | target_deg=0.000,,250.0,13.287092395116183,77.09784064752046,250.0,38.47937367083657,0,112.8,8.298984099945395,4
112.85,510.32148831701784,558.2891842518103,-86.58785377796997,1.1420832333412512e-11,-2.24,0.0,-7.0,375,427,375,435,0.0,NEUTRAL,program,sonic_drive_smooth.py,function,bc4a84a5f90dcb414fa9a95aff361c8d4412f04ffa11cdb071a0b8ad9fecc202,安全停止：接近限界 | target_deg=0.000,,248.660728517001,9.714435444125787,73.29430783086032,250.0,39.105155023897524,0,112.85,8.298984099945033,4
112.9,510.3214883170174,558.2891842518103,-86.58785377796988,8.847026367588675e-12,-2.24,0.0,-7.0,375,427,375,435,0.0,NEUTRAL,program,sonic_drive_smooth.py,function,bc4a84a5f90dcb414fa9a95aff361c8d4412f04ffa11cdb071a0b8ad9fecc202,安全停止：接近限界 | target_deg=0.000,,248.38677543644934,11.054815741968408,76.09656298848988,250.0,40.338516258926504,0,112.9,8.298984099944887,4
