time_s,x_cm,y_cm,heading_deg,speed_cm_s,steer_deg,Accel,Handle,throttle_pwm,steering_pwm,raw_throttle_pwm,raw_steering_pwm,requested_accel,esc_stage,source,program,interface,program_sha256,state,laps,Fr,FrLh,RrLh,FrRh,RrRh,lap_count,lap_elapsed_s,clearance_cm,gates_passed_this_lap
0.05,86.99981001098124,199.99455861232178,-178.00065172128035,0.1802885037227259,2.24,1.0,7.0,376,442,375,435,1.0,NEUTRAL,program,sonic_drive_three_laps.py,function,ec959a186dbd8278df967871b3a34262848e2c5ecc08c20aa12abb30068f0552,左回避 | target_deg=5.585,,131.54061520944936,250.0,250.0,73.97461585709945,75.21157367504794,0,0.05,73.86260742803539,0
0.1,86.99915911331179,199.9758931475596,-178.0052244752347,0.5002355804499535,4.48,2.0,14.0,377,449,375,435,2.0,NEUTRAL,program,sonic_drive_three_laps.py,function,ec959a186dbd8278df967871b3a34262848e2c5ecc08c20aa12abb30068f0552,左回避 | target_deg=11.083,,131.92289834371604,250.0,250.0,75.07050649966247,75.80697057160836,0,0.1,73.84981835998488,0
0.15,86.99784294931337,199.93797463663336,-178.0194583817858,0.9283676862328919,6.72,3.0,21.0,378,457,375,435,3.0,NEUTRAL,program,sonic_drive_three_laps.py,function,ec959a186dbd8278df967871b3a34262848e2c5ecc08c20aa12abb30068f0552,左回避 | target_deg=16.413,,131.42828692737754,250.0,249.85559902216735,74.17618172696676,75.2883580762304,0,0.15,73.82411556848699,0
0.2,86.99572081892447,199.87613219758,-178.0508845860808,1.4403041748044738,8.96,4.0,28.0,380,464,375,435,4.0,NEUTRAL,program,sonic_drive_three_laps.py,function,ec959a186dbd8278df967871b3a34262848e2c5ecc08c20aa12abb30068f0552,左回避 | target_deg=21.513,,131.620642914514,250.0,249.82756720151406,74.5178012188829,75.9937575656625,0,0.2,73.78268612274732,0
0.25,86.99272256339793,199.78674628252972,-178.10836313661196,2.017158837691736,11.2,5.0,35.0,381,471,375,435,5.0,NEUTRAL,program,sonic_drive_three_laps.py,function,ec959a186dbd8278df967871b3a34262848e2c5ecc08c20aa12abb30068f0552,左回避 | target_deg=26.336,,131.96603876446656,250.0,250.0,73.62657490741852,76.20817440893283,0,0.25,73.72358778088777,0
0.3,86.9888635292344,199.66701084424724,-178.20177919741914,2.6443016742549466,13.44,6.0,42.0,382,479,375,435,6.0,NEUTRAL,program,sonic_drive_three_laps.py,function,ec959a186dbd8278df967871b3a34262848e2c5ecc08c20aa12abb30068f0552,左回避 | target_deg=30.855,,131.05935367872678,249.9142914444852,249.26310175792082,74.49463343100469,75.46916375028766,0,0.3,73.64561132862023,0
0.35,86.98426586580649,199.514749071123,-178.34185518086005,3.3103997100103735,15.68,7.0,49.0,383,486,375,435,7.0,NEUTRAL,program,sonic_drive_three_laps.py,function,ec959a186dbd8278df967871b3a34262848e2c5ecc08c20aa12abb30068f0552,左回避 | target_deg=35.060,,132.4043248545975,250.0,152.72738927356124,74.9038506717573,75.1998265971235,0,0.35,73.5481990034536,0
0.4,86.97918476675767,199.3282709419035,-178.54004874607602,4.006673976739786,17.92,8.0,56.0,385,493,375,435,8.0,NEUTRAL,program,sonic_drive_three_laps.py,function,ec959a186dbd8278df967871b3a34262848e2c5ecc08c20aa12abb30068f0552,左回避 | target_deg=38.954,,136.48295738330862,250.0,152.00070711039763,74.71105490701065,75.91933366531208,0,0.4,73.43141007022335,0
0.45,86.97403871375921,199.10626368545465,-178.80851568846109,4.726323940030321,20.16,9.0,63.0,386,501,375,435,9.0,NEUTRAL,program,sonic_drive_three_laps.py,function,ec959a186dbd8278df967871b3a34262848e2c5ecc08c20aa12abb30068f0552,左回避 | target_deg=42.547,,135.92338595246957,250.0,151.09439263080606,75.64252284930541,75.62611360916344,0,0.45,73.2959276753278,0
0.5,86.96944319647558,198.84770848016421,-179.16012348048855,5.464081638186373,22.4,10.0,70.0,387,508,375,435,10.0,NEUTRAL,program,sonic_drive_three_laps.py,function,ec959a186dbd8278df967871b3a34262848e2c5ecc08c20aa12abb30068f0552,左回避 | target_deg=45.859,,136.5313508110857,250.0,151.5121891548672,74.99840945969339,76.39648722036382,0,0.5,73.14310371288242,0
0.55,86.96624772343694,198.55181853688026,-179.60850630219372,6.215866300677055,24.64,11.0,77.0,388,515,375,435,11.0,NEUTRAL,program,sonic_drive_three_laps.py,function,ec959a186dbd8278df967871b3a34262848e2c5ecc08c20aa12abb30068f0552,左回避 | target_deg=48.909,,135.85165060549642,250.0,151.01450213704146,75.75384357733726,75.53592621627148,0,0.55,72.97504068022901,0
0.6,86.96557619941845,198.21799519506686,179.8318436650784,6.978516801987789,26.88,12.0,84.0,390,523,375,435,12.0,NEUTRAL,program,sonic_drive_three_laps.py,function,ec959a186dbd8278df967871b3a34262848e2c5ecc08c20aa12abb30068f0552,左回避 | target_deg=51.722,,135.98916575606415,250.0,151.4479312068507,75.42451195739004,76.24780477443552,0,0.6,72.79471146226508,0
0.65,86.96887093185778,197.84579992045306,179.1454507210068,7.749584409840375,29.12,13.0,91.0,391,530,375,435,13.0,NEUTRAL,program,sonic_drive_three_laps.py,function,ec959a186dbd8278df967871b3a34262848e2c5ecc08c20aa12abb30068f0552,左回避 | target_deg=54.319,,135.52259645615007,250.0,149.58225267935526,75.64837294763888,75.73729281943801,0,0.65,72.6061197138618,0
0.7,86.97794064727046,197.43494120625374,178.3156951899166,8.527172239804683,31.36,14.0,98.0,392,537,375,435,14.0,NEUTRAL,program,sonic_drive_three_laps.py,function,ec959a186dbd8278df967871b3a34262848e2c5ecc08c20aa12abb30068f0552,左回避 | target_deg=56.722,,134.40490592127418,249.80176593330546,147.87206491487728,76.28224539220864,76.62139644666377,0,0.7,72.41450501256887,0
0.75,86.99488633536976,196.98527111797657,177.36799731227768,9.309810890520133,32.0,15.0,100.0,393,540,375,435,15.0,NEUTRAL,program,sonic_drive_three_laps.py,function,ec959a186dbd8278df967871b3a34262848e2c5ecc08c20aa12abb30068f0552,左回避 | target_deg=57.375,,135.0748831035364,250.0,145.67515540081524,75.62659457078128,76.65672075785967,0,0.75,72.22255614265937,0
0.8,87.02174602573668,196.49677104601219,176.33763787181067,10.096362105841981,32.0,16.0,100.0,395,540,375,435,16.0,NEUTRAL,program,sonic_drive_three_laps.py,function,ec959a186dbd8278df967871b3a34262848e2c5ecc08c20aa12abb30068f0552,左回避 | target_deg=57.375,,135.07633037756358,249.8361854727825,142.50603844709676,76.5653063157118,76.5798839526519,0,0.8,72.03176585487984,0
0.85,87.06063909226464,195.96954830906282,175.22426095121847,10.88594414774697,32.0,17.0,100.0,396,540,375,435,17.0,NEUTRAL,program,sonic_drive_three_laps.py,function,ec959a186dbd8278df967871b3a34262848e2c5ecc08c20aa12abb30068f0552,左回避 | target_deg=57.375,,134.33010108633016,250.0,139.7327948891232,76.89272091173123,77.58384059753926,0,0.85,71.84679697445866,0
0.9,87.11357266013819,195.40655006430714,174.0333241759963,11.58772973538659,32.0,17.5,100.0,396,540,375,435,17.5,NEUTRAL,program,sonic_drive_three_laps.py,function,ec959a186dbd8278df967871b3a34262848e2c5ecc08c20aa12abb30068f0552,左回避 | target_deg=57.375,,133.61325358527824,250.0,137.75506284947656,75.37459033383844,76.93943411020403,0,0.9,71.6735693125178,0
0.95,87.18199004055688,194.81469889820264,172.77854752729354,12.13136048111406,32.0,17.5,100.0,396,540,375,435,17.5,NEUTRAL,program,sonic_drive_three_laps.py,function,ec959a186dbd8278df967871b3a34262848e2c5ecc08c20aa12abb30068f0552,左回避 | target_deg=57.375,,133.4304239323453,250.0,135.41440800745235,76.0467186116161,78.04191546333712,0,0.95,71.51886689792181,0
1.0,87.26682271184592,194.20126416689132,171.47431799919468,12.552478259685435,32.0,17.5,100.0,396,540,375,435,17.5,NEUTRAL,program,sonic_drive_three_laps.py,function,ec959a186dbd8278df967871b3a34262848e2c5ecc08c20aa12abb30068f0552,左回避 | target_deg=57.375,,132.63464210840164,250.0,133.00762771710066,76.1387040046605,76.91313590708276,0,1.0,71.38858031886934,0
1.05,87.3687073084032,193.57199748524383,170.1317803237386,12.87869267051972,32.0,17.5,100.0,396,540,375,435,17.5,NEUTRAL,program,sonic_drive_three_laps.py,function,ec959a186dbd8278df967871b3a34262848e2c5ecc08c20aa12abb30068f0552,左回避 | target_deg=57.375,,132.39880007591088,250.0,130.17002860444487,77.40015764457627,77.8286033954777,0,1.05,71.28719435145648,0
1.1,87.48805042445252,192.93146965937171,168.75956764913474,13.131391196326376,32.0,17.5,100.0,396,540,375,435,17.5,NEUTRAL,program,sonic_drive_three_laps.py,function,ec959a186dbd8278df967871b3a34262848e2c5ecc08c20aa12abb30068f0552,左回避 | target_deg=57.375,,132.76486741343453,250.0,127.37003362405945,75.86137813820147,79.33744090917352,0,1.1,71.21807532447542,0
1.15,87.62508379836301,192.28333223602564,167.36436755187583,13.327141423244756,32.0,17.5,100.0,396,540,375,435,17.5,NEUTRAL,program,sonic_drive_three_laps.py,function,ec959a186dbd8278df967871b3a34262848e2c5ecc08c20aa12abb30068f0552,左回避 | target_deg=57.375,,133.9143720959988,247.3453667686582,124.63656323150113,77.34372192657847,79.73258398542364,0,1.15,71.1837054776241,0
1.2,87.77990888006391,191.63052081325876,165.95136049200562,13.478777255770012,32.0,17.5,100.0,396,540,375,435,17.5,NEUTRAL,program,sonic_drive_three_laps.py,function,ec959a186dbd8278df967871b3a34262848e2c5ecc08c20aa12abb30068f0552,左回避 | target_deg=57.375,,134.08577952767612,242.4497163691122,122.9105622636615,78.92021206351369,80.35478387562274,0,1.2,71.18587014664364,0
1.25,87.95253153094929,190.97541321262307,164.52455945783026,13.596240341599362,32.0,17.5,100.0,396,540,375,435,17.5,NEUTRAL,program,sonic_drive_three_laps.py,function,ec959a186dbd8278df967871b3a34262848e2c5ecc08c20aa12abb30068f0552,左回避 | target_deg=57.375,,133.94868916427725,249.65749705034153,120.49043502476185,79.18554652384604,81.970854486453,0,1.25,71.22580508505688,0
1.3,88.14288829581825,190.3199525823086,163.0870730680847,13.687231872445176,32.0,17.5,100.0,396,540,375,435,17.5,NEUTRAL,program,sonic_drive_three_laps.py,function,ec959a186dbd8278df967871b3a34262848e2c5ecc08c20aa12abb30068f0552,左回避 | target_deg=57.375,,133.6199841306732,250.0,117.80711111550099,79.24874936834814,81.90820008058714,0,1.3,71.30431120855079,0
1.35,88.35086583456412,189.66574320898687,161.64130938122833,13.757717494606448,32.0,17.5,100.0,396,540,375,435,17.5,NEUTRAL,program,sonic_drive_three_laps.py,function,ec959a186dbd8278df967871b3a34262848e2c5ecc08c20aa12abb30068f0552,左回避 | target_deg=57.375,,133.40369058368702,250.0,116.65459224544712,80.88003862859766,83.30429868983853,0,1.35,71.4218433400069,0
1.4,88.57631499312848,189.01412506882815,160.1891337741498,13.812318432575942,32.0,17.5,100.0,396,540,375,435,17.5,NEUTRAL,program,sonic_drive_three_laps.py,function,ec959a186dbd8278df967871b3a34262848e2c5ecc08c20aa12abb30068f0552,左回避 | target_deg=57.375,,133.98811648930675,250.0,115.25184608015141,81.90212553086178,84.17206344890165,0,1.4,71.57857857490283,0
1.45,88.81906078271902,188.36623180632625,158.73199124122766,13.854614468784966,32.0,17.5,100.0,396,540,375,435,17.5,NEUTRAL,program,sonic_drive_three_laps.py,function,ec959a186dbd8278df967871b3a34262848e2c5ecc08c20aa12abb30068f0552,左回避 | target_deg=57.375,,134.63290972253012,249.3181886522846,114.16175034269939,83.29699556782379,85.57082018576611,0,1.45,71.77446890085518,0
1.5,89.07890930283823,187.7230357931718,157.27100113199742,13.887378643642084,32.0,17.5,100.0,396,540,375,435,17.5,NEUTRAL,program,sonic_drive_three_laps.py,function,ec959a186dbd8278df967871b3a34262848e2c5ecc08c20aa12abb30068f0552,左回避 | target_deg=57.375,,135.21990444682433,249.38205798300498,111.8698992460775,83.88937854468392,88.10639013402051,0,1.5,72.00928179721839,0
1.55,89.35565242511413,187.0853831154672,155.80703053867865,13.912759063423325,32.0,17.5,100.0,396,540,375,435,17.5,NEUTRAL,program,sonic_drive_three_laps.py,function,ec959a186dbd8278df967871b3a34262848e2c5ecc08c20aa12abb30068f0552,左回避 | target_deg=57.375,,136.41191426806625,249.6110646800187,109.08598352623478,85.82970662995935,88.5760104238024,0,1.55,72.2826317533132,0
1.6,89.64907086657426,186.45402071200917,154.34075114504213,13.932419735821798,32.0,17.5,100.0,396,540,375,435,17.5,NEUTRAL,program,sonic_drive_three_laps.py,function,ec959a186dbd8278df967871b3a34262848e2c5ecc08c20aa12abb30068f0552,左回避 | target_deg=57.375,,136.43872037379668,250.0,108.12113242808987,88.33498248084969,90.62227556054279,0,1.6,72.59400498615632,0
1.65,89.95893612651064,185.8296173985847,152.87268326378125,13.947649666709141,32.0,17.5,100.0,396,540,375,435,17.5,NEUTRAL,program,sonic_drive_three_laps.py,function,ec959a186dbd8278df967871b3a34262848e2c5ecc08c20aa12abb30068f0552,左回避 | target_deg=57.375,,138.6148748920247,249.9124543309731,106.5621085250693,88.14054846877475,90.98851826840728,0,1.65,72.9398833872504,0
1.7,90.28501163849347,185.21278013240126,151.40322994959308,13.959447370782133,32.0,17.5,100.0,396,540,375,435,17.5,NEUTRAL,program,sonic_drive_three_laps.py,function,ec959a186dbd8278df967871b3a34262848e2c5ecc08c20aa12abb30068f0552,左回避 | target_deg=57.375,,139.849005391364,248.93056193040303,105.96995332903289,90.57088945161516,94.41876441279281,0,1.7,73.24490392507074,0
1.75,90.62705339414055,184.60406657324307,149.93270342451456,13.968586336836772,32.0,17.5,100.0,396,540,375,435,17.5,NEUTRAL,program,sonic_drive_three_laps.py,function,ec959a186dbd8278df967871b3a34262848e2c5ecc08c20aa12abb30068f0552,左回避 | target_deg=57.375,,140.32655569415653,249.2330192928672,105.7367525795778,92.3037478888539,95.06988443211279,0,1.75,73.47577566031423,0
1.8,90.98481022308745,184.00399476544095,148.46134554802768,13.975665739746956,32.0,17.5,100.0,396,540,375,435,17.5,NEUTRAL,program,sonic_drive_three_laps.py,function,ec959a186dbd8278df967871b3a34262848e2c5ecc08c20aa12abb30068f0552,左回避 | target_deg=57.375,,142.088108033279,249.6530245747786,103.65336541393732,93.62357590682979,74.16102361055077,0,1.8,73.63216391600756,0
1.85,91.35802385962053,183.4130505830681,146.98934367400926,13.981149723959733,32.0,17.5,100.0,396,540,375,435,17.5,NEUTRAL,program,sonic_drive_three_laps.py,function,ec959a186dbd8278df967871b3a34262848e2c5ecc08c20aa12abb30068f0552,左回避 | target_deg=57.375,,144.45882177671248,250.0,103.23035820877907,96.16595371419088,74.46615078757668,0,1.85,73.71383334925319,0
1.9,91.7464288866119,182.8316934388544,145.51684293414849,13.985397834037308,32.0,17.5,100.0,396,540,375,435,17.5,NEUTRAL,program,sonic_drive_three_laps.py,function,ec959a186dbd8278df967871b3a34262848e2c5ecc08c20aa12abb30068f0552,左回避 | target_deg=57.375,,145.90125783407615,249.3434530110453,101.48164149942069,99.05037579187581,75.6256965486228,0,1.9,73.72063487600765,0
1.95,92.14975261840465,182.26036064650435,144.0439557531658,13.988688587352964,32.0,17.5,100.0,396,540,375,435,17.5,NEUTRAL,program,sonic_drive_three_laps.py,function,ec959a186dbd8278df967871b3a34262848e2c5ecc08c20aa12abb30068f0552,左回避 | target_deg=57.375,,146.64351357427753,250.0,101.66187001687813,101.02607251071944,74.9714987306056,0,1.95,73.65249593708931,0
2.0,92.5677149634667,181.69947073963297,142.57076921967564,13.99123773442937,32.0,17.5,100.0,396,540,375,435,17.5,NEUTRAL,program,sonic_drive_three_laps.py,function,ec959a186dbd8278df967871b3a34262848e2c5ecc08c20aa12abb30068f0552,左回避 | target_deg=57.375,,211.80012597021263,249.44425390119466,99.92081896296699,103.56116824717878,75.02242808526405,0,2.0,73.50941325936155,0
2.05,93.00304196630414,181.14486682476826,141.1868874529111,14.173500907838283,29.76,18.5,93.0,398,532,375,435,18.5,NEUTRAL,program,sonic_drive_three_laps.py,function,ec959a186dbd8278df967871b3a34262848e2c5ecc08c20aa12abb30068f0552,右壁追従 | target_deg=55.024,,215.68952357910237,249.76270926966737,100.77663939872328,107.56512372664996,75.48765537836269,0,2.05,73.30635076545859,0
2.1,93.45963471269984,180.5902703585201,139.90096141363398,14.49497764144786,27.52,19.5,86.0,399,525,375,435,19.5,NEUTRAL,program,sonic_drive_three_laps.py,function,ec959a186dbd8278df967871b3a34262848e2c5ecc08c20aa12abb30068f0552,右壁追従 | target_deg=52.485,,219.86716559144668,249.5899463768966,98.48171291096027,108.89038858404147,75.0816186068647,0,2.1,73.05682591862687,0
2.15,93.94074928954757,180.03104592562084,138.70265336568968,14.924294679674992,25.28,20.5,79.0,400,517,375,435,20.5,NEUTRAL,program,sonic_drive_three_laps.py,function,ec959a186dbd8278df967871b3a34262848e2c5ecc08c20aa12abb30068f0552,右壁追従 | target_deg=49.736,,223.50018259274339,250.0,99.47522459647584,114.05247864675606,74.66196566895849,0,2.15,72.77650105034122,0
2.2,94.44906753265096,179.46378385642063,137.58688333691902,15.437149063569043,23.04,21.5,72.0,401,510,375,435,21.5,NEUTRAL,program,sonic_drive_three_laps.py,function,ec959a186dbd8278df967871b3a34262848e2c5ecc08c20aa12abb30068f0552,右壁追従 | target_deg=46.756,,226.72286446127086,249.6634413833194,98.18238385833492,112.73276133385488,76.40236976822393,0,2.2,72.53181419013993,0
2.25,94.9867406499691,178.88595541978145,136.55236955475175,16.01471476431095,20.8,22.5,65.0,403,503,375,435,22.5,NEUTRAL,program,sonic_drive_three_laps.py,function,ec959a186dbd8278df967871b3a34262848e2c5ecc08c20aa12abb30068f0552,右壁追従 | target_deg=43.521,,230.2321911955088,250.0,97.38959678634917,111.99029815691296,75.17987030908337,0,2.25,72.33847641914156,0
2.3,95.5554359738685,178.29564544717638,135.6005899464003,16.642408398790174,18.56,23.5,58.0,404,495,375,435,23.5,NEUTRAL,program,sonic_drive_three_laps.py,function,ec959a186dbd8278df967871b3a34262848e2c5ecc08c20aa12abb30068f0552,右壁追従 | target_deg=40.010,,233.03875133983684,250.0,97.55696857543364,111.78438033824249,76.85950208010591,0,2.3,72.19691040902565,0
2.35,96.15638050165205,177.69134293038,134.7350457455143,17.308933104296447,16.32,24.5,51.0,405,488,375,435,24.5,NEUTRAL,program,sonic_drive_three_laps.py,function,ec959a186dbd8278df967871b3a34262848e2c5ecc08c20aa12abb30068f0552,右壁追従 | target_deg=36.204,,236.7202386683022,249.58930086938653,97.29645285046377,110.68530986812588,78.01665819470944,0,2.35,72.1079270663174,0
2.4,96.790398374002,177.07177539623225,133.9607424529391,18.005537886213006,14.08,25.5,44.0,406,481,375,435,25.5,NEUTRAL,program,sonic_drive_three_laps.py,function,ec959a186dbd8278df967871b3a34262848e2c5ecc08c20aa12abb30068f0552,右壁追従 | target_deg=32.089,,239.65922005360784,249.9381900808482,97.64142991387332,110.54624329140842,77.65150876618647,0,2.4,72.07246200905863,0
2.45,97.45794113580702,176.43577661075884,133.2838276467973,18.72544387958,11.84,26.5,37.0,408,473,375,435,26.5,NEUTRAL,program,sonic_drive_three_laps.py,function,ec959a186dbd8278df967871b3a34262848e2c5ecc08c20aa12abb30068f0552,右壁追従 | target_deg=27.659,,241.61301149021668,249.83290983946398,96.7578529306514,109.59663377680569,78.79010398207497,0,2.45,72.09139125545482,0
2.5,98.15911037691595,175.78217987566273,132.71134239596677,19.463399908713267,9.6,27.5,30.0,409,466,375,435,27.5,NEUTRAL,program,sonic_drive_three_laps.py,function,ec959a186dbd8278df967871b3a34262848e2c5ecc08c20aa12abb30068f0552,右壁追従 | target_deg=22.921,,244.22288035871208,250.0,97.1710857854878,109.3735201401828,78.55330787467683,0,2.5,72.16540643480933,0
2.55,98.89367261497378,175.1097311750826,132.2510553628906,20.215338206187262,7.36,28.5,23.0,410,459,375,435,28.5,NEUTRAL,program,sonic_drive_three_laps.py,function,ec959a186dbd8278df967871b3a34262848e2c5ecc08c20aa12abb30068f0552,右壁追従 | target_deg=17.896,,245.42560931949018,250.0,97.3215577554549,108.37885958913081,78.38170079053934,0,2.55,72.29493549888947,0
2.6,99.66106629806815,174.41701792894693,131.91135752686898,20.978107719204733,5.12,29.5,16.0,411,451,375,435,29.5,NEUTRAL,program,sonic_drive_three_laps.py,function,ec959a186dbd8278df967871b3a34262848e2c5ecc08c20aa12abb30068f0552,右壁追従 | target_deg=12.626,,246.52013144995945,249.46833083195537,97.59706966802838,106.96109057246663,79.02084231096238,0,2.6,72.48009874219424,0
2.65,100.46040069685917,173.70241026300636,131.70120182947574,21.749267518210885,2.88,30.5,9.0,413,444,375,435,30.5,NEUTRAL,program,sonic_drive_three_laps.py,function,ec959a186dbd8278df967871b3a34262848e2c5ecc08c20aa12abb30068f0552,右壁追従 | target_deg=7.168,,247.38334446955366,249.69009124151904,97.17707404506835,108.0616062797021,79.53938889617264,0,2.65,72.72069254368111,0
2.7,101.29044628924821,172.96401262247448,131.6300766543559,22.526926763072346,0.64,31.5,2.0,414,437,375,435,31.5,NEUTRAL,program,sonic_drive_three_laps.py,function,ec959a186dbd8278df967871b3a34262848e2c5ecc08c20aa12abb30068f0552,右壁追従 | target_deg=1.600,,247.61187071129402,249.69379853697802,97.06502926253145,107.27099392446125,79.61056910145717,0,2.7,73.01619503012283,0
2.75,102.15000096105791,172.2000570125087,131.6300766543559,23.30962073457876,0.0,32.5,0.0,415,435,375,435,32.5,NEUTRAL,program,sonic_drive_three_laps.py,function,ec959a186dbd8278df967871b3a34262848e2c5ecc08c20aa12abb30068f0552,右壁追従 | target_deg=0.000,,246.35973780175098,249.3679300212724,96.60386616881864,105.3918561369947,80.61394225934426,0,2.75,73.35222578676117,0
2.8,103.03889487915662,171.4100252464475,131.6300766543559,24.09621480356329,0.0,33.5,0.0,416,435,375,435,33.5,NEUTRAL,program,sonic_drive_three_laps.py,function,ec959a186dbd8278df967871b3a34262848e2c5ecc08c20aa12abb30068f0552,右壁追従 | target_deg=0.000,,245.96058817357948,249.88131623287703,97.92930397606624,104.99261201307911,80.67489424495773,0,2.8,73.7164197961231,0
2.85,103.9572539598393,170.59380541231707,131.6300766543559,24.885830041602556,0.0,34.5,0.0,418,435,375,435,34.5,NEUTRAL,program,sonic_drive_three_laps.py,function,ec959a186dbd8278df967871b3a34262848e2c5ecc08c20aa12abb30068f0552,右壁追従 | target_deg=0.000,,244.9942441006564,249.22686090508475,96.46482054873627,104.06638498660892,80.99370715982643,0,2.85,74.11025860369237,0
2.9,104.90314092247498,169.7531193277686,131.6300766543559,25.58764134427473,0.0,35.0,0.0,418,435,375,435,35.0,NEUTRAL,program,sonic_drive_three_laps.py,function,ec959a186dbd8278df967871b3a34262848e2c5ecc08c20aa12abb30068f0552,右壁追従 | target_deg=0.000,,244.01315413359507,249.38621488404095,97.81278757074828,103.52099055143438,80.59358309561678,0,2.9,74.53428636622711,0
2.95,105.87168615955933,168.89229500600862,131.6300766543559,26.131292009878827,0.0,35.0,0.0,418,435,375,435,35.0,NEUTRAL,program,sonic_drive_three_laps.py,function,ec959a186dbd8278df967871b3a34262848e2c5ecc08c20aa12abb30068f0552,右壁追従 | target_deg=0.000,,241.8240516579933,249.83800123411928,96.42591959020028,102.36973909401321,80.42996289443214,0,2.95,74.9874852541215,0
3.0,106.85778338809571,168.01587081285516,131.6300766543559,26.55242521917089,0.0,35.0,0.0,418,435,375,435,35.0,NEUTRAL,program,sonic_drive_three_laps.py,function,ec959a186dbd8278df967871b3a34262848e2c5ecc08c20aa12abb30068f0552,右壁追従 | target_deg=0.000,,241.0490663086265,250.0,98.74866555708438,101.83979286533734,80.45073152537253,0,3.0,75.4683177228325,0
3.05,107.85747708023885,167.127362345148,131.6300766543559,26.878651583248928,0.0,35.0,0.0,418,435,375,435,35.0,NEUTRAL,program,sonic_drive_three_laps.py,function,ec959a186dbd8278df967871b3a34262848e2c5ecc08c20aa12abb30068f0552,右壁追従 | target_deg=0.000,,239.28100763945966,249.5303609410992,98.42295804903803,101.41559574097987,81.21549366364108,0,3.05,75.97541491587714,0
3.1,108.86770312838927,166.22949292260944,131.6300766543559,27.1313593685088,0.0,35.0,0.0,418,435,375,435,35.0,NEUTRAL,program,sonic_drive_three_laps.py,function,ec959a186dbd8278df967871b3a34262848e2c5ecc08c20aa12abb30068f0552,右壁追従 | target_deg=0.000,,238.61495113671887,250.0,96.66788885262346,99.97430846166009,81.73226862105119,0,3.1,76.29145486890637,0
3.15,109.8860879541654,165.3243721359145,131.6300766543559,27.327116768164192,0.0,35.0,0.0,418,435,375,435,35.0,NEUTRAL,program,sonic_drive_three_laps.py,function,ec959a186dbd8278df967871b3a34262848e2c5ecc08c20aa12abb30068f0552,右壁追従 | target_deg=0.000,,236.80495483526283,250.0,97.36074990757676,99.43557674330275,81.8338361011646,0,3.15,76.56309025751032,0
3.2,110.91079289030435,164.41363415705527,131.6300766543559,27.47875815697393,0.0,35.0,0.0,418,435,375,435,35.0,NEUTRAL,program,sonic_drive_three_laps.py,function,ec959a186dbd8278df967871b3a34262848e2c5ecc08c20aa12abb30068f0552,右壁追従 | target_deg=0.000,,234.9847614821202,250.0,97.76054915900772,98.65309999967607,81.6066329410735,0,3.2,76.83641141910594,0
3.25,111.94039363275527,163.49854487999477,131.6300766543559,27.59622554691999,0.0,35.0,0.0,418,435,375,435,35.0,NEUTRAL,program,sonic_drive_three_laps.py,function,ec959a186dbd8278df967871b3a34262848e2c5ecc08c20aa12abb30068f0552,右壁追従 | target_deg=0.000,,233.97898020105222,250.0,96.98523861059459,98.07053423432848,82.48832998866658,0,3.25,77.11103844683038,0
3.3,112.97378685952502,162.58008491603547,131.6300766543559,27.68722041190406,0.0,35.0,0.0,418,435,375,435,35.0,NEUTRAL,program,sonic_drive_three_laps.py,function,ec959a186dbd8278df967871b3a34262848e2c5ecc08c20aa12abb30068f0552,右壁追従 | target_deg=0.000,,232.8859389981094,249.93339493758083,97.79079091715793,97.20665148969819,82.76157045917682,0,3.3,77.3866770498706,0
3.35,114.01011789395956,161.6590138852992,131.6300766543559,27.7577086168201,0.0,35.0,0.0,418,435,375,435,35.0,NEUTRAL,program,sonic_drive_three_laps.py,function,ec959a186dbd8278df967871b3a34262848e2c5ecc08c20aa12abb30068f0552,右壁追従 | target_deg=0.000,,232.08423651371416,249.60901284254757,97.26656398987313,96.04041679658125,82.71159968239985,0,3.35,77.66309925897647,0
3.4,115.04872466987376,160.73592021943895,131.6300766543559,27.812311555493118,0.0,35.0,0.0,418,435,375,435,35.0,NEUTRAL,program,sonic_drive_three_laps.py,function,ec959a186dbd8278df967871b3a34262848e2c5ecc08c20aa12abb30068f0552,右壁追従 | target_deg=0.000,,229.73035538980042,250.0,98.38868822161938,93.87476969780646,83.77963654726717,0,3.4,77.94012848019167,0
3.45,116.08909432473483,159.8112597407798,131.6300766543559,27.854609141525856,0.0,35.0,0.0,418,435,375,435,35.0,NEUTRAL,program,sonic_drive_three_laps.py,function,ec959a186dbd8278df967871b3a34262848e2c5ecc08c20aa12abb30068f0552,右壁追従 | target_deg=0.000,,229.4678951419885,250.0,97.71451552298049,93.53722440997417,83.66109822756681,0,3.45,78.21762791688505,0
3.5,117.1308295750333,158.88538554724065,131.6300766543559,27.887374516937435,0.0,35.0,0.0,418,435,375,435,35.0,NEUTRAL,program,sonic_drive_three_laps.py,function,ec959a186dbd8278df967871b3a34262848e2c5ecc08c20aa12abb30068f0552,右壁追従 | target_deg=0.000,,226.55770104863944,249.86771437033147,97.79215676908679,92.83843688906428,84.68383151738405,0,3.5,78.49549160100032,0
3.55,118.17362266932155,157.95857116237107,131.6300766543559,27.912755866715433,0.0,35.0,0.0,418,435,375,435,35.0,NEUTRAL,program,sonic_drive_three_laps.py,function,ec959a186dbd8278df967871b3a34262848e2c5ecc08c20aa12abb30068f0552,右壁追従 | target_deg=0.000,,225.62531431641005,249.2711224431712,98.4625640302847,91.44743906105823,84.15249131194078,0,3.55,78.77363744550918,0
3.6,119.21723521121197,157.0310284682813,131.6300766543559,27.932417259526005,0.0,35.0,0.0,418,435,375,435,35.0,NEUTRAL,program,sonic_drive_three_laps.py,function,ec959a186dbd8278df967871b3a34262848e2c5ecc08c20aa12abb30068f0552,右壁追従 | target_deg=0.000,,224.278365337345,249.82792289000685,97.48688626730427,90.93091937900964,85.75202702493056,0,3.6,79.05200186256765,0
3.65,120.26148252947698,156.10292159719577,131.6300766543559,27.947647748472928,0.0,35.0,0.0,418,435,375,435,35.0,NEUTRAL,program,sonic_drive_three_laps.py,function,ec959a186dbd8278df967871b3a34262848e2c5ecc08c20aa12abb30068f0552,右壁追従 | target_deg=0.000,,222.64558772615675,249.93182824430178,98.60174242057967,90.49857072412196,85.3256788756615,0,3.65,79.33053559452834,0
3.7,121.30622157051307,155.17437769239746,131.6300766543559,27.959445884840843,0.0,35.0,0.0,418,435,375,435,35.0,NEUTRAL,program,sonic_drive_three_laps.py,function,ec959a186dbd8278df967871b3a34262848e2c5ecc08c20aa12abb30068f0552,右壁追従 | target_deg=0.000,,221.9830376759111,249.01600673051826,97.6591543927179,89.26069242304682,85.47768664263509,0,3.7,79.60920048447824,0
3.75,122.35134151936697,154.2454952440791,131.6300766543559,27.96858518576815,0.0,35.0,0.0,418,435,375,435,35.0,NEUTRAL,program,sonic_drive_three_laps.py,function,ec959a186dbd8278df967871b3a34262848e2c5ecc08c20aa12abb30068f0552,右壁追従 | target_deg=0.000,,220.8013739416078,250.0,98.02350953589445,88.28601319697856,85.40709458500116,0,3.75,79.88796697457033,0
3.8,123.396756534413,153.31635054662152,131.6300766543559,27.97566484808388,0.0,35.0,0.0,418,435,375,435,35.0,NEUTRAL,program,sonic_drive_three_laps.py,function,ec959a186dbd8278df967871b3a34262848e2c5ecc08c20aa12abb30068f0552,右壁追従 | target_deg=0.000,,218.87947796464968,250.0,98.02419024176221,86.9290638225719,85.36974266968348,0,3.8,80.16681216813261,0
3.85,124.44240011934833,152.38700270065584,131.6300766543559,27.98114903324241,0.0,35.0,0.0,418,435,375,435,35.0,NEUTRAL,program,sonic_drive_three_laps.py,function,ec959a186dbd8278df967871b3a34262848e2c5ecc08c20aa12abb30068f0552,右壁追従 | target_deg=0.000,,217.90581016933922,250.0,98.7416418405287,86.83355099776884,86.49832789728264,0,3.85,80.44571832850147,0
3.9,125.48822076351877,151.4574974878578,131.6300766543559,27.985397298980477,0.0,35.0,0.0,418,435,375,435,35.0,NEUTRAL,program,sonic_drive_three_laps.py,function,ec959a186dbd8278df967871b3a34262848e2c5ecc08c20aa12abb30068f0552,右壁追従 | target_deg=0.000,,215.9572185181856,250.0,97.77099486448279,85.37261058898757,85.99942891575212,0,3.9,80.724671716159,0
3.95,126.53417856474361,150.5278703725158,131.6300766543559,27.988688172876873,0.0,35.0,0.0,418,435,375,435,35.0,NEUTRAL,program,sonic_drive_three_laps.py,function,ec959a186dbd8278df967871b3a34262848e2c5ecc08c20aa12abb30068f0552,右壁追従 | target_deg=0.000,,214.92267074430285,249.7100176129808,98.29444355636456,84.74323572306498,87.3283303234971,0,3.95,81.00366168793366,0
4.0,127.58024261322274,149.5981488266639,131.6300766543559,27.991237413359872,0.0,35.0,0.0,418,435,375,435,35.0,NEUTRAL,program,sonic_drive_three_laps.py,function,ec959a186dbd8278df967871b3a34262848e2c5ecc08c20aa12abb30068f0552,右壁追従 | target_deg=0.000,,212.7638436945493,249.53062759325405,98.8086608630264,83.05862266880885,87.16186496641278,0,4.0,81.28267999920583,0
4.05,128.626388965008,148.6683541312213,131.6300766543559,27.99321215540249,0.0,35.0,0.0,418,435,375,435,35.0,NEUTRAL,program,sonic_drive_three_laps.py,function,ec959a186dbd8278df967871b3a34262848e2c5ecc08c20aa12abb30068f0552,右壁追従 | target_deg=0.000,,211.4752717064808,249.94714954353097,97.54107846407673,83.03720139553641,86.97028539683073,0,4.05,80.94339809945045,0
4.1,129.67259907217456,147.73850277122577,131.6300766543559,27.994741868334977,0.0,35.0,0.0,418,435,375,435,35.0,NEUTRAL,program,sonic_drive_three_laps.py,function,ec959a186dbd8278df967871b3a34262848e2c5ecc08c20aa12abb30068f0552,右壁追従 | target_deg=0.000,,209.91135764823656,250.0,98.85894920474382,83.50349010810892,87.70909239510266,0,4.1,80.01354673945492,0
4.15,130.71885856676946,146.8086075166367,131.6300766543559,27.995926844197804,0.0,35.0,0.0,418,435,375,435,35.0,NEUTRAL,program,sonic_drive_three_laps.py,function,ec959a186dbd8278df967871b3a34262848e2c5ecc08c20aa12abb30068f0552,右壁追従 | target_deg=0.000,,208.78689240580766,250.0,99.3579445852771,80.80414165666413,88.0154154127438,0,4.15,79.08365148486585,0
4.2,131.7651563188108,145.8786782595673,131.6300766543559,27.996844773154063,0.0,35.0,0.0,418,435,375,435,35.0,NEUTRAL,program,sonic_drive_three_laps.py,function,ec959a186dbd8278df967871b3a34262848e2c5ecc08c20aa12abb30068f0552,右壁追従 | target_deg=0.000,,207.81949795766482,249.5449656654456,98.67047802638974,79.63473580904166,87.45198012564848,0,4.2,78.15372222779645,0
4.25,132.81148370657633,144.9487226628379,131.6300766543559,27.997555837062762,0.0,35.0,0.0,418,435,375,435,35.0,NEUTRAL,program,sonic_drive_three_laps.py,function,ec959a186dbd8278df967871b3a34262848e2c5ecc08c20aa12abb30068f0552,右壁追従 | target_deg=0.000,,206.597420968997,250.0,98.69484681395355,78.50085479387802,87.35661789501958,0,4.25,77.22376663106705,0
4.3,133.8578340513406,144.0187466623709,131.6300766543559,27.998106655161273,0.0,35.0,0.0,418,435,375,435,35.0,NEUTRAL,program,sonic_drive_three_laps.py,function,ec959a186dbd8278df967871b3a34262848e2c5ecc08c20aa12abb30068f0552,右壁追従 | target_deg=0.000,,205.00426621824568,249.9511246233275,97.8671520775555,77.99293651902641,87.88373081199325,0,4.3,76.29379063060004,0
4.35,134.9042021794999,143.08875485636545,131.6300766543559,27.998533340546278,0.0,35.0,0.0,418,435,375,435,35.0,NEUTRAL,program,sonic_drive_three_laps.py,function,ec959a186dbd8278df967871b3a34262848e2c5ecc08c20aa12abb30068f0552,右壁追従 | target_deg=0.000,,203.3483104551744,250.0,98.93797396250265,77.19992365330691,89.01459164263947,0,4.35,75.36379882459461,0
4.4,135.95058408337718,142.1587508067677,131.6300766543559,27.998863867844253,0.0,35.0,0.0,418,435,375,435,35.0,NEUTRAL,program,sonic_drive_three_laps.py,function,ec959a186dbd8278df967871b3a34262848e2c5ecc08c20aa12abb30068f0552,右壁追従 | target_deg=0.000,,201.39177011509156,249.8081764256926,98.55645816893812,76.04197509484139,89.34896057497541,0,4.4,74.43379477499685,0
4.45,136.9969766584679,141.22873727280125,131.6300766543559,27.999119907302248,0.0,35.0,0.0,418,435,375,435,35.0,NEUTRAL,program,sonic_drive_three_laps.py,function,ec959a186dbd8278df967871b3a34262848e2c5ecc08c20aa12abb30068f0552,右壁追従 | target_deg=0.000,,200.87127865887282,250.0,97.57925695150773,75.42871718856387,89.3995872089113,0,4.45,73.50378124103041,0
4.5,138.04337749990074,140.29871639186942,131.6300766543559,27.99931824554677,0.0,35.0,0.0,418,435,375,435,35.0,NEUTRAL,program,sonic_drive_three_laps.py,function,ec959a186dbd8278df967871b3a34262848e2c5ecc08c20aa12abb30068f0552,右壁追従 | target_deg=0.000,,200.299877550068,250.0,98.08858708412575,74.4973664055221,89.52324441903417,0,4.5,72.57376036009858,0
4.55,139.08978474476763,139.36868981968894,131.6300766543559,27.999471886159615,0.0,35.0,0.0,418,435,375,435,35.0,NEUTRAL,program,sonic_drive_three_laps.py,function,ec959a186dbd8278df967871b3a34262848e2c5ecc08c20aa12abb30068f0552,右壁追従 | target_deg=0.000,,198.25864128618875,249.47222637198456,98.91579564985446,73.29916265952305,90.02004284844357,0,4.55,71.6437337879181,0
4.6,140.1361969499866,138.43865883884322,131.6300766543559,27.999590902227215,0.0,35.0,0.0,418,435,375,435,35.0,NEUTRAL,program,sonic_drive_three_laps.py,function,ec959a186dbd8278df967871b3a34262848e2c5ecc08c20aa12abb30068f0552,右壁追従 | target_deg=0.000,,196.06985459449172,249.0810271196907,99.24837400653296,72.93282820343431,90.31911472471597,0,4.6,70.71370280707238,0
4.65,141.1826129976896,137.50862444287182,131.6300766543559,27.999683096758876,0.0,35.0,0.0,418,435,375,435,35.0,NEUTRAL,program,sonic_drive_three_laps.py,function,ec959a186dbd8278df967871b3a34262848e2c5ecc08c20aa12abb30068f0552,右壁追従 | target_deg=0.000,,194.4532962947485,250.0,99.3523496348865,71.41379368048824,90.6311306097716,0,4.65,69.78366841110098,0
4.7,142.22903202193203,136.57858740140958,131.6300766543559,27.999754514272833,0.0,35.0,0.0,418,435,375,435,35.0,NEUTRAL,program,sonic_drive_three_laps.py,function,ec959a186dbd8278df967871b3a34262848e2c5ecc08c20aa12abb30068f0552,右壁追従 | target_deg=0.000,,194.2662941594286,249.4406545381557,98.84224387120757,69.61719718551105,90.57297697402147,0,4.7,68.85363136963873,0
4.75,143.27545335191903,135.64854831064605,131.6300766543559,27.99980983709088,0.0,35.0,0.0,418,435,375,435,35.0,NEUTRAL,program,sonic_drive_three_laps.py,function,ec959a186dbd8278df967871b3a34262848e2c5ecc08c20aa12abb30068f0552,右壁追従 | target_deg=0.000,,191.79216594698678,249.51991491997023,98.8257283319861,70.53685691522449,89.81218926176896,0,4.75,67.9235922788752,0
4.8,144.3218764680266,134.718507632413,131.6300766543559,27.999852692323817,0.0,35.0,0.0,418,435,375,435,35.0,NEUTRAL,program,sonic_drive_three_laps.py,function,ec959a186dbd8278df967871b3a34262848e2c5ecc08c20aa12abb30068f0552,右壁追従 | target_deg=0.000,,190.70482771376555,250.0,99.19390511353002,67.83977289032343,90.12286693594099,0,4.8,66.99355160064216,0
4.85,145.3683009677335,133.7884657244636,131.6300766543559,27.999885889674477,0.0,35.0,0.0,418,435,375,435,35.0,NEUTRAL,program,sonic_drive_three_laps.py,function,ec959a186dbd8278df967871b3a34262848e2c5ecc08c20aa12abb30068f0552,右壁追従 | target_deg=0.000,,188.8934192692111,250.0,98.65280502809547,67.48484283743616,90.18602843963413,0,4.85,66.06350969269276,0
4.9,146.41472653923088,132.8584228639275,131.6300766543559,27.999911605649288,0.0,35.0,0.0,418,435,375,435,35.0,NEUTRAL,program,sonic_drive_three_laps.py,function,ec959a186dbd8278df967871b3a34262848e2c5ecc08c20aa12abb30068f0552,右壁追従 | target_deg=0.000,,188.01070206981555,249.49221221403369,99.29454180765336,66.6549685733353,94.3002325181739,0,4.9,65.13346683215666,0
4.95,147.4611529409794,131.9283792654802,131.6300766543559,27.999931526255825,0.0,35.0,0.0,418,435,375,435,35.0,NEUTRAL,program,sonic_drive_three_laps.py,function,ec959a186dbd8278df967871b3a34262848e2c5ecc08c20aa12abb30068f0552,右壁追従 | target_deg=0.000,,187.03357666501944,250.0,99.40996636896826,65.46162120295908,92.8271842770691,0,4.95,64.20342323370936,0
5.0,148.50757998587312,130.9983350954179,131.6300766543559,27.99994695754192,0.0,35.0,0.0,418,435,375,435,35.0,NEUTRAL,program,sonic_drive_three_laps.py,function,ec959a186dbd8278df967871b3a34262848e2c5ecc08c20aa12abb30068f0552,右壁追従 | target_deg=0.000,,185.29693707621055,250.0,99.20189344084137,64.58775833501105,91.76944530273607,0,5.0,63.273379063647056,0
5.05,149.5540075289724,130.06829048256003,131.6300766543559,27.99995891122367,0.0,35.0,0.0,418,435,375,435,35.0,NEUTRAL,program,sonic_drive_three_laps.py,function,ec959a186dbd8278df967871b3a34262848e2c5ecc08c20aa12abb30068f0552,右壁追従 | target_deg=0.000,,183.21434059856392,249.51388704289346,99.37930270815828,64.76537390208141,90.87333954817643,0,5.05,62.343334450789186,0
5.1,150.60043545800136,129.13824552669539,131.6300766543559,27.999968171016178,0.0,35.0,0.0,418,435,375,435,35.0,NEUTRAL,program,sonic_drive_three_laps.py,function,ec959a186dbd8278df967871b3a34262848e2c5ecc08c20aa12abb30068f0552,右壁追従 | target_deg=0.000,,182.10661712352817,249.19254322869963,99.63993349943321,63.103386048574485,89.01635569767728,0,5.1,61.41328949492454,0
5.15,151.64686368598663,128.20820030512405,131.6300766543559,27.99997534401601,0.0,35.0,0.0,418,435,375,435,35.0,NEUTRAL,program,sonic_drive_three_laps.py,function,ec959a186dbd8278df967871b3a34262848e2c5ecc08c20aa12abb30068f0552,右壁追従 | target_deg=0.000,,180.4186494610341,249.97888852542704,100.09108166588992,62.4984523211426,88.48806376530997,0,5.15,60.48324427335321,0
5.2,152.69329214555526,127.27815487772598,131.6300766543559,27.999980900504085,0.0,35.0,0.0,418,435,375,435,35.0,NEUTRAL,program,sonic_drive_three_laps.py,function,ec959a186dbd8278df967871b3a34262848e2c5ecc08c20aa12abb30068f0552,右壁追従 | target_deg=0.000,,179.4003336144777,250.0,99.6303150741209,62.33989703180376,86.57481905615232,0,5.2,59.55319884595514,0
5.25,153.7397207845174,126.34810929088636,131.6300766543559,27.99998520477851,0.0,35.0,0.0,418,435,375,435,35.0,NEUTRAL,program,sonic_drive_three_laps.py,function,ec959a186dbd8278df967871b3a34262848e2c5ecc08c20aa12abb30068f0552,右壁追従 | target_deg=0.000,,177.97780057927133,250.0,99.55507668949747,61.03427992554902,85.87476368461937,0,5.25,58.62315325911551,0
5.3,154.78614956244488,125.41806358053701,131.6300766543559,27.99998853903894,0.0,35.0,0.0,418,435,375,435,35.0,NEUTRAL,program,sonic_drive_three_laps.py,function,ec959a186dbd8278df967871b3a34262848e2c5ecc08c20aa12abb30068f0552,右壁追従 | target_deg=0.000,,176.8347158039962,249.8146957735775,99.04916741929189,58.90482133692471,85.75992861548582,0,5.3,57.693107548766164,0
5.35,155.83257844802034,124.48801777451222,131.6300766543559,27.999991121888343,0.0,35.0,0.0,418,435,375,435,35.0,NEUTRAL,program,sonic_drive_three_laps.py,function,ec959a186dbd8278df967871b3a34262848e2c5ecc08c20aa12abb30068f0552,右壁追従 | target_deg=0.000,,175.68461123360248,250.0,100.2677509463399,58.74311292946204,83.9190931100321,0,5.35,56.76306174274137,0
5.4,156.87900741698422,123.55797189437342,131.6300766543559,27.99999312266518,0.0,35.0,0.0,418,435,375,435,35.0,NEUTRAL,program,sonic_drive_three_laps.py,function,ec959a186dbd8278df967871b3a34262848e2c5ecc08c20aa12abb30068f0552,右壁追従 | target_deg=0.000,,173.82898075535167,249.8883104712421,100.33432582582529,57.35072024004544,81.49845578045463,0,5.4,55.83301586260258,0
5.45,157.925436450544,122.62792595682303,131.6300766543559,27.99999467254569,0.0,35.0,0.0,418,435,375,435,35.0,NEUTRAL,program,sonic_drive_three_laps.py,function,ec959a186dbd8278df967871b3a34262848e2c5ecc08c20aa12abb30068f0552,右壁追従 | target_deg=0.000,,172.4490556131154,249.72762148189912,100.20067265444919,56.23512416391154,80.38888074877615,0,5.45,54.90296992505219,0
5.5,158.97186553414232,121.69787997479933,131.6300766543559,27.999995873144147,0.0,35.0,0.0,418,435,375,435,35.0,NEUTRAL,program,sonic_drive_three_laps.py,function,ec959a186dbd8278df967871b3a34262848e2c5ecc08c20aa12abb30068f0552,右壁追従 | target_deg=0.000,,170.9959491365291,250.0,99.92151820795094,55.74404924731489,79.67984241192569,0,5.5,53.97292394302849,0
5.55,160.01829465650246,120.76783395832487,131.6300766543559,27.999996803174977,0.0,35.0,0.0,418,435,375,435,35.0,NEUTRAL,program,sonic_drive_three_laps.py,function,ec959a186dbd8278df967871b3a34262848e2c5ecc08c20aa12abb30068f0552,右壁追従 | target_deg=0.000,,169.9097572115278,250.0,100.69489368693854,53.90969687932597,79.1114858435335,0,5.55,53.04287792655403,0
5.6,161.06472380888908,119.83778791516349,131.6300766543559,27.999997523613473,0.0,35.0,0.0,418,435,375,435,35.0,NEUTRAL,program,sonic_drive_three_laps.py,function,ec959a186dbd8278df967871b3a34262848e2c5ecc08c20aa12abb30068f0552,右壁追従 | target_deg=0.000,,168.36033583431458,249.83960298218557,101.24773093938919,53.715465004375645,78.15904366345366,0,5.6,52.112831883392644,0
5.65,162.11115298453538,118.90774185132935,131.6300766543559,27.999998081693498,0.0,35.0,0.0,418,435,375,435,35.0,NEUTRAL,program,sonic_drive_three_laps.py,function,ec959a186dbd8278df967871b3a34262848e2c5ecc08c20aa12abb30068f0552,右壁追従 | target_deg=0.000,,167.4459965378697,249.48517258046866,100.34420891976578,53.236987822949985,75.87963438441176,0,5.65,51.182785819558504,0
5.7,163.15758217819945,117.97769577148131,131.6300766543559,27.99999851400426,0.0,35.0,0.0,418,435,375,435,35.0,NEUTRAL,program,sonic_drive_three_laps.py,function,ec959a186dbd8278df967871b3a34262848e2c5ecc08c20aa12abb30068f0552,右壁追従 | target_deg=0.000,,164.39800348400118,249.82792293944615,100.05574806341602,51.383101267807405,75.61093993732035,0,5.7,50.252739739710464,0
5.75,164.20401138582093,117.04764967922827,131.6300766543559,27.999998848889195,0.0,35.0,0.0,418,435,375,435,35.0,NEUTRAL,program,sonic_drive_three_laps.py,function,ec959a186dbd8278df967871b3a34262848e2c5ecc08c20aa12abb30068f0552,右壁追従 | target_deg=0.000,,164.03978256332556,249.80332429955862,100.05321860054828,50.61347058968502,73.06565552562417,0,5.75,49.32269364745743,0
5.8,165.2504406042543,116.11760357736583,131.6300766543559,27.99999910830425,0.0,35.0,0.0,418,435,375,435,35.0,NEUTRAL,program,sonic_drive_three_laps.py,function,ec959a186dbd8278df967871b3a34262848e2c5ecc08c20aa12abb30068f0552,右壁追従 | target_deg=0.000,,162.8089221112539,250.0,100.00094775356685,50.028345829902946,71.51439742185903,0,5.8,48.39264754559498,0
5.85,166.2928666209411,115.19309513225134,131.48367586890498,27.77914589219703,2.24,33.775,7.0,417,442,375,435,33.775,NEUTRAL,program,sonic_drive_three_laps.py,function,ec959a186dbd8278df967871b3a34262848e2c5ecc08c20aa12abb30068f0552,右壁追従 | target_deg=5.585,,161.62281353335106,249.6252407557414,100.41357069351862,48.688524860443046,70.70753871569363,0,5.85,47.355069004892144,0
5.9,167.32692860267449,114.28360492736941,131.15708838164483,27.38721087887237,4.48,32.55,14.0,415,449,375,435,32.55,NEUTRAL,program,sonic_drive_three_laps.py,function,ec959a186dbd8278df967871b3a34262848e2c5ecc08c20aa12abb30068f0552,右壁追従 | target_deg=11.083,,160.57424000024102,249.39438871210652,101.56274331879486,48.212813254827914,69.52938023787833,0,5.9,46.23300560623077,0
5.95,168.34969778060966,113.39706515176141,130.65632397229678,26.862749169873435,6.72,31.325,21.0,414,457,375,435,31.325,NEUTRAL,program,sonic_drive_three_laps.py,function,ec959a186dbd8278df967871b3a34262848e2c5ecc08c20aa12abb30068f0552,右壁追従 | target_deg=16.413,,159.83938924642942,250.0,101.00486200143881,47.505156537860486,67.31579992412165,0,5.95,45.1550858328598,0
6.0,169.361054704187,112.53786777302727,130.0359301293335,26.330278529237695,8.0,30.625,25.0,413,461,375,435,30.625,NEUTRAL,program,sonic_drive_three_laps.py,function,ec959a186dbd8278df967871b3a34262848e2c5ecc08c20aa12abb30068f0552,右壁追従 | target_deg=19.359,,160.3396976570996,250.0,100.00436625170222,45.93257006367487,65.7099731081673,0,6.0,44.12989468964186,0
6.05,170.36399720391248,111.7044076978341,129.41823680921777,25.917805807447575,8.0,30.625,25.0,413,461,375,435,30.625,NEUTRAL,program,sonic_drive_three_laps.py,function,ec959a186dbd8278df967871b3a34262848e2c5ecc08c20aa12abb30068f0552,右壁追従 | target_deg=19.359,,161.08463350571276,250.0,99.86225585633187,45.74965267890363,65.95447799610992,0,6.05,43.15599195962306,0
6.1,171.36198252646088,110.8929733325916,128.80898258864175,25.598288197954936,8.0,30.625,25.0,413,461,375,435,30.625,NEUTRAL,program,sonic_drive_three_laps.py,function,ec959a186dbd8278df967871b3a34262848e2c5ecc08c20aa12abb30068f0552,右壁追従 | target_deg=19.359,,162.10498862094093,249.48114884085732,100.28320064599998,45.03121911835448,62.820650582227046,0,6.1,42.230100645440196,0
6.15,172.3576942557135,110.10073211031971,128.20626562681946,25.350777278122905,8.0,30.625,25.0,413,461,375,435,30.625,NEUTRAL,program,sonic_drive_three_laps.py,function,ec959a186dbd8278df967871b3a34262848e2c5ecc08c20aa12abb30068f0552,右壁追従 | target_deg=19.359,,160.08374697178493,249.8339045134867,99.87360438008935,43.59521831305203,61.24481106557153,0,6.15,41.350315676746916,0
6.2,173.27973860438954,109.38350066004236,127.52856591366782,22.0601485435263,10.24,13.436455153735393,32.0,391,468,375,435,13.436455153735393,NEUTRAL,program,sonic_drive_three_laps.py,function,ec959a186dbd8278df967871b3a34262848e2c5ecc08c20aa12abb30068f0552,仕切り端：検出側から離れて通過 | target_deg=24.305,,157.50789439450884,250.0,99.28990560125837,41.858789230523094,59.367031205074625,0,6.2,40.58476198797408,0
6.25,174.0966565410744,108.76408374366443,126.7935395599419,19.48392459542535,12.48,13.285733524083303,39.0,391,475,375,435,13.285733524083303,NEUTRAL,program,sonic_drive_three_laps.py,function,ec959a186dbd8278df967871b3a34262848e2c5ecc08c20aa12abb30068f0552,仕切り端：検出側から離れて通過 | target_deg=28.957,,154.56441427277693,250.0,100.32676023706291,41.52385227574067,57.35080351226057,0,6.25,39.95579396681869,0
6.3,174.83577424688934,108.21732609080013,126.20753301981352,17.668568602119347,10.24,14.285733524083303,32.0,392,468,375,435,14.285733524083303,NEUTRAL,program,sonic_drive_three_laps.py,function,ec959a186dbd8278df967871b3a34262848e2c5ecc08c20aa12abb30068f0552,右壁追従 | target_deg=24.305,,151.75389295100192,250.0,100.06206720324799,92.32067116107923,57.00076542506099,0,6.3,39.41613368909469,0
6.35,175.51560018357137,107.72495472069825,125.60541928936902,16.21080790898947,12.48,14.0,39.0,392,475,375,435,14.0,NEUTRAL,program,sonic_drive_three_laps.py,function,ec959a186dbd8278df967871b3a34262848e2c5ecc08c20aa12abb30068f0552,仕切り端：検出側から離れて通過 | target_deg=28.957,,149.03556429150694,249.65648418670492,99.92383367319475,92.78379770828644,55.40268967427406,0,6.35,38.953993281370835,0
6.4,176.1538934763655,107.27338581047185,124.93571269433829,15.261857587270056,14.72,15.0,46.0,393,483,375,435,15.0,NEUTRAL,program,sonic_drive_three_laps.py,function,ec959a186dbd8278df967871b3a34262848e2c5ecc08c20aa12abb30068f0552,左回避 | target_deg=33.297,,146.4638903448755,248.76291948994506,99.40574853859826,92.87525809757683,54.78990088683142,0,6.4,38.55834849418335,0
6.45,176.76844652195027,106.84990395800969,124.19047365946858,14.707051811285856,16.96,16.0,53.0,395,490,375,435,16.0,NEUTRAL,program,sonic_drive_three_laps.py,function,ec959a186dbd8278df967871b3a34262848e2c5ecc08c20aa12abb30068f0552,左回避 | target_deg=37.323,,144.10392395548942,249.5687153678212,99.85966297662165,92.93437488565641,54.398446301529304,0,6.45,38.21745589234285,0
6.5,177.3733781935077,106.44522170938468,123.3579765188739,14.45756591803553,19.2,17.0,60.0,396,498,375,435,17.0,NEUTRAL,program,sonic_drive_three_laps.py,function,ec959a186dbd8278df967871b3a34262848e2c5ecc08c20aa12abb30068f0552,左回避 | target_deg=41.043,,143.26747340202888,250.0,99.08726383612147,91.72839053714699,52.657340527409424,0,6.5,37.924981488044054,0
6.55,177.97999794608808,106.05280884739933,122.42380052715447,14.444592826500466,21.44,18.0,67.0,397,505,375,435,18.0,NEUTRAL,program,sonic_drive_three_laps.py,function,ec959a186dbd8278df967871b3a34262848e2c5ecc08c20aa12abb30068f0552,左回避 | target_deg=44.472,,140.47307927954586,250.0,99.40599173233049,92.05323775513673,52.55006207105591,0,6.55,37.67916641843388,0
6.6,178.59747154058056,105.66838707784889,121.37152012168531,14.614831862765023,23.68,19.0,74.0,398,512,375,435,19.0,NEUTRAL,program,sonic_drive_three_laps.py,function,ec959a186dbd8278df967871b3a34262848e2c5ecc08c20aa12abb30068f0552,左回避 | target_deg=47.632,,138.90875692099593,250.0,99.49170693706671,91.13631459982115,50.776110053306375,0,6.6,37.48226295857035,0
6.65,179.23333305576696,105.2895588695667,120.18310525943025,14.926994226348135,25.92,20.0,81.0,400,520,375,435,20.0,NEUTRAL,program,sonic_drive_three_laps.py,function,ec959a186dbd8278df967871b3a34262848e2c5ecc08c20aa12abb30068f0552,左回避 | target_deg=50.544,,136.37565546942915,249.49578419565262,100.28272979156631,91.83624841266959,50.00526220040027,0,6.65,37.34017529517437,0
6.7,179.88719855315037,104.91922247404993,118.85274362366567,15.09669208163097,28.16,19.6,88.0,399,527,375,435,19.6,NEUTRAL,program,sonic_drive_three_laps.py,function,ec959a186dbd8278df967871b3a34262848e2c5ecc08c20aa12abb30068f0552,左回避 | target_deg=53.231,,133.3856178744175,249.37217522298866,100.7808033351696,91.64540758864646,49.250096396479044,0,6.7,37.26274656391219,0
6.75,180.55046563888004,104.56460518579178,117.39217899494503,15.007293304336095,30.4,18.375,95.0,397,534,375,435,18.375,NEUTRAL,program,sonic_drive_three_laps.py,function,ec959a186dbd8278df967871b3a34262848e2c5ecc08c20aa12abb30068f0552,左回避 | target_deg=55.714,,130.62434743373439,250.0,99.49889386753952,92.38179814953318,48.221817674936666,0,6.75,37.259934023011255,0
6.8,181.21514180754318,104.23147113469419,115.83846241019472,14.780289051025253,32.0,17.5,100.0,396,540,375,435,17.5,NEUTRAL,program,sonic_drive_three_laps.py,function,ec959a186dbd8278df967871b3a34262848e2c5ecc08c20aa12abb30068f0552,左回避 | target_deg=57.375,,129.19421168148293,249.5766063118422,100.14233783409094,93.59116410294357,46.44238431674956,0,6.8,37.33375318544902,0
6.85,181.87972689756376,103.9206394280712,114.29326574378342,14.604442619174542,32.0,17.5,100.0,396,540,375,435,17.5,NEUTRAL,program,sonic_drive_three_laps.py,function,ec959a186dbd8278df967871b3a34262848e2c5ecc08c20aa12abb30068f0552,左回避 | target_deg=57.375,,125.9455264408724,244.48178754667433,100.76458564052669,94.03119196749739,46.416110257425,0,6.85,37.46642773006949,0
6.9,182.54544774021713,103.6307796450317,112.7640654360307,14.468225049928012,32.0,17.5,100.0,396,540,375,435,17.5,NEUTRAL,program,sonic_drive_three_laps.py,function,ec959a186dbd8278df967871b3a34262848e2c5ecc08c20aa12abb30068f0552,左回避 | target_deg=57.375,,121.89115564116297,229.51276213407087,101.18625984734349,94.06930433100797,45.3325258523145,0,6.9,37.653524573879736,0
6.95,183.21318271457685,103.36092045684542,111.24725653747726,14.362705557856737,32.0,17.5,100.0,396,540,375,435,17.5,NEUTRAL,program,sonic_drive_three_laps.py,function,ec959a186dbd8278df967871b3a34262848e2c5ecc08c20aa12abb30068f0552,左回避 | target_deg=57.375,,121.49756850428508,214.94842024498024,101.03233476131838,96.13026285963956,44.27739045865065,0,6.95,37.8930460095134,0
7.0,183.88353682834492,103.11036997987915,109.74004651234361,14.280966004959353,32.0,17.5,100.0,396,540,375,435,17.5,NEUTRAL,program,sonic_drive_three_laps.py,function,ec959a186dbd8278df967871b3a34262848e2c5ecc08c20aa12abb30068f0552,左回避 | target_deg=57.375,,249.37741407559486,201.11827276297635,102.53816612342418,96.40684337539892,43.572501099199826,0,7.0,38.18315982478087,0
7.05,184.56189504348677,102.87643124210759,108.33156105591138,14.397935832893236,29.76,18.5,93.0,398,532,375,435,18.5,NEUTRAL,program,sonic_drive_three_laps.py,function,ec959a186dbd8278df967871b3a34262848e2c5ecc08c20aa12abb30068f0552,右壁追従 | target_deg=55.024,,248.3018101991884,188.78250520354996,102.15951895478196,97.87740370004786,43.00907935931397,0,7.05,38.49931409111768,0
7.1,185.25560188830815,102.65541941612939,107.02825094601138,14.668833770476217,27.52,19.5,86.0,399,525,375,435,19.5,NEUTRAL,program,sonic_drive_three_laps.py,function,ec959a186dbd8278df967871b3a34262848e2c5ecc08c20aa12abb30068f0552,右壁追従 | target_deg=52.485,,245.47162472086725,178.89019205730224,103.6208199605726,99.22208057735433,42.89493789600592,0,7.1,38.80041193537304,0
7.15,185.97043806685085,102.44483008563239,105.81772104936738,15.058970481996413,25.28,20.5,79.0,400,517,375,435,20.5,NEUTRAL,program,sonic_drive_three_laps.py,function,ec959a186dbd8278df967871b3a34262848e2c5ecc08c20aa12abb30068f0552,右壁追従 | target_deg=49.736,,243.62254203554284,171.70444673407638,103.28954997898192,100.17863065551904,42.76894053760731,0,7.15,39.0411936155918,0
7.2,186.71092908151414,102.24298360023806,104.69341180841627,15.541474242280232,23.04,21.5,72.0,401,510,375,435,21.5,NEUTRAL,program,sonic_drive_three_laps.py,function,ec959a186dbd8278df967871b3a34262848e2c5ecc08c20aa12abb30068f0552,右壁追従 | target_deg=46.756,,239.8035550598968,165.0390854644021,103.79444159164633,101.45100762416291,42.27052418018006,0,7.2,39.229389098537354,0
7.25,187.48058893616795,102.04872793561188,103.65297822607937,16.09552915505908,20.8,22.5,65.0,403,503,375,435,22.5,NEUTRAL,program,sonic_drive_three_laps.py,function,ec959a186dbd8278df967871b3a34262848e2c5ecc08c20aa12abb30068f0552,右壁追従 | target_deg=43.521,,238.38431744124355,158.76766651329928,104.70551097715749,102.16117520532659,39.11953221326945,0,7.25,39.371637693398526,0
7.3,188.28212170225177,101.86121793756342,102.69713511495536,16.705010407554248,18.56,23.5,58.0,404,495,375,435,23.5,NEUTRAL,program,sonic_drive_three_laps.py,function,ec959a186dbd8278df967871b3a34262848e2c5ecc08c20aa12abb30068f0552,右壁追従 | target_deg=40.010,,237.03638356043024,154.19660972155285,105.5078009142676,102.74902824239093,39.920123411474385,0,7.3,39.47377379784969,0
7.35,189.11758604762994,101.6797479440058,101.82883689996231,17.357427084947886,16.32,24.5,51.0,405,488,375,435,24.5,NEUTRAL,program,sonic_drive_three_laps.py,function,ec959a186dbd8278df967871b3a34262848e2c5ecc08c20aa12abb30068f0552,右壁追従 | target_deg=36.204,,234.082748132137,150.77270504419187,104.68927981220403,105.15606066860019,39.9811603201287,0,7.35,39.541319130388224,0
7.4,189.98852827825496,101.50362225594957,101.05269811440655,18.043103232850438,14.08,25.5,44.0,406,481,375,435,25.5,NEUTRAL,program,sonic_drive_three_laps.py,function,ec959a186dbd8278df967871b3a34262848e2c5ecc08c20aa12abb30068f0552,右壁追従 | target_deg=32.089,,231.39197388185968,146.54910811427865,106.12092711836277,104.96835725631249,53.26378503402011,0,7.4,39.57979041398287,0
7.45,190.8960889587504,101.33205271297568,100.3745875614967,18.754543476046067,11.84,26.5,37.0,408,473,375,435,26.5,NEUTRAL,program,sonic_drive_three_laps.py,function,ec959a186dbd8278df967871b3a34262848e2c5ecc08c20aa12abb30068f0552,右壁追従 | target_deg=27.659,,250.0,143.5755624947663,104.68964207327049,106.16410013382612,62.76347587362631,0,7.45,39.59488091194786,0
7.5,191.84108735379894,101.16407576129482,99.80134821162346,19.485941601797084,9.6,27.5,30.0,409,466,375,435,27.5,NEUTRAL,program,sonic_drive_three_laps.py,function,ec959a186dbd8278df967871b3a34262848e2c5ecc08c20aa12abb30068f0552,右壁追従 | target_deg=22.921,,250.0,141.68941617038428,106.04307496988636,108.466137767731,72.76017855450516,0,7.5,39.592554178022304,0
7.55,192.8240870390385,100.99848350662153,99.34060855118423,20.232799889124255,7.36,28.5,23.0,410,459,375,435,28.5,NEUTRAL,program,sonic_drive_three_laps.py,function,ec959a186dbd8278df967871b3a34262848e2c5ecc08c20aa12abb30068f0552,右壁追従 | target_deg=17.896,,250.0,139.75677205290364,106.91085443140011,107.92117223975117,82.43873282416973,0,7.55,39.579075264961894,0
7.6,193.84544518134484,100.83376469683729,99.00066088478178,20.991634226280237,5.12,29.5,16.0,411,451,375,435,29.5,NEUTRAL,program,sonic_drive_three_laps.py,function,ec959a186dbd8278df967871b3a34262848e2c5ecc08c20aa12abb30068f0552,右壁追従 | target_deg=12.626,,250.0,137.9453093060539,105.39594962378163,107.84354926250089,89.50716563500951,0,7.6,39.56099580172248,0
7.65,194.90534722122635,100.6680526137456,98.7903891387117,21.759745683134845,2.88,30.5,9.0,413,444,375,435,30.5,NEUTRAL,program,sonic_drive_three_laps.py,function,ec959a186dbd8278df967871b3a34262848e2c5ecc08c20aa12abb30068f0552,右壁追従 | target_deg=7.168,,250.0,136.88112285195922,106.41927689453979,108.81258209560542,90.81162499884339,0,7.65,39.545103199885595,0
7.7,196.00382800672392,100.49907761744304,98.71923381046156,22.53504356215143,0.64,31.5,2.0,414,437,375,435,31.5,NEUTRAL,program,sonic_drive_three_laps.py,function,ec959a186dbd8278df967871b3a34262848e2c5ecc08c20aa12abb30068f0552,右壁追従 | target_deg=1.600,,249.7052450501206,136.04620756583319,105.85057076204768,109.2500432975381,90.21457781489946,0,7.7,39.53833979043864,0
7.75,197.1408679091808,100.32469540818765,98.71923381046156,23.315908326706605,0.0,32.5,0.0,415,435,375,435,32.5,NEUTRAL,program,sonic_drive_three_laps.py,function,ec959a186dbd8278df967871b3a34262848e2c5ecc08c20aa12abb30068f0552,右壁追従 | target_deg=0.000,,250.0,136.032339159874,105.68747344703382,109.01819484635911,89.11815251573911,0,7.75,39.53833979043864,0
7.8,198.3166285562821,100.14437478904838,98.71923381046156,24.101085419970197,0.0,33.5,0.0,416,435,375,435,33.5,NEUTRAL,program,sonic_drive_three_laps.py,function,ec959a186dbd8278df967871b3a34262848e2c5ecc08c20aa12abb30068f0552,右壁追従 | target_deg=0.000,,249.9313403603623,137.60817246122406,104.81086598919504,108.33321296754023,88.2637470157832,0,7.8,39.53833979043864,0
7.85,199.5312940625939,99.95808752328112,98.71923381046156,24.889603012829202,0.0,34.5,0.0,418,435,375,435,34.5,NEUTRAL,program,sonic_drive_three_laps.py,function,ec959a186dbd8278df967871b3a34262848e2c5ecc08c20aa12abb30068f0552,右壁追従 | target_deg=0.000,,249.63229245004004,136.51888010242257,103.7474922241135,109.49949155639997,89.65360955336938,0,7.85,39.53833979043864,0
7.9,200.78231616085344,99.76622442608425,98.71923381046156,25.590564036330075,0.0,35.0,0.0,418,435,375,435,35.0,NEUTRAL,program,sonic_drive_three_laps.py,function,ec959a186dbd8278df967871b3a34262848e2c5ecc08c20aa12abb30068f0552,右壁追従 | target_deg=0.000,,250.0,136.7174683853921,102.38313542294705,108.00932538084177,88.8583724978504,0,7.9,39.53833979043864,0
7.95,202.063265739933,99.5697714985643,98.71923381046156,26.133556042212295,0.0,35.0,0.0,418,435,375,435,35.0,NEUTRAL,program,sonic_drive_three_laps.py,function,ec959a186dbd8278df967871b3a34262848e2c5ecc08c20aa12abb30068f0552,右壁追従 | target_deg=0.000,,250.0,137.30708946786794,101.9138316736182,108.43949008076409,88.93666231786793,0,7.95,39.538339790438634,0
8.0,203.36739832391098,99.36976310777288,98.71923381046156,26.55417902775213,0.0,35.0,0.0,418,435,375,435,35.0,NEUTRAL,program,sonic_drive_three_laps.py,function,ec959a186dbd8278df967871b3a34262848e2c5ecc08c20aa12abb30068f0552,右壁追従 | target_deg=0.000,,249.38262997373673,138.4858340389923,101.29306385498663,106.96706224310674,88.85999366311493,0,8.0,39.538339790438634,0
8.05,204.68948937620627,99.16700051515159,98.71923381046156,26.88001015242401,0.0,35.0,0.0,418,435,375,435,35.0,NEUTRAL,program,sonic_drive_three_laps.py,function,ec959a186dbd8278df967871b3a34262848e2c5ecc08c20aa12abb30068f0552,右壁追従 | target_deg=0.000,,250.0,138.01022938304422,101.01122415998216,107.79369631520623,88.05581000258907,0,8.05,39.549619714822164,0
8.1,206.0254917650912,98.96210440935897,98.71923381046156,27.132411769679155,0.0,35.0,0.0,418,435,375,435,35.0,NEUTRAL,program,sonic_drive_three_laps.py,function,ec959a186dbd8278df967871b3a34262848e2c5ecc08c20aa12abb30068f0552,右壁追従 | target_deg=0.000,,248.97127851448656,137.32550386273428,99.80101075459825,107.74690388781836,88.79309927894255,0,8.1,39.6026142709053,0
8.15,207.37227042299267,98.75555560026669,98.71923381046156,27.32793199954415,0.0,35.0,0.0,418,435,375,435,35.0,NEUTRAL,program,sonic_drive_three_laps.py,function,ec959a186dbd8278df967871b3a34262848e2c5ecc08c20aa12abb30068f0552,右壁追従 | target_deg=0.000,,250.0,139.79615527932194,99.06716529926611,107.4055968259415,87.31997188458486,0,8.15,39.69980812640793,0
8.2,208.72739680313975,98.54772654213099,98.71923381046156,27.479389667296786,0.0,35.0,0.0,418,435,375,435,35.0,NEUTRAL,program,sonic_drive_three_laps.py,function,ec959a186dbd8278df967871b3a34262848e2c5ecc08c20aa12abb30068f0552,右壁追従 | target_deg=0.000,,250.0,139.41349539200786,98.19966322226985,106.40035286667843,87.31763942311883,0,8.2,39.84165576233922,0
8.25,210.08898965759104,98.33890575268242,98.71923381046156,27.596714739678852,0.0,35.0,0.0,418,435,375,435,35.0,NEUTRAL,program,sonic_drive_three_laps.py,function,ec959a186dbd8278df967871b3a34262848e2c5ecc08c20aa12abb30068f0552,右壁追従 | target_deg=0.000,,250.0,140.2071610461966,97.24605437881695,106.62924717515628,87.33308686555574,0,8.25,40.02823902209574,0
8.3,211.45559169762564,98.12931672911408,98.71923381046156,27.68759935987476,0.0,35.0,0.0,418,435,375,435,35.0,NEUTRAL,program,sonic_drive_three_laps.py,function,ec959a186dbd8278df967871b3a34262848e2c5ecc08c20aa12abb30068f0552,右壁追従 | target_deg=0.000,,250.0,139.4176446152248,96.79737628740331,105.99552442847028,87.61175291685976,0,8.3,40.259334928175264,0
8.35,212.82607405002656,97.91913260115096,98.71923381046156,27.758002164837514,0.0,35.0,0.0,418,435,375,435,35.0,NEUTRAL,program,sonic_drive_three_laps.py,function,ec959a186dbd8278df967871b3a34262848e2c5ecc08c20aa12abb30068f0552,右壁追従 | target_deg=0.000,,249.69672175422417,139.68730178148692,95.61956164632596,106.36284450237584,88.03150684129386,0,8.35,40.53447050217184,0
8.4,214.1995622451556,97.70848748189415,98.71923381046156,27.812538949344493,0.0,35.0,0.0,418,435,375,435,35.0,NEUTRAL,program,sonic_drive_three_laps.py,function,ec959a186dbd8278df967871b3a34262848e2c5ecc08c20aa12abb30068f0552,右壁追従 | target_deg=0.000,,249.83766267606478,141.03029054277107,95.33659562916232,105.78021338207056,86.25369389931363,0,8.4,40.85296769716128,0
8.45,215.57537888440288,97.49748526063185,98.71923381046156,27.854785289755707,0.0,35.0,0.0,418,435,375,435,35.0,NEUTRAL,program,sonic_drive_three_laps.py,function,ec959a186dbd8278df967871b3a34262848e2c5ecc08c20aa12abb30068f0552,右壁追従 | target_deg=0.000,,250.0,140.50185260583785,94.71700273027278,105.71667817981171,87.12494578853484,0,8.45,41.213980794517326,0
8.5,216.95299922813587,97.28620641409688,98.71923381046156,27.8875109682913,0.0,35.0,0.0,418,435,375,435,35.0,NEUTRAL,program,sonic_drive_three_laps.py,function,ec959a186dbd8278df967871b3a34262848e2c5ecc08c20aa12abb30068f0552,右壁追従 | target_deg=0.000,,248.73203893523316,141.6538555810931,93.64886176081156,104.42193595806492,87.08783069574139,0,8.5,41.61652800793675,0
8.55,218.33201679237592,97.07471328273489,98.71923381046156,27.912861567306273,0.0,35.0,0.0,418,435,375,435,35.0,NEUTRAL,program,sonic_drive_three_laps.py,function,ec959a186dbd8278df967871b3a34262848e2c5ecc08c20aa12abb30068f0552,右壁追従 | target_deg=0.000,,250.0,141.60868748928328,92.11142639070805,104.28955591044948,86.17203738958833,0,8.55,42.05951856185522,0
8.6,219.7121166986298,96.86305415790936,98.71923381046156,27.932499139365138,0.0,35.0,0.0,418,435,375,435,35.0,NEUTRAL,program,sonic_drive_three_laps.py,function,ec959a186dbd8278df967871b3a34262848e2c5ecc08c20aa12abb30068f0552,右壁追従 | target_deg=0.000,,250.0,142.1593100171067,91.74030265722519,104.21236434750284,85.86623691379452,0,8.6,42.54177615073299,0
8.65,221.0930550296198,96.6512664480118,98.71923381046156,27.94771117581996,0.0,35.0,0.0,418,435,375,435,35.0,NEUTRAL,program,sonic_drive_three_laps.py,function,ec959a186dbd8278df967871b3a34262848e2c5ecc08c20aa12abb30068f0552,右壁追従 | target_deg=0.000,,249.724039801033,141.97214442995232,91.24154715150215,104.13848730782537,86.39390546965377,0,8.65,43.062059420045614,0
8.7,222.4746428374194,96.43937913105499,98.71923381046156,27.95949501816101,0.0,35.0,0.0,418,435,375,435,35.0,NEUTRAL,program,sonic_drive_three_laps.py,function,ec959a186dbd8278df967871b3a34262848e2c5ecc08c20aa12abb30068f0552,右壁追従 | target_deg=0.000,,249.42243905915743,143.23774099453692,89.95736486423262,104.34477121847814,85.69466045532437,0,8.7,43.61907992026645,0
8.75,223.8567337555259,96.22741465454854,98.71923381046156,27.968623246372346,0.0,35.0,0.0,418,435,375,435,35.0,NEUTRAL,program,sonic_drive_three_laps.py,function,ec959a186dbd8278df967871b3a34262848e2c5ecc08c20aa12abb30068f0552,右壁追従 | target_deg=0.000,,249.55605617724441,143.73652705144292,88.91982589888943,103.67464680484278,85.08950115698906,0,8.75,44.211517854593545,0
8.8,225.23921440268376,96.01539040721711,98.71923381046156,27.975694331326356,0.0,35.0,0.0,418,435,375,435,35.0,NEUTRAL,program,sonic_drive_three_laps.py,function,ec959a186dbd8278df967871b3a34262848e2c5ecc08c20aa12abb30068f0552,右壁追従 | target_deg=0.000,,250.0,143.2946784070735,88.44495817490089,103.65757790948015,84.97342692889247,0,8.8,44.838035854915276,0
8.85,226.6219969493085,95.80331985905146,98.71923381046156,27.981171872122793,0.0,35.0,0.0,418,435,375,435,35.0,NEUTRAL,program,sonic_drive_three_laps.py,function,ec959a186dbd8278df967871b3a34262848e2c5ecc08c20aa12abb30068f0552,右壁追従 | target_deg=0.000,,249.29475623351328,144.06417558125503,87.92885620698043,103.57035575870053,84.53064454746786,0,8.85,45.497290966279195,0
8.9,228.0050133591463,95.59121344443676,98.71923381046156,27.985414990876393,0.0,35.0,0.0,418,435,375,435,35.0,NEUTRAL,program,sonic_drive_three_laps.py,function,ec959a186dbd8278df967871b3a34262848e2c5ecc08c20aa12abb30068f0552,右壁追従 | target_deg=0.000,,250.0,144.3984481172131,85.08878209119206,103.17396685744603,84.72689072658723,0,8.9,46.18794498808086,0
8.95,229.38821092863614,95.37907924625856,98.71923381046156,27.98870187771599,0.0,35.0,0.0,418,435,375,435,35.0,NEUTRAL,program,sonic_drive_three_laps.py,function,ec959a186dbd8278df967871b3a34262848e2c5ecc08c20aa12abb30068f0552,右壁追従 | target_deg=0.000,,250.0,145.02803623363837,83.93666917489072,101.97618376871216,84.6218043963391,0,8.95,46.90867330269181,0
9.0,230.77154883152477,95.16692352583819,98.71923381046156,27.991248029667815,0.0,35.0,0.0,418,435,375,435,35.0,NEUTRAL,program,sonic_drive_three_laps.py,function,ec959a186dbd8278df967871b3a34262848e2c5ecc08c20aa12abb30068f0552,右壁追従 | target_deg=0.000,,250.0,144.00071487162887,84.00964791282077,102.7276231475224,84.38452750255647,0,9.0,47.658172313597454,0
9.05,232.15499544218906,94.95475113344173,98.71923381046156,27.993220379212584,0.0,35.0,0.0,418,435,375,435,35.0,NEUTRAL,program,sonic_drive_three_laps.py,function,ec959a186dbd8278df967871b3a34262848e2c5ecc08c20aa12abb30068f0552,右壁追従 | target_deg=0.000,,250.0,144.65204786335616,86.30879741591544,103.04699181043684,84.14504658822503,0,9.05,48.43516561123619,0
9.1,233.53852626217625,94.74256582627619,98.71923381046156,27.994748238822048,0.0,35.0,0.0,418,435,375,435,35.0,NEUTRAL,program,sonic_drive_three_laps.py,function,ec959a186dbd8278df967871b3a34262848e2c5ecc08c20aa12abb30068f0552,右壁追従 | target_deg=0.000,,249.63387362135245,145.06145495771517,86.71426080716648,101.84845078430646,83.63314688334066,0,9.1,49.23840898285623,0
9.15,234.92212231402033,94.53037051482208,98.71923381046156,27.9959317790279,0.0,35.0,0.0,418,435,375,435,35.0,NEUTRAL,program,sonic_drive_three_laps.py,function,ec959a186dbd8278df967871b3a34262848e2c5ecc08c20aa12abb30068f0552,右壁追従 | target_deg=0.000,,250.0,146.38113505409044,86.78515823301217,99.6202065372869,83.76382069490653,0,9.15,50.066694381089285,0
9.2,236.3057688970289,94.31816745365215,98.71923381046156,27.99684859586774,0.0,35.0,0.0,418,435,375,435,35.0,NEUTRAL,program,sonic_drive_three_laps.py,function,ec959a186dbd8278df967871b3a34262848e2c5ecc08c20aa12abb30068f0552,右壁追従 | target_deg=0.000,,250.0,145.74519840979514,87.16275910822232,100.07273059409293,84.117797291674,0,9.2,50.91885296358599,0
9.25,237.68945462346704,94.10595838924723,98.71923381046156,27.99755879828728,0.0,35.0,0.0,418,435,375,435,35.0,NEUTRAL,program,sonic_drive_three_laps.py,function,ec959a186dbd8278df967871b3a34262848e2c5ecc08c20aa12abb30068f0552,右壁追従 | target_deg=0.000,,249.6391677254137,146.36213552501025,87.3839245723203,97.51633839610966,84.0008775138906,0,9.25,51.79375731251805,0
9.3,239.07317067194666,93.89374467450017,98.71923381046156,27.99810894904237,0.0,35.0,0.0,418,435,375,435,35.0,NEUTRAL,program,sonic_drive_three_laps.py,function,ec959a186dbd8278df967871b3a34262848e2c5ecc08c20aa12abb30068f0552,右壁追従 | target_deg=0.000,,250.0,147.02462974309225,86.92270419114838,93.75326664127894,83.56365538339435,0,9.3,52.69032293792534,0
9.35,240.45691020907347,93.68152735741496,98.71923381046156,27.998535117476887,0.0,35.0,0.0,418,435,375,435,35.0,NEUTRAL,program,sonic_drive_three_laps.py,function,ec959a186dbd8278df967871b3a34262848e2c5ecc08c20aa12abb30068f0552,右壁追従 | target_deg=0.000,,250.0,147.20158352319982,87.10448633349958,92.66695036584274,83.14395253085783,0,9.35,53.60750916290374,0
9.4,241.84066794143118,93.46930724981684,98.71923381046156,27.998865244324666,0.0,35.0,0.0,418,435,375,435,35.0,NEUTRAL,program,sonic_drive_three_laps.py,function,ec959a186dbd8278df967871b3a34262848e2c5ecc08c20aa12abb30068f0552,右壁追従 | target_deg=0.000,,249.3147610571514,147.43462366971718,87.0081409522319,91.01484757798457,82.38354620326426,0,9.4,54.54431948172766,0
9.45,243.22443976853103,93.25708498057753,98.71923381046156,27.99912097357816,0.0,35.0,0.0,418,435,375,435,35.0,NEUTRAL,program,sonic_drive_three_laps.py,function,ec959a186dbd8278df967871b3a34262848e2c5ecc08c20aa12abb30068f0552,右壁追従 | target_deg=0.000,,250.0,149.1094122639313,88.71903673376812,88.37848813953482,83.34227112642229,0,9.45,55.49980147447797,0
9.5,244.6082225139731,93.04486103684584,98.71923381046156,27.99931907152607,0.0,35.0,0.0,418,435,375,435,35.0,NEUTRAL,program,sonic_drive_three_laps.py,function,ec959a186dbd8278df967871b3a34262848e2c5ecc08c20aa12abb30068f0552,右壁追従 | target_deg=0.000,,249.3823845000628,148.33631955535537,87.62251182098304,85.18214842317268,83.62339693116463,0,9.5,55.561877985046316,0
9.55,245.99201371719292,92.83263579598645,98.71923381046156,27.999472525995706,0.0,35.0,0.0,418,435,375,435,35.0,NEUTRAL,program,sonic_drive_three_laps.py,function,ec959a186dbd8278df967871b3a34262848e2c5ecc08c20aa12abb30068f0552,右壁追従 | target_deg=0.000,,249.16051495229146,149.1469444909172,87.58304792002477,83.65807999082794,82.74801620713292,0,9.55,54.28171848390461,0
9.6,247.37581147214036,92.62040955032089,98.71923381046156,27.999591397869438,0.0,35.0,0.0,418,435,375,435,35.0,NEUTRAL,program,sonic_drive_three_laps.py,function,ec959a186dbd8278df967871b3a34262848e2c5ecc08c20aa12abb30068f0552,右壁追従 | target_deg=0.000,,249.74410285392088,150.26135864804468,88.45336339135856,81.30193114569936,82.03904670227688,0,9.6,53.00733825250136,0
9.65,248.75961430231396,92.40818252629285,98.71923381046156,27.99968348070286,0.0,35.0,0.0,418,435,375,435,35.0,NEUTRAL,program,sonic_drive_three_laps.py,function,ec959a186dbd8278df967871b3a34262848e2c5ecc08c20aa12abb30068f0552,右壁追従 | target_deg=0.000,,249.71999416416818,149.39484698537635,88.57161721165254,78.6203878491009,81.73163338548419,0,9.65,51.73914651721438,0
9.7,250.14342106395753,92.19595489931464,98.71923381046156,27.999754811690963,0.0,35.0,0.0,418,435,375,435,35.0,NEUTRAL,program,sonic_drive_three_laps.py,function,ec959a186dbd8278df967871b3a34262848e2c5ecc08c20aa12abb30068f0552,右壁追従 | target_deg=0.000,,250.0,149.8471612649517,88.61188837202931,75.61351210824549,81.06546920125066,0,9.7,50.477589152455,0
9.75,251.5272308710726,91.98372680526748,98.71923381046156,27.99981006748267,0.0,35.0,0.0,418,435,375,435,35.0,NEUTRAL,program,sonic_drive_three_laps.py,function,ec959a186dbd8278df967871b3a34262848e2c5ecc08c20aa12abb30068f0552,右壁追従 | target_deg=0.000,,249.2801623540143,149.80969166629075,89.51321499489721,73.66474402605354,81.15360831951988,0,9.75,49.2231527325658,0
9.8,252.9110430373297,91.77149834941032,98.71923381046156,27.999852870794363,0.0,35.0,0.0,418,435,375,435,35.0,NEUTRAL,program,sonic_drive_three_laps.py,function,ec959a186dbd8278df967871b3a34262848e2c5ecc08c20aa12abb30068f0552,右壁追従 | target_deg=0.000,,250.0,151.19478442608687,89.58251971944496,71.68268917119416,80.74468588110993,0,9.8,47.97636904128017,0
9.85,254.29485703107113,91.55926961328089,98.71923381046156,27.99988602792478,0.0,35.0,0.0,418,435,375,435,35.0,NEUTRAL,program,sonic_drive_three_laps.py,function,ec959a186dbd8278df967871b3a34262848e2c5ecc08c20aa12abb30068f0552,右壁追従 | target_deg=0.000,,249.8693438078512,150.63149874005205,89.44097440022328,68.54875030579844,80.62359672403437,0,9.85,46.73782009934986,0
9.9,255.67867244045388,91.34704066004151,98.71923381046156,27.999911712743415,0.0,35.0,0.0,418,435,375,435,35.0,NEUTRAL,program,sonic_drive_three_laps.py,function,ec959a186dbd8278df967871b3a34262848e2c5ecc08c20aa12abb30068f0552,右壁追従 | target_deg=0.000,,249.91260002947956,151.2703417527706,89.57098735377444,66.37315888065437,81.25009270369883,0,9.9,45.50814377546373,0
9.95,257.0624889464481,91.13481153862024,98.71923381046156,27.99993160921515,0.0,35.0,0.0,418,435,375,435,35.0,NEUTRAL,program,sonic_drive_three_laps.py,function,ec959a186dbd8278df967871b3a34262848e2c5ecc08c20aa12abb30068f0552,右壁追従 | target_deg=0.000,,249.8288914962153,151.23134375545604,90.01561640711921,63.73583035723094,79.84390452926587,0,9.95,44.288040050037544,0
10.0,258.4463063019208,90.92258228691865,98.71923381046156,27.999947021805486,0.0,35.0,0.0,418,435,375,435,35.0,NEUTRAL,program,sonic_drive_three_laps.py,function,ec959a186dbd8278df967871b3a34262848e2c5ecc08c20aa12abb30068f0552,右壁追従 | target_deg=0.000,,250.0,151.26207091604647,88.52382793881402,62.08604372961502,80.68305413192338,0,10.0,43.07827800538028,0
10.05,259.8301243154329,90.7103529342968,98.71923381046156,27.999958961004758,0.0,35.0,0.0,418,435,375,435,35.0,NEUTRAL,program,sonic_drive_three_laps.py,function,ec959a186dbd8278df967871b3a34262848e2c5ecc08c20aa12abb30068f0552,右壁追従 | target_deg=0.000,,249.16452309128638,152.00566103820975,90.63687588904041,58.60982350019369,79.5138575933484,0,10.05,41.8797036184904,0
10.1,261.2139428386883,90.49812350349812,98.71923381046156,27.999968209578565,0.0,35.0,0.0,418,435,375,435,35.0,NEUTRAL,program,sonic_drive_three_laps.py,function,ec959a186dbd8278df967871b3a34262848e2c5ecc08c20aa12abb30068f0552,右壁追従 | target_deg=0.000,,249.39800448436674,152.71382012314777,89.5765952115255,57.71226861815645,79.66423003362925,0,10.1,40.69324843338963,0
10.15,262.5977617568109,90.28589401214062,98.71923381046156,27.99997537388796,0.0,35.0,0.0,418,435,375,435,35.0,NEUTRAL,program,sonic_drive_three_laps.py,function,ec959a186dbd8278df967871b3a34262848e2c5ecc08c20aa12abb30068f0552,右壁追従 | target_deg=0.000,,250.0,153.0075638037844,89.71700969906237,54.85018517964087,78.85129829610503,0,10.15,39.51993918719022,0
10.2,263.9815809808132,90.07366447387184,98.71923381046156,27.999980923644074,0.0,35.0,0.0,418,435,375,435,35.0,NEUTRAL,program,sonic_drive_three_laps.py,function,ec959a186dbd8278df967871b3a34262848e2c5ecc08c20aa12abb30068f0552,右壁追従 | target_deg=0.000,,250.0,153.10394958473728,90.8340619720955,52.482377125841,79.6930129153547,0,10.2,38.36090845627293,0
10.25,265.3654004417619,89.86143489926377,98.71923381046156,27.999985222703653,0.0,35.0,0.0,418,435,375,435,35.0,NEUTRAL,program,sonic_drive_three_laps.py,function,ec959a186dbd8278df967871b3a34262848e2c5ecc08c20aa12abb30068f0552,右壁追従 | target_deg=0.000,,250.0,153.38627109469314,91.19880877371858,50.97891749360763,79.33925578830089,0,10.25,37.217406373660495,0
10.3,266.7492200862587,89.64920529650583,98.71923381046156,27.999988552924464,0.0,35.0,0.0,418,435,375,435,35.0,NEUTRAL,program,sonic_drive_three_laps.py,function,ec959a186dbd8278df967871b3a34262848e2c5ecc08c20aa12abb30068f0552,右壁追従 | target_deg=0.000,,249.6353323429688,154.18691173649103,91.24805048470202,48.381272673967764,78.89412972037856,0,10.3,36.09081344274982,0
10.35,268.1266703120738,89.43944955705122,98.57283307190244,27.779137715584277,2.24,33.775,7.0,417,442,375,435,33.775,NEUTRAL,program,sonic_drive_three_laps.py,function,ec959a186dbd8278df967871b3a34262848e2c5ecc08c20aa12abb30068f0552,右壁追従 | target_deg=5.585,,250.0,155.71195675896598,90.94736159724258,45.06514271972659,77.79681704826004,0,10.35,34.99101755592487,0
10.4,269.38898979406133,89.25228339409718,98.27168607077022,24.04285280088965,4.48,14.0,14.0,392,449,375,435,14.0,NEUTRAL,program,sonic_drive_three_laps.py,function,ec959a186dbd8278df967871b3a34262848e2c5ecc08c20aa12abb30068f0552,仕切り端：検出側から離れて通過 | target_deg=11.083,,249.20361080306404,154.79058184014718,91.9374533355661,43.85901020936955,77.44683445759277,0,10.4,34.010383631130026,0
10.45,270.4874648717913,89.09639317162127,97.86238055597642,20.97467752536011,6.72,13.03542445478125,21.0,391,457,375,435,13.03542445478125,NEUTRAL,program,sonic_drive_three_laps.py,function,ec959a186dbd8278df967871b3a34262848e2c5ecc08c20aa12abb30068f0552,仕切り端：検出側から離れて通過 | target_deg=16.413,,249.55945050818968,154.18136170826972,92.37908618878971,40.96760989951389,78.64867616299738,0,10.45,33.18608831452157,0
10.5,271.4500380572931,88.96749463931202,97.37391249644651,18.40627327139562,8.96,11.972267978037214,28.0,389,464,375,435,11.972267978037214,NEUTRAL,program,sonic_drive_three_laps.py,function,ec959a186dbd8278df967871b3a34262848e2c5ecc08c20aa12abb30068f0552,仕切り端：検出側から離れて通過 | target_deg=21.513,,250.0,152.0921501129646,91.88486111366521,38.60503995119381,77.93482488220675,0,10.5,32.4930501760908,0
10.55,272.29070552841176,88.8626138274073,96.83302783459965,15.984881081887496,11.2,9.577189387304353,35.0,386,471,375,435,9.577189387304353,NEUTRAL,program,sonic_drive_three_laps.py,function,ec959a186dbd8278df967871b3a34262848e2c5ecc08c20aa12abb30068f0552,仕切り端：検出側から離れて通過 | target_deg=26.336,,250.0,151.1490262073731,91.26021592278298,33.28264308289856,78.12806114824754,0,10.55,31.91626592178698,0
10.6,273.02741245595587,88.77799548664944,96.25745203306565,14.074602235125996,13.44,9.385423828187298,42.0,386,479,375,435,9.385423828187298,NEUTRAL,program,sonic_drive_three_laps.py,function,ec959a186dbd8278df967871b3a34262848e2c5ecc08c20aa12abb30068f0552,仕切り端：検出側から離れて通過 | target_deg=30.855,,249.86833469559565,148.48426616414304,92.79203157700718,32.85649739597177,77.49390410825976,0,10.6,31.437952975846393,0
10.65,273.68049020983625,88.7097812108334,95.65573122216972,12.515111601586243,15.68,8.943280103812036,49.0,386,486,375,435,8.943280103812036,NEUTRAL,program,sonic_drive_three_laps.py,function,ec959a186dbd8278df967871b3a34262848e2c5ecc08c20aa12abb30068f0552,仕切り端：検出側から離れて通過 | target_deg=35.060,,250.0,147.86359999522963,91.08579837617833,31.873955786248967,77.64502364283655,0,10.65,31.039761601987855,0
10.7,274.26774888810735,88.65479582305228,95.03071095318842,11.325524164828508,17.92,9.045646063303787,56.0,386,493,375,435,9.045646063303787,NEUTRAL,program,sonic_drive_three_laps.py,function,ec959a186dbd8278df967871b3a34262848e2c5ecc08c20aa12abb30068f0552,仕切り端：検出側から離れて通過 | target_deg=38.954,,249.68201751511086,145.68051385089836,91.78715592519987,32.10143569623064,77.74118896408133,0,10.7,30.70652140830878,0
10.75,274.8074273356436,88.61033625953586,94.37732802420362,10.505435185190315,20.16,9.608146063303787,63.0,387,501,375,435,9.608146063303787,NEUTRAL,program,sonic_drive_three_laps.py,function,ec959a186dbd8278df967871b3a34262848e2c5ecc08c20aa12abb30068f0552,仕切り端：検出側から離れて通過 | target_deg=42.547,,249.60199531061068,142.25194690884362,91.4524564142539,101.14752199495426,76.30262274790522,0,10.75,30.424726293670687,0
10.8,275.31531021411496,88.57449237393276,93.68606017003043,9.971574257719238,22.4,10.170646063303787,70.0,387,508,375,435,10.170646063303787,NEUTRAL,program,sonic_drive_three_laps.py,function,ec959a186dbd8278df967871b3a34262848e2c5ecc08c20aa12abb30068f0552,仕切り端：検出側から離れて通過 | target_deg=45.859,,250.0,141.1525231456083,91.63940140656351,102.00980751730603,77.60617537860944,0,10.8,30.184395940427322,0
10.85,275.8036255907882,88.5459403002546,93.00655251613273,9.659436848354428,22.4,10.733146063303787,70.0,388,508,375,435,10.733146063303787,NEUTRAL,program,sonic_drive_three_laps.py,function,ec959a186dbd8278df967871b3a34262848e2c5ecc08c20aa12abb30068f0552,仕切り端：検出側から離れて通過 | target_deg=45.859,,250.0,138.2774150351184,90.70651507263884,103.07970304797682,76.76354701640817,0,10.85,29.972842998245966,0
10.9,276.2818340224913,88.52360574336272,92.34151964469669,9.519055205446486,22.4,11.295646063303787,70.0,389,508,375,435,11.295646063303787,NEUTRAL,program,sonic_drive_three_laps.py,function,ec959a186dbd8278df967871b3a34262848e2c5ecc08c20aa12abb30068f0552,仕切り端：検出側から離れて通過 | target_deg=45.859,,249.93822793393292,136.05112337054618,90.61769179229951,102.39483028372057,77.15811095948648,0,10.9,29.783254270621768,0
10.95,276.75726974390284,88.5069110449269,91.68065564622538,9.511722341320095,22.4,11.858146063303787,70.0,389,508,375,435,11.858146063303787,NEUTRAL,program,sonic_drive_three_laps.py,function,ec959a186dbd8278df967871b3a34262848e2c5ecc08c20aa12abb30068f0552,仕切り端：検出側から離れて通過 | target_deg=45.859,,250.0,134.46107948994623,91.31893306680189,104.69204454112224,77.03996365676002,0,10.95,29.612292192006244,0
11.0,277.235611873566,88.49565235142657,91.01597715747522,9.607454299414421,22.4,12.420646063303787,70.0,390,508,375,435,12.420646063303787,NEUTRAL,program,sonic_drive_three_laps.py,function,ec959a186dbd8278df967871b3a34262848e2c5ecc08c20aa12abb30068f0552,仕切り端：検出側から離れて通過 | target_deg=45.859,,250.0,132.86919932668567,90.3397947730373,105.32350384348238,76.87664087905536,0,11.0,29.458183213241856,0
11.05,277.72124999875945,88.48989995271987,90.34129995096993,9.78302432649869,22.4,12.983146063303787,70.0,391,508,375,435,12.983146063303787,NEUTRAL,program,sonic_drive_three_laps.py,function,ec959a186dbd8278df967871b3a34262848e2c5ecc08c20aa12abb30068f0552,仕切り端：検出側から離れて通過 | target_deg=45.859,,250.0,131.2291598657201,90.25105298774837,107.50963215889192,77.85469012348547,0,11.05,29.32034084992566,0
11.1,278.21756824581456,88.48992969316198,89.65183348063113,10.020440065075016,22.4,13.545646063303787,70.0,391,508,375,435,13.545646063303787,NEUTRAL,program,sonic_drive_three_laps.py,function,ec959a186dbd8278df967871b3a34262848e2c5ecc08c20aa12abb30068f0552,仕切り端：検出側から離れて通過 | target_deg=45.859,,250.0,128.62214520574756,90.48365614265079,108.34195096636304,78.70521210448359,0,11.1,29.19909318171304,0
11.15,278.72657687095545,88.49616418413635,88.94468476696295,10.286266434723643,22.4,14.0,70.0,392,508,375,435,14.0,NEUTRAL,program,sonic_drive_three_laps.py,function,ec959a186dbd8278df967871b3a34262848e2c5ecc08c20aa12abb30068f0552,仕切り端：検出側から離れて通過 | target_deg=45.859,,250.0,126.61890218861278,90.74380012540642,108.1130713771694,77.55477800225866,0,11.15,29.095589563249455,0
11.2,279.24694644544314,88.5090350042105,88.22158559897213,10.492186006329774,22.4,14.0,70.0,392,508,375,435,14.0,NEUTRAL,program,sonic_drive_three_laps.py,function,ec959a186dbd8278df967871b3a34262848e2c5ecc08c20aa12abb30068f0552,仕切り端：検出側から離れて通過 | target_deg=45.859,,249.6685267302273,125.19739412431153,90.43683226143263,112.99287665116476,78.03972735990169,0,11.2,29.011819611200057,0
11.25,279.78144768920566,88.52884717672238,87.54360358133749,10.831987917343515,20.16,15.0,63.0,393,501,375,435,15.0,NEUTRAL,program,sonic_drive_three_laps.py,function,ec959a186dbd8278df967871b3a34262848e2c5ecc08c20aa12abb30068f0552,右壁追従 | target_deg=42.547,,250.0,123.7145403814226,89.99666010100704,113.73591370494873,78.43826872755328,0,11.25,28.937770396689814,0
11.3,280.33578894973175,88.55569119120861,86.92247389835245,11.275500359456492,17.92,16.0,56.0,395,493,375,435,16.0,NEUTRAL,program,sonic_drive_three_laps.py,function,ec959a186dbd8278df967871b3a34262848e2c5ecc08c20aa12abb30068f0552,右壁追従 | target_deg=38.954,,250.0,123.10160524295084,90.44367284254743,115.5635167850481,77.15051455175538,0,11.3,28.86927580768994,0
11.35,280.91438240042766,88.58971623606861,86.3575960954908,11.799351062078493,15.68,17.0,49.0,396,486,375,435,17.0,NEUTRAL,program,sonic_drive_three_laps.py,function,ec959a186dbd8278df967871b3a34262848e2c5ecc08c20aa12abb30068f0552,右壁追従 | target_deg=35.060,,250.0,119.84354125865256,91.02572176025141,116.90584517470656,78.10876805203482,0,11.35,28.80513253613274,0
11.4,281.520639677863,88.63106004413712,85.8512239555555,12.38543494423595,13.44,18.0,42.0,397,479,375,435,18.0,NEUTRAL,program,sonic_drive_three_laps.py,function,ec959a186dbd8278df967871b3a34262848e2c5ecc08c20aa12abb30068f0552,右壁追従 | target_deg=30.855,,249.3245299459271,119.19585690843931,89.75231737133954,119.3473803090742,78.3868279808245,0,11.4,28.7443664237863,0
11.45,282.15720403077233,88.67977708691922,85.40769237834525,13.019727097403415,11.2,19.0,35.0,398,471,375,435,19.0,NEUTRAL,program,sonic_drive_three_laps.py,function,ec959a186dbd8278df967871b3a34262848e2c5ecc08c20aa12abb30068f0552,右壁追従 | target_deg=26.336,,249.40992337930368,117.36257003457598,90.1408511040903,119.99532304825767,77.86392780919405,0,11.45,28.686065645789583,0
11.5,282.82613232490274,88.73578125459079,85.03287349718897,13.69136327527157,8.96,20.0,28.0,400,464,375,435,20.0,NEUTRAL,program,sonic_drive_three_laps.py,function,ec959a186dbd8278df967871b3a34262848e2c5ecc08c20aa12abb30068f0552,右壁追従 | target_deg=21.513,,250.0,117.26411037711009,90.18688108338267,121.27222872863622,78.28956445077557,0,11.5,28.629258435648186,0
11.55,283.52903763517526,88.79879772511661,84.73379870300641,14.391927604920074,6.72,21.0,21.0,401,457,375,435,21.0,NEUTRAL,program,sonic_drive_three_laps.py,function,ec959a186dbd8278df967871b3a34262848e2c5ecc08c20aa12abb30068f0552,右壁追従 | target_deg=16.413,,249.76994437420825,115.7311504299357,90.39879676904013,122.94033820228911,77.86343642881229,0,11.55,28.572820360228,0
11.6,284.26720063456105,88.86832058564582,84.51840114152202,15.114900819849,4.48,22.0,14.0,402,449,375,435,22.0,NEUTRAL,program,sonic_drive_three_laps.py,function,ec959a186dbd8278df967871b3a34262848e2c5ecc08c20aa12abb30068f0552,右壁追従 | target_deg=11.083,,250.0,116.43888153660647,90.14934606670394,124.36747522301754,78.73227353668645,0,11.6,28.515401812663296,0
11.65,285.0416559668782,88.94357385107992,84.39534612004917,15.855232839561722,2.24,23.0,7.0,403,442,375,435,23.0,NEUTRAL,program,sonic_drive_three_laps.py,function,ec959a186dbd8278df967871b3a34262848e2c5ecc08c20aa12abb30068f0552,右壁追従 | target_deg=5.585,,250.0,114.70308179761209,89.51754681300983,123.5621758199817,78.54640135251925,0,11.65,28.45536960680689,0
11.7,285.85325817140597,89.0234741721309,84.37392614804611,16.609011672882133,0.0,24.0,0.0,405,435,375,435,24.0,NEUTRAL,program,sonic_drive_three_laps.py,function,ec959a186dbd8278df967871b3a34262848e2c5ecc08c20aa12abb30068f0552,右壁追従 | target_deg=0.000,,250.0,115.27816721122056,90.48210387554265,125.02990447822887,78.60824942709961,0,11.7,28.390758426276467,0
11.75,286.70267586764413,89.1071505875331,84.37392614804611,17.373206937428765,0.0,25.0,0.0,406,435,375,435,25.0,NEUTRAL,program,sonic_drive_three_laps.py,function,ec959a186dbd8278df967871b3a34262848e2c5ecc08c20aa12abb30068f0552,右壁追従 | target_deg=0.000,,250.0,114.80136293071,90.7131689571907,126.1348875055517,79.66934132102857,0,11.75,28.34105993431017,0
11.8,287.5903617753173,89.19459681697485,84.37392614804611,18.145471179701747,0.0,26.0,0.0,407,435,375,435,26.0,NEUTRAL,program,sonic_drive_three_laps.py,function,ec959a186dbd8278df967871b3a34262848e2c5ecc08c20aa12abb30068f0552,右壁追従 | target_deg=0.000,,249.43180265640615,114.5032555807471,89.83231977471185,124.93147957875303,79.5353152452856,0,11.8,28.314310743038938,0
11.85,288.5166627479043,89.28584702910595,84.37392614804611,18.923985969800004,0.0,27.0,0.0,408,435,375,435,27.0,NEUTRAL,program,sonic_drive_three_laps.py,function,ec959a186dbd8278df967871b3a34262848e2c5ecc08c20aa12abb30068f0552,右壁追従 | target_deg=0.000,,250.0,115.07184094269522,89.7633208981633,124.9835580571978,78.94006205661904,0,11.85,28.31059558017338,0
11.9,289.4818474717653,89.38092769230774,84.37392614804611,19.707342680329955,0.0,28.0,0.0,410,435,375,435,28.0,NEUTRAL,program,sonic_drive_three_laps.py,function,ec959a186dbd8278df967871b3a34262848e2c5ecc08c20aa12abb30068f0552,右壁追従 | target_deg=0.000,,249.93843062747385,115.19831048900551,90.34472531269839,126.05836749176099,78.86935685525994,0,11.9,28.31059558017339,0
11.95,290.48612408193316,89.47985931003042,84.37392614804611,20.49445013305438,0.0,29.0,0.0,411,435,375,435,29.0,NEUTRAL,program,sonic_drive_three_laps.py,function,ec959a186dbd8278df967871b3a34262848e2c5ecc08c20aa12abb30068f0552,右壁追従 | target_deg=0.000,,250.0,114.82285379999,90.1081585338567,126.14705632222002,76.97441347433818,0,11.95,28.310595580173395,0
12.0,291.52965380799895,89.58265776505381,84.37392614804611,21.28446305835066,0.0,30.0,0.0,412,435,375,435,30.0,NEUTRAL,program,sonic_drive_three_laps.py,function,ec959a186dbd8278df967871b3a34262848e2c5ecc08c20aa12abb30068f0552,右壁追従 | target_deg=0.000,,250.0,114.47638765919837,89.13259948639045,126.137828887637,67.64235495832733,0,12.0,28.310595580173377,0
12.05,292.61256154475126,89.68933536080446,84.37392614804611,22.07672667709057,0.0,31.0,0.0,413,435,375,435,31.0,NEUTRAL,program,sonic_drive_three_laps.py,function,ec959a186dbd8278df967871b3a34262848e2c5ecc08c20aa12abb30068f0552,右壁追従 | target_deg=0.000,,249.9730005938479,113.30625014140368,89.31482386266862,126.31552366792477,56.82958505285678,0,12.05,28.310595580173384,0
12.1,293.7349027185088,89.80032003926922,84.33120669397607,22.87073377158249,0.6438998841592702,32.0,2.0121871379977194,415,437,375,435,32.0,NEUTRAL,program,sonic_drive_three_laps.py,function,ec959a186dbd8278df967871b3a34262848e2c5ecc08c20aa12abb30068f0552,右壁追従 | target_deg=1.609,,249.20583850963214,114.24170120701912,89.51181157236924,126.29581204130052,30.44431783091324,0,12.1,28.317196223237033,0
12.15,294.8966941319706,89.916202186336,84.27661131570346,23.666091431033163,0.7948753888539217,33.0,2.4839855901685053,416,437,375,435,33.0,NEUTRAL,program,sonic_drive_three_laps.py,function,ec959a186dbd8278df967871b3a34262848e2c5ecc08c20aa12abb30068f0552,右壁追従 | target_deg=1.987,,249.82402936522342,113.45902113576689,89.3047511203305,126.33419474522685,28.75718676591373,0,12.15,28.324505207713873,0
12.2,296.0979656929336,90.03725932747913,84.21437447835842,24.462495291273104,0.8762484395125102,34.0,2.7382763734765945,417,437,375,435,34.0,NEUTRAL,program,sonic_drive_three_laps.py,function,ec959a186dbd8278df967871b3a34262848e2c5ecc08c20aa12abb30068f0552,右壁追従 | target_deg=2.190,,250.0,113.89088109966184,88.99669951333907,126.05200374346651,28.37359721420159,0,12.2,28.33150212431204,0
12.25,297.3360332415065,90.16343391304908,84.14749166420188,25.16963656504715,0.9135631941195335,34.50039512821588,2.854884981623542,418,437,375,435,34.50039512821588,NEUTRAL,program,sonic_drive_three_laps.py,function,ec959a186dbd8278df967871b3a34262848e2c5ecc08c20aa12abb30068f0552,右壁追従 | target_deg=2.283,,250.0,112.90888415396246,88.69131556344436,126.12007691299284,28.907542770510815,0,12.25,28.337536608509666,0
12.3,298.6043050151611,90.29420908048778,84.07825290994214,25.716475143581064,0.9231061719547589,34.495176312212244,2.8847067873586214,418,438,375,435,34.495176312212244,NEUTRAL,program,sonic_drive_three_laps.py,function,ec959a186dbd8278df967871b3a34262848e2c5ecc08c20aa12abb30068f0552,右壁追従 | target_deg=2.307,,249.70233990963655,113.31481424098246,89.36940426051899,127.57446305760972,30.988324785482284,0,12.3,28.342202711341788,0
12.35,299.8987187539474,90.42853826901418,84.07500822181566,26.231091743052843,0.0,35.0,0.0,418,435,375,435,35.0,NEUTRAL,program,sonic_drive_three_laps.py,function,ec959a186dbd8278df967871b3a34262848e2c5ecc08c20aa12abb30068f0552,右壁追従 | target_deg=0.000,,250.0,112.57268717750833,88.41919802691983,127.65360745850217,81.19146127370925,0,12.35,28.34237772039991,0
12.4,301.2152415289016,90.56516807454697,84.07500822181566,26.629734021637567,0.0,35.0,0.0,418,435,375,435,35.0,NEUTRAL,program,sonic_drive_three_laps.py,function,ec959a186dbd8278df967871b3a34262848e2c5ecc08c20aa12abb30068f0552,右壁追従 | target_deg=0.000,,250.0,111.99296749731253,88.84581887549082,127.93771161869914,79.9329856927495,0,12.4,28.342377720399902,0
12.45,302.54889132066324,90.70357533582933,84.07500822181566,26.938538025313964,0.0,35.0,0.0,418,435,375,435,35.0,NEUTRAL,program,sonic_drive_three_laps.py,function,ec959a186dbd8278df967871b3a34262848e2c5ecc08c20aa12abb30068f0552,右壁追従 | target_deg=0.000,,250.0,111.68007387941238,88.87960223719203,128.61901069947106,81.27401847958856,0,12.45,28.3423777203999,0
12.5,303.8958083739406,90.84335948431435,84.07500822181566,27.177749764282353,0.0,35.0,0.0,418,435,375,435,35.0,NEUTRAL,program,sonic_drive_three_laps.py,function,ec959a186dbd8278df967871b3a34262848e2c5ecc08c20aa12abb30068f0552,右壁追従 | target_deg=0.000,,250.0,112.71888985142574,88.32198119331656,129.02813227716103,81.08645814417093,0,12.5,28.342377720399906,0
12.55,305.2530027703246,90.98421022383506,84.07500822181566,27.36305259513634,0.0,35.0,0.0,418,435,375,435,35.0,NEUTRAL,program,sonic_drive_three_laps.py,function,ec959a186dbd8278df967871b3a34262848e2c5ecc08c20aa12abb30068f0552,右壁追従 | target_deg=0.000,,250.0,111.76577484897398,88.51554716322472,129.71398654465176,81.07097814720099,0,12.55,28.342377720399913,0
12.6,306.6181584013017,91.12588718676406,84.07500822181566,27.506595463352518,0.0,35.0,0.0,418,435,375,435,35.0,NEUTRAL,program,sonic_drive_three_laps.py,function,ec959a186dbd8278df967871b3a34262848e2c5ecc08c20aa12abb30068f0552,右壁追従 | target_deg=0.000,,250.0,111.52314261641146,87.72186818747119,129.31454370198202,81.07324420109721,0,12.6,28.342377720399885,0
12.65,307.9894811180311,91.26820417487386,84.07500822181566,27.61778942040524,0.0,35.0,0.0,418,435,375,435,35.0,NEUTRAL,program,sonic_drive_three_laps.py,function,ec959a186dbd8278df967871b3a34262848e2c5ecc08c20aa12abb30068f0552,右壁追従 | target_deg=0.000,,249.55715405837293,111.58272383107725,87.81923092494674,129.57041914601345,81.7417001263125,0,12.65,28.34237772039987,0
12.7,309.3655811021844,91.41101695168672,84.07500822181566,27.703924637282913,0.0,35.0,0.0,418,435,375,435,35.0,NEUTRAL,program,sonic_drive_three_laps.py,function,ec959a186dbd8278df967871b3a34262848e2c5ecc08c20aa12abb30068f0552,右壁追従 | target_deg=0.000,,249.11305862064032,112.12063898642627,87.49469050388578,129.24861298022412,81.34421295544104,0,12.7,28.342377720399888,0
12.75,310.74538174576713,91.55421378594832,84.07500822181566,27.770648367449695,0.0,35.0,0.0,418,435,375,435,35.0,NEUTRAL,program,sonic_drive_three_laps.py,function,ec959a186dbd8278df967871b3a34262848e2c5ecc08c20aa12abb30068f0552,右壁追従 | target_deg=0.000,,250.0,111.66552433115453,87.25384988788585,129.9401397110714,80.87554371958018,0,12.75,28.34237772039989,0
12.8,312.12804906584006,91.6977081262302,84.07500822181566,27.82233519577327,0.0,35.0,0.0,418,435,375,435,35.0,NEUTRAL,program,sonic_drive_three_laps.py,function,ec959a186dbd8278df967871b3a34262848e2c5ecc08c20aa12abb30068f0552,右壁追従 | target_deg=0.000,,250.0,110.98987949859756,87.07742662326916,130.53129629299758,82.71373156324026,0,12.8,28.342377720399888,0
12.85,313.5129370263844,91.84143292638831,84.07500822181566,27.862373847921056,0.0,35.0,0.0,418,435,375,435,35.0,NEUTRAL,program,sonic_drive_three_laps.py,function,ec959a186dbd8278df967871b3a34262848e2c5ecc08c20aa12abb30068f0552,右壁追従 | target_deg=0.000,,250.0,110.47021665035288,87.9126760849935,130.1492691070643,81.94123474970718,0,12.85,28.342377720399888,0
12.9,314.89954518246526,91.9853362498398,84.07500822181566,27.89338936421034,0.0,35.0,0.0,418,435,375,435,35.0,NEUTRAL,program,sonic_drive_three_laps.py,function,ec959a186dbd8278df967871b3a34262848e2c5ecc08c20aa12abb30068f0552,右壁追従 | target_deg=0.000,,249.7099625133884,110.90385484870477,87.28079045040374,129.6315775039147,82.00114361073503,0,12.9,28.342377720399867,0
12.95,316.2874858697334,92.12937786446291,84.07500822181566,27.917415204219648,0.0,35.0,0.0,418,435,375,435,35.0,NEUTRAL,program,sonic_drive_three_laps.py,function,ec959a186dbd8278df967871b3a34262848e2c5ecc08c20aa12abb30068f0552,右壁追従 | target_deg=0.000,,249.92832138466957,110.29017142842008,87.34504342865955,128.5130087753155,82.17696076717066,0,12.95,28.34785699965609,0
13.0,317.6764587881214,92.2735266048721,84.07500822181566,27.936026565796507,0.0,35.0,0.0,418,435,375,435,35.0,NEUTRAL,program,sonic_drive_three_laps.py,function,ec959a186dbd8278df967871b3a34262848e2c5ecc08c20aa12abb30068f0552,右壁追従 | target_deg=0.000,,249.89542330855664,109.93094859631627,86.60104287852405,126.53460120232333,82.59931936427085,0,13.0,28.405728580991134,0
13.05,319.0662313133741,92.4177583291328,84.07500822181566,27.950443659209697,0.0,35.0,0.0,418,435,375,435,35.0,NEUTRAL,program,sonic_drive_three_laps.py,function,ec959a186dbd8278df967871b3a34262848e2c5ecc08c20aa12abb30068f0552,右壁追従 | target_deg=0.000,,250.0,109.9696109931175,87.34523155529733,125.0679775403931,82.81749271678466,0,13.05,28.526493708060674,0
13.1,320.45662324558504,92.56205433595194,84.07500822181566,27.961611707373518,0.0,35.0,0.0,418,435,375,435,35.0,NEUTRAL,program,sonic_drive_three_laps.py,function,ec959a186dbd8278df967871b3a34262848e2c5ecc08c20aa12abb30068f0552,右壁追従 | target_deg=0.000,,250.0,109.66644052468436,86.30459582848967,124.13105083638175,82.71625071964627,0,13.1,28.70950255236605,0
13.15,321.8474949948121,92.7064001385717,84.07500822181566,27.97026291717114,0.0,35.0,0.0,418,435,375,435,35.0,NEUTRAL,program,sonic_drive_three_laps.py,function,ec959a186dbd8278df967871b3a34262848e2c5ecc08c20aa12abb30068f0552,右壁追従 | target_deg=0.000,,250.0,110.44470301776629,86.38797698043196,121.06358313572991,82.46444116537945,0,13.15,28.9537241542312,0
13.2,323.2387384291904,92.85078451497908,84.07500822181566,27.97696448488151,0.0,35.0,0.0,418,435,375,435,35.0,NEUTRAL,program,sonic_drive_three_laps.py,function,ec959a186dbd8278df967871b3a34262848e2c5ecc08c20aa12abb30068f0552,右壁追従 | target_deg=0.000,,250.0,109.49743768262368,85.5974647433601,119.12031001881716,83.13676735046342,0,13.2,29.257784148509764,0
13.25,324.6302697855202,92.99519877216103,84.07500822181566,27.982155783073,0.0,35.0,0.0,418,435,375,435,35.0,NEUTRAL,program,sonic_drive_three_laps.py,function,ec959a186dbd8278df967871b3a34262848e2c5ecc08c20aa12abb30068f0552,右壁追従 | target_deg=0.000,,250.0,108.7522741533237,84.91076601479024,118.55994237092992,82.85176377337112,0,13.25,29.620008523504282,0
13.3,326.02202417752926,93.13963617616739,84.07500822181566,27.986177167035343,0.0,35.0,0.0,418,435,375,435,35.0,NEUTRAL,program,sonic_drive_three_laps.py,function,ec959a186dbd8278df967871b3a34262848e2c5ecc08c20aa12abb30068f0552,右壁追従 | target_deg=0.000,,249.85396541778923,109.02913913751998,85.39569467598,116.73894462846152,83.72303636322447,0,13.3,30.038471396425564,0
13.35,327.4139513417565,93.28409151061521,84.07500822181566,27.989292289375854,0.0,35.0,0.0,418,435,375,435,35.0,NEUTRAL,program,sonic_drive_three_laps.py,function,ec959a186dbd8278df967871b3a34262848e2c5ecc08c20aa12abb30068f0552,右壁追従 | target_deg=0.000,,250.0,108.72706566424573,86.2159439268867,114.67244693710445,83.69993217792629,0,13.35,30.511044621883784,0
13.4,328.80601234214606,93.42856073468893,84.07500822181566,27.991705385784257,0.0,35.0,0.0,418,435,375,435,35.0,NEUTRAL,program,sonic_drive_three_laps.py,function,ec959a186dbd8278df967871b3a34262848e2c5ecc08c20aa12abb30068f0552,右壁追従 | target_deg=0.000,,249.53556242139726,109.14416909739882,85.92341307262166,113.574886604211,83.57060642074798,0,13.4,31.03544712363791,0
13.45,330.198177017296,93.57304071821369,84.07500822181566,27.99357466526665,0.0,35.0,0.0,418,435,375,435,35.0,NEUTRAL,program,sonic_drive_three_laps.py,function,ec959a186dbd8278df967871b3a34262848e2c5ecc08c20aa12abb30068f0552,右壁追従 | target_deg=0.000,,250.0,108.34570414934957,85.84752235960632,111.52688742243492,84.23838795717695,0,13.45,31.60929209961739,0
13.5,331.59042200299706,93.71752903643286,84.07500822181566,27.99502268274789,0.0,35.0,0.0,418,435,375,435,35.0,NEUTRAL,program,sonic_drive_three_laps.py,function,ec959a186dbd8278df967871b3a34262848e2c5ecc08c20aa12abb30068f0552,右壁追従 | target_deg=0.000,,249.80909177850072,107.84005447359985,85.23003613731014,109.24503311397211,83.47765589042797,0,13.5,32.230130629116516,0
13.55,332.98272920041296,93.86202381103445,84.07500822181566,27.99614437409781,0.0,35.0,0.0,418,435,375,435,35.0,NEUTRAL,program,sonic_drive_three_laps.py,function,ec959a186dbd8278df967871b3a34262848e2c5ecc08c20aa12abb30068f0552,右壁追従 | target_deg=0.000,,250.0,108.72891398351985,85.31408998228048,108.10519637163928,84.18905397391167,0,13.55,32.89549064243664,0
13.6,334.37508458947246,94.00652358700403,84.07500822181566,27.997013280378837,0.0,35.0,0.0,418,435,375,435,35.0,NEUTRAL,program,sonic_drive_three_laps.py,function,ec959a186dbd8278df967871b3a34262848e2c5ecc08c20aa12abb30068f0552,右壁追従 | target_deg=0.000,,249.5174027976452,107.78405645592498,84.79808345238911,106.1008861236241,84.59415466691802,0,13.6,33.60291064055475,0
13.65,335.7674773096764,94.15102723723018,84.07500822181566,27.997686369393264,0.0,35.0,0.0,418,435,375,435,35.0,NEUTRAL,program,sonic_drive_three_laps.py,function,ec959a186dbd8278df967871b3a34262848e2c5ecc08c20aa12abb30068f0552,右壁追従 | target_deg=0.000,,250.0,108.38906089045385,84.42137043488238,103.91191045543484,85.0232648228005,0,13.65,34.349967934527974,0
13.7,337.1598989480545,94.295533888608,84.07500822181566,27.99820777064358,0.0,35.0,0.0,418,435,375,435,35.0,NEUTRAL,program,sonic_drive_three_laps.py,function,ec959a186dbd8278df967871b3a34262848e2c5ecc08c20aa12abb30068f0552,右壁追従 | target_deg=0.000,,250.0,108.21871518770075,83.7506255082942,101.3498152046717,84.00218287157732,0,13.7,35.13430148690815,0
13.75,338.5523429875889,94.44004286479606,84.07500822181566,27.998611668579827,0.0,35.0,0.0,418,435,375,435,35.0,NEUTRAL,program,sonic_drive_three_laps.py,function,ec959a186dbd8278df967871b3a34262848e2c5ecc08c20aa12abb30068f0552,右壁追従 | target_deg=0.000,,250.0,108.3180851584076,84.23264134944296,99.89509850133096,84.0737804891009,0,13.75,35.95362967094054,0
13.8,339.9448043799409,94.58455364187365,84.07500822181566,27.998924543822845,0.0,35.0,0.0,418,435,375,435,35.0,NEUTRAL,program,sonic_drive_three_laps.py,function,ec959a186dbd8278df967871b3a34262848e2c5ecc08c20aa12abb30068f0552,右壁追従 | target_deg=0.000,,249.5607868185923,107.60357375391786,84.23762858076368,99.51449285772483,85.07556251763407,0,13.8,36.80576341960553,0
13.85,341.3372792144685,94.7290658139912,84.07500822181566,27.99916690930409,0.0,35.0,0.0,418,435,375,435,35.0,NEUTRAL,program,sonic_drive_three_laps.py,function,ec959a186dbd8278df967871b3a34262848e2c5ecc08c20aa12abb30068f0552,右壁追従 | target_deg=0.000,,249.66365259071785,107.25992178515557,84.17133921568731,97.18378529130146,85.31211594626838,0,13.85,37.68861532485103,0
13.9,342.72976446183463,94.87357906676158,84.07500822181566,27.999354655147883,0.0,35.0,0.0,418,435,375,435,35.0,NEUTRAL,program,sonic_drive_three_laps.py,function,ec959a186dbd8278df967871b3a34262848e2c5ecc08c20aa12abb30068f0552,右壁追従 | target_deg=0.000,,249.8298359688691,107.39724959322864,84.38298458425326,94.95811788086395,85.13660152212834,0,13.9,38.60020528059812,0
13.95,344.12225777539544,95.0180931566482,84.07500822181566,27.9995000904701,0.0,35.0,0.0,418,435,375,435,35.0,NEUTRAL,program,sonic_drive_three_laps.py,function,ec959a186dbd8278df967871b3a34262848e2c5ecc08c20aa12abb30068f0552,右壁追従 | target_deg=0.000,,250.0,106.61478539245608,83.62480457586084,93.8319180479562,85.1581481771194,0,13.95,39.53866325517266,0
14.0,345.51475733734827,95.16260789499806,84.07500822181566,27.999612750396526,0.0,35.0,0.0,418,435,375,435,35.0,NEUTRAL,program,sonic_drive_three_laps.py,function,ec959a186dbd8278df967871b3a34262848e2c5ecc08c20aa12abb30068f0552,右壁追従 | target_deg=0.000,,249.70933653580278,106.81260771220082,83.08637882372197,91.44086271796945,84.63182258891213,0,14.0,40.502229742684044,0
14.05,346.9072617395514,95.30712313567305,84.07500822181566,27.999700021210998,0.0,35.0,0.0,418,435,375,435,35.0,NEUTRAL,program,sonic_drive_three_laps.py,function,ec959a186dbd8278df967871b3a34262848e2c5ecc08c20aa12abb30068f0552,右壁追従 | target_deg=0.000,,249.79160097349856,105.52268326647541,83.31383609670834,90.05986809440492,85.35740685592638,0,14.05,41.48925438954723,0
14.1,348.2997698912032,95.45163876546886,84.07500822181566,27.999767624619768,0.0,35.0,0.0,418,435,375,435,35.0,NEUTRAL,program,sonic_drive_three_laps.py,function,ec959a186dbd8278df967871b3a34262848e2c5ecc08c20aa12abb30068f0552,右壁追従 | target_deg=0.000,,249.40489401347764,107.06782367338495,83.21236700376096,88.55559520569128,85.33411326860214,0,14.1,42.49819323050054,0
14.15,349.69228094732534,95.59615469669295,84.07500822181566,27.999819992881772,0.0,35.0,0.0,418,435,375,435,35.0,NEUTRAL,program,sonic_drive_three_laps.py,function,ec959a186dbd8278df967871b3a34262848e2c5ecc08c20aa12abb30068f0552,右壁追従 | target_deg=0.000,,249.28278375313226,106.93419136953587,83.16493681743178,86.40609302027359,86.32296914767797,0,14.15,43.527604904468184,0
14.2,351.0847942533648,95.74067086141528,84.07500822181566,27.999860559399277,0.0,35.0,0.0,418,435,375,435,35.0,NEUTRAL,program,sonic_drive_three_laps.py,function,ec959a186dbd8278df967871b3a34262848e2c5ecc08c20aa12abb30068f0552,右壁追従 | target_deg=0.000,,249.3570254684826,105.28804796761402,82.94942624723711,84.53672553357481,84.86193930124305,0,14.2,44.576146158798906,0
14.25,352.47730930227857,95.88518720701455,84.07500822181566,27.999891983820852,0.0,35.0,0.0,418,435,375,435,35.0,NEUTRAL,program,sonic_drive_three_laps.py,function,ec959a186dbd8278df967871b3a34262848e2c5ecc08c20aa12abb30068f0552,右壁追従 | target_deg=0.000,,249.38213782897404,104.20104012943439,83.46140357448222,82.30114851615294,84.7547511003901,0,14.25,45.64256689345588,0
14.3,353.86982570129146,96.0297036927282,84.07500822181566,27.999916326414997,0.0,35.0,0.0,418,435,375,435,35.0,NEUTRAL,program,sonic_drive_three_laps.py,function,ec959a186dbd8278df967871b3a34262848e2c5ecc08c20aa12abb30068f0552,右壁追従 | target_deg=0.000,,249.74147274958585,103.48536404611335,83.11263589438754,80.72240610661233,85.56995180164138,0,14.3,46.7257049460889,0
14.35,355.2623431461443,96.17422028697999,84.07500822181566,27.999935183146803,0.0,35.0,0.0,418,435,375,435,35.0,NEUTRAL,program,sonic_drive_three_laps.py,function,ec959a186dbd8278df967871b3a34262848e2c5ecc08c20aa12abb30068f0552,右壁追従 | target_deg=0.000,,250.0,104.00761602199357,83.1500642495495,78.93494091011272,85.74994322302942,0,14.35,47.82448077510428,0
14.4,356.654861401146,96.31873696530965,84.07500822181566,27.999949790313654,0.0,35.0,0.0,418,435,375,435,35.0,NEUTRAL,program,sonic_drive_three_laps.py,function,ec959a186dbd8278df967871b3a34262848e2c5ecc08c20aa12abb30068f0552,右壁追従 | target_deg=0.000,,250.0,105.95012893853624,82.76144088496264,76.94102361735867,86.44755286461125,0,14.4,48.93789216081334,0
14.45,358.0473802837208,96.46325370876937,84.07500822181566,27.999961105600182,0.0,35.0,0.0,418,435,375,435,35.0,NEUTRAL,program,sonic_drive_three_laps.py,function,ec959a186dbd8278df967871b3a34262848e2c5ecc08c20aa12abb30068f0552,右壁追従 | target_deg=0.000,,250.0,105.05212427871406,82.02492909768576,75.18734418297669,86.23523440160757,0,14.45,50.065009014036164,0
14.5,359.43989965243856,96.60777050268142,84.07500822181566,27.99996987086661,0.0,35.0,0.0,418,435,375,435,35.0,NEUTRAL,program,sonic_drive_three_laps.py,function,ec959a186dbd8278df967871b3a34262848e2c5ecc08c20aa12abb30068f0552,右壁追従 | target_deg=0.000,,249.904937530009,104.28778916056909,81.93331770845701,74.20388407941275,87.26927187870594,0,14.5,51.20496835652698,0
14.55,360.8324193977416,96.75228733567579,84.07500822181566,27.999976660787084,0.0,35.0,0.0,418,435,375,435,35.0,NEUTRAL,program,sonic_drive_three_laps.py,function,ec959a186dbd8278df967871b3a34262848e2c5ecc08c20aa12abb30068f0552,右壁追従 | target_deg=0.000,,249.2158704167057,104.06008362396415,81.99738191768064,71.49400877777255,86.22503159238475,0,14.55,52.35696951754539,0
14.6,362.2249394347626,96.89680419894489,84.07500822181566,27.999981920526803,0.0,35.0,0.0,418,435,375,435,35.0,NEUTRAL,program,sonic_drive_three_laps.py,function,ec959a186dbd8278df967871b3a34262848e2c5ecc08c20aa12abb30068f0552,右壁追従 | target_deg=0.000,,250.0,103.56518950324556,82.41040669667682,70.23138221076586,86.86740868100115,0,14.6,53.52026957508905,0
14.65,363.6174596977596,97.04132108566596,84.07500822181566,27.999985994928267,0.0,35.0,0.0,418,435,375,435,35.0,NEUTRAL,program,sonic_drive_three_laps.py,function,ec959a186dbd8278df967871b3a34262848e2c5ecc08c20aa12abb30068f0552,右壁追従 | target_deg=0.000,,249.6831008037413,104.19707934808142,81.99785645809644,67.07131414501502,86.57964096375156,0,14.65,54.69417905803338,0
14.7,365.00998013580676,97.18583799055388,84.07500822181566,27.99998915112005,0.0,35.0,0.0,418,435,375,435,35.0,NEUTRAL,program,sonic_drive_three_laps.py,function,ec959a186dbd8278df967871b3a34262848e2c5ecc08c20aa12abb30068f0552,右壁追従 | target_deg=0.000,,250.0,103.92826082587439,81.5771436960778,65.81776426132124,86.99315373498558,0,14.7,55.87805791607019,0
14.75,366.4025007094545,97.33035490951455,84.07500822181566,27.99999159603047,0.0,35.0,0.0,418,435,375,435,35.0,NEUTRAL,program,sonic_drive_three_laps.py,function,ec959a186dbd8278df967871b3a34262848e2c5ecc08c20aa12abb30068f0552,右壁追従 | target_deg=0.000,,249.6304135477248,105.16093838652846,81.0218679665093,63.52312792885277,87.71724614123552,0,14.75,57.07131175734021,0
14.8,367.795021388144,97.4748718393765,84.07500822181566,27.999993489954335,0.0,35.0,0.0,418,435,375,435,35.0,NEUTRAL,program,sonic_drive_three_laps.py,function,ec959a186dbd8278df967871b3a34262848e2c5ecc08c20aa12abb30068f0552,右壁追従 | target_deg=0.000,,250.0,103.70509526519666,81.30380506102463,61.55213164031842,87.87723888140093,0,14.8,58.27338834855611,0
14.85,369.1875421482027,97.61938877768304,84.07500822181566,27.999994957062324,0.0,35.0,0.0,418,435,375,435,35.0,NEUTRAL,program,sonic_drive_three_laps.py,function,ec959a186dbd8278df967871b3a34262848e2c5ecc08c20aa12abb30068f0552,右壁追従 | target_deg=0.000,,249.98987015106715,103.36340167468158,81.44205663617143,58.9097157247948,87.61797265189998,0,14.85,57.773508529312245,0
14.9,370.5800629712934,97.76390572253109,84.07500822181566,27.999996093541935,0.0,35.0,0.0,418,435,375,435,35.0,NEUTRAL,program,sonic_drive_three_laps.py,function,ec959a186dbd8278df967871b3a34262848e2c5ecc08c20aa12abb30068f0552,右壁追従 | target_deg=0.000,,249.69891342612985,103.54021057861632,81.49307087960139,57.67271033784828,87.81017211592669,0,14.9,56.816559350349344,0
14.95,371.97258384321105,97.90842267244645,84.07500822181566,27.999996973903784,0.0,35.0,0.0,418,435,375,435,35.0,NEUTRAL,program,sonic_drive_three_laps.py,function,ec959a186dbd8278df967871b3a34262848e2c5ecc08c20aa12abb30068f0552,右壁追従 | target_deg=0.000,,250.0,102.4181973582472,80.47586867799076,58.677515765612156,88.00111600225365,0,14.95,55.87750072474465,0
15.0,373.36510475295205,98.05293962628713,84.07500822181566,27.999997655866732,0.0,35.0,0.0,418,435,375,435,35.0,NEUTRAL,program,sonic_drive_three_laps.py,function,ec959a186dbd8278df967871b3a34262848e2c5ecc08c20aa12abb30068f0552,右壁追従 | target_deg=0.000,,249.78363464842516,102.27093595088724,80.99199215440272,139.90111624506204,88.31357740597703,0,15.0,54.957209859028424,0
15.05,374.7576256919924,98.19745658316853,84.07500822181566,27.999998184142083,0.0,35.0,0.0,418,435,375,435,35.0,NEUTRAL,program,sonic_drive_three_laps.py,function,ec959a186dbd8278df967871b3a34262848e2c5ecc08c20aa12abb30068f0552,右壁追従 | target_deg=0.000,,250.0,103.02244188987183,80.60503572052964,140.1457970257256,88.36957721316924,0,15.05,54.05660293767737,0
15.1,376.15014665372934,98.34197354240541,84.07500822181566,27.999998593364964,0.0,35.0,0.0,418,435,375,435,35.0,NEUTRAL,program,sonic_drive_three_laps.py,function,ec959a186dbd8278df967871b3a34262848e2c5ecc08c20aa12abb30068f0552,右壁追従 | target_deg=0.000,,249.95598908540723,102.57671463663469,80.3591291915268,140.51555218881552,88.2137974021131,0,15.1,53.17663517824137,0
15.15,377.5426676330478,98.4864905034669,84.07500822181566,27.999998910365118,0.0,35.0,0.0,418,435,375,435,35.0,NEUTRAL,program,sonic_drive_three_laps.py,function,ec959a186dbd8278df967871b3a34262848e2c5ecc08c20aa12abb30068f0552,右壁追従 | target_deg=0.000,,249.71653905127644,102.38294765571584,81.03670103783195,140.59898381550443,88.93092810436944,0,15.15,52.31830052163186,0
15.2,378.9351886259857,98.63100746594182,84.07500822181566,27.99999915592592,0.0,35.0,0.0,418,435,375,435,35.0,NEUTRAL,program,sonic_drive_three_laps.py,function,ec959a186dbd8278df967871b3a34262848e2c5ecc08c20aa12abb30068f0552,右壁追従 | target_deg=0.000,,250.0,102.17389684380429,80.65941411928284,140.81749323670243,89.06646028306797,0,15.2,51.482630893451045,0
15.25,380.32770962947365,98.77552442951165,84.07500822181566,27.99999934614699,0.0,35.0,0.0,418,435,375,435,35.0,NEUTRAL,program,sonic_drive_three_laps.py,function,ec959a186dbd8278df967871b3a34262848e2c5ecc08c20aa12abb30068f0552,右壁追従 | target_deg=0.000,,250.0,100.2271005615078,80.3560126283445,141.61265496402316,89.89194087084009,0,15.25,50.67069496789884,0
15.3,381.72023064113415,98.92004139392964,84.07500822181566,27.999999493499715,0.0,35.0,0.0,418,435,375,435,35.0,NEUTRAL,program,sonic_drive_three_laps.py,function,ec959a186dbd8278df967871b3a34262848e2c5ecc08c20aa12abb30068f0552,右壁追従 | target_deg=0.000,,249.4851251887461,101.79498357015713,80.20885531987402,141.07451423140517,89.66871926845903,0,15.3,49.88359636260044,0
15.35,383.11275165912554,99.06455835900464,84.07500822181566,27.999999607644938,0.0,35.0,0.0,418,435,375,435,35.0,NEUTRAL,program,sonic_drive_three_laps.py,function,ec959a186dbd8278df967871b3a34262848e2c5ecc08c20aa12abb30068f0552,右壁追従 | target_deg=0.000,,250.0,101.17202223424799,79.3052959875041,141.5735882941724,90.38772453455371,0,15.35,49.122471191150915,0
15.4,384.5052726820209,99.20907532458857,84.07500822181566,27.99999969606632,0.0,35.0,0.0,418,435,375,435,35.0,NEUTRAL,program,sonic_drive_three_laps.py,function,ec959a186dbd8278df967871b3a34262848e2c5ecc08c20aa12abb30068f0552,右壁追従 | target_deg=0.000,,250.0,100.16331202441418,78.85482754024221,142.33410620091342,89.31926857960678,0,15.4,48.38848490082973,0
15.45,385.89779370871514,99.35359229056677,84.07500822181566,27.999999764561007,0.0,35.0,0.0,418,435,375,435,35.0,NEUTRAL,program,sonic_drive_three_laps.py,function,ec959a186dbd8278df967871b3a34262848e2c5ecc08c20aa12abb30068f0552,右壁追従 | target_deg=0.000,,249.6928718340577,101.48520584167983,79.64790236532734,142.37711048995976,89.64699562159694,0,15.45,47.68282832641679,0
15.5,387.29031473835215,99.49810925685036,84.07500822181566,27.99999981761969,0.0,35.0,0.0,418,435,375,435,35.0,NEUTRAL,program,sonic_drive_three_laps.py,function,ec959a186dbd8278df967871b3a34262848e2c5ecc08c20aa12abb30068f0552,右壁追従 | target_deg=0.000,,249.4709247409387,101.64764158641854,79.23046594001498,143.02041434876622,90.00126044348414,0,15.5,47.00671289798433,0
15.55,388.6828357702688,99.64262622337053,84.07500822181566,27.99999985872103,0.0,35.0,0.0,418,435,375,435,35.0,NEUTRAL,program,sonic_drive_three_laps.py,function,ec959a186dbd8278df967871b3a34262848e2c5ecc08c20aa12abb30068f0552,右壁追従 | target_deg=0.000,,250.0,100.88513667802188,79.28753903441331,141.79295551241844,89.64855661396726,0,15.55,46.36136495157101,0
15.6,390.0753568039513,99.78714319007396,84.07500822181566,27.999999890559742,0.0,35.0,0.0,418,435,375,435,35.0,NEUTRAL,program,sonic_drive_three_laps.py,function,ec959a186dbd8278df967871b3a34262848e2c5ecc08c20aa12abb30068f0552,右壁追従 | target_deg=0.000,,250.0,99.84021954237545,78.43430525616334,143.4534552311899,90.34967357194216,0,15.6,45.748019107323124,0
15.65,391.4678778390017,99.93166015691935,84.07500822181566,27.999999915223267,0.0,35.0,0.0,418,435,375,435,35.0,NEUTRAL,program,sonic_drive_three_laps.py,function,ec959a186dbd8278df967871b3a34262848e2c5ecc08c20aa12abb30068f0552,右壁追従 | target_deg=0.000,,249.2453747321807,100.670421984341,78.99546718374367,143.63237022348753,89.93884434656786,0,15.65,45.16791070042524,0
15.7,392.8603988751116,100.07617712387471,84.07500822181566,27.999999934328603,0.0,35.0,0.0,418,435,375,435,35.0,NEUTRAL,program,sonic_drive_three_laps.py,function,ec959a186dbd8278df967871b3a34262848e2c5ecc08c20aa12abb30068f0552,右壁追従 | target_deg=0.000,,249.8946680914809,99.88983739582004,78.96243585255088,143.32021240448435,89.92173357069856,0,15.7,44.62226727612414,0
15.75,394.25291991204244,100.22069409091527,84.07500822181566,27.99999994912835,0.0,35.0,0.0,418,435,375,435,35.0,NEUTRAL,program,sonic_drive_three_laps.py,function,ec959a186dbd8278df967871b3a34262848e2c5ecc08c20aa12abb30068f0552,右壁追従 | target_deg=0.000,,249.83338337709276,99.70166072846114,79.0349363650272,143.10466653467478,89.6241712534119,0,15.75,44.112299191240474,0
15.8,395.64544094960905,100.36521105802183,84.07500822181566,27.99999996059282,0.0,35.0,0.0,418,435,375,435,35.0,NEUTRAL,program,sonic_drive_three_laps.py,function,ec959a186dbd8278df967871b3a34262848e2c5ecc08c20aa12abb30068f0552,右壁追従 | target_deg=0.000,,249.52968271548212,100.41794493863875,78.33384982313956,144.15855761901662,90.89486955765098,0,15.8,43.639189400226,0
15.85,397.0379619876682,100.50972802517948,84.07500822181566,27.999999969473645,0.0,35.0,0.0,418,435,375,435,35.0,NEUTRAL,program,sonic_drive_three_laps.py,function,ec959a186dbd8278df967871b3a34262848e2c5ecc08c20aa12abb30068f0552,右壁追従 | target_deg=0.000,,249.75274702648386,100.07092262805045,78.68640586812467,144.04854573345722,90.33155042457008,0,15.85,43.20408254303319,0
15.9,398.43048302610896,100.65424499237673,84.07500822181566,27.999999976353088,0.0,35.0,0.0,418,435,375,435,35.0,NEUTRAL,program,sonic_drive_three_laps.py,function,ec959a186dbd8278df967871b3a34262848e2c5ecc08c20aa12abb30068f0552,右壁追従 | target_deg=0.000,,249.97314132804698,98.88201686729536,78.15672934710629,144.01308922527204,91.03946247678988,0,15.9,42.80807349327469,0
15.95,399.82300406484524,100.79876195960466,84.07500822181566,27.99999998168217,0.0,35.0,0.0,418,435,375,435,35.0,NEUTRAL,program,sonic_drive_three_laps.py,function,ec959a186dbd8278df967871b3a34262848e2c5ecc08c20aa12abb30068f0552,右壁追従 | target_deg=0.000,,250.0,99.01096063487701,78.57278583119302,145.11504032353676,91.00123492809128,0,15.95,42.45219556628782,0
16.0,401.2155251038105,100.94327892685637,84.07500822181566,27.999999985810284,0.0,35.0,0.0,418,435,375,435,35.0,NEUTRAL,program,sonic_drive_three_laps.py,function,ec959a186dbd8278df967871b3a34262848e2c5ecc08c20aa12abb30068f0552,右壁追従 | target_deg=0.000,,249.63835180494843,99.38898015475291,76.79875561871255,144.4692360392527,91.40097472860252,0,16.0,42.13740862525019,0
16.05,402.60804614295307,101.08779589412647,84.07500822181566,27.99999998900809,0.0,35.0,0.0,418,435,375,435,35.0,NEUTRAL,program,sonic_drive_three_laps.py,function,ec959a186dbd8278df967871b3a34262848e2c5ecc08c20aa12abb30068f0552,右壁追従 | target_deg=0.000,,250.0,98.59067485609316,78.60927781256672,146.13391961687884,92.18849649268323,0,16.05,41.86458735656242,0
16.1,404.0005671822331,101.23231286141082,84.07500822181566,27.99999999148523,0.0,35.0,0.0,418,435,375,435,35.0,NEUTRAL,program,sonic_drive_three_laps.py,function,ec959a186dbd8278df967871b3a34262848e2c5ecc08c20aa12abb30068f0552,右壁追従 | target_deg=0.000,,248.8395007963155,99.31050845783498,77.80530274656194,145.71586053173226,91.31676840313773,0,16.1,41.63451001034571,0
16.15,405.3930882216195,101.37682982870622,84.07500822181566,27.99999999340412,0.0,35.0,0.0,418,435,375,435,35.0,NEUTRAL,program,sonic_drive_three_laps.py,function,ec959a186dbd8278df967871b3a34262848e2c5ecc08c20aa12abb30068f0552,右壁追従 | target_deg=0.000,,249.6989771671803,98.46922271069997,78.30670393227217,145.8596456868504,91.4050215058398,0,16.15,41.447847915282374,0
16.2,406.78560926108844,101.52134679601016,84.07500822181566,27.99999999489057,0.0,35.0,0.0,418,435,375,435,35.0,NEUTRAL,program,sonic_drive_three_laps.py,function,ec959a186dbd8278df967871b3a34262848e2c5ecc08c20aa12abb30068f0552,右壁追従 | target_deg=0.000,,250.0,98.82261725281973,77.7000847370721,145.65281763656938,91.36975573904424,0,16.2,41.30515607680885,0
16.25,408.1781303006212,101.66586376332076,84.07500822181566,27.999999996042032,0.0,35.0,0.0,418,435,375,435,35.0,NEUTRAL,program,sonic_drive_three_laps.py,function,ec959a186dbd8278df967871b3a34262848e2c5ecc08c20aa12abb30068f0552,右壁追従 | target_deg=0.000,,249.63499456790848,97.99328493173428,77.00085604348956,145.1221395108521,91.14034805038986,0,16.25,41.20686515229024,0
16.3,409.57065134020337,101.81038073063647,84.07500822181566,27.999999996934005,0.0,35.0,0.0,418,435,375,435,35.0,NEUTRAL,program,sonic_drive_three_laps.py,function,ec959a186dbd8278df967871b3a34262848e2c5ecc08c20aa12abb30068f0552,右壁追従 | target_deg=0.000,,250.0,97.46838269280113,76.47971539287703,146.11034357918822,92.70162402390037,0,16.3,41.15327506575019,0
16.35,410.96317237982396,101.95489769795616,84.07500822181566,27.999999997624958,0.0,35.0,0.0,418,435,375,435,35.0,NEUTRAL,program,sonic_drive_three_laps.py,function,ec959a186dbd8278df967871b3a34262848e2c5ecc08c20aa12abb30068f0552,右壁追従 | target_deg=0.000,,250.0,97.63183117445712,76.47107843990132,146.0952246693139,91.67903538874651,0,16.35,41.14245196992648,0
16.4,412.3556934194741,102.09941466527894,84.07500822181566,27.9999999981602,0.0,35.0,0.0,418,435,375,435,35.0,NEUTRAL,program,sonic_drive_three_laps.py,function,ec959a186dbd8278df967871b3a34262848e2c5ecc08c20aa12abb30068f0552,右壁追従 | target_deg=0.000,,249.72935229775476,97.88813105947128,76.31047130187983,146.20312719602876,91.18402726505093,0,16.4,41.14245196992648,0
16.45,413.7482144591473,102.24393163260412,84.07500822181566,27.999999998574815,0.0,35.0,0.0,418,435,375,435,35.0,NEUTRAL,program,sonic_drive_three_laps.py,function,ec959a186dbd8278df967871b3a34262848e2c5ecc08c20aa12abb30068f0552,右壁追従 | target_deg=0.000,,249.98777404929268,97.08323871316499,76.30079109049892,146.2583438103248,83.9033925383359,0,16.45,41.14245196992652,0
16.5,415.14073549883824,102.38844859993112,84.07500822181566,27.999999998895994,0.0,35.0,0.0,418,435,375,435,35.0,NEUTRAL,program,sonic_drive_three_laps.py,function,ec959a186dbd8278df967871b3a34262848e2c5ecc08c20aa12abb30068f0552,右壁追従 | target_deg=0.000,,250.0,97.15654781797465,75.00394855562594,147.35451624036526,70.75268750402323,0,16.5,41.14245196992652,0
16.55,416.53325653854307,102.53296556725958,84.07500822181566,27.99999999914479,0.0,35.0,0.0,418,435,375,435,35.0,NEUTRAL,program,sonic_drive_three_laps.py,function,ec959a186dbd8278df967871b3a34262848e2c5ecc08c20aa12abb30068f0552,右壁追従 | target_deg=0.000,,249.56800658930936,96.96457488397081,74.89767667909939,146.45545869587488,43.43289337254621,0,16.55,41.14245196992653,0
16.6,417.92577757825865,102.67748253458912,84.07500822181566,27.999999999337522,0.0,35.0,0.0,418,435,375,435,35.0,NEUTRAL,program,sonic_drive_three_laps.py,function,ec959a186dbd8278df967871b3a34262848e2c5ecc08c20aa12abb30068f0552,右壁追従 | target_deg=0.000,,250.0,97.98897455533785,75.89061637586335,147.52614481087238,41.72778754783689,0,16.6,41.14245196992652,0
16.65,419.31829861798246,102.82199950191952,84.07500822181566,27.999999999486818,0.0,35.0,0.0,418,435,375,435,35.0,NEUTRAL,program,sonic_drive_three_laps.py,function,ec959a186dbd8278df967871b3a34262848e2c5ecc08c20aa12abb30068f0552,右壁追従 | target_deg=0.000,,249.38945020309615,97.58668551371527,75.75123338879249,147.9115955009676,40.60742169466057,0,16.65,41.1424519699265,0
16.7,420.7108196577127,102.9665164692506,84.07500822181566,27.99999999960247,0.0,35.0,0.0,418,435,375,435,35.0,NEUTRAL,program,sonic_drive_three_laps.py,function,ec959a186dbd8278df967871b3a34262848e2c5ecc08c20aa12abb30068f0552,右壁追従 | target_deg=0.000,,250.0,96.52424647381322,76.50478176147224,147.3897500596984,41.932978675215345,0,16.7,41.14245196992651,0
16.75,422.10334069744783,103.1110334365822,84.07500822181566,27.999999999692054,0.0,35.0,0.0,418,435,375,435,35.0,NEUTRAL,program,sonic_drive_three_laps.py,function,ec959a186dbd8278df967871b3a34262848e2c5ecc08c20aa12abb30068f0552,右壁追従 | target_deg=0.000,,250.0,95.75108874723252,75.99579469442946,148.41275616894418,93.04391668509501,0,16.75,41.14245196992652,0
16.8,423.49586173718683,103.2555504039142,84.07500822181566,27.999999999761453,0.0,35.0,0.0,418,435,375,435,35.0,NEUTRAL,program,sonic_drive_three_laps.py,function,ec959a186dbd8278df967871b3a34262848e2c5ecc08c20aa12abb30068f0552,右壁追従 | target_deg=0.000,,249.8670806708504,96.86512311400581,76.24359108289218,148.7064456913614,93.57046873417698,0,16.8,41.14245196992653,0
16.85,424.88838277692884,103.40006737124651,84.07500822181566,27.99999999981521,0.0,35.0,0.0,418,435,375,435,35.0,NEUTRAL,program,sonic_drive_three_laps.py,function,ec959a186dbd8278df967871b3a34262848e2c5ecc08c20aa12abb30068f0552,右壁追従 | target_deg=0.000,,249.43486357622913,96.01920711416584,76.42459878941536,148.16182749781817,92.90349183735181,0,16.85,41.14245196992653,0
16.9,426.28090381667323,103.54458433857904,84.07500822181566,27.999999999856854,0.0,35.0,0.0,418,435,375,435,35.0,NEUTRAL,program,sonic_drive_three_laps.py,function,ec959a186dbd8278df967871b3a34262848e2c5ecc08c20aa12abb30068f0552,右壁追従 | target_deg=0.000,,248.96513004694538,95.45578611969574,75.4665566305742,146.58371003095783,93.57379626178593,0,16.9,41.142451969926526,0
16.95,427.67342485641933,103.68910130591178,84.07500822181566,27.999999999889116,0.0,35.0,0.0,418,435,375,435,35.0,NEUTRAL,program,sonic_drive_three_laps.py,function,ec959a186dbd8278df967871b3a34262848e2c5ecc08c20aa12abb30068f0552,右壁追従 | target_deg=0.000,,250.0,96.04907751990059,75.34374921533083,145.93457161334683,93.160843899822,0,16.95,41.14245196992653,0
17.0,429.06594589616685,103.83361827324464,84.07500822181566,27.999999999914102,0.0,35.0,0.0,418,435,375,435,35.0,NEUTRAL,program,sonic_drive_three_laps.py,function,ec959a186dbd8278df967871b3a34262848e2c5ecc08c20aa12abb30068f0552,右壁追従 | target_deg=0.000,,250.0,95.62753978537236,74.34886287776717,144.1413431536659,93.21861263605436,0,17.0,41.142451969926526,0
17.05,430.45846693591545,103.97813524057763,84.07500822181566,27.999999999933458,0.0,35.0,0.0,418,435,375,435,35.0,NEUTRAL,program,sonic_drive_three_laps.py,function,ec959a186dbd8278df967871b3a34262848e2c5ecc08c20aa12abb30068f0552,右壁追従 | target_deg=0.000,,249.27726429414707,96.5646568070036,75.59582001048587,141.91034458163978,94.84110602698709,0,17.05,41.142451969926526,0
17.1,431.85098797566485,104.1226522079107,84.07500822181566,27.999999999948454,0.0,35.0,0.0,418,435,375,435,35.0,NEUTRAL,program,sonic_drive_three_laps.py,function,ec959a186dbd8278df967871b3a34262848e2c5ecc08c20aa12abb30068f0552,右壁追従 | target_deg=0.000,,250.0,94.47765547003752,73.79721055470559,140.62969196530523,94.22814110896745,0,17.1,41.14245196992654,0
17.15,433.2435090154149,104.26716917524382,84.07500822181566,27.99999999996007,0.0,35.0,0.0,418,435,375,435,35.0,NEUTRAL,program,sonic_drive_three_laps.py,function,ec959a186dbd8278df967871b3a34262848e2c5ecc08c20aa12abb30068f0552,右壁追従 | target_deg=0.000,,250.0,94.62388099811183,73.47784358451095,137.85664569472513,94.15922679223377,0,17.15,41.142451969926526,0
17.2,434.63603005516546,104.41168614257703,84.07500822181566,27.99999999996907,0.0,35.0,0.0,418,435,375,435,35.0,NEUTRAL,program,sonic_drive_three_laps.py,function,ec959a186dbd8278df967871b3a34262848e2c5ecc08c20aa12abb30068f0552,右壁追従 | target_deg=0.000,,249.38561011513593,94.205180707572,73.63302425922663,136.5772992065273,94.40456422933232,0,17.2,41.14245196992654,0
17.25,436.0285510949164,104.55620310991023,84.07500822181566,27.99999999997604,0.0,35.0,0.0,418,435,375,435,35.0,NEUTRAL,program,sonic_drive_three_laps.py,function,ec959a186dbd8278df967871b3a34262848e2c5ecc08c20aa12abb30068f0552,右壁追従 | target_deg=0.000,,249.47417776491642,94.65479431325282,74.54648136262846,135.18588104071233,94.49536235115961,0,17.25,41.14245196992652,0
17.3,437.4210721346676,104.70072007724352,84.07500822181566,27.999999999981437,0.0,35.0,0.0,418,435,375,435,35.0,NEUTRAL,program,sonic_drive_three_laps.py,function,ec959a186dbd8278df967871b3a34262848e2c5ecc08c20aa12abb30068f0552,右壁追従 | target_deg=0.000,,249.79334716946582,94.5554528390563,74.98771423730467,132.72765460450418,94.84835115839836,0,17.3,41.142451969926555,0
17.35,438.8135931744191,104.8452370445768,84.07500822181566,27.999999999985626,0.0,35.0,0.0,418,435,375,435,35.0,NEUTRAL,program,sonic_drive_three_laps.py,function,ec959a186dbd8278df967871b3a34262848e2c5ecc08c20aa12abb30068f0552,右壁追従 | target_deg=0.000,,249.5291126877409,93.92212385420207,74.55174769067722,131.38718062521073,95.59589683689755,0,17.35,41.1445504787288,0
17.4,440.2061142141708,104.9897540119101,84.07500822181566,27.999999999988866,0.0,35.0,0.0,418,435,375,435,35.0,NEUTRAL,program,sonic_drive_three_laps.py,function,ec959a186dbd8278df967871b3a34262848e2c5ecc08c20aa12abb30068f0552,右壁追従 | target_deg=0.000,,249.17550324079048,94.34724294649892,73.46603280938619,129.46397531200176,93.98876752689509,0,17.4,41.18071827492559,0
17.45,441.5986352539226,105.13427097924338,84.07500822181566,27.999999999991378,0.0,35.0,0.0,418,435,375,435,35.0,NEUTRAL,program,sonic_drive_three_laps.py,function,ec959a186dbd8278df967871b3a34262848e2c5ecc08c20aa12abb30068f0552,右壁追従 | target_deg=0.000,,249.95143277504368,93.29539711179675,74.42644410304135,127.43297048674424,95.98003683234076,0,17.45,41.26166714759078,0
17.5,442.99115629367446,105.27878794657668,84.07500822181566,27.99999999999332,0.0,35.0,0.0,418,435,375,435,35.0,NEUTRAL,program,sonic_drive_three_laps.py,function,ec959a186dbd8278df967871b3a34262848e2c5ecc08c20aa12abb30068f0552,右壁追従 | target_deg=0.000,,249.77934808454526,94.54381244770443,73.41685439225229,126.5335478365062,95.22541641423244,0,17.5,41.38714930431949,0
17.55,444.38367733342636,105.42330491391006,84.07500822181566,27.999999999994824,0.0,35.0,0.0,418,435,375,435,35.0,NEUTRAL,program,sonic_drive_three_laps.py,function,ec959a186dbd8278df967871b3a34262848e2c5ecc08c20aa12abb30068f0552,右壁追従 | target_deg=0.000,,249.5065870956017,93.81967665663154,73.29426120136405,123.75523951968123,94.93815391177307,0,17.55,41.55678422879661,0
17.6,445.77619837317854,105.56782188124343,84.07500822181566,27.99999999999599,0.0,35.0,0.0,418,435,375,435,35.0,NEUTRAL,program,sonic_drive_three_laps.py,function,ec959a186dbd8278df967871b3a34262848e2c5ecc08c20aa12abb30068f0552,右壁追従 | target_deg=0.000,,249.827353192322,93.23870889463831,72.99436606890254,122.18786207414844,94.60256615735592,0,17.6,41.7700643675368,0
17.65,447.1687194129307,105.7123388485768,84.07500822181566,27.99999999999689,0.0,35.0,0.0,418,435,375,435,35.0,NEUTRAL,program,sonic_drive_three_laps.py,function,ec959a186dbd8278df967871b3a34262848e2c5ecc08c20aa12abb30068f0552,右壁追従 | target_deg=0.000,,250.0,92.78911902252257,73.9466227988909,120.02013017220605,95.57558410095763,0,17.65,42.02636254657415,0
17.7,448.5612404526829,105.85685581591018,84.07500822181566,27.99999999999759,0.0,35.0,0.0,418,435,375,435,35.0,NEUTRAL,program,sonic_drive_three_laps.py,function,ec959a186dbd8278df967871b3a34262848e2c5ecc08c20aa12abb30068f0552,右壁追従 | target_deg=0.000,,249.77385053145562,92.94887436836936,73.3601530838689,118.16993766245618,95.65000809892265,0,17.7,42.324940871707454,0
17.75,449.9537614924351,106.00137278324355,84.07500822181566,27.999999999998135,0.0,35.0,0.0,418,435,375,435,35.0,NEUTRAL,program,sonic_drive_three_laps.py,function,ec959a186dbd8278df967871b3a34262848e2c5ecc08c20aa12abb30068f0552,右壁追従 | target_deg=0.000,,250.0,93.03997475064443,72.03317345757623,116.07986387988309,95.857743295384,0,17.75,42.66496082889011,0
17.8,451.3462825321873,106.14588975057693,84.07500822181566,27.999999999998554,0.0,35.0,0.0,418,435,375,435,35.0,NEUTRAL,program,sonic_drive_three_laps.py,function,ec959a186dbd8278df967871b3a34262848e2c5ecc08c20aa12abb30068f0552,右壁追従 | target_deg=0.000,,250.0,93.05895708902933,73.17210711892925,115.06571584318564,95.77732129011898,0,17.8,43.04549427987675,0
17.85,452.73880357193946,106.2904067179103,84.07500822181566,27.99999999999888,0.0,35.0,0.0,418,435,375,435,35.0,NEUTRAL,program,sonic_drive_three_laps.py,function,ec959a186dbd8278df967871b3a34262848e2c5ecc08c20aa12abb30068f0552,右壁追従 | target_deg=0.000,,250.0,92.02672822851254,72.22180165420968,114.0008608285835,95.75585400646021,0,17.85,43.46553504226175,0
17.9,454.13132461169164,106.43492368524367,84.07500822181566,27.999999999999137,0.0,35.0,0.0,418,435,375,435,35.0,NEUTRAL,program,sonic_drive_three_laps.py,function,ec959a186dbd8278df967871b3a34262848e2c5ecc08c20aa12abb30068f0552,右壁追従 | target_deg=0.000,,250.0,92.16673477606155,72.01264224708372,111.31876877688667,96.20742468065257,0,17.9,43.92401075138274,0
17.95,455.5238456514438,106.57944065257705,84.07500822181566,27.999999999999332,0.0,35.0,0.0,418,435,375,435,35.0,NEUTRAL,program,sonic_drive_three_laps.py,function,ec959a186dbd8278df967871b3a34262848e2c5ecc08c20aa12abb30068f0552,右壁追従 | target_deg=0.000,,250.0,91.5523183688245,71.73289626871286,110.77938432879493,96.52482137844257,0,17.95,44.4197947221384,0
18.0,456.916366691196,106.72395761991042,84.07500822181566,27.999999999999485,0.0,35.0,0.0,418,435,375,435,35.0,NEUTRAL,program,sonic_drive_three_laps.py,function,ec959a186dbd8278df967871b3a34262848e2c5ecc08c20aa12abb30068f0552,右壁追従 | target_deg=0.000,,250.0,91.66815925985418,72.530723322166,107.00237695583259,96.39685551460335,0,18.0,44.95171755891152,0
18.05,458.3088877309482,106.8684745872438,84.07500822181566,27.999999999999602,0.0,35.0,0.0,418,435,375,435,35.0,NEUTRAL,program,sonic_drive_three_laps.py,function,ec959a186dbd8278df967871b3a34262848e2c5ecc08c20aa12abb30068f0552,右壁追従 | target_deg=0.000,,248.34307281449736,92.01422916199098,72.26788484956174,105.25192556213815,97.49309695022791,0,18.05,45.518578298548334,0
18.1,459.70140877070037,107.01299155457717,84.07500822181566,27.99999999999969,0.0,35.0,0.0,418,435,375,435,35.0,NEUTRAL,program,sonic_drive_three_laps.py,function,ec959a186dbd8278df967871b3a34262848e2c5ecc08c20aa12abb30068f0552,右壁追従 | target_deg=0.000,,250.0,92.80225433801917,72.01762706941872,104.51767757575868,97.52589599145323,0,18.1,46.11915491179296,0
18.15,461.09392981045255,107.15750852191054,84.07500822181566,27.99999999999976,0.0,35.0,0.0,418,435,375,435,35.0,NEUTRAL,program,sonic_drive_three_laps.py,function,ec959a186dbd8278df967871b3a34262848e2c5ecc08c20aa12abb30068f0552,右壁追従 | target_deg=0.000,,250.0,91.12223404715289,71.54257853672478,102.61990787392756,97.98606525655791,0,18.15,46.75221403003144,0
18.2,462.48645085020473,107.30202548924392,84.07500822181566,27.99999999999981,0.0,35.0,0.0,418,435,375,435,35.0,NEUTRAL,program,sonic_drive_three_laps.py,function,ec959a186dbd8278df967871b3a34262848e2c5ecc08c20aa12abb30068f0552,右壁追従 | target_deg=0.000,,249.41073105941072,90.37217883030115,71.5863123500483,101.37797912524731,97.40070457612308,0,18.2,47.41651980440072,0
18.25,463.8789718899569,107.44654245657729,84.07500822181566,27.999999999999854,0.0,35.0,0.0,418,435,375,435,35.0,NEUTRAL,program,sonic_drive_three_laps.py,function,ec959a186dbd8278df967871b3a34262848e2c5ecc08c20aa12abb30068f0552,右壁追従 | target_deg=0.000,,249.14132661338934,91.17132197024156,71.84467777727517,99.65746376155391,97.7479019894974,0,18.25,48.11084184150894,0
18.3,465.2714929297091,107.59105942391066,84.07500822181566,27.999999999999886,0.0,35.0,0.0,418,435,375,435,35.0,NEUTRAL,program,sonic_drive_three_laps.py,function,ec959a186dbd8278df967871b3a34262848e2c5ecc08c20aa12abb30068f0552,右壁追従 | target_deg=0.000,,250.0,90.21138354131661,71.77492885307139,96.94805732049323,97.19301278930726,0,18.3,48.833962192970596,0
18.35,466.6640139694613,107.73557639124404,84.07500822181566,27.999999999999908,0.0,35.0,0.0,418,435,375,435,35.0,NEUTRAL,program,sonic_drive_three_laps.py,function,ec959a186dbd8278df967871b3a34262848e2c5ecc08c20aa12abb30068f0552,右壁追従 | target_deg=0.000,,249.86192694495534,91.06384499598522,71.73759835600296,94.8945529374703,98.50426147913464,0,18.35,49.584681403964034,0
18.4,468.05653500921346,107.88009335857741,84.07500822181566,27.99999999999993,0.0,35.0,0.0,418,435,375,435,35.0,NEUTRAL,program,sonic_drive_three_laps.py,function,ec959a186dbd8278df967871b3a34262848e2c5ecc08c20aa12abb30068f0552,右壁追従 | target_deg=0.000,,250.0,90.65901709829367,71.17218490653948,93.44670408275083,97.66959934124306,0,18.4,50.36182364878777,0
18.45,469.44905604896564,108.02461032591079,84.07500822181566,27.99999999999995,0.0,35.0,0.0,418,435,375,435,35.0,NEUTRAL,program,sonic_drive_three_laps.py,function,ec959a186dbd8278df967871b3a34262848e2c5ecc08c20aa12abb30068f0552,右壁追従 | target_deg=0.000,,249.96804858007832,90.0807094911895,70.50855955309326,91.3532114935551,98.3168800522222,0,18.45,51.16424099899894,0
18.5,470.8415770887178,108.16912729324416,84.07500822181566,27.999999999999957,0.0,35.0,0.0,418,435,375,435,35.0,NEUTRAL,program,sonic_drive_three_laps.py,function,ec959a186dbd8278df967871b3a34262848e2c5ecc08c20aa12abb30068f0552,右壁追従 | target_deg=0.000,,250.0,90.36673708744688,70.21611681995394,89.50466368175282,98.51500735612233,0,18.5,51.99081688249626,0
18.55,472.23409812847,108.31364426057753,84.07500822181566,27.999999999999957,0.0,35.0,0.0,418,435,375,435,35.0,NEUTRAL,program,sonic_drive_three_laps.py,function,ec959a186dbd8278df967871b3a34262848e2c5ecc08c20aa12abb30068f0552,右壁追従 | target_deg=0.000,,249.81073990658834,89.81436847317579,70.35427924587809,88.50844565007647,98.40832283438928,0,18.55,52.84046880037103,0
18.6,473.6266191682222,108.4581612279109,84.07500822181566,27.999999999999957,0.0,35.0,0.0,418,435,375,435,35.0,NEUTRAL,program,sonic_drive_three_laps.py,function,ec959a186dbd8278df967871b3a34262848e2c5ecc08c20aa12abb30068f0552,右壁追従 | target_deg=0.000,,249.4273084789636,89.8392344587853,71.28825253412954,85.14293939100538,98.60397478960176,0,18.6,53.7121503730994,0
18.65,475.0191402079744,108.60267819524428,84.07500822181566,27.999999999999957,0.0,35.0,0.0,418,435,375,435,35.0,NEUTRAL,program,sonic_drive_three_laps.py,function,ec959a186dbd8278df967871b3a34262848e2c5ecc08c20aa12abb30068f0552,右壁追従 | target_deg=0.000,,250.0,89.79656904157231,71.05801061877892,84.24438399815648,98.02621205377011,0,18.65,54.60485278932989,0
18.7,476.41166124772656,108.74719516257765,84.07500822181566,27.999999999999957,0.0,35.0,0.0,418,435,375,435,35.0,NEUTRAL,program,sonic_drive_three_laps.py,function,ec959a186dbd8278df967871b3a34262848e2c5ecc08c20aa12abb30068f0552,右壁追従 | target_deg=0.000,,250.0,89.59756078700495,70.39073019124763,80.79002602319571,98.54927889806815,0,18.7,55.5176057297622,0
18.75,477.80418228747874,108.89171212991103,84.07500822181566,27.999999999999957,0.0,35.0,0.0,418,435,375,435,35.0,NEUTRAL,program,sonic_drive_three_laps.py,function,ec959a186dbd8278df967871b3a34262848e2c5ecc08c20aa12abb30068f0552,右壁追従 | target_deg=0.000,,250.0,88.29525113765408,69.24854544733505,79.29304679221023,99.25069670426174,0,18.75,56.44947783600151,0
18.8,479.1967033272309,109.0362290972444,84.07500822181566,27.999999999999957,0.0,35.0,0.0,418,435,375,435,35.0,NEUTRAL,program,sonic_drive_three_laps.py,function,ec959a186dbd8278df967871b3a34262848e2c5ecc08c20aa12abb30068f0552,右壁追従 | target_deg=0.000,,250.0,88.89668605161714,70.71781481940843,78.24145748642722,98.9726692597963,0,18.8,57.399576790327416,0
18.85,480.5892243669831,109.18074606457778,84.07500822181566,27.999999999999957,0.0,35.0,0.0,418,435,375,435,35.0,NEUTRAL,program,sonic_drive_three_laps.py,function,ec959a186dbd8278df967871b3a34262848e2c5ecc08c20aa12abb30068f0552,右壁追従 | target_deg=0.000,,250.0,87.9350110789262,68.85763841406218,77.26392453624045,99.17934602261295,0,18.85,58.367049067483364,0
18.9,481.9817454067353,109.32526303191115,84.07500822181566,27.999999999999957,0.0,35.0,0.0,418,435,375,435,35.0,NEUTRAL,program,sonic_drive_three_laps.py,function,ec959a186dbd8278df967871b3a34262848e2c5ecc08c20aa12abb30068f0552,右壁追従 | target_deg=0.000,,248.91789631195527,88.33420775158591,69.2394036109135,76.54621165952412,99.51259510473223,0,18.9,59.351079414239194,0
18.95,483.37426644648747,109.46977999924452,84.07500822181566,27.999999999999957,0.0,35.0,0.0,418,435,375,435,35.0,NEUTRAL,program,sonic_drive_three_laps.py,function,ec959a186dbd8278df967871b3a34262848e2c5ecc08c20aa12abb30068f0552,右壁追従 | target_deg=0.000,,249.6143553910338,87.79722121254039,69.81731335969098,78.49257125536647,99.75201251250128,0,18.95,60.35089010689999,0
19.0,484.76678748623965,109.6142969665779,84.07500822181566,27.999999999999957,0.0,35.0,0.0,418,435,375,435,35.0,NEUTRAL,program,sonic_drive_three_laps.py,function,ec959a186dbd8278df967871b3a34262848e2c5ecc08c20aa12abb30068f0552,右壁追従 | target_deg=0.000,,249.50396219383816,88.19986566680102,70.18565084039666,79.47917289291264,100.39615218378565,0,19.0,61.365740031355735,0
19.05,486.15930852599183,109.75881393391127,84.07500822181566,27.999999999999957,0.0,35.0,0.0,418,435,375,435,35.0,NEUTRAL,program,sonic_drive_three_laps.py,function,ec959a186dbd8278df967871b3a34262848e2c5ecc08c20aa12abb30068f0552,右壁追従 | target_deg=0.000,,250.0,87.29937340341088,68.98720320585488,79.45632000606531,100.1995550114032,0,19.05,62.39492362485535,0
19.1,487.551829565744,109.90333090124464,84.07500822181566,27.999999999999957,0.0,35.0,0.0,418,435,375,435,35.0,NEUTRAL,program,sonic_drive_three_laps.py,function,ec959a186dbd8278df967871b3a34262848e2c5ecc08c20aa12abb30068f0552,右壁追従 | target_deg=0.000,,249.69878184051797,87.90907880085453,68.63061787363883,79.68281077576442,100.1176947678253,0,19.1,63.43776971356327,0
19.15,488.9443506054962,110.04784786857802,84.07500822181566,27.999999999999957,0.0,35.0,0.0,418,435,375,435,35.0,NEUTRAL,program,sonic_drive_three_laps.py,function,ec959a186dbd8278df967871b3a34262848e2c5ecc08c20aa12abb30068f0552,右壁追従 | target_deg=0.000,,249.42195999464886,87.91988202207541,68.8740254519826,79.93406892356116,100.25243966347232,0,19.15,64.49364027519326,0
19.2,490.3368716452484,110.19236483591139,84.07500822181566,27.999999999999957,0.0,35.0,0.0,418,435,375,435,35.0,NEUTRAL,program,sonic_drive_three_laps.py,function,ec959a186dbd8278df967871b3a34262848e2c5ecc08c20aa12abb30068f0552,右壁追従 | target_deg=0.000,,248.9401413718037,86.51926205041954,68.2515363607933,80.60966546972938,100.12264455289224,0,19.2,65.56192915165636,0
19.25,491.72939268500056,110.33688180324476,84.07500822181566,27.999999999999957,0.0,35.0,0.0,418,435,375,435,35.0,NEUTRAL,program,sonic_drive_three_laps.py,function,ec959a186dbd8278df967871b3a34262848e2c5ecc08c20aa12abb30068f0552,右壁追従 | target_deg=0.000,,250.0,86.52134571417832,68.13203376244849,80.10089152708186,101.09379832820737,0,19.25,66.64206073272753,0
19.3,493.12191372475274,110.48139877057814,84.07500822181566,27.999999999999957,0.0,35.0,0.0,418,435,375,435,35.0,NEUTRAL,program,sonic_drive_three_laps.py,function,ec959a186dbd8278df967871b3a34262848e2c5ecc08c20aa12abb30068f0552,右壁追従 | target_deg=0.000,,249.16720917869193,86.76637815614392,68.61797200322293,80.63582000339036,100.69593632798043,0,19.3,66.85864695939803,0
19.35,494.5144347645049,110.62591573791151,84.07500822181566,27.999999999999957,0.0,35.0,0.0,418,435,375,435,35.0,NEUTRAL,program,sonic_drive_three_laps.py,function,ec959a186dbd8278df967871b3a34262848e2c5ecc08c20aa12abb30068f0552,右壁追従 | target_deg=0.000,,250.0,86.81416899834213,67.75917380155272,81.11635853386103,100.45538150712159,0,19.35,66.0544677807578,0
19.4,495.9069558042571,110.77043270524489,84.07500822181566,27.999999999999957,0.0,35.0,0.0,418,435,375,435,35.0,NEUTRAL,program,sonic_drive_three_laps.py,function,ec959a186dbd8278df967871b3a34262848e2c5ecc08c20aa12abb30068f0552,右壁追従 | target_deg=0.000,,249.8318039405341,87.21477931052972,69.35529016931264,81.7582614800539,101.21004004928415,0,19.4,65.26967018783184,0
19.45,497.2994768440093,110.91494967257826,84.07500822181566,27.999999999999957,0.0,35.0,0.0,418,435,375,435,35.0,NEUTRAL,program,sonic_drive_three_laps.py,function,ec959a186dbd8278df967871b3a34262848e2c5ecc08c20aa12abb30068f0552,右壁追従 | target_deg=0.000,,249.61128911021382,85.9130053646463,68.81690524824181,81.42229642515291,100.44045356786484,0,19.45,64.5049352065357,0
19.5,498.6919978837615,111.05946663991163,84.07500822181566,27.999999999999957,0.0,35.0,0.0,418,435,375,435,35.0,NEUTRAL,program,sonic_drive_three_laps.py,function,ec959a186dbd8278df967871b3a34262848e2c5ecc08c20aa12abb30068f0552,右壁追従 | target_deg=0.000,,250.0,86.40312979021914,68.4967144136512,81.68841563590951,100.1978821613607,0,19.5,63.76095748400108,0
19.55,500.08451892351366,111.20398360724501,84.07500822181566,27.999999999999957,0.0,35.0,0.0,418,435,375,435,35.0,NEUTRAL,program,sonic_drive_three_laps.py,function,ec959a186dbd8278df967871b3a34262848e2c5ecc08c20aa12abb30068f0552,右壁追従 | target_deg=0.000,,249.6319328262544,85.85218110085377,67.6015971481902,82.47565534774812,101.09211634767139,0,19.55,63.03844391928406,0
19.6,501.47703996326584,111.34850057457838,84.07500822181566,27.999999999999957,0.0,35.0,0.0,418,435,375,435,35.0,NEUTRAL,program,sonic_drive_three_laps.py,function,ec959a186dbd8278df967871b3a34262848e2c5ecc08c20aa12abb30068f0552,右壁追従 | target_deg=0.000,,249.95362466063486,85.70902413396233,67.49489581698755,81.4204699358065,100.95888505648612,0,19.6,62.338112064014354,0
19.65,502.869561003018,111.49301754191175,84.07500822181566,27.999999999999957,0.0,35.0,0.0,418,435,375,435,35.0,NEUTRAL,program,sonic_drive_three_laps.py,function,ec959a186dbd8278df967871b3a34262848e2c5ecc08c20aa12abb30068f0552,右壁追従 | target_deg=0.000,,248.7033189714093,85.71928324891718,67.29375750217754,82.27410920161313,101.1894824670215,0,19.65,61.66068828098889,0
19.7,504.2620820427702,111.63753450924513,84.07500822181566,27.999999999999957,0.0,35.0,0.0,418,435,375,435,35.0,NEUTRAL,program,sonic_drive_three_laps.py,function,ec959a186dbd8278df967871b3a34262848e2c5ecc08c20aa12abb30068f0552,右壁追従 | target_deg=0.000,,250.0,84.87505530363461,66.73991153557256,82.57077116089825,102.18703914350738,0,19.7,61.0069056509193,0
19.75,505.6546030825224,111.7820514765785,84.07500822181566,27.999999999999957,0.0,35.0,0.0,418,435,375,435,35.0,NEUTRAL,program,sonic_drive_three_laps.py,function,ec959a186dbd8278df967871b3a34262848e2c5ecc08c20aa12abb30068f0552,右壁追従 | target_deg=0.000,,250.0,85.1574952213306,66.91013096107038,83.33443953956383,102.63897125153161,0,19.75,60.37750162036741,0
19.8,507.04712412227457,111.92656844391188,84.07500822181566,27.999999999999957,0.0,35.0,0.0,418,435,375,435,35.0,NEUTRAL,program,sonic_drive_three_laps.py,function,ec959a186dbd8278df967871b3a34262848e2c5ecc08c20aa12abb30068f0552,右壁追従 | target_deg=0.000,,249.68345407524515,84.44488482510134,67.14658270947558,83.02020322775796,101.69681817974707,0,19.8,59.77321538738662,0
19.85,508.43964516202675,112.07108541124525,84.07500822181566,27.999999999999957,0.0,35.0,0.0,418,435,375,435,35.0,NEUTRAL,program,sonic_drive_three_laps.py,function,ec959a186dbd8278df967871b3a34262848e2c5ecc08c20aa12abb30068f0552,右壁追従 | target_deg=0.000,,250.0,83.75341880451168,66.39380666708838,83.2106753012158,102.80133043472854,0,19.85,59.19478502554641,0
19.9,509.83216620177893,112.21560237857862,84.07500822181566,27.999999999999957,0.0,35.0,0.0,418,435,375,435,35.0,NEUTRAL,program,sonic_drive_three_laps.py,function,ec959a186dbd8278df967871b3a34262848e2c5ecc08c20aa12abb30068f0552,右壁追従 | target_deg=0.000,,249.0687733142301,84.40118769297801,67.3924889271729,84.0266268816151,102.32000119734766,0,19.9,58.6429443518459,0
19.95,511.2246872415311,112.360119345912,84.07500822181566,27.999999999999957,0.0,35.0,0.0,418,435,375,435,35.0,NEUTRAL,program,sonic_drive_three_laps.py,function,ec959a186dbd8278df967871b3a34262848e2c5ecc08c20aa12abb30068f0552,右壁追従 | target_deg=0.000,,250.0,83.98834643664384,66.72249669021456,83.01909297451256,101.56931754982956,0,19.95,58.11841954948564,0
20.0,512.6172082812833,112.50463631324537,84.07500822181566,27.999999999999957,0.0,35.0,0.0,418,435,375,435,35.0,NEUTRAL,program,sonic_drive_three_laps.py,function,ec959a186dbd8278df967871b3a34262848e2c5ecc08c20aa12abb30068f0552,右壁追従 | target_deg=0.000,,249.2358317952944,84.27584098614642,65.71330873162056,84.33519208822867,103.38488302111814,0,20.0,57.621925562493416,0
20.05,514.0097293210355,112.64915328057874,84.07500822181566,27.999999999999957,0.0,35.0,0.0,418,435,375,435,35.0,NEUTRAL,program,sonic_drive_three_laps.py,function,ec959a186dbd8278df967871b3a34262848e2c5ecc08c20aa12abb30068f0552,右壁追従 | target_deg=0.000,,250.0,84.39155793966593,66.80461154245043,84.13924692028496,103.32054774047631,0,20.05,57.15416228568244,0
20.1,515.4022503607877,112.79367024791212,84.07500822181566,27.999999999999957,0.0,35.0,0.0,418,435,375,435,35.0,NEUTRAL,program,sonic_drive_three_laps.py,function,ec959a186dbd8278df967871b3a34262848e2c5ecc08c20aa12abb30068f0552,右壁追従 | target_deg=0.000,,250.0,84.27047910509462,65.57613401715624,83.90283391614933,102.52585352890222,0,20.1,56.715810580208,0
20.15,516.7947714005398,112.93818721524549,84.07500822181566,27.999999999999957,0.0,35.0,0.0,418,435,375,435,35.0,NEUTRAL,program,sonic_drive_three_laps.py,function,ec959a186dbd8278df967871b3a34262848e2c5ecc08c20aa12abb30068f0552,右壁追従 | target_deg=0.000,,250.0,83.94480067206177,65.545476612485,83.96652791464562,102.88320005555273,0,20.15,56.307528151892335,0
20.2,518.187292440292,113.08270418257887,84.07500822181566,27.999999999999957,0.0,35.0,0.0,418,435,375,435,35.0,NEUTRAL,program,sonic_drive_three_laps.py,function,ec959a186dbd8278df967871b3a34262848e2c5ecc08c20aa12abb30068f0552,右壁追従 | target_deg=0.000,,250.0,83.4463995828389,65.67582901735553,84.34546813769018,103.25887257166441,0,20.2,55.929945336275516,0
20.25,519.5798134800442,113.22722114991224,84.07500822181566,27.999999999999957,0.0,35.0,0.0,418,435,375,435,35.0,NEUTRAL,program,sonic_drive_three_laps.py,function,ec959a186dbd8278df967871b3a34262848e2c5ecc08c20aa12abb30068f0552,右壁追従 | target_deg=0.000,,250.0,82.97096876155709,65.47389402279369,85.77816159673843,103.82762544668104,0,20.25,55.58366084076209,0
20.3,520.9723345197964,113.37173811724561,84.07500822181566,27.999999999999957,0.0,35.0,0.0,418,435,375,435,35.0,NEUTRAL,program,sonic_drive_three_laps.py,function,ec959a186dbd8278df967871b3a34262848e2c5ecc08c20aa12abb30068f0552,右壁追従 | target_deg=0.000,,249.42965111809033,83.68047803093114,64.87123903744393,85.43339374269009,102.33733814738252,0,20.3,55.26923749998103,0
20.35,522.3648555595486,113.51625508457899,84.07500822181566,27.999999999999957,0.0,35.0,0.0,418,435,375,435,35.0,NEUTRAL,program,sonic_drive_three_laps.py,function,ec959a186dbd8278df967871b3a34262848e2c5ecc08c20aa12abb30068f0552,右壁追従 | target_deg=0.000,,249.50175258204467,83.40711600008606,65.0616420029599,85.01682872082952,103.78204222157169,0,20.35,54.98719810526295,0
20.4,523.7573765993008,113.66077205191236,84.07500822181566,27.999999999999957,0.0,35.0,0.0,418,435,375,435,35.0,NEUTRAL,program,sonic_drive_three_laps.py,function,ec959a186dbd8278df967871b3a34262848e2c5ecc08c20aa12abb30068f0552,右壁追従 | target_deg=0.000,,250.0,82.52370555877724,64.87565984864762,86.51655146346931,104.65281045981602,0,20.4,54.738021372670474,0
20.45,525.1498976390529,113.80528901924573,84.07500822181566,27.999999999999957,0.0,35.0,0.0,418,435,375,435,35.0,NEUTRAL,program,sonic_drive_three_laps.py,function,ec959a186dbd8278df967871b3a34262848e2c5ecc08c20aa12abb30068f0552,右壁追従 | target_deg=0.000,,250.0,81.99365866854764,64.80500580927638,85.69394003178206,104.29111070259815,0,20.45,54.5221381160231,0
20.5,526.5424186788051,113.94980598657911,84.07500822181566,27.999999999999957,0.0,35.0,0.0,418,435,375,435,35.0,NEUTRAL,program,sonic_drive_three_laps.py,function,ec959a186dbd8278df967871b3a34262848e2c5ecc08c20aa12abb30068f0552,右壁追従 | target_deg=0.000,,250.0,82.12500093384607,65.00016779988528,85.8531436909999,104.26248372873724,0,20.5,54.33992769160906,0
20.55,527.9349397185573,114.09432295391248,84.07500822181566,27.999999999999957,0.0,35.0,0.0,418,435,375,435,35.0,NEUTRAL,program,sonic_drive_three_laps.py,function,ec959a186dbd8278df967871b3a34262848e2c5ecc08c20aa12abb30068f0552,右壁追従 | target_deg=0.000,,249.656930103653,82.39140925834826,65.36463374569591,86.09967602098183,104.17165031269394,0,20.55,54.19171477960319,0
20.6,529.3274607583095,114.23883992124586,84.07500822181566,27.999999999999957,0.0,35.0,0.0,418,435,375,435,35.0,NEUTRAL,program,sonic_drive_three_laps.py,function,ec959a186dbd8278df967871b3a34262848e2c5ecc08c20aa12abb30068f0552,右壁追従 | target_deg=0.000,,250.0,81.35341259942865,65.54737676326593,85.85396014577994,104.3013422194765,0,20.6,54.07776656352219,0
20.65,530.7181510475649,114.38252075758213,84.1276842590363,27.936851360701564,-0.6404834206833917,34.649735629313774,-2.001510689635599,418,432,375,435,34.649735629313774,NEUTRAL,program,sonic_drive_three_laps.py,function,ec959a186dbd8278df967871b3a34262848e2c5ecc08c20aa12abb30068f0552,右壁追従 | target_deg=-1.601,,249.5585001724843,82.58397145856003,64.24533268334761,86.50307064180491,105.57858650145789,0,20.65,53.985288625976274,0
20.7,532.1062591099964,114.5246463301871,84.18026163985564,27.88792899128596,-0.6405335978468034,34.64970818867753,-2.0016674932712606,418,432,375,435,34.64970818867753,NEUTRAL,program,sonic_drive_three_laps.py,function,ec959a186dbd8278df967871b3a34262848e2c5ecc08c20aa12abb30068f0552,右壁追従 | target_deg=-1.601,,249.94323465078818,81.32724644452769,64.34192258722857,86.96449101072903,104.37888441616064,0,20.7,53.92566599006555,0
20.75,533.4923796293753,114.66527897637619,84.23318601868948,27.849517915770605,-0.6457456333416913,34.64685785676626,-2.0179551041927852,418,432,375,435,34.64685785676626,NEUTRAL,program,sonic_drive_three_laps.py,function,ec959a186dbd8278df967871b3a34262848e2c5ecc08c20aa12abb30068f0552,右壁追従 | target_deg=-1.614,,249.91141291074013,81.50507887790634,64.56589623187617,87.36012522685267,105.30018257733657,0,20.75,53.898619320310935,0
20.8,534.8769701573152,114.80446223324552,84.28628759815575,27.81947347369441,-0.6486840167809865,34.6452509283229,-2.027137552440583,418,432,375,435,34.6452509283229,NEUTRAL,program,sonic_drive_three_laps.py,function,ec959a186dbd8278df967871b3a34262848e2c5ecc08c20aa12abb30068f0552,右壁追従 | target_deg=-1.621,,249.94198866758327,81.90670764556235,63.95327285767331,87.6611871801338,104.70754111930225,0,20.8,53.88634736812028,0
20.85,536.2622556936835,114.94306695839622,84.28628759815575,27.86015704533178,0.0,35.0,0.0,418,435,375,435,35.0,NEUTRAL,program,sonic_drive_three_laps.py,function,ec959a186dbd8278df967871b3a34262848e2c5ecc08c20aa12abb30068f0552,右壁追従 | target_deg=0.000,,249.78959866776748,82.02166178456037,63.1575890736757,86.69013910559187,102.17832450811113,0,20.85,53.8863473681203,0
20.9,537.6492897905316,115.0818466357415,84.28628759815575,27.8916721416484,0.0,35.0,0.0,418,435,375,435,35.0,NEUTRAL,program,sonic_drive_three_laps.py,function,ec959a186dbd8278df967871b3a34262848e2c5ecc08c20aa12abb30068f0552,右壁追従 | target_deg=0.000,,249.93761924431763,80.60317270108995,63.17522662014836,86.44627390209966,88.72259533786824,0,20.9,53.88634736812032,0
20.95,539.0376783911687,115.22076183794458,84.28628759815575,27.916084976015522,0.0,35.0,0.0,418,435,375,435,35.0,NEUTRAL,program,sonic_drive_three_laps.py,function,ec959a186dbd8278df967871b3a34262848e2c5ecc08c20aa12abb30068f0552,右壁追従 | target_deg=0.000,,249.61697252979496,82.14584113414233,64.03030887186642,87.04029546335664,75.39776414211572,0,20.95,53.88634736812029,0
21.0,540.4271162437678,115.35978202303822,84.28628759815575,27.934996118658045,0.0,35.0,0.0,418,435,375,435,35.0,NEUTRAL,program,sonic_drive_three_laps.py,function,ec959a186dbd8278df967871b3a34262848e2c5ecc08c20aa12abb30068f0552,右壁追従 | target_deg=0.000,,250.0,81.40572006239685,62.942444704773195,88.41929072084692,54.86824140493326,0,21.0,53.8863473681203,0
21.05,541.8173668882463,115.49888353201209,84.28628759815575,27.949645434287184,0.0,35.0,0.0,418,435,375,435,35.0,NEUTRAL,program,sonic_drive_three_laps.py,function,ec959a186dbd8278df967871b3a34262848e2c5ecc08c20aa12abb30068f0552,右壁追従 | target_deg=0.000,,249.7941572360269,80.25618654128104,63.17114322848783,88.18796013711653,55.10204316501736,0,21.05,53.886347368120305,0
21.1,543.2082471533145,115.63804803766533,84.28628759815575,27.960993370922147,0.0,35.0,0.0,418,435,375,435,35.0,NEUTRAL,program,sonic_drive_three_laps.py,function,ec959a186dbd8278df967871b3a34262848e2c5ecc08c20aa12abb30068f0552,右壁追従 | target_deg=0.000,,250.0,81.2588705874167,63.11165524835841,88.10993325321293,54.503434711089426,0,21.1,53.886347368120305,0
21.15,544.5996151472797,115.77726134302661,84.28628759815575,27.96978392941179,0.0,35.0,0.0,418,435,375,435,35.0,NEUTRAL,program,sonic_drive_three_laps.py,function,ec959a186dbd8278df967871b3a34262848e2c5ecc08c20aa12abb30068f0552,右壁追従 | target_deg=0.000,,249.8657179509352,80.08900395741391,62.97720564849847,88.919890191287,55.68123831147266,0,21.15,53.886347368120305,0
21.2,545.99148495883,115.91526485407525,84.40150228759865,27.9765934421052,-1.6,35.0,-5.0,418,429,375,435,35.0,NEUTRAL,program,sonic_drive_three_laps.py,function,ec959a186dbd8278df967871b3a34262848e2c5ecc08c20aa12abb30068f0552,仕切り壁予防：右壁の向き・離隔を保持 | target_deg=-3.995,,250.0,80.01244558544875,62.84415352727386,88.54847426755869,56.4904907575201,0,21.2,53.88213142896286,0
21.25,547.3840760710641,116.04889502944027,84.64861805981838,27.98186835873039,-3.2,35.0,-10.0,418,424,375,435,35.0,NEUTRAL,program,sonic_drive_three_laps.py,function,ec959a186dbd8278df967871b3a34262848e2c5ecc08c20aa12abb30068f0552,仕切り壁予防：右壁の向き・離隔を保持 | target_deg=-7.957,,250.0,80.88103431606488,62.71715723543949,89.20516589755319,55.27135422211654,0,21.25,53.87804258937879,0
21.3,548.774642510288,116.17593159644281,84.91173562082912,27.89130305236913,-3.2,34.475,-10.0,418,424,375,435,34.475,NEUTRAL,program,sonic_drive_three_laps.py,function,ec959a186dbd8278df967871b3a34262848e2c5ecc08c20aa12abb30068f0552,仕切り壁予防：右壁の向き・離隔を保持 | target_deg=-7.957,,249.80135498545843,80.27795231812497,62.35015209450557,88.26591206860772,55.57853272640338,0,21.3,53.87858736931153,0
21.35,550.16187964729,116.29625191856506,85.17411605971597,27.82114760047419,-3.2,34.475,-10.0,418,424,375,435,34.475,NEUTRAL,program,sonic_drive_three_laps.py,function,ec959a186dbd8278df967871b3a34262848e2c5ecc08c20aa12abb30068f0552,仕切り壁予防：右壁の向き・離隔を保持 | target_deg=-7.957,,249.92190722850629,80.18693510907053,62.54118905336027,87.78804855035396,55.60822483208481,0,21.35,53.88412216854559,0
21.4,551.546632536466,116.40997716596529,85.43592549478501,27.76680242539192,-3.2,34.475,-10.0,418,424,375,435,34.475,NEUTRAL,program,sonic_drive_three_laps.py,function,ec959a186dbd8278df967871b3a34262848e2c5ecc08c20aa12abb30068f0552,仕切り壁予防：右壁の向き・離隔を保持 | target_deg=-7.957,,249.79835555568565,80.76198199816535,61.78518981551424,87.59572613829883,56.80217528922854,0,21.4,53.894613091349875,0
21.45,552.9295498505389,116.51719760144648,85.69729260781617,27.72470451318481,-3.2,34.475,-10.0,418,424,375,435,34.475,NEUTRAL,program,sonic_drive_three_laps.py,function,ec959a186dbd8278df967871b3a34262848e2c5ecc08c20aa12abb30068f0552,仕切り壁予防：右壁の向き・離隔を保持 | target_deg=-7.957,,249.88978638137579,81.26068236722907,62.62903340351944,86.75263800539125,56.895192448113136,0,21.45,53.91003625865115,0
21.5,554.31112802288,116.61798030809514,85.95831708078236,27.69209381297979,-3.2,34.475,-10.0,418,424,375,435,34.475,NEUTRAL,program,sonic_drive_three_laps.py,function,ec959a186dbd8278df967871b3a34262848e2c5ecc08c20aa12abb30068f0552,仕切り壁予防：右壁の向き・離隔を保持 | target_deg=-7.957,,250.0,80.30728939609932,63.29430925749416,86.40422399111196,57.01654112021042,0,21.5,53.93037494907351,0
21.55,555.6917454709579,116.71237500298955,86.21907613126444,27.666832280706416,-3.2,34.475,-10.0,418,424,375,435,34.475,NEUTRAL,program,sonic_drive_three_laps.py,function,ec959a186dbd8278df967871b3a34262848e2c5ecc08c20aa12abb30068f0552,仕切り壁予防：右壁の向き・離隔を保持 | target_deg=-7.957,,249.09296771185132,80.3659119976043,62.19135378732172,85.71826734220423,55.91606243728585,0,21.55,53.955617520573526,0
21.6,557.0716891286916,116.80041841007433,86.47962957504046,27.64726370325218,-3.2,34.475,-10.0,418,424,375,435,34.475,NEUTRAL,program,sonic_drive_three_laps.py,function,ec959a186dbd8278df967871b3a34262848e2c5ecc08c20aa12abb30068f0552,仕切り壁予防：右壁の向き・離隔を保持 | target_deg=-7.957,,249.47669096291128,79.34651838988111,62.22695077469866,85.87178214218598,55.111602453931305,0,21.6,53.98575590369892,0
21.65,558.4511750154486,116.88213754808899,86.74002374776722,27.63210511273445,-3.2,34.475,-10.0,418,424,375,435,34.475,NEUTRAL,program,sonic_drive_three_laps.py,function,ec959a186dbd8278df967871b3a34262848e2c5ecc08c20aa12abb30068f0552,仕切り壁予防：右壁の向き・離隔を保持 | target_deg=-7.957,,249.8472710017649,82.28729499973777,62.00391773488856,86.40844727229283,55.4855306465825,0,21.65,54.02078451298268,0
21.7,559.8303641815332,116.95755220150437,87.00029454286869,27.620362671720454,-3.2,34.475,-10.0,418,424,375,435,34.475,NEUTRAL,program,sonic_drive_three_laps.py,function,ec959a186dbd8278df967871b3a34262848e2c5ecc08c20aa12abb30068f0552,仕切り壁予防：右壁の向き・離隔を保持 | target_deg=-7.957,,250.0,82.36571966020666,62.252938521522466,84.47847148890877,55.784122142453874,0,21.7,54.06069946369659,0
21.75,561.2093750691083,117.02667677632972,87.2604697648041,27.611266514607035,-3.2,34.475,-10.0,418,424,375,435,34.475,NEUTRAL,program,sonic_drive_three_laps.py,function,ec959a186dbd8278df967871b3a34262848e2c5ecc08c20aa12abb30068f0552,仕切り壁予防：右壁の向き・離隔を保持 | target_deg=-7.957,,249.91840694484202,82.69908450988603,60.917430748250936,84.92617428283522,56.465740043422336,0,21.75,54.1054980111205,0
21.8,562.5882930941408,117.0895216929116,87.52057095200234,27.60422027318813,-3.2,34.475,-10.0,418,424,375,435,34.475,NEUTRAL,program,sonic_drive_three_laps.py,function,ec959a186dbd8278df967871b3a34262848e2c5ecc08c20aa12abb30068f0552,仕切り壁予防：右壁の向き・離隔を保持 | target_deg=-7.957,,250.0,81.67141808455492,62.02675544495055,83.8830199736688,56.25100801041096,0,21.8,54.155178151515926,0
21.85,563.967178073979,117.14609443037382,87.78061478897848,27.598761977172074,-3.2,34.475,-10.0,418,424,375,435,34.475,NEUTRAL,program,sonic_drive_three_laps.py,function,ec959a186dbd8278df967871b3a34262848e2c5ecc08c20aa12abb30068f0552,仕切り壁予防：右壁の向き・離隔を保持 | target_deg=-7.957,,250.0,84.17060385661689,61.80523371044411,83.85933909326786,57.16634352749495,0,21.85,54.20973834022145,0
21.9,565.3460699848329,117.19640030909916,88.04061420021463,27.594533766183034,-3.2,34.475,-10.0,418,424,375,435,34.475,NEUTRAL,program,sonic_drive_three_laps.py,function,ec959a186dbd8278df967871b3a34262848e2c5ecc08c20aa12abb30068f0552,仕切り壁予防：右壁の向き・離隔を保持 | target_deg=-7.957,,249.55410754751318,83.59285160323411,61.43622935011264,83.00115505774198,56.618291448331235,0,21.9,54.26917729424149,0
21.95,566.7249934246048,117.24044307635117,88.3005791975234,27.59125842748479,-3.2,34.475,-10.0,418,424,375,435,34.475,NEUTRAL,program,sonic_drive_three_laps.py,function,ec959a186dbd8278df967871b3a34262848e2c5ecc08c20aa12abb30068f0552,仕切り壁予防：右壁の向き・離隔を保持 | target_deg=-7.957,,250.0,84.15820920046745,61.910687275784795,83.05782258492368,57.09546582847145,0,21.95,54.337972250647084,0
22.0,568.1039610721406,117.27822534406619,88.56051753644937,27.588721221177906,-3.2,34.475,-10.0,418,424,375,435,34.475,NEUTRAL,program,sonic_drive_three_laps.py,function,ec959a186dbd8278df967871b3a34262848e2c5ecc08c20aa12abb30068f0552,仕切り壁予防：右壁の向き・離隔を保持 | target_deg=-7.957,,250.0,83.96699626585448,61.687224263678345,83.37227231365857,56.48817942023471,0,22.0,54.430821906658934,0
22.05,569.482976368552,117.30974891572714,88.82043522474225,27.586755801281903,-3.2,34.475,-10.0,418,424,375,435,34.475,NEUTRAL,program,sonic_drive_three_laps.py,function,ec959a186dbd8278df967871b3a34262848e2c5ecc08c20aa12abb30068f0552,仕切り壁予防：右壁の向き・離隔を保持 | target_deg=-7.957,,250.0,84.76596179669441,62.64166601026192,82.36315297806064,56.85822538307928,0,22.05,54.548757344638126,0
22.1,570.8620355955384,117.3350150300909,89.08033691624189,27.5852333096512,-3.2,34.475,-10.0,418,424,375,435,34.475,NEUTRAL,program,sonic_drive_three_laps.py,function,ec959a186dbd8278df967871b3a34262848e2c5ecc08c20aa12abb30068f0552,仕切り壁予防：右壁の向き・離隔を保持 | target_deg=-7.957,,249.85784960146387,85.62645689316199,61.50089917234514,81.04661169489124,56.67412483857976,0,22.1,54.69161773748402,0
22.15,572.2411294863091,117.35402454265079,89.3402262159957,27.58405392769303,-3.2,34.475,-10.0,418,424,375,435,34.475,NEUTRAL,program,sonic_drive_three_laps.py,function,ec959a186dbd8278df967871b3a34262848e2c5ecc08c20aa12abb30068f0552,仕切り壁予防：右壁の向き・離隔を保持 | target_deg=-7.957,,249.39670596386384,86.36930776995317,62.01419407431076,81.36583205338292,56.85621701968537,0,22.15,54.85921178371202,0
22.2,573.6202444742257,117.36677806052352,89.60010591661523,27.583140331995562,-3.2,34.475,-10.0,418,424,375,435,34.475,NEUTRAL,program,sonic_drive_three_laps.py,function,ec959a186dbd8278df967871b3a34262848e2c5ecc08c20aa12abb30068f0552,仕切り壁予防：右壁の向き・離隔を保持 | target_deg=-7.957,,248.69974978733913,86.83130806504103,61.29717955268594,81.25782549339651,57.7818042942841,0,22.2,55.051318591427155,0
22.25,574.9993636606455,117.37327604253832,89.85997818136741,27.58243262479972,-3.2,34.475,-10.0,418,424,375,435,34.475,NEUTRAL,program,sonic_drive_three_laps.py,function,ec959a186dbd8278df967871b3a34262848e2c5ecc08c20aa12abb30068f0552,仕切り壁予防：右壁の向き・離隔を保持 | target_deg=-7.957,,249.19097663226555,86.29878825682783,61.81180913969711,80.69278619002012,55.621052495568314,0,22.25,55.2676888198986,0
22.3,576.3784675651261,117.3735188733621,90.119844686004,27.581884406943143,-3.2,34.475,-10.0,418,424,375,435,34.475,NEUTRAL,program,sonic_drive_three_laps.py,function,ec959a186dbd8278df967871b3a34262848e2c5ecc08c20aa12abb30068f0552,仕切り壁予防：右壁の向き・離隔を保持 | target_deg=-7.957,,249.53503413790668,87.71866937740913,61.360924649508824,80.31792459919492,55.755438071200274,0,22.3,55.508046035529226,0
22.35,577.7575347069517,117.3675069182791,90.37970672862838,27.581459735807915,-3.2,34.475,-10.0,418,424,375,435,34.475,NEUTRAL,program,sonic_drive_three_laps.py,function,ec959a186dbd8278df967871b3a34262848e2c5ecc08c20aa12abb30068f0552,仕切り壁予防：右壁の向き・離隔を保持 | target_deg=-7.957,,249.54500935699255,86.53243547564682,61.830842663031106,80.17578952859209,56.4600730549206,0,22.35,55.772088243623415,0
22.4,579.1365439929572,117.35544376757065,90.62267955139419,27.581130768827112,-2.9924531470162714,34.475,-9.351416084425848,418,425,375,435,34.475,NEUTRAL,program,sonic_drive_three_laps.py,function,ec959a186dbd8278df967871b3a34262848e2c5ecc08c20aa12abb30068f0552,仕切り壁予防：右壁の向き・離隔を保持 | target_deg=-7.446,,249.8659410479375,88.06433477985101,61.96955359019756,78.99977822363871,56.65515642173912,0,22.4,56.05615209766623,0
22.45,580.5161020288208,117.33816681665989,90.81233745797135,27.601339077195806,-2.3356351129780095,34.58850218522548,-7.29885972805628,418,427,375,435,34.58850218522548,NEUTRAL,program,sonic_drive_three_laps.py,function,ec959a186dbd8278df967871b3a34262848e2c5ecc08c20aa12abb30068f0552,仕切り壁予防：右壁の向き・離隔を保持 | target_deg=-5.822,,250.0,89.53823173682753,61.49040845367768,78.08877192779755,57.30128760569205,0,22.45,56.19068703701549,0
22.5,581.8984260560253,117.31643148912178,90.98932393774669,27.681752383468176,-2.17528703798355,34.947699547590155,-6.7977719936985945,418,427,375,435,34.947699547590155,NEUTRAL,program,sonic_drive_three_laps.py,function,ec959a186dbd8278df967871b3a34262848e2c5ecc08c20aa12abb30068f0552,仕切り壁予防：右壁の向き・離隔を保持 | target_deg=-5.425,,250.0,89.41927942216468,62.126492075904196,78.27265227950723,56.79103782137533,0,22.5,56.12619676255464,0
22.55,583.2844298753279,117.29015216161325,91.18312918238666,27.75347286671548,-2.375324020911995,35.0,-7.422887565349983,418,427,375,435,35.0,NEUTRAL,program,sonic_drive_three_laps.py,function,ec959a186dbd8278df967871b3a34262848e2c5ecc08c20aa12abb30068f0552,仕切り壁予防：右壁の向き・離隔を保持 | target_deg=-5.921,,250.0,89.772595649571,61.323419615638095,78.58479496157871,56.08310975470081,0,22.55,56.05321164364686,0
22.6,584.6730297662253,117.25906345395936,91.3819786287491,27.795688067579146,-2.4323504320674436,34.92599467606375,-7.601095100210761,418,427,375,435,34.92599467606375,NEUTRAL,program,sonic_drive_three_laps.py,function,ec959a186dbd8278df967871b3a34262848e2c5ecc08c20aa12abb30068f0552,仕切り壁予防：右壁の向き・離隔を保持 | target_deg=-6.062,,249.82416241119785,89.77514059967058,61.74944608699297,78.88218470641726,56.49753721727485,0,22.6,55.97432386350205,0
22.65,586.0631758321526,117.22346864729481,91.55150688324153,27.8227670894781,-2.071566143203337,34.89480835746312,-6.473644197510429,418,428,375,435,34.89480835746312,NEUTRAL,program,sonic_drive_three_laps.py,function,ec959a186dbd8278df967871b3a34262848e2c5ecc08c20aa12abb30068f0552,仕切り壁予防：右壁の向き・離隔を保持 | target_deg=-5.167,,250.0,89.93922040343503,62.110693716948134,77.2394253155807,56.45709414671234,0,22.65,55.89807643873989,0
22.7,587.454957784677,117.18390479506539,91.705082913397,27.86270840978862,-1.8744361559289797,35.0,-5.857612987278062,418,428,375,435,35.0,NEUTRAL,program,sonic_drive_three_laps.py,function,ec959a186dbd8278df967871b3a34262848e2c5ecc08c20aa12abb30068f0552,仕切り壁予防：右壁の向き・離隔を保持 | target_deg=-4.677,,250.0,90.84671011994737,61.41558841017983,76.87035117478472,56.155302513806554,0,22.7,55.821763692242754,0
22.75,588.8483580599934,117.14071496515072,91.84565980112916,27.893648529004775,-1.7137551879295958,35.0,-5.355484962279987,418,429,375,435,35.0,NEUTRAL,program,sonic_drive_three_laps.py,function,ec959a186dbd8278df967871b3a34262848e2c5ecc08c20aa12abb30068f0552,仕切り壁予防：右壁の向き・離隔を保持 | target_deg=-4.278,,249.39021983121697,90.98159929589939,62.039073280277634,76.77045466968437,56.251729187564095,0,22.75,55.74500107676316,0
22.8,590.2429915815092,117.0942907518213,91.96742749775666,27.917615963472826,-1.483144047348017,35.0,-4.6348251479625535,418,430,375,435,35.0,NEUTRAL,program,sonic_drive_three_laps.py,function,ec959a186dbd8278df967871b3a34262848e2c5ecc08c20aa12abb30068f0552,仕切り壁予防：右壁の向き・離隔を保持 | target_deg=-3.704,,249.69165620605827,91.92223263061402,62.69821720000716,76.186629893073,56.238671475934,0,22.8,55.66954693390987,0
22.85,591.638541498205,117.04441032935998,92.12661680121596,27.93618208181798,-1.9372002952408098,35.0,-6.053750922627531,418,428,375,435,35.0,NEUTRAL,program,sonic_drive_three_laps.py,function,ec959a186dbd8278df967871b3a34262848e2c5ecc08c20aa12abb30068f0552,仕切り壁予防：右壁の向き・離隔を保持 | target_deg=-4.833,,250.0,91.07211716867313,62.06453552662101,76.56210051650972,54.65006542415874,0,22.85,55.58178648871328,0
22.9,593.0347701429756,116.9911733128284,92.24054680554411,27.95056412804265,-1.3858947354754665,35.0,-4.330921048360833,418,430,375,435,35.0,NEUTRAL,program,sonic_drive_three_laps.py,function,ec959a186dbd8278df967871b3a34262848e2c5ecc08c20aa12abb30068f0552,仕切り壁予防：右壁の向き・離隔を保持 | target_deg=-3.461,,249.34188410450628,92.02290906930456,62.63242765223705,75.43246287999182,56.31649451641007,0,22.9,55.501488969087276,0
22.95,594.4315078051776,116.93505899297031,92.36072610438549,27.961705027274427,-1.4612323869770751,35.0,-4.56635120930336,418,430,375,435,35.0,NEUTRAL,program,sonic_drive_three_laps.py,function,ec959a186dbd8278df967871b3a34262848e2c5ecc08c20aa12abb30068f0552,仕切り壁予防：右壁の向き・離隔を保持 | target_deg=-3.649,,250.0,92.27789397510738,62.37244488587964,75.68700242434618,55.31361360769347,0,22.95,55.416874988978165,0
23.0,595.8286051508653,116.87598692843306,92.48154950263137,27.970335206440424,-1.468555085083016,35.0,-4.589234640884425,418,430,375,435,35.0,NEUTRAL,program,sonic_drive_three_laps.py,function,ec959a186dbd8278df967871b3a34262848e2c5ecc08c20aa12abb30068f0552,仕切り壁予防：右壁の向き・離隔を保持 | target_deg=-3.667,,250.0,92.59728726502226,62.84441006148547,76.11108227979737,55.776308450945024,0,23.0,55.32919739117085,0
23.05,597.2259656044259,116.81436490132256,92.5685376349955,27.97702048299555,-1.0571321382404668,35.0,-3.3035379320014586,418,431,375,435,35.0,NEUTRAL,program,sonic_drive_three_laps.py,function,ec959a186dbd8278df967871b3a34262848e2c5ecc08c20aa12abb30068f0552,仕切り壁予防：右壁の向き・離隔を保持 | target_deg=-2.641,,250.0,93.0129186077738,63.424875229541236,74.39893372691064,55.688265233832084,0,23.05,55.24700966510025,0
23.1,598.6235272429277,116.75078053790402,92.64140087710194,27.982199161416805,-0.8853252061456004,35.0,-2.7666412692050013,418,432,375,435,35.0,NEUTRAL,program,sonic_drive_three_laps.py,function,ec959a186dbd8278df967871b3a34262848e2c5ecc08c20aa12abb30068f0552,仕切り壁予防：右壁の向き・離隔を保持 | target_deg=-2.212,,249.6901289092523,93.18830338391012,63.04630185239996,74.9531205623862,55.99194063732728,0,23.1,55.16621783658316,0
23.15,600.0212413753153,116.68564406299252,92.6949505720873,27.986210769608274,-0.65057565235081,35.0,-2.0330489135962813,418,432,375,435,35.0,NEUTRAL,program,sonic_drive_three_laps.py,function,ec959a186dbd8278df967871b3a34262848e2c5ecc08c20aa12abb30068f0552,仕切り壁予防：右壁の向き・離隔を保持 | target_deg=-1.626,,250.0,93.01621856982128,62.373124956929196,74.02883702339723,55.66617882673513,0,23.15,55.08844596858964,0
23.2,601.4190612183803,116.61906984147836,92.7586015560803,27.989318319251787,-0.7731868315846202,35.0,-2.416208848701938,418,432,375,435,35.0,NEUTRAL,program,sonic_drive_three_laps.py,function,ec959a186dbd8278df967871b3a34262848e2c5ecc08c20aa12abb30068f0552,仕切り壁予防：右壁の向き・離隔を保持 | target_deg=-1.932,,249.80784471700875,94.00849494748064,63.265589173279864,74.11095670318076,54.9386362185416,0,23.2,55.00686498862822,0
23.25,602.8169340064305,116.55080759050077,92.83280053283215,27.99172554955096,-0.9012102749478501,35.0,-2.8162821092120316,418,432,375,435,35.0,NEUTRAL,program,sonic_drive_three_laps.py,function,ec959a186dbd8278df967871b3a34262848e2c5ecc08c20aa12abb30068f0552,仕切り壁予防：右壁の向き・離隔を保持 | target_deg=-2.252,,250.0,93.38014462740671,62.96310684600193,74.67879111622275,55.219877771071374,0,23.25,54.921125729281044,0
23.3,604.2148060706987,116.48043281683925,92.93135516807138,27.99359028491419,-1.1968663312797936,35.0,-3.7402072852493546,418,431,375,435,35.0,NEUTRAL,program,sonic_drive_three_laps.py,function,ec959a186dbd8278df967871b3a34262848e2c5ecc08c20aa12abb30068f0552,仕切り壁予防：右壁の向き・離隔を保持 | target_deg=-2.990,,250.0,93.6934936134791,63.15394498571583,73.96416214155141,53.892966266339265,0,23.3,54.82756485496053,0
23.35,605.6126450185756,116.40783253229655,93.01490306380788,27.99503478234183,-1.0146047636831594,35.0,-3.170639886509873,418,431,375,435,35.0,NEUTRAL,program,sonic_drive_three_laps.py,function,ec959a186dbd8278df967871b3a34262848e2c5ecc08c20aa12abb30068f0552,仕切り壁予防：右壁の向き・離隔を保持 | target_deg=-2.535,,249.9197307060057,94.32268605594632,63.32028431167919,73.86546675860843,54.89686605361679,0,23.35,54.73533377486265,0
23.4,607.0104636698527,116.33365401281631,93.06046755181046,27.996153746919642,-0.5533506350451034,35.0,-1.7292207345159483,418,433,375,435,35.0,NEUTRAL,program,sonic_drive_three_laps.py,function,ec959a186dbd8278df967871b3a34262848e2c5ecc08c20aa12abb30068f0552,仕切り壁予防：右壁の向き・離隔を保持 | target_deg=-1.383,,249.74666283752134,94.54023685195591,63.49821147963089,73.57470786542255,55.80519457938767,0,23.4,54.65045881990453,0
23.45,608.4082898856999,116.25870933718132,93.07750030331903,27.997020540935637,-0.20684991626484361,35.0,-0.6464059883276363,418,434,375,435,35.0,NEUTRAL,program,sonic_drive_three_laps.py,function,ec959a186dbd8278df967871b3a34262848e2c5ecc08c20aa12abb30068f0552,仕切り壁予防：右壁の向き・離隔を保持 | target_deg=-0.517,,250.0,94.53121204483314,63.331416726778855,72.41062314663723,55.122505250979984,0,23.45,54.57151738420956,0
23.5,609.806123401378,116.18320375713259,93.10628458192025,27.99769199370641,-0.34955117910541333,35.0,-1.0923474347044166,418,433,375,435,35.0,NEUTRAL,program,sonic_drive_three_laps.py,function,ec959a186dbd8278df967871b3a34262848e2c5ecc08c20aa12abb30068f0552,仕切り壁予防：右壁の向き・離隔を保持 | target_deg=-0.874,,249.5139199739508,95.0040756308976,62.420063997798756,73.42217369040569,54.948554294479315,0,23.5,54.48925968800073,0
23.55,611.2039439337935,116.10692418609128,93.14082193954391,27.99821212745798,-0.41940457449742896,35.0,-1.3106392953044654,418,433,375,435,35.0,NEUTRAL,program,sonic_drive_three_laps.py,function,ec959a186dbd8278df967871b3a34262848e2c5ecc08c20aa12abb30068f0552,仕切り壁予防：右壁の向き・離隔を保持 | target_deg=-1.048,,250.0,94.84762304456169,61.48893435181229,73.76858008618336,55.26343084057483,0,23.55,54.40488204237809,0
23.6,612.6017390423268,116.02977146166953,93.17776432100436,27.998615043539786,-0.4486016394805443,35.0,-1.401880123376701,418,433,375,435,35.0,NEUTRAL,program,sonic_drive_three_laps.py,function,ec959a186dbd8278df967871b3a34262848e2c5ecc08c20aa12abb30068f0552,仕切り壁予防：右壁の向き・離隔を保持 | target_deg=-1.121,,249.28869859737858,95.4963492741107,63.60574935920017,73.04547221748489,54.67403641681877,0,23.6,54.31907165490122,0
23.65,613.9994834008514,115.95139406717988,93.24114343712654,27.998927158199702,-0.7695901541368773,35.0,-2.4049692316777413,418,432,375,435,35.0,NEUTRAL,program,sonic_drive_three_laps.py,function,ec959a186dbd8278df967871b3a34262848e2c5ecc08c20aa12abb30068f0552,仕切り壁予防：右壁の向き・離隔を保持 | target_deg=-1.923,,250.0,95.7249439071156,63.1736502131392,73.39080305029717,54.0052276032841,0,23.65,54.225851416946895,0
23.7,615.3971456125447,115.87132959501308,93.31601798044267,27.999168934503334,-0.9091446695571409,35.0,-2.8410770923660653,418,432,375,435,35.0,NEUTRAL,program,sonic_drive_three_laps.py,function,ec959a186dbd8278df967871b3a34262848e2c5ecc08c20aa12abb30068f0552,仕切り壁予防：右壁の向き・離隔を保持 | target_deg=-2.272,,249.9684773360453,96.94989560288018,63.085283525142295,72.75596070118908,53.57336600168515,0,23.7,54.12826896189449,0
23.75,616.7947520104173,115.79011489123896,93.33528366354005,27.99935622394695,-0.2322385672067321,35.0,-0.7257455225210379,418,434,375,435,35.0,NEUTRAL,program,sonic_drive_three_laps.py,function,ec959a186dbd8278df967871b3a34262848e2c5ecc08c20aa12abb30068f0552,仕切り壁予防：右壁の向き・離隔を保持 | target_deg=-0.581,,249.58970080283305,95.58584019560683,63.743448193544126,72.3132795596358,55.55267526235379,0,23.75,54.04254975303688,0
23.8,618.1923432496596,115.70850080348552,93.348842695249,27.999501305723623,-0.16464820213508233,35.0,-0.5145256316721323,418,434,375,435,35.0,NEUTRAL,program,sonic_drive_three_laps.py,function,ec959a186dbd8278df967871b3a34262848e2c5ecc08c20aa12abb30068f0552,仕切り壁予防：右壁の向き・離隔を保持 | target_deg=-0.412,,249.54221519775467,96.31500045986716,63.90697416255992,72.74795322040472,54.99716045078797,0,23.8,53.95776616301069,0
23.85,619.5899109209415,115.62637740599794,93.37701343577277,27.99961369177975,-0.34207447662432,35.0,-1.068982739451,418,433,375,435,35.0,NEUTRAL,program,sonic_drive_three_laps.py,function,ec959a186dbd8278df967871b3a34262848e2c5ecc08c20aa12abb30068f0552,仕切り壁予防：右壁の向き・離隔を保持 | target_deg=-0.855,,249.22121154994832,97.58280181755156,63.72751641539301,71.93674231022375,53.63939707319065,0,23.85,53.869059625652724,0
23.9,620.9874560119591,115.54378810569706,93.38702056437023,27.999700750443502,-0.12151639909789708,35.0,-0.37973874718092837,418,434,375,435,35.0,NEUTRAL,program,sonic_drive_three_laps.py,function,ec959a186dbd8278df967871b3a34262848e2c5ecc08c20aa12abb30068f0552,仕切り壁予防：右壁の向き・離隔を保持 | target_deg=-0.304,,249.78269836181596,95.77961702233056,64.06298003384202,71.84606595900772,54.54397077336254,0,23.9,53.78413241685179,0
23.95,622.3849817907031,115.460809298844,93.40893300316202,27.999768189511975,-0.26608015774148497,35.0,-0.8315004929421406,418,434,375,435,35.0,NEUTRAL,program,sonic_drive_three_laps.py,function,ec959a186dbd8278df967871b3a34262848e2c5ecc08c20aa12abb30068f0552,仕切り壁予防：右壁の向き・離隔を保持 | target_deg=-0.665,,249.6095830668251,96.85262951747906,65.17084722111763,72.60943290724099,54.37824165787459,0,23.95,53.69603548328814,0
24.0,623.7825070770617,115.37777301897667,93.39171894656795,27.999820430469516,0.20902839768901685,35.0,0.6532137427781777,418,435,375,435,35.0,NEUTRAL,program,sonic_drive_three_laps.py,function,ec959a186dbd8278df967871b3a34262848e2c5ecc08c20aa12abb30068f0552,仕切り壁予防：右壁の向き・離隔を保持 | target_deg=0.523,,249.5106998390169,97.72379126295981,63.29137670615154,71.17123756663095,54.86338829940259,0,24.0,53.61701978758795,0
24.05,625.1800495986482,115.29498907092467,93.38823193635517,27.999860898371974,0.04234249374867261,35.0,0.1323202929646019,418,435,375,435,35.0,NEUTRAL,program,sonic_drive_three_laps.py,function,ec959a186dbd8278df967871b3a34262848e2c5ecc08c20aa12abb30068f0552,仕切り壁予防：右壁の向き・離隔を保持 | target_deg=0.106,,249.7041710193767,97.75319135200016,64.50878746921074,72.88512939978781,55.02626030633684,0,24.05,53.53505039850977,0
24.1,626.5775843364559,115.21204439181908,93.40488967181926,27.99989224640245,-0.20227252983686356,35.0,-0.6321016557401986,418,434,375,435,35.0,NEUTRAL,program,sonic_drive_three_laps.py,function,ec959a186dbd8278df967871b3a34262848e2c5ecc08c20aa12abb30068f0552,仕切り壁予防：右壁の向き・離隔を保持 | target_deg=-0.506,,250.0,96.87647623849553,64.60019126253722,72.39053424813117,54.117046403842714,0,24.1,53.448214865259274,0
24.15,627.9750962897419,115.12869395688666,93.42149576487867,27.99991652982104,-0.2016452535674165,35.0,-0.6301414173981765,418,434,375,435,35.0,NEUTRAL,program,sonic_drive_three_laps.py,function,ec959a186dbd8278df967871b3a34262848e2c5ecc08c20aa12abb30068f0552,仕切り壁予防：右壁の向き・離隔を保持 | target_deg=-0.504,,248.55252883163666,97.16570720971316,64.20452201625915,71.52279946713443,53.78735074197232,0,24.15,53.360986548425245,0
24.2,629.3725838303324,115.04491769223199,93.4398015379926,27.99993534071313,-0.22228384504393944,35.0,-0.6946370157623107,418,434,375,435,35.0,NEUTRAL,program,sonic_drive_three_laps.py,function,ec959a186dbd8278df967871b3a34262848e2c5ecc08c20aa12abb30068f0552,仕切り壁予防：右壁の向き・離隔を保持 | target_deg=-0.556,,250.0,96.88243331637361,64.69589260438522,70.4215827661827,52.78774601277307,0,24.2,53.272936542809234,0
24.25,630.7700621132841,114.96097349906593,93.43526164012144,27.99994991237073,0.05512742425632212,35.0,0.1722732008010066,418,435,375,435,35.0,NEUTRAL,program,sonic_drive_three_laps.py,function,ec959a186dbd8278df967871b3a34262848e2c5ecc08c20aa12abb30068f0552,仕切り壁予防：右壁の向き・離隔を保持 | target_deg=0.138,,249.4955756112335,97.30896034058338,64.11312549613682,70.9268161428745,54.09977083825652,0,24.25,53.19005214984908,0
24.3,632.1675408910428,114.87702704669996,93.4399836951701,27.999961200150402,-0.057339309343214497,35.0,-0.1791853416975453,418,434,375,435,35.0,NEUTRAL,program,sonic_drive_three_laps.py,function,ec959a186dbd8278df967871b3a34262848e2c5ecc08c20aa12abb30068f0552,仕切り壁予防：右壁の向き・離隔を保持 | target_deg=-0.143,,250.0,97.84096265047104,64.7445592217455,70.82453782836798,53.21421776757806,0,24.3,53.10500337566475,0
24.35,633.5650237600327,114.79314061281013,93.43033781493335,27.999969944108933,0.11712852278224432,35.0,0.3660266336945135,418,435,375,435,35.0,NEUTRAL,program,sonic_drive_three_laps.py,function,ec959a186dbd8278df967871b3a34262848e2c5ecc08c20aa12abb30068f0552,仕切り壁予防：右壁の向き・離隔を保持 | target_deg=0.293,,249.2896542063426,97.72986150832052,64.16174028009182,70.890644106271,53.987000086709884,0,24.35,53.0233687651357,0
24.4,634.9625244222309,114.70954483329501,93.4161487684791,27.999976717523467,0.17229520451591043,35.0,0.5384225141122201,418,435,375,435,35.0,NEUTRAL,program,sonic_drive_three_laps.py,function,ec959a186dbd8278df967871b3a34262848e2c5ecc08c20aa12abb30068f0552,仕切り壁予防：右壁の向き・離隔を保持 | target_deg=0.431,,250.0,98.7073059916127,64.34441111862557,69.8531364915724,52.98317913147771,0,24.4,52.94308596496718,0
24.45,636.3600249528022,114.62594195872059,93.4309181609562,27.99998196447704,-0.17934216605354492,35.0,-0.5604442689173279,418,434,375,435,35.0,NEUTRAL,program,sonic_drive_three_laps.py,function,ec959a186dbd8278df967871b3a34262848e2c5ecc08c20aa12abb30068f0552,仕切り壁予防：右壁の向き・離隔を保持 | target_deg=-0.448,,250.0,98.4856012515729,64.67199640781426,71.52423637061942,53.248926702661414,0,24.45,52.85603462104045,0
24.5,637.7574913548032,114.54176699788256,93.46305794342237,27.999986028973847,-0.3902629687495397,35.0,-1.2195717773423116,418,433,375,435,35.0,NEUTRAL,program,sonic_drive_three_laps.py,function,ec959a186dbd8278df967871b3a34262848e2c5ecc08c20aa12abb30068f0552,仕切り壁予防：右壁の向き・離隔を保持 | target_deg=-0.976,,250.0,98.09243699162388,64.77513943950589,71.07891143112916,52.79798547228774,0,24.5,52.76435790581333,0
24.55,639.1549288306215,114.45710999088519,93.47044516649589,27.999989177493102,-0.08970195984070245,35.0,-0.28031862450219514,418,434,375,435,35.0,NEUTRAL,program,sonic_drive_three_laps.py,function,ec959a186dbd8278df967871b3a34262848e2c5ecc08c20aa12abb30068f0552,仕切り壁予防：右壁の向き・離隔を保持 | target_deg=-0.224,,249.91831667961344,99.4656736873019,65.28786049943875,70.01952574149078,53.15944606054816,0,24.55,52.67797712673945,0
24.6,640.5523486715555,114.37216020636755,93.48706554821638,27.99999161646007,-0.201818153608246,35.0,-0.6306817300257688,418,434,375,435,35.0,NEUTRAL,program,sonic_drive_three_laps.py,function,ec959a186dbd8278df967871b3a34262848e2c5ecc08c20aa12abb30068f0552,仕切り壁予防：右壁の向き・離隔を保持 | target_deg=-0.505,,249.98712454413345,98.25997824526802,65.36118564385657,71.07427153797278,53.22353955700846,0,24.6,52.589149716273795,0
24.65,641.9497672627966,114.28718811485913,93.47227386135575,27.9999935057799,0.17961279854456905,35.0,0.5612899954517783,418,435,375,435,35.0,NEUTRAL,program,sonic_drive_three_laps.py,function,ec959a186dbd8278df967871b3a34262848e2c5ecc08c20aa12abb30068f0552,仕切り壁予防：右壁の向き・離隔を保持 | target_deg=0.449,,250.0,98.95338225387265,65.31256947648943,69.9359980379542,53.595890946906174,0,24.65,52.507628561581384,0
24.7,643.3472006238419,114.2024578677528,93.46723343012098,27.999994969321435,0.06120522540456136,35.0,0.19126632938925425,418,435,375,435,35.0,NEUTRAL,program,sonic_drive_three_laps.py,function,ec959a186dbd8278df967871b3a34262848e2c5ecc08c20aa12abb30068f0552,仕切り壁予防：右壁の向き・離隔を保持 | target_deg=0.153,,250.0,98.67396939092443,64.88621927184641,70.48047653353527,53.08090527087495,0,24.7,52.42407442433519,0
24.75,644.7446593617178,114.11814638583836,93.43793457960294,27.99999610303832,0.35576723917499065,35.0,1.1117726224218458,418,436,375,435,35.0,NEUTRAL,program,sonic_drive_three_laps.py,function,ec959a186dbd8278df967871b3a34262848e2c5ecc08c20aa12abb30068f0552,仕切り壁予防：右壁の向き・離隔を保持 | target_deg=0.889,,250.0,99.26211749591853,65.34405194657214,69.41824502483419,53.25524075229518,0,24.75,52.34660105360825,0
24.8,646.1421739882791,114.0347659915104,93.39088569032629,27.999996981260058,0.5712890769464087,35.0,1.7852783654575273,418,436,375,435,35.0,NEUTRAL,program,sonic_drive_three_laps.py,function,ec959a186dbd8278df967871b3a34262848e2c5ecc08c20aa12abb30068f0552,仕切り壁予防：右壁の向き・離隔を保持 | target_deg=1.428,,250.0,98.44059845381734,64.7417708150156,69.12506633808722,53.172714814259486,0,24.8,52.27420740355889,0
24.85,647.539745362995,113.95234123758108,93.35957654638196,27.99999766156519,0.3801769180510445,35.0,1.188052868909514,418,436,375,435,35.0,NEUTRAL,program,sonic_drive_three_laps.py,function,ec959a186dbd8278df967871b3a34262848e2c5ecc08c20aa12abb30068f0552,仕切り壁予防：右壁の向き・離隔を保持 | target_deg=0.950,,249.7814320785883,97.42798594069724,65.12088777250379,69.6740619888399,52.72449947132467,0,24.85,52.19909792611976,0
24.9,648.9373401532431,113.87031368504135,93.35831786784348,27.999998188556333,0.01528395442232295,35.0,0.04776235756975922,418,435,375,435,35.0,NEUTRAL,program,sonic_drive_three_laps.py,function,ec959a186dbd8278df967871b3a34262848e2c5ecc08c20aa12abb30068f0552,仕切り壁予防：右壁の向き・離隔を保持 | target_deg=0.038,,250.0,98.97375307053089,66.00889772629611,70.43876988934116,52.58716812360719,0,24.9,52.11736452706437,0
24.95,650.3349208491104,113.78804608361348,93.37925865514637,27.999998596784415,-0.2542793334520505,35.0,-0.7946229170376577,418,434,375,435,35.0,NEUTRAL,program,sonic_drive_three_laps.py,function,ec959a186dbd8278df967871b3a34262848e2c5ecc08c20aa12abb30068f0552,仕切り壁予防：右壁の向き・離隔を保持 | target_deg=-0.636,,250.0,99.20092724409622,65.28590680932933,69.89466563596163,51.899608881105465,0,24.95,52.03020373675582,0
25.0,651.732452926994,113.70495687063382,93.4256853302241,27.999998913013957,-0.5637343157752599,35.0,-1.7616697367976872,418,433,375,435,35.0,NEUTRAL,program,sonic_drive_three_laps.py,function,ec959a186dbd8278df967871b3a34262848e2c5ecc08c20aa12abb30068f0552,仕切り壁予防：右壁の向き・離隔を保持 | target_deg=-1.409,,249.8491711383363,98.9055639086902,65.59005222537391,69.77682913286368,51.305843427536786,0,25.0,51.93627125158504,0
25.05,653.1299322625456,113.62098459789351,93.45166689117991,27.99999915797782,-0.31548720513269074,35.0,-0.9858975160396586,418,433,375,435,35.0,NEUTRAL,program,sonic_drive_three_laps.py,function,ec959a186dbd8278df967871b3a34262848e2c5ecc08c20aa12abb30068f0552,仕切り壁予防：右壁の向き・離隔を保持 | target_deg=-0.789,,250.0,99.7992425512349,65.78938061433047,69.86187739469698,52.61929690059288,0,25.05,51.84623390443508,0
25.1,654.5273633866177,113.5362138706615,93.49115875150892,27.99999934773647,-0.47953283376403194,35.0,-1.4985401055125998,418,433,375,435,35.0,NEUTRAL,program,sonic_drive_three_laps.py,function,ec959a186dbd8278df967871b3a34262848e2c5ecc08c20aa12abb30068f0552,仕切り壁予防：右壁の向き・離隔を保持 | target_deg=-1.199,,249.8166288815738,99.35215094174046,66.35389067177609,69.73577364767682,51.62272284594168,0,25.1,51.752248553734205,0
25.15,655.9247453075955,113.45063552373655,93.51789403178185,27.999999494730996,-0.3246392214642114,35.0,-1.0144975670756606,418,433,375,435,35.0,NEUTRAL,program,sonic_drive_three_laps.py,function,ec959a186dbd8278df967871b3a34262848e2c5ecc08c20aa12abb30068f0552,仕切り壁予防：右壁の向き・離隔を保持 | target_deg=-0.812,,249.63359631463132,99.48223077288355,66.49569059420816,68.9007329217453,51.64745405921113,0,25.15,51.660434993605506,0
25.2,657.322097135918,113.36456695802164,93.53135923608079,27.99999960859874,-0.1635056109026891,35.0,-0.5109550340709035,418,434,375,435,35.0,NEUTRAL,program,sonic_drive_three_laps.py,function,ec959a186dbd8278df967871b3a34262848e2c5ecc08c20aa12abb30068f0552,仕切り壁予防：右壁の向き・離隔を保持 | target_deg=-0.409,,250.0,100.4939747922801,66.28836936845978,69.16074889411061,52.09743171331773,0,25.2,51.57122696097896,0
25.25,658.7194437033328,113.27841290308847,93.52490465671639,27.999999696805173,0.07837698719791604,35.0,0.24492808499348762,418,435,375,435,35.0,NEUTRAL,program,sonic_drive_three_laps.py,function,ec959a186dbd8278df967871b3a34262848e2c5ecc08c20aa12abb30068f0552,仕切り壁予防：右壁の向き・離隔を保持 | target_deg=0.196,,250.0,100.87576461537189,66.48150845079928,68.67475342864888,52.147679864830685,0,25.25,51.48657774264102,0
25.3,660.1167900498319,113.19225520436042,93.53165803223447,27.99999976513335,-0.0820052189186879,35.0,-0.25626630912089965,418,434,375,435,35.0,NEUTRAL,program,sonic_drive_three_laps.py,function,ec959a186dbd8278df967871b3a34262848e2c5ecc08c20aa12abb30068f0552,仕切り壁予防：右壁の向き・離隔を保持 | target_deg=-0.205,,250.0,100.26382562188815,65.68307884119373,68.85589282879955,51.440813441103835,0,25.3,51.398845548576006,0
25.35,661.5141516430821,113.10634528729754,93.50458509201565,27.999999818063042,0.3287392405005369,35.0,1.0273101265641778,418,436,375,435,35.0,NEUTRAL,program,sonic_drive_three_laps.py,function,ec959a186dbd8278df967871b3a34262848e2c5ecc08c20aa12abb30068f0552,仕切り壁予防：右壁の向き・離隔を保持 | target_deg=0.822,,250.0,101.00057151920008,66.72542357295737,68.85791607643371,52.9138726669263,0,25.35,51.31924837870032,0
25.4,662.9115378502385,113.02083643156625,93.49876895100971,27.99999985906447,0.07062453398661375,35.0,0.220701668708168,418,435,375,435,35.0,NEUTRAL,program,sonic_drive_three_laps.py,function,ec959a186dbd8278df967871b3a34262848e2c5ecc08c20aa12abb30068f0552,仕切り壁予防：右壁の向き・離隔を保持 | target_deg=0.177,,249.48680137172158,100.72772346549654,65.67443209225026,69.21786867673345,51.80284166404555,0,25.4,51.23509602051563,0
25.45,664.3089506554801,112.93576357250384,93.46883193356302,27.99999989082579,0.3635160500622993,35.0,1.1359876564446854,418,436,375,435,35.0,NEUTRAL,program,sonic_drive_three_laps.py,function,ec959a186dbd8278df967871b3a34262848e2c5ecc08c20aa12abb30068f0552,仕切り壁予防：右壁の向き・離隔を保持 | target_deg=0.909,,250.0,100.72959878109219,66.0725414523292,68.1351516380869,52.15891469188468,0,25.45,51.157007132945296,0
25.5,665.7064028415132,112.85133994853491,93.44553066416455,27.99999991542936,0.2829416865014525,35.0,0.8841927703170391,418,435,375,435,35.0,NEUTRAL,program,sonic_drive_three_laps.py,function,ec959a186dbd8278df967871b3a34262848e2c5ecc08c20aa12abb30068f0552,仕切り壁予防：右壁の向き・離隔を保持 | target_deg=0.707,,249.58343476862007,101.05630622637742,66.31175784074877,68.05697949328778,51.390224469562796,0,25.5,51.07802148073638,0
25.55,667.1038711794548,112.76718393785815,93.4468876272141,27.999999934488255,-0.016477408047661016,35.0,-0.05149190014894067,418,434,375,435,35.0,NEUTRAL,program,sonic_drive_three_laps.py,function,ec959a186dbd8278df967871b3a34262848e2c5ecc08c20aa12abb30068f0552,仕切り壁予防：右壁の向き・離隔を保持 | target_deg=-0.041,,250.0,100.4582677535684,66.9156889938833,68.73706156168511,51.21393221954909,0,25.55,50.99354873749748,0
25.6,668.5013325672843,112.68291259973408,93.45498747002034,27.99999994925202,-0.09835513766385674,35.0,-0.3073598051995523,418,434,375,435,35.0,NEUTRAL,program,sonic_drive_three_laps.py,function,ec959a186dbd8278df967871b3a34262848e2c5ecc08c20aa12abb30068f0552,仕切り壁予防：右壁の向き・離隔を保持 | target_deg=-0.246,,249.2398467296231,101.88304682731064,67.71065299795109,68.09270123446076,50.90035175483461,0,25.6,50.907386918563105,0
25.65,669.898768484516,112.59822011310696,93.48142208708396,27.99999996068862,-0.32098842092869917,35.0,-1.0030888154021849,418,433,375,435,35.0,NEUTRAL,program,sonic_drive_three_laps.py,function,ec959a186dbd8278df967871b3a34262848e2c5ecc08c20aa12abb30068f0552,仕切り壁予防：右壁の向き・離隔を保持 | target_deg=-0.802,,250.0,101.25458515329422,66.51030814892998,67.9001046809654,50.216011459763415,0,25.65,50.816526171162835,0
25.7,671.2961780706438,112.51309408992029,93.49053830990806,27.999999969547858,-0.11069685383527172,35.0,-0.34592766823522414,418,434,375,435,35.0,NEUTRAL,program,sonic_drive_three_laps.py,function,ec959a186dbd8278df967871b3a34262848e2c5ecc08c20aa12abb30068f0552,仕切り壁予防：右壁の向き・離隔を保持 | target_deg=-0.277,,249.5851810362206,100.85165053374465,66.35078182436,68.23903677527102,51.465248473649794,0,25.7,50.72927350065355,0
25.75,672.693605254826,112.42825772409432,93.45766959348111,27.999999976410567,0.39911367288880967,35.0,1.2472302277775302,418,436,375,435,35.0,NEUTRAL,program,sonic_drive_three_laps.py,function,ec959a186dbd8278df967871b3a34262848e2c5ecc08c20aa12abb30068f0552,仕切り壁予防：右壁の向き・離隔を保持 | target_deg=0.998,,250.0,100.26227432357064,66.76565325458449,67.3949332939388,51.91179859826877,0,25.75,50.652106090438025,0
25.8,674.0910769240627,112.34415722278787,93.43019701962362,27.999999981726695,0.333591770426988,35.0,1.0424742825843376,418,436,375,435,35.0,NEUTRAL,program,sonic_drive_three_laps.py,function,ec959a186dbd8278df967871b3a34262848e2c5ecc08c20aa12abb30068f0552,仕切り壁予防：右壁の向き・離隔を保持 | target_deg=0.834,,250.0,101.72317815615757,67.22424468283367,67.36963993305484,50.900270934065745,0,25.8,50.57441824594166,0
25.85,675.4886000916724,112.26091718436271,93.38711371989228,27.999999985844777,0.5231398162893061,35.0,1.6348119259040814,418,436,375,435,35.0,NEUTRAL,program,sonic_drive_three_laps.py,function,ec959a186dbd8278df967871b3a34262848e2c5ecc08c20aa12abb30068f0552,仕切り壁予防：右壁の向き・離隔を保持 | target_deg=1.308,,249.7688342510065,100.45328075199444,68.21155444166615,68.0428436808442,52.127570115986344,0,25.85,50.501239733671994,0
25.9,676.8861802028769,112.17863857696604,93.35136490933155,27.999999989034805,0.4340843943512266,35.0,1.356513732347583,418,436,375,435,35.0,NEUTRAL,program,sonic_drive_three_laps.py,function,ec959a186dbd8278df967871b3a34262848e2c5ecc08c20aa12abb30068f0552,仕切り壁予防：右壁の向き・離隔を保持 | target_deg=1.085,,250.0,101.997125463904,67.75039924984056,66.76684749541482,50.485875741431705,0,25.9,50.427314421044755,0
25.95,678.2837906687054,112.09687683558431,93.34473476633013,27.999999991505927,0.08050882634354423,35.0,0.2515900823235757,418,435,375,435,35.0,NEUTRAL,program,sonic_drive_three_laps.py,function,ec959a186dbd8278df967871b3a34262848e2c5ecc08c20aa12abb30068f0552,仕切り壁予防：右壁の向き・離隔を保持 | target_deg=0.201,,250.0,101.59457720556337,66.59000536258462,67.54964974972472,50.26614493218122,0,25.95,50.3471023834508,0
26.0,679.6814221115703,112.01547460195047,93.32188874948326,27.999999993420158,0.27741375111622063,35.0,0.8669179722381894,418,435,375,435,35.0,NEUTRAL,program,sonic_drive_three_laps.py,function,ec959a186dbd8278df967871b3a34262848e2c5ecc08c20aa12abb30068f0552,仕切り壁予防：右壁の向き・離隔を保持 | target_deg=0.694,,249.99230981201177,102.68308668621528,66.91257237894489,67.22747620206017,51.11209301270426,0,26.0,50.27104119633178,0
26.05,681.0790609654484,111.93419960038341,93.33430302829623,27.99999999490299,-0.15074446636469502,35.0,-0.47107645738967197,418,434,375,435,35.0,NEUTRAL,program,sonic_drive_three_laps.py,function,ec959a186dbd8278df967871b3a34262848e2c5ecc08c20aa12abb30068f0552,仕切り壁予防：右壁の向き・離隔を保持 | target_deg=-0.377,,249.9780272649381,102.0550721591609,67.13556138507683,67.20487108772892,49.549908053488245,0,26.05,50.18686371480547,0
26.1,682.4766995440315,111.85291986093836,93.32227720416694,27.999999996051656,0.14602754826647613,35.0,0.45633608833273787,418,435,375,435,35.0,NEUTRAL,program,sonic_drive_three_laps.py,function,ec959a186dbd8278df967871b3a34262848e2c5ecc08c20aa12abb30068f0552,仕切り壁予防：右壁の向き・離隔を保持 | target_deg=0.365,,249.90102367563964,102.76120115020863,67.07897345494035,67.15573441808161,51.02867893954711,0,26.1,50.108395626258556,0
26.15,683.8743769578773,111.77231119557648,93.2792829665591,27.999999996941458,0.522058437384602,35.0,1.6314326168268813,418,436,375,435,35.0,NEUTRAL,program,sonic_drive_three_laps.py,function,ec959a186dbd8278df967871b3a34262848e2c5ecc08c20aa12abb30068f0552,仕切り壁予防：右壁の向き・離隔を保持 | target_deg=1.305,,250.0,102.79417840215764,67.27564243213213,66.94590119604761,51.477401725629285,0,26.15,50.03784294922514,0
26.2,685.2720798273073,111.69214458025506,93.28603497381403,27.99999999763073,-0.08198860356902657,35.0,-0.256214386153208,418,434,375,435,35.0,NEUTRAL,program,sonic_drive_three_laps.py,function,ec959a186dbd8278df967871b3a34262848e2c5ecc08c20aa12abb30068f0552,仕切り壁予防：右壁の向き・離隔を保持 | target_deg=-0.205,,249.75454003709814,102.37032762303043,67.36850272506484,66.7730529861202,49.010304901010514,0,26.2,49.95609669445322,0
26.25,686.6698014546912,111.6123060100378,93.25238824837493,27.999999998164668,0.4085604554965792,35.0,1.27675142342681,418,436,375,435,35.0,NEUTRAL,program,sonic_drive_three_laps.py,function,ec959a186dbd8278df967871b3a34262848e2c5ecc08c20aa12abb30068f0552,仕切り壁予防：右壁の向き・離隔を保持 | target_deg=1.021,,249.71355346315198,101.2493571505125,67.36373428753394,66.49241769691699,51.11430880972114,0,26.25,49.88413129847025,0
26.3,688.067578906774,111.53345116005032,93.20538682747093,27.999999998578282,0.5707126638728607,35.0,1.7834770746026898,418,436,375,435,35.0,NEUTRAL,program,sonic_drive_three_laps.py,function,ec959a186dbd8278df967871b3a34262848e2c5ecc08c20aa12abb30068f0552,仕切り壁予防：右壁の向き・離隔を保持 | target_deg=1.427,,250.0,102.60505717424222,67.68724977990455,66.2221560287403,50.59374843385532,0,26.3,49.81628078018916,0
26.35,689.465409587066,111.45554517044518,93.17460086108713,27.99999999889868,0.37382428733227413,35.0,1.1682008979133567,418,436,375,435,35.0,NEUTRAL,program,sonic_drive_three_laps.py,function,ec959a186dbd8278df967871b3a34262848e2c5ecc08c20aa12abb30068f0552,仕切り壁予防：右壁の向き・離隔を保持 | target_deg=0.934,,249.56915077387234,102.3503405710121,68.49592433995267,66.7866275905946,50.26066373407506,0,26.35,49.74558656391743,0
26.4,690.8632843782856,111.37843479125216,93.14016521527248,27.999999999146873,0.41813970429429903,35.0,1.3066865759196844,418,436,375,435,35.0,NEUTRAL,program,sonic_drive_three_laps.py,function,ec959a186dbd8278df967871b3a34262848e2c5ecc08c20aa12abb30068f0552,仕切り壁予防：右壁の向き・離隔を保持 | target_deg=1.045,,249.48413384296157,102.98332705508594,68.35874815481668,67.17773293886003,51.02120276733269,0,26.4,49.67654659515851,0
26.45,692.2611964103405,111.30200227898928,93.11903302845775,27.999999999339135,0.256603409980996,35.0,0.8018856561906125,418,435,375,435,35.0,NEUTRAL,program,sonic_drive_three_laps.py,function,ec959a186dbd8278df967871b3a34262848e2c5ecc08c20aa12abb30068f0552,仕切り壁予防：右壁の向き・離隔を保持 | target_deg=0.641,,249.1644792584076,102.49958579522809,68.48538082034035,66.92957628606446,50.27794141607731,0,26.45,49.60506858985451,0
26.5,693.6591213809716,111.22580663433581,93.12074843490853,27.999999999488068,-0.02082993455556334,35.0,-0.06509354548613544,418,434,375,435,35.0,NEUTRAL,program,sonic_drive_three_laps.py,function,ec959a186dbd8278df967871b3a34262848e2c5ecc08c20aa12abb30068f0552,仕切り壁予防：右壁の向き・離隔を保持 | target_deg=-0.052,,250.0,101.77559390215546,68.19243393325164,67.27590867531183,50.019938726364934,0,26.5,49.52847070829179,0
26.55,695.0570575411999,111.14981666675016,93.1021732361151,27.999999999603435,0.22555482017291412,35.0,0.7048588130403566,418,435,375,435,35.0,NEUTRAL,program,sonic_drive_three_laps.py,function,ec959a186dbd8278df967871b3a34262848e2c5ecc08c20aa12abb30068f0552,仕切り壁予防：右壁の向き・離隔を保持 | target_deg=0.564,,249.88760208862772,103.09764931844808,67.42216051617032,66.78186062131313,50.740337083685056,0,26.55,49.45683685689163,0
26.6,696.4550097158349,111.07412178012216,93.09656018669938,27.999999999692804,0.06815842503968071,35.0,0.2129950782490022,418,435,375,435,35.0,NEUTRAL,program,sonic_drive_three_laps.py,function,ec959a186dbd8278df967871b3a34262848e2c5ecc08c20aa12abb30068f0552,仕切り壁予防：右壁の向き・離隔を保持 | target_deg=0.170,,249.85798545714425,102.32164366401406,68.64735456475088,66.27405852493646,49.48074941666291,0,26.6,49.38245852265226,0
26.65,697.8529733906507,110.99863961603275,93.08473623367786,27.999999999762036,0.14357627187989522,35.0,0.44867584962467255,418,435,375,435,35.0,NEUTRAL,program,sonic_drive_three_laps.py,function,ec959a186dbd8278df967871b3a34262848e2c5ecc08c20aa12abb30068f0552,仕切り壁予防：右壁の向き・離隔を保持 | target_deg=0.359,,250.0,101.99808138512167,68.79529926225771,65.80234186717752,49.54160440655213,0,26.65,49.30975002857704,0
26.7,699.2509537934893,110.92346791742975,93.07111138077585,27.999999999815664,0.16544418255943327,35.0,0.517013070498229,418,435,375,435,35.0,NEUTRAL,program,sonic_drive_three_laps.py,function,ec959a186dbd8278df967871b3a34262848e2c5ecc08c20aa12abb30068f0552,仕切り壁予防：右壁の向き・離隔を保持 | target_deg=0.414,,250.0,102.9085016020519,68.66040611177249,67.02204310770664,50.515641725203146,0,26.7,49.2377750232893,0
26.75,700.6489701242489,110.84896787796899,93.02968158796932,27.99999999985721,0.5030631280177338,35.0,1.572072275055418,418,436,375,435,35.0,NEUTRAL,program,sonic_drive_three_laps.py,function,ec959a186dbd8278df967871b3a34262848e2c5ecc08c20aa12abb30068f0552,仕切り壁予防：右壁の向き・離隔を保持 | target_deg=1.257,,250.0,102.72584957460168,69.06684345007803,65.40276192156507,50.077148571358414,0,26.75,49.17299906287316,0
26.8,702.0470199989606,110.77509946369672,93.01933930002781,27.99999999988939,0.12558472388719338,35.0,0.3924522621474793,418,435,375,435,35.0,NEUTRAL,program,sonic_drive_three_laps.py,function,ec959a186dbd8278df967871b3a34262848e2c5ecc08c20aa12abb30068f0552,仕切り壁予防：右壁の向き・離隔を保持 | target_deg=0.314,,250.0,102.65060823053123,68.9030014176926,66.62146211300056,49.517915418736735,0,26.8,49.101558984990945,0
26.85,703.4450883457542,110.70158156570196,93.00095162790774,27.999999999914316,0.2232777455018558,35.0,0.6977429546932994,418,435,375,435,35.0,NEUTRAL,program,sonic_drive_three_laps.py,function,ec959a186dbd8278df967871b3a34262848e2c5ecc08c20aa12abb30068f0552,仕切り壁予防：右壁の向き・離隔を保持 | target_deg=0.558,,249.66412226064887,103.86908603477634,68.071175163922,66.19347459642985,50.009774588312716,0,26.85,49.032359316839674,0
26.9,704.8431880074826,110.62866181215465,92.97031346086032,27.999999999933625,0.3720296571205142,35.0,1.162592678501607,418,436,375,435,35.0,NEUTRAL,program,sonic_drive_three_laps.py,function,ec959a186dbd8278df967871b3a34262848e2c5ecc08c20aa12abb30068f0552,仕切り壁予防：右壁の向き・離隔を保持 | target_deg=0.930,,250.0,103.97373249307059,69.56071621382765,66.2739802640304,50.35238286392744,0,26.9,48.96663719737647,0
26.95,706.2413171394703,110.55630907793442,92.95447782103906,27.99999999994858,0.19228919017974364,35.0,0.6009037193116988,418,435,375,435,35.0,NEUTRAL,program,sonic_drive_three_laps.py,function,ec959a186dbd8278df967871b3a34262848e2c5ecc08c20aa12abb30068f0552,仕切り壁予防：右壁の向き・離隔を保持 | target_deg=0.481,,250.0,102.5843199683756,68.71253252150065,66.11593504466812,49.48045057958264,0,26.95,48.89800583240303,0
27.0,707.639474349825,110.48450117479514,92.92565924777136,27.99999999996017,0.3499354671046092,35.0,1.0935483347019037,418,436,375,435,35.0,NEUTRAL,program,sonic_drive_three_laps.py,function,ec959a186dbd8278df967871b3a34262848e2c5ecc08c20aa12abb30068f0552,仕切り壁予防：右壁の向き・離隔を保持 | target_deg=0.875,,249.12766551275456,104.44536326840925,68.15433690670442,65.32954640739217,49.53838711871965,0,27.0,48.83297238150553,0
27.05,709.037662405314,110.41329625253275,92.9050586312211,27.99999999996915,0.2501487544287033,35.0,0.7817148575896979,418,435,375,435,35.0,NEUTRAL,program,sonic_drive_three_laps.py,function,ec959a186dbd8278df967871b3a34262848e2c5ecc08c20aa12abb30068f0552,仕切り壁予防：右壁の向き・離隔を保持 | target_deg=0.625,,250.0,103.95645877131248,69.12698857435893,66.03493006579723,49.61151727800441,0,27.05,48.76661175585615,0
27.1,710.4358589137465,110.34225737980289,92.91205030943195,27.999999999976097,-0.08489888756768948,35.0,-0.26530902364902964,418,434,375,435,35.0,NEUTRAL,program,sonic_drive_three_laps.py,function,ec959a186dbd8278df967871b3a34262848e2c5ecc08c20aa12abb30068f0552,仕切り壁予防：右壁の向き・離隔を保持 | target_deg=-0.212,,249.61597992092783,101.42498294865673,68.84648663289433,66.29259231884146,49.028691924823015,0,27.1,48.69392861402943,0
27.15,711.8340557586104,110.27122513174479,92.90451569567779,27.999999999981483,0.09149166067951996,35.0,0.28591143962349985,418,435,375,435,35.0,NEUTRAL,program,sonic_drive_three_laps.py,function,ec959a186dbd8278df967871b3a34262848e2c5ecc08c20aa12abb30068f0552,仕切り壁予防：右壁の向き・離隔を保持 | target_deg=0.229,,250.0,101.11355090719039,69.53725244140782,65.68629421674822,49.528618263546505,0,27.15,48.62466832669078,0
27.2,713.2322494373864,110.20013062490047,92.91715284547206,27.999999999985654,-0.15345073775177753,35.0,-0.47953355547430476,418,434,375,435,35.0,NEUTRAL,program,sonic_drive_three_laps.py,function,ec959a186dbd8278df967871b3a34262848e2c5ecc08c20aa12abb30068f0552,仕切り壁予防：右壁の向き・離隔を保持 | target_deg=-0.384,,249.9937859391251,101.47002644873437,68.98721330365495,66.21954258824344,49.013718067701156,0,27.2,48.55060196991106,0
27.25,714.6304369790506,110.12891547224413,92.91440345795547,27.999999999988887,0.033385416067227995,35.0,0.10432942521008748,418,435,375,435,35.0,NEUTRAL,program,sonic_drive_three_laps.py,function,ec959a186dbd8278df967871b3a34262848e2c5ecc08c20aa12abb30068f0552,仕切り壁予防：右壁の向き・離隔を保持 | target_deg=0.083,,250.0,250.0,68.84557238333043,65.05394985184607,48.93834066153354,0,27.25,48.48003334020163,0
27.3,716.0286312077039,110.05783174804372,92.9063813649085,27.99999999999139,0.09741103600304428,35.0,0.30440948750951335,418,435,375,435,35.0,NEUTRAL,program,sonic_drive_three_laps.py,function,ec959a186dbd8278df967871b3a34262848e2c5ecc08c20aa12abb30068f0552,仕切り壁予防：右壁の向き・離隔を保持 | target_deg=0.244,,250.0,249.45447035045987,68.85310538340617,64.88160902568804,48.69054388329294,0,27.3,48.41083616503286,0
27.35,717.426841450282,109.98706380246017,92.88852341184668,27.999999999993335,0.21684553754135408,35.0,0.6776423048167315,418,435,375,435,35.0,NEUTRAL,program,sonic_drive_three_laps.py,function,ec959a186dbd8278df967871b3a34262848e2c5ecc08c20aa12abb30068f0552,仕切り壁予防：右壁の向き・離隔を保持 | target_deg=0.542,,249.44907778644418,249.57504053229573,69.70728584241455,64.74554261818255,48.813969340281766,0,27.35,48.34426861252582,0
27.4,718.825084384763,109.9169450764973,92.85317468506128,27.999999999994838,0.42922650977167137,35.0,1.341332843036473,418,436,375,435,35.0,NEUTRAL,program,sonic_drive_three_laps.py,function,ec959a186dbd8278df967871b3a34262848e2c5ecc08c20aa12abb30068f0552,仕切り壁予防：右壁の向き・離隔を保持 | target_deg=1.073,,249.39309492133847,249.88850541852736,69.77026009280455,64.21053710959197,48.776224852160645,0,27.4,48.28246737064167,0
27.45,720.2233448073907,109.84717553930322,92.859906100015,27.999999999996003,-0.08173855469945777,35.0,-0.25543298343580556,418,434,375,435,35.0,NEUTRAL,program,sonic_drive_three_laps.py,function,ec959a186dbd8278df967871b3a34262848e2c5ecc08c20aa12abb30068f0552,仕切り壁予防：右壁の向き・離隔を保持 | target_deg=-0.204,,250.0,249.95989618779427,69.7008831510803,65.38798110105712,48.024702226634275,0,27.45,48.21111363151371,0
27.5,721.6216035402246,109.77737213468497,92.85595021978361,27.999999999996906,0.04803567727081173,35.0,0.15011149147128666,418,435,375,435,35.0,NEUTRAL,program,sonic_drive_three_laps.py,function,ec959a186dbd8278df967871b3a34262848e2c5ecc08c20aa12abb30068f0552,仕切り壁予防：右壁の向き・離隔を保持 | target_deg=0.120,,249.92788288762628,250.0,70.29620386172107,64.38622170006057,48.31037925200671,0,27.5,48.14224120394452,0
27.55,723.0198802281229,109.70792955161976,92.83033591062645,27.999999999997602,0.31102784172897285,35.0,0.9719620054030402,418,436,375,435,35.0,NEUTRAL,program,sonic_drive_three_laps.py,function,ec959a186dbd8278df967871b3a34262848e2c5ecc08c20aa12abb30068f0552,仕切り壁予防：右壁の向き・離隔を保持 | target_deg=0.778,,249.29863443017433,249.98113110482882,69.17015916601888,64.48908003735683,48.932529315062474,0,27.55,48.0788279261201,0
27.6,724.4181931631427,109.63922090534471,92.79580345673958,27.999999999998145,0.4193151680875391,35.0,1.3103599002735598,418,436,375,435,35.0,NEUTRAL,program,sonic_drive_three_laps.py,function,ec959a186dbd8278df967871b3a34262848e2c5ecc08c20aa12abb30068f0552,仕切り壁予防：右壁の向き・離隔を保持 | target_deg=1.048,,250.0,248.9479134040065,70.60862347165515,64.46307073227719,48.81979634812035,0,27.6,48.0182511888985,0
27.65,725.816542345786,109.5712537801372,92.76956911196635,27.999999999998565,0.318556618364768,35.0,0.9954894323899,418,436,375,435,35.0,NEUTRAL,program,sonic_drive_three_laps.py,function,ec959a186dbd8278df967871b3a34262848e2c5ecc08c20aa12abb30068f0552,仕切り壁予防：右壁の向き・離隔を保持 | target_deg=0.796,,250.0,250.0,69.73379180951395,64.46047392390636,48.377295371761974,0,27.65,47.9564644754586,0
27.7,727.2149156078292,109.50378371392235,92.75507091269878,27.999999999998888,0.1760490084994737,35.0,0.5501531515608553,418,435,375,435,35.0,NEUTRAL,program,sonic_drive_three_laps.py,function,ec959a186dbd8278df967871b3a34262848e2c5ecc08c20aa12abb30068f0552,仕切り壁予防：右壁の向き・離隔を保持 | target_deg=0.440,,250.0,249.5401368894374,70.10814609358101,64.8200931609146,48.43319734173895,0,27.7,47.89241092334595,0
27.75,728.6132995338456,109.43653496063163,92.75143338547207,27.99999999999914,0.04416996471656006,35.0,0.13803113973925019,418,435,375,435,35.0,NEUTRAL,program,sonic_drive_three_laps.py,function,ec959a186dbd8278df967871b3a34262848e2c5ecc08c20aa12abb30068f0552,仕切り壁予防：右壁の向き・離隔を保持 | target_deg=0.110,,249.9965357410507,250.0,70.37378331868956,64.60522821452007,48.09860782661512,0,27.75,47.826019463850116,0
27.8,730.0116708896736,109.36902554667722,92.77643107260496,27.999999999999332,-0.30354050395262533,35.0,-0.9485640748519542,418,434,375,435,35.0,NEUTRAL,program,sonic_drive_three_laps.py,function,ec959a186dbd8278df967871b3a34262848e2c5ecc08c20aa12abb30068f0552,仕切り壁予防：右壁の向き・離隔を保持 | target_deg=-0.759,,248.90608207644078,249.54762789530963,69.26275569989893,65.00822767305364,47.66397803364751,0,27.8,47.75261945268112,0
27.85,731.4100021863279,109.30069182725501,92.8189833337932,27.999999999999485,-0.5166920217868358,35.0,-1.6146625680838618,418,433,375,435,35.0,NEUTRAL,program,sonic_drive_three_laps.py,function,ec959a186dbd8278df967871b3a34262848e2c5ecc08c20aa12abb30068f0552,仕切り壁予防：右壁の向き・離隔を保持 | target_deg=-1.292,,249.63933449190534,250.0,70.60873128410424,65.1567116184585,47.709404156083416,0,27.85,47.67426314666112,0
27.9,732.80828504002,109.23137378627487,92.85709640313348,27.999999999999602,-0.4627914915734567,35.0,-1.4462234111670522,418,433,375,435,35.0,NEUTRAL,program,sonic_drive_three_laps.py,function,ec959a186dbd8278df967871b3a34262848e2c5ecc08c20aa12abb30068f0552,仕切り壁予防：右壁の向き・離隔を保持 | target_deg=-1.157,,250.0,250.0,69.75437317370852,64.27924308770584,47.45279328860572,0,27.9,47.59597310744701,0
27.95,734.2065309520839,109.16131420760384,92.87975429139738,27.99999999999969,-0.2751293856504492,35.0,-0.8597793301576537,418,434,375,435,35.0,NEUTRAL,program,sonic_drive_three_laps.py,function,ec959a186dbd8278df967871b3a34262848e2c5ecc08c20aa12abb30068f0552,仕切り壁予防：右壁の向き・離隔を保持 | target_deg=-0.688,,249.6683518246323,250.0,70.30676077725902,64.06613111171151,47.71525955635393,0,27.95,47.52058199454285,0
28.0,735.6047366486589,109.09045701443094,92.92246497028884,27.99999999999976,-0.518615508309048,35.0,-1.6206734634657751,418,433,375,435,35.0,NEUTRAL,program,sonic_drive_three_laps.py,function,ec959a186dbd8278df967871b3a34262848e2c5ecc08c20aa12abb30068f0552,仕切り壁予防：右壁の向き・離隔を保持 | target_deg=-1.296,,250.0,250.0,69.70910804966189,65.2215976868767,47.71726077064805,0,28.0,47.43967927443795,0
28.05,737.0028854630519,109.0184863342817,92.97101328958786,27.99999999999981,-0.5894945044438339,35.0,-1.8421703263869809,418,433,375,435,35.0,NEUTRAL,program,sonic_drive_three_laps.py,function,ec959a186dbd8278df967871b3a34262848e2c5ecc08c20aa12abb30068f0552,仕切り壁予防：右壁の向き・離隔を保持 | target_deg=-1.473,,249.91660160665037,249.74548037416332,70.12556076193538,64.29905294373977,47.12120051059586,0,28.05,47.356297278900655,0
28.1,738.4009919222268,108.94569682854483,92.98957636237344,27.999999999999854,-0.22540757806897774,35.0,-0.7043986814655554,418,434,375,435,35.0,NEUTRAL,program,sonic_drive_three_laps.py,function,ec959a186dbd8278df967871b3a34262848e2c5ecc08c20aa12abb30068f0552,仕切り壁予防：右壁の向き・離隔を保持 | target_deg=-0.564,,250.0,249.8285955512464,71.3760562386944,64.0137562151193,47.99647846723745,0,28.1,47.27914654245271,0
28.15,739.7991082931975,108.87309822929929,92.95536633375684,27.999999999999886,0.41540021182764264,35.0,1.2981256619613832,418,436,375,435,35.0,NEUTRAL,program,sonic_drive_three_laps.py,function,ec959a186dbd8278df967871b3a34262848e2c5ecc08c20aa12abb30068f0552,仕切り壁予防：右壁の向き・離隔を保持 | target_deg=1.038,,250.0,250.0,70.63488022587183,62.45902293618537,47.91708143212078,0,28.15,47.21458616195905,0
28.2,741.1972573610168,108.80113178455105,92.93776464585869,27.999999999999908,0.2137337902033343,35.0,0.6679180943854197,418,435,375,435,35.0,NEUTRAL,program,sonic_drive_three_laps.py,function,ec959a186dbd8278df967871b3a34262848e2c5ecc08c20aa12abb30068f0552,仕切り壁予防：右壁の向き・離隔を保持 | target_deg=0.534,,249.83217309621568,250.0,70.79524140380678,63.365782422035124,47.182285248788595,0,28.2,47.14675701596828,0
28.25,742.5954304802921,108.72963417927572,92.91694083806578,27.99999999999993,0.25285888158354425,35.0,0.7901840049485758,418,435,375,435,35.0,NEUTRAL,program,sonic_drive_three_laps.py,function,ec959a186dbd8278df967871b3a34262848e2c5ecc08c20aa12abb30068f0552,仕切り壁予防：右壁の向き・離隔を保持 | target_deg=0.632,,249.48132008052826,250.0,70.65460360260194,63.120350639815776,47.37811214569403,0,28.25,47.08015537729614,0
28.3,743.9936069524297,108.65820210517863,92.93239382985871,27.99999999999995,-0.18764280091037988,35.0,-0.5863837528449372,418,434,375,435,35.0,NEUTRAL,program,sonic_drive_three_laps.py,function,ec959a186dbd8278df967871b3a34262848e2c5ecc08c20aa12abb30068f0552,仕切り壁予防：右壁の向き・離隔を保持 | target_deg=-0.469,,250.0,249.6588226815346,70.7113861649671,63.19167494109876,46.18463353925304,0,28.3,47.00508995478951,0
28.35,745.3917720828907,108.58654830133976,92.93511339130839,27.999999999999957,-0.0330232425168478,35.0,-0.10319763286514938,418,434,375,435,35.0,NEUTRAL,program,sonic_drive_three_laps.py,function,ec959a186dbd8278df967871b3a34262848e2c5ecc08c20aa12abb30068f0552,仕切り壁予防：右壁の向き・離隔を保持 | target_deg=-0.083,,250.0,250.0,71.25929623297401,62.96187028432468,47.054194235813455,0,28.35,46.93279680100878,0
28.4,746.7899688880284,108.5155162514842,92.88113811905265,27.999999999999957,0.6597338143549174,35.0,2.061668169859117,418,437,375,435,35.0,NEUTRAL,program,sonic_drive_three_laps.py,function,ec959a186dbd8278df967871b3a34262848e2c5ecc08c20aa12abb30068f0552,仕切り壁予防：右壁の向き・離隔を保持 | target_deg=1.649,,250.0,250.0,70.96133881916832,61.871378434581715,47.788152893620705,0,28.4,46.8744584698095,0
28.45,748.1882511107437,108.4461875163491,92.79581842999158,27.999999999999957,1.0359119048925813,35.0,3.237224702789317,418,438,375,435,35.0,NEUTRAL,program,sonic_drive_three_laps.py,function,ec959a186dbd8278df967871b3a34262848e2c5ecc08c20aa12abb30068f0552,仕切り壁予防：右壁の向き・離隔を保持 | target_deg=2.588,,249.35672964557085,250.0,70.89424614404784,60.857797390325885,46.93237599565738,0,28.45,46.82521427307162,0
28.5,749.5866019611898,108.37825475990559,92.76700333264512,27.999999999999957,0.34602285590927295,35.0,1.081321424716478,418,436,375,435,35.0,NEUTRAL,program,sonic_drive_three_laps.py,function,ec959a186dbd8278df967871b3a34262848e2c5ecc08c20aa12abb30068f0552,仕切り壁予防：右壁の向き・離隔を保持 | target_deg=0.865,,249.60959307515625,249.42903134549542,71.58428052854435,63.48903792568683,46.763757038570176,0,28.5,46.76407003377891,0
28.55,750.9849718105992,108.31071393042653,92.7634354755271,27.999999999999957,0.04332397103498579,35.0,0.1353874094843306,418,435,375,435,35.0,NEUTRAL,program,sonic_drive_three_laps.py,function,ec959a186dbd8278df967871b3a34262848e2c5ecc08c20aa12abb30068f0552,仕切り壁予防：右壁の向き・離隔を保持 | target_deg=0.108,,248.80351012122466,250.0,71.14010851619344,63.70313385398286,47.10524263202891,0,28.55,46.697369939538405,0
28.6,752.3833597102181,108.24354811688671,92.73627232504543,27.999999999999957,0.3298346122735279,35.0,1.0307331633547747,418,436,375,435,35.0,NEUTRAL,program,sonic_drive_three_laps.py,function,ec959a186dbd8278df967871b3a34262848e2c5ecc08c20aa12abb30068f0552,仕切り壁予防：右壁の向き・離隔を保持 | target_deg=0.825,,246.8654893895671,250.0,70.24388308131084,62.52856253038565,47.33912166068015,0,28.6,46.6366062472931,0
28.65,753.7817753057375,108.17696131408928,92.71598861435348,27.999999999999957,0.24630068409274344,35.0,0.7696896377898232,418,435,375,435,35.0,NEUTRAL,program,sonic_drive_three_laps.py,function,ec959a186dbd8278df967871b3a34262848e2c5ecc08c20aa12abb30068f0552,仕切り壁予防：右壁の向き・離隔を保持 | target_deg=0.616,,246.19680858954158,249.14803717982946,71.23484295309935,62.743119077909974,46.87750672288657,0,28.65,46.574801703103034,0
28.7,755.1802083452462,108.11074175991166,92.7061787256124,27.999999999999957,0.11911990594364169,35.0,0.3722497060738803,418,435,375,435,35.0,NEUTRAL,program,sonic_drive_three_laps.py,function,ec959a186dbd8278df967871b3a34262848e2c5ecc08c20aa12abb30068f0552,仕切り壁予防：右壁の向き・離隔を保持 | target_deg=0.298,,244.60618501363257,250.0,72.17806262865658,63.48978769141525,47.2762236519461,0,28.7,46.51089548998267,0
28.75,756.578649665165,108.04469727680369,92.70164283311317,27.999999999999957,0.05507867766509122,35.0,0.17212086770341006,418,435,375,435,35.0,NEUTRAL,program,sonic_drive_three_laps.py,function,ec959a186dbd8278df967871b3a34262848e2c5ecc08c20aa12abb30068f0552,仕切り壁予防：右壁の向き・離隔を保持 | target_deg=0.138,,242.99858549728447,249.05584485091504,71.5542028599871,62.33698466580914,46.32862144773077,0,28.75,46.44592075415656,0
28.8,757.9770945431231,107.97872816901435,92.70000230202606,27.999999999999957,0.01992073382557976,35.0,0.06225229320493675,418,435,375,435,35.0,NEUTRAL,program,sonic_drive_three_laps.py,function,ec959a186dbd8278df967871b3a34262848e2c5ecc08c20aa12abb30068f0552,仕切り壁予防：右壁の向き・離隔を保持 | target_deg=0.050,,241.59646634887488,249.20144836205418,72.31101257704327,63.15579910665118,47.00625118774267,0,28.8,46.38033856651941,0
28.85,759.3755306258923,107.91257298318128,92.71689053209695,27.999999999999957,-0.20507048946470832,35.0,-0.6408452795772135,418,434,375,435,35.0,NEUTRAL,program,sonic_drive_three_laps.py,function,ec959a186dbd8278df967871b3a34262848e2c5ecc08c20aa12abb30068f0552,仕切り壁予防：右壁の向き・離隔を保持 | target_deg=-0.513,,240.3829230792446,250.0,71.51952847601953,63.121562179182824,46.4199907492087,0,28.85,46.310200700099884,0
28.9,760.7739632982637,107.84634568508248,92.705911368388,27.999999999999957,0.13331817586378633,35.0,0.4166192995743323,418,435,375,435,35.0,NEUTRAL,program,sonic_drive_three_laps.py,function,ec959a186dbd8278df967871b3a34262848e2c5ecc08c20aa12abb30068f0552,仕切り壁予防：右壁の向き・離隔を保持 | target_deg=0.333,,238.83980744887776,250.0,71.94703833573791,62.10214364280999,46.81385954818458,0,28.9,46.24656246697138,0
28.95,762.1724096579087,107.78040805300793,92.6931545915171,27.999999999999957,0.15490334173136716,35.0,0.4840729429105224,418,435,375,435,35.0,NEUTRAL,program,sonic_drive_three_laps.py,function,ec959a186dbd8278df967871b3a34262848e2c5ecc08c20aa12abb30068f0552,仕切り壁予防：右壁の向き・離隔を保持 | target_deg=0.387,,237.2622735326348,250.0,71.8921618544661,62.67282411945133,46.85633734782069,0,28.95,46.183633581039615,0
29.0,763.5708562547445,107.71447544781975,92.70549945437108,27.999999999999957,-0.1499015640646766,35.0,-0.46844238770211444,418,434,375,435,35.0,NEUTRAL,program,sonic_drive_three_laps.py,function,ec959a186dbd8278df967871b3a34262848e2c5ecc08c20aa12abb30068f0552,仕切り壁予防：右壁の向き・離隔を保持 | target_deg=-0.375,,236.1779427243368,250.0,71.8382846639567,62.77630225343784,46.09082479171445,0,29.0,46.1147893733298,0
29.05,764.9693002613129,107.64848789203852,92.69765735300416,27.999999999999957,0.09522542892055724,35.0,0.2975794653767414,418,435,375,435,35.0,NEUTRAL,program,sonic_drive_three_laps.py,function,ec959a186dbd8278df967871b3a34262848e2c5ecc08c20aa12abb30068f0552,仕切り壁予防：右壁の向き・離隔を保持 | target_deg=0.238,,234.42517749191663,250.0,72.28033873254982,61.911845888212774,46.47227927103294,0,29.05,46.05065136220739,0
29.1,766.3677552697745,107.58273393297722,92.6863581082232,27.999999999999957,0.13720485293284754,35.0,0.42876516541514853,418,435,375,435,35.0,NEUTRAL,program,sonic_drive_three_laps.py,function,ec959a186dbd8278df967871b3a34262848e2c5ecc08c20aa12abb30068f0552,仕切り壁予防：右壁の向き・離隔を保持 | target_deg=0.343,,233.0089136698855,250.0,71.57585456817912,62.110728477880215,46.396504204082106,0,29.1,45.98756265923849,0
29.15,767.7662356695131,107.5175225969528,92.65319445351679,27.999999999999957,0.4026948905665353,35.0,1.2584215330204227,418,436,375,435,35.0,NEUTRAL,program,sonic_drive_three_laps.py,function,ec959a186dbd8278df967871b3a34262848e2c5ecc08c20aa12abb30068f0552,仕切り壁予防：右壁の向き・離隔を保持 | target_deg=1.007,,231.83233487577854,250.0,71.45378528355796,61.76645043589522,46.7581910587947,0,29.15,45.93017632780369,0
29.2,769.1647288734647,107.45258606625774,92.66384058303083,27.999999999999957,-0.1292742104481448,35.0,-0.4039819076504525,418,434,375,435,35.0,NEUTRAL,program,sonic_drive_three_laps.py,function,ec959a186dbd8278df967871b3a34262848e2c5ecc08c20aa12abb30068f0552,仕切り壁予防：右壁の向き・離隔を保持 | target_deg=-0.323,,230.6917945179402,249.90183454436507,71.36097228237377,62.732272773662814,45.76019312459082,0,29.2,45.8627274414071,0
29.25,770.5632225254993,107.38765919284583,92.65240314373591,27.999999999999957,0.13888291943027015,35.0,0.4340091232195942,418,435,375,435,35.0,NEUTRAL,program,sonic_drive_three_laps.py,function,ec959a186dbd8278df967871b3a34262848e2c5ecc08c20aa12abb30068f0552,仕切り壁予防：右壁の向き・離隔を保持 | target_deg=0.347,,229.58562788820058,250.0,71.93262123554608,62.01655330266989,46.64449231733714,0,29.25,45.80049967774252,0
29.3,771.9617464394437,107.32338808272591,92.61010850349885,27.999999999999957,0.5135640202386699,35.0,1.6048875632458435,418,436,375,435,35.0,NEUTRAL,program,sonic_drive_three_laps.py,function,ec959a186dbd8278df967871b3a34262848e2c5ecc08c20aa12abb30068f0552,仕切り壁予防：右壁の向き・離隔を保持 | target_deg=1.284,,227.64721693874938,249.12424733275094,71.71912179725905,60.95245256735879,46.37040851322768,0,29.3,45.74621331809195,0
29.35,773.3603076172316,107.25993256387261,92.58557644647885,27.999999999999957,0.2978865797606957,35.0,0.9308955617521741,418,435,375,435,35.0,NEUTRAL,program,sonic_drive_three_laps.py,function,ec959a186dbd8278df967871b3a34262848e2c5ecc08c20aa12abb30068f0552,仕切り壁予防：右壁の向き・離隔を保持 | target_deg=0.745,,226.7944775135103,250.0,71.45092315621527,63.06097355728275,47.02092536129125,0,29.35,45.688551883595,0
29.4,774.7589000821803,107.19717058058215,92.55328410944833,27.999999999999957,0.39211511352520406,35.0,1.2253597297662626,418,436,375,435,35.0,NEUTRAL,program,sonic_drive_three_laps.py,function,ec959a186dbd8278df967871b3a34262848e2c5ecc08c20aa12abb30068f0552,仕切り壁予防：右壁の向き・離隔を保持 | target_deg=0.980,,224.92623047322917,248.99946852361347,71.74794544995807,62.4654034451306,47.08372921539185,0,29.4,45.53036866227375,0
29.45,776.1575062260829,107.13471378216326,92.56057164518177,27.999999999999957,-0.0884914349713938,35.0,-0.2765357342856056,418,434,375,435,35.0,NEUTRAL,program,sonic_drive_three_laps.py,function,ec959a186dbd8278df967871b3a34262848e2c5ecc08c20aa12abb30068f0552,仕切り壁予防：右壁の向き・離隔を保持 | target_deg=-0.221,,223.37953031636454,249.0703689959761,71.75714995454251,62.858164132138135,45.98482622830764,0,29.45,45.14657661729599,0
29.5,777.5560967858341,107.07190912941226,92.5817849332343,27.999999999999957,-0.2575881908906234,35.0,-0.8049630965331982,418,434,375,435,35.0,NEUTRAL,program,sonic_drive_three_laps.py,function,ec959a186dbd8278df967871b3a34262848e2c5ecc08c20aa12abb30068f0552,仕切り壁予防：右壁の向き・離隔を保持 | target_deg=-0.644,,221.52985627049617,248.94554614770658,72.62501521937416,62.20745697629031,45.683430071019906,0,29.5,44.79796388058317,0
29.55,778.9546690247028,107.00869769401518,92.59390101040958,27.999999999999957,-0.1471234709142277,35.0,-0.4597608466069616,418,434,375,435,35.0,NEUTRAL,program,sonic_drive_three_laps.py,function,ec959a186dbd8278df967871b3a34262848e2c5ecc08c20aa12abb30068f0552,仕切り壁予防：右壁の向き・離隔を保持 | target_deg=-0.368,,220.6905315497316,250.0,72.20124766978637,61.41639200232596,45.570228267864096,0,29.55,44.48972798168695,0
29.6,780.3532405131307,106.94546964516722,92.58314614927258,27.999999999999957,0.13059451621930407,35.0,0.4081078631853252,418,435,375,435,35.0,NEUTRAL,program,sonic_drive_three_laps.py,function,ec959a186dbd8278df967871b3a34262848e2c5ecc08c20aa12abb30068f0552,仕切り壁予防：右壁の向き・離隔を保持 | target_deg=0.326,,219.06802758196196,250.0,72.63849257673931,62.1030348159857,46.717183258242216,0,29.6,44.226084789817214,0
29.65,781.7518184544796,106.88238444936574,92.58219640616653,27.999999999999957,0.011532594701321557,35.0,0.036039358441629865,418,435,375,435,35.0,NEUTRAL,program,sonic_drive_three_laps.py,function,ec959a186dbd8278df967871b3a34262848e2c5ecc08c20aa12abb30068f0552,仕切り壁予防：右壁の向き・離隔を保持 | target_deg=0.029,,216.84148842298487,249.9624003921093,72.97937790956347,61.41068980416512,45.43229283618476,0,29.65,44.00124714260842,0
29.7,783.1504009014318,106.81939924046787,92.57495380491287,27.999999999999957,0.08794580329899332,35.0,0.27483063530935414,418,435,375,435,35.0,NEUTRAL,program,sonic_drive_three_laps.py,function,ec959a186dbd8278df967871b3a34262848e2c5ecc08c20aa12abb30068f0552,仕切り壁予防：右壁の向き・離隔を保持 | target_deg=0.220,,216.7877395806613,249.7296827388792,72.14010147519144,61.279845713440515,45.696094858167804,0,29.7,43.81916177788333,0
29.75,784.5490198226919,106.75723059146132,92.51529342300785,27.999999999999957,0.7244088923157495,35.0,2.263777788486717,418,437,375,435,35.0,NEUTRAL,program,sonic_drive_three_laps.py,function,ec959a186dbd8278df967871b3a34262848e2c5ecc08c20aa12abb30068f0552,仕切り壁予防：右壁の向き・離隔を保持 | target_deg=1.811,,215.20831060695667,250.0,72.63399724493678,61.11944653570596,47.13331248519605,0,29.75,43.691690434503144,0
29.8,785.947679897448,106.6959934960612,92.49863073337474,27.999999999999957,0.2023318187688696,35.0,0.6322869336527175,418,435,375,435,35.0,NEUTRAL,program,sonic_drive_three_laps.py,function,ec959a186dbd8278df967871b3a34262848e2c5ecc08c20aa12abb30068f0552,仕切り壁予防：右壁の向き・離隔を保持 | target_deg=0.506,,213.80824530869248,249.86020872415523,72.60257338509902,60.999049411452106,44.75819854435933,0,29.8,43.597892618574996,0
29.85,787.3463624081897,106.63527115531909,92.4731201788444,27.999999999999957,0.3097680010952496,35.0,0.968025003422655,418,436,375,435,35.0,NEUTRAL,program,sonic_drive_three_laps.py,function,ec959a186dbd8278df967871b3a34262848e2c5ecc08c20aa12abb30068f0552,仕切り壁予防：右壁の向き・離隔を保持 | target_deg=0.774,,212.65326036712773,250.0,71.82101101644646,60.908363936483006,45.701937432455146,0,29.85,43.5493070617772,0
29.9,788.7450710784742,106.57515437252772,92.44901891289203,27.999999999999957,0.29265568429645694,35.0,0.914549013426428,418,435,375,435,35.0,NEUTRAL,program,sonic_drive_three_laps.py,function,ec959a186dbd8278df967871b3a34262848e2c5ecc08c20aa12abb30068f0552,仕切り壁予防：右壁の向き・離隔を保持 | target_deg=0.732,,210.8648166794905,250.0,72.36526792353739,60.686174025647034,45.32168517359036,0,29.9,43.5425528373768,0
29.95,790.1438066425551,106.51566668169981,92.42158126899028,27.999999999999957,0.3331676350792009,35.0,1.0411488596225027,418,436,375,435,35.0,NEUTRAL,program,sonic_drive_three_laps.py,function,ec959a186dbd8278df967871b3a34262848e2c5ecc08c20aa12abb30068f0552,仕切り壁予防：右壁の向き・離隔を保持 | target_deg=0.833,,209.59470909674766,250.0,70.14682729123045,61.39363712231849,46.03898402364922,0,29.95,43.548753679915336,0
30.0,791.542559711315,106.45659172365289,92.41520590530013,27.999999999999957,0.07741508341322913,35.0,0.24192213566634102,418,435,375,435,35.0,NEUTRAL,program,sonic_drive_three_laps.py,function,ec959a186dbd8278df967871b3a34262848e2c5ecc08c20aa12abb30068f0552,仕切り壁予防：右壁の向き・離隔を保持 | target_deg=0.194,,208.58270150515153,250.0,71.147673982743,61.3101573916291,45.240493782129256,0,30.0,43.550036877277144,0
30.05,792.941315501315,106.39758121709824,92.41630114253257,27.999999999999957,-0.01329930901011437,35.0,-0.04156034065660741,418,434,375,435,35.0,NEUTRAL,program,sonic_drive_three_laps.py,function,ec959a186dbd8278df967871b3a34262848e2c5ecc08c20aa12abb30068f0552,仕切り壁予防：右壁の向き・離隔を保持 | target_deg=-0.033,,206.4778506927127,249.40098859118268,71.25777565561795,61.28683616020973,45.34213661463703,0,30.05,43.54984324514691,0
30.1,794.3356626270036,106.3385732994308,92.43025165924621,27.854144120174865,-0.16993329837821847,34.190986242531466,-0.5310415574319327,417,434,375,435,34.190986242531466,NEUTRAL,program,sonic_drive_three_laps.py,function,ec959a186dbd8278df967871b3a34262848e2c5ecc08c20aa12abb30068f0552,仕切り壁予防：右壁の向き・離隔を保持 | target_deg=-0.425,,206.26326989918863,250.0,213.48817396875947,60.31568574368401,44.26098649935922,0,30.1,43.547715415169954,0
30.15,795.7219728577242,106.2791102307359,92.48191835414355,27.68453324801551,-0.6329688647164796,33.8769053994324,-1.978027702238999,417,432,375,435,33.8769053994324,NEUTRAL,program,sonic_drive_three_laps.py,function,ec959a186dbd8278df967871b3a34262848e2c5ecc08c20aa12abb30068f0552,仕切り壁予防：右壁の向き・離隔を保持 | target_deg=-1.582,,204.00879894822245,249.83001146945853,213.38518018316083,60.82321439101787,43.68959317710433,0,30.15,43.54106078284879,0
30.2,797.1022202236245,106.2182494670509,92.56762227361116,27.597181356399897,-1.0544398673375464,34.12115484789182,-3.295124585429832,417,431,375,435,34.12115484789182,NEUTRAL,program,sonic_drive_three_laps.py,function,ec959a186dbd8278df967871b3a34262848e2c5ecc08c20aa12abb30068f0552,仕切り壁予防：右壁の向き・離隔を保持 | target_deg=-2.635,,202.82989954845448,250.0,213.37925972148446,60.90288761948063,43.301133687164366,0,30.2,43.53199277903007,0
30.25,798.4798734843529,106.15574506734339,92.62785639196795,27.571070191687653,-0.7424730535024782,34.35164680245022,-2.320228292195244,417,432,375,435,34.35164680245022,NEUTRAL,program,sonic_drive_three_laps.py,function,ec959a186dbd8278df967871b3a34262848e2c5ecc08c20aa12abb30068f0552,仕切り壁予防：右壁の向き・離隔を保持 | target_deg=-1.856,,201.2188948873833,249.2577331496399,212.80551310309997,60.415944829606936,44.30994887226198,0,30.25,43.52699573502111,0
30.3,799.8554155308209,106.09209848868207,92.67053671254581,27.520085001547326,-0.5268974194797877,34.18103995113417,-1.6465544358743367,417,433,375,435,34.18103995113417,NEUTRAL,program,sonic_drive_three_laps.py,function,ec959a186dbd8278df967871b3a34262848e2c5ecc08c20aa12abb30068f0552,仕切り壁予防：右壁の向き・離隔を保持 | target_deg=-1.317,,199.39514869736365,248.6488188867093,213.924205583437,59.973685141653476,44.07512065927869,0,30.3,43.524443998012856,0
30.35,801.2281008364397,106.02824593001745,92.65538211596407,27.459335126938214,0.19703090110743915,34.06314702627801,0.6157215659607473,417,435,375,435,34.06314702627801,NEUTRAL,program,sonic_drive_three_laps.py,function,ec959a186dbd8278df967871b3a34262848e2c5ecc08c20aa12abb30068f0552,仕切り壁予防：右壁の向き・離隔を保持 | target_deg=0.493,,197.83099745239875,247.91558826713324,212.30910755494213,60.05846449840744,45.715154924577085,0,30.35,43.524982052790726,0
30.4,802.5960276057984,105.96495789844488,92.6424938223114,27.3408999701311,0.15999855355437176,33.66724872595687,0.4999954798574118,417,435,375,435,33.66724872595687,NEUTRAL,program,sonic_drive_three_laps.py,function,ec959a186dbd8278df967871b3a34262848e2c5ecc08c20aa12abb30068f0552,仕切り壁予防：右壁の向き・離隔を保持 | target_deg=0.400,,196.59889370827034,247.22478223237533,214.15363579459947,60.228270509371626,44.755836119271315,0,30.4,43.52513454855597,0
30.45,803.958967121408,105.90217918423345,92.63200991774556,27.25280664934356,0.1306274424452104,33.68750079102495,0.40821075764128256,417,435,375,435,33.68750079102495,NEUTRAL,program,sonic_drive_three_laps.py,function,ec959a186dbd8278df967871b3a34262848e2c5ecc08c20aa12abb30068f0552,仕切り壁予防：右壁の向き・離隔を保持 | target_deg=0.327,,196.3063678035366,246.1751721591504,213.6100855544882,60.36799504120977,44.84629185401983,0,30.45,43.52500639323204,0
30.5,805.3182038421161,105.83980919099949,92.62245742832442,27.187461947587728,0.11934741868424198,33.70356311741278,0.37296068338825616,417,435,375,435,33.70356311741278,NEUTRAL,program,sonic_drive_three_laps.py,function,ec959a186dbd8278df967871b3a34262848e2c5ecc08c20aa12abb30068f0552,仕切り壁予防：右壁の向き・離隔を保持 | target_deg=0.298,,193.69280709059208,245.4351626466819,214.59074995479708,59.99577193773967,44.55103540402239,0,30.5,43.524660826767686,0
30.55,806.6746900186945,105.77834547641137,92.56624911191795,27.137955526014167,0.7036665537438234,33.709731880407055,2.198957980449448,417,437,375,435,33.709731880407055,NEUTRAL,program,sonic_drive_three_laps.py,function,ec959a186dbd8278df967871b3a34262848e2c5ecc08c20aa12abb30068f0552,仕切り壁予防：右壁の向き・離隔を保持 | target_deg=1.759,,193.4758460236981,244.1416183819935,213.73230916301947,59.0888422188729,45.3191889565463,0,30.55,43.52126244658389,0
30.6,808.0280828077807,105.71814335790151,92.52769699681005,27.06621177314529,0.4837641756335242,33.52450581804884,1.511763048854763,416,436,375,435,33.52450581804884,NEUTRAL,program,sonic_drive_three_laps.py,function,ec959a186dbd8278df967871b3a34262848e2c5ecc08c20aa12abb30068f0552,仕切り壁予防：右壁の向き・離隔を保持 | target_deg=1.209,,191.18381301633374,244.20827623816905,213.3431349363313,60.022784930285106,44.72370155311106,0,30.6,43.517987792056154,0
30.65,809.3783861875871,105.65877278224974,92.50745872007758,27.00983353419298,0.25454750847176766,33.52005349087827,0.795460963974274,416,435,375,435,33.52005349087827,NEUTRAL,program,sonic_drive_three_laps.py,function,ec959a186dbd8278df967871b3a34262848e2c5ecc08c20aa12abb30068f0552,仕切り壁予防：右壁の向き・離隔を保持 | target_deg=0.636,,190.39893458844847,243.1179206767305,213.97832992283065,59.80488512942592,44.2555338952706,0,30.65,43.51578060858766,0
30.7,810.7269047699561,105.59990356286721,92.4918310919432,26.987027473609768,0.1968203108947179,33.6357943313045,0.6150634715459935,417,435,375,435,33.6357943313045,NEUTRAL,program,sonic_drive_three_laps.py,function,ec959a186dbd8278df967871b3a34262848e2c5ecc08c20aa12abb30068f0552,仕切り壁予防：右壁の向き・離隔を保持 | target_deg=0.492,,189.39441093164365,242.84078830846104,213.23139904839175,59.3667659022371,44.061685318123345,0,30.7,43.513703070028654,0
30.75,812.0746260708833,105.5414177629224,92.47787343274774,26.975052630146916,0.17589419320304614,33.66736389247945,0.5496693537595192,417,435,375,435,33.66736389247945,NEUTRAL,program,sonic_drive_three_laps.py,function,ec959a186dbd8278df967871b3a34262848e2c5ecc08c20aa12abb30068f0552,仕切り壁予防：右壁の向き・離隔を保持 | target_deg=0.440,,187.90450282063395,240.85066756414912,214.73897426387748,59.831889241722145,44.47067326823789,0,30.75,43.51151529181889,0
30.8,813.4219130449785,105.48341873667421,92.45210656292369,26.96783966128525,0.324820756669117,33.67880786309208,1.0150648645909905,417,436,375,435,33.67880786309208,NEUTRAL,program,sonic_drive_three_laps.py,function,ec959a186dbd8278df967871b3a34262848e2c5ecc08c20aa12abb30068f0552,仕切り壁予防：右壁の向き・離隔を保持 | target_deg=0.812,,186.86988559348643,240.3196985430655,214.20292916832935,59.952457788459434,44.981608133122414,0,30.8,43.50686119864482,0
30.85,814.7684737743555,105.426107668888,92.4220913067901,26.947568756077686,0.37858701189935945,33.59736364869658,1.1830844121854982,416,436,375,435,33.59736364869658,NEUTRAL,program,sonic_drive_three_laps.py,function,ec959a186dbd8278df967871b3a34262848e2c5ecc08c20aa12abb30068f0552,仕切り壁予防：右壁の向き・離隔を保持 | target_deg=0.946,,184.6053792344219,240.52070378178988,214.36645281527277,59.82869530192842,44.81299931466307,0,30.85,43.50071921369163,0
30.9,816.1140342748164,105.36965759963898,92.38253129129305,26.92656501608574,0.499354868270573,33.56796022786754,1.5604839633455407,416,436,375,435,33.56796022786754,NEUTRAL,program,sonic_drive_three_laps.py,function,ec959a186dbd8278df967871b3a34262848e2c5ecc08c20aa12abb30068f0552,仕切り壁予防：右壁の向き・離隔を保持 | target_deg=1.248,,183.71058829980484,238.86455414349888,214.53516229120072,59.4880268523694,44.76686305074011,0,30.9,43.491670399960476,0
30.95,817.4584117714207,105.31391734473367,92.36591650197403,26.90021724504055,0.20991699884714365,33.51206400090454,0.6559906213973239,416,435,375,435,33.51206400090454,NEUTRAL,program,sonic_drive_three_laps.py,function,ec959a186dbd8278df967871b3a34262848e2c5ecc08c20aa12abb30068f0552,仕切り壁予防：右壁の向き・離隔を保持 | target_deg=0.525,,183.24415592604294,238.19772692423246,214.2522741819021,59.31362167850738,43.71554225471371,0,30.95,43.502101924524396,0
31.0,818.8024624194682,105.25829623723303,92.3735437965895,26.906514737791955,-0.0963899682521813,33.66020164125547,-0.30121865078806653,417,434,375,435,33.66020164125547,NEUTRAL,program,sonic_drive_three_laps.py,function,ec959a186dbd8278df967871b3a34262848e2c5ecc08c20aa12abb30068f0552,仕切り壁予防：右壁の向き・離隔を保持 | target_deg=-0.241,,181.96048420842664,236.71354107928147,214.2572305313892,59.7306110089129,43.67216394069736,0,31.0,43.557362089999394,0
31.05,820.1477450240471,105.20382924414503,92.23960827991016,26.941593443412238,2.143610031747819,33.82771326388791,6.6987813492119335,417,442,375,435,33.82771326388791,NEUTRAL,program,sonic_drive_three_laps.py,function,ec959a186dbd8278df967871b3a34262848e2c5ecc08c20aa12abb30068f0552,左回避 | target_deg=5.346,,179.54388915319996,236.0301654824978,215.33214729374635,59.68429647222237,44.758370407170375,0,31.05,43.6206284866861,0
31.1,821.4880762831658,105.15476867579964,91.92909168465985,26.747913372786165,4.383610031747819,32.60271326388791,13.698781349211934,415,449,375,435,32.60271326388791,NEUTRAL,program,sonic_drive_three_laps.py,function,ec959a186dbd8278df967871b3a34262848e2c5ecc08c20aa12abb30068f0552,左回避 | target_deg=10.849,,179.78184007810088,235.96820997518873,214.94909526655002,59.37385397426326,43.67831988515681,0,31.1,43.68993425134982,0
31.15,822.8136839411732,105.1154388457177,91.4459835206776,26.37702774776736,6.623610031747819,31.377713263887912,20.698781349211934,414,456,375,435,31.377713263887912,NEUTRAL,program,sonic_drive_three_laps.py,function,ec959a186dbd8278df967871b3a34262848e2c5ecc08c20aa12abb30068f0552,左回避 | target_deg=16.188,,178.68239027017506,235.19359166366357,213.75070414519135,60.493857263110804,44.14968399848623,0,31.15,43.77166662371603,0
31.2,824.1169271741776,105.08966210176798,90.79659683578103,25.86887172367185,8.863610031747818,30.15271326388791,27.698781349211934,412,464,375,435,30.15271326388791,NEUTRAL,program,sonic_drive_three_laps.py,function,ec959a186dbd8278df967871b3a34262848e2c5ecc08c20aa12abb30068f0552,左回避 | target_deg=21.299,,177.87062833063126,233.88307544810365,215.13418255376413,60.183742396870926,44.01074206856503,0,31.2,43.87176881435214,0
31.25,825.3917709116361,105.08066421707191,89.98876026757381,25.25438064406834,11.103610031747818,28.92771326388791,34.698781349211934,411,471,375,435,28.92771326388791,NEUTRAL,program,sonic_drive_three_laps.py,function,ec959a186dbd8278df967871b3a34262848e2c5ecc08c20aa12abb30068f0552,左回避 | target_deg=26.135,,177.9523310948632,232.17215007292813,214.35613944909954,61.28885654114113,43.20431033548713,0,31.25,43.99554648016106,0
31.3,826.6333871462439,105.09103136558768,89.03126087817776,24.55751824402034,13.343610031747819,27.702713263887915,41.698781349211934,409,478,375,435,27.702713263887915,NEUTRAL,program,sonic_drive_three_laps.py,function,ec959a186dbd8278df967871b3a34262848e2c5ecc08c20aa12abb30068f0552,左回避 | target_deg=30.667,,177.2514816707681,231.63222154600285,213.70185116802293,61.66486492521865,43.88776483537583,0,31.3,43.905764336988796,0
31.35,827.8378563641436,105.1227010379908,87.93346672726227,23.7968477761686,15.583610031747819,26.477713263887914,48.698781349211934,408,486,375,435,26.477713263887914,NEUTRAL,program,sonic_drive_three_laps.py,function,ec959a186dbd8278df967871b3a34262848e2c5ecc08c20aa12abb30068f0552,左回避 | target_deg=34.886,,178.15732582501002,230.34871523985896,214.04495080945244,64.0962700681669,43.74772060006202,0,31.35,43.67436490463069,0
31.4,829.001947302428,105.17697442839633,86.70507809510093,22.986749066850344,17.82361003174782,25.252713263887912,55.698781349211934,406,493,375,435,25.252713263887912,NEUTRAL,program,sonic_drive_three_laps.py,function,ec959a186dbd8278df967871b3a34262848e2c5ecc08c20aa12abb30068f0552,左回避 | target_deg=38.792,,178.78566564904438,228.69087362632126,213.6089766713002,65.77630887384592,45.133866710693304,0,31.4,43.4388476637136,0
31.45,830.1229575260787,105.25454187898777,85.35597075910925,22.138361295685122,20.063610031747817,24.027713263887915,62.698781349211934,405,500,375,435,24.027713263887915,NEUTRAL,program,sonic_drive_three_laps.py,function,ec959a186dbd8278df967871b3a34262848e2c5ecc08c20aa12abb30068f0552,左回避 | target_deg=42.398,,180.37806873233,228.66548669944953,214.40381245478574,67.06217383757831,44.321986486435186,0,31.45,43.2038640031962,0
31.5,831.1986008618612,105.35551595959684,83.89610526241103,21.260313309759606,22.303610031747823,22.80271326388791,69.69878134921194,403,508,375,435,22.80271326388791,NEUTRAL,program,sonic_drive_three_laps.py,function,ec959a186dbd8278df967871b3a34262848e2c5ecc08c20aa12abb30068f0552,左回避 | target_deg=45.722,,182.4427960752898,226.63780702188114,214.90748527278419,69.1703438779538,44.449782985987575,0,31.5,42.973565504479694,0
31.55,832.2269306058986,105.47946886222968,82.3354837881887,20.359289353747833,24.54361003174782,21.57771326388791,76.69878134921194,401,515,375,435,21.57771326388791,NEUTRAL,program,sonic_drive_three_laps.py,function,ec959a186dbd8278df967871b3a34262848e2c5ecc08c20aa12abb30068f0552,左回避 | target_deg=48.783,,185.1308231365731,226.3076771187757,214.58632228885298,72.53005951618712,46.00229584030623,0,31.55,42.75159488696379,0
31.6,833.2062897236582,105.62547220814322,80.68414186904022,19.44046730673534,26.78361003174782,20.35271326388791,83.69878134921194,400,522,375,435,20.35271326388791,NEUTRAL,program,sonic_drive_three_laps.py,function,ec959a186dbd8278df967871b3a34262848e2c5ecc08c20aa12abb30068f0552,左回避 | target_deg=51.606,,185.6039657612599,226.59184714437686,215.15619262503765,75.69292493940932,45.53239635025031,0,31.6,42.541085354922984,0
31.65,834.1352810792206,105.79213827777997,78.95216630293089,18.507858157716676,29.023610031747822,19.12771326388791,90.69878134921194,398,530,375,435,19.12771326388791,NEUTRAL,program,sonic_drive_three_laps.py,function,ec959a186dbd8278df967871b3a34262848e2c5ecc08c20aa12abb30068f0552,左回避 | target_deg=54.211,,185.59967009489873,225.45733492793258,215.7331401939973,80.41911329980476,46.98974297169517,0,31.65,42.34466460436914,0
31.7,835.0249117486611,105.97875160990802,77.374616886973,17.965710897464106,26.78361003174782,20.12771326388791,83.69878134921194,400,522,375,435,20.12771326388791,NEUTRAL,program,sonic_drive_three_laps.py,function,ec959a186dbd8278df967871b3a34262848e2c5ecc08c20aa12abb30068f0552,右壁追従 | target_deg=51.606,,187.3170878469178,226.56693466471032,216.4805034367547,84.88098725739302,47.0643727418155,0,31.7,42.21049339036968,0
31.75,835.8919128825075,106.18426594753365,75.97411394534208,17.726030788869654,24.54361003174782,21.12771326388791,76.69878134921194,401,515,375,435,21.12771326388791,NEUTRAL,program,sonic_drive_three_laps.py,function,ec959a186dbd8278df967871b3a34262848e2c5ecc08c20aa12abb30068f0552,右壁追従 | target_deg=48.783,,187.00554479962202,226.659066267044,217.5864063514079,90.01603695637019,47.82884522677163,0,31.75,42.13935920588909,0
31.8,836.7491807107059,106.40855232118518,74.72114369236868,17.720653644186168,22.303610031747823,22.12771326388791,69.69878134921194,402,508,375,435,22.12771326388791,NEUTRAL,program,sonic_drive_three_laps.py,function,ec959a186dbd8278df967871b3a34262848e2c5ecc08c20aa12abb30068f0552,右壁追従 | target_deg=45.722,,187.0693546734019,227.28409419728087,218.12042873322739,95.60764199786448,48.33939603508381,0,31.8,42.12276585126055,0
31.85,837.6066299479368,106.65199426825514,73.5968710381496,17.89677679993702,20.06361003174782,23.12771326388791,62.69878134921194,403,500,375,435,23.12771326388791,NEUTRAL,program,sonic_drive_three_laps.py,function,ec959a186dbd8278df967871b3a34262848e2c5ecc08c20aa12abb30068f0552,右壁追従 | target_deg=42.398,,187.79898656577623,226.80860829460497,219.2823724551856,98.95461521765573,49.58711568936837,0,31.85,42.155494892736,0
31.9,838.4718946730919,106.91513485529073,72.5901858193065,18.21349723413404,17.823610031747823,24.12771326388791,55.69878134921194,405,493,375,435,24.12771326388791,NEUTRAL,program,sonic_drive_three_laps.py,function,ec959a186dbd8278df967871b3a34262848e2c5ecc08c20aa12abb30068f0552,右壁追従 | target_deg=38.792,,187.5497872171429,226.78973467994476,219.19399338827807,103.31285576666092,49.975908632200436,0,31.9,42.23438458378888,0
31.95,839.3508796702789,107.19846238898057,71.69558492199269,18.63912985557904,15.58361003174782,25.12771326388791,48.69878134921194,406,486,375,435,25.12771326388791,NEUTRAL,program,sonic_drive_three_laps.py,function,ec959a186dbd8278df967871b3a34262848e2c5ecc08c20aa12abb30068f0552,右壁追従 | target_deg=34.886,,188.0172619864531,227.2432450940636,220.74196391510992,108.81124998119172,50.19104965418854,0,31.95,42.35753097853991,0
32.0,840.2481928915815,107.50227760069218,70.91165615121139,19.149130145176894,13.343610031747822,26.12771326388791,41.69878134921194,407,478,375,435,26.12771326388791,NEUTRAL,program,sonic_drive_three_laps.py,function,ec959a186dbd8278df967871b3a34262848e2c5ecc08c20aa12abb30068f0552,右壁追従 | target_deg=30.667,,188.35620661871897,227.26395223588892,221.00262348366564,112.90547995396193,52.072110894625496,0,32.0,42.52376383958112,0
32.05,841.1674843407313,107.82660870695297,70.23999619456015,19.72448495211028,11.103610031747822,27.12771326388791,34.69878134921194,408,471,375,435,27.12771326388791,NEUTRAL,program,sonic_drive_three_laps.py,function,ec959a186dbd8278df967871b3a34262848e2c5ecc08c20aa12abb30068f0552,右壁追従 | target_deg=26.135,,187.90050471393124,226.42077765157904,223.08100015889985,116.79827757906637,53.137627284564836,0,32.05,42.73230411629751,0
32.1,842.1117114476444,108.17115427715929,69.68444241241463,20.35046594120177,8.863610031747822,28.12771326388791,27.69878134921194,410,464,375,435,28.12771326388791,NEUTRAL,program,sonic_drive_three_laps.py,function,ec959a186dbd8278df967871b3a34262848e2c5ecc08c20aa12abb30068f0552,右壁追従 | target_deg=21.299,,188.07926157785374,226.65030930401753,223.18827861897248,122.26696612070616,53.48837705500599,0,32.1,42.98254304758318,0
32.15,843.0833465157688,108.53524165127588,69.25053206804972,21.015663964163267,6.6236100317478215,29.12771326388791,20.69878134921194,411,456,375,435,29.12771326388791,NEUTRAL,program,sonic_drive_three_laps.py,function,ec959a186dbd8278df967871b3a34262848e2c5ecc08c20aa12abb30068f0552,右壁追従 | target_deg=16.188,,187.68070581637625,226.29336864374832,223.06500249461845,125.12240070835443,53.763601554478605,0,32.15,43.27390369815693,0
32.2,844.0845381597793,108.91779320570066,68.9451269147064,21.711241045548686,4.383610031747821,30.12771326388791,13.698781349211941,412,449,375,435,30.12771326388791,NEUTRAL,program,sonic_drive_three_laps.py,function,ec959a186dbd8278df967871b3a34262848e2c5ecc08c20aa12abb30068f0552,右壁追従 | target_deg=10.849,,187.5212666684517,224.99071341184882,224.15735177878437,127.89472117349004,54.26722445926199,0,32.2,43.605758909232364,0
32.25,845.1171885579383,109.3174170233053,68.75406742042702,22.43035094162333,2.7082553818557127,31.12771326388791,8.463298068299101,413,443,375,435,31.12771326388791,NEUTRAL,program,sonic_drive_three_laps.py,function,ec959a186dbd8278df967871b3a34262848e2c5ecc08c20aa12abb30068f0552,右壁追従 | target_deg=6.744,,185.4783403038033,223.42328443418822,223.3320885945534,131.19765138441738,54.55311530536192,0,32.25,43.973874820207925,0
32.3,846.1825772698729,109.73357843009798,68.57277939938876,23.167690282451325,2.6924876579056356,32.12771326388791,8.41402393095511,415,443,375,435,32.12771326388791,NEUTRAL,program,sonic_drive_three_laps.py,function,ec959a186dbd8278df967871b3a34262848e2c5ecc08c20aa12abb30068f0552,右壁追従 | target_deg=6.705,,184.83833331840654,223.39378113215702,222.2480498012136,133.0868668205471,55.10259834629688,0,32.3,44.36028772535772,0
32.35,847.2813203612087,110.1668324574155,68.38681372854978,23.91915086888482,2.674774979609042,33.12771326388791,8.358671811278256,416,443,375,435,33.12771326388791,NEUTRAL,program,sonic_drive_three_laps.py,function,ec959a186dbd8278df967871b3a34262848e2c5ecc08c20aa12abb30068f0552,右壁追従 | target_deg=6.662,,183.8429238473257,222.89274871246104,221.947255506514,132.99168200455833,56.04885244875198,0,32.35,44.76317570691728,0
32.4,848.4108597001136,110.61653374300285,68.19540948206122,24.575125622184288,2.674448396672302,33.53741103306984,8.357651239600944,416,443,375,435,33.53741103306984,NEUTRAL,program,sonic_drive_three_laps.py,function,ec959a186dbd8278df967871b3a34262848e2c5ecc08c20aa12abb30068f0552,右壁追従 | target_deg=6.661,,183.7977964459543,221.90326930775987,223.07907173445525,133.23888540584488,55.9495557573886,0,32.4,45.18178190213381,0
32.45,849.5651952868653,111.08062339505052,68.0003413816178,25.08434771325079,2.6635125663076122,33.543391565300524,8.323476769711288,416,443,375,435,33.543391565300524,NEUTRAL,program,sonic_drive_three_laps.py,function,ec959a186dbd8278df967871b3a34262848e2c5ecc08c20aa12abb30068f0552,右壁追従 | target_deg=6.634,,182.767859447491,220.57056581536565,222.30542524740872,132.72081343708462,56.623096971099756,0,32.45,45.6143475631702,0
32.5,850.738358083467,111.55695558599855,67.8029977790695,25.480370600385868,2.6476963201714447,33.55204107490624,8.274051000535765,416,443,375,435,33.55204107490624,NEUTRAL,program,sonic_drive_three_laps.py,function,ec959a186dbd8278df967871b3a34262848e2c5ecc08c20aa12abb30068f0552,右壁追従 | target_deg=6.595,,182.08993354235218,219.30518695530662,222.88868042702214,131.92433747738798,58.5461804117629,0,32.5,46.058959247979374,1
32.55,851.9257099713416,112.04384540659886,67.60350226869514,25.78781978870065,2.6408575707649864,33.5557810159879,8.252679908640582,416,443,375,435,33.5557810159879,NEUTRAL,program,sonic_drive_three_laps.py,function,ec959a186dbd8278df967871b3a34262848e2c5ecc08c20aa12abb30068f0552,右壁追従 | target_deg=6.578,,181.15693028738545,219.49907344032303,222.2117317332548,131.26932096184996,57.650415539120864,0,32.55,46.51395809004053,1
32.6,853.1236691263159,112.53997477790185,67.40315686241144,26.027558271900258,2.6248706226854934,33.56452387821887,8.202720695892166,416,443,375,435,33.56452387821887,NEUTRAL,program,sonic_drive_three_laps.py,function,ec959a186dbd8278df967871b3a34262848e2c5ecc08c20aa12abb30068f0552,右壁追従 | target_deg=6.538,,179.31766561484974,217.7767673512619,221.49156322175085,130.41290311065572,58.58795714403079,0,32.6,46.97823850794755,1
32.65,854.3294907932396,113.04430899038096,67.20265988839463,26.215133866562862,2.6059576780229516,33.574866894831196,8.143617743821723,416,443,375,435,33.574866894831196,NEUTRAL,program,sonic_drive_three_laps.py,function,ec959a186dbd8278df967871b3a34262848e2c5ecc08c20aa12abb30068f0552,右壁追従 | target_deg=6.491,,178.6452874285645,217.19332480853663,221.3879077014155,129.93395142222255,59.87698621985076,0,32.65,47.45087853004591,1
32.7,855.5410116751377,113.5560267213068,67.00125107235172,26.360860790078238,2.601662513051744,33.57721581317483,8.1301953532867,416,443,375,435,33.57721581317483,NEUTRAL,program,sonic_drive_three_laps.py,function,ec959a186dbd8278df967871b3a34262848e2c5ecc08c20aa12abb30068f0552,右壁追従 | target_deg=6.481,,176.88000477351957,216.23802719195896,222.84277642248645,129.00687547901478,60.548053417331744,0,32.7,47.93093846739649,1
32.75,856.7565491178161,114.07448402108945,66.79981426207499,26.474938300411853,2.5895757466889116,33.583825763529504,8.092424208402848,416,443,375,435,33.583825763529504,NEUTRAL,program,sonic_drive_three_laps.py,function,ec959a186dbd8278df967871b3a34262848e2c5ecc08c20aa12abb30068f0552,右壁追従 | target_deg=6.451,,176.07145748817396,215.9524455676278,221.9164436379064,128.54986495383818,60.93801580723935,0,32.75,48.417914950559236,1
32.8,857.9748368253219,114.59917535258357,66.59909455026565,26.56516949184226,2.5706878167559273,33.5941551002116,8.033399427362273,416,443,375,435,33.5941551002116,NEUTRAL,program,sonic_drive_three_laps.py,function,ec959a186dbd8278df967871b3a34262848e2c5ecc08c20aa12abb30068f0552,右壁追従 | target_deg=6.404,,175.48686738232132,213.59718457371847,221.2047234241404,127.37017162079442,61.896367606199874,0,32.8,48.91141834340739,1
32.85,859.1948742968438,115.1296946131023,66.39838804676043,26.635828640256438,2.5629540273299485,33.59838451630393,8.009231335406088,416,443,375,435,33.59838451630393,NEUTRAL,program,sonic_drive_three_laps.py,function,ec959a186dbd8278df967871b3a34262848e2c5ecc08c20aa12abb30068f0552,右壁追従 | target_deg=6.385,,174.61336827804203,213.7234262473837,221.7070108096874,127.24300045237548,62.07909482965615,0,32.85,49.410932569396806,1
32.9,860.4159001899561,115.66572344562319,66.198784086834,26.69253593225347,2.542953740797156,33.60932217300155,7.946730439991112,417,443,375,435,33.60932217300155,NEUTRAL,program,sonic_drive_three_laps.py,function,ec959a186dbd8278df967871b3a34262848e2c5ecc08c20aa12abb30068f0552,右壁追従 | target_deg=6.336,,173.68468663637208,213.015646388024,220.42958426133737,126.75209013589186,62.93468030275197,0,32.9,49.91630642280582,1
32.95,861.6373465380773,116.20700600018161,66.00027201732644,26.73830028336944,2.5243255647460114,33.619509456779525,7.888517389831286,417,443,375,435,33.619509456779525,NEUTRAL,program,sonic_drive_three_laps.py,function,ec959a186dbd8278df967871b3a34262848e2c5ecc08c20aa12abb30068f0552,右壁追従 | target_deg=6.290,,171.45970251525378,211.26336434006444,220.3446656909003,124.8272414770612,63.9152524454008,0,32.95,50.42727983069274,1
33.0,862.858766179873,116.7533340025587,65.8028086917181,26.775439043172874,2.507206167670094,33.62887162705542,7.835019273969043,417,443,375,435,33.62887162705542,NEUTRAL,program,sonic_drive_three_laps.py,function,ec959a186dbd8278df967871b3a34262848e2c5ecc08c20aa12abb30068f0552,右壁追従 | target_deg=6.247,,170.5253531428882,211.08840464743582,219.7615762754006,124.1376654926593,64.2935170833879,0,33.0,50.94363541839154,1
33.05,864.0798106616763,117.3045375807201,65.60647959402297,26.80592975832234,2.4897451926730003,33.638420597756955,7.780453727103127,417,443,375,435,33.638420597756955,NEUTRAL,program,sonic_drive_three_laps.py,function,ec959a186dbd8278df967871b3a34262848e2c5ecc08c20aa12abb30068f0552,右壁追従 | target_deg=6.204,,170.08507586210055,210.46942647998657,219.73877699290068,123.76138206336083,65.38661695527855,0,33.05,51.46521372169852,1
33.1,865.3001994058457,117.86047545026764,65.41104049372814,26.83090762547106,2.4759660459805124,33.645956068604406,7.737393893689101,417,443,375,435,33.645956068604406,NEUTRAL,program,sonic_drive_three_laps.py,function,ec959a186dbd8278df967871b3a34262848e2c5ecc08c20aa12abb30068f0552,右壁追従 | target_deg=6.170,,169.6028542827691,209.3825460570458,220.21753537908918,122.78173290530178,66.46153850504997,0,33.1,51.99183424897738,1
33.15,866.5197257494594,118.42103326451699,65.2170097016081,26.852218652053953,2.4560646126432086,33.65683966496074,7.675201914510026,417,443,375,435,33.65683966496074,NEUTRAL,program,sonic_drive_three_laps.py,function,ec959a186dbd8278df967871b3a34262848e2c5ecc08c20aa12abb30068f0552,右壁追従 | target_deg=6.121,,168.1624368241782,207.9948232090676,219.36477879511244,122.83545381228315,67.29332947688947,0,33.15,52.5234576880289,1
33.2,867.7382508306408,118.98611581370291,65.0246196226276,26.870948531476717,2.4335329122296927,33.669161688624385,7.604790350717789,417,442,375,435,33.669161688624385,NEUTRAL,program,sonic_drive_three_laps.py,function,ec959a186dbd8278df967871b3a34262848e2c5ecc08c20aa12abb30068f0552,右壁追従 | target_deg=6.065,,167.27774483957825,207.05893380559414,218.86862387187963,121.89504837867844,68.39474352909683,0,33.2,53.060019782260355,1
33.25,868.9556253862988,119.55563380509858,64.83266400092941,26.886146238468978,2.4265467256580617,33.67298225940575,7.582958517681442,417,442,375,435,33.67298225940575,NEUTRAL,program,sonic_drive_three_laps.py,function,ec959a186dbd8278df967871b3a34262848e2c5ecc08c20aa12abb30068f0552,右壁追従 | target_deg=6.047,,166.0331487594209,206.79778022234873,219.2693956497366,121.02382750299124,68.11312042275858,0,33.25,53.6012500088065,1
33.3,870.1717309876656,120.12951568276759,64.64195999901798,26.89960197364363,2.4094770132263306,33.68231725839185,7.529615666332282,417,442,375,435,33.68231725839185,NEUTRAL,program,sonic_drive_three_laps.py,function,ec959a186dbd8278df967871b3a34262848e2c5ecc08c20aa12abb30068f0552,右壁追従 | target_deg=6.005,,165.04917367919973,206.0949336520286,218.2753478887067,119.45043602429813,68.9117843395301,0,33.3,54.147195336214466,1
33.35,871.3864846444056,120.70769856794185,64.45220882712653,26.911319743869008,2.3963483111062707,33.689497017363756,7.488588472207096,417,442,375,435,33.689497017363756,NEUTRAL,program,sonic_drive_three_laps.py,function,ec959a186dbd8278df967871b3a34262848e2c5ecc08c20aa12abb30068f0552,右壁追従 | target_deg=5.973,,164.33687949994743,204.30189946330347,218.32500465787953,119.6612361686099,69.49829447428453,0,33.35,54.697746539149136,1
33.4,872.5998682624713,121.29013510090986,64.26482804702206,26.923448505038365,2.36539637141699,33.70642385938133,7.391863660678094,417,442,375,435,33.70642385938133,NEUTRAL,program,sonic_drive_three_laps.py,function,ec959a186dbd8278df967871b3a34262848e2c5ecc08c20aa12abb30068f0552,右壁追従 | target_deg=5.896,,163.16636941683134,202.55755536550942,216.55595658221918,118.10402013154874,70.94673431899079,0,33.4,55.2530586603155,1
33.45,873.8118533519835,121.87677203651248,64.07843833753736,26.93417309888962,2.351915219003112,33.713796364607674,7.349735059384725,417,442,375,435,33.713796364607674,NEUTRAL,program,sonic_drive_three_laps.py,function,ec959a186dbd8278df967871b3a34262848e2c5ecc08c20aa12abb30068f0552,右壁追従 | target_deg=5.863,,161.56070805399384,202.8815302846886,217.244453632284,118.24001048019483,71.2201825613726,0,33.45,55.81287473372184,1
33.5,875.0223904156618,122.46756022110512,63.89328552577996,26.94410541844251,2.3354374829561664,33.72280762650835,7.29824213423802,417,442,375,435,33.72280762650835,NEUTRAL,program,sonic_drive_three_laps.py,function,ec959a186dbd8278df967871b3a34262848e2c5ecc08c20aa12abb30068f0552,右壁追従 | target_deg=5.822,,160.42758602162002,202.0002975154235,217.34709601594977,116.81868767418094,72.56839015580513,0,33.5,56.377178398860536,1
33.55,876.2314651811091,123.06245793129972,63.709829982426896,26.953991625115762,2.31320273693817,33.73496725323694,7.228758552931781,417,442,375,435,33.73496725323694,NEUTRAL,program,sonic_drive_three_laps.py,function,ec959a186dbd8278df967871b3a34262848e2c5ecc08c20aa12abb30068f0552,右壁追従 | target_deg=5.767,,160.55092413333801,200.82269299694298,216.17624707546182,117.15578596116832,73.20162666060298,0,33.55,56.94599030832167,1
33.6,877.4390483846187,123.6614202105591,63.52727010047221,26.962840016971576,2.3011317027267153,33.741568600071325,7.191036571020985,417,442,375,435,33.741568600071325,NEUTRAL,program,sonic_drive_three_laps.py,function,ec959a186dbd8278df967871b3a34262848e2c5ecc08c20aa12abb30068f0552,右壁追従 | target_deg=5.737,,158.3121202831105,199.86084023996762,216.92354686537865,115.83964406406758,73.9717393158482,0,33.6,57.51914849422303,1
33.65,878.6451059103669,124.26440627495882,63.34587313121298,26.971209502569355,2.2857641012393324,33.74997275713474,7.143012816372914,417,442,375,435,33.74997275713474,NEUTRAL,program,sonic_drive_three_laps.py,function,ec959a186dbd8278df967871b3a34262848e2c5ecc08c20aa12abb30068f0552,右壁追従 | target_deg=5.699,,157.1957565059691,198.30878349879472,216.77119476715058,115.19774894868189,75.01716310418935,0,33.65,58.09664760378297,1
33.7,879.8496349735218,124.87138144639273,63.16607235949391,26.97974391503266,2.2649610820290236,33.761349408265374,7.078003381340699,417,442,375,435,33.761349408265374,NEUTRAL,program,sonic_drive_three_laps.py,function,ec959a186dbd8278df967871b3a34262848e2c5ecc08c20aa12abb30068f0552,右壁追従 | target_deg=5.647,,156.43784669329136,197.27094331604872,215.08637032847884,115.03748898450677,75.0237916211521,0,33.7,58.678510617428174,1
33.75,881.0526315313672,125.48230939056715,62.98750162652985,26.987949595671502,2.24878800746407,33.770194058418085,7.027462523325219,417,442,375,435,33.770194058418085,NEUTRAL,program,sonic_drive_three_laps.py,function,ec959a186dbd8278df967871b3a34262848e2c5ecc08c20aa12abb30068f0552,右壁追従 | target_deg=5.607,,155.58482171188254,196.10258677677103,215.3659696076637,113.82214407718334,75.98092514944182,0,33.75,59.264646769850316,1
33.8,882.2540963519336,126.09715641943926,62.81050160689358,26.996321877515605,2.2283424176415103,33.7813752403523,6.963570055129719,417,442,375,435,33.7813752403523,NEUTRAL,program,sonic_drive_three_laps.py,function,ec959a186dbd8278df967871b3a34262848e2c5ecc08c20aa12abb30068f0552,右壁追従 | target_deg=5.556,,153.63349825918567,195.0647054837628,214.90575977027333,113.51441786426739,77.10611831478305,0,33.8,59.85506642679327,1
33.85,883.454039185019,126.71588915925221,62.635050014336144,27.004795427507133,2.2081786638926473,33.792402293183706,6.900558324664522,417,442,375,435,33.792402293183706,NEUTRAL,program,sonic_drive_three_laps.py,function,ec959a186dbd8278df967871b3a34262848e2c5ecc08c20aa12abb30068f0552,右壁追従 | target_deg=5.506,,153.43463268062925,194.03747790388087,214.65007671545143,112.58065775904846,78.09038212193347,0,33.85,60.44972951729744,1
33.9,884.6524871828973,127.33847705307106,62.46163635455554,27.01395650991213,2.1818372701241344,33.806807742900865,6.81824146913792,417,442,375,435,33.806807742900865,NEUTRAL,program,sonic_drive_three_laps.py,function,ec959a186dbd8278df967871b3a34262848e2c5ecc08c20aa12abb30068f0552,右壁追従 | target_deg=5.441,,152.28392036039608,192.52142172124823,213.63296642265792,112.22017206616151,79.16430148090761,0,33.9,61.04866846719527,1
33.95,885.8494634883724,127.96488559613411,62.289920845492475,27.02323027801704,2.1597547414374842,33.81888412577638,6.749233566992138,417,442,375,435,33.81888412577638,NEUTRAL,program,sonic_drive_three_laps.py,function,ec959a186dbd8278df967871b3a34262848e2c5ecc08c20aa12abb30068f0552,右壁追従 | target_deg=5.386,,150.8827914939408,191.8829699963638,213.21342897086078,110.88237158075088,79.81835103033244,0,33.95,61.651798111153255,1
34.0,887.0383695462291,128.59316837458198,61.977324351595456,26.80956068684223,4.3997547414374845,32.59388412577638,13.749233566992139,415,449,375,435,32.59388412577638,NEUTRAL,program,sonic_drive_three_laps.py,function,ec959a186dbd8278df967871b3a34262848e2c5ecc08c20aa12abb30068f0552,左回避 | target_deg=10.888,,149.75606719293495,190.04070323979664,213.70788638333948,109.75879469581275,81.30057844157314,0,34.0,62.23805762296492,1
34.05,888.2088645210902,129.22218824173655,61.49199336499015,26.423190392212017,6.639754741437485,31.368884125776376,20.74923356699214,414,456,375,435,31.368884125776376,NEUTRAL,program,sonic_drive_three_laps.py,function,ec959a186dbd8278df967871b3a34262848e2c5ecc08c20aa12abb30068f0552,左回避 | target_deg=16.226,,148.37445797110624,189.49303356240887,212.8596624082144,109.44851825699847,81.54338342207512,0,34.05,62.80274210538302,1
34.1,889.3525923700143,129.85152957708485,60.84037525594604,25.90303933339871,8.879754741437484,30.143884125776378,27.74923356699214,412,464,375,435,30.143884125776378,NEUTRAL,program,sonic_drive_three_laps.py,function,ec959a186dbd8278df967871b3a34262848e2c5ecc08c20aa12abb30068f0552,左回避 | target_deg=21.335,,147.36128166806103,189.01454458145878,213.7007337305966,109.49235197530733,82.88294263568203,0,34.1,63.347451428417415,1
34.15,890.4628494293058,130.48103660454828,60.030382732183256,25.27925642765411,11.119754741437484,28.918884125776376,34.74923356699214,411,471,375,435,28.918884125776376,NEUTRAL,program,sonic_drive_three_laps.py,function,ec959a186dbd8278df967871b3a34262848e2c5ecc08c20aa12abb30068f0552,左回避 | target_deg=26.168,,147.27932117810047,187.98878715820217,213.56857858296928,109.81221541258498,84.431963912972,0,34.15,63.87456266246534,1
34.2,891.5342681546723,131.11058410701722,59.070852710841194,24.57519621325481,13.359754741437484,27.693884125776375,41.74923356699214,409,478,375,435,27.693884125776375,NEUTRAL,program,sonic_drive_three_laps.py,function,ec959a186dbd8278df967871b3a34262848e2c5ecc08c20aa12abb30068f0552,左回避 | target_deg=30.699,,147.11486759129963,189.2338428337728,215.50987089089384,109.6154290257317,86.35886974476439,0,34.2,64.38686086825936,1
34.25,892.5625691279698,131.7399256123198,57.97118019210916,23.808950035026108,15.599754741437485,26.468884125776373,48.74923356699214,408,486,375,435,26.468884125776373,NEUTRAL,program,sonic_drive_three_laps.py,function,ec959a186dbd8278df967871b3a34262848e2c5ecc08c20aa12abb30068f0552,左回避 | target_deg=34.915,,148.97083625494014,186.76300738565925,216.61307564490312,108.64236174422798,88.61352353089303,0,34.25,64.88727049864656,1
34.3,893.5443689616835,132.36859785640453,56.74107739479635,22.994532160932202,17.839754741437485,25.243884125776372,55.74923356699214,406,493,375,435,25.243884125776372,NEUTRAL,program,sonic_drive_three_laps.py,function,ec959a186dbd8278df967871b3a34262848e2c5ecc08c20aa12abb30068f0552,左回避 | target_deg=38.819,,149.34996546892972,186.71758768534988,218.25095267265868,108.09632344713967,89.74305714438951,0,34.3,65.3786618556094,1
34.35,894.4770333677459,132.99586587782335,55.390422530738306,22.14279859468475,20.079754741437483,24.018884125776378,62.74923356699214,405,500,375,435,24.018884125776378,NEUTRAL,program,sonic_drive_three_laps.py,function,ec959a186dbd8278df967871b3a34262848e2c5ecc08c20aa12abb30068f0552,左回避 | target_deg=42.423,,149.65394057538612,185.74842657442363,221.00014360123825,109.39462855151643,91.78267026969635,0,34.35,65.86371286826854,1
34.4,895.3585661955274,133.62069736509937,53.92917285821028,21.26215882416343,22.31975474143748,22.79388412577638,69.74923356699213,403,508,375,435,22.79388412577638,NEUTRAL,program,sonic_drive_three_laps.py,function,ec959a186dbd8278df967871b3a34262848e2c5ecc08c20aa12abb30068f0552,左回避 | target_deg=45.745,,152.068800142059,183.20429241522297,223.9349669580813,110.03364879983384,94.39340518672827,0,34.4,66.34481124642072,1
34.45,896.1875266544711,134.24175806223354,52.367324132934726,20.35912716976428,24.559754741437484,21.568884125776375,76.74923356699213,401,515,375,435,21.568884125776375,NEUTRAL,program,sonic_drive_three_laps.py,function,ec959a186dbd8278df967871b3a34262848e2c5ecc08c20aa12abb30068f0552,左回避 | target_deg=48.804,,153.59999258441601,182.77425077545993,225.91178972106906,111.01922693966281,97.75939930090287,0,34.45,66.82398586335765,1
34.5,896.9629681946152,134.85742235628115,50.71490404845838,19.43874988053715,26.799754741437482,20.343884125776377,83.74923356699213,400,522,375,435,20.343884125776377,NEUTRAL,program,sonic_drive_three_laps.py,function,ec959a186dbd8278df967871b3a34262848e2c5ecc08c20aa12abb30068f0552,左回避 | target_deg=51.625,,155.6586177204164,181.17951596458678,230.93848157925154,111.8765761708662,100.09294238529286,0,34.5,67.30285915334709,1
34.55,897.6843936132116,135.46579482514258,48.98199129739055,18.504935979668602,29.03975474143748,19.11888412577638,90.74923356699213,398,530,375,435,19.11888412577638,NEUTRAL,program,sonic_drive_three_laps.py,function,ec959a186dbd8278df967871b3a34262848e2c5ecc08c20aa12abb30068f0552,左回避 | target_deg=54.230,,158.95620328818143,178.49327814575338,250.0,113.88100548580402,103.70842908899559,0,34.55,67.78261451930977,1
34.6,898.3517218915889,136.06473968136123,47.17875491430158,17.560713550418548,31.279754741437483,17.893884125776374,97.74923356699213,397,537,375,435,17.893884125776374,NEUTRAL,program,sonic_drive_three_laps.py,function,ec959a186dbd8278df967871b3a34262848e2c5ecc08c20aa12abb30068f0552,左回避 | target_deg=56.639,,162.89365357679608,177.4203904757602,250.0,114.57440247789351,107.40889289709234,0,34.6,68.26397437639633,1
34.65,898.968764870663,136.6548053404873,45.38126472978732,16.758268902680804,32.0,17.5,100.0,396,540,375,435,17.5,NEUTRAL,program,sonic_drive_three_laps.py,function,ec959a186dbd8278df967871b3a34262848e2c5ecc08c20aa12abb30068f0552,左回避 | target_deg=57.375,,164.40134452634723,176.57803325714212,249.71275560339322,114.88080250146459,110.37715596166478,0,34.65,68.75343945323662,1
34.7,899.5430779524866,137.23884915761238,43.65613563714635,16.136663686019244,32.0,17.5,100.0,396,540,375,435,17.5,NEUTRAL,program,sonic_drive_three_laps.py,function,ec959a186dbd8278df967871b3a34262848e2c5ecc08c20aa12abb30068f0552,左回避 | target_deg=57.375,,163.11640496078368,176.17662449828703,250.0,114.5904544244087,109.29452944422216,0,34.7,69.25661993237463,1
34.75,900.0815964842895,137.8199517116865,41.98755258803425,15.655143812380377,32.0,17.5,100.0,396,540,375,435,17.5,NEUTRAL,program,sonic_drive_three_laps.py,function,ec959a186dbd8278df967871b3a34262848e2c5ecc08c20aa12abb30068f0552,左回避 | target_deg=57.375,,161.67389712085287,175.5811308457364,250.0,113.57180552378925,107.19626105328545,0,34.75,69.77419781948358,1
34.8,900.5895022195892,138.4006354774061,40.36277233047696,15.282139560655395,32.0,17.5,100.0,396,540,375,435,17.5,NEUTRAL,program,sonic_drive_three_laps.py,function,ec959a186dbd8278df967871b3a34262848e2c5ecc08c20aa12abb30068f0552,左回避 | target_deg=57.375,,160.86179922144055,175.35115041941987,250.0,112.71936031656888,107.31059075297922,0,34.8,70.3069562590661,1
34.85,901.0706533244221,138.98292257701166,38.77192343978905,14.993195781962552,32.0,17.5,100.0,396,540,375,435,17.5,NEUTRAL,program,sonic_drive_three_laps.py,function,ec959a186dbd8278df967871b3a34262848e2c5ecc08c20aa12abb30068f0552,左回避 | target_deg=57.375,,159.57767573555844,174.8228437246004,249.14627412292006,112.39388145326586,106.7472960477421,0,34.85,70.85567524271455,1
34.9,901.5279087102051,139.56840093355945,37.207359121767865,14.769368555170363,32.0,17.5,100.0,396,540,375,435,17.5,NEUTRAL,program,sonic_drive_three_laps.py,function,ec959a186dbd8278df967871b3a34262848e2c5ecc08c20aa12abb30068f0552,左回避 | target_deg=57.375,,158.80257805740467,174.58466582097842,249.67862775481836,113.34484640753685,107.0496640325383,0,34.9,71.42105517781948,1
34.95,901.9633728178193,140.15828976092507,35.66315586856706,14.595983173141637,32.0,17.5,100.0,396,540,375,435,17.5,NEUTRAL,program,sonic_drive_three_laps.py,function,ec959a186dbd8278df967871b3a34262848e2c5ecc08c20aa12abb30068f0552,左回避 | target_deg=57.375,,160.1271458008451,174.7799780945339,250.0,113.92369143010696,105.54142121772783,0,34.95,72.00368048464563,1
35.0,902.3785806864242,140.753499738292,34.13472509779834,14.461672029979601,32.0,17.5,100.0,396,540,375,435,17.5,NEUTRAL,program,sonic_drive_three_laps.py,function,ec959a186dbd8278df967871b3a34262848e2c5ecc08c20aa12abb30068f0552,左回避 | target_deg=57.375,,159.59194412784873,174.3815051429804,250.0,112.12292063792805,105.37459063958272,0,35.0,72.60400665330698,1
35.05,902.7746380837391,141.35468599889626,32.61851231288955,14.35762933061003,32.0,17.5,100.0,396,540,375,435,17.5,NEUTRAL,program,sonic_drive_three_laps.py,function,ec959a186dbd8278df967871b3a34262848e2c5ecc08c20aa12abb30068f0552,左回避 | target_deg=57.375,,158.45159959727476,174.9542765976727,249.0558496900353,113.20557586473768,105.24453767783204,0,35.05,73.22236059894281,1
35.1,903.1523277385243,141.96229356019586,31.111764060854256,14.277033759481226,32.0,17.5,100.0,396,540,375,435,17.5,NEUTRAL,program,sonic_drive_three_laps.py,function,ec959a186dbd8278df967871b3a34262848e2c5ecc08c20aa12abb30068f0552,左回避 | target_deg=57.375,,159.19990022802045,175.73990861489446,248.94449195455127,113.56473454834729,105.83504091326449,0,35.1,73.8589481237088,1
35.15,903.5121899504796,142.57659558325093,29.612347408604705,14.214601257009287,32.0,17.5,100.0,396,540,375,435,17.5,NEUTRAL,program,sonic_drive_three_laps.py,function,ec959a186dbd8278df967871b3a34262848e2c5ecc08c20aa12abb30068f0552,左回避 | target_deg=57.375,,158.4571533747787,175.60017742302765,249.33996757412714,113.78421355183859,104.862749764679,0,35.15,74.51386475751634,1
35.2,903.8545837989546,143.1977251934714,28.118610102196783,14.16623858260526,32.0,17.5,100.0,396,540,375,435,17.5,NEUTRAL,program,sonic_drive_three_laps.py,function,ec959a186dbd8278df967871b3a34262848e2c5ecc08c20aa12abb30068f0552,左回避 | target_deg=57.375,,158.52967655404774,176.41523928312174,250.0,114.05468939733952,105.61022434949737,0,35.2,75.1871077772859,1
35.25,904.179733640787,143.82570170982828,26.62927224067559,14.128774950956648,32.0,17.5,100.0,396,540,375,435,17.5,NEUTRAL,program,sonic_drive_three_laps.py,function,ec959a186dbd8278df967871b3a34262848e2c5ecc08c20aa12abb30068f0552,左回避 | target_deg=57.375,,158.40536339253003,177.46689285761164,250.0,114.94730772205396,105.07276845521764,0,35.25,75.87858814955773,1
35.3,904.4877644417984,144.4604521233099,25.143342362371385,14.099754146925472,32.0,17.5,100.0,396,540,375,435,17.5,NEUTRAL,program,sonic_drive_three_laps.py,function,ec959a186dbd8278df967871b3a34262848e2c5ecc08c20aa12abb30068f0552,左回避 | target_deg=57.375,,159.371801524898,178.23011605854006,249.69993336469653,116.24122083729878,106.00624795197436,0,35.3,76.58814172228236,1
35.35,904.7787286259293,145.1018285997472,23.660052442040524,14.07727348956381,32.0,17.5,100.0,396,540,375,435,17.5,NEUTRAL,program,sonic_drive_three_laps.py,function,ec959a186dbd8278df967871b3a34262848e2c5ecc08c20aa12abb30068f0552,左回避 | target_deg=57.375,,160.2200992583814,178.5633055241444,250.0,117.58079847301327,105.97143755375093,0,35.35,77.3155393446588,1
35.4,905.0526264775958,145.7496226919468,22.178807537091842,14.059859087300195,32.0,17.5,100.0,396,540,375,435,17.5,NEUTRAL,program,sonic_drive_three_laps.py,function,ec959a186dbd8278df967871b3a34262848e2c5ecc08c20aa12abb30068f0552,左回避 | target_deg=57.375,,161.5275739772495,180.5266268878075,249.3715087765895,117.47129923223389,106.51259357289709,0,35.4,78.06049580421607,1
35.45,905.309421642965,146.40357685031847,20.699146781571187,14.046369205695743,32.0,17.5,100.0,396,540,375,435,17.5,NEUTRAL,program,sonic_drive_three_laps.py,function,ec959a186dbd8278df967871b3a34262848e2c5ecc08c20aa12abb30068f0552,左回避 | target_deg=57.375,,161.0172182528956,181.60938332407113,250.0,119.07177776253722,107.32524245769153,0,35.45,78.82267759148216,1
35.5,905.5490529048644,147.0633937296777,19.220713170566,14.035919412303624,32.0,17.5,100.0,396,540,375,435,17.5,NEUTRAL,program,sonic_drive_three_laps.py,function,ec959a186dbd8278df967871b3a34262848e2c5ecc08c20aa12abb30068f0552,左回避 | target_deg=57.375,,161.7915172445752,182.18291974226705,249.6632688133157,119.87081110107381,108.62210745758654,0,35.5,79.60170956834575,1
35.55,905.7714431246148,147.7287437072057,17.743230154015606,14.0278245909301,32.0,17.5,100.0,396,540,375,435,17.5,NEUTRAL,program,sonic_drive_three_laps.py,function,ec959a186dbd8278df967871b3a34262848e2c5ecc08c20aa12abb30068f0552,左回避 | target_deg=57.375,,162.14093138531726,185.39420542766285,100.20755434845765,121.82874069626024,108.99470998367282,0,35.55,80.39718064794594,1
35.6,905.9765060302666,148.39927095430593,16.26648350535507,14.021554023598245,32.0,17.5,100.0,396,540,375,435,17.5,NEUTRAL,program,sonic_drive_three_laps.py,function,ec959a186dbd8278df967871b3a34262848e2c5ecc08c20aa12abb30068f0552,左回避 | target_deg=57.375,,164.0063531374872,186.1436642683948,101.79152520508913,122.98448962047954,109.84849083432654,0,35.6,81.20864860514969,1
35.65,906.1641513681285,149.0745983433772,14.790307276253145,14.016696595268579,32.0,17.5,100.0,396,540,375,435,17.5,NEUTRAL,program,sonic_drive_three_laps.py,function,ec959a186dbd8278df967871b3a34262848e2c5ecc08c20aa12abb30068f0552,左回避 | target_deg=57.375,,165.95286300139975,188.93207672078756,110.52437035900932,125.92375366850315,110.83200585048357,0,35.65,82.03564413594158,1
35.7,906.3342888107463,149.7543314186026,13.314572916598877,14.012933840045784,32.0,17.5,100.0,396,540,375,435,17.5,NEUTRAL,program,sonic_drive_three_laps.py,function,ec959a186dbd8278df967871b3a34262848e2c5ecc08c20aa12abb30068f0552,左回避 | target_deg=57.375,,167.9676048510565,190.0734379854124,120.6369449501497,127.13742787113587,112.41849033258411,0,35.7,82.87767427671862,1
35.75,906.4868309202852,150.43806161667024,11.839180846415388,14.01001906170923,32.0,17.5,100.0,396,540,375,435,17.5,NEUTRAL,program,sonic_drive_three_laps.py,function,ec959a186dbd8278df967871b3a34262848e2c5ecc08c20aa12abb30068f0552,左回避 | target_deg=57.375,,168.8511912169353,193.5719169741687,131.08303536801182,128.3296458614783,114.50862395365064,0,35.75,83.73422528390059,1
35.8,906.6216953945437,151.12536888772047,10.364053927131977,14.007761159653901,32.0,17.5,100.0,396,540,375,435,17.5,NEUTRAL,program,sonic_drive_three_laps.py,function,ec959a186dbd8278df967871b3a34262848e2c5ecc08c20aa12abb30068f0552,左回避 | target_deg=57.375,,168.97765464441792,195.95638533376342,144.72375705261152,131.31919195935288,113.04063968867553,0,35.8,84.60476506246484,1
35.85,906.7388067682076,151.8158238376279,8.88913240417483,14.006012099827458,32.0,17.5,100.0,396,540,375,435,17.5,NEUTRAL,program,sonic_drive_three_laps.py,function,ec959a186dbd8278df967871b3a34262848e2c5ecc08c20aa12abb30068f0552,左回避 | target_deg=57.375,,169.34679970298717,198.998609610504,163.00720551624613,133.2037191266701,113.59751292292476,0,35.85,85.48874522020513,1
35.9,906.8380977003778,152.50898948893678,7.414369989298564,14.004657209224803,32.0,17.5,100.0,396,540,375,435,17.5,NEUTRAL,program,sonic_drive_three_laps.py,function,ec959a186dbd8278df967871b3a34262848e2c5ecc08c20aa12abb30068f0552,左回避 | target_deg=57.375,,166.65545422737267,202.73546437337583,186.41149630824071,137.2617177780141,112.71588682507078,0,35.9,86.38560281337455,1
35.95,906.9195099477648,153.20442273845583,5.939730825805839,14.003607657621474,32.0,17.5,100.0,396,540,375,435,17.5,NEUTRAL,program,sonic_drive_three_laps.py,function,ec959a186dbd8278df967871b3a34262848e2c5ecc08c20aa12abb30068f0552,左回避 | target_deg=57.375,,166.11332473822037,204.54594114295583,220.38232634056652,139.4417260840044,112.89073104621167,0,35.95,87.29476183924446,1
36.0,906.9829950988783,153.90167557390117,4.465187137687309,14.002794633628325,32.0,17.5,100.0,396,540,375,435,17.5,NEUTRAL,program,sonic_drive_three_laps.py,function,ec959a186dbd8278df967871b3a34262848e2c5ecc08c20aa12abb30068f0552,左回避 | target_deg=57.375,,164.4059405044236,208.42000440185078,249.8204730106334,140.99413538117994,111.82219680584228,0,36.0,88.21563452213634,1
36.05,907.028515126247,154.60029609938206,2.990717408552541,14.002164833234197,32.0,17.5,100.0,396,540,375,435,17.5,NEUTRAL,program,sonic_drive_three_laps.py,function,ec959a186dbd8278df967871b3a34262848e2c5ecc08c20aa12abb30068f0552,左回避 | target_deg=57.375,,164.0135282059916,212.72010910009854,249.21420526294227,141.03203418650173,111.25169775201257,0,36.05,89.14762243167421,1
36.1,907.0560427998091,155.2998294093959,1.5163049709582879,14.001676965053445,32.0,17.5,100.0,396,540,375,435,17.5,NEUTRAL,program,sonic_drive_three_laps.py,function,ec959a186dbd8278df967871b3a34262848e2c5ecc08c20aa12abb30068f0552,左回避 | target_deg=57.375,,163.23691686299597,214.70756833225067,250.0,140.30467671467582,111.8094934357012,0,36.1,90.09011746530366,1
36.15,907.0655619940683,155.9998183428715,0.04193691364699248,14.001299043153095,32.0,17.5,100.0,396,540,375,435,17.5,NEUTRAL,program,sonic_drive_three_laps.py,function,ec959a186dbd8278df967871b3a34262848e2c5ecc08c20aa12abb30068f0552,左回避 | target_deg=57.375,,160.85402152369605,250.0,249.94206287182837,139.66792815621707,112.39289627874113,0,36.15,91.04250272143689,1
36.2,907.0570679136162,156.6998041422938,-1.432396764949857,14.001006289970167,32.0,17.5,100.0,396,540,375,435,17.5,NEUTRAL,program,sonic_drive_three_laps.py,function,ec959a186dbd8278df967871b3a34262848e2c5ecc08c20aa12abb30068f0552,左回避 | target_deg=57.375,,160.56642733102058,249.52044924779574,250.0,139.51442198316752,111.58456539240149,0,36.2,91.50420457188686,1
36.25,907.03056725556,157.39932703774156,-2.906703812441009,14.000779511828876,32.0,17.5,100.0,396,540,375,435,17.5,NEUTRAL,program,sonic_drive_three_laps.py,function,ec959a186dbd8278df967871b3a34262848e2c5ecc08c20aa12abb30068f0552,左回避 | target_deg=57.375,,160.37829456905544,250.0,249.94115712382882,138.53891160490053,112.52263362888696,0,36.25,91.96024107175579,1
36.3,906.9860783228163,158.097926771521,-4.380990230429205,14.0006038405523,32.0,17.5,100.0,396,540,375,435,17.5,NEUTRAL,program,sonic_drive_three_laps.py,function,ec959a186dbd8278df967871b3a34262848e2c5ecc08c20aa12abb30068f0552,左回避 | target_deg=57.375,,159.85043568735057,250.0,249.77844900237568,137.962720295493,112.2181239202449,0,36.3,92.42495046471386,1
36.35,906.9236310987656,158.79514307577327,-5.8552606679922405,14.000467758665224,32.0,17.5,100.0,396,540,375,435,17.5,NEUTRAL,program,sonic_drive_three_laps.py,function,ec959a186dbd8278df967871b3a34262848e2c5ecc08c20aa12abb30068f0552,左回避 | target_deg=57.375,,160.1221583537402,250.0,249.14147699043355,137.7452663350835,112.23336499051064,0,36.35,92.89802623414185,1
36.4,906.8432672911471,159.4905161128046,-7.3295187264888,14.000362344277905,32.0,17.5,100.0,396,540,375,435,17.5,NEUTRAL,program,sonic_drive_three_laps.py,function,ec959a186dbd8278df967871b3a34262848e2c5ecc08c20aa12abb30068f0552,左回避 | target_deg=57.375,,159.1292669228572,250.0,250.0,136.91273659015974,113.68795362540912,0,36.4,93.37915610213896,1
36.45,906.7450403511061,160.1835868858007,-8.80376719567306,14.000280686143286,32.0,17.5,100.0,396,540,375,435,17.5,NEUTRAL,program,sonic_drive_three_laps.py,function,ec959a186dbd8278df967871b3a34262848e2c5ecc08c20aa12abb30068f0552,左回避 | target_deg=57.375,,159.06084915731927,250.0,249.91757693997357,136.22727489858093,113.51492701499691,0,36.45,93.82534154261297,1
36.5,906.6290154718204,160.87389762593003,-10.27800823659851,14.000217430537298,32.0,17.5,100.0,396,540,375,435,17.5,NEUTRAL,program,sonic_drive_three_laps.py,function,ec959a186dbd8278df967871b3a34262848e2c5ecc08c20aa12abb30068f0552,左回避 | target_deg=57.375,,159.76729209009838,250.0,250.0,136.6477932796615,115.09166322580492,0,36.5,93.33580671582988,1
36.55,906.49526957002,161.56099216052914,-11.752243523302212,14.000168430254508,32.0,17.5,100.0,396,540,375,435,17.5,NEUTRAL,program,sonic_drive_three_laps.py,function,ec959a186dbd8278df967871b3a34262848e2c5ecc08c20aa12abb30068f0552,左回避 | target_deg=57.375,,158.38665313327252,249.88784032449263,250.0,136.23697629502632,115.5524657832381,0,36.55,92.83973237931916,1
36.6,906.3438912528808,162.2444162660253,-13.22647435255925,14.0001304727063,32.0,17.5,100.0,396,540,375,435,17.5,NEUTRAL,program,sonic_drive_three_laps.py,function,ec959a186dbd8278df967871b3a34262848e2c5ecc08c20aa12abb30068f0552,左回避 | target_deg=57.375,,157.95128431164315,249.8141662727225,249.89130001058413,136.19366830185194,116.49437307365592,0,36.6,92.3373465184156,1
36.65,906.1749807721437,162.9237180084309,-14.700701728902544,14.000101069295056,32.0,17.5,100.0,396,540,375,435,17.5,NEUTRAL,program,sonic_drive_three_laps.py,function,ec959a186dbd8278df967871b3a34262848e2c5ecc08c20aa12abb30068f0552,左回避 | target_deg=57.375,,158.58618112685738,249.58956048099333,250.0,136.2168472634654,117.44970652383131,0,36.65,91.82888323443657,1
36.7,905.9886499668501,163.5984480735966,-16.174926430482913,14.000078292255084,32.0,17.5,100.0,396,540,375,435,17.5,NEUTRAL,program,sonic_drive_three_laps.py,function,ec959a186dbd8278df967871b3a34262848e2c5ecc08c20aa12abb30068f0552,左回避 | target_deg=57.375,,159.3522302372948,249.93515079071784,249.75746214229503,138.06358152748956,118.3673756694249,0,36.7,91.31458282246413,1
36.75,905.7850221957333,164.26816008890023,-17.649149060086643,14.000060648263181,32.0,17.5,100.0,396,540,375,435,17.5,NEUTRAL,program,sonic_drive_three_laps.py,function,ec959a186dbd8278df967871b3a34262848e2c5ecc08c20aa12abb30068f0552,左回避 | target_deg=57.375,,160.96707319273324,249.78236233002542,250.0,138.82360074855058,120.17511413828178,0,36.75,90.79469185375629,1
36.8,905.564232260051,164.93241093764635,-19.123370084655704,14.000046980532403,32.0,17.5,100.0,396,540,375,435,17.5,NEUTRAL,program,sonic_drive_three_laps.py,function,ec959a186dbd8278df967871b3a34262848e2c5ecc08c20aa12abb30068f0552,左回避 | target_deg=57.375,,160.93545357572674,248.58404130205395,249.8478755834052,138.05906324951624,121.6629856537802,0,36.8,90.26946326193038,1
36.85,905.3264263174516,165.59076106713448,-20.597589865901682,14.00003639297004,32.0,17.5,100.0,396,540,375,435,17.5,NEUTRAL,program,sonic_drive_three_laps.py,function,ec959a186dbd8278df967871b3a34262848e2c5ecc08c20aa12abb30068f0552,左回避 | target_deg=57.375,,161.83919848823513,249.46901971874112,249.54778709676376,139.30055173049217,123.00998866477731,0,36.85,89.73915643214721,1
36.9,905.0717617873289,166.24277479110694,-22.07180868402071,14.000028191427399,32.0,17.5,100.0,396,540,375,435,17.5,NEUTRAL,program,sonic_drive_three_laps.py,function,ec959a186dbd8278df967871b3a34262848e2c5ecc08c20aa12abb30068f0552,左回避 | target_deg=57.375,,162.65914874315982,250.0,250.0,139.86773714528462,124.28216985615457,0,36.9,89.2040372925879,1
36.95,904.8004072480173,166.88802058709203,-23.54602675606364,14.000021838189568,32.0,17.5,100.0,396,540,375,435,17.5,NEUTRAL,program,sonic_drive_three_laps.py,function,ec959a186dbd8278df967871b3a34262848e2c5ecc08c20aa12abb30068f0552,左回避 | target_deg=57.375,,163.7029379526839,249.16998944410332,250.0,140.4145213350918,127.48378827687112,0,36.95,88.66437840755187,1
37.0,904.5125423261046,167.5260713890057,-25.020244250166627,14.000016916721417,32.0,17.5,100.0,396,540,375,435,17.5,NEUTRAL,program,sonic_drive_three_laps.py,function,ec959a186dbd8278df967871b3a34262848e2c5ecc08c20aa12abb30068f0552,左回避 | target_deg=57.375,,164.66183418468765,249.9528312216837,250.0,142.05368583522392,128.69772453530553,0,37.0,88.12045907152054,1
37.05,904.2083575780873,168.15650487525613,-26.494461296574656,14.000013104358425,32.0,17.5,100.0,396,540,375,435,17.5,NEUTRAL,program,sonic_drive_three_laps.py,function,ec959a186dbd8278df967871b3a34262848e2c5ecc08c20aa12abb30068f0552,左回避 | target_deg=57.375,,166.13722621421678,249.89208521590038,249.65265498971894,142.8545330833659,129.82846424991567,0,37.05,87.57256540353549,1
37.1,903.8880543645557,168.77890375250263,-27.968677996180503,14.000010151151958,32.0,17.5,100.0,396,540,375,435,17.5,NEUTRAL,program,sonic_drive_three_laps.py,function,ec959a186dbd8278df967871b3a34262848e2c5ecc08c20aa12abb30068f0552,左回避 | target_deg=57.375,,167.72025515612938,249.62935387740205,250.0,145.74628544088532,133.9586912238093,0,37.1,87.0209904412243,1
37.15,903.5518447170678,169.39285603514827,-29.442894427139777,14.000007863481963,32.0,17.5,100.0,396,540,375,435,17.5,NEUTRAL,program,sonic_drive_three_laps.py,function,ec959a186dbd8278df967871b3a34262848e2c5ecc08c20aa12abb30068f0552,左回避 | target_deg=57.375,,168.89281736213482,249.84305524345936,249.95856661684806,145.51477829426602,136.23614633354129,0,37.15,86.46603423377955,1
37.2,903.1999511978552,169.99795532058937,-30.917110649994726,14.000006091362716,32.0,17.5,100.0,396,540,375,435,17.5,NEUTRAL,program,sonic_drive_three_laps.py,function,ec959a186dbd8278df967871b3a34262848e2c5ecc08c20aa12abb30068f0552,左回避 | target_deg=57.375,,171.71747114042103,250.0,244.35056647934508,147.56577433987073,137.93624125191286,0,37.2,85.90800393315932,1
37.25,902.8326067524932,170.59380106020245,-32.391326711643956,14.000004718609379,32.0,17.5,100.0,396,540,375,435,17.5,NEUTRAL,program,sonic_drive_three_laps.py,function,ec959a186dbd8278df967871b3a34262848e2c5ecc08c20aa12abb30068f0552,左回避 | target_deg=57.375,,173.5592460438908,249.79122818298333,233.65551514989167,146.552805118023,140.3614208911007,0,37.25,85.34721388272833,1
37.3,902.4500545556557,171.17999882601558,-33.86554264841689,14.000003655220597,32.0,17.5,100.0,396,540,375,435,17.5,NEUTRAL,program,sonic_drive_three_laps.py,function,ec959a186dbd8278df967871b3a34262848e2c5ecc08c20aa12abb30068f0552,左回避 | target_deg=57.375,,175.53029885092027,249.81140549453275,224.20941055279891,145.59760576764384,139.64319814417783,0,37.3,84.78398570249624,1
37.35,902.052547850078,171.7561605729861,-35.33975848845566,14.000002831477781,32.0,17.5,100.0,396,540,375,435,17.5,NEUTRAL,program,sonic_drive_three_laps.py,function,ec959a186dbd8278df967871b3a34262848e2c5ecc08c20aa12abb30068f0552,左回避 | target_deg=57.375,,178.45134779231176,249.92722315138127,217.11507648960318,144.23628574007913,139.91081726289733,0,37.35,84.21864837004769,1
37.4,901.6403497788434,172.32190489678806,-36.81397425356039,14.000002193374167,32.0,17.5,100.0,396,540,375,435,17.5,NEUTRAL,program,sonic_drive_three_laps.py,function,ec959a186dbd8278df967871b3a34262848e2c5ecc08c20aa12abb30068f0552,左回避 | target_deg=57.375,,180.83555245604634,85.20380331026779,208.14126108293445,142.72519305408755,138.19699389889763,0,37.4,83.65153829617552,1
37.45,901.2137332111146,172.87685728699788,-38.28818996061824,14.000001699073982,32.0,17.5,100.0,396,540,375,435,17.5,NEUTRAL,program,sonic_drive_three_laps.py,function,ec959a186dbd8278df967871b3a34262848e2c5ecc08c20aa12abb30068f0552,左回避 | target_deg=57.375,,182.5810240110057,84.4061780629637,201.56826021649746,141.95323886700126,138.18819987439917,0,37.45,83.08299939415068,1
37.5,900.7729805614263,173.42065037555736,-39.7624056227107,14.000001316169598,32.0,17.5,100.0,396,540,375,435,17.5,NEUTRAL,program,sonic_drive_three_laps.py,function,ec959a186dbd8278df967871b3a34262848e2c5ecc08c20aa12abb30068f0552,左回避 | target_deg=57.375,,186.8466631689982,104.71240853891932,196.2955669896577,141.14845157688933,136.8106329523641,0,37.5,82.51338314146358,1
37.55,900.3151871763101,173.95735718221485,-41.14703159177594,14.180289523279514,29.76,18.5,93.0,398,532,375,435,18.5,NEUTRAL,program,sonic_drive_three_laps.py,function,ec959a186dbd8278df967871b3a34262848e2c5ecc08c20aa12abb30068f0552,右壁追従 | target_deg=55.024,,190.5370407448417,132.6578029257759,190.69539621858536,140.42601989070067,135.53849553723086,0,37.55,81.9416112425967,1
37.6,899.8361902700415,174.4931159832391,-42.43348345728191,14.500236370238783,27.52,19.5,86.0,399,525,375,435,19.5,NEUTRAL,program,sonic_drive_three_laps.py,function,ec959a186dbd8278df967871b3a34262848e2c5ecc08c20aa12abb30068f0552,右壁追従 | target_deg=52.485,,192.850259818425,177.765161990951,185.34145581440933,139.7428538017445,136.26060899889464,0,37.6,81.36097852467553,1
37.65,899.3325395918005,175.03244367831996,-43.6321611866864,14.928368298034414,25.28,20.5,79.0,400,517,375,435,20.5,NEUTRAL,program,sonic_drive_three_laps.py,function,ec959a186dbd8278df967871b3a34262848e2c5ecc08c20aa12abb30068f0552,右壁追従 | target_deg=49.736,,197.2871405575649,250.0,180.76292728695134,139.13409550452135,136.0755167219329,0,37.65,80.76538913292059,1
37.7,898.8014097847195,175.57865141082257,-44.74818950604018,15.44030464873002,23.04,21.5,72.0,401,510,375,435,21.5,NEUTRAL,program,sonic_drive_three_laps.py,function,ec959a186dbd8278df967871b3a34262848e2c5ecc08c20aa12abb30068f0552,右壁追従 | target_deg=46.756,,198.8968962087479,249.6481935194566,177.7046665263916,138.22001364466527,135.577563179811,0,37.7,80.1499949196014,1
37.75,898.2405426992229,176.13418842171274,-45.78288234789193,16.017159204813122,20.8,22.5,65.0,403,503,375,435,22.5,NEUTRAL,program,sonic_drive_three_laps.py,function,ec959a186dbd8278df967871b3a34262848e2c5ecc08c20aa12abb30068f0552,右壁追従 | target_deg=43.521,,250.0,249.40310683972143,173.693787776603,137.49431236650238,134.37499532194477,0,37.75,79.51090884647697,1
37.8,897.648189664361,176.7009081195259,-46.73478486740652,16.644301958641627,18.56,23.5,58.0,404,495,375,435,23.5,NEUTRAL,program,sonic_drive_three_laps.py,function,ec959a186dbd8278df967871b3a34262848e2c5ecc08c20aa12abb30068f0552,右壁追従 | target_deg=40.010,,250.0,250.0,171.837581614818,137.1524416079875,136.18246684004166,0,37.8,78.84500843567388,1
37.85,897.0230593096265,177.2802761463817,-47.60041237058016,17.310399930307486,16.32,24.5,51.0,405,488,375,435,24.5,NEUTRAL,program,sonic_drive_three_laps.py,function,ec959a186dbd8278df967871b3a34262848e2c5ecc08c20aa12abb30068f0552,右壁追従 | target_deg=36.204,,250.0,249.6216263816985,168.45180784801116,135.11999644619382,135.259030346864,0,37.85,78.14980593528436,1
37.9,896.364273230545,177.87353479718473,-48.37477118239332,18.006674147390605,14.08,25.5,44.0,406,481,375,435,25.5,NEUTRAL,program,sonic_drive_three_laps.py,function,ec959a186dbd8278df967871b3a34262848e2c5ecc08c20aa12abb30068f0552,右壁追従 | target_deg=32.089,,250.0,249.19073482726915,167.58436481145688,135.43154351991166,135.11344810674495,0,37.9,77.42336958856488,1
37.95,895.6713302371485,178.48183431813217,-49.05172215699227,18.72632407222316,11.84,26.5,37.0,408,473,375,435,26.5,NEUTRAL,program,sonic_drive_three_laps.py,function,ec959a186dbd8278df967871b3a34262848e2c5ecc08c20aa12abb30068f0552,右壁追従 | target_deg=27.659,,250.0,250.0,165.45250344893395,135.7126450416544,135.23960666432376,0,37.95,76.66428575383598,1
38.0,894.9440792756218,179.10633886031115,-49.62423021750101,19.464081740588156,9.6,27.5,30.0,409,466,375,435,27.5,NEUTRAL,program,sonic_drive_three_laps.py,function,ec959a186dbd8278df967871b3a34262848e2c5ecc08c20aa12abb30068f0552,右壁追従 | target_deg=22.921,,249.0892312687677,250.0,165.74773636938627,134.66881334169145,136.20311410788392,0,38.0,75.87165548690773,1
38.05,894.1827009269956,179.74831285238224,-50.084530941463754,20.21586638000151,7.36,28.5,23.0,410,459,375,435,28.5,NEUTRAL,program,sonic_drive_three_laps.py,function,ec959a186dbd8278df967871b3a34262848e2c5ecc08c20aa12abb30068f0552,右壁追従 | target_deg=17.896,,249.2368758267219,249.9061092396902,164.86407750502252,135.033647115179,135.75845474253546,0,38.05,75.04512210464799,1
38.1,893.3876974307784,180.4091920530207,-50.42423633425216,20.978516863435637,5.12,29.5,16.0,411,451,375,435,29.5,NEUTRAL,program,sonic_drive_three_laps.py,function,ec959a186dbd8278df967871b3a34262848e2c5ecc08c20aa12abb30068f0552,右壁追従 | target_deg=12.626,,250.0,249.82544795412724,164.1778247121896,134.3314880469198,136.08086363322278,0,38.1,74.18492853498793,1
38.15,892.5598913358577,181.0906423914436,-50.63439554183816,21.749584457440296,2.88,30.5,9.0,413,444,375,435,30.5,NEUTRAL,program,sonic_drive_three_laps.py,function,ec959a186dbd8278df967871b3a34262848e2c5ecc08c20aa12abb30068f0552,右壁追従 | target_deg=7.168,,250.0,250.0,163.9947184448269,133.58647926852765,134.9215776162256,0,38.15,73.2920051398939,1
38.2,891.7004330847515,181.7946087921694,-50.70552162901748,22.527172276677454,0.64,31.5,2.0,414,437,375,435,31.5,NEUTRAL,program,sonic_drive_three_laps.py,function,ec959a186dbd8278df967871b3a34262848e2c5ecc08c20aa12abb30068f0552,右壁追従 | target_deg=1.600,,250.0,249.55996313769623,163.918965995487,132.6843550700693,135.90661015628913,0,38.2,72.3680903030322,1
38.25,890.8104510945391,182.52290739549306,-50.70552162901748,23.309810919083233,0.0,32.5,0.0,415,435,375,435,32.5,NEUTRAL,program,sonic_drive_three_laps.py,function,ec959a186dbd8278df967871b3a34262848e2c5ecc08c20aa12abb30068f0552,右壁追従 | target_deg=0.000,,249.37004397345433,249.76550353041193,164.95287815327623,131.76287197694586,135.85130929708217,0,38.25,71.41601892630757,1
38.3,889.8900934096896,183.27606332876542,-50.70552162901748,24.09636212796808,0.0,33.5,0.0,416,435,375,435,33.5,NEUTRAL,program,sonic_drive_three_laps.py,function,ec959a186dbd8278df967871b3a34262848e2c5ecc08c20aa12abb30068f0552,右壁追従 | target_deg=0.000,,250.0,250.0,165.49880608698732,131.328526295698,136.16800333491082,0,38.3,70.43745246107352,1
38.35,888.9392292409942,184.05418362066706,-50.70552162901748,24.885944164886723,0.0,34.5,0.0,418,435,375,435,34.5,NEUTRAL,program,sonic_drive_three_laps.py,function,ec959a186dbd8278df967871b3a34262848e2c5ecc08c20aa12abb30068f0552,右壁追従 | target_deg=0.000,,249.39324176449355,250.0,166.24283359767978,130.66438452981683,136.23096682461804,0,38.35,69.43311866414943,1
38.4,887.9598641053743,184.85562709734407,-50.70552162901748,25.58772974866372,0.0,35.0,0.0,418,435,375,435,35.0,NEUTRAL,program,sonic_drive_three_laps.py,function,ec959a186dbd8278df967871b3a34262848e2c5ecc08c20aa12abb30068f0552,右壁追従 | target_deg=0.000,,250.0,249.4392145081405,167.29023680612178,129.10379816354802,136.25623797407818,0,38.4,68.40606706798533,1
38.45,886.9570396926342,185.6762679948111,-50.70552162901748,26.131360491399047,0.0,35.0,0.0,418,435,375,435,35.0,NEUTRAL,program,sonic_drive_three_laps.py,function,ec959a186dbd8278df967871b3a34262848e2c5ecc08c20aa12abb30068f0552,右壁追従 | target_deg=0.000,,250.0,249.12373213600398,169.157328060051,129.48773626449494,135.75204320324062,0,38.45,67.36252218911928,1
38.5,885.936042800237,186.51177997023117,-50.70552162901748,26.552478267652592,0.0,35.0,0.0,418,435,375,435,35.0,NEUTRAL,program,sonic_drive_three_laps.py,function,ec959a186dbd8278df967871b3a34262848e2c5ecc08c20aa12abb30068f0552,右壁追従 | target_deg=0.000,,249.99082098665528,250.0,169.33719333866054,127.8507767593268,136.34122155839907,0,38.5,66.3088782678065,1
38.55,884.9009687896405,187.3588116681132,-50.70552162901748,26.878692676691394,0.0,35.0,0.0,418,435,375,435,35.0,NEUTRAL,program,sonic_drive_three_laps.py,function,ec959a186dbd8278df967871b3a34262848e2c5ecc08c20aa12abb30068f0552,右壁追従 | target_deg=0.000,,249.85664139871446,250.0,170.9809229309546,128.08921693635696,136.24447791913101,0,38.55,65.250205096091,1
38.6,883.8549900890658,188.21476699654963,-50.70552162901748,27.131391201107196,0.0,35.0,0.0,418,435,375,435,35.0,NEUTRAL,program,sonic_drive_three_laps.py,function,ec959a186dbd8278df967871b3a34262848e2c5ecc08c20aa12abb30068f0552,右壁追従 | target_deg=0.000,,250.0,249.79087573024773,172.6417633382655,126.40826609734496,136.1468577859366,0,38.6,64.19055543556846,1
38.65,882.8005641863126,189.07763492054,-50.70552162901748,27.32714142694817,0.0,35.0,0.0,418,435,375,435,35.0,NEUTRAL,program,sonic_drive_three_laps.py,function,ec959a186dbd8278df967871b3a34262848e2c5ecc08c20aa12abb30068f0552,右壁追従 | target_deg=0.000,,250.0,250.0,172.65931075487444,125.35702660793837,136.85272515808109,0,38.65,63.13320367992226,1
38.7,881.7395947481826,189.94585761319772,-50.70552162901748,27.47877725863883,0.0,35.0,0.0,418,435,375,435,35.0,NEUTRAL,program,sonic_drive_three_laps.py,function,ec959a186dbd8278df967871b3a34262848e2c5ecc08c20aa12abb30068f0552,右壁追従 | target_deg=0.000,,249.7924032527977,250.0,174.15892184305645,125.62528920069333,135.7734974992144,0,38.7,62.08083106007888,1
38.75,880.6735564299286,190.81822832048422,-50.70552162901748,27.596240343821655,0.0,35.0,0.0,418,435,375,435,35.0,NEUTRAL,program,sonic_drive_three_laps.py,function,ec959a186dbd8278df967871b3a34262848e2c5ecc08c20aa12abb30068f0552,右壁追従 | target_deg=0.000,,249.05053868832454,249.2976378261053,176.35614190502653,123.40988318014797,136.09293792616324,0,38.75,61.03566934273039,1
38.8,879.6035915575669,191.69381224321103,-50.70552162901748,27.687231874166653,0.0,35.0,0.0,418,435,375,435,35.0,NEUTRAL,program,sonic_drive_three_laps.py,function,ec959a186dbd8278df967871b3a34262848e2c5ecc08c20aa12abb30068f0552,右壁追従 | target_deg=0.000,,249.73970862999315,249.65625325225082,176.56737180595906,122.9614397680557,136.04855546758415,0,38.8,59.99961233286007,1
38.85,878.5316652762963,192.57018421078934,-50.75785289352774,27.694369790616506,0.6425024426305309,34.64863147668643,2.007820133220409,418,437,375,435,34.64863147668643,NEUTRAL,program,sonic_drive_three_laps.py,function,ec959a186dbd8278df967871b3a34262848e2c5ecc08c20aa12abb30068f0552,右壁追従 | target_deg=1.606,,249.76202481092201,250.0,178.1002029821229,122.51486682830237,137.03864800491687,0,38.85,58.97331665173227,1
38.9,877.4587265594554,193.4457299835826,-50.811475832832315,27.698347902563185,0.6582354394721374,34.64002749403868,2.0569857483504292,418,437,375,435,34.64002749403868,NEUTRAL,program,sonic_drive_three_laps.py,function,ec959a186dbd8278df967871b3a34262848e2c5ecc08c20aa12abb30068f0552,右壁追従 | target_deg=1.645,,249.9315913671908,250.0,179.4322138761389,120.73605465069551,137.1599715484404,0,38.9,57.95978362707645,1
38.95,876.3848563342011,194.32034721065585,-50.86610451852681,27.700218834473876,0.6705146305088188,34.63331231144049,2.0953582203400587,418,437,375,435,34.63331231144049,NEUTRAL,program,sonic_drive_three_laps.py,function,ec959a186dbd8278df967871b3a34262848e2c5ecc08c20aa12abb30068f0552,右壁追従 | target_deg=1.676,,248.7919839964314,59.22138583171474,178.84618959035276,119.78291121439743,136.055117307882,0,38.95,56.95975419935047,1
39.0,875.3101191962985,195.19394541715934,-50.92214369677097,27.699962804181688,0.687810873166136,34.62385342873727,2.149408978644175,418,437,375,435,34.62385342873727,NEUTRAL,program,sonic_drive_three_laps.py,function,ec959a186dbd8278df967871b3a34262848e2c5ecc08c20aa12abb30068f0552,右壁追従 | target_deg=1.719,,249.78147212990027,58.520191020981535,180.1879913329197,119.23346744875673,135.9547553830628,0,39.0,55.97395353790997,1
39.05,874.2345546496817,196.06645713149004,-50.97904377958497,27.698720648864683,0.6983978325073203,34.61806368534756,2.1824932265853763,418,437,375,435,34.61806368534756,NEUTRAL,program,sonic_drive_three_laps.py,function,ec959a186dbd8278df967871b3a34262848e2c5ecc08c20aa12abb30068f0552,右壁追従 | target_deg=1.746,,249.22247291931487,56.66157588305142,181.1452636663247,119.00173384622799,136.733305221988,0,39.05,55.003160595314405,1
39.1,873.1581911985448,196.93782713408478,-51.03715698303478,27.696285512286607,0.7133368258654437,34.60989392335483,2.2291775808295116,418,437,375,435,34.60989392335483,NEUTRAL,program,sonic_drive_three_laps.py,function,ec959a186dbd8278df967871b3a34262848e2c5ecc08c20aa12abb30068f0552,右壁追従 | target_deg=1.783,,249.11376444467297,56.12451001259078,181.88022780933534,117.49374740271533,136.22130454616237,0,39.1,54.04813453688838,1
39.15,872.0810463283145,197.80800791263184,-51.09622236587961,27.69323966747502,0.7250969445980328,34.60346260842295,2.265927951868852,418,437,375,435,34.60346260842295,NEUTRAL,program,sonic_drive_three_laps.py,function,ec959a186dbd8278df967871b3a34262848e2c5ecc08c20aa12abb30068f0552,右壁追従 | target_deg=1.812,,249.6087376989533,54.82092521023436,182.8389722124331,116.4629309498531,136.6738703095292,0,39.15,53.109692779138754,1
39.2,871.0031488072095,198.67693126663318,-51.15725930935858,27.6884832990526,0.7494078165327046,34.59016760033368,2.341899426664702,418,437,375,435,34.59016760033368,NEUTRAL,program,sonic_drive_three_laps.py,function,ec959a186dbd8278df967871b3a34262848e2c5ecc08c20aa12abb30068f0552,右壁追従 | target_deg=1.873,,250.0,55.48660361296175,185.2797858970868,115.15983245473208,136.6917984344449,0,39.2,52.188611951187085,1
39.25,869.9244948376771,199.54456412539565,-51.218690087983816,27.68431030002043,0.7543627070175121,34.587457894599794,2.3573834594297254,418,437,375,435,34.587457894599794,NEUTRAL,program,sonic_drive_three_laps.py,function,ec959a186dbd8278df967871b3a34262848e2c5ecc08c20aa12abb30068f0552,右壁追従 | target_deg=1.885,,250.0,74.894587465472,185.24160975904036,115.47936763353734,137.73726668944525,0,39.25,51.285852899361956,1
39.3,868.8450765313172,200.4108892634694,-51.28128687562656,27.679653943723263,0.7688034289242814,34.57956062480704,2.4025107153883796,418,437,375,435,34.57956062480704,NEUTRAL,program,sonic_drive_three_laps.py,function,ec959a186dbd8278df967871b3a34262848e2c5ecc08c20aa12abb30068f0552,右壁追従 | target_deg=1.921,,250.0,82.72969686150624,186.18173827195164,114.57115467435587,137.09201999477625,0,39.3,50.402257901013094,1
39.35,867.7649013219597,201.27586002154496,-51.34538865349984,27.674210343047466,0.7874311345301703,34.56937359830381,2.4607222954067822,418,437,375,435,34.56937359830381,NEUTRAL,program,sonic_drive_three_laps.py,function,ec959a186dbd8278df967871b3a34262848e2c5ecc08c20aa12abb30068f0552,右壁追従 | target_deg=1.968,,250.0,89.17726076799293,187.12754325869147,112.96303134304588,136.57219666406007,0,39.35,49.53873786457355,1
39.4,866.6839699357064,202.13943361262335,-51.41076342611197,27.66843577908941,0.8032304367854217,34.56073335488298,2.510095114954443,418,437,375,435,34.56073335488298,NEUTRAL,program,sonic_drive_three_laps.py,function,ec959a186dbd8278df967871b3a34262848e2c5ecc08c20aa12abb30068f0552,右壁追従 | target_deg=2.007,,249.5945204938835,95.83734465921047,187.7776380537194,112.26244026334568,136.4384354510696,0,39.4,48.6962798424667,1
39.45,865.6022877575435,203.0015588244022,-51.47795748850265,27.661740370670252,0.8257690809546303,34.54840753385294,2.5805283779832195,418,437,375,435,34.54840753385294,NEUTRAL,program,sonic_drive_three_laps.py,function,ec959a186dbd8278df967871b3a34262848e2c5ecc08c20aa12abb30068f0552,右壁追従 | target_deg=2.064,,250.0,103.00596220910515,189.80610664281767,110.51898263543241,136.57311257080698,0,39.45,47.87583860638962,1
39.5,864.5198393182156,203.86220825985075,-51.54596749073471,27.655546290787708,0.8359881600704889,34.54281897496145,2.612463000220278,418,437,375,435,34.54281897496145,NEUTRAL,program,sonic_drive_three_laps.py,function,ec959a186dbd8278df967871b3a34262848e2c5ecc08c20aa12abb30068f0552,右壁追従 | target_deg=2.089,,249.53017485246872,108.81823467831029,189.96718923614998,110.42601615283942,136.98231688679311,0,39.5,47.078538105119975,1
39.55,863.4365695052647,204.7214216730845,-51.61348097687102,27.65133499703843,0.8300357005028951,34.54607422628748,2.593861564071547,418,437,375,435,34.54607422628748,NEUTRAL,program,sonic_drive_three_laps.py,function,ec959a186dbd8278df967871b3a34262848e2c5ecc08c20aa12abb30068f0552,右壁追従 | target_deg=2.074,,250.0,115.4107313243415,190.0291214124956,110.48045942131962,138.58037323517826,0,39.55,46.30557927845784,1
39.6,862.3524714476886,205.5791835801017,-51.682899730178036,27.645748255349083,0.8536119595062033,34.533180959645044,2.6675373734568852,418,437,375,435,34.533180959645044,NEUTRAL,program,sonic_drive_three_laps.py,function,ec959a186dbd8278df967871b3a34262848e2c5ecc08c20aa12abb30068f0552,右壁追従 | target_deg=2.133,,250.0,121.54099750580654,192.41908921867937,109.12425191780184,137.37122335227946,0,39.6,45.55783150991634,1
39.65,861.2675552248744,206.43543552552524,-51.75374958639122,27.63966748031871,0.8713923750223626,34.52345729490965,2.723101171944883,418,437,375,435,34.52345729490965,NEUTRAL,program,sonic_drive_three_laps.py,function,ec959a186dbd8278df967871b3a34262848e2c5ecc08c20aa12abb30068f0552,右壁追従 | target_deg=2.178,,250.0,128.21397920911605,192.68691687427093,108.16468626147008,136.94498425727988,0,39.65,44.83648749568063,1
39.7,860.1818094729456,207.29014983600175,-51.825614000374514,27.633708035366276,0.8840607022387617,34.51652930346317,2.7626896944961303,418,437,375,435,34.51652930346317,NEUTRAL,program,sonic_drive_three_laps.py,function,ec959a186dbd8278df967871b3a34262848e2c5ecc08c20aa12abb30068f0552,右壁追従 | target_deg=2.209,,250.0,132.80169631606148,193.46411992213413,106.779453043583,137.29840649576298,0,39.7,44.142758855768406,1
39.75,859.0952018982684,208.14333260004176,-51.89778271922398,27.628705537296103,0.8879764820035393,34.514387861404316,2.7749265062610604,418,437,375,435,34.514387861404316,NEUTRAL,program,sonic_drive_three_laps.py,function,ec959a186dbd8278df967871b3a34262848e2c5ecc08c20aa12abb30068f0552,右壁追従 | target_deg=2.219,,249.52919274085232,138.62816848126863,193.81998598558303,107.25096075406464,138.03958154444516,0,39.75,43.477923811384095,1
39.8,858.0077366012778,208.99494427007656,-51.97207638203386,27.622233782933282,0.9143126567859363,34.49998526582019,2.857227052456051,418,438,375,435,34.49998526582019,NEUTRAL,program,sonic_drive_three_laps.py,function,ec959a186dbd8278df967871b3a34262848e2c5ecc08c20aa12abb30068f0552,右壁追従 | target_deg=2.285,,249.84831788778203,143.92604910138328,195.81153699949127,105.6737202567111,136.77120719395865,0,39.8,42.84295191899619,1
39.85,856.9194246583962,209.8449191121195,-52.04804048552148,27.615171187141403,0.9350978319110606,34.48861837317364,2.922180724722064,418,438,375,435,34.48861837317364,NEUTRAL,program,sonic_drive_three_laps.py,function,ec959a186dbd8278df967871b3a34262848e2c5ecc08c20aa12abb30068f0552,右壁追従 | target_deg=2.337,,250.0,149.55233536784934,196.34683229829065,105.18417669717255,136.40701337675114,0,39.85,42.23910404893997,1
39.9,855.8302312713473,210.69325747679443,-52.124160097879184,27.6094906841032,0.9372230684395878,34.4874561344471,2.9288220888737118,418,438,375,435,34.4874561344471,NEUTRAL,program,sonic_drive_three_laps.py,function,ec959a186dbd8278df967871b3a34262848e2c5ecc08c20aa12abb30068f0552,右壁追従 | target_deg=2.342,,249.9282924394429,154.58849859492096,195.28395964030747,103.9303826807312,136.55453438862767,0,39.9,41.66780650297053,1
39.95,854.7401720498499,211.53989930878078,-52.20333526710556,27.601356803747038,0.975090390595386,34.46674744264315,3.0471574706105815,418,438,375,435,34.46674744264315,NEUTRAL,program,sonic_drive_three_laps.py,function,ec959a186dbd8278df967871b3a34262848e2c5ecc08c20aa12abb30068f0552,右壁追従 | target_deg=2.436,,250.0,161.27952618315405,197.87116748262463,103.73698213101711,134.20216877105457,0,39.95,41.12981663743193,1
40.0,853.6492952186129,212.38471072338947,-52.28587368812691,27.590938408772413,1.0168527468268271,34.44390865407908,3.177664833833835,418,438,375,435,34.44390865407908,NEUTRAL,program,sonic_drive_three_laps.py,function,ec959a186dbd8278df967871b3a34262848e2c5ecc08c20aa12abb30068f0552,右壁追従 | target_deg=2.541,,249.64005686252784,164.30383834913306,198.90024388526126,102.85127145211086,132.34071695536878,0,40.0,40.62621758856288,1
40.05,852.5576134066525,213.22759481988749,-52.3708911079913,27.579816822874008,1.0477983165875562,34.426985295616184,3.2743697393361133,418,438,375,435,34.426985295616184,NEUTRAL,program,sonic_drive_three_laps.py,function,ec959a186dbd8278df967871b3a34262848e2c5ecc08c20aa12abb30068f0552,右壁追従 | target_deg=2.618,,250.0,169.8144161402526,199.8924970385926,100.99852672515615,132.17750983581632,0,40.05,40.1582429898014,1
40.1,851.4651119949015,214.06849355199023,-52.45812536462722,27.568465184803582,1.0755523824866464,34.41180729082761,3.36110119527077,418,438,375,435,34.41180729082761,NEUTRAL,program,sonic_drive_three_laps.py,function,ec959a186dbd8278df967871b3a34262848e2c5ecc08c20aa12abb30068f0552,右壁追従 | target_deg=2.687,,250.0,173.1304187331889,199.74429625477342,101.91241911055101,130.52441781995353,0,40.1,39.726988966329515,1
40.15,850.371770070464,214.90735782586285,-52.54758050244885,27.556927432771957,1.1033866397690413,34.39658543137631,3.448083249278254,417,438,375,435,34.39658543137631,NEUTRAL,program,sonic_drive_three_laps.py,function,ec959a186dbd8278df967871b3a34262848e2c5ecc08c20aa12abb30068f0552,右壁追従 | target_deg=2.757,,249.7684133805331,177.0868416389558,200.80599653278216,100.6687312414031,129.8407045043748,0,40.15,39.333454469085034,1
40.2,849.2775843960036,215.7441119726004,-52.64012519424708,27.544183429213454,1.1419930189412104,34.37547256776653,3.5687281841912823,417,438,375,435,34.37547256776653,NEUTRAL,program,sonic_drive_three_laps.py,function,ec959a186dbd8278df967871b3a34262848e2c5ecc08c20aa12abb30068f0552,右壁追従 | target_deg=2.853,,249.58915245634827,182.17297629903803,202.0899496766003,99.46366313776697,127.93633625737877,0,40.2,38.97839979229527,1
40.25,848.1825428423597,216.57868303792637,-52.73518307203463,27.531200465292173,1.1735458191548764,34.358217130149676,3.667330684858989,417,438,375,435,34.358217130149676,NEUTRAL,program,sonic_drive_three_laps.py,function,ec959a186dbd8278df967871b3a34262848e2c5ecc08c20aa12abb30068f0552,右壁追従 | target_deg=2.932,,250.0,185.72277484882989,202.43794976766802,97.92909096464344,126.82003264952407,0,40.25,38.66277185641869,1
40.3,847.0866266413764,217.41100855701788,-52.83299030315105,27.51774037968457,1.2080603594718466,34.33934199091384,3.775188623349521,417,438,375,435,34.33934199091384,NEUTRAL,program,sonic_drive_three_laps.py,function,ec959a186dbd8278df967871b3a34262848e2c5ecc08c20aa12abb30068f0552,右壁追従 | target_deg=3.018,,250.0,188.9012559358899,203.5529765870844,98.89675997605555,125.56470217528764,0,40.3,38.38727349837016,1
40.35,845.9898136918256,218.24102750359214,-52.93339886691746,27.504086427266444,1.2407925584819048,34.32144156958021,3.8774767452559527,417,439,375,435,34.32144156958021,NEUTRAL,program,sonic_drive_three_laps.py,function,ec959a186dbd8278df967871b3a34262848e2c5ecc08c20aa12abb30068f0552,右壁追従 | target_deg=3.099,,249.87016884045724,193.29170290450227,204.98788499426658,96.01923931078021,125.08214857664198,0,40.35,38.152583840946626,1
40.4,844.8920749707389,219.06868849517952,-53.036277342542846,27.490439004945202,1.2719353612437596,34.30441034931982,3.974798003886749,417,439,375,435,34.30441034931982,NEUTRAL,program,sonic_drive_three_laps.py,function,ec959a186dbd8278df967871b3a34262848e2c5ecc08c20aa12abb30068f0552,右壁追従 | target_deg=3.177,,249.9628833374815,197.6797872289616,204.85085201158523,96.91798409704431,123.1131018558724,0,40.4,37.95927534749402,1
40.45,843.7933731574082,219.89395286801434,-53.141334410968,27.477149849310546,1.2994957589183342,34.28933825684154,4.060924246619795,417,439,375,435,34.28933825684154,NEUTRAL,program,sonic_drive_three_laps.py,function,ec959a186dbd8278df967871b3a34262848e2c5ecc08c20aa12abb30068f0552,右壁追従 | target_deg=3.246,,250.0,199.35908634824767,205.39006821059226,94.49576693241356,122.18766980308479,0,40.45,37.807848395572194,1
40.5,842.6936880945874,220.7167612102925,-53.24939199731361,27.463131678459053,1.3372649895467519,34.26868320884162,4.178953092333599,417,439,375,435,34.26868320884162,NEUTRAL,program,sonic_drive_three_laps.py,function,ec959a186dbd8278df967871b3a34262848e2c5ecc08c20aa12abb30068f0552,右壁追従 | target_deg=3.340,,250.0,202.69449706553024,207.63880215248236,95.12159840808107,121.34095204763369,0,40.5,37.69842069027204,1
40.55,841.5929811357021,221.53707340495518,-53.35927439064119,27.449981043905314,1.3605075587360307,34.255972428816236,4.251586121050096,417,439,375,435,34.255972428816236,NEUTRAL,program,sonic_drive_three_laps.py,function,ec959a186dbd8278df967871b3a34262848e2c5ecc08c20aa12abb30068f0552,右壁追従 | target_deg=3.398,,250.0,205.99526490364107,206.74041180135563,93.81582255559196,120.0355913809964,0,40.55,37.631447259663695,1
40.6,840.4912151022058,222.35485690172348,-53.47157901334265,27.436772393946477,1.3911545717289562,34.23921234358573,4.347358036652988,417,439,375,435,34.23921234358573,NEUTRAL,program,sonic_drive_three_laps.py,function,ec959a186dbd8278df967871b3a34262848e2c5ecc08c20aa12abb30068f0552,右壁追従 | target_deg=3.474,,249.03703559765503,205.34805567200158,208.10244408952295,92.75300732439828,118.94918231370956,0,40.6,37.600364119507695,1
40.65,839.3883700656402,223.17005304295753,-53.586605277981974,27.423148871158723,1.4255536084396292,34.22040037038458,4.454855026373841,417,439,375,435,34.22040037038458,NEUTRAL,program,sonic_drive_three_laps.py,function,ec959a186dbd8278df967871b3a34262848e2c5ecc08c20aa12abb30068f0552,右壁追従 | target_deg=3.560,,250.0,204.4709067577574,209.02457728515782,92.63336487079856,117.451289248815,0,40.65,37.57498128730325,1
40.7,838.284422931916,223.9826045337746,-53.704134083592464,27.40946743588236,1.4572804649967908,34.20304974570488,4.554001453114971,417,439,375,435,34.20304974570488,NEUTRAL,program,sonic_drive_three_laps.py,function,ec959a186dbd8278df967871b3a34262848e2c5ecc08c20aa12abb30068f0552,右壁追従 | target_deg=3.639,,250.0,203.83747122298774,209.79881024649555,90.73776376548439,116.43494845471595,0,40.7,37.55165022256554,1
40.75,837.1793405121939,224.79246889453086,-53.82389788638167,27.396065980091798,1.4857126324529295,34.187500904127305,4.642851976415405,417,439,375,435,34.187500904127305,NEUTRAL,program,sonic_drive_three_laps.py,function,ec959a186dbd8278df967871b3a34262848e2c5ecc08c20aa12abb30068f0552,右壁追従 | target_deg=3.710,,250.0,215.63229728958967,209.8603722300117,90.86314532717307,114.95666556689304,0,40.75,37.530523356251756,1
40.8,836.0701437781271,225.60322236132734,-53.836958126592776,27.532168931087423,0.0,35.0,0.0,418,435,375,435,35.0,NEUTRAL,program,sonic_drive_three_laps.py,function,ec959a186dbd8278df967871b3a34262848e2c5ecc08c20aa12abb30068f0552,右壁追従 | target_deg=0.000,,250.0,218.57381429053862,39.81022012599444,89.19630865393646,113.85290266736372,0,40.8,37.52839662477436,1
40.85,834.956180612541,226.41741721898794,-53.836958126592776,27.637599635348987,0.0,35.0,0.0,418,435,375,435,35.0,NEUTRAL,program,sonic_drive_three_laps.py,function,ec959a186dbd8278df967871b3a34262848e2c5ecc08c20aa12abb30068f0552,右壁追従 | target_deg=0.000,,249.8854472384438,222.97143727621577,38.11094525358189,87.9934972269218,112.99024492918721,0,40.85,37.528396624774274,1
40.9,833.84087622966,227.23350627049993,-53.77438312575656,27.641350889028196,-0.7902966984073566,34.56780649305848,-2.4696771825229895,418,432,375,435,34.56780649305848,NEUTRAL,program,sonic_drive_three_laps.py,function,ec959a186dbd8278df967871b3a34262848e2c5ecc08c20aa12abb30068f0552,右壁追従 | target_deg=-1.975,,250.0,229.0101453410474,36.8281043696454,87.50286640621168,112.45801990280695,0,40.9,37.53494777747779,1
40.95,832.7268753711929,228.05076894293603,-53.69595648665242,27.62704263973844,-0.9648904403000225,34.47232554046092,-3.0152826259375702,418,431,375,435,34.47232554046092,NEUTRAL,program,sonic_drive_three_laps.py,function,ec959a186dbd8278df967871b3a34262848e2c5ecc08c20aa12abb30068f0552,右壁追従 | target_deg=-2.411,,249.98763437118876,235.88703254741446,38.193542383545015,86.77404422767924,111.06718761782074,0,40.95,37.54120387950613,1
41.0,831.6146939831755,228.86912270241777,-53.612059161457594,27.60926376607482,-1.032795726946876,34.43518983682593,-3.2274866467089875,418,431,375,435,34.43518983682593,NEUTRAL,program,sonic_drive_three_laps.py,function,ec959a186dbd8278df967871b3a34262848e2c5ecc08c20aa12abb30068f0552,右壁追従 | target_deg=-2.581,,250.0,243.36211293285152,41.286118098632144,86.3149868352654,110.72395949919614,0,41.0,37.5457700753505,1
41.05,830.5043642759507,229.68863619854994,-53.527265048882555,27.59434348835266,-1.0444399179730994,34.42882191985846,-3.2638747436659354,418,431,375,435,34.42882191985846,NEUTRAL,program,sonic_drive_three_laps.py,function,ec959a186dbd8278df967871b3a34262848e2c5ecc08c20aa12abb30068f0552,右壁追従 | target_deg=-2.610,,250.0,250.0,42.63056154419438,85.43936856116153,108.74625431859084,0,41.05,37.54823312403232,1
41.1,829.3957326742453,230.50941932351407,-53.44342605804897,27.583900257904983,-1.0331350751491164,34.43500425577783,-3.2285471098409886,418,431,375,435,34.43500425577783,NEUTRAL,program,sonic_drive_three_laps.py,function,ec959a186dbd8278df967871b3a34262848e2c5ecc08c20aa12abb30068f0552,右壁追従 | target_deg=-2.581,,250.0,250.0,44.045696994212854,84.50373885196895,107.80286900246934,0,41.1,37.54854177896573,1
41.15,828.2886435533795,231.33156183481663,-53.36020517065316,27.576529863691942,-1.0258391551177433,34.43899421204498,-3.205747359742948,418,431,375,435,34.43899421204498,NEUTRAL,program,sonic_drive_three_laps.py,function,ec959a186dbd8278df967871b3a34262848e2c5ecc08c20aa12abb30068f0552,右壁追従 | target_deg=-2.563,,250.0,249.72070298418095,43.525953425016354,83.75561302540552,107.1157095745759,0,41.15,37.54673893988473,1
41.2,827.182933669388,232.1551450775759,-53.27894548099067,27.573185841655704,-1.0018483960797937,34.45211415839386,-3.1307762377493553,418,431,375,435,34.45211415839386,NEUTRAL,program,sonic_drive_three_laps.py,function,ec959a186dbd8278df967871b3a34262848e2c5ecc08c20aa12abb30068f0552,右壁追従 | target_deg=-2.503,,250.0,249.7702111470959,45.94393116669624,83.24571770708563,106.83250006656334,0,41.2,37.54292115545028,1
41.25,826.0784119478367,232.98024175753133,-53.20032989693789,27.573805633102538,-0.9692890005509566,34.469920077823694,-3.029028126721739,418,431,375,435,34.469920077823694,NEUTRAL,program,sonic_drive_three_laps.py,function,ec959a186dbd8278df967871b3a34262848e2c5ecc08c20aa12abb30068f0552,右壁追従 | target_deg=-2.422,,250.0,249.7462195420424,47.79924229197037,81.12063260106966,106.03604243611359,0,41.25,37.53724008199928,1
41.3,824.9749171983669,233.8068979747565,-53.12402561306523,27.577102439219477,-0.9407207831865816,34.485543321694834,-2.9397524474580674,418,431,375,435,34.485543321694834,NEUTRAL,program,sonic_drive_three_laps.py,function,ec959a186dbd8278df967871b3a34262848e2c5ecc08c20aa12abb30068f0552,右壁追従 | target_deg=-2.351,,250.0,249.81343172166947,47.79401738099861,80.52626291576519,104.53260575007967,0,41.3,37.52979979887941,1
41.35,823.8723385132743,234.63513316509494,-53.049679673446576,27.582050369908924,-0.9164387386021599,34.498822564826945,-2.8638710581317497,418,431,375,435,34.498822564826945,NEUTRAL,program,sonic_drive_three_laps.py,function,ec959a186dbd8278df967871b3a34262848e2c5ecc08c20aa12abb30068f0552,右壁追従 | target_deg=-2.290,,250.0,249.38677921127524,47.879041601120804,80.08168807333635,103.4085389484643,0,41.35,37.52067589338119,1
41.4,822.7705967267251,235.46495030049266,-52.977182485230074,27.588147766115558,-0.8934707588285488,34.511383178765634,-2.792096121339215,418,432,375,435,34.511383178765634,NEUTRAL,program,sonic_drive_three_laps.py,function,ec959a186dbd8278df967871b3a34262848e2c5ecc08c20aa12abb30068f0552,右壁追従 | target_deg=-2.233,,249.53638600777876,249.92619050257267,49.26172639072015,79.93419911542009,103.45031692051977,0,41.4,37.5099527126524,1
41.45,821.66957894385,236.2963597042046,-52.90786352075064,27.596755590388863,-0.8540719022769001,34.53292942844232,-2.668974694615313,418,432,375,435,34.53292942844232,NEUTRAL,program,sonic_drive_three_laps.py,function,ec959a186dbd8278df967871b3a34262848e2c5ecc08c20aa12abb30068f0552,右壁追従 | target_deg=-2.134,,250.0,249.71875272852543,51.01370864007399,78.49053523042654,101.55710693826946,0,41.45,37.497955797280426,1
41.5,820.5691765578696,237.12935781361801,-52.84112363918757,27.60658357972664,-0.8220213831473102,34.55045705609132,-2.5688168223353443,418,432,375,435,34.55045705609132,NEUTRAL,program,sonic_drive_three_laps.py,function,ec959a186dbd8278df967871b3a34262848e2c5ecc08c20aa12abb30068f0552,右壁追従 | target_deg=-2.054,,249.69007532438533,250.0,51.70687530721249,77.37036703295601,100.7760804296071,0,41.5,37.48472873888141,1
41.55,819.4693275127366,237.9639214326635,-52.776544184318226,27.616848617436727,-0.7951246558450414,34.56516620383474,-2.4847645495157544,418,432,375,435,34.56516620383474,NEUTRAL,program,sonic_drive_three_laps.py,function,ec959a186dbd8278df967871b3a34262848e2c5ecc08c20aa12abb30068f0552,右壁追従 | target_deg=-1.987,,249.51869775494134,250.0,52.630739814305066,77.27673023264728,100.38989111747048,0,41.55,37.47030942102518,1
41.6,818.3699449225996,238.8000350429327,-52.71528910334092,27.628865906466782,-0.753889549373544,34.58771665268634,-2.355904841792325,418,432,375,435,34.58771665268634,NEUTRAL,program,sonic_drive_three_laps.py,function,ec959a186dbd8278df967871b3a34262848e2c5ecc08c20aa12abb30068f0552,右壁追従 | target_deg=-1.884,,249.99214049845457,250.0,54.90116341141124,75.77450032703797,99.05098365189015,0,41.6,37.466297683351534,1
41.65,817.2709550653504,239.63766931257405,-52.656453669054045,27.64114221735845,-0.7237943377124952,34.60417497156348,-2.2618573053515476,418,432,375,435,34.60417497156348,NEUTRAL,program,sonic_drive_three_laps.py,function,ec959a186dbd8278df967871b3a34262848e2c5ecc08c20aa12abb30068f0552,右壁追従 | target_deg=-1.809,,249.709517616489,249.827784357235,55.28786875989388,75.14474113841442,98.35863480754819,0,41.65,37.50981796400221,1
41.7,816.1723089188064,240.4767870306217,-52.600222253031745,27.653840993956173,-0.691449351169106,34.6218636360794,-2.1607792224034563,418,432,375,435,34.6218636360794,NEUTRAL,program,sonic_drive_three_laps.py,function,ec959a186dbd8278df967871b3a34262848e2c5ecc08c20aa12abb30068f0552,右壁追従 | target_deg=-1.728,,250.0,250.0,57.04941541641855,74.13252511265516,97.9366715357956,0,41.7,37.603692541592075,1
41.75,815.0739452127171,241.31735314155748,-52.54688288730219,27.66721454221339,-0.6555797221995554,34.64147983942212,-2.0486866318736108,418,432,375,435,34.64147983942212,NEUTRAL,program,sonic_drive_three_laps.py,function,ec959a186dbd8278df967871b3a34262848e2c5ecc08c20aa12abb30068f0552,右壁追従 | target_deg=-1.639,,250.0,249.9205501501267,57.56515333887585,73.3972972374763,95.95683904436228,0,41.75,37.74758712306602,1
41.8,813.9739646474319,242.1599687882355,-52.54688288730219,27.742211282519676,0.0,35.0,0.0,418,435,375,435,35.0,NEUTRAL,program,sonic_drive_three_laps.py,function,ec959a186dbd8278df967871b3a34262848e2c5ecc08c20aa12abb30068f0552,右壁追従 | target_deg=0.000,,250.0,250.0,58.84847920970094,72.15379234943606,94.25663416993781,0,41.8,37.951331572164115,1
41.85,812.8714124660795,243.00455436420478,-52.54688288730219,27.800306710208588,0.0,35.0,0.0,418,435,375,435,35.0,NEUTRAL,program,sonic_drive_three_laps.py,function,ec959a186dbd8278df967871b3a34262848e2c5ecc08c20aa12abb30068f0552,右壁追従 | target_deg=0.000,,249.95342712441843,249.51459315555837,59.50059994792683,71.7414765227425,94.26376585388996,0,41.85,38.20189203242199,1
41.9,811.7668682096761,243.8506659249599,-52.54688288730219,27.845309715733546,0.0,35.0,0.0,418,435,375,435,35.0,NEUTRAL,program,sonic_drive_three_laps.py,function,ec959a186dbd8278df967871b3a34262848e2c5ecc08c20aa12abb30068f0552,右壁追従 | target_deg=0.000,,250.0,250.0,60.477077087708146,70.49987238833887,92.60494170028852,0,41.9,38.49857188920396,1
41.95,810.6607808135094,244.69795957360864,-52.54688288730219,27.880170815597097,0.0,35.0,0.0,418,435,375,435,35.0,NEUTRAL,program,sonic_drive_three_laps.py,function,ec959a186dbd8278df967871b3a34262848e2c5ecc08c20aa12abb30068f0552,右壁追従 | target_deg=0.000,,249.5138898788533,249.68614572901805,61.592565520975555,70.2979250813503,91.44623126322269,0,41.95,38.84048386147794,1
42.0,809.5534980405282,245.54616891407906,-52.54688288730219,27.90717559604499,0.0,35.0,0.0,418,435,375,435,35.0,NEUTRAL,program,sonic_drive_three_laps.py,function,ec959a186dbd8278df967871b3a34262848e2c5ecc08c20aa12abb30068f0552,右壁追従 | target_deg=0.000,,250.0,249.00307855675334,63.47142710945983,68.34750123466648,90.66125394917225,0,42.0,39.22658275402086,1
42.05,808.445289281604,246.39508758548556,-52.54688288730219,27.928094562167498,0.0,35.0,0.0,418,435,375,435,35.0,NEUTRAL,program,sonic_drive_three_laps.py,function,ec959a186dbd8278df967871b3a34262848e2c5ecc08c20aa12abb30068f0552,右壁追従 | target_deg=0.000,,249.41063565258685,250.0,64.36838350799694,68.05073641203072,89.50592017704736,0,42.05,39.65569454331319,1
42.1,807.3363632175123,247.24455573256182,-52.54688288730219,27.944299216912935,0.0,35.0,0.0,418,435,375,435,35.0,NEUTRAL,program,sonic_drive_three_laps.py,function,ec959a186dbd8278df967871b3a34262848e2c5ecc08c20aa12abb30068f0552,右壁追従 | target_deg=0.000,,249.51963262686203,249.5903997135697,64.79143912859524,67.06445689958564,88.78489600541418,0,42.1,40.12654242209512,1
42.15,806.2268815005968,248.09444952512493,-52.54688288730219,27.956851980461625,0.0,35.0,0.0,418,435,375,435,35.0,NEUTRAL,program,sonic_drive_three_laps.py,function,ec959a186dbd8278df967871b3a34262848e2c5ecc08c20aa12abb30068f0552,右壁追従 | target_deg=0.000,,250.0,249.65839020672027,65.29158055695514,66.35604546420419,88.08060137744508,0,42.15,40.637770201211204,1
42.2,805.1169693531282,248.94467303943995,-52.54688288730219,27.96657584531309,0.0,35.0,0.0,418,435,375,435,35.0,NEUTRAL,program,sonic_drive_three_laps.py,function,ec959a186dbd8278df967871b3a34262848e2c5ecc08c20aa12abb30068f0552,右壁追従 | target_deg=0.000,,249.49873294552896,250.0,66.78034742787689,65.05993504050558,86.71707114122968,0,42.2,41.18796331841808,1
42.25,804.0067237772067,249.79515196920528,-52.54688288730219,27.974108333858965,0.0,35.0,0.0,418,435,375,435,35.0,NEUTRAL,program,sonic_drive_three_laps.py,function,ec959a186dbd8278df967871b3a34262848e2c5ecc08c20aa12abb30068f0552,右壁追従 | target_deg=0.000,,249.09574622528237,249.79478141386565,67.09742948076102,64.30696094548865,85.71750629019266,0,42.25,41.77566761356056,1
42.3,802.8962199144786,250.64582875383417,-52.54688288730219,27.97994329604328,0.0,35.0,0.0,418,435,375,435,35.0,NEUTRAL,program,sonic_drive_three_laps.py,function,ec959a186dbd8278df967871b3a34262848e2c5ecc08c20aa12abb30068f0552,右壁追従 | target_deg=0.000,,249.74808062994563,249.64660460759671,69.7371474957878,63.50822477189843,83.90641757643306,0,42.3,42.39940598169162,1
42.35,801.7855159726209,251.49665880463002,-52.54688288730219,27.98446328747574,0.0,35.0,0.0,418,435,375,435,35.0,NEUTRAL,program,sonic_drive_three_laps.py,function,ec959a186dbd8278df967871b3a34262848e2c5ecc08c20aa12abb30068f0552,右壁追従 | target_deg=0.000,,249.78809678004603,249.9521386332879,70.61482558736778,63.00643262418339,83.96177527898519,0,42.35,43.05769299674074,1
42.4,800.6746570415926,252.34760758143292,-52.54688288730219,27.987964650792954,0.0,35.0,0.0,418,435,375,435,35.0,NEUTRAL,program,sonic_drive_three_laps.py,function,ec959a186dbd8278df967871b3a34262848e2c5ecc08c20aa12abb30068f0552,右壁追従 | target_deg=0.000,,250.0,249.91808015759122,72.73111017398155,61.4796009121135,82.43382389722727,0,42.4,43.74904759738996,1
42.45,799.5636780498505,253.19864832807517,-52.54688288730219,27.990676944668355,0.0,35.0,0.0,418,435,375,435,35.0,NEUTRAL,program,sonic_drive_three_laps.py,function,ec959a186dbd8278df967871b3a34262848e2c5ecc08c20aa12abb30068f0552,右壁追従 | target_deg=0.000,,249.60860208269165,250.0,72.82771944810742,61.77278207141896,81.43379775205116,0,42.45,44.4720039356482,1
42.5,798.4526060543528,254.04976031817586,-52.54688288730219,27.99277799428819,0.0,35.0,0.0,418,435,375,435,35.0,NEUTRAL,program,sonic_drive_three_laps.py,function,ec959a186dbd8278df967871b3a34262848e2c5ecc08c20aa12abb30068f0552,右壁追従 | target_deg=0.000,,250.0,249.7194725202292,74.19890663093273,59.684529757690655,80.44468790589828,0,42.5,45.22512050128747,1
42.55,797.3414620144846,254.90092749626436,-52.54688288730219,27.994405550042767,0.0,35.0,0.0,418,435,375,435,35.0,NEUTRAL,program,sonic_drive_three_laps.py,function,ec959a186dbd8278df967871b3a34262848e2c5ecc08c20aa12abb30068f0552,右壁追従 | target_deg=0.000,,250.0,250.0,75.12082366533699,58.75172899531891,79.13853976783759,0,42.55,46.00698764784944,1
42.6,796.2302621662104,255.75213742514092,-52.54688288730219,27.995666318807697,0.0,35.0,0.0,418,435,375,435,35.0,NEUTRAL,program,sonic_drive_three_laps.py,function,ec959a186dbd8278df967871b3a34262848e2c5ecc08c20aa12abb30068f0552,右壁追従 | target_deg=0.000,,249.8192264744396,250.0,76.16355916265069,59.11276126395023,78.65721543060884,0,42.6,46.81623365595406,1
42.65,795.1190190865476,256.6033804704611,-52.54688288730219,27.99664295992991,0.0,35.0,0.0,418,435,375,435,35.0,NEUTRAL,program,sonic_drive_three_laps.py,function,ec959a186dbd8278df967871b3a34262848e2c5ecc08c20aa12abb30068f0552,右壁追従 | target_deg=0.000,,250.0,249.32313175423275,76.58491485964524,56.9270824628183,77.53758232577502,0,42.65,47.65152947594297,1
42.7,794.0077425181495,257.4546491690823,-52.54688288730219,27.99739950459388,0.0,35.0,0.0,418,435,375,435,35.0,NEUTRAL,program,sonic_drive_three_laps.py,function,ec959a186dbd8278df967871b3a34262848e2c5ecc08c20aa12abb30068f0552,右壁追従 | target_deg=0.000,,249.88846245597077,249.36152849199718,78.28500576040396,56.872559607498324,75.73168320342893,0,42.7,48.51159229412165,1
42.75,792.8964400080583,258.30593773976045,-52.54688288730219,27.997985553876017,0.0,35.0,0.0,418,435,375,435,35.0,NEUTRAL,program,sonic_drive_three_laps.py,function,ec959a186dbd8278df967871b3a34262848e2c5ecc08c20aa12abb30068f0552,右壁追従 | target_deg=0.000,,250.0,248.988306981227,78.40786609195847,56.17206566030641,74.68583823077668,0,42.75,49.39518806524566,1
42.8,791.7851174025104,259.15724170411625,-52.54688288730219,27.99843953072292,0.0,35.0,0.0,418,435,375,435,35.0,NEUTRAL,program,sonic_drive_three_laps.py,function,ec959a186dbd8278df967871b3a34262848e2c5ecc08c20aa12abb30068f0552,右壁追従 | target_deg=0.000,,250.0,249.80755845916636,80.44281301251523,56.19451695945787,73.07260442395142,0,42.8,50.301133148963544,1
42.85,790.6737792302306,260.00855759302084,-52.54688288730219,27.99879119906176,0.0,35.0,0.0,418,435,375,435,35.0,NEUTRAL,program,sonic_drive_three_laps.py,function,ec959a186dbd8278df967871b3a34262848e2c5ecc08c20aa12abb30068f0552,右壁追従 | target_deg=0.000,,249.29182742435444,249.63567040957307,81.15993308228342,53.970449159955685,72.78383662247322,0,42.85,51.22829518038918,1
42.9,789.5624289993473,260.8598827191504,-52.54688288730219,27.999063615202328,0.0,35.0,0.0,418,435,375,435,35.0,NEUTRAL,program,sonic_drive_three_laps.py,function,ec959a186dbd8278df967871b3a34262848e2c5ecc08c20aa12abb30068f0552,右壁追従 | target_deg=0.000,,249.60599111907567,250.0,82.5800570763579,53.97019320925407,71.69427421316966,0,42.9,51.73803650321992,1
42.95,788.4510694273947,261.71121500079806,-52.54688288730219,27.99927463946993,0.0,35.0,0.0,418,435,375,435,35.0,NEUTRAL,program,sonic_drive_three_laps.py,function,ec959a186dbd8278df967871b3a34262848e2c5ecc08c20aa12abb30068f0552,右壁追従 | target_deg=0.000,,250.0,249.19248783704776,83.29693943275564,51.9210540303881,71.15497704851606,0,42.95,50.886704221572245,1
43.0,787.3397026194826,262.56255282539183,-52.54688288730219,27.999438107175713,0.0,35.0,0.0,418,435,375,435,35.0,NEUTRAL,program,sonic_drive_three_laps.py,function,ec959a186dbd8278df967871b3a34262848e2c5ecc08c20aa12abb30068f0552,右壁追従 | target_deg=0.000,,249.43067227541994,249.5385031834458,84.2574789226887,52.9876620241338,68.90585421280342,0,43.0,50.035366396978475,1
43.05,786.228330206311,263.4138949437698,-52.54688288730219,27.999564735696392,0.0,35.0,0.0,418,435,375,435,35.0,NEUTRAL,program,sonic_drive_three_laps.py,function,ec959a186dbd8278df967871b3a34262848e2c5ecc08c20aa12abb30068f0552,右壁追従 | target_deg=0.000,,250.0,250.0,86.80241202543903,50.957970774504666,68.10471558901509,0,43.05,49.18402427860053,1
43.1,785.1169534510849,264.26524038828205,-52.54688288730219,27.999662827133918,0.0,35.0,0.0,418,435,375,435,35.0,NEUTRAL,program,sonic_drive_three_laps.py,function,ec959a186dbd8278df967871b3a34262848e2c5ecc08c20aa12abb30068f0552,右壁追従 | target_deg=0.000,,249.96645541164398,249.71121325979428,86.27701105713592,50.54879171921145,67.07787334330641,0,43.1,48.332678834088256,1
43.15,784.0055733323325,265.1165884093489,-52.54688288730219,27.99973881262332,0.0,35.0,0.0,418,435,375,435,35.0,NEUTRAL,program,sonic_drive_three_laps.py,function,ec959a186dbd8278df967871b3a34262848e2c5ecc08c20aa12abb30068f0552,右壁追従 | target_deg=0.000,,250.0,250.0,88.14395850646733,50.11034281402155,66.73960599484342,0,43.15,47.48133081302143,1
43.2,782.89419060806,265.9679384263164,-52.54688288730219,27.999797673974985,0.0,35.0,0.0,418,435,375,435,35.0,NEUTRAL,program,sonic_drive_three_laps.py,function,ec959a186dbd8278df967871b3a34262848e2c5ecc08c20aa12abb30068f0552,右壁追従 | target_deg=0.000,,249.52104330520183,250.0,87.57016047313564,49.10240988078642,65.74194648326828,0,43.2,46.62998079605393,1
43.25,781.787201801079,266.81405863087474,-52.69328277788895,27.778989853235036,2.24,33.775,7.0,417,442,375,435,33.775,NEUTRAL,program,sonic_drive_three_laps.py,function,ec959a186dbd8278df967871b3a34262848e2c5ecc08c20aa12abb30068f0552,右壁追従 | target_deg=5.585,,249.46312582783446,250.0,88.93027868326104,48.11837966491335,63.882316384131514,0,43.25,45.796773884245795,1
43.3,780.6896471756979,267.64581093523003,-53.019868681418615,27.387090004949105,4.48,32.55,14.0,415,449,375,435,32.55,NEUTRAL,program,sonic_drive_three_laps.py,function,ec959a186dbd8278df967871b3a34262848e2c5ecc08c20aa12abb30068f0552,右壁追従 | target_deg=11.083,,249.84212319303182,249.89571764039854,90.41855403161236,47.15988174443218,62.866694863213866,0,43.3,44.99421493283319,1
43.35,779.6050258387253,268.4554972862763,-53.52063117033072,26.862655536173627,6.72,31.325,21.0,414,457,375,435,31.325,NEUTRAL,program,sonic_drive_three_laps.py,function,ec959a186dbd8278df967871b3a34262848e2c5ecc08c20aa12abb30068f0552,右壁追従 | target_deg=16.413,,249.95749948038295,250.0,91.08297406552303,45.53652379342783,61.863771086289184,0,43.35,44.23032666482288,1
43.4,778.5337770913867,269.23874587368334,-54.14102312504039,26.33020599688743,8.0,30.625,25.0,413,461,375,435,30.625,NEUTRAL,program,sonic_drive_three_laps.py,function,ec959a186dbd8278df967871b3a34262848e2c5ecc08c20aa12abb30068f0552,右壁追従 | target_deg=19.359,,250.0,249.40746288954594,92.01136547207456,45.91811732344418,60.24854987325942,0,43.4,43.50555027660516,1
43.45,777.5460496817999,269.9437604906352,-54.84505006122228,22.920453246643113,10.24,14.0,32.0,392,468,375,435,14.0,NEUTRAL,program,sonic_drive_three_laps.py,function,ec959a186dbd8278df967871b3a34262848e2c5ecc08c20aa12abb30068f0552,仕切り端：検出側から離れて通過 | target_deg=24.305,,250.0,248.93113598539506,92.30372546119999,44.28054205014275,58.86482982199083,0,43.45,42.869205767276185,1
43.5,776.6703190160541,270.5520187504317,-55.60952419778124,20.279124523156298,12.48,14.0,39.0,392,475,375,435,14.0,NEUTRAL,program,sonic_drive_three_laps.py,function,ec959a186dbd8278df967871b3a34262848e2c5ecc08c20aa12abb30068f0552,仕切り端：検出側から離れて通過 | target_deg=28.957,,249.5366173648477,250.0,91.33040062463044,44.39819575851867,56.63626635890407,0,43.5,42.33828950988851,1
43.55,775.8808710979566,271.08434823335824,-56.42466765938019,18.233047303916102,14.72,14.0,46.0,392,483,375,435,14.0,NEUTRAL,program,sonic_drive_three_laps.py,function,ec959a186dbd8278df967871b3a34262848e2c5ecc08c20aa12abb30068f0552,仕切り端：検出側から離れて通過 | target_deg=33.297,,249.8373240730156,250.0,91.17998953991587,43.26602343403286,56.80109473575632,0,43.55,41.89159702101739,1
43.6,775.1577112246351,271.5567192204478,-57.28672210273476,16.64772404854906,16.96,13.998051530923718,53.0,392,490,375,435,13.998051530923718,NEUTRAL,program,sonic_drive_three_laps.py,function,ec959a186dbd8278df967871b3a34262848e2c5ecc08c20aa12abb30068f0552,仕切り端：検出側から離れて通過 | target_deg=37.323,,249.23390625575635,250.0,90.72715266081698,43.106781179830485,55.22376926826936,0,43.6,41.51333067218809,1
43.65,774.4854923473742,271.98113297741526,-58.19558709720128,15.409628833335564,19.2,13.942355207127042,60.0,392,498,375,435,13.942355207127042,NEUTRAL,program,sonic_drive_three_laps.py,function,ec959a186dbd8278df967871b3a34262848e2c5ecc08c20aa12abb30068f0552,仕切り端：検出側から離れて通過 | target_deg=41.043,,250.0,249.8944536185941,90.59763104572407,42.983011571393426,54.075191275024686,0,43.65,41.1920484440119,1
43.7,773.8530224972229,272.3661877393873,-59.152525027946254,14.415915458624914,21.44,13.75024047960229,67.0,392,505,375,435,13.75024047960229,NEUTRAL,program,sonic_drive_three_laps.py,function,ec959a186dbd8278df967871b3a34262848e2c5ecc08c20aa12abb30068f0552,仕切り端：検出側から離れて通過 | target_deg=44.472,,250.0,250.0,89.70283730654229,42.556089954671755,53.48039208057236,0,43.7,40.91989713956991,1
43.75,773.251691474058,272.7185011756602,-60.11829608327753,13.62621602455899,22.4,13.63969582054999,70.0,392,508,375,435,13.63969582054999,NEUTRAL,program,sonic_drive_three_laps.py,function,ec959a186dbd8278df967871b3a34262848e2c5ecc08c20aa12abb30068f0552,仕切り端：検出側から離れて通過 | target_deg=45.859,,250.0,250.0,89.14363460655095,42.31043515677776,51.867969346168564,0,43.75,40.68598749901861,1
43.8,772.6737469960211,273.04443312922996,-61.04002946152798,13.037163009897515,22.4,13.765490073861304,70.0,392,508,375,435,13.765490073861304,NEUTRAL,program,sonic_drive_three_laps.py,function,ec959a186dbd8278df967871b3a34262848e2c5ecc08c20aa12abb30068f0552,仕切り端：検出側から離れて通過 | target_deg=45.859,,250.0,249.42027314610425,87.84925874602327,42.58997794191401,51.85967293615464,0,43.8,40.47720649660306,1
43.85,772.1121170447017,273.349576569729,-61.927946236577014,12.617293769282822,22.4,13.96757958601049,70.0,392,508,375,435,13.96757958601049,NEUTRAL,program,sonic_drive_three_laps.py,function,ec959a186dbd8278df967871b3a34262848e2c5ecc08c20aa12abb30068f0552,仕切り端：検出側から離れて通過 | target_deg=45.859,,250.0,249.2802518013222,88.29978080282783,43.03906574668998,50.46414081808306,0,43.85,40.288716538774224,1
43.9,771.564451174835,273.6364085448226,-62.78677308421082,12.199169890626258,22.4,13.45242397397138,70.0,391,508,375,435,13.45242397397138,NEUTRAL,program,sonic_drive_three_laps.py,function,ec959a186dbd8278df967871b3a34262848e2c5ecc08c20aa12abb30068f0552,仕切り端：検出側から離れて通過 | target_deg=45.859,,249.7190926560568,249.92856421287536,88.16449912747952,41.894275497714176,51.602817507408005,0,43.9,40.11823783130916,1
43.95,771.031729874617,273.90549008373887,-63.61585813830217,11.764363455672962,22.4,12.837236568375754,70.0,391,508,375,435,12.837236568375754,NEUTRAL,program,sonic_drive_three_laps.py,function,ec959a186dbd8278df967871b3a34262848e2c5ecc08c20aa12abb30068f0552,仕切り端：検出側から離れて通過 | target_deg=45.859,,249.10111994326365,249.2190391967659,86.35400375932338,40.527192374168344,48.37240167605042,0,43.95,39.85051941779809,1
44.0,770.509467311013,274.1599957716259,-64.42292756651287,11.524659839391115,22.4,13.375898572373396,70.0,391,508,375,435,13.375898572373396,NEUTRAL,program,sonic_drive_three_laps.py,function,ec959a186dbd8278df967871b3a34262848e2c5ecc08c20aa12abb30068f0552,仕切り端：検出側から離れて通過 | target_deg=45.859,,250.0,250.0,85.36787783980628,41.724219049718656,48.48690763089246,0,44.0,39.531873348290326,1
44.05,769.9902917743149,274.4040644479247,-65.21986847749321,11.440388264348774,22.4,13.938398572373396,70.0,392,508,375,435,13.938398572373396,NEUTRAL,program,sonic_drive_three_laps.py,function,ec959a186dbd8278df967871b3a34262848e2c5ecc08c20aa12abb30068f0552,仕切り端：検出側から離れて通過 | target_deg=45.859,,250.0,240.6233405713116,86.15263458406255,190.7280495000504,47.55667292060538,0,44.05,39.237497770777885,1
44.1,769.4707910342257,274.6395450569212,-66.01221874179353,11.386214213733846,22.4,14.0,70.0,392,508,375,435,14.0,NEUTRAL,program,sonic_drive_three_laps.py,function,ec959a186dbd8278df967871b3a34262848e2c5ecc08c20aa12abb30068f0552,仕切り端：検出側から離れて通過 | target_deg=45.859,,250.0,230.36080769663516,85.02356853462616,192.43010084183527,47.132914279106586,0,44.1,38.96527136066399,1
44.15,768.945111498528,274.8687685249241,-66.88051910272495,11.524537364999096,24.64,15.0,77.0,393,515,375,435,15.0,NEUTRAL,program,sonic_drive_three_laps.py,function,ec959a186dbd8278df967871b3a34262848e2c5ecc08c20aa12abb30068f0552,左回避 | target_deg=48.909,,124.80082252086314,223.90296693957106,85.00824652467918,193.26286475799247,46.00557677284803,0,44.15,38.72022686939566,1
44.2,768.4052662056206,275.0938810912999,-67.86053015267477,11.811976427522293,26.88,16.0,84.0,395,523,375,435,16.0,NEUTRAL,program,sonic_drive_three_laps.py,function,ec959a186dbd8278df967871b3a34262848e2c5ecc08c20aa12abb30068f0552,左回避 | target_deg=51.722,,124.62950524372702,213.97421915186317,84.1375384141303,193.63006874591431,45.291211306870984,0,44.2,38.50550354755611,1
44.25,767.8447997235096,275.31568118436104,-68.97160871883273,12.214926545651004,29.12,17.0,91.0,396,530,375,435,17.0,NEUTRAL,program,sonic_drive_three_laps.py,function,ec959a186dbd8278df967871b3a34262848e2c5ecc08c20aa12abb30068f0552,左回避 | target_deg=54.319,,131.43969712768987,204.74900817039406,84.08312043609651,194.71677896993887,46.010471935176184,0,44.25,38.325960090485815,1
44.3,767.2592166612852,275.53351888892814,-70.23269058347911,12.680312799603628,31.36,17.85,98.0,397,537,375,435,17.85,NEUTRAL,program,sonic_drive_three_laps.py,function,ec959a186dbd8278df967871b3a34262848e2c5ecc08c20aa12abb30068f0552,左回避 | target_deg=56.722,,137.89956862465664,196.7193536547403,82.52655042990847,196.9687900105268,45.227677867843994,0,44.3,38.18975884338633,1
44.35,766.6515949560227,275.74381069582455,-71.58685708260805,12.977718338030499,32.0,17.5,100.0,396,540,375,435,17.5,NEUTRAL,program,sonic_drive_three_laps.py,function,ec959a186dbd8278df967871b3a34262848e2c5ecc08c20aa12abb30068f0552,左回避 | target_deg=57.375,,146.36500989887628,186.58849440999313,82.1010855187139,197.07060624800081,44.58924419027621,0,44.35,38.09920138575261,1
44.4,766.0268913421983,275.94344978141646,-72.96807790185984,13.208100377055077,32.0,17.5,100.0,396,540,375,435,17.5,NEUTRAL,program,sonic_drive_three_laps.py,function,ec959a186dbd8278df967871b3a34262848e2c5ecc08c20aa12abb30068f0552,左回避 | target_deg=57.375,,156.13378421327354,176.91811998022246,81.87104605160204,199.6594908121907,43.47032886159442,0,44.4,38.05191505607729,1
44.45,765.3879743229271,276.13065547719333,-74.37025606261678,13.386563374704242,32.0,17.5,100.0,396,540,375,435,17.5,NEUTRAL,program,sonic_drive_three_laps.py,function,ec959a186dbd8278df967871b3a34262848e2c5ecc08c20aa12abb30068f0552,左回避 | target_deg=57.375,,169.63576728808954,168.96558773901776,80.92288024842664,203.1146003623756,43.47581073959308,0,44.45,38.05066800845605,1
44.5,764.7371952697137,276.3040642053044,-75.78866860520138,13.524807838833354,32.0,17.5,100.0,396,540,375,435,17.5,NEUTRAL,program,sonic_drive_three_laps.py,function,ec959a186dbd8278df967871b3a34262848e2c5ecc08c20aa12abb30068f0552,左回避 | target_deg=57.375,,183.6586003551192,160.9004830461824,80.79189850887471,205.8476108564783,42.92018396686777,0,44.5,38.097340505065034,1
44.55,764.076499884065,276.46263236553256,-77.21965693910295,13.631897443480232,32.0,17.5,100.0,396,540,375,435,17.5,NEUTRAL,program,sonic_drive_three_laps.py,function,ec959a186dbd8278df967871b3a34262848e2c5ecc08c20aa12abb30068f0552,左回避 | target_deg=57.375,,202.6622202091211,150.39874244328377,78.85009431264274,208.93412802875767,42.253485036294634,0,44.55,38.193081871333575,1
44.6,763.4075153726632,276.60556151868053,-78.66038697607192,13.714853267394556,32.0,17.5,100.0,396,540,375,435,17.5,NEUTRAL,program,sonic_drive_three_laps.py,function,ec959a186dbd8278df967871b3a34262848e2c5ecc08c20aa12abb30068f0552,左回避 | target_deg=57.375,,225.207874795307,147.45350637917113,79.41583639322167,213.01436704200037,42.50215514416577,0,44.6,38.3384371763408,1
44.65,762.7316187962858,276.7322410788367,-80.1086633197711,13.779114114598132,32.0,17.5,100.0,396,540,375,435,17.5,NEUTRAL,program,sonic_drive_three_laps.py,function,ec959a186dbd8278df967871b3a34262848e2c5ecc08c20aa12abb30068f0552,左回避 | target_deg=57.375,,249.42139798648878,142.13074643489688,78.93005765086554,216.7109026315533,41.45035866338964,0,44.65,38.53345021939543,1
44.7,762.0499907379642,276.8422046294859,-81.56278532976421,13.828893096813847,32.0,17.5,100.0,396,540,375,435,17.5,NEUTRAL,program,sonic_drive_three_laps.py,function,ec959a186dbd8278df967871b3a34262848e2c5ecc08c20aa12abb30068f0552,左回避 | target_deg=57.375,,250.0,137.02222713091408,78.54422461128725,220.8593205813604,41.59495622111993,0,44.7,38.77774821469258,1
44.75,761.3636574738061,276.93509676380233,-83.0214356230145,13.86745385625392,32.0,17.5,100.0,396,540,375,435,17.5,NEUTRAL,program,sonic_drive_three_laps.py,function,ec959a186dbd8278df967871b3a34262848e2c5ecc08c20aa12abb30068f0552,左回避 | target_deg=57.375,,250.0,130.7490324001077,78.18958769034091,224.68276320111505,41.86663488423169,0,44.75,39.07061241858172,1
44.8,760.6681576761322,277.01167883752896,-84.39480567782591,14.077613042389395,29.76,18.5,93.0,398,532,375,435,18.5,NEUTRAL,program,sonic_drive_three_laps.py,function,ec959a186dbd8278df967871b3a34262848e2c5ecc08c20aa12abb30068f0552,右壁追従 | target_deg=55.024,,249.54790540986977,125.45881380164231,77.47120947103531,230.4946138443544,41.15781726454089,0,44.8,39.388314067182556,1
44.85,759.9566023542952,277.07340436754924,-85.67330452445722,14.420699125732655,27.52,19.5,86.0,399,525,375,435,19.5,NEUTRAL,program,sonic_drive_three_laps.py,function,ec959a186dbd8278df967871b3a34262848e2c5ecc08c20aa12abb30068f0552,右壁追従 | target_deg=52.485,,250.0,122.57177464783749,76.84317432324848,233.16842969329255,41.77793885886466,0,44.85,39.67548706034994,1
44.9,759.2236586349223,277.1210863679486,-86.86639089407603,14.866755617031082,25.28,20.5,79.0,400,517,375,435,20.5,NEUTRAL,program,sonic_drive_three_laps.py,function,ec959a186dbd8278df967871b3a34262848e2c5ecc08c20aa12abb30068f0552,右壁追従 | target_deg=49.736,,249.97398021607913,117.9194967742361,77.6340282543847,239.0248275809707,41.58680958012702,0,44.9,39.90496989705331,1
44.95,758.4652159102051,277.15512363468974,-87.97851261887439,15.392577040312235,23.04,21.5,72.0,401,510,375,435,21.5,NEUTRAL,program,sonic_drive_three_laps.py,function,ec959a186dbd8278df967871b3a34262848e2c5ecc08c20aa12abb30068f0552,右壁追従 | target_deg=46.756,,249.32280844492496,115.8314893804915,77.23720326759785,243.76724555139444,42.420781870139095,0,44.95,40.083933426561195,1
45.0,757.6781203914337,277.175700179747,-89.01049721801914,15.980187520280218,20.8,22.5,65.0,403,503,375,435,22.5,NEUTRAL,program,sonic_drive_three_laps.py,function,ec959a186dbd8278df967871b3a34262848e2c5ecc08c20aa12abb30068f0552,右壁追従 | target_deg=43.521,,249.4870521705162,111.97173489317241,76.93038075273692,248.22103769564313,40.43808605920764,0,45.0,40.218365713940216,1
45.05,756.8599606664052,277.1829318290957,-89.9605407302305,16.615662236214405,18.56,23.5,58.0,404,495,375,435,23.5,NEUTRAL,program,sonic_drive_three_laps.py,function,ec959a186dbd8278df967871b3a34262848e2c5ecc08c20aa12abb30068f0552,右壁追従 | target_deg=40.010,,249.7586089544554,110.53691402690968,76.48343182493471,250.0,39.68905487394684,0,45.05,40.31370861899454,1
45.1,756.0088950792525,277.17697685096357,-90.82490830259457,17.288214473759567,16.32,24.5,51.0,405,488,375,435,24.5,NEUTRAL,program,sonic_drive_three_laps.py,function,ec959a186dbd8278df967871b3a34262848e2c5ecc08c20aa12abb30068f0552,右壁追従 | target_deg=36.204,,250.0,108.10148727125558,76.73701097565747,249.17830385675458,41.36018129381955,0,45.1,40.37526409137961,1
45.15,755.1235130963277,277.15812179338855,-91.59842739679296,17.98948841929947,14.08,25.5,44.0,406,481,375,435,25.5,NEUTRAL,program,sonic_drive_three_laps.py,function,ec959a186dbd8278df967871b3a34262848e2c5ecc08c20aa12abb30068f0552,右壁追従 | target_deg=32.089,,249.67546127363076,106.02294966874231,76.06490591357527,250.0,182.38167022312737,0,45.15,40.40844433572201,1
45.2,754.2027242910045,277.12685016760054,-92.27483133055074,18.713011330635695,11.84,26.5,37.0,408,473,375,435,26.5,NEUTRAL,program,sonic_drive_three_laps.py,function,ec959a186dbd8278df967871b3a34262848e2c5ecc08c20aa12abb30068f0552,右壁追従 | target_deg=27.659,,250.0,104.35978899239616,76.47884011979637,250.0,182.19234788897086,0,45.2,40.41891440593031,1
45.25,753.2456699495192,277.08389935589025,-92.84699439913841,19.453769166827254,9.6,27.5,30.0,409,466,375,435,27.5,NEUTRAL,program,sonic_drive_three_laps.py,function,ec959a186dbd8278df967871b3a34262848e2c5ecc08c20aa12abb30068f0552,右壁追従 | target_deg=22.921,,249.60622400889338,103.8746138003275,76.4188370568298,250.0,182.1500295393618,0,45.25,40.41265928142306,1
45.3,752.2516534973049,277.0303096472155,-93.30708805111901,20.20787785435671,7.36,28.5,23.0,410,459,375,435,28.5,NEUTRAL,program,sonic_drive_three_laps.py,function,ec959a186dbd8278df967871b3a34262848e2c5ecc08c20aa12abb30068f0552,右壁追従 | target_deg=17.896,,249.80713599275148,101.75627271249486,75.84734779831311,249.27748372421442,182.96499135677357,0,45.3,40.3959965469443,1
45.35,751.2200869659781,276.96746831343785,-93.64667914928816,20.97232863696015,5.12,29.5,16.0,411,451,375,435,29.5,NEUTRAL,program,sonic_drive_three_laps.py,function,ec959a186dbd8278df967871b3a34262848e2c5ecc08c20aa12abb30068f0552,右壁追従 | target_deg=12.626,,249.26422980202565,99.53350257782458,75.79565858457873,249.47210787309555,182.87361762870933,0,45.35,40.37554834260579,1
45.4,750.1504515878014,276.89715095381416,-93.85678526589582,21.744790813579762,2.88,30.5,9.0,413,444,375,435,30.5,NEUTRAL,program,sonic_drive_three_laps.py,function,ec959a186dbd8278df967871b3a34262848e2c5ecc08c20aa12abb30068f0552,右壁追従 | target_deg=7.168,,249.42671828366937,99.52543112055908,74.73220413653617,249.3778367113859,182.77447465604772,0,45.4,40.35818098577596,1
45.45,749.0422713486672,276.8215618425657,-93.92789755835352,22.523458931415668,0.64,31.5,2.0,414,437,375,435,31.5,NEUTRAL,program,sonic_drive_three_laps.py,function,ec959a186dbd8278df967871b3a34262848e2c5ecc08c20aa12abb30068f0552,右壁追従 | target_deg=1.600,,250.0,100.05196734640684,75.35122719352167,250.0,183.1821374934286,0,45.45,40.35091678116739,1
45.5,747.8950989850318,276.7433746399646,-93.84997856301781,23.306934415647763,-1.6,32.5,-5.0,415,429,375,435,32.5,NEUTRAL,program,sonic_drive_three_laps.py,function,ec959a186dbd8278df967871b3a34262848e2c5ecc08c20aa12abb30068f0552,右壁追従 | target_deg=-3.995,,249.07456635463723,98.62468865925418,74.84370315010045,249.71322353548464,183.1797517351135,0,45.5,40.360819502857275,1
45.55,746.7085792505204,276.66478053699876,-93.72940095132394,24.094133875158033,-1.7232920743408013,33.5,-5.385287732315004,416,429,375,435,33.5,NEUTRAL,program,sonic_drive_three_laps.py,function,ec959a186dbd8278df967871b3a34262848e2c5ecc08c20aa12abb30068f0552,右壁追従 | target_deg=-4.301,,249.6967667173765,99.25929235966589,75.05093537686548,250.0,183.6044230055438,0,45.55,40.378098190990436,1
45.6,745.4849611740829,276.5863630775965,-93.60434743421706,24.8034661115949,-1.7333103637972795,34.05209589479836,-5.416594886866498,417,429,375,435,34.05209589479836,NEUTRAL,program,sonic_drive_three_laps.py,function,ec959a186dbd8278df967871b3a34262848e2c5ecc08c20aa12abb30068f0552,右壁追従 | target_deg=-4.326,,249.4702637298662,100.2596685507546,75.02408440471639,249.85873447583072,184.07714080183632,0,45.6,40.398406638080026,1
45.65,744.2306002066993,276.508760567541,-93.47596962537952,25.352675993931722,-1.7360163216831246,34.05061607407954,-5.425051005259764,417,429,375,435,34.05061607407954,NEUTRAL,program,sonic_drive_three_laps.py,function,ec959a186dbd8278df967871b3a34262848e2c5ecc08c20aa12abb30068f0552,右壁追従 | target_deg=-4.333,,250.0,99.78667028488071,74.41416073390921,250.0,183.1099670818939,0,45.65,40.4217744096861,1
45.7,742.9523825043633,276.43258272357025,-93.34526663333862,25.778244378631662,-1.734710100286628,34.05133041390575,-5.420969063395713,417,429,375,435,34.05133041390575,NEUTRAL,program,sonic_drive_three_laps.py,function,ec959a186dbd8278df967871b3a34262848e2c5ecc08c20aa12abb30068f0552,右壁追従 | target_deg=-4.330,,249.89155080007788,100.44137009244967,75.02004134331813,250.0,183.3453952949147,0,45.7,40.448186448256614,1
45.75,741.6556366390582,276.3582888516899,-93.21280629616325,26.108060393527044,-1.7331482675186454,34.052184541200745,-5.416088335995767,417,429,375,435,34.052184541200745,NEUTRAL,program,sonic_drive_three_laps.py,function,ec959a186dbd8278df967871b3a34262848e2c5ecc08c20aa12abb30068f0552,右壁追従 | target_deg=-4.326,,250.0,99.87960326264721,75.26795094228133,250.0,183.47729036303866,0,45.75,40.47765405625792,1
45.8,740.3444733453613,276.28621930247897,-93.07951439467146,26.364344264284362,-1.7250809372665556,34.05659636243235,-5.390877928957987,417,429,375,435,34.05659636243235,NEUTRAL,program,sonic_drive_three_laps.py,function,ec959a186dbd8278df967871b3a34262848e2c5ecc08c20aa12abb30068f0552,右壁追従 | target_deg=-4.306,,249.50468315496846,99.79704448548401,75.72947031239204,250.0,182.96630849033417,0,45.8,40.513254590490234,1
45.85,739.0220967466666,276.2166335487516,-92.94493593624831,26.562665047714095,-1.7271783282694175,34.05544935172766,-5.39743227584193,417,429,375,435,34.05544935172766,NEUTRAL,program,sonic_drive_three_laps.py,function,ec959a186dbd8278df967871b3a34262848e2c5ecc08c20aa12abb30068f0552,右壁追従 | target_deg=-4.311,,249.93894660548386,100.37819371077877,75.36993481337477,249.5246304716719,183.4695593662305,0,45.85,40.58009094797571,1
45.9,737.6910163109393,276.1497384044704,-92.80916784606713,26.715889709046124,-1.7312599180686192,34.053217232306224,-5.410187243964435,417,429,375,435,34.053217232306224,NEUTRAL,program,sonic_drive_three_laps.py,function,ec959a186dbd8278df967871b3a34262848e2c5ecc08c20aa12abb30068f0552,右壁追従 | target_deg=-4.321,,249.3566908170759,100.10434798618274,74.90755993884143,250.0,183.40511483851253,0,45.9,40.6838527008964,1
45.95,736.3531432329366,276.0856792726247,-92.67344021848544,26.835480543721886,-1.7221623269757316,34.05819247743514,-5.381757271799161,417,429,375,435,34.05819247743514,NEUTRAL,program,sonic_drive_three_laps.py,function,ec959a186dbd8278df967871b3a34262848e2c5ecc08c20aa12abb30068f0552,右壁追従 | target_deg=-4.299,,250.0,100.84362058848562,75.60268754963653,249.92251712707707,182.58295007089006,0,45.95,40.82451578530093,1
46.0,735.0099579573535,276.02455958510564,-92.53728718111817,26.92824288933851,-1.7209190955573794,34.058872369617056,-5.377872173616811,417,429,375,435,34.058872369617056,NEUTRAL,program,sonic_drive_three_laps.py,function,ec959a186dbd8278df967871b3a34262848e2c5ecc08c20aa12abb30068f0552,右壁追従 | target_deg=-4.296,,248.9181896817192,100.61069931706976,75.78494660530983,249.9230594321342,183.25289704519147,0,46.0,41.002208500582725,1
46.05,733.662660841789,275.9664759060038,-92.39984238627065,26.99899581256122,-1.732120867369675,34.05274640065721,-5.412877710530235,417,429,375,435,34.05274640065721,NEUTRAL,program,sonic_drive_three_laps.py,function,ec959a186dbd8278df967871b3a34262848e2c5ecc08c20aa12abb30068f0552,右壁追従 | target_deg=-4.323,,250.0,100.81564490738572,74.66083035493409,250.0,183.72473526867248,0,46.05,41.21690173779329,1
46.1,732.3121580622504,275.9114978187052,-92.26253080315036,27.05435687328585,-1.7265114623900322,34.05581404400545,-5.395348319968851,417,429,375,435,34.05581404400545,NEUTRAL,program,sonic_drive_three_laps.py,function,ec959a186dbd8278df967871b3a34262848e2c5ecc08c20aa12abb30068f0552,右壁追従 | target_deg=-4.309,,249.71135312979382,100.781843183878,75.59589706045367,249.5708818438519,183.09907486948183,0,46.1,41.46790207829495,1
46.15,730.9591685950826,275.859678772047,-92.12414375291422,27.096208136218756,-1.7369946653993455,34.050081042359736,-5.428108329372955,417,429,375,435,34.050081042359736,NEUTRAL,program,sonic_drive_three_laps.py,function,ec959a186dbd8278df967871b3a34262848e2c5ecc08c20aa12abb30068f0552,右壁追従 | target_deg=-4.336,,249.9099974149986,101.30348689986198,74.89936402735606,250.0,184.2161557097822,0,46.15,41.75494311197412,1
46.2,729.604249343029,275.8110644385278,-91.98562408518957,27.12869242566112,-1.7363389192137515,34.05043965355498,-5.4260591225429735,417,429,375,435,34.05043965355498,NEUTRAL,program,sonic_drive_three_laps.py,function,ec959a186dbd8278df967871b3a34262848e2c5ecc08c20aa12abb30068f0552,右壁追従 | target_deg=-4.334,,249.98083967136506,101.63311622385314,75.19371109929837,249.93916206020376,183.66769017852243,0,46.2,42.077185118966334,1
46.25,728.2478265559538,275.76568510541654,-91.84662484073976,27.153439599634346,-1.7405626058413626,34.048129824930506,-5.439258143254258,417,429,375,435,34.048129824930506,NEUTRAL,program,sonic_drive_three_laps.py,function,ec959a186dbd8278df967871b3a34262848e2c5ecc08c20aa12abb30068f0552,右壁追従 | target_deg=-4.344,,249.457275995079,101.97647689626231,74.6290058774386,249.28827442804288,183.71820749095212,0,46.25,42.43397142408782,1
46.3,726.890245990435,275.7235706228881,-91.70706261044131,27.172048463495475,-1.7462552863542058,34.045016640275044,-5.457047769856893,417,429,375,435,34.045016640275044,NEUTRAL,program,sonic_drive_three_laps.py,function,ec959a186dbd8278df967871b3a34262848e2c5ecc08c20aa12abb30068f0552,右壁追従 | target_deg=-4.359,,250.0,102.15763225728561,74.23742519947001,250.0,183.78816371049066,0,46.3,42.824502335817165,1
46.35,725.5317420087995,275.6847336356791,-91.56799522220852,27.187177840256076,-1.73901134720073,34.0489781694996,-5.434410460002281,417,429,375,435,34.0489781694996,NEUTRAL,program,sonic_drive_three_laps.py,function,ec959a186dbd8278df967871b3a34262848e2c5ecc08c20aa12abb30068f0552,右壁追従 | target_deg=-4.341,,250.0,102.95983421362713,75.05833917148392,250.0,183.22509912870072,0,46.35,43.247731219641956,1
46.4,724.1725034391154,275.64918091409527,-91.42861859844449,27.198598020370344,-1.7420503444737585,34.04731621786591,-5.443907326480495,417,429,375,435,34.04731621786591,NEUTRAL,program,sonic_drive_three_laps.py,function,ec959a186dbd8278df967871b3a34262848e2c5ecc08c20aa12abb30068f0552,右壁追従 | target_deg=-4.348,,249.78526491548027,102.38676539638682,74.6760585466684,249.41399541781394,183.77296489650942,0,46.4,43.702913103010246,1
46.45,722.8127000478828,275.61692737293396,-91.28889975666462,27.207084103763332,-1.7457060748142683,34.04531699033595,-5.4553314837945885,417,429,375,435,34.04531699033595,NEUTRAL,program,sonic_drive_three_laps.py,function,ec959a186dbd8278df967871b3a34262848e2c5ecc08c20aa12abb30068f0552,右壁追従 | target_deg=-4.357,,249.30557815340254,102.37910098318811,74.4271183738118,250.0,183.7969029130531,0,46.45,44.18910042005257,1
46.5,721.4524526029326,275.58798151196316,-91.14922340277168,27.21375677192578,-1.744701829268772,34.04586618711864,-5.452193216464912,417,429,375,435,34.04586618711864,NEUTRAL,program,sonic_drive_three_laps.py,function,ec959a186dbd8278df967871b3a34262848e2c5ecc08c20aa12abb30068f0552,右壁追従 | target_deg=-4.355,,249.62398717801398,103.06718843332722,74.68255801402368,249.95509458644875,183.65413252031007,0,46.5,44.70525913480484,1
46.55,720.0918517640451,275.56234712581255,-91.00948229299816,27.218882243592564,-1.745142416273601,34.045625241100375,-5.453570050855003,417,429,375,435,34.045625241100375,NEUTRAL,program,sonic_drive_three_laps.py,function,ec959a186dbd8278df967871b3a34262848e2c5ecc08c20aa12abb30068f0552,右壁追従 | target_deg=-4.356,,249.74774943842667,104.04224452999738,75.1983022394956,250.0,184.30141856441378,0,46.55,45.25042790838696,1
46.6,718.7309725798248,275.540028381911,-90.86967819912937,27.222802924839797,-1.7456466077494621,34.04534951138701,-5.455145649217069,417,429,375,435,34.04534951138701,NEUTRAL,program,sonic_drive_three_laps.py,function,ec959a186dbd8278df967871b3a34262848e2c5ecc08c20aa12abb30068f0552,右壁追従 | target_deg=-4.357,,249.56527398608245,103.13415273737026,74.34042735085005,250.0,183.47963416065824,0,46.6,45.823613892595255,1
46.65,717.3698919498629,275.52103425614047,-90.72936388528163,27.225231445498885,-1.7518192503093928,34.04197384748705,-5.474435157216853,417,429,375,435,34.04197384748705,NEUTRAL,program,sonic_drive_three_laps.py,function,ec959a186dbd8278df967871b3a34262848e2c5ecc08c20aa12abb30068f0552,右壁追従 | target_deg=-4.372,,249.5455673179089,102.90286334855045,73.94630550784724,250.0,183.87934145522615,0,46.65,46.423873422135905,1
46.7,716.008659879466,275.50537095683916,-90.58914947849777,27.227249392705833,-1.750432576434231,34.04273218476253,-5.4701018013569715,417,429,375,435,34.04273218476253,NEUTRAL,program,sonic_drive_three_laps.py,function,ec959a186dbd8278df967871b3a34262848e2c5ecc08c20aa12abb30068f0552,右壁追従 | target_deg=-4.369,,249.30133261163024,104.83794688162293,74.24878624302481,249.7717406266238,183.5510036456653,0,46.7,47.05011689747765,1
46.75,714.6473109865755,275.4930397387299,-90.44880256347702,27.22866004557139,-1.7519795926324537,34.04188616027913,-5.474936226976418,417,429,375,435,34.04188616027913,NEUTRAL,program,sonic_drive_three_laps.py,function,ec959a186dbd8278df967871b3a34262848e2c5ecc08c20aa12abb30068f0552,右壁追従 | target_deg=-4.373,,250.0,103.99374285995056,74.4709605925454,250.0,184.0810458721512,0,46.75,47.70139551181631,1
46.8,713.2858740320753,275.48404254293047,-90.30847648738266,27.229786278093872,-1.751639969108181,34.04207189189396,-5.473874903463066,417,429,375,435,34.04207189189396,NEUTRAL,program,sonic_drive_three_laps.py,function,ec959a186dbd8278df967871b3a34262848e2c5ecc08c20aa12abb30068f0552,右壁追従 | target_deg=-4.372,,249.66388950711183,104.37934140618327,74.11665541642346,249.78396274319672,183.56970595433103,0,46.8,48.37671788859221,1
46.85,711.9243805735399,275.4783828567162,-90.16787433686284,27.23032403674804,-1.7550343041440442,34.04021561492122,-5.484482200450138,417,429,375,435,34.04021561492122,NEUTRAL,program,sonic_drive_three_laps.py,function,ec959a186dbd8278df967871b3a34262848e2c5ecc08c20aa12abb30068f0552,右壁追従 | target_deg=-4.380,,249.84320028692045,105.04233310779503,74.03933239759776,250.0,183.97331493524612,0,46.85,49.075161933406285,1
46.9,710.5628304093997,275.4760566455824,-90.02790537666255,27.231525317928142,-1.747075381659462,34.04456815065498,-5.459610567685819,417,429,375,435,34.04456815065498,NEUTRAL,program,sonic_drive_three_laps.py,function,ec959a186dbd8278df967871b3a34262848e2c5ecc08c20aa12abb30068f0552,右壁追従 | target_deg=-4.361,,249.84494217050653,104.87710223874569,74.80938295281219,249.81494348409055,183.4286775528963,0,46.9,49.7956992023496,1
46.95,709.201222417614,275.477055323662,-89.8880468957394,27.232598855732125,-1.7456252299525508,34.0453612023697,-5.455078843601721,417,429,375,435,34.0453612023697,NEUTRAL,program,sonic_drive_three_laps.py,function,ec959a186dbd8278df967871b3a34262848e2c5ecc08c20aa12abb30068f0552,右壁追従 | target_deg=-4.357,,250.0,104.10713139756068,74.8691243448008,250.0,183.86631319071643,0,46.95,50.53750570216475,1
47.0,707.8395613535056,275.48137371260236,-89.74853721820371,27.233866938441007,-1.7411982626535345,34.04778220011135,-5.441244570792295,417,429,375,435,34.04778220011135,NEUTRAL,program,sonic_drive_three_laps.py,function,ec959a186dbd8278df967871b3a34262848e2c5ecc08c20aa12abb30068f0552,右壁追従 | target_deg=-4.346,,249.31602013666398,104.56496674386965,74.75991574192004,250.0,183.26613541064165,0,47.0,51.299683570687854,1
47.05,706.4778457055289,275.4890034829373,-89.60940646867601,27.23532393363032,-1.7363837480039046,34.05041513781037,-5.426199212512202,417,429,375,435,34.05041513781037,NEUTRAL,program,sonic_drive_three_laps.py,function,ec959a186dbd8278df967871b3a34262848e2c5ecc08c20aa12abb30068f0552,右壁追従 | target_deg=-4.334,,249.77486613611686,104.7626332792665,74.6961432188897,250.0,182.87355843183957,0,47.05,52.08139224430909,1
47.1,705.11609256862,275.4999413482034,-89.47019170094138,27.23635680716346,-1.7373551160784888,34.04988392089457,-5.429234737745277,417,429,375,435,34.04988392089457,NEUTRAL,program,sonic_drive_three_laps.py,function,ec959a186dbd8278df967871b3a34262848e2c5ecc08c20aa12abb30068f0552,右壁追従 | target_deg=-4.336,,250.0,103.9769220945327,74.33964638346778,250.0,182.9942643025894,0,47.1,52.8818508316124,1
47.15,703.7543391847927,275.51419265747353,-89.33060428032032,27.236702561670853,-1.7419633490165045,34.0473637935066,-5.443635465676577,417,429,375,435,34.0473637935066,NEUTRAL,program,sonic_drive_three_laps.py,function,ec959a186dbd8278df967871b3a34262848e2c5ecc08c20aa12abb30068f0552,右壁追従 | target_deg=-4.348,,249.53330536549643,106.24555800210751,74.49885631660491,250.0,183.70328564122383,0,47.15,53.70026137029033,1
47.2,702.3925949277657,275.5317572390937,-89.1914080804777,27.237455179320172,-1.7370464542353923,34.05005272034002,-5.428270169485601,417,429,375,435,34.05005272034002,NEUTRAL,program,sonic_drive_three_laps.py,function,ec959a186dbd8278df967871b3a34262848e2c5ecc08c20aa12abb30068f0552,右壁追従 | target_deg=-4.336,,250.0,107.15502964701442,75.52775059811516,250.0,183.7392151975697,0,47.2,54.53577775353985,1
47.25,701.0308726525809,275.5526329225927,-89.05200044345041,27.23778131310487,-1.7396517867530963,34.048627929119405,-5.436411833603426,417,429,375,435,34.048627929119405,NEUTRAL,program,sonic_drive_three_laps.py,function,ec959a186dbd8278df967871b3a34262848e2c5ecc08c20aa12abb30068f0552,右壁追従 | target_deg=-4.342,,249.92834029651473,107.9430853948899,74.54058547224321,250.0,183.45636494939203,0,47.25,55.387708483436235,1
47.3,699.6691944833557,275.57682305293906,-88.9125015505656,27.23792309335078,-1.740776139042613,34.04801304896107,-5.439925434508166,417,429,375,435,34.04801304896107,NEUTRAL,program,sonic_drive_three_laps.py,function,ec959a186dbd8278df967871b3a34262848e2c5ecc08c20aa12abb30068f0552,右壁追従 | target_deg=-4.345,,249.72375976119287,107.93471361943949,75.07072137600244,63.55341730436345,183.95016567835407,0,47.3,56.25531317490603,1
47.35,698.3075571410388,275.60432379581266,-88.77342809006103,27.238558794607844,-1.7354424889856574,34.05092988883597,-5.423257778080179,417,429,375,435,34.05092988883597,NEUTRAL,program,sonic_drive_three_laps.py,function,ec959a186dbd8278df967871b3a34262848e2c5ecc08c20aa12abb30068f0552,右壁追従 | target_deg=-4.332,,250.0,107.59755838532026,74.81666189348871,62.01254020840613,182.89787886521898,0,47.35,57.13787474305992,1
47.4,696.9459773379884,275.6351343808681,-88.6339728341085,27.238583465906256,-1.740186812898164,34.04833533669632,-5.438083790306762,417,429,375,435,34.04833533669632,NEUTRAL,program,sonic_drive_three_laps.py,function,ec959a186dbd8278df967871b3a34262848e2c5ecc08c20aa12abb30068f0552,右壁追従 | target_deg=-4.343,,249.10059351392667,108.31978788130293,74.31801247813797,60.30432161731189,183.42120469675223,0,47.4,57.79485436411917,1
47.45,695.5844886817742,275.66926276421435,-88.49416641260184,27.238169281766325,-1.7445815011519492,34.04593199155753,-5.451817191099841,417,429,375,435,34.04593199155753,NEUTRAL,program,sonic_drive_three_laps.py,function,ec959a186dbd8278df967871b3a34262848e2c5ecc08c20aa12abb30068f0552,右壁追従 | target_deg=-4.354,,249.54134354476793,108.65649330350284,74.41178292989346,58.74467541111274,183.76447491741922,0,47.45,56.83991286697681,1
47.5,694.2230950700339,275.706709737354,-88.35463229594144,27.238182272076795,-1.7411956020788986,34.0477836551131,-5.441236256496558,417,429,375,435,34.0477836551131,NEUTRAL,program,sonic_drive_three_laps.py,function,ec959a186dbd8278df967871b3a34262848e2c5ecc08c20aa12abb30068f0552,右壁追従 | target_deg=-4.346,,250.0,109.58177215234304,74.92612617611411,58.20253020338974,183.50712003352484,0,47.5,55.8976958665377,1
47.55,692.8617753898393,275.74746612142565,-88.21564946003998,27.2388728287362,-1.734293710987104,34.051558126803926,-5.4196678468347,417,429,375,435,34.051558126803926,NEUTRAL,program,sonic_drive_three_laps.py,function,ec959a186dbd8278df967871b3a34262848e2c5ecc08c20aa12abb30068f0552,右壁追従 | target_deg=-4.329,,249.37009897608272,110.11908454530594,74.55667348514211,56.7197274890298,182.4532032387728,0,47.55,54.96884290153033,1
47.6,691.500523169654,275.79152396068156,-88.07681226311836,27.239591267493058,-1.7324325023221956,34.05257597529255,-5.413851569756861,417,429,375,435,34.05257597529255,NEUTRAL,program,sonic_drive_three_laps.py,function,ec959a186dbd8278df967871b3a34262848e2c5ecc08c20aa12abb30068f0552,右壁追従 | target_deg=-4.324,,249.59154673547914,108.78888881750218,74.4474795117518,56.50948358755527,182.59053327006725,0,47.6,54.05399390126244,1
47.65,690.1393603517973,275.83888403782134,-87.93771548363947,27.239831329044648,-1.7356422848714828,34.05082062546091,-5.423882140223384,417,429,375,435,34.05082062546091,NEUTRAL,program,sonic_drive_three_laps.py,function,ec959a186dbd8278df967871b3a34262848e2c5ecc08c20aa12abb30068f0552,右壁追従 | target_deg=-4.332,,249.80930022430405,110.6220827202739,74.97202580499466,58.849746439723404,183.6807222730161,0,47.65,53.1538272068701,1
47.7,688.778297407283,275.8895464251632,-87.79884983615693,27.240303855409454,-1.732735804472063,34.05241010692934,-5.414799388975197,417,429,375,435,34.05241010692934,NEUTRAL,program,sonic_drive_three_laps.py,function,ec959a186dbd8278df967871b3a34262848e2c5ecc08c20aa12abb30068f0552,右壁追従 | target_deg=-4.325,,249.70103741766908,111.36510372418462,75.17503678397732,58.36972273735939,183.26180386581058,0,47.7,52.26911042730764,1
47.75,687.417319680872,275.94350241285474,-87.66054350926684,27.241362741071537,-1.725708610389444,34.05625310369327,-5.3928394074670125,417,429,375,435,34.05625310369327,NEUTRAL,program,sonic_drive_three_laps.py,function,ec959a186dbd8278df967871b3a34262848e2c5ecc08c20aa12abb30068f0552,右壁追従 | target_deg=-4.307,,250.0,110.44407191838897,75.72936560952073,57.913315774045884,183.08030673889604,0,47.75,51.4006339258865,1
47.8,686.0564007298851,276.00073735850316,-87.52302054098077,27.24315544139688,-1.7158456042958434,34.06164693515071,-5.362017513424511,417,429,375,435,34.06164693515071,NEUTRAL,program,sonic_drive_three_laps.py,function,ec959a186dbd8278df967871b3a34262848e2c5ecc08c20aa12abb30068f0552,右壁追従 | target_deg=-4.283,,249.5007946835025,110.21025487944435,75.93022091786658,58.285037645507856,182.46059047688925,0,47.8,50.54922107549469,1
47.85,684.6955503411727,276.061243435021,-87.38536744159106,27.244393206107635,-1.717376423493489,34.060809768401995,-5.366801323417153,417,429,375,435,34.060809768401995,NEUTRAL,program,sonic_drive_three_laps.py,function,ec959a186dbd8278df967871b3a34262848e2c5ecc08c20aa12abb30068f0552,右壁追従 | target_deg=-4.287,,249.54972107933995,111.29149848240289,75.41290605707673,58.67308639388131,182.85912733719385,0,47.85,49.71564891962007,1
47.9,683.334810549915,276.12502528654977,-87.24731971845702,27.244871751683558,-1.7222476072083168,34.05814583980795,-5.38202377252599,417,429,375,435,34.05814583980795,NEUTRAL,program,sonic_drive_three_laps.py,function,ec959a186dbd8278df967871b3a34262848e2c5ecc08c20aa12abb30068f0552,右壁追従 | target_deg=-4.299,,249.16026885370528,112.68286961463647,75.07149535057134,56.62647261020711,183.06261911631864,0,47.9,48.90078316506304,1
47.95,681.9741667671552,276.192075662128,-87.1103535772068,27.246579604800143,-1.7086855692044935,34.0655625793413,-5.339642403764042,417,429,375,435,34.0655625793413,NEUTRAL,program,sonic_drive_three_laps.py,function,ec959a186dbd8278df967871b3a34262848e2c5ecc08c20aa12abb30068f0552,右壁追従 | target_deg=-4.265,,249.99750787614957,112.84365180911904,75.9631433395014,57.63368838680522,181.77973881264433,0,47.95,48.10567664097928,1
48.0,680.6135850301432,276.2623748848424,-86.9741323583992,27.24883080337276,-1.69927103787649,34.07071115116129,-5.310221993364031,417,429,375,435,34.07071115116129,NEUTRAL,program,sonic_drive_three_laps.py,function,ec959a186dbd8278df967871b3a34262848e2c5ecc08c20aa12abb30068f0552,右壁追従 | target_deg=-4.242,,250.0,113.77405051217268,76.31931739466637,56.3930164694846,181.84605965453122,0,48.0,47.331256387392024,1
48.05,679.2530927741308,276.33591812626673,-86.83748954185596,27.250066543122337,-1.7044247056642852,34.06789273908984,-5.326327205200891,417,429,375,435,34.06789273908984,NEUTRAL,program,sonic_drive_three_laps.py,function,ec959a186dbd8278df967871b3a34262848e2c5ecc08c20aa12abb30068f0552,右壁追従 | target_deg=-4.254,,249.45074739539658,113.84982661228214,75.70079180047209,57.054196951683785,182.59831861276507,0,48.05,46.5784040061105,1
48.1,677.892749927601,276.412714867543,-86.70022250128174,27.250260313041842,-1.7121683093852411,34.06365795580495,-5.3505259668288785,417,429,375,435,34.06365795580495,NEUTRAL,program,sonic_drive_three_laps.py,function,ec959a186dbd8278df967871b3a34262848e2c5ecc08c20aa12abb30068f0552,右壁追従 | target_deg=-4.274,,249.37064774380127,113.56633106382343,75.78668953700688,56.80067107418788,183.3546260759531,0,48.1,45.848124485233,1
48.15,676.5325637023983,276.49276509092283,-86.56355929502581,27.251156383288105,-1.7046023440360296,34.067795593105295,-5.326882325112592,417,429,375,435,34.067795593105295,NEUTRAL,program,sonic_drive_three_laps.py,function,ec959a186dbd8278df967871b3a34262848e2c5ecc08c20aa12abb30068f0552,右壁追従 | target_deg=-4.255,,249.5043061666476,114.80719221350687,75.97564105494962,55.550980583022906,181.96865751282527,0,48.15,45.14160831735798,1
48.2,675.1725348275747,276.57606213984434,-86.42686125953914,27.25181233781411,-1.7049895508790278,34.06758383936303,-5.328092346496962,417,429,375,435,34.06758383936303,NEUTRAL,program,sonic_drive_three_laps.py,function,ec959a186dbd8278df967871b3a34262848e2c5ecc08c20aa12abb30068f0552,右壁追従 | target_deg=-4.256,,250.0,114.84766659087681,76.07379057202772,56.08697696497626,182.6635102809649,0,48.2,44.459861166504,1
48.25,673.812679840666,276.6626054701539,-86.29017201401871,27.252334815677205,-1.7048440098068658,34.067663432136875,-5.327637530646456,417,429,375,435,34.067663432136875,NEUTRAL,program,sonic_drive_three_laps.py,function,ec959a186dbd8278df967871b3a34262848e2c5ecc08c20aa12abb30068f0552,右壁追従 | target_deg=-4.256,,250.0,115.15202460485368,76.04058147424894,55.71900317411621,182.5828554279639,0,48.25,43.80399343773951,1
48.3,672.4530009178559,276.7523913268451,-86.15379011036201,27.253121464635907,-1.7009704262707865,34.069781798133164,-5.315532582096208,417,429,375,435,34.069781798133164,NEUTRAL,program,sonic_drive_three_laps.py,function,ec959a186dbd8278df967871b3a34262848e2c5ecc08c20aa12abb30068f0552,右壁追従 | target_deg=-4.246,,249.63816604559435,115.20080740040912,76.77515351500621,55.74164964155146,182.80696830323402,0,48.3,43.175170223861905,1
48.35,671.0935018606434,276.84541481335606,-86.01750506494899,27.25385450520009,-1.6997160932458177,34.070467761506194,-5.3116127913931805,417,429,375,435,34.070467761506194,NEUTRAL,program,sonic_drive_three_laps.py,function,ec959a186dbd8278df967871b3a34262848e2c5ecc08c20aa12abb30068f0552,右壁追従 | target_deg=-4.243,,249.94134824723497,115.65526310151238,76.26964596391004,56.05252915735434,182.41160961892854,0,48.35,42.5745053177311,1
48.4,669.7341928603549,276.941673199124,-85.88130830163499,27.254535147920315,-1.6985720157166764,34.071093428904945,-5.308037549114614,417,429,375,435,34.071093428904945,NEUTRAL,program,sonic_drive_three_laps.py,function,ec959a186dbd8278df967871b3a34262848e2c5ecc08c20aa12abb30068f0552,右壁追従 | target_deg=-4.240,,250.0,116.24891005412076,76.26974392788442,55.25701745733129,182.34813939218176,0,48.4,42.003148621360644,1
48.45,668.3750597598992,277.04115808447796,-85.74583015384619,27.25595239134634,-1.6895453075551907,34.07602990993075,-5.279829086109971,417,429,375,435,34.07602990993075,NEUTRAL,program,sonic_drive_three_laps.py,function,ec959a186dbd8278df967871b3a34262848e2c5ecc08c20aa12abb30068f0552,右壁追従 | target_deg=-4.217,,249.9350731867311,118.1951558379293,77.07136032147072,54.76466909713845,182.01816158081448,0,48.45,41.462354034356416,1
48.5,667.0160894723368,277.14385748511535,-85.6107450928734,27.257542564107947,-1.6845519627516519,34.07876064537019,-5.264224883598912,417,429,375,435,34.07876064537019,NEUTRAL,program,sonic_drive_three_laps.py,function,ec959a186dbd8278df967871b3a34262848e2c5ecc08c20aa12abb30068f0552,右壁追従 | target_deg=-4.205,,250.0,118.61205707981183,77.0059638673197,53.58753684379462,181.9310195545127,0,48.5,40.95323112874873,1
48.55,665.657269872759,277.2497597318201,-85.47635602448288,27.259641111150824,-1.675761109316436,34.083568143342575,-5.236753466613862,417,429,375,435,34.083568143342575,NEUTRAL,program,sonic_drive_three_laps.py,function,ec959a186dbd8278df967871b3a34262848e2c5ecc08c20aa12abb30068f0552,右壁追従 | target_deg=-4.183,,249.86236771987086,118.83756236894669,77.61506556695116,53.89473554416835,181.71733225269966,0,48.55,40.47698017530237,1
48.6,664.298622670715,277.3588586724861,-85.34167942647078,27.260923177920155,-1.6792455601581455,34.081662584288516,-5.2476423754942045,417,429,375,435,34.081662584288516,NEUTRAL,program,sonic_drive_three_laps.py,function,ec959a186dbd8278df967871b3a34262848e2c5ecc08c20aa12abb30068f0552,右壁追従 | target_deg=-4.192,,250.0,119.40252466080487,76.73636611676072,53.87495436547185,181.94003907045212,0,48.6,40.03455611010548,1
48.65,662.940173264551,277.4711538401373,-85.20718675311927,27.262149865709986,-1.6768768016778364,34.08295799908243,-5.240240005243239,417,429,375,435,34.08295799908243,NEUTRAL,program,sonic_drive_three_laps.py,function,ec959a186dbd8278df967871b3a34262848e2c5ecc08c20aa12abb30068f0552,右壁追従 | target_deg=-4.186,,250.0,118.9590781262902,76.28479554982022,52.610330515416166,180.9190824449752,0,48.65,39.627122927064974,1
48.7,661.5819276670569,277.58663953872315,-85.07297058255614,27.263447497106803,-1.6733534001961134,34.08488485926775,-5.229229375612855,417,429,375,435,34.08488485926775,NEUTRAL,program,sonic_drive_three_laps.py,function,ec959a186dbd8278df967871b3a34262848e2c5ecc08c20aa12abb30068f0552,右壁追従 | target_deg=-4.177,,250.0,120.7672485497537,76.77147374599896,53.79370562618162,181.10243198336838,0,48.7,39.255738751548996,1
48.75,660.2239111523863,277.7053139784548,-84.93846933497197,27.26410799577066,-1.6768494876370195,34.082972936448506,-5.240154648865686,417,429,375,435,34.082972936448506,NEUTRAL,program,sonic_drive_three_laps.py,function,ec959a186dbd8278df967871b3a34262848e2c5ecc08c20aa12abb30068f0552,右壁追従 | target_deg=-4.186,,249.59960733962043,121.90899940038287,76.92267057919386,53.122700695918475,181.97742665172407,0,48.75,38.921275539939074,1
48.8,658.8661211521259,277.8271724828979,-84.80468345059475,27.265505136857612,-1.6678683999163868,34.08788446879573,-5.212088749738709,417,429,375,435,34.08788446879573,NEUTRAL,program,sonic_drive_three_laps.py,function,ec959a186dbd8278df967871b3a34262848e2c5ecc08c20aa12abb30068f0552,右壁追従 | target_deg=-4.164,,250.0,121.73803814334048,77.84007147255203,53.24223750229094,181.43534995590036,0,48.8,38.62484766768543,1
48.85,657.5085600109676,277.9522068582737,-84.67087317010974,27.266564641195856,-1.6680994064583567,34.08775813709308,-5.212810645182365,417,429,375,435,34.08775813709308,NEUTRAL,program,sonic_drive_three_laps.py,function,ec959a186dbd8278df967871b3a34262848e2c5ecc08c20aa12abb30068f0552,右壁追従 | target_deg=-4.164,,250.0,122.18960753358348,77.70415649018223,52.11023031541767,181.97699821743592,0,48.85,38.36714906315344,1
48.9,656.1512228509804,278.0804100175457,-84.53774374316866,27.26823029565955,-1.6595298204799511,34.092444629425025,-5.186030688999847,417,429,375,435,34.092444629425025,NEUTRAL,program,sonic_drive_three_laps.py,function,ec959a186dbd8278df967871b3a34262848e2c5ecc08c20aa12abb30068f0552,右壁追従 | target_deg=-4.143,,250.0,122.88289833007103,77.98033343862737,51.636109760880615,181.08407233534314,0,48.9,38.14908508658904,1
48.95,654.7941118108613,278.2117728525638,-84.40470743758523,27.26964403338255,-1.6582776692237968,34.09312939964323,-5.182117716324365,417,429,375,435,34.09312939964323,NEUTRAL,program,sonic_drive_three_laps.py,function,ec959a186dbd8278df967871b3a34262848e2c5ecc08c20aa12abb30068f0552,右壁追従 | target_deg=-4.140,,249.81949018972583,122.96042002028163,78.15517999059762,51.46968338077439,181.707399197146,0,48.95,37.971190156351675,1
49.0,653.4372134877154,278.3462850100911,-84.27258594742061,27.271874181968816,-1.6467658429093066,34.09942492965897,-5.146143259091583,417,429,375,435,34.09942492965897,NEUTRAL,program,sonic_drive_three_laps.py,function,ec959a186dbd8278df967871b3a34262848e2c5ecc08c20aa12abb30068f0552,右壁追従 | target_deg=-4.111,,249.29988455244882,123.5824480951205,78.77039478020023,51.0737228912528,180.864590230262,0,49.0,37.834207495873976,1
49.05,652.0805397899085,278.4839369965502,-84.14028082375097,27.273386907237533,-1.6489448076405162,34.09823330832159,-5.152952523876613,417,429,375,435,34.09823330832159,NEUTRAL,program,sonic_drive_three_laps.py,function,ec959a186dbd8278df967871b3a34262848e2c5ecc08c20aa12abb30068f0552,右壁追従 | target_deg=-4.116,,250.0,124.3582343168498,78.05988180526836,51.045247882127015,181.2757833392724,0,49.05,37.738325710002506,1
49.1,650.7241061078927,278.62472476768994,-84.00840008459858,27.275089590802118,-1.6435605028412303,34.1011778500087,-5.136126571378845,417,429,375,435,34.1011778500087,NEUTRAL,program,sonic_drive_three_laps.py,function,ec959a186dbd8278df967871b3a34262848e2c5ecc08c20aa12abb30068f0552,右壁追従 | target_deg=-4.103,,249.16451345781746,125.47219108804546,77.86425382795098,51.00682461302997,180.19920032400617,0,49.1,37.68399655663956,1
49.15,649.3678905958802,278.76863467239536,-83.87746218354626,27.277579271974712,-1.63168655206004,34.107671416842166,-5.099020475187626,417,429,375,435,34.107671416842166,NEUTRAL,program,sonic_drive_three_laps.py,function,ec959a186dbd8278df967871b3a34262848e2c5ecc08c20aa12abb30068f0552,右壁追従 | target_deg=-4.073,,250.0,125.62898211502913,79.40377624050616,50.31419169361836,180.52944876855295,0,49.15,37.653321257800265,1
49.2,648.0118981760386,278.91565477284183,-83.74657733136003,27.279585970414374,-1.6308944919599901,34.10810457470938,-5.096545287374969,417,429,375,435,34.10810457470938,NEUTRAL,program,sonic_drive_three_laps.py,function,ec959a186dbd8278df967871b3a34262848e2c5ecc08c20aa12abb30068f0552,右壁追従 | target_deg=-4.071,,249.6340102101603,126.39131574909355,78.95814601645606,50.47457834465188,180.83203594277094,0,49.2,37.625531283951624,1
49.25,646.6561484584257,279.0657795864061,-83.61595945971004,27.281479656329296,-1.6274539792425207,34.10998610510175,-5.085793685132877,417,429,375,435,34.10998610510175,NEUTRAL,program,sonic_drive_three_laps.py,function,ec959a186dbd8278df967871b3a34262848e2c5ecc08c20aa12abb30068f0552,右壁追従 | target_deg=-4.063,,250.0,127.28479708661457,79.35201775564921,49.69301601492686,180.82022886569558,0,49.25,37.6006467219352,1
49.3,645.2975009861763,279.21792904697367,-83.62880771324775,27.383011709741012,0.6125460207574792,34.66501389489825,1.9142063148671227,418,437,375,435,34.66501389489825,NEUTRAL,program,sonic_drive_three_laps.py,function,ec959a186dbd8278df967871b3a34262848e2c5ecc08c20aa12abb30068f0552,右壁追従 | target_deg=1.531,,250.0,126.92470444550115,79.6520895574218,49.22977057702652,180.55166860398046,0,49.3,37.602511453106366,1
49.35,643.9408539482273,279.3673914861283,-83.82149932466525,27.24080901860552,2.852546020757479,33.44001389489825,8.914206314867123,416,444,375,435,33.44001389489825,NEUTRAL,program,sonic_drive_three_laps.py,function,ec959a186dbd8278df967871b3a34262848e2c5ecc08c20aa12abb30068f0552,右壁追従 | target_deg=7.101,,250.0,126.83822701583976,79.54754620970661,49.72252726843972,37.637557477734276,0,49.35,37.62961796025723,1
49.4,642.596233112751,279.50885268201887,-84.19116579849111,26.90979979842239,5.092546020757479,32.21501389489825,15.914206314867123,415,451,375,435,32.21501389489825,NEUTRAL,program,sonic_drive_three_laps.py,function,ec959a186dbd8278df967871b3a34262848e2c5ecc08c20aa12abb30068f0552,右壁追従 | target_deg=12.560,,250.0,127.42564411636155,79.41778537976435,49.665001732095796,38.12257444315111,0,49.4,37.67153654054746,1
49.45,641.2714019403072,279.6375926030636,-84.73224690081595,26.432533607460478,7.332546020757479,30.990013894898254,22.914206314867123,413,459,375,435,30.990013894898254,NEUTRAL,program,sonic_drive_three_laps.py,function,ec959a186dbd8278df967871b3a34262848e2c5ecc08c20aa12abb30068f0552,右壁追従 | target_deg=17.833,,250.0,127.18950712613565,80.46007398992805,49.49461618429833,38.45855546007897,0,49.45,37.71659588679273,1
49.5,639.9678296654032,279.75067459554845,-85.35202196584845,25.997016616856815,8.0,30.625,25.0,413,461,375,435,30.625,NEUTRAL,program,sonic_drive_three_laps.py,function,ec959a186dbd8278df967871b3a34262848e2c5ecc08c20aa12abb30068f0552,右壁追従 | target_deg=19.359,,250.0,125.9012167547754,80.11818266353549,50.101372138137215,39.04586277868956,0,49.5,37.74874811261087,1
49.55,638.676540855728,279.85000424884026,-85.8273584953522,25.839936513203078,5.76,31.625,18.0,414,453,375,435,31.625,NEUTRAL,program,sonic_drive_three_laps.py,function,ec959a186dbd8278df967871b3a34262848e2c5ecc08c20aa12abb30068f0552,右壁追従 | target_deg=14.154,,250.0,124.17198933298354,79.63578151540922,50.189312766963695,38.42621522469911,0,49.55,37.75888633782334,1
49.6,637.3859422998821,279.94047124928915,-86.13023893688566,25.89854458433749,3.52,32.625,11.0,415,446,375,435,32.625,NEUTRAL,program,sonic_drive_three_laps.py,function,ec959a186dbd8278df967871b3a34262848e2c5ecc08c20aa12abb30068f0552,右壁追従 | target_deg=8.743,,250.0,121.98681892057841,79.41062035002743,50.31991017123344,39.4180717676627,0,49.6,37.756791754271546,1
49.65,636.0870492906471,280.02655939788974,-86.26292281683291,26.124233207381007,1.28,33.625,4.0,417,439,375,435,33.625,NEUTRAL,program,sonic_drive_three_laps.py,function,ec959a186dbd8278df967871b3a34262848e2c5ecc08c20aa12abb30068f0552,右壁追従 | target_deg=3.197,,250.0,120.46332318713657,79.75210630879658,51.71008792979542,38.738706474030096,0,49.65,37.75257422367323,1
49.7,634.7729026114803,280.1122291047957,-86.27079720223367,26.479349003952553,0.0,34.625,0.0,418,435,375,435,34.625,NEUTRAL,program,sonic_drive_three_laps.py,function,ec959a186dbd8278df967871b3a34262848e2c5ecc08c20aa12abb30068f0552,右壁追従 | target_deg=0.000,,250.0,122.6609235557991,79.61767692776193,50.72468902305985,39.00083674324954,0,49.7,37.752195485485046,1
49.75,633.4414110798764,280.19901430142744,-86.27079720223367,26.82204386990489,0.0,35.0,0.0,418,435,375,435,35.0,NEUTRAL,program,sonic_drive_three_laps.py,function,ec959a186dbd8278df967871b3a34262848e2c5ecc08c20aa12abb30068f0552,右壁追従 | target_deg=0.000,,250.0,121.55854490533943,78.44741820592021,50.652891985353264,38.49336505751702,0,49.75,37.75219548548507,1
49.8,632.0969856696615,280.28547612302464,-86.38181403420374,27.024058048993943,1.6,34.648059888550335,5.0,418,440,375,435,34.648059888550335,NEUTRAL,program,sonic_drive_three_laps.py,function,ec959a186dbd8278df967871b3a34262848e2c5ecc08c20aa12abb30068f0552,仕切り壁予防：右壁の向き・離隔を保持 | target_deg=3.995,,250.0,121.29490741030459,78.52696863507119,49.97727298660975,37.88888396902103,0,49.8,37.74038275624964,1
49.85,630.7417115449758,280.3689844920483,-86.56693761668745,27.24399694157784,2.3263708862045407,35.0,7.26990901938919,418,442,375,435,35.0,NEUTRAL,program,sonic_drive_three_laps.py,function,ec959a186dbd8278df967871b3a34262848e2c5ecc08c20aa12abb30068f0552,仕切り壁予防：右壁の向き・離隔を保持 | target_deg=5.799,,250.0,122.10887626510095,77.98345700722855,49.826391613339126,39.021689557374245,0,49.85,37.71612291080337,1
49.9,629.3786228540981,280.44899143964864,-86.7147804873924,27.35112330278231,1.8400470055720195,34.64919025475569,5.750146892412561,418,441,375,435,34.64919025475569,NEUTRAL,program,sonic_drive_three_laps.py,function,ec959a186dbd8278df967871b3a34262848e2c5ecc08c20aa12abb30068f0552,仕切り壁予防：右壁の向き・離隔を保持 | target_deg=4.592,,250.0,121.31146396543133,78.94008245670838,50.823736434539086,38.321920531517584,0,49.9,37.692864827617996,1
49.95,628.0107535116989,280.5258935313666,-86.84961677024341,27.433027760524848,1.672639391163412,34.643200747792584,5.226998097385663,418,440,375,435,34.643200747792584,NEUTRAL,program,sonic_drive_three_laps.py,function,ec959a186dbd8278df967871b3a34262848e2c5ecc08c20aa12abb30068f0552,仕切り壁予防：右壁の向き・離隔を保持 | target_deg=4.175,,250.0,121.52029267754408,79.86782703348976,50.55878690233475,38.302381191928106,0,49.95,37.6681427689232,1
50.0,626.6392394813616,280.6003041433463,-86.93938118987921,27.49527441066471,1.1108621946436816,34.63654603931355,3.471444358261505,418,438,375,435,34.63654603931355,NEUTRAL,program,sonic_drive_three_laps.py,function,ec959a186dbd8278df967871b3a34262848e2c5ecc08c20aa12abb30068f0552,仕切り壁予防：右壁の向き・離隔を保持 | target_deg=2.775,,249.92933475928254,121.2235592052992,80.03643612331398,50.99291465928577,37.62289284437312,0,50.0,37.649381370283365,1
50.05,625.2649409468899,280.67253257238485,-87.04361449313416,27.542682741031815,1.28736652600867,34.63205115757296,4.023020393777093,418,439,375,435,34.63205115757296,NEUTRAL,program,sonic_drive_three_laps.py,function,ec959a186dbd8278df967871b3a34262848e2c5ecc08c20aa12abb30068f0552,仕切り壁予防：右壁の向き・離隔を保持 | target_deg=3.216,,250.0,120.57628915939227,80.49967337487422,50.00148238553396,37.856723585085156,0,50.05,37.62529482344624,1
50.1,623.8884457321722,280.74233032289027,-87.15077969246795,27.580091723793377,1.3215794926973368,34.63584853545709,4.129935914679177,418,439,375,435,34.63584853545709,NEUTRAL,program,sonic_drive_three_laps.py,function,ec959a186dbd8278df967871b3a34262848e2c5ecc08c20aa12abb30068f0552,仕切り壁予防：右壁の向き・離隔を保持 | target_deg=3.301,,248.7144406641634,120.9126864169812,80.17355258714669,51.62463586947423,39.05608463935817,0,50.1,37.62412268128497,1
50.15,622.5102751637796,280.81032566264486,-87.19939537919252,27.607984434317984,0.5877431941407825,34.62982618625183,1.8366974816899453,418,436,375,435,34.62982618625183,NEUTRAL,program,sonic_drive_three_laps.py,function,ec959a186dbd8278df967871b3a34262848e2c5ecc08c20aa12abb30068f0552,仕切り壁予防：右壁の向き・離隔を保持 | target_deg=1.469,,250.0,119.58587677809881,80.16598823417154,51.22670852692982,37.067698106111756,0,50.15,37.56757378197284,1
50.2,621.1308370335856,280.87692624753663,-87.2723080765111,27.629369670094277,0.8974468139323458,34.62859728958247,2.804521293538581,418,437,375,435,34.62859728958247,NEUTRAL,program,sonic_drive_three_laps.py,function,ec959a186dbd8278df967871b3a34262848e2c5ecc08c20aa12abb30068f0552,仕切り壁予防：右壁の向き・離隔を保持 | target_deg=2.243,,250.0,120.60778663358683,80.76354356402595,50.65760854969676,38.155761972333195,0,50.2,37.51815470770623,1
50.25,619.7503458441422,280.9413006717706,-87.38797970356148,27.646689507274957,1.4225944950400788,34.63277942870198,4.445607797000246,418,439,375,435,34.63277942870198,NEUTRAL,program,sonic_drive_three_laps.py,function,ec959a186dbd8278df967871b3a34262848e2c5ecc08c20aa12abb30068f0552,仕切り壁予防：右壁の向き・離隔を保持 | target_deg=3.553,,249.22756320626837,119.30779344888155,80.16056449435187,50.41289626295819,38.74298694504257,0,50.25,37.48107311011751,1
50.3,618.3690268869967,281.0033326857091,-87.46941914014452,27.65916484184091,1.0011703687682234,34.62755839029541,3.128657402400698,418,438,375,435,34.62755839029541,NEUTRAL,program,sonic_drive_three_laps.py,function,ec959a186dbd8278df967871b3a34262848e2c5ecc08c20aa12abb30068f0552,仕切り壁予防：右壁の向き・離隔を保持 | target_deg=2.502,,250.0,118.36931998508516,80.99509150788911,51.078091094805494,37.743099854160285,0,50.3,37.43828279666843,1
50.35,616.9871273203007,281.06393057118913,-87.50882635921558,27.66808394636383,0.48430697140017714,34.62342734047952,1.5134592856255535,418,436,375,435,34.62342734047952,NEUTRAL,program,sonic_drive_three_laps.py,function,ec959a186dbd8278df967871b3a34262848e2c5ecc08c20aa12abb30068f0552,仕切り壁予防：右壁の向き・離隔を保持 | target_deg=1.211,,249.66326120315847,120.47670719728372,80.58956044813587,50.96613440894273,37.008922129181464,0,50.35,37.387003354137335,1
50.4,615.6047949238337,281.12346290954264,-87.55915398276696,27.67502355598253,0.6183346838329222,34.623596625300145,1.9322958869778821,418,437,375,435,34.623596625300145,NEUTRAL,program,sonic_drive_three_laps.py,function,ec959a186dbd8278df967871b3a34262848e2c5ecc08c20aa12abb30068f0552,仕切り壁予防：右壁の向き・離隔を保持 | target_deg=1.546,,249.7335166251652,119.88009365853924,80.58854838938662,50.57098828006969,37.593302520526535,0,50.4,37.33937904625515,1
50.45,614.222133469596,281.18183996151896,-87.60557218832683,27.679729756180798,0.5701909543086936,34.61988316263673,1.7818467322146674,418,436,375,435,34.61988316263673,NEUTRAL,program,sonic_drive_three_laps.py,function,ec959a186dbd8278df967871b3a34262848e2c5ecc08c20aa12abb30068f0552,仕切り壁予防：右壁の向き・離隔を保持 | target_deg=1.425,,249.22773230745395,118.16786168231513,80.8391211399724,50.048099741285775,36.9084001996215,0,50.45,37.29199225811584,1
50.5,612.8392134038247,281.23924398109136,-87.6405435186205,27.683851813626543,0.42951865094687247,34.62252586850873,1.3422457842089766,418,436,375,435,34.62252586850873,NEUTRAL,program,sonic_drive_three_laps.py,function,ec959a186dbd8278df967871b3a34262848e2c5ecc08c20aa12abb30068f0552,仕切り壁予防：右壁の向き・離隔を保持 | target_deg=1.074,,250.0,119.81621897461058,80.44935712390513,51.289864184760035,37.65731118706273,0,50.5,37.242872854136635,1
50.55,611.4560806481536,281.29605296311564,-87.65551691317185,27.687372549676674,0.1838814076664458,34.6243431117553,0.5746293989576432,418,435,375,435,34.6243431117553,NEUTRAL,program,sonic_drive_three_laps.py,function,ec959a186dbd8278df967871b3a34262848e2c5ecc08c20aa12abb30068f0552,仕切り壁予防：右壁の向き・離隔を保持 | target_deg=0.460,,248.45848234549175,120.15629432401273,80.13152282038216,51.48762958429022,37.43850760774239,0,50.55,37.1896122335458,1
50.6,610.072738301391,281.3520321532081,-87.70987861938963,27.690880859771628,0.6674786324819446,34.62867510920272,2.085870726506077,418,437,375,435,34.62867510920272,NEUTRAL,program,sonic_drive_three_laps.py,function,ec959a186dbd8278df967871b3a34262848e2c5ecc08c20aa12abb30068f0552,仕切り壁予防：右壁の向き・離隔を保持 | target_deg=1.668,,249.98240464217852,119.15603572909045,80.22392872823437,50.94153624017727,38.35701168591111,0,50.6,37.14652162154579,1
50.65,608.6892136122035,281.4067890401608,-87.75720343380846,27.69299475386833,0.5810267853125657,34.62532613789413,1.8157087041017679,418,436,375,435,34.62532613789413,NEUTRAL,program,sonic_drive_three_laps.py,function,ec959a186dbd8278df967871b3a34262848e2c5ecc08c20aa12abb30068f0552,仕切り壁予防：右壁の向き・離隔を保持 | target_deg=1.452,,250.0,119.05430155540726,81.02199591897097,51.14800752641947,37.76130666062623,0,50.65,37.10299267517382,1
50.7,607.3055489650251,281.46022580725133,-87.81949872102767,27.69453278041155,0.7647576429730829,34.62477436089903,2.389867634290884,418,437,375,435,34.62477436089903,NEUTRAL,program,sonic_drive_three_laps.py,function,ec959a186dbd8278df967871b3a34262848e2c5ecc08c20aa12abb30068f0552,仕切り壁予防：右壁の向き・離隔を保持 | target_deg=1.911,,249.3696684435272,120.31309177534199,80.44802930083509,50.18986025749961,37.492469665957856,0,50.7,37.06434659546352,1
50.75,605.9217550182234,281.51204170139846,-87.89164646368359,27.69576374053072,0.8856484594954327,34.62499369937788,2.767651435923227,418,437,375,435,34.62499369937788,NEUTRAL,program,sonic_drive_three_laps.py,function,ec959a186dbd8278df967871b3a34262848e2c5ecc08c20aa12abb30068f0552,仕切り壁予防：右壁の向き・離隔を保持 | target_deg=2.213,,250.0,118.92891918754826,80.2055550196512,49.98906466810244,37.37656323617116,0,50.75,37.02967619278854,1
50.8,604.5378708231065,281.5622936810854,-87.94910110635573,27.696033466790766,0.7052875347502073,34.62120075696905,2.204023546094398,418,437,375,435,34.62120075696905,NEUTRAL,program,sonic_drive_three_laps.py,function,ec959a186dbd8278df967871b3a34262848e2c5ecc08c20aa12abb30068f0552,仕切り壁予防：右壁の向き・離隔を保持 | target_deg=1.763,,249.07912048259425,119.65909462703435,81.22194618628211,50.71673474883851,37.43134567386249,0,50.8,36.99308989388726,1
50.85,603.1539140943543,281.6108279711911,-88.03390793737707,27.696230380680987,1.040980326931672,34.62113404894399,3.253063521661475,418,438,375,435,34.62113404894399,NEUTRAL,program,sonic_drive_three_laps.py,function,ec959a186dbd8278df967871b3a34262848e2c5ecc08c20aa12abb30068f0552,仕切り壁予防：右壁の向き・離隔を保持 | target_deg=2.601,,249.5814019425621,118.74364189360324,81.38427534035051,50.348088538632624,38.076528843368884,0,50.85,36.9647463278867,1
50.9,601.7698927405308,281.6574820240762,-88.10478091200484,27.69609890384136,0.8699750199451702,34.61955871781805,2.718671937328657,418,437,375,435,34.61955871781805,NEUTRAL,program,sonic_drive_three_laps.py,function,ec959a186dbd8278df967871b3a34262848e2c5ecc08c20aa12abb30068f0552,仕切り壁予防：右壁の向き・離隔を保持 | target_deg=2.174,,250.0,119.21875979515634,80.8527895404151,50.170497272890486,37.1664277499255,0,50.9,36.93498324483846,1
50.95,600.3858075041608,281.7023143733078,-88.18474442256618,27.696307500188315,0.981539326050943,34.62128064393543,3.067310393909197,418,438,375,435,34.62128064393543,NEUTRAL,program,sonic_drive_three_laps.py,function,ec959a186dbd8278df967871b3a34262848e2c5ecc08c20aa12abb30068f0552,仕切り壁予防：右壁の向き・離隔を保持 | target_deg=2.453,,249.53568793969566,118.57877744730143,80.82684512417124,50.369932167012536,37.77128716033573,0,50.95,36.9092275987623,1
51.0,599.0016807201504,281.7454771040726,-88.24298002204995,27.695787585606958,0.714871499105315,34.617500583032225,2.2339734347041094,418,437,375,435,34.617500583032225,NEUTRAL,program,sonic_drive_three_laps.py,function,ec959a186dbd8278df967871b3a34262848e2c5ecc08c20aa12abb30068f0552,仕切り壁予防：右壁の向き・離隔を保持 | target_deg=1.787,,249.5730829586992,118.24742436203631,81.6252786082805,50.80699193690297,37.41349664482466,0,51.0,36.87997079300567,1
51.05,597.6175519754827,281.78736316437676,-88.29034492451706,27.69489453624881,0.5814540417596666,34.61478103606117,1.8170438804989582,418,436,375,435,34.61478103606117,NEUTRAL,program,sonic_drive_three_laps.py,function,ec959a186dbd8278df967871b3a34262848e2c5ecc08c20aa12abb30068f0552,仕切り壁予防：右壁の向き・離隔を保持 | target_deg=1.453,,249.70187283819988,118.70267026091875,81.72555938216479,50.69584881288568,37.342565665976736,0,51.05,36.84940281487684,1
51.1,596.2334709910506,281.82846128661305,-88.3080372777983,27.693116413739787,0.21720987491499785,34.60875551976864,0.6787808591093683,418,435,375,435,34.60875551976864,NEUTRAL,program,sonic_drive_three_laps.py,function,ec959a186dbd8278df967871b3a34262848e2c5ecc08c20aa12abb30068f0552,仕切り壁予防：右壁の向き・離隔を保持 | target_deg=0.543,,250.0,118.77803333614412,81.71998192189189,50.085528662990015,36.213198746102876,0,51.1,36.81253419558686,1
51.15,594.8493918274063,281.86840384645814,-88.38710968208414,27.693105646629995,0.9880790501655635,34.61633579561973,3.087747031767386,418,438,375,435,34.61633579561973,NEUTRAL,program,sonic_drive_three_laps.py,function,ec959a186dbd8278df967871b3a34262848e2c5ecc08c20aa12abb30068f0552,仕切り壁予防：右壁の向き・離隔を保持 | target_deg=2.469,,249.455627343589,118.70738026706961,80.80264256076208,49.63974190565537,37.953083522212395,0,51.15,36.79150667075669,1
51.2,593.4727728765084,281.9059900007479,-88.48494686066849,27.443994208141657,1.2075716790430948,33.23464426944071,3.7736614970096714,416,438,375,435,33.23464426944071,NEUTRAL,program,sonic_drive_three_laps.py,function,ec959a186dbd8278df967871b3a34262848e2c5ecc08c20aa12abb30068f0552,仕切り壁予防：右壁の向き・離隔を保持 | target_deg=3.017,,250.0,118.08373729071356,80.83806253348034,49.45737200008938,37.379489728187544,0,51.2,36.77735168935641,1
51.25,592.1075016928756,281.94093238926996,-88.58286729465723,27.22938174407637,1.2186965463113555,33.114609238023306,3.808426707222986,416,438,375,435,33.114609238023306,NEUTRAL,program,sonic_drive_three_laps.py,function,ec959a186dbd8278df967871b3a34262848e2c5ecc08c20aa12abb30068f0552,仕切り壁予防：右壁の向き・離隔を保持 | target_deg=3.044,,250.0,118.22996890794929,81.87469340343013,48.52854057198737,36.39140419723154,0,51.25,36.76589067869281,1
51.3,590.7514784078764,281.9735366585576,-88.66242018717578,27.062037620691385,0.9969385370240157,33.10852532623598,3.115432928200049,416,438,375,435,33.10852532623598,NEUTRAL,program,sonic_drive_three_laps.py,function,ec959a186dbd8278df967871b3a34262848e2c5ecc08c20aa12abb30068f0552,仕切り壁予防：右壁の向き・離隔を保持 | target_deg=2.491,,250.0,117.94095279884512,81.25467964464596,48.87971602841875,36.193578720048876,0,51.3,36.75238548482281,1
51.35,589.4019857368662,282.0044755807188,-88.71087539743078,26.954270566335342,0.6102226637945734,33.22979923756499,1.9069458243580417,416,437,375,435,33.22979923756499,NEUTRAL,program,sonic_drive_three_laps.py,function,ec959a186dbd8278df967871b3a34262848e2c5ecc08c20aa12abb30068f0552,仕切り壁予防：右壁の向き・離隔を保持 | target_deg=1.525,,250.0,116.9217947844744,81.39216244514375,51.027033964279596,37.35279275680444,0,51.35,36.73308945558739,1
51.4,588.051680414783,282.0344106140931,-88.7491506486758,27.0510784669276,0.4817459310240039,34.22979923756499,1.5054560344500123,417,436,375,435,34.22979923756499,NEUTRAL,program,sonic_drive_three_laps.py,function,ec959a186dbd8278df967871b3a34262848e2c5ecc08c20aa12abb30068f0552,仕切り壁予防：右壁の向き・離隔を保持 | target_deg=1.204,,250.0,117.3267538188625,81.15159555425447,50.178068260596476,36.83200171946849,0,51.4,36.71235647329786,1
51.45,586.6951156660226,282.0636335579131,-88.78271441865157,27.194309382753637,0.4205044363585672,34.608302044219954,1.3140763636205226,418,436,375,435,34.608302044219954,NEUTRAL,program,sonic_drive_three_laps.py,function,ec959a186dbd8278df967871b3a34262848e2c5ecc08c20aa12abb30068f0552,仕切り壁予防：右壁の向き・離隔を保持 | target_deg=1.051,,249.8993470268472,116.75030126873916,82.370831049792,50.565686733247084,37.15902278206408,0,51.45,36.691206640626035,1
51.5,585.3323498113101,282.09242211213444,-88.79688834752622,27.305383595740885,0.17677451867588856,34.60897821899031,0.5524203708621518,418,435,375,435,34.60897821899031,NEUTRAL,program,sonic_drive_three_laps.py,function,ec959a186dbd8278df967871b3a34262848e2c5ecc08c20aa12abb30068f0552,仕切り壁予防：右壁の向き・離隔を保持 | target_deg=0.442,,250.0,117.62853036142593,81.09234207631087,50.30798393205057,36.493142248344824,0,51.5,36.6658284100767,1
51.55,583.9647651654565,282.12083969622137,-88.82231079533281,27.391830606598166,0.3159467728516961,34.61122213603847,0.9873336651615503,418,436,375,435,34.61122213603847,NEUTRAL,program,sonic_drive_three_laps.py,function,ec959a186dbd8278df967871b3a34262848e2c5ecc08c20aa12abb30068f0552,仕切り壁予防：右壁の向き・離隔を保持 | target_deg=0.790,,249.6523083853879,117.57325938191154,81.71934638833532,50.936341849477664,37.58295342860914,0,51.55,36.643529181724375,1
51.6,582.5934034089213,282.1488722756349,-88.83560138267046,27.459933773776594,0.1647210671578827,34.61753373714506,0.5147533348683835,418,435,375,435,34.61753373714506,NEUTRAL,program,sonic_drive_three_laps.py,function,ec959a186dbd8278df967871b3a34262848e2c5ecc08c20aa12abb30068f0552,仕切り壁予防：右壁の向き・離隔を保持 | target_deg=0.412,,250.0,117.74664598482163,79.82035697351755,50.750127270606065,36.940712074625765,0,51.6,36.61869602021676,1
51.65,581.2191090714557,282.1767851866676,-88.83728121502914,27.512287681408846,0.02077521504184958,34.61530682360836,0.06492254700577993,418,435,375,435,34.61530682360836,NEUTRAL,program,sonic_drive_three_laps.py,function,ec959a186dbd8278df967871b3a34262848e2c5ecc08c20aa12abb30068f0552,仕切り壁予防：右壁の向き・離隔を保持 | target_deg=0.052,,249.27104424317974,117.60568605047683,81.02043990898008,50.69987578863928,36.76238068544618,0,51.65,36.59118753143241,1
51.7,579.842585644465,282.20500928785674,-88.81347388863719,27.551969015989354,-0.29395500236274413,34.61045868606835,-0.9186093823835755,418,434,375,435,34.61045868606835,NEUTRAL,program,sonic_drive_three_laps.py,function,ec959a186dbd8278df967871b3a34262848e2c5ecc08c20aa12abb30068f0552,仕切り壁予防：右壁の向き・離隔を保持 | target_deg=-0.735,,249.8730120474297,117.6436453639179,81.57734072645022,50.925316514230744,36.42018145742085,0,51.7,36.557232604603314,1
51.75,578.4643479355705,282.2337295219298,-88.79896979363365,27.5830442580656,-0.1788626842354296,34.612325239039535,-0.5589458882357174,418,434,375,435,34.612325239039535,NEUTRAL,program,sonic_drive_three_laps.py,function,ec959a186dbd8278df967871b3a34262848e2c5ecc08c20aa12abb30068f0552,仕切り壁予防：右壁の向き・離隔を保持 | target_deg=-0.447,,250.0,117.79917180585605,81.61638681496007,51.57414012106422,37.55639098860479,0,51.75,36.5250218604736,1
51.8,577.0847905571369,282.26288572070234,-88.77956009303819,27.606661444071108,-0.23912693380260777,34.60980195030837,-0.7472716681331493,418,434,375,435,34.60980195030837,NEUTRAL,program,sonic_drive_three_laps.py,function,ec959a186dbd8278df967871b3a34262848e2c5ecc08c20aa12abb30068f0552,仕切り壁予防：右壁の向き・離隔を保持 | target_deg=-0.598,,250.0,117.7319875748521,81.67003395279967,50.88756105983718,36.74383499767514,0,51.8,36.49119561579539,1
51.85,575.7042571418583,282.2929944342848,-88.72165392045179,27.624167727324853,-0.7128549486562489,34.60542830014967,-2.2276717145507776,418,432,375,435,34.60542830014967,NEUTRAL,program,sonic_drive_three_laps.py,function,ec959a186dbd8278df967871b3a34262848e2c5ecc08c20aa12abb30068f0552,仕切り壁予防：右壁の向き・離隔を保持 | target_deg=-1.782,,249.939056138982,118.3568491468668,82.06478643334106,51.68165681055101,36.395181870133754,0,51.85,36.4471614853108,1
51.9,574.3229456114987,282.3235042118831,-88.7536723173712,27.63873955230432,0.481953662081668,34.61103469613058,1.5061051940052126,418,436,375,435,34.61103469613058,NEUTRAL,program,sonic_drive_three_laps.py,function,ec959a186dbd8278df967871b3a34262848e2c5ecc08c20aa12abb30068f0552,仕切り壁予防：右壁の向き・離隔を保持 | target_deg=1.205,,250.0,117.75215826077806,81.4009352620705,49.29408686938087,37.6857178871885,0,51.9,36.42435026883044,1
51.95,572.940997174615,282.35354560295025,-88.755679233499,27.649929873778465,0.024682189809887803,34.610493408967294,0.07713184315589938,418,435,375,435,34.610493408967294,NEUTRAL,program,sonic_drive_three_laps.py,function,ec959a186dbd8278df967871b3a34262848e2c5ecc08c20aa12abb30068f0552,仕切り壁予防：右壁の向き・離隔を保持 | target_deg=0.062,,249.21707358514348,118.1460061861686,80.67095893456393,50.301244825410876,36.084671265913336,0,51.95,36.39479153147062,1
52.0,571.5586052004345,282.38403234384225,-88.717572183865,27.65759994764047,-0.468498030819323,34.60495567528995,-1.4640563463103844,418,433,375,435,34.60495567528995,NEUTRAL,program,sonic_drive_three_laps.py,function,ec959a186dbd8278df967871b3a34262848e2c5ecc08c20aa12abb30068f0552,仕切り壁予防：右壁の向き・離隔を保持 | target_deg=-1.171,,248.96703121538658,117.60704169925413,81.47501441284605,50.3682646158606,35.59816927895639,0,52.0,36.35514238697715,1
52.05,570.1759023851021,282.4156999002556,-88.65843635520304,27.66374120150297,-0.7268312219242771,34.60606341467103,-2.2713475685133657,418,432,375,435,34.60606341467103,NEUTRAL,program,sonic_drive_three_laps.py,function,ec959a186dbd8278df967871b3a34262848e2c5ecc08c20aa12abb30068f0552,仕切り壁予防：右壁の向き・離隔を保持 | target_deg=-1.817,,250.0,118.11021736012214,81.05865162370166,51.10090243630996,36.18313740568986,0,52.05,36.18722591860741,1
52.1,568.792948129809,282.4482552839766,-88.6445233869976,27.668719019894596,-0.17097763650588546,34.60728679476396,-0.5343051140808921,418,434,375,435,34.60728679476396,NEUTRAL,program,sonic_drive_three_laps.py,function,ec959a186dbd8278df967871b3a34262848e2c5ecc08c20aa12abb30068f0552,仕切り壁予防：右壁の向き・離隔を保持 | target_deg=-0.427,,250.0,119.21722150749217,81.6942260333111,50.17799128895283,36.97374827003523,0,52.1,35.803809428274455,1
52.15,567.4097776840755,282.4808486215844,-88.65571512502952,27.672641607110982,0.13751478036619078,34.60765605353764,0.42973368864434613,418,435,375,435,34.60765605353764,NEUTRAL,program,sonic_drive_three_laps.py,function,ec959a186dbd8278df967871b3a34262848e2c5ecc08c20aa12abb30068f0552,仕切り壁予防：右壁の向き・離隔を保持 | target_deg=0.344,,249.79502997803272,118.5775150419802,81.62497975983767,49.97832269206315,36.83427648668717,0,52.15,35.4716885538382,1
52.2,566.0313670507462,282.5127958329594,-88.6888893199626,27.512003575942575,0.40902203261822423,33.69979660448724,1.2781938519319507,417,436,375,435,33.69979660448724,NEUTRAL,program,sonic_drive_three_laps.py,function,ec959a186dbd8278df967871b3a34262848e2c5ecc08c20aa12abb30068f0552,仕切り壁予防：右壁の向き・離隔を保持 | target_deg=1.022,,250.0,119.26810070536834,81.926252315021,49.43259491778003,36.62526068809869,0,52.2,35.193585586877795,1
52.25,564.6549932905416,282.5445444332022,-88.66831360459376,27.54974238008188,-0.25406750504838355,34.59932898790938,-0.7939609532761986,418,434,375,435,34.59932898790938,NEUTRAL,program,sonic_drive_three_laps.py,function,ec959a186dbd8278df967871b3a34262848e2c5ecc08c20aa12abb30068f0552,仕切り壁予防：右壁の向き・離隔を保持 | target_deg=-0.635,,249.86815425374624,118.39843685299255,82.2399507311026,50.33827346121098,35.600022016790405,0,52.25,34.95354396272169,1
52.3,563.2807258842021,282.57647315651184,-88.66982883890623,27.455409159401608,0.018738735222950994,33.91394316682333,0.05855854757172185,417,435,375,435,33.91394316682333,NEUTRAL,program,sonic_drive_three_laps.py,function,ec959a186dbd8278df967871b3a34262848e2c5ecc08c20aa12abb30068f0552,仕切り壁予防：右壁の向き・離隔を保持 | target_deg=0.047,,250.0,118.55327295547856,80.97672711266725,49.89805037785655,36.60746393430503,0,52.3,34.76751803109675,1
52.35,561.906767459722,282.60854946413315,-88.6554129843097,27.50714250332248,-0.17831833489209928,34.60620899639253,-0.5572447965378102,418,434,375,435,34.60620899639253,NEUTRAL,program,sonic_drive_three_laps.py,function,ec959a186dbd8278df967871b3a34262848e2c5ecc08c20aa12abb30068f0552,仕切り壁予防：右壁の向き・離隔を保持 | target_deg=-0.446,,249.44892554855133,118.23304023343776,80.92889424757483,50.154728066482186,36.06882541438967,0,52.35,34.62771945144534,1
52.4,560.5345674791275,282.64053180680924,-88.67424512346136,27.414941107393425,0.23324419118789222,33.87251783939412,0.7288880974621632,417,435,375,435,33.87251783939412,NEUTRAL,program,sonic_drive_three_laps.py,function,ec959a186dbd8278df967871b3a34262848e2c5ecc08c20aa12abb30068f0552,仕切り壁予防：右壁の向き・離隔を保持 | target_deg=0.583,,250.0,118.8833780151278,81.9783563306711,49.653303533058086,36.78794586488982,0,52.4,34.54622739652632,1
52.45,559.1675693719853,282.6721895540084,-88.67245034139454,27.30294015547249,-0.02231394089750566,33.64744458294412,-0.06973106530470519,417,434,375,435,33.64744458294412,NEUTRAL,program,sonic_drive_three_laps.py,function,ec959a186dbd8278df967871b3a34262848e2c5ecc08c20aa12abb30068f0552,仕切り壁予防：右壁の向き・離隔を保持 | target_deg=-0.056,,249.32245125602097,118.88462789449142,82.12623998379185,49.54516729999415,35.67534133666679,0,52.45,34.510957147551224,1
52.5,557.8002276449217,282.70412104126535,-88.65198298872477,27.38795762068766,-0.2543971721137341,34.60023862439673,-0.7949911628554189,418,434,375,435,34.60023862439673,NEUTRAL,program,sonic_drive_three_laps.py,function,ec959a186dbd8278df967871b3a34262848e2c5ecc08c20aa12abb30068f0552,仕切り壁予防：右壁の向き・離隔を保持 | target_deg=-0.636,,250.0,119.70802828960737,82.11266222660207,50.80601060608659,36.46709082195308,0,52.5,34.50518728911209,1
52.55,556.4292246172589,282.73680692504,-88.61657374609754,27.45400880037321,-0.43892998886186546,34.60131081679285,-1.3716562151933296,418,433,375,435,34.60131081679285,NEUTRAL,program,sonic_drive_three_laps.py,function,ec959a186dbd8278df967871b3a34262848e2c5ecc08c20aa12abb30068f0552,仕切り壁予防：右壁の向き・離隔を保持 | target_deg=-1.097,,249.91501287471732,118.69192675384195,81.34249987852256,50.28083589832983,35.91915262911681,0,52.55,34.49762384127421,1
52.6,555.0585716776994,282.76994937740614,-88.61313680384453,27.399476727011344,-0.042615408051961484,34.01503983765883,-0.13317315016237963,417,434,375,435,34.01503983765883,NEUTRAL,program,sonic_drive_three_laps.py,function,ec959a186dbd8278df967871b3a34262848e2c5ecc08c20aa12abb30068f0552,仕切り壁予防：右壁の向き・離隔を保持 | target_deg=-0.107,,249.68987086506505,119.21138413268149,82.23319388614323,49.36796157170709,36.269960763337956,0,52.6,34.49697100553404,1
52.65,553.6914658967826,282.80352522805276,-88.57308256595668,27.318159290769547,-0.49791291673061705,33.79830530127842,-1.5559778647831783,417,433,375,435,33.79830530127842,NEUTRAL,program,sonic_drive_three_laps.py,function,ec959a186dbd8278df967871b3a34262848e2c5ecc08c20aa12abb30068f0552,仕切り壁予防：右壁の向き・離隔を保持 | target_deg=-1.245,,249.92986105404378,119.15195367917347,81.95319012107207,49.47631510333612,34.917834171368774,0,52.65,34.49030760561385,1
52.7,552.3265396260683,282.83798804456006,-88.53422712693512,27.30005778645151,-0.48377434321021373,34.04729612633706,-1.511794822531918,417,433,375,435,34.04729612633706,NEUTRAL,program,sonic_drive_three_laps.py,function,ec959a186dbd8278df967871b3a34262848e2c5ecc08c20aa12abb30068f0552,仕切り壁予防：右壁の向き・離隔を保持 | target_deg=-1.209,,249.7096260951645,119.82880470090114,81.89903331397524,49.68201862616275,35.634504892557885,0,52.7,34.484748351520416,1
52.75,550.9624697000462,282.8736970426799,-88.46664846503917,27.284641651993216,-0.8418637999245192,34.039564093943085,-2.6308243747641225,417,432,375,435,34.039564093943085,NEUTRAL,program,sonic_drive_three_laps.py,function,ec959a186dbd8278df967871b3a34262848e2c5ecc08c20aa12abb30068f0552,仕切り壁予防：右壁の向き・離隔を保持 | target_deg=-2.104,,249.50572300703564,119.41769203840444,81.96939708987028,49.68373062042557,34.85065869288482,0,52.75,34.47663795944725,1
52.8,549.5980575850789,282.91156324773425,-88.35393535133905,27.308005635932115,-1.403536355577271,34.23539426558372,-4.386051111178972,417,430,375,435,34.23539426558372,NEUTRAL,program,sonic_drive_three_laps.py,function,ec959a186dbd8278df967871b3a34262848e2c5ecc08c20aa12abb30068f0552,仕切り壁予防：右壁の向き・離隔を保持 | target_deg=-3.505,,250.0,119.49849498967812,82.62624831367866,49.43896799246286,33.86848161359997,0,52.8,34.46565013588585,1
52.85,548.2310320601326,282.95185448450457,-88.26961021169608,27.38148255808975,-1.048074927870041,34.54255894445632,-3.275234149593878,418,431,375,435,34.54255894445632,NEUTRAL,program,sonic_drive_three_laps.py,function,ec959a186dbd8278df967871b3a34262848e2c5ecc08c20aa12abb30068f0552,仕切り壁予防：右壁の向き・離隔を保持 | target_deg=-2.619,,250.0,120.17371475161625,81.91364208823886,49.16910140584273,35.06631746071008,0,52.85,34.45932167629842,1
52.9,546.861943646838,282.993922743267,-88.2104191223679,27.403353857419994,-0.7345900099247527,34.348165976178926,-2.295593781014852,417,432,375,435,34.348165976178926,NEUTRAL,program,sonic_drive_three_laps.py,function,ec959a186dbd8278df967871b3a34262848e2c5ecc08c20aa12abb30068f0552,仕切り壁予防：右壁の向き・離隔を保持 | target_deg=-1.836,,250.0,119.48444255359419,82.76455060308115,49.283770732586994,35.41604767864394,0,52.9,34.456232677858274,1
52.95,545.4928638283697,283.03663518871764,-88.21787714126187,27.389388095120275,0.12466701925900636,34.1767289116776,0.3895844351843949,417,435,375,435,34.1767289116776,NEUTRAL,program,sonic_drive_three_laps.py,function,ec959a186dbd8278df967871b3a34262848e2c5ecc08c20aa12abb30068f0552,仕切り壁予防：右壁の向き・離隔を保持 | target_deg=0.312,,250.0,119.70813174835165,82.04662649467498,48.42519041319442,36.20880953768939,0,52.95,34.45642058659103,1
53.0,544.1269387639452,283.07907411626445,-88.22293863982864,27.29385098231121,0.06296387862267323,33.70682272384273,0.19676212069585386,417,435,375,435,33.70682272384273,NEUTRAL,program,sonic_drive_three_laps.py,function,ec959a186dbd8278df967871b3a34262848e2c5ecc08c20aa12abb30068f0552,仕切り壁予防：右壁の向き・離隔を保持 | target_deg=0.157,,250.0,119.80323929138295,82.44409811098596,49.124778433330505,35.65185677244745,0,53.0,34.4564442839046,1
53.05,542.7649575310521,283.121481102153,-88.21026245398822,27.225927811548676,-0.15814478566824433,33.74056662887823,-0.49420245521326356,417,434,375,435,33.74056662887823,NEUTRAL,program,sonic_drive_three_laps.py,function,ec959a186dbd8278df967871b3a34262848e2c5ecc08c20aa12abb30068f0552,仕切り壁予防：右壁の向き・離隔を保持 | target_deg=-0.395,,250.0,119.73973891366879,83.05986138720075,49.57273892737582,35.60569231570615,0,53.05,34.45668615375458,1
53.1,541.4052625055364,283.1641942989311,-88.19116386712614,27.195112118982554,-0.2386667679647988,33.861485429662324,-0.7458336498899962,417,434,375,435,33.861485429662324,NEUTRAL,program,sonic_drive_three_laps.py,function,ec959a186dbd8278df967871b3a34262848e2c5ecc08c20aa12abb30068f0552,仕切り壁予防：右壁の向き・離隔を保持 | target_deg=-0.597,,249.43835546635626,121.22145488212689,81.20104774689703,48.72977876175113,35.02101738751691,0,53.1,34.45750006136785,1
53.15,540.0466586101595,283.20688507437,-88.20926351118692,27.17918015732253,0.22636513582233847,33.90552088873075,0.7073910494448077,417,435,375,435,33.90552088873075,NEUTRAL,program,sonic_drive_three_laps.py,function,ec959a186dbd8278df967871b3a34262848e2c5ecc08c20aa12abb30068f0552,仕切り壁予防：右壁の向き・離隔を保持 | target_deg=0.566,,249.9935355262223,120.44540637111977,81.8347978524038,48.94797547870438,36.270734881595764,0,53.15,34.4562992891594,1
53.2,538.690110859004,283.24900908350645,-88.23354119099089,27.120988683916032,0.3040938595497653,33.65120656634716,0.9502933110930165,417,435,375,435,33.65120656634716,NEUTRAL,program,sonic_drive_three_laps.py,function,ec959a186dbd8278df967871b3a34262848e2c5ecc08c20aa12abb30068f0552,仕切り壁予防：右壁の向き・離隔を保持 | target_deg=0.760,,249.32034405809878,121.07109322904387,82.57250388230234,48.29046772710037,35.38362377450689,0,53.2,34.45410577380149,1
53.25,537.3362695640957,283.2898293712825,-88.31270505489422,27.06824759266878,0.9980506428502243,33.608698670558724,3.118908258906951,417,438,375,435,33.608698670558724,NEUTRAL,program,sonic_drive_three_laps.py,function,ec959a186dbd8278df967871b3a34262848e2c5ecc08c20aa12abb30068f0552,仕切り壁予防：右壁の向き・離隔を保持 | target_deg=2.494,,250.0,121.30477390078718,82.4196673347789,47.36552087074339,36.0069716020174,0,53.25,34.44501778922356,1
53.3,535.9867260199668,283.32901086047076,-88.36127627007002,26.95897140673749,0.6115634484496928,33.229191054691285,1.91113577640529,416,437,375,435,33.229191054691285,NEUTRAL,program,sonic_drive_three_laps.py,function,ec959a186dbd8278df967871b3a34262848e2c5ecc08c20aa12abb30068f0552,仕切り壁予防：右壁の向き・離隔を保持 | target_deg=1.529,,250.0,119.62781145666145,82.32581984253498,48.621505957393076,35.42851729983071,0,53.3,34.438253291214956,1
53.35,534.6407057929998,283.36652274335853,-88.4460281604048,26.91242758227265,1.069861664542965,33.44055123912907,3.343317701696766,416,438,375,435,33.44055123912907,NEUTRAL,program,sonic_drive_three_laps.py,function,ec959a186dbd8278df967871b3a34262848e2c5ecc08c20aa12abb30068f0552,仕切り壁予防：右壁の向き・離隔を保持 | target_deg=2.673,,250.0,120.08616448210486,82.9388244664896,47.25411077288565,35.71683512955389,0,53.35,34.424374699196555,1
53.4,533.2980258687156,283.4027257216521,-88.46237406980805,26.831186864531013,0.16756071255811095,33.18991940220307,0.5236272267440967,416,435,375,435,33.18991940220307,NEUTRAL,program,sonic_drive_three_laps.py,function,ec959a186dbd8278df967871b3a34262848e2c5ecc08c20aa12abb30068f0552,仕切り壁予防：右壁の向き・離隔を保持 | target_deg=0.419,,249.70521783461996,120.3053738907745,82.96664371522583,49.34912582290114,34.9996188480352,0,53.4,34.42133282059637,1
53.45,531.956163524282,283.4387365335783,-88.46313405758762,26.857217217013957,0.009624789244412853,33.68336523531978,0.030077466388790164,417,435,375,435,33.68336523531978,NEUTRAL,program,sonic_drive_three_laps.py,function,ec959a186dbd8278df967871b3a34262848e2c5ecc08c20aa12abb30068f0552,仕切り壁予防：右壁の向き・離隔を保持 | target_deg=0.024,,249.94880376073314,119.86462431189298,82.69445458104899,48.34336459124346,34.8733782660381,0,53.45,34.421172077039856,1
53.5,530.612720311115,283.4752768973175,-88.42085395567847,26.892953088737496,-0.534801266741153,33.76973644338196,-1.6712539585661033,417,433,375,435,33.76973644338196,NEUTRAL,program,sonic_drive_three_laps.py,function,ec959a186dbd8278df967871b3a34262848e2c5ecc08c20aa12abb30068f0552,仕切り壁予防：右壁の向き・離隔を保持 | target_deg=-1.337,,250.0,119.69680833737387,82.70939356450067,49.2492129207498,34.61684684689177,0,53.5,34.43122679740518,1
53.55,529.2661323279067,283.5125856801553,-88.4050659221983,26.97431333887298,-0.199238768451508,34.067469442749065,-0.6226211514109625,417,434,375,435,34.067469442749065,NEUTRAL,program,sonic_drive_three_laps.py,function,ec959a186dbd8278df967871b3a34262848e2c5ecc08c20aa12abb30068f0552,仕切り壁予防：右壁の向き・離隔を保持 | target_deg=-0.498,,250.0,119.51909629714592,82.57140586841545,48.051617859785594,34.99775332004459,0,53.55,34.46296923855517,1
53.6,527.9170436814138,283.5504478227297,-88.37976850347061,27.004253314851777,-0.31864653124610387,33.883958701496915,-0.9957704101440745,417,433,375,435,33.883958701496915,NEUTRAL,program,sonic_drive_three_laps.py,function,ec959a186dbd8278df967871b3a34262848e2c5ecc08c20aa12abb30068f0552,仕切り壁予防：右壁の向き・離隔を保持 | target_deg=-0.797,,250.0,118.95730963323112,82.95345211249291,48.883877305239075,35.021383821922505,0,53.6,34.54540541576471,1
53.65,526.566317584585,283.5887351118212,-88.37292202148974,27.03921904025858,-0.08613395109716947,33.949259821775215,-0.2691685971786546,417,434,375,435,33.949259821775215,NEUTRAL,program,sonic_drive_three_laps.py,function,ec959a186dbd8278df967871b3a34262848e2c5ecc08c20aa12abb30068f0552,仕切り壁予防：右壁の向き・離隔を保持 | target_deg=-0.215,,249.80242552806112,121.21458576002273,82.35937915804818,48.44684432331775,35.301630889773215,0,53.65,34.67204932272386,1
53.7,525.2147831239869,283.6273720002701,-88.35209246928788,27.043380225880608,-0.2618914470617028,33.822104504506264,-0.8184107720678213,417,434,375,435,33.822104504506264,NEUTRAL,program,sonic_drive_three_laps.py,function,ec959a186dbd8278df967871b3a34262848e2c5ecc08c20aa12abb30068f0552,仕切り壁予防：右壁の向き・離隔を保持 | target_deg=-0.655,,249.5696042162594,120.97567016866826,82.23091971731249,47.954240110246246,34.28364489017813,0,53.7,34.84992035048586,1
53.75,523.8625609904466,283.6665538703035,-88.32844136300191,27.06393250282188,-0.2972119049918749,33.91822188511187,-0.9287872030996089,417,434,375,435,33.91822188511187,NEUTRAL,program,sonic_drive_three_laps.py,function,ec959a186dbd8278df967871b3a34262848e2c5ecc08c20aa12abb30068f0552,仕切り壁予防：右壁の向き・離隔を保持 | target_deg=-0.743,,249.35930298540876,120.53921645145401,83.09187710621187,48.20500978349546,34.604520968228805,0,53.75,34.979320609048386,1
53.8,522.5093707125814,283.7065949725299,-88.28176641803721,27.083335535970328,-0.5860958699668767,33.93753776054243,-1.8315495936464896,417,433,375,435,33.93753776054243,NEUTRAL,program,sonic_drive_three_laps.py,function,ec959a186dbd8278df967871b3a34262848e2c5ecc08c20aa12abb30068f0552,仕切り壁予防：右壁の向き・離隔を保持 | target_deg=-1.465,,249.86656749967682,122.22549137846838,82.99038541086976,48.32117292678003,34.13106804292846,0,53.8,34.928120601419266,1
53.85,521.1545035365281,283.7473786179959,-88.26988763567411,27.126848483457806,-0.14897948779935588,34.095521178888134,-0.46556089937298717,417,434,375,435,34.095521178888134,NEUTRAL,program,sonic_drive_three_laps.py,function,ec959a186dbd8278df967871b3a34262848e2c5ecc08c20aa12abb30068f0552,仕切り壁予防：右壁の向き・離隔を保持 | target_deg=-0.372,,249.74017788152753,121.84721411575423,82.28004668577773,47.560724523127476,34.77060112615132,0,53.85,34.88449811548696,1
53.9,519.7990819514125,283.7889446236277,-88.21709386687425,27.117457715587705,-0.6618106375904688,33.856473157390276,-2.068158242470215,417,432,375,435,33.856473157390276,NEUTRAL,program,sonic_drive_three_laps.py,function,ec959a186dbd8278df967871b3a34262848e2c5ecc08c20aa12abb30068f0552,仕切り壁予防：右壁の向き・離隔を保持 | target_deg=-1.654,,249.92398628981996,121.6649691519207,82.16509401819641,48.28292548970216,33.78045855137137,0,53.9,34.83032065637775,1
53.95,518.4425623747127,283.8312849109827,-88.2073846584683,27.160745985562713,-0.12161708247458648,34.13692769243229,-0.38005338273308276,417,434,375,435,34.13692769243229,NEUTRAL,program,sonic_drive_three_laps.py,function,ec959a186dbd8278df967871b3a34262848e2c5ecc08c20aa12abb30068f0552,仕切り壁予防：右壁の向き・離隔を保持 | target_deg=-0.304,,249.5298213618869,121.76523794630809,82.50619118471806,47.39929641481895,34.78338915215314,0,53.95,34.78566198276394,1
54.0,517.0857947834147,283.8740535981389,-88.18160027936828,27.141018251383958,-0.3229087931132007,33.84150934197829,-1.0090899784787521,417,433,375,435,33.84150934197829,NEUTRAL,program,sonic_drive_three_laps.py,function,ec959a186dbd8278df967871b3a34262848e2c5ecc08c20aa12abb30068f0552,仕切り壁予防：右壁の向き・離隔を保持 | target_deg=-0.807,,250.0,121.13747362534048,83.61393047314252,48.73776220575014,34.81300332027994,0,54.0,34.73673789897475,1
54.05,515.7292937917404,283.91725530110233,-88.17013275934815,27.14558278346228,-0.1436406176472171,33.951590746233784,-0.4488769301475535,417,434,375,435,33.951590746233784,NEUTRAL,program,sonic_drive_three_laps.py,function,ec959a186dbd8278df967871b3a34262848e2c5ecc08c20aa12abb30068f0552,仕切り壁予防：右壁の向き・離隔を保持 | target_deg=-0.359,,249.57612034871352,121.77154905540111,82.67029969273057,47.476020033630846,34.4204052105775,0,54.05,34.69079928221947,1
54.1,514.3731336587822,283.96058449161166,-88.16992256849504,27.131443654573683,-0.002633481128523698,33.85355346277582,-0.008229628526636557,417,434,375,435,33.85355346277582,NEUTRAL,program,sonic_drive_three_laps.py,function,ec959a186dbd8278df967871b3a34262848e2c5ecc08c20aa12abb30068f0552,仕切り壁予防：右壁の向き・離隔を保持 | target_deg=-0.007,,249.23345639947703,121.05644744249028,83.68019228305579,47.24607386238553,34.33065040556429,0,54.1,34.6474199300813,1
54.15,513.0179925257643,284.00353272479254,-88.19956390499314,27.106588291205405,0.37165337307253865,33.77644018499216,1.1614167908516833,417,436,375,435,33.77644018499216,NEUTRAL,program,sonic_drive_three_laps.py,function,ec959a186dbd8278df967871b3a34262848e2c5ecc08c20aa12abb30068f0552,仕切り壁予防：右壁の向き・離隔を保持 | target_deg=0.929,,250.0,121.83437032048346,83.08769549398188,47.14572416135841,34.864699532851226,0,54.15,34.611546929991675,1
54.2,511.66502083441594,284.04585515020034,-88.21705603079145,27.050431432680053,0.2196788759632537,33.571752061600954,0.6864964873851678,416,435,375,435,33.571752061600954,NEUTRAL,program,sonic_drive_three_laps.py,function,ec959a186dbd8278df967871b3a34262848e2c5ecc08c20aa12abb30068f0552,仕切り壁予防：右壁の向き・離隔を保持 | target_deg=0.549,,249.81921758842685,121.68878683674305,83.20640081589347,47.88676623109417,34.725973558788574,0,54.2,34.57340109464013,1
54.25,510.3140089650997,284.0877194188894,-88.23319186738932,27.02191408655875,0.2029415712119497,33.654863114707595,0.6341924100373428,417,435,375,435,33.654863114707595,NEUTRAL,program,sonic_drive_three_laps.py,function,ec959a186dbd8278df967871b3a34262848e2c5ecc08c20aa12abb30068f0552,仕切り壁予防：右壁の向き・離隔を保持 | target_deg=0.507,,250.0,122.41479742491501,82.81679241805647,46.97119550026829,34.13414739096183,0,54.25,34.53539043726687,1
54.3,508.9641600226973,284.1289468135374,-88.26801422237888,27.001473646688016,0.4383398383107932,33.66401632824347,1.3698119947212288,417,436,375,435,33.66401632824347,NEUTRAL,program,sonic_drive_three_laps.py,function,ec959a186dbd8278df967871b3a34262848e2c5ecc08c20aa12abb30068f0552,仕切り壁予防：右壁の向き・離隔を保持 | target_deg=1.096,,249.59102834508138,122.3011435289673,83.20036052101707,47.16678605762234,34.790242541876665,0,54.3,34.50248224477701,1
54.35,507.6158752496567,284.1695023205582,-88.28618704819098,26.962430520226384,0.2290293085027156,33.53528290092379,0.7157165890709862,416,435,375,435,33.53528290092379,NEUTRAL,program,sonic_drive_three_laps.py,function,ec959a186dbd8278df967871b3a34262848e2c5ecc08c20aa12abb30068f0552,仕切り壁予防：右壁の向き・離隔を保持 | target_deg=0.573,,248.8735598437225,122.07047381151327,83.30823539308867,47.73208514654445,34.54989879213796,0,54.35,34.46626982814945,1
54.4,506.2686472037768,284.209826462796,-88.28497461184523,26.95282320667369,-0.015292281815099784,33.64974959691258,-0.047788380672186825,417,434,375,435,33.64974959691258,NEUTRAL,program,sonic_drive_three_laps.py,function,ec959a186dbd8278df967871b3a34262848e2c5ecc08c20aa12abb30068f0552,仕切り壁予防：右壁の向き・離隔を保持 | target_deg=-0.038,,250.0,122.45349397423546,83.29138791198858,47.647109799522994,34.20854006413209,0,54.4,34.42565589534553,1
54.45,504.92110291842005,284.25003024467907,-88.29721723505865,26.969469957853978,0.1543782472421394,33.78336296661763,0.4824320226316856,417,435,375,435,33.78336296661763,NEUTRAL,program,sonic_drive_three_laps.py,function,ec959a186dbd8278df967871b3a34262848e2c5ecc08c20aa12abb30068f0552,仕切り壁予防：右壁の向き・離隔を保持 | target_deg=0.386,,249.61068587774017,121.42727680507653,83.37462974247738,46.68823034462703,34.070551355605936,0,54.45,34.388378499167175,1
54.5,503.573329728721,284.28972841657026,-88.32850542299772,26.965636474154486,0.39447305422800666,33.69057439603946,1.2327282944625209,417,436,375,435,33.69057439603946,NEUTRAL,program,sonic_drive_three_laps.py,function,ec959a186dbd8278df967871b3a34262848e2c5ecc08c20aa12abb30068f0552,仕切り壁予防：右壁の向き・離隔を保持 | target_deg=0.986,,249.85742056659572,121.26758569952294,83.81290799095085,46.79205332394006,34.4553457175906,0,54.5,34.35616138279903,1
54.55,502.226417893779,284.32875924827846,-88.35178763681134,26.93899469312078,0.29372976011526264,33.55927254846905,0.9179055003601957,416,435,375,435,33.55927254846905,NEUTRAL,program,sonic_drive_three_laps.py,function,ec959a186dbd8278df967871b3a34262848e2c5ecc08c20aa12abb30068f0552,仕切り壁予防：右壁の向き・離隔を保持 | target_deg=0.734,,249.8118895937193,122.49162346233881,83.85319188304636,47.115601319716205,34.24330093051193,0,54.55,34.32269937889663,1
54.6,500.8803363055756,284.3670617469662,-88.38841068567231,26.92828973347106,0.4623244407159845,33.614366537436965,1.4447638772374516,417,436,375,435,33.614366537436965,NEUTRAL,program,sonic_drive_three_laps.py,function,ec959a186dbd8278df967871b3a34262848e2c5ecc08c20aa12abb30068f0552,仕切り壁予防：右壁の向き・離隔を保持 | target_deg=1.156,,250.0,121.90579796017654,83.0574411218916,47.27200090856334,34.822338537538776,0,54.6,34.293160150951394,1
54.65,499.5351884389381,284.4042563143869,-88.44383517993454,26.90337461129124,0.7001531338276813,33.522166321483446,2.187978543211504,416,437,375,435,33.522166321483446,NEUTRAL,program,sonic_drive_three_laps.py,function,ec959a186dbd8278df967871b3a34262848e2c5ecc08c20aa12abb30068f0552,仕切り壁予防：右壁の向き・離隔を保持 | target_deg=1.750,,249.94732246040786,121.96371479715243,84.35997660543022,46.93091778474646,34.852834229849044,0,54.65,34.269235791393896,1
54.7,498.1917951658688,284.44033627695023,-88.47928064311952,26.86062559122094,0.44837455668935433,33.39210375493799,1.4011704896542323,416,436,375,435,33.39210375493799,NEUTRAL,program,sonic_drive_three_laps.py,function,ec959a186dbd8278df967871b3a34262848e2c5ecc08c20aa12abb30068f0552,仕切り壁予防：右壁の向き・離隔を保持 | target_deg=1.121,,250.0,122.70309357162749,83.06443944898646,47.470431962023476,34.507032839818756,0,54.7,34.24164757692864,1
54.75,496.8494803990181,284.47571391071506,-88.50127858380652,26.852334695401993,0.2784981882914406,33.52979516431051,0.8703068384107517,416,435,375,435,33.52979516431051,NEUTRAL,program,sonic_drive_three_laps.py,function,ec959a186dbd8278df967871b3a34262848e2c5ecc08c20aa12abb30068f0552,仕切り壁予防：右壁の向き・離隔を保持 | target_deg=0.696,,250.0,122.4508819237487,84.18630160139209,47.78982762877679,34.686552439704194,0,54.75,34.21154203418638,1
54.8,495.507003599923,284.5105453690666,-88.52623366713598,26.862661248423805,0.31590072551779314,33.62269630327812,0.9871897672431036,417,436,375,435,33.62269630327812,NEUTRAL,program,sonic_drive_three_laps.py,function,ec959a186dbd8278df967871b3a34262848e2c5ecc08c20aa12abb30068f0552,仕切り壁予防：右壁の向き・離隔を保持 | target_deg=0.790,,249.44202002560993,122.9304562773135,82.85462426288416,47.55864236674702,34.766998526400975,0,54.8,34.18269323366201,1
54.85,494.1641801358086,284.5449162391288,-88.54132443212913,26.866972889493233,0.19098419479838186,33.60224179073246,0.5968256087449433,417,435,375,435,33.60224179073246,NEUTRAL,program,sonic_drive_three_laps.py,function,ec959a186dbd8278df967871b3a34262848e2c5ecc08c20aa12abb30068f0552,仕切り壁予防：右壁の向き・離隔を保持 | target_deg=0.477,,250.0,122.30210497435162,83.73085634770018,47.5566001326999,34.46647844009888,0,54.85,34.15194113228682,1
54.9,492.8207979511554,284.57927338131475,-88.52862298781507,26.882629036173874,-0.16067907369456663,33.670555518469634,-0.5021221052955207,417,434,375,435,33.670555518469634,NEUTRAL,program,sonic_drive_three_laps.py,function,ec959a186dbd8278df967871b3a34262848e2c5ecc08c20aa12abb30068f0552,仕切り壁予防：右壁の向き・離隔を保持 | target_deg=-0.402,,249.60169870015787,122.2994687132455,83.4896545962346,47.43769831445533,33.78585903086361,0,54.9,34.114538133161034,1
54.95,491.47569413371724,284.6137199702246,-88.53745792089144,26.929429240611547,0.11162294302270126,33.86287136842672,0.34882169694594145,417,435,375,435,33.86287136842672,NEUTRAL,program,sonic_drive_three_laps.py,function,ec959a186dbd8278df967871b3a34262848e2c5ecc08c20aa12abb30068f0552,仕切り壁予防：右壁の向き・離隔を保持 | target_deg=0.279,,250.0,122.1640092699763,84.39137463203464,46.509799297444665,34.002556139388595,0,54.95,34.08221014252132,1
55.0,490.1293800286176,284.64819795532185,-88.52858878652815,26.938834829159045,-0.11195431623217132,33.713956203034456,-0.3498572382255354,417,434,375,435,33.713956203034456,NEUTRAL,program,sonic_drive_three_laps.py,function,ec959a186dbd8278df967871b3a34262848e2c5ecc08c20aa12abb30068f0552,仕切り壁予防：右壁の向き・離隔を保持 | target_deg=-0.280,,249.96556234478766,121.39614016120318,84.14882494952842,48.21454710486461,34.58608436747053,0,55.0,34.045605358236116,1
55.05,488.7819864776894,284.6823961606671,-88.5635863302692,26.968164429815037,0.44141143835094243,33.83622501668947,1.379410744846695,417,436,375,435,33.83622501668947,NEUTRAL,program,sonic_drive_three_laps.py,function,ec959a186dbd8278df967871b3a34262848e2c5ecc08c20aa12abb30068f0552,仕切り壁予防：右壁の向き・離隔を保持 | target_deg=1.103,,250.0,121.5701246560471,84.16612182733178,47.23464274282582,35.19964301518129,0,55.05,34.01980092986736,1
55.1,487.4349562814917,284.7158948748349,-88.587272759726,26.936325044189058,0.29883605586397866,33.53360311965183,0.9338626745749332,416,435,375,435,33.53360311965183,NEUTRAL,program,sonic_drive_three_laps.py,function,ec959a186dbd8278df967871b3a34262848e2c5ecc08c20aa12abb30068f0552,仕切り壁予防：右壁の向き・離隔を保持 | target_deg=0.747,,249.79584587226674,122.57199373236156,83.73285787191236,46.81608329668391,33.96374294568455,0,55.1,33.991985336924415,1
55.15,486.08887973091834,284.74949762285524,-88.55163345758017,26.925718261667548,-0.46637677653845555,33.61157403194939,-1.4574274266826737,417,433,375,435,33.61157403194939,NEUTRAL,program,sonic_drive_three_laps.py,function,ec959a186dbd8278df967871b3a34262848e2c5ecc08c20aa12abb30068f0552,仕切り壁予防：右壁の向き・離隔を保持 | target_deg=-1.166,,250.0,121.18351972739003,83.75419690039428,47.68408336308665,33.23556672054352,0,55.15,33.949832267992974,1
55.2,484.7409878990761,284.78332520432923,-88.57422058456912,26.99294820034016,0.301660700721049,34.03004979966947,0.9426896897532782,417,435,375,435,34.03004979966947,NEUTRAL,program,sonic_drive_three_laps.py,function,ec959a186dbd8278df967871b3a34262848e2c5ecc08c20aa12abb30068f0552,仕切り壁予防：右壁の向き・離隔を保持 | target_deg=0.754,,250.0,122.46692871094183,83.76357875303684,46.459504181534605,34.6862469445225,0,55.2,33.92142316039468,1
55.25,483.39245496442817,284.816185887007,-88.63399605175287,26.969302291057677,0.753279935353968,33.61002930429318,2.35399979798115,417,437,375,435,33.61002930429318,NEUTRAL,program,sonic_drive_three_laps.py,function,ec959a186dbd8278df967871b3a34262848e2c5ecc08c20aa12abb30068f0552,仕切り壁予防：右壁の向き・離隔を保持 | target_deg=1.883,,249.79969059689594,122.22296597982708,83.90029241392588,46.2651466519641,34.60318476817967,0,55.25,33.902909896737754,1
55.3,482.04626111058457,284.8478925579038,-88.66754769005452,26.906457715932117,0.4235714751875996,33.3630500353533,1.3236608599612487,416,436,375,435,33.3630500353533,NEUTRAL,program,sonic_drive_three_laps.py,function,ec959a186dbd8278df967871b3a34262848e2c5ecc08c20aa12abb30068f0552,仕切り壁予防：右壁の向き・離隔を保持 | target_deg=1.059,,250.0,121.49152518722181,84.59186581472225,46.21962968652833,33.40816662587525,0,55.3,33.87926128061105,1
55.35,480.7017960175068,284.87940806715005,-88.64651054799636,26.89028353028316,-0.27049568102821225,33.54335934950678,-0.8452990032131633,416,434,375,435,33.54335934950678,NEUTRAL,program,sonic_drive_three_laps.py,function,ec959a186dbd8278df967871b3a34262848e2c5ecc08c20aa12abb30068f0552,仕切り壁予防：右壁の向き・離隔を保持 | target_deg=-0.676,,250.0,121.70643871784873,84.06105854368543,47.64656525824869,33.48177642903074,0,55.35,33.842692893314165,1
55.4,479.35597375377625,284.9113988344501,-88.63011223809988,26.946186111760294,-0.20707885224752196,33.922927325562306,-0.6471214132735061,417,434,375,435,33.922927325562306,NEUTRAL,program,sonic_drive_three_laps.py,function,ec959a186dbd8278df967871b3a34262848e2c5ecc08c20aa12abb30068f0552,仕切り壁予防：右壁の向き・離隔を保持 | target_deg=-0.518,,250.0,121.81963977697372,84.14460610534016,46.6636365689836,33.59310790154487,0,55.4,33.806764407374885,1
55.45,478.0079285304711,284.9435370044598,-88.63847678823164,26.98323785257321,0.10545402765246038,33.88824624732287,0.3295438364139387,417,435,375,435,33.88824624732287,NEUTRAL,program,sonic_drive_three_laps.py,function,ec959a186dbd8278df967871b3a34262848e2c5ecc08c20aa12abb30068f0552,仕切り壁予防：右壁の向き・離隔を保持 | target_deg=0.264,,250.0,121.64668584107623,84.13910124495119,46.23254616710275,33.81908666031914,0,55.45,33.776634707228766,1
55.5,476.65921030967377,284.9755499483017,-88.64210828514207,26.98112532435855,0.04576052298039798,33.71732982862756,0.1430016343137437,417,435,375,435,33.71732982862756,NEUTRAL,program,sonic_drive_three_laps.py,function,ec959a186dbd8278df967871b3a34262848e2c5ecc08c20aa12abb30068f0552,仕切り壁予防：右壁の向き・離隔を保持 | target_deg=0.114,,250.0,121.43168506972914,84.12857412005356,47.031750833727365,33.986862912185586,0,55.5,33.74549381571643,1
55.55,475.3104185675447,285.0081041635008,-88.5926329436235,26.98537437436962,-0.6238684439923694,33.749974713995094,-1.9495888874761542,417,432,375,435,33.749974713995094,NEUTRAL,program,sonic_drive_three_laps.py,function,ec959a186dbd8278df967871b3a34262848e2c5ecc08c20aa12abb30068f0552,仕切り壁予防：右壁の向き・離隔を保持 | target_deg=-1.559,,250.0,121.67250079282753,84.48744127957022,46.79742122762513,32.5071680413801,0,55.55,33.70106237065926,1
55.6,473.9594702017288,285.0415365074691,-88.57211241919595,27.054688108258393,-0.25814441831163976,34.116178055308325,-0.8067013072238742,417,434,375,435,34.116178055308325,NEUTRAL,program,sonic_drive_three_laps.py,function,ec959a186dbd8278df967871b3a34262848e2c5ecc08c20aa12abb30068f0552,仕切り壁予防：右壁の向き・離隔を保持 | target_deg=-0.645,,249.970568880475,122.79151806252459,84.2000969309708,46.5588398873515,33.79161455768565,0,55.6,33.66270605694547,1
55.65,472.6066054409491,285.07452414506724,-88.64022283482497,27.072322594375144,0.9449185645158306,33.91617272876418,2.9528705141119707,417,438,375,435,33.91617272876418,NEUTRAL,program,sonic_drive_three_laps.py,function,ec959a186dbd8278df967871b3a34262848e2c5ecc08c20aa12abb30068f0552,仕切り壁予防：右壁の向き・離隔を保持 | target_deg=2.361,,249.8961202021508,121.92354468745798,83.92501559351197,45.364982180192285,34.87373265381031,0,55.65,33.64606684969607,1
55.7,471.2565285561734,285.10611517687994,-88.6788890304566,26.96736663539333,0.48673496518047715,33.258247660030406,1.521046766188991,416,436,375,435,33.258247660030406,NEUTRAL,program,sonic_drive_three_laps.py,function,ec959a186dbd8278df967871b3a34262848e2c5ecc08c20aa12abb30068f0552,仕切り壁予防：右壁の向き・離隔を保持 | target_deg=1.217,,249.9644706353596,122.43438534011896,84.60744021417923,46.75603031938501,33.75893922001785,0,55.7,33.62376329774264,1
55.75,469.90960024959855,285.13677620970424,-88.71303684692302,26.93123835560738,0.4308704334575198,33.50881681591693,1.3464701045547494,416,436,375,435,33.50881681591693,NEUTRAL,program,sonic_drive_three_laps.py,function,ec959a186dbd8278df967871b3a34262848e2c5ecc08c20aa12abb30068f0552,仕切り壁予防：右壁の向き・離隔を保持 | target_deg=1.077,,249.1823946438889,121.66552080041463,85.1658739622564,46.71073214436192,34.101857369091434,0,55.75,33.60130835493362,1
55.8,468.5640410519675,285.1662978036832,-88.77322549292838,26.908759946596703,0.7602049249269812,33.53936773170292,2.3756403903968164,416,437,375,435,33.53936773170292,NEUTRAL,program,sonic_drive_three_laps.py,function,ec959a186dbd8278df967871b3a34262848e2c5ecc08c20aa12abb30068f0552,仕切り壁予防：右壁の向き・離隔を保持 | target_deg=1.900,,249.4437243675647,121.98452420522014,84.47580245804018,46.1022230820409,34.34332945275899,0,55.8,33.586259660257724,1
55.85,467.22040360990667,285.19440845772135,-88.82971878851566,26.85887646108496,0.7145722960954657,33.359262931680554,2.2330384252983304,416,437,375,435,33.359262931680554,NEUTRAL,program,sonic_drive_three_laps.py,function,ec959a186dbd8278df967871b3a34262848e2c5ecc08c20aa12abb30068f0552,仕切り壁予防：右壁の向き・離隔を保持 | target_deg=1.786,,249.59064218341177,121.89693307953358,83.78103585250308,46.696240994277034,34.36899092286086,0,55.85,33.57174366412801,1
55.9,465.8787658777346,285.2215732175375,-88.85040988816576,26.82473391088767,0.2621230388870224,33.38421827557279,0.8191344965219449,416,435,375,435,33.38421827557279,NEUTRAL,program,sonic_drive_three_laps.py,function,ec959a186dbd8278df967871b3a34262848e2c5ecc08c20aa12abb30068f0552,仕切り壁予防：右壁の向き・離隔を保持 | target_deg=0.655,,250.0,122.00538612009163,84.19963670998156,46.94090773193326,33.695403237039294,0,55.9,33.54956055343882,1
55.95,464.5372545344015,285.2486790723667,-88.83452987562808,26.842895106453,-0.20119398473853345,33.63165146310866,-0.628731202307917,417,434,375,435,33.63165146310866,NEUTRAL,program,sonic_drive_three_laps.py,function,ec959a186dbd8278df967871b3a34262848e2c5ecc08c20aa12abb30068f0552,仕切り壁予防：右壁の向き・離隔を保持 | target_deg=-0.503,,250.0,121.862179656423,84.2152997829528,46.260973844853005,32.711824320251914,0,55.95,33.518631261118,1
56.0,463.19358544412074,285.27611571802345,-88.82592746896334,26.90264435312633,-0.10881418710788494,33.88502796040389,-0.34004433471214046,417,434,375,435,33.88502796040389,NEUTRAL,program,sonic_drive_three_laps.py,function,ec959a186dbd8278df967871b3a34262848e2c5ecc08c20aa12abb30068f0552,仕切り壁予防：右壁の向き・離隔を保持 | target_deg=-0.272,,250.0,122.14101933654821,83.63206525434983,45.88056971122818,33.10350030303156,0,56.0,33.489123740108596,1
56.05,461.84762105404116,285.30408256991063,-88.79339730974083,26.939820260352477,-0.4107715562733386,33.834507758574624,-1.283661113354183,417,433,375,435,33.834507758574624,NEUTRAL,program,sonic_drive_three_laps.py,function,ec959a186dbd8278df967871b3a34262848e2c5ecc08c20aa12abb30068f0552,仕切り壁予防：右壁の向き・離隔を保持 | target_deg=-1.027,,249.81560178043742,121.62501701938088,84.8471750294035,47.02270761143421,33.286559295685265,0,56.05,33.453327931327976,1
56.1,460.4991632835964,285.33262475388125,-88.78145811828807,26.998389751712285,-0.1504832711536622,33.999640694836984,-0.4702602223551944,417,434,375,435,33.999640694836984,NEUTRAL,program,sonic_drive_three_laps.py,function,ec959a186dbd8278df967871b3a34262848e2c5ecc08c20aa12abb30068f0552,仕切り壁予防：右壁の向き・離隔を保持 | target_deg=-0.376,,249.9862547348165,121.72746465581089,85.15931973839622,45.80162146603733,33.18508850192985,0,56.1,33.42191320241352,1
56.15,459.1489549027463,285.361384418044,-88.77809155404296,27.018096790446897,-0.04237760929969639,33.85729553891216,-0.1324300290615512,417,434,375,435,33.85729553891216,NEUTRAL,program,sonic_drive_three_laps.py,function,ec959a186dbd8278df967871b3a34262848e2c5ecc08c20aa12abb30068f0552,仕切り壁予防：右壁の向き・離隔を保持 | target_deg=-0.106,,249.9767403581511,121.92554447722455,85.873314171145,46.198516033824866,33.43065376061597,0,56.15,33.39234363060211,1
56.2,457.7982107635859,285.3898458512733,-88.80771514012825,27.022703931012952,0.3727442393719873,33.79817525508577,1.1648257480374604,417,436,375,435,33.79817525508577,NEUTRAL,program,sonic_drive_three_laps.py,function,ec959a186dbd8278df967871b3a34262848e2c5ecc08c20aa12abb30068f0552,仕切り壁予防：右壁の向き・離隔を保持 | target_deg=0.932,,249.47648042446357,122.34083188269925,84.25003698640869,46.0404296602853,34.02315261894595,0,56.2,33.37101007988906,1
56.25,456.44849873393963,285.41806142884866,-88.79711012556314,26.985343750455343,-0.13354370139100225,33.571155494093446,-0.41732406684688206,416,434,375,435,33.571155494093446,NEUTRAL,program,sonic_drive_three_laps.py,function,ec959a186dbd8278df967871b3a34262848e2c5ecc08c20aa12abb30068f0552,仕切り壁予防：右壁の向き・離隔を保持 | target_deg=-0.334,,249.67608381987785,122.55783402336627,84.264338249602,46.74864171279126,33.11601212063324,0,56.25,33.34024245935848,1
56.3,455.0988985198063,285.4465417335968,-88.78504927161515,27.006320682700533,-0.15188823768373866,33.848031711698205,-0.4746507427616833,417,434,375,435,33.848031711698205,NEUTRAL,program,sonic_drive_three_laps.py,function,ec959a186dbd8278df967871b3a34262848e2c5ecc08c20aa12abb30068f0552,仕切り壁予防：右壁の向き・離隔を保持 | target_deg=-0.380,,249.48758865715374,122.29232788672176,85.23693556537089,45.991339261904265,33.030506018116625,0,56.3,33.30886019980909,1
56.35,453.74833693646474,285.4750004637965,-88.80066043496154,27.024378924895963,0.19645889531760247,33.8580638799833,0.6139340478675077,417,435,375,435,33.8580638799833,NEUTRAL,program,sonic_drive_three_laps.py,function,ec959a186dbd8278df967871b3a34262848e2c5ecc08c20aa12abb30068f0552,仕切り壁予防：右壁の向き・離隔を保持 | target_deg=0.491,,249.89770452365178,122.13167624569726,84.77102489467612,45.799442693347906,33.59755260247195,0,56.35,33.28415774910019,1
56.4,452.3980176891932,285.5027398260824,-88.84563710108239,27.004022168721175,0.5661010521173302,33.667561541623186,1.7690657878666567,417,436,375,435,33.667561541623186,NEUTRAL,program,sonic_drive_three_laps.py,function,ec959a186dbd8278df967871b3a34262848e2c5ecc08c20aa12abb30068f0552,仕切り壁予防：右壁の向き・離隔を保持 | target_deg=1.415,,250.0,122.73713951127328,85.41990884619693,46.27073945044235,34.335819193701695,0,56.4,33.267244715874654,1
56.45,451.0496589033377,285.5294958166739,-88.8807778719289,26.951808053659395,0.4429560010909803,33.465413487123335,1.3842375034093135,416,436,375,435,33.465413487123335,NEUTRAL,program,sonic_drive_three_laps.py,function,ec959a186dbd8278df967871b3a34262848e2c5ecc08c20aa12abb30068f0552,仕切り壁予防：右壁の向き・離隔を保持 | target_deg=1.107,,250.0,122.27776986109743,85.07619500034642,45.75978433211142,33.28762855501354,0,56.45,33.248951865412835,1
56.5,449.703166263673,285.5550713614235,-88.94290932450858,26.92350246467386,0.7842435813240861,33.53275843690337,2.450761191637769,416,437,375,435,33.53275843690337,NEUTRAL,program,sonic_drive_three_laps.py,function,ec959a186dbd8278df967871b3a34262848e2c5ecc08c20aa12abb30068f0552,仕切り壁予防：右壁の向き・離隔を保持 | target_deg=1.960,,249.93001013250372,121.96928147571151,84.86278706321615,46.08654983178451,34.36206936273937,0,56.5,33.23834922428898,1
56.55,448.3588921626861,285.57953697853617,-88.971769146487,26.867926498056093,0.36490259043432927,33.34611679146339,1.140320595107279,416,436,375,435,33.34611679146339,NEUTRAL,program,sonic_drive_three_laps.py,function,ec959a186dbd8278df967871b3a34262848e2c5ecc08c20aa12abb30068f0552,仕切り壁予防：右壁の向き・離隔を保持 | target_deg=0.912,,250.0,122.12006752817959,84.38828043794204,45.89316826973106,33.00371857519103,0,56.55,33.22084256692244,1
56.6,447.01575743877476,285.60329222410024,-89.00172763617077,26.866220206782952,0.37911852095001547,33.575443895856225,1.1847453779687984,416,436,375,435,33.575443895856225,NEUTRAL,program,sonic_drive_three_laps.py,function,ec959a186dbd8278df967871b3a34262848e2c5ecc08c20aa12abb30068f0552,仕切り壁予防：右壁の向き・離隔を保持 | target_deg=0.948,,249.59968004209125,122.2087574055158,84.06987012734606,46.005593748820914,33.57042540507555,0,56.6,33.20431395331491,1
56.65,445.67273519427494,285.62684549497504,-88.98882733358332,26.863496822800197,-0.16326671691355032,33.56766955885546,-0.5102084903548447,416,434,375,435,33.56766955885546,NEUTRAL,program,sonic_drive_three_laps.py,function,ec959a186dbd8278df967871b3a34262848e2c5ecc08c20aa12abb30068f0552,仕切り壁予防：右壁の向き・離隔を保持 | target_deg=-0.408,,249.6834869786177,121.6020736188225,84.51431231841087,46.586947748254374,32.92450117399285,0,56.65,33.177648508636594,1
56.7,444.3282164425474,285.6504603893497,-88.9987133031565,26.914863804286426,0.12497802603553623,33.8642864858121,0.3905563313610507,417,435,375,435,33.8642864858121,NEUTRAL,program,sonic_drive_three_laps.py,function,ec959a186dbd8278df967871b3a34262848e2c5ecc08c20aa12abb30068f0552,仕切り壁予防：右壁の向き・離隔を保持 | target_deg=0.312,,250.0,121.39881140823118,84.38736262240933,46.41631936431352,33.952115674594054,0,56.7,33.156418539386095,1
56.75,442.9823342814625,285.67391994979255,-89.00408703337591,26.926235120646716,0.06786589419870012,33.70665264201182,0.21208091937093787,417,435,375,435,33.70665264201182,NEUTRAL,program,sonic_drive_three_laps.py,function,ec959a186dbd8278df967871b3a34262848e2c5ecc08c20aa12abb30068f0552,仕切り壁予防：右壁の向き・離隔を保持 | target_deg=0.170,,249.8725584791441,121.41225545597902,84.67083919664991,45.63737354781941,32.91509306739605,0,56.75,33.13425548394366,1
56.8,441.635791036718,285.6973936374698,-88.99849175706495,26.940674776363377,-0.0706291458453596,33.737885839110085,-0.22071608076674876,417,434,375,435,33.737885839110085,NEUTRAL,program,sonic_drive_three_laps.py,function,ec959a186dbd8278df967871b3a34262848e2c5ecc08c20aa12abb30068f0552,仕切り壁予防：右壁の向き・離隔を保持 | target_deg=-0.177,,249.7871528294454,121.95707586958125,84.81239626365777,46.135178565736425,33.09018868233436,0,56.8,33.10943184138819,1
56.85,440.28821563733106,285.7211008301132,-88.98576652227875,26.965515258800593,-0.16050675649505272,33.81362531413418,-0.5015836140470398,417,434,375,435,33.81362531413418,NEUTRAL,program,sonic_drive_three_laps.py,function,ec959a186dbd8278df967871b3a34262848e2c5ecc08c20aa12abb30068f0552,仕切り壁予防：右壁の向き・離隔を保持 | target_deg=-0.401,,249.08401905073697,122.2145949953703,83.55507604686262,46.05903001642785,32.99893518348548,0,56.85,33.08265483474179,1
56.9,438.9393073283269,285.74525174363976,-88.96280035918252,26.993619182255763,-0.28938875001478487,33.862777132458234,-0.9043398437962027,417,434,375,435,33.862777132458234,NEUTRAL,program,sonic_drive_three_laps.py,function,ec959a186dbd8278df967871b3a34262848e2c5ecc08c20aa12abb30068f0552,仕切り壁予防：右壁の向き・離隔を保持 | target_deg=-0.723,,249.51031219187013,123.41529831725241,84.76127930534166,46.64499743147629,33.293558480513916,0,56.9,33.05296488239105,1
56.95,437.58880924548663,285.7698551436399,-88.94979933153058,27.02809674347997,-0.16362866660623632,33.93325947266433,-0.5113395831444885,417,434,375,435,33.93325947266433,NEUTRAL,program,sonic_drive_three_laps.py,function,ec959a186dbd8278df967871b3a34262848e2c5ecc08c20aa12abb30068f0552,仕切り壁予防：右壁の向き・離隔を保持 | target_deg=-0.409,,249.72969385422005,122.69514337924866,84.18478919648334,45.874894836582165,33.08400449882925,0,56.95,33.02522659088436,1
57.0,436.23719302973143,285.7942825738193,-88.97944080751542,27.042405069730567,0.37275056236732423,33.864484427050286,1.1648455073978883,417,436,375,435,33.864484427050286,NEUTRAL,program,sonic_drive_three_laps.py,function,ec959a186dbd8278df967871b3a34262848e2c5ecc08c20aa12abb30068f0552,仕切り壁予防：右壁の向き・離隔を保持 | target_deg=0.932,,249.68233037670794,122.4997415034093,84.07277467052235,45.416141835702916,33.65902012922095,0,57.0,33.0079472744207,1
57.05,434.8865542397208,285.81861024847115,-88.95676184878626,27.0006044047292,-0.2854031623846446,33.57115203620537,-0.8918848824520142,416,434,375,435,33.57115203620537,NEUTRAL,program,sonic_drive_three_laps.py,function,ec959a186dbd8278df967871b3a34262848e2c5ecc08c20aa12abb30068f0552,仕切り壁予防：右壁の向き・離隔を保持 | target_deg=-0.713,,250.0,123.60433001034993,85.05471364160239,46.499586220365444,32.62027123281905,0,57.05,32.978150267390845,1
57.1,433.5357728080827,285.8435701026528,-88.92604651962645,27.033114811708213,-0.386490026144558,33.9310798544291,-1.2077813317017438,417,433,375,435,33.9310798544291,NEUTRAL,program,sonic_drive_three_laps.py,function,ec959a186dbd8278df967871b3a34262848e2c5ecc08c20aa12abb30068f0552,仕切り壁予防：右壁の向き・離隔を保持 | target_deg=-0.966,,250.0,122.62930984721308,84.94824271562014,46.55933548082169,33.16529220173139,0,57.1,32.94578556458703,1
57.15,432.18329830006303,285.86919691246817,-88.90292200930294,27.068265340079293,-0.2906100992415779,33.9863617330478,-0.9081565601299308,417,434,375,435,33.9863617330478,NEUTRAL,program,sonic_drive_three_laps.py,function,ec959a186dbd8278df967871b3a34262848e2c5ecc08c20aa12abb30068f0552,仕切り壁予防：右壁の向き・離隔を保持 | target_deg=-0.726,,249.36254879229898,123.00671775625055,85.29128793921721,45.73820016433143,32.82768044858203,0,57.15,32.91458584561349,1
57.2,430.82960203921346,285.8954124782232,-88.87818504331918,27.086041015438653,-0.31059069697693703,33.93392739802274,-0.9705959280529282,417,433,375,435,33.93392739802274,NEUTRAL,program,sonic_drive_three_laps.py,function,ec959a186dbd8278df967871b3a34262848e2c5ecc08c20aa12abb30068f0552,仕切り壁予防：右壁の向き・離隔を保持 | target_deg=-0.776,,248.45424271537192,123.63559495427818,84.82881771293933,45.864214699750505,32.78269074506796,0,57.2,32.88241062699228,1
57.25,429.47509741491865,285.9225944275349,-88.82252127888552,27.101780745944357,-0.6984447256200148,33.944854287409264,-2.1826397675625464,417,432,375,435,33.944854287409264,NEUTRAL,program,sonic_drive_three_laps.py,function,ec959a186dbd8278df967871b3a34262848e2c5ecc08c20aa12abb30068f0552,仕切り壁予防：右壁の向き・離隔を保持 | target_deg=-1.746,,247.55399269998858,123.04155334801548,84.63877651584055,46.0900974031526,32.203999565430806,0,57.25,32.84182511540513,1
57.3,428.1187744636337,285.9506030381587,-88.81145354592402,27.152213935670236,-0.13869188583700803,34.156961959323446,-0.43341214324065014,417,434,375,435,34.156961959323446,NEUTRAL,program,sonic_drive_three_laps.py,function,ec959a186dbd8278df967871b3a34262848e2c5ecc08c20aa12abb30068f0552,仕切り壁予防：右壁の向き・離隔を保持 | target_deg=-0.347,,246.85418481558315,123.67190550294698,84.89529966923631,45.6338665576422,33.382880766286405,0,57.3,32.81115260542953,1
57.35,426.76195711580453,285.97944087337083,-88.75338077730564,27.136092484568653,-0.7274089535569082,33.85084712506711,-2.273152979865338,417,432,375,435,33.85084712506711,NEUTRAL,program,sonic_drive_three_laps.py,function,ec959a186dbd8278df967871b3a34262848e2c5ecc08c20aa12abb30068f0552,仕切り壁予防：右壁の向き・離隔を保持 | target_deg=-1.818,,244.98546024321666,123.04010146340138,85.05244175155987,46.83257034074273,32.535744228709255,0,57.35,32.76834349440611,1
57.4,425.5138946364999,286.0060163201985,-88.82960212786269,23.544724648031323,1.5125910464430918,14.0,4.726847020134662,392,439,375,435,14.0,NEUTRAL,program,sonic_drive_three_laps.py,function,ec959a186dbd8278df967871b3a34262848e2c5ecc08c20aa12abb30068f0552,仕切り端：検出側から離れて通過 | target_deg=3.777,,243.76603135906532,123.12410124455666,84.91166372030524,44.915067814743395,32.58238451275741,0,57.4,32.76010771789538,1
57.45,424.4208680693704,286.0265210223571,-89.04079848885338,20.76270972845305,3.7525910464430923,14.0,11.726847020134663,392,447,375,435,14.0,NEUTRAL,program,sonic_drive_three_laps.py,function,ec959a186dbd8278df967871b3a34262848e2c5ecc08c20aa12abb30068f0552,仕切り端：検出側から離れて通過 | target_deg=9.312,,242.67555739974262,123.76700215008404,86.00596167083899,44.78237866857803,32.405627129310695,0,57.45,32.79051409201696,1
57.5,423.4424879192195,286.0416641254911,-89.17673387984007,18.78793994657883,2.152591046443092,15.0,6.726847020134663,393,442,375,435,15.0,NEUTRAL,program,sonic_drive_three_laps.py,function,ec959a186dbd8278df967871b3a34262848e2c5ecc08c20aa12abb30068f0552,仕切り壁予防：右壁の向き・離隔を保持 | target_deg=5.368,,241.47174199790004,122.19199094168437,84.80296983979912,45.508015547916855,32.613936563740275,0,57.5,32.80821321514179,1
57.55,422.54393153808377,286.0541974599962,-89.21682245262313,17.438494029891036,0.5525910464430922,16.0,1.726847020134663,395,436,375,435,16.0,NEUTRAL,program,sonic_drive_three_laps.py,function,ec959a186dbd8278df967871b3a34262848e2c5ecc08c20aa12abb30068f0552,仕切り壁予防：右壁の向き・離隔を保持 | target_deg=1.381,,240.079551399079,122.46249800875046,84.7962266443849,45.613104035368146,33.052322971719136,0,57.55,32.805376320484925,1
57.6,421.6982119708884,286.0658884208905,-89.1967499066766,16.57344859839395,-0.46280270544742363,17.0,-1.446258454523199,396,433,375,435,17.0,NEUTRAL,program,sonic_drive_three_laps.py,function,ec959a186dbd8278df967871b3a34262848e2c5ecc08c20aa12abb30068f0552,仕切り壁予防：右壁の向き・離隔を保持 | target_deg=-1.157,,239.9545477773451,122.3754725596703,85.7312408733219,45.84699623684424,32.15299448817793,0,57.6,32.788829680490835,1
57.65,420.88441339794343,286.0774149089612,-89.1803055875665,16.083638853740574,-0.34347816256422875,18.0,-1.0733692580132148,397,433,375,435,18.0,NEUTRAL,program,sonic_drive_three_laps.py,function,ec959a186dbd8278df967871b3a34262848e2c5ecc08c20aa12abb30068f0552,仕切り壁予防：右壁の向き・離隔を保持 | target_deg=-0.859,,239.4832667285943,123.75642992484433,85.60726106033349,46.53212915753772,33.41938472174065,0,57.65,32.77332613737269,1
57.7,420.0863270072915,286.08882869551724,-89.18098154664872,15.884501445275385,0.01439709949395521,19.0,0.04499093591861003,398,435,375,435,19.0,NEUTRAL,program,sonic_drive_three_laps.py,function,ec959a186dbd8278df967871b3a34262848e2c5ecc08c20aa12abb30068f0552,仕切り壁予防：右壁の向き・離隔を保持 | target_deg=0.036,,237.72404654580978,122.70871048886222,84.87712352049255,45.41900411762249,33.13996336384977,0,57.7,32.76207581482015,1
57.75,419.29139802221783,286.10025771159195,-89.17160268984306,15.910530272292181,-0.20055054102615408,20.0,-0.6267204407067315,400,434,375,435,20.0,NEUTRAL,program,sonic_drive_three_laps.py,function,ec959a186dbd8278df967871b3a34262848e2c5ecc08c20aa12abb30068f0552,仕切り壁予防：右壁の向き・離隔を保持 | target_deg=-0.501,,237.18862069231295,122.08769540643769,84.52901035525274,46.08578273579373,32.84982694200972,0,57.75,32.748378880749726,1
57.8,418.4899046155872,286.11204848554513,-89.142761840519,16.11098173018606,-0.6116366803492015,21.0,-1.9113646260912547,401,432,375,435,21.0,NEUTRAL,program,sonic_drive_three_laps.py,function,ec959a186dbd8278df967871b3a34262848e2c5ecc08c20aa12abb30068f0552,仕切り壁予防：右壁の向き・離隔を保持 | target_deg=-1.529,,236.4225458028451,122.01670739558651,84.8594331767024,45.63794084116615,31.91134069383784,0,57.8,32.72961576282984,1
57.85,417.6743163241739,286.1244882096357,-89.10957102488713,16.446547825036756,-0.6917103074672768,22.0,-2.16159471083524,402,432,375,435,22.0,NEUTRAL,program,sonic_drive_three_laps.py,function,ec959a186dbd8278df967871b3a34262848e2c5ecc08c20aa12abb30068f0552,仕切り壁予防：右壁の向き・離隔を保持 | target_deg=-1.729,,236.1514906980647,122.55565849004405,85.80286349128819,46.09025759053048,32.539790512046345,0,57.85,32.709155281361404,1
57.9,416.83879931476406,286.13775526832245,-89.07099841157441,16.886779037184294,-0.7846767488553535,23.0,-2.45211484017298,403,432,375,435,23.0,NEUTRAL,program,sonic_drive_three_laps.py,function,ec959a186dbd8278df967871b3a34262848e2c5ecc08c20aa12abb30068f0552,仕切り壁予防：右壁の向き・離隔を保持 | target_deg=-1.961,,234.99235337371312,122.09309826215349,84.82658323203216,46.22329003549332,32.54159976489994,0,57.9,32.68657122944154,1
57.95,415.97883576834397,286.1520551503561,-89.0236943505642,17.408087969891906,-0.9349076489343221,24.0,-2.9215864029197567,405,431,375,435,24.0,NEUTRAL,program,sonic_drive_three_laps.py,function,ec959a186dbd8278df967871b3a34262848e2c5ecc08c20aa12abb30068f0552,仕切り壁予防：右壁の向き・離隔を保持 | target_deg=-2.336,,233.52004748375134,122.99977728514516,85.3109492831188,45.98506480613542,32.1572141096266,0,57.95,32.66085165045075,1
58.0,415.090924772063,286.16746031760465,-88.98835298120711,17.992202897003306,-0.6765148193302143,25.0,-2.1141088104069197,406,432,375,435,25.0,NEUTRAL,program,sonic_drive_three_laps.py,function,ec959a186dbd8278df967871b3a34262848e2c5ecc08c20aa12abb30068f0552,仕切り壁予防：右壁の向き・離隔を保持 | target_deg=-1.691,,232.92303872947932,122.3729302443424,85.3340628465783,45.29570312392041,32.303607136701736,0,58.0,32.636919259285094,1
58.05,414.1723524944953,286.1839160358815,-88.95902168466355,18.62496982007366,-0.5427304347332056,26.0,-1.6960326085412676,407,433,375,435,26.0,NEUTRAL,program,sonic_drive_three_laps.py,function,ec959a186dbd8278df967871b3a34262848e2c5ecc08c20aa12abb30068f0552,仕切り壁予防：右壁の向き・離隔を保持 | target_deg=-1.357,,231.3000663719472,122.3456984983767,85.80412923050854,45.18876955759053,32.20945117836101,0,58.05,32.613389397396304,1
58.1,413.22101688052913,286.2013955119753,-88.93575379174284,19.295424494659752,-0.41571079724500204,27.0,-1.2990962413906313,408,433,375,435,27.0,NEUTRAL,program,sonic_drive_three_laps.py,function,ec959a186dbd8278df967871b3a34262848e2c5ecc08c20aa12abb30068f0552,仕切り壁予防：右壁の向き・離隔を保持 | target_deg=-1.039,,231.33525237298502,122.56182312348787,85.81951317060964,45.74913072506411,32.7518672186468,0,58.1,32.59030006490042,1
58.15,412.23529126772763,286.2199688612574,-88.90533180172444,19.99507358534978,-0.5245553004906686,28.0,-1.639235314033339,410,433,375,435,28.0,NEUTRAL,program,sonic_drive_three_laps.py,function,ec959a186dbd8278df967871b3a34262848e2c5ecc08c20aa12abb30068f0552,仕切り壁予防：右壁の向き・離隔を保持 | target_deg=-1.311,,230.01329851075656,122.29615705119308,85.62456707434004,46.27631929238538,32.808986069527776,0,58.15,32.56439456856481,1
58.2,411.2955593535039,286.2374987459576,-88.97425811821518,18.013010264307304,1.7154446995093315,14.0,5.360764685966661,392,440,375,435,14.0,NEUTRAL,program,sonic_drive_three_laps.py,function,ec959a186dbd8278df967871b3a34262848e2c5ecc08c20aa12abb30068f0552,仕切り端：検出側から離れて通過 | target_deg=4.282,,229.04754051865814,123.70465466332514,85.21452733509335,44.60509345072332,32.63573804869992,0,58.2,32.563481086299134,1
58.25,410.4359672152855,286.2527084797152,-88.99051460442408,16.657914485030606,0.11544469950933149,15.0,0.3607646859666609,393,435,375,435,15.0,NEUTRAL,program,sonic_drive_three_laps.py,function,ec959a186dbd8278df967871b3a34262848e2c5ecc08c20aa12abb30068f0552,仕切り壁予防：右壁の向き・離隔を保持 | target_deg=0.289,,228.66686680998382,122.24858820087468,85.92980111552431,46.068798600773945,32.668173899837996,0,58.25,32.552192545302205,1
58.3,409.6294518758066,286.26684505755713,-89.00113347921946,15.788492447535104,0.2237926797524112,16.0,0.699352124226285,395,435,375,435,16.0,NEUTRAL,program,sonic_drive_three_laps.py,function,ec959a186dbd8278df967871b3a34262848e2c5ecc08c20aa12abb30068f0552,仕切り壁予防：右壁の向き・離隔を保持 | target_deg=0.559,,227.26987116333396,122.4321281591061,85.69477445191785,45.11773541763653,33.27147845404523,0,58.3,32.54061776920031,1
58.35,408.8713627166645,286.2795618415313,-89.09039039226525,14.75442690039869,2.4637926797524115,14.0,7.6993521242262855,392,443,375,435,14.0,NEUTRAL,program,sonic_drive_three_laps.py,function,ec959a186dbd8278df967871b3a34262848e2c5ecc08c20aa12abb30068f0552,仕切り端：検出側から離れて通過 | target_deg=6.140,,227.47649241127942,123.74795192926695,85.52872301728438,44.34488707480174,33.309103243728075,0,58.35,32.54944809877213,1
58.4,408.15247321644296,286.29065164412975,-89.13552676868349,14.133687519790557,0.8637926797524114,15.0,2.6993521242262855,393,437,375,435,15.0,NEUTRAL,program,sonic_drive_three_laps.py,function,ec959a186dbd8278df967871b3a34262848e2c5ecc08c20aa12abb30068f0552,仕切り壁予防：右壁の向き・離隔を保持 | target_deg=2.159,,225.69859164869752,122.68266316768891,85.97238320022299,45.563251065644856,32.133072033666075,0,58.4,32.54926391416603,1
58.45,407.465825114192,286.3004456261286,-89.242388789306,13.472549853124214,3.103792679752411,14.0,9.699352124226285,392,445,375,435,14.0,NEUTRAL,program,sonic_drive_three_laps.py,function,ec959a186dbd8278df967871b3a34262848e2c5ecc08c20aa12abb30068f0552,仕切り端：検出側から離れて通過 | target_deg=7.720,,225.04984137436404,122.68039029151913,85.36992533304917,44.776033494158426,33.38564356552925,0,58.45,32.565314628006774,1
58.5,406.8022722391252,286.3087998244801,-89.30899382704928,13.140695091028107,1.5037926797524113,15.0,4.6993521242262855,393,439,375,435,15.0,NEUTRAL,program,sonic_drive_three_laps.py,function,ec959a186dbd8278df967871b3a34262848e2c5ecc08c20aa12abb30068f0552,仕切り壁予防：右壁の向き・離隔を保持 | target_deg=3.755,,224.45823270156137,122.89310049852463,85.96385393505419,46.53959046758433,33.00788764264567,0,58.5,32.57308685776724,1
58.55,406.147603150723,286.31663932328814,-89.31300869886621,13.06391583079419,-0.09620732024758866,16.0,-0.30064787577371455,395,434,375,435,16.0,NEUTRAL,program,sonic_drive_three_laps.py,function,ec959a186dbd8278df967871b3a34262848e2c5ecc08c20aa12abb30068f0552,仕切り壁予防：右壁の向き・離隔を保持 | target_deg=-0.241,,223.49637887049101,122.1941684892455,85.8707228674851,46.15171560950187,31.923368991113062,0,58.55,32.566219880029166,1
58.6,405.50713559668475,286.3240276930409,-89.37654020523719,12.643862585545458,2.143792679752411,14.0,6.6993521242262855,392,442,375,435,14.0,NEUTRAL,program,sonic_drive_three_laps.py,function,ec959a186dbd8278df967871b3a34262848e2c5ecc08c20aa12abb30068f0552,仕切り端：検出側から離れて通過 | target_deg=5.346,,224.15566828914757,122.1340787327066,85.35121479577796,44.53507264793143,32.93537843082251,0,58.6,32.57422736817699,1
58.65,404.8847988019513,286.33007812976876,-89.52053093460567,12.318472804133938,4.383792679752411,14.0,13.699352124226285,392,449,375,435,14.0,NEUTRAL,program,sonic_drive_three_laps.py,function,ec959a186dbd8278df967871b3a34262848e2c5ecc08c20aa12abb30068f0552,仕切り端：検出側から離れて通過 | target_deg=10.849,,222.46350009913724,122.24393447888214,84.98691886450773,44.99784671942746,32.81938474946031,0,58.65,32.60311698501505,1
58.7,404.27650070522907,286.33405041643107,-89.74209771850683,12.066413068744103,6.623792679752412,14.0,20.699352124226287,392,456,375,435,14.0,NEUTRAL,program,sonic_drive_three_laps.py,function,ec959a186dbd8278df967871b3a34262848e2c5ecc08c20aa12abb30068f0552,仕切り端：検出側から離れて通過 | target_deg=16.189,,221.91091649829602,122.97012850293171,85.75488622064458,44.62920091544494,32.51913383952833,0,58.7,32.653033686738524,1
58.75,403.67907861893195,286.33524416924973,-90.03974880362443,11.87115767403199,8.863792679752413,14.0,27.699352124226287,392,464,375,435,14.0,NEUTRAL,program,sonic_drive_three_laps.py,function,ec959a186dbd8278df967871b3a34262848e2c5ecc08c20aa12abb30068f0552,仕切り端：検出側から離れて通過 | target_deg=21.299,,221.38938455443372,121.29628525680334,85.8381411958768,43.98806365975527,31.836313706332373,0,58.75,32.70504577299954,1
58.8,403.09009396992604,286.3329724295343,-90.41303148147381,11.719905158015427,11.103792679752411,14.0,34.69935212422629,392,471,375,435,14.0,NEUTRAL,program,sonic_drive_three_laps.py,function,ec959a186dbd8278df967871b3a34262848e2c5ecc08c20aa12abb30068f0552,仕切り端：検出側から離れて通過 | target_deg=26.135,,221.00571107951833,120.53784768814552,85.49695695134554,44.69828189504441,32.574297390572404,0,58.8,32.616365644757934,1
58.85,402.50222338563145,286.3270118476798,-90.73811918801283,11.783027507967745,8.863792679752413,15.0,27.699352124226287,393,464,375,435,15.0,NEUTRAL,program,sonic_drive_three_laps.py,function,ec959a186dbd8278df967871b3a34262848e2c5ecc08c20aa12abb30068f0552,右壁追従 | target_deg=21.299,,220.45328400099316,119.75825873371342,85.2823829708919,230.58896258646635,32.706827254652424,0,58.85,32.54346639628761,1
58.9,401.90621948144366,286.31798066436374,-90.98746064597918,12.012213069112327,6.623792679752412,16.0,20.699352124226287,395,456,375,435,16.0,NEUTRAL,program,sonic_drive_three_laps.py,function,ec959a186dbd8278df967871b3a34262848e2c5ecc08c20aa12abb30068f0552,右壁追従 | target_deg=16.189,,219.41013168666726,119.36566697024664,84.14478023134302,231.45425626185644,32.77109847906301,0,58.9,32.49223421964598,1
58.95,401.2949113783108,286.3064563571812,-91.16170703996974,12.370037731612625,4.383792679752412,17.0,13.699352124226287,396,449,375,435,17.0,NEUTRAL,program,sonic_drive_three_laps.py,function,ec959a186dbd8278df967871b3a34262848e2c5ecc08c20aa12abb30068f0552,右壁追従 | target_deg=10.849,,218.4626335356055,118.77267252403601,85.23700636149456,231.6474616613002,33.517234230735774,0,58.95,32.461759944363166,1
59.0,400.66273616698663,286.2930429181724,-91.2581835062779,12.827511306589065,2.143792679752412,18.0,6.699352124226287,397,442,375,435,18.0,NEUTRAL,program,sonic_drive_three_laps.py,function,ec959a186dbd8278df967871b3a34262848e2c5ecc08c20aa12abb30068f0552,右壁追従 | target_deg=5.346,,218.4930961622971,117.17884580381482,84.43396201350455,231.40690774012498,32.2893630722634,0,59.0,32.45196055170118,1
59.05,400.00537730051497,286.27837786985106,-91.29439059698099,13.362176852381742,0.830002744192916,19.0,2.5937585756028625,398,437,375,435,19.0,NEUTRAL,program,sonic_drive_three_laps.py,function,ec959a186dbd8278df967871b3a34262848e2c5ecc08c20aa12abb30068f0552,右壁追従 | target_deg=2.074,,218.82439301867447,117.68240992225422,84.31562011428026,230.27469105661265,32.643781185137534,0,59.05,32.457921487792476,1
59.1,399.3194953647981,286.2626805503608,-91.32773175448132,13.956638337843327,0.8261072221844314,20.0,2.5815850693263482,400,437,375,435,20.0,NEUTRAL,program,sonic_drive_three_laps.py,function,ec959a186dbd8278df967871b3a34262848e2c5ecc08c20aa12abb30068f0552,右壁追従 | target_deg=2.065,,215.90794344116281,117.86720859317425,84.04347920820666,231.58118468320936,32.692193898997616,0,59.1,32.465607302139745,1
59.15,398.6025095791804,286.2458421887131,-91.36294849193216,14.597420112359313,0.8347127152800081,21.0,2.6084772352500254,401,437,375,435,21.0,NEUTRAL,program,sonic_drive_three_laps.py,function,ec959a186dbd8278df967871b3a34262848e2c5ecc08c20aa12abb30068f0552,右壁追従 | target_deg=2.086,,216.97969505122626,116.9494978169929,84.94200477793987,231.4696818423518,32.1530004441676,0,59.15,32.47398727355625,1
59.2,397.8524213744025,286.2277572958428,-91.39935950311866,15.274083406422676,0.8249224353259231,22.0,2.5778826103935097,402,437,375,435,22.0,NEUTRAL,program,sonic_drive_three_laps.py,function,ec959a186dbd8278df967871b3a34262848e2c5ecc08c20aa12abb30068f0552,右壁追従 | target_deg=2.062,,216.0420977246406,118.14467154971187,84.65386410962685,230.62105821321842,33.80095747746881,0,59.2,32.483331037829146,1
59.25,397.0676831683063,286.20832503276563,-91.43766095064966,15.978541938195296,0.82942257776926,23.0,2.5919455555289375,403,437,375,435,23.0,NEUTRAL,program,sonic_drive_three_laps.py,function,ec959a186dbd8278df967871b3a34262848e2c5ecc08c20aa12abb30068f0552,右壁追従 | target_deg=2.073,,215.69925310761772,118.12666114205044,85.07914369284747,230.27473125905962,32.91629338013252,0,59.25,32.49357284475735,1
59.3,396.24709693947057,286.18744105565185,-91.47807286463318,16.70453175540565,0.8368789033104876,24.0,2.615246572845274,405,437,375,435,24.0,NEUTRAL,program,sonic_drive_three_laps.py,function,ec959a186dbd8278df967871b3a34262848e2c5ecc08c20aa12abb30068f0552,右壁追従 | target_deg=2.091,,213.99611653494165,117.61575825984333,85.52754817361819,230.461851357939,32.68587900738326,0,59.3,32.50476497159286,1
59.35,395.3897353911604,286.1650023801023,-91.52030743709776,17.447200554010244,0.8370924470896006,25.0,2.6159138971550018,406,437,375,435,25.0,NEUTRAL,program,sonic_drive_three_laps.py,function,ec959a186dbd8278df967871b3a34262848e2c5ecc08c20aa12abb30068f0552,右壁追従 | target_deg=2.092,,213.75598024837376,117.33466982074582,85.20015170584657,230.5561437506045,32.86650198234226,0,59.35,32.517080181641745,1
59.4,394.4948808667459,286.1409112277211,-91.56396600127727,18.202789548260093,0.8290453400893418,26.0,2.590766687779193,407,437,375,435,26.0,NEUTRAL,program,sonic_drive_three_laps.py,function,ec959a186dbd8278df967871b3a34262848e2c5ecc08c20aa12abb30068f0552,右壁追従 | target_deg=2.072,,212.57758649574996,117.51030916175264,84.686839789659,230.11380304068555,33.45077068047051,0,59.4,32.530712464888325,1
59.45,393.56197826445504,286.11506907445687,-91.60950091616468,18.968387034729332,0.8293927564432749,27.0,2.591852363885234,408,437,375,435,27.0,NEUTRAL,program,sonic_drive_three_laps.py,function,ec959a186dbd8278df967871b3a34262848e2c5ecc08c20aa12abb30068f0552,右壁追従 | target_deg=2.073,,212.36918874567226,117.4781869305567,84.74745221909338,230.28113073650334,32.8853964493422,0,59.45,32.54565266947691,1
59.5,392.59059849957947,286.08737484073464,-91.65664287722836,19.741737493309525,0.8246337031002829,28.0,2.5769803221883842,410,437,375,435,28.0,NEUTRAL,program,sonic_drive_three_laps.py,function,ec959a186dbd8278df967871b3a34262848e2c5ecc08c20aa12abb30068f0552,右壁追従 | target_deg=2.061,,210.1087699565273,116.55841237951485,84.83219639304232,228.6505007255384,33.63516664818224,0,59.5,32.56206710970116,1
59.55,391.5804100710616,286.05772826685256,-91.70537573437406,20.52109370932406,0.8196941180765652,29.0,2.5615441189892665,411,437,375,435,29.0,NEUTRAL,program,sonic_drive_three_laps.py,function,ec959a186dbd8278df967871b3a34262848e2c5ecc08c20aa12abb30068f0552,右壁追従 | target_deg=2.049,,209.98632702138912,116.86184593276869,84.29058451814502,229.6945314568126,33.41527426782333,0,59.55,32.5800606331606,1
59.6,390.53115733564283,286.02602223247214,-91.75626752967285,21.30510222149599,0.8241161569935636,30.0,2.5753629906048863,412,437,375,435,30.0,NEUTRAL,program,sonic_drive_three_laps.py,function,ec959a186dbd8278df967871b3a34262848e2c5ecc08c20aa12abb30068f0552,右壁追従 | target_deg=2.060,,209.3068233460306,116.58254707943297,85.12753464343038,228.8473779527837,33.301957849898315,0,59.6,32.59960541024708,1
59.65,389.442643364654,285.99214783234254,-91.80865499286737,22.092714585433946,0.817716171156436,31.0,2.5553630348638627,413,437,375,435,31.0,NEUTRAL,program,sonic_drive_three_laps.py,function,ec959a186dbd8278df967871b3a34262848e2c5ecc08c20aa12abb30068f0552,右壁追従 | target_deg=2.044,,208.37043395106758,115.99736614604656,83.89892909383504,227.9610583026937,33.25236632598259,0,59.65,32.62096973429186,1
59.7,388.3147168506173,285.9559921966382,-91.86331515358685,22.883118634834766,0.8233530517079845,32.0,2.5729782865874515,415,437,375,435,32.0,NEUTRAL,program,sonic_drive_three_laps.py,function,ec959a186dbd8278df967871b3a34262848e2c5ecc08c20aa12abb30068f0552,右壁追従 | target_deg=2.058,,206.80652028890879,116.13835797699315,85.08410996250875,228.01777922428332,33.21877783305173,0,59.7,32.644081877373594,1
59.75,387.14726194915505,285.91743743912167,-91.91965296805883,23.675685233704733,0.8198651880085402,33.0,2.5620787125266884,416,437,375,435,33.0,NEUTRAL,program,sonic_drive_three_laps.py,function,ec959a186dbd8278df967871b3a34262848e2c5ecc08c20aa12abb30068f0552,右壁追従 | target_deg=2.049,,205.75314005215085,116.19737467961839,84.447756691296,226.57089801721418,33.45725355644005,0,59.75,32.66920275874435,1
59.8,385.94019024298046,285.87636523434736,-91.97797202278826,24.469927028533835,0.8208150894687587,34.0,2.565047154589871,417,437,375,435,34.0,NEUTRAL,program,sonic_drive_three_laps.py,function,ec959a186dbd8278df967871b3a34262848e2c5ecc08c20aa12abb30068f0552,右壁追従 | target_deg=2.051,,204.56785459823433,116.2764259239453,85.3428640682522,227.2210613422041,33.9735430695317,0,59.8,32.69637931272257,1
59.85,384.6958924261813,285.83273474435055,-92.03846058737544,25.18404163090128,0.8258495634168872,34.54836352000639,2.5807798856777726,418,437,375,435,34.54836352000639,NEUTRAL,program,sonic_drive_three_laps.py,function,ec959a186dbd8278df967871b3a34262848e2c5ecc08c20aa12abb30068f0552,右壁追従 | target_deg=2.064,,202.8365616693799,115.32961154526988,85.41164876535362,226.10994210044592,33.43364841800002,0,59.85,32.72560869218404,1
59.9,383.42081112711094,285.78666181325536,-92.10031323524055,25.73739988058335,0.8240547132276158,34.549345078703645,2.5751709788362995,418,437,375,435,34.549345078703645,NEUTRAL,program,sonic_drive_three_laps.py,function,ec959a186dbd8278df967871b3a34262848e2c5ecc08c20aa12abb30068f0552,右壁追従 | target_deg=2.059,,201.36526880129972,114.77102561590316,85.7531401398276,225.4384596978986,34.378921437426705,0,59.9,32.75696784412514,1
59.95,382.12186110866014,285.73831903891397,-92.16245151605546,26.167180651197814,0.8126172026649431,34.55559996729261,2.539428758327947,418,437,375,435,34.55559996729261,NEUTRAL,program,sonic_drive_three_laps.py,function,ec959a186dbd8278df967871b3a34262848e2c5ecc08c20aa12abb30068f0552,右壁追従 | target_deg=2.031,,200.39461233942046,114.80122398620527,83.82593777639036,226.02887126652334,33.86068278085894,0,59.95,32.790541220683224,1
60.0,380.8044310690925,285.6878424922491,-92.22590923986564,26.49955563629529,0.8181967848076372,34.55254863330832,2.5568649525238665,418,437,375,435,34.55254863330832,NEUTRAL,program,sonic_drive_three_laps.py,function,ec959a186dbd8278df967871b3a34262848e2c5ecc08c20aa12abb30068f0552,右壁追従 | target_deg=2.045,,199.61684634532224,114.52249836012373,85.41115925933757,225.6183999549589,33.87221839189203,0,60.0,32.82594752827174,1
60.05,379.47271094823566,285.6353337040077,-92.29001609350331,26.757079155184,0.8176615693666611,34.55284132925261,2.555192404270816,418,437,375,435,34.55284132925261,NEUTRAL,program,sonic_drive_three_laps.py,function,ec959a186dbd8278df967871b3a34262848e2c5ecc08c20aa12abb30068f0552,右壁追従 | target_deg=2.043,,198.3104344622288,115.04858147860325,84.38334937604107,225.28758497654513,33.318028351735336,0,60.05,32.80012861672302,1
60.1,378.129914231426,285.5808838534914,-92.35407988145292,26.95728920537569,0.810336738974607,34.556847095873266,2.532302309295647,418,437,375,435,34.556847095873266,NEUTRAL,program,sonic_drive_three_laps.py,function,ec959a186dbd8278df967871b3a34262848e2c5ecc08c20aa12abb30068f0552,右壁追従 | target_deg=2.025,,196.82257427336876,114.0825075955983,83.77951029971314,224.40660863030374,33.660736248596294,0,60.1,32.700887637887725,1
60.15,376.77851328729287,285.52457466538664,-92.4178772038041,27.1132221929003,0.801792715916561,34.56151960848313,2.5056022372392532,418,437,375,435,34.56151960848313,NEUTRAL,program,sonic_drive_three_laps.py,function,ec959a186dbd8278df967871b3a34262848e2c5ecc08c20aa12abb30068f0552,右壁追従 | target_deg=2.004,,195.02096403552073,114.1995129657325,84.15789121003958,224.31131706491374,34.66088122188863,0,60.15,32.65487003289465,1
60.2,375.42046197427726,285.4664649856401,-92.48239370488449,27.23351818340464,0.8068217679233838,34.5587693456669,2.5213180247605744,418,437,375,435,34.5587693456669,NEUTRAL,program,sonic_drive_three_laps.py,function,ec959a186dbd8278df967871b3a34262848e2c5ecc08c20aa12abb30068f0552,右壁追従 | target_deg=2.016,,194.30830082931038,114.55377112784227,84.8618961944882,224.3009318479432,34.073523359644305,0,60.2,32.659640833134084,1
60.25,374.05728322858295,285.40659598996365,-92.54708296937989,27.326795063317352,0.8059001256563003,34.55927336878171,2.5184378926759385,418,437,375,435,34.55927336878171,NEUTRAL,program,sonic_drive_three_laps.py,function,ec959a186dbd8278df967871b3a34262848e2c5ecc08c20aa12abb30068f0552,右壁追従 | target_deg=2.014,,193.08479740422658,114.45240288786607,84.22962821359295,223.32405960032875,33.927214051282455,0,60.25,32.674057998659684,1
60.3,372.69013774229177,285.3450071831815,-92.61168688368569,27.399390010542085,0.802461789492369,34.56115370887136,2.5076930921636533,418,437,375,435,34.56115370887136,NEUTRAL,program,sonic_drive_three_laps.py,function,ec959a186dbd8278df967871b3a34262848e2c5ecc08c20aa12abb30068f0552,右壁追従 | target_deg=2.005,,191.28927403187427,113.93215984761609,84.02739972639786,222.83895190032777,34.12104379824732,0,60.3,32.686857859051564,1
60.35,371.31990349653427,285.2817378082738,-92.67572317861003,27.456500740587373,0.7935787488743691,34.56601162170933,2.4799335902324033,418,437,375,435,34.56601162170933,NEUTRAL,program,sonic_drive_three_laps.py,function,ec959a186dbd8278df967871b3a34262848e2c5ecc08c20aa12abb30068f0552,右壁追従 | target_deg=1.983,,190.1991449352562,113.43344988380287,83.44845981271189,222.50735167365158,34.489226676188395,0,60.35,32.69795726483308,1
60.4,369.94727271948807,285.2168202358042,-92.73976582205788,27.500873888132244,0.7922305343486973,34.56674892652806,2.475720419839679,418,437,375,435,34.56674892652806,NEUTRAL,program,sonic_drive_three_laps.py,function,ec959a186dbd8278df967871b3a34262848e2c5ecc08c20aa12abb30068f0552,右壁追従 | target_deg=1.980,,188.4852032789154,113.87785621824905,83.86593719259868,222.0913665413904,34.448578954384246,0,60.4,32.707466705720265,1
60.45,368.57285069718637,285.15026110465897,-92.80522731217155,27.53362514636309,0.8086809051785384,34.557752629980484,2.5271278286829326,418,437,375,435,34.557752629980484,NEUTRAL,program,sonic_drive_three_laps.py,function,ec959a186dbd8278df967871b3a34262848e2c5ecc08c20aa12abb30068f0552,右壁追従 | target_deg=2.021,,187.8013446020678,112.8967102226464,84.76693095534864,221.89064224012162,33.04020742063008,0,60.45,32.71555737766028,1
60.5,367.1971145571406,285.0820549151515,-92.87134035915128,27.558283505195377,0.8159029066212213,34.55380309794152,2.5496965831913165,418,437,375,435,34.55380309794152,NEUTRAL,program,sonic_drive_three_laps.py,function,ec959a186dbd8278df967871b3a34262848e2c5ecc08c20aa12abb30068f0552,右壁追従 | target_deg=2.039,,186.75301402779053,113.22798129451317,83.87372656712945,221.35301189673666,32.35992482927182,0,60.5,32.7220800776067,1
60.55,365.82039442293666,285.0122067177154,-92.93750678220917,27.577382095703125,0.8159307482380197,34.553787872057335,2.5497835882438116,418,437,375,435,34.553787872057335,NEUTRAL,program,sonic_drive_three_laps.py,function,ec959a186dbd8278df967871b3a34262848e2c5ecc08c20aa12abb30068f0552,右壁追従 | target_deg=2.039,,185.0490016107411,112.76363298758363,84.82531122799047,221.575695933163,33.82763530630245,0,60.55,32.726956462704784,1
60.6,364.44046690012647,284.94135223360604,-92.93952587550912,27.67262353271827,0.0,35.0,0.0,418,435,375,435,35.0,NEUTRAL,program,sonic_drive_three_laps.py,function,ec959a186dbd8278df967871b3a34262848e2c5ecc08c20aa12abb30068f0552,右壁追従 | target_deg=0.000,,182.83850073944055,112.20233838548089,84.45315005955727,220.50494650095868,175.21009824413215,0,60.6,32.727075978371936,1
60.65,363.0587668253528,284.87114847423965,-92.87634640262877,27.667700832378202,-0.7982174273821536,34.56347484440038,-2.49442946056923,418,432,375,435,34.56347484440038,NEUTRAL,program,sonic_drive_three_laps.py,function,ec959a186dbd8278df967871b3a34262848e2c5ecc08c20aa12abb30068f0552,右壁追従 | target_deg=-1.995,,182.3596528158371,112.99385242547936,83.88909407075988,220.386622444802,174.09615591954238,0,60.65,32.72548717701108,1
60.7,361.67808333436517,284.8028579954173,-92.78689236632194,27.63413865804946,-1.099944428945674,34.398467890420335,-3.4373263404552308,417,431,375,435,34.398467890420335,NEUTRAL,program,sonic_drive_three_laps.py,function,ec959a186dbd8278df967871b3a34262848e2c5ecc08c20aa12abb30068f0552,右壁追従 | target_deg=-2.748,,180.53094168019464,112.31085452286932,84.15554580045549,218.51915718677105,174.62165268510816,0,60.7,32.72527728392583,1
60.75,360.29923501298117,284.73697926424023,-92.6839125006191,27.591570763600238,-1.2679982507966217,34.3065634565956,-3.9624945337394424,417,430,375,435,34.3065634565956,NEUTRAL,program,sonic_drive_three_laps.py,function,ec959a186dbd8278df967871b3a34262848e2c5ecc08c20aa12abb30068f0552,右壁追従 | target_deg=-3.167,,180.09286902851366,112.4700901438555,83.40398805967875,218.72334377477225,174.75110046728994,0,60.75,32.72738198707461,1
60.8,358.9223934169888,284.67376995099244,-92.57317117480684,27.548969312832206,-1.3656366393368709,34.25316746286265,-4.267614497927721,417,430,375,435,34.25316746286265,NEUTRAL,program,sonic_drive_three_laps.py,function,ec959a186dbd8278df967871b3a34262848e2c5ecc08c20aa12abb30068f0552,右壁追従 | target_deg=-3.411,,177.4026707247468,112.8082220721518,83.70758111271147,218.49928030013328,176.08829341119016,0,60.8,32.73214830362064,1
60.85,357.54740548183065,284.613351551235,-92.45886411840435,27.51143530619318,-1.4116149645503437,34.22802306626153,-4.411296764219824,417,430,375,435,34.22802306626153,NEUTRAL,program,sonic_drive_three_laps.py,function,ec959a186dbd8278df967871b3a34262848e2c5ecc08c20aa12abb30068f0552,右壁追従 | target_deg=-3.525,,176.53114604876302,112.83528293262373,84.23736713442212,216.51690974124298,175.77301587183678,0,60.85,32.73963863303959,1
60.9,356.17398283756893,284.55576625076066,-92.34295461131195,27.480236713379245,-1.4331502108824248,34.21624597842367,-4.478594409007577,417,430,375,435,34.21624597842367,NEUTRAL,program,sonic_drive_three_laps.py,function,ec959a186dbd8278df967871b3a34262848e2c5ecc08c20aa12abb30068f0552,右壁追従 | target_deg=-3.579,,174.22573231337444,112.58914131893563,83.49125647886635,215.7895399505026,174.61334236997027,0,60.9,32.74983268572834,1
60.95,354.80185800544035,284.5010358228047,-92.22537767588423,27.45388974308707,-1.4552538257729501,34.204158064030416,-4.547668205540469,417,430,375,435,34.204158064030416,NEUTRAL,program,sonic_drive_three_laps.py,function,ec959a186dbd8278df967871b3a34262848e2c5ecc08c20aa12abb30068f0552,右壁追従 | target_deg=-3.634,,173.4729083574563,113.18880498796142,82.72805205217882,214.22214195523168,175.27252743604666,0,60.95,32.76280361648346,1
61.0,353.4307642970118,284.44916431106805,-92.10780826292377,27.43337022273553,-1.456370713710439,34.203547265939605,-4.551158480345122,417,430,375,435,34.203547265939605,NEUTRAL,program,sonic_drive_three_laps.py,function,ec959a186dbd8278df967871b3a34262848e2c5ecc08c20aa12abb30068f0552,右壁追従 | target_deg=-3.637,,171.18882053586188,113.33016449797401,83.59340869560108,215.32151137735931,174.6969765992022,0,61.0,32.77839975899669,1
61.05,352.06045416812105,284.40013762441015,-91.99027803941829,27.41742994962116,-1.4568275793079168,34.203297417565985,-4.5525861853372405,417,430,375,435,34.203297417565985,NEUTRAL,program,sonic_drive_three_laps.py,function,ec959a186dbd8278df967871b3a34262848e2c5ecc08c20aa12abb30068f0552,右壁追従 | target_deg=-3.638,,170.32096024716157,114.8526382528831,83.26886241785027,213.67137057902426,174.35347323405747,0,61.05,32.79661376027186,1
61.1,350.69072721335937,284.3539418105117,-91.87300622692035,27.40532646078775,-1.4543480051712536,34.20465343467197,-4.544837516160167,417,430,375,435,34.20465343467197,NEUTRAL,program,sonic_drive_three_laps.py,function,ec959a186dbd8278df967871b3a34262848e2c5ecc08c20aa12abb30068f0552,右壁追従 | target_deg=-3.632,,169.10569682245782,114.36492143442257,83.61823799297345,212.97502976028485,174.33649812890337,0,61.1,32.81740356384201,1
61.15,349.321459707267,284.3105758703665,-91.75499937770081,27.394994178756196,-1.4640487038918935,34.19934836505912,-4.575152199662167,417,430,375,435,34.19934836505912,NEUTRAL,program,sonic_drive_three_laps.py,function,ec959a186dbd8278df967871b3a34262848e2c5ecc08c20aa12abb30068f0552,右壁追従 | target_deg=-3.656,,167.545389493483,113.70304906610262,83.37819879111946,212.89477466349604,175.57953992568557,0,61.15,32.84095417267098,1
61.2,347.95255453107086,284.2700438592567,-91.63695926752968,27.38690240565509,-1.4649410453708795,34.1988603658128,-4.577940766783999,417,430,375,435,34.1988603658128,NEUTRAL,program,sonic_drive_three_laps.py,function,ec959a186dbd8278df967871b3a34262848e2c5ecc08c20aa12abb30068f0552,右壁追従 | target_deg=-3.658,,165.81273658824202,113.15307462825318,83.15610016131481,212.18392799872984,174.77914999409694,0,61.2,32.86714090317722,1
61.25,346.58390813400206,284.2323378637346,-91.51922202770731,27.38096893949431,-1.4615459551128887,34.20071705579764,-4.567331109727777,417,430,375,435,34.20071705579764,NEUTRAL,program,sonic_drive_three_laps.py,function,ec959a186dbd8278df967871b3a34262848e2c5ecc08c20aa12abb30068f0552,右壁追従 | target_deg=-3.650,,165.21951035471864,114.06772104112626,83.73660638054258,211.02862279342844,174.83883568238375,0,61.25,32.901396159057306,1
61.3,345.21545555733235,284.1974549257472,-91.4011749710268,27.375965279230513,-1.4656776315150224,34.19845754526522,-4.580242598484445,417,430,375,435,34.19845754526522,NEUTRAL,program,sonic_drive_three_laps.py,function,ec959a186dbd8278df967871b3a34262848e2c5ecc08c20aa12abb30068f0552,右壁追従 | target_deg=-3.660,,163.95574375259247,114.80707771580622,82.8211648374113,210.3214450468036,174.72343227206488,0,61.3,32.97824700573877,1
61.35,343.84716109700804,284.1654001679758,-91.28284738317828,27.371721944085323,-1.469402991652724,34.196420238939915,-4.591884348914762,417,430,375,435,34.196420238939915,NEUTRAL,program,sonic_drive_three_laps.py,function,ec959a186dbd8278df967871b3a34262848e2c5ecc08c20aa12abb30068f0552,右壁追従 | target_deg=-3.669,,161.7727688274034,115.72560502532693,82.81853075619661,209.45182430455574,174.9243848438383,0,61.35,33.1033268184744,1
61.4,342.4789852739313,284.136174551554,-91.16457176871486,27.368479251019668,-1.4689530573209835,34.196666296777586,-4.590478304128073,417,430,375,435,34.196666296777586,NEUTRAL,program,sonic_drive_three_laps.py,function,ec959a186dbd8278df967871b3a34262848e2c5ecc08c20aa12abb30068f0552,右壁追従 | target_deg=-3.668,,160.54653763493172,114.17890577293986,83.04633977580285,209.03466514844257,174.82351769059565,0,61.4,33.27602900618009,1
61.45,341.1108884199258,284.1097746209621,-91.04640750741551,27.366089213150726,-1.4677168941774854,34.197342323496684,-4.586615294304642,417,430,375,435,34.197342323496684,NEUTRAL,program,sonic_drive_three_laps.py,function,ec959a186dbd8278df967871b3a34262848e2c5ecc08c20aa12abb30068f0552,右壁追従 | target_deg=-3.665,,158.88293364951699,113.20972736293567,83.42091051767669,208.71060776497242,175.06423217550184,0,61.45,33.495645154174724,1
61.5,339.74282853057196,284.0861928986889,-90.92865129708298,27.364727981799803,-1.4627451947058197,34.20006122164526,-4.571078733455686,417,430,375,435,34.20006122164526,NEUTRAL,program,sonic_drive_three_laps.py,function,ec959a186dbd8278df967871b3a34262848e2c5ecc08c20aa12abb30068f0552,右壁追従 | target_deg=-3.653,,158.06710138675592,112.68712832705769,83.79198099180535,207.0320378142281,174.85567179826558,0,61.5,33.761263495848986,1
61.55,338.3748137270293,284.0654345337322,-90.81003665598212,27.36261299336325,-1.4735015421564017,34.19417884413322,-4.604692319238755,417,430,375,435,34.19417884413322,NEUTRAL,program,sonic_drive_three_laps.py,function,ec959a186dbd8278df967871b3a34262848e2c5ecc08c20aa12abb30068f0552,右壁追従 | target_deg=-3.679,,156.80131895022515,112.94516953768738,83.07850041636004,206.7680416919168,175.9466339831332,0,61.55,34.07212392882582,1
61.6,337.00687139928516,284.04751651991495,-90.69085682622395,27.36027068859744,-1.4806413513577068,34.19027426097625,-4.627004222992833,417,430,375,435,34.19027426097625,NEUTRAL,program,sonic_drive_three_laps.py,function,ec959a186dbd8278df967871b3a34262848e2c5ecc08c20aa12abb30068f0552,右壁追従 | target_deg=-3.697,,155.7011794070391,112.40298248467086,82.3133723864968,206.8866259551604,175.36741037675773,0,61.6,34.426980237749596,1
61.65,335.6389848492681,284.03244128221974,-90.57198551663723,27.358824406905082,-1.4769073002602096,34.1923163201702,-4.615335313313155,417,430,375,435,34.1923163201702,NEUTRAL,program,sonic_drive_three_laps.py,function,ec959a186dbd8278df967871b3a34262848e2c5ecc08c20aa12abb30068f0552,右壁追従 | target_deg=-3.688,,154.51470016482432,111.17438830987172,82.98889232334074,204.84546651809393,175.02680586837565,0,61.65,34.82439830014322,1
61.7,334.2711125683292,284.02019792857607,-90.45365666993564,27.35836377252962,-1.4702161848808744,34.195975523893274,-4.594425577752732,417,430,375,435,34.195975523893274,NEUTRAL,program,sonic_drive_three_laps.py,function,ec959a186dbd8278df967871b3a34262848e2c5ecc08c20aa12abb30068f0552,右壁追従 | target_deg=-3.671,,152.51019547944486,110.86499713741067,83.5539100720314,204.24537093776988,174.96076696733357,0,61.7,35.263012347817394,1
61.75,332.90325116249625,284.01078407930896,-90.33496901136124,27.357564050561038,-1.47470825048834,34.19351892551419,-4.6084632827760625,417,430,375,435,34.19351892551419,NEUTRAL,program,sonic_drive_three_laps.py,function,ec959a186dbd8278df967871b3a34262848e2c5ecc08c20aa12abb30068f0552,右壁追従 | target_deg=-3.683,,151.75192951556963,109.51714598306917,83.30035091365407,203.18044813043804,175.7929743666558,0,61.75,35.741564281385934,1
61.8,331.5420723729528,284.00564334254506,-90.07361932844833,27.136091137378507,-3.71470825048834,32.96851892551419,-11.608463282776063,416,422,375,435,32.96851892551419,NEUTRAL,program,sonic_drive_three_laps.py,function,ec959a186dbd8278df967871b3a34262848e2c5ecc08c20aa12abb30068f0552,右回避 | target_deg=-9.219,,149.7391647615282,109.04406335082996,83.87610731215132,202.93252824164102,174.96473821100804,0,61.8,36.27761420861047,1
61.85,330.1971256312968,284.0087554457013,-89.63716404366585,26.74367608230163,-5.95470825048834,31.74351892551419,-18.608463282776064,414,415,375,435,31.74351892551419,NEUTRAL,program,sonic_drive_three_laps.py,function,ec959a186dbd8278df967871b3a34262848e2c5ecc08c20aa12abb30068f0552,右回避 | target_deg=-14.615,,148.97130676624494,108.70582667180588,81.9703285226943,201.55708226539892,174.99427019656267,0,61.85,36.863891694018804,1
61.9,328.87588387881647,284.0238260936806,-89.03194308946325,26.218842514062008,-8.19470825048834,30.51851892551419,-25.608463282776064,413,408,375,435,30.51851892551419,NEUTRAL,program,sonic_drive_three_laps.py,function,ec959a186dbd8278df967871b3a34262848e2c5ecc08c20aa12abb30068f0552,右回避 | target_deg=-19.800,,147.68682869864372,106.46789408965361,83.5143874824267,200.54132250451636,175.29000158050027,0,61.9,37.48760690615701,1
61.95,327.5842520502332,284.05402403346994,-88.26579403173989,25.591432352163775,-10.43470825048834,29.29351892551419,-32.608463282776064,411,400,375,435,29.29351892551419,NEUTRAL,program,sonic_drive_three_laps.py,function,ec959a186dbd8278df967871b3a34262848e2c5ecc08c20aa12abb30068f0552,右回避 | target_deg=-24.721,,145.45939378496053,107.16817928823711,84.50181439500759,199.1047448595376,175.2409104136615,0,61.95,38.13745289382694,1
62.0,326.32695323105975,284.1019215574414,-87.347501086989,24.884562322341534,-12.67470825048834,28.06851892551419,-39.608463282776064,410,393,375,435,28.06851892551419,NEUTRAL,program,sonic_drive_three_laps.py,function,ec959a186dbd8278df967871b3a34262848e2c5ecc08c20aa12abb30068f0552,右回避 | target_deg=-29.346,,144.20242681875297,104.56075537224463,83.33201475229544,197.28043149113427,175.2134149304728,0,62.0,38.803780186781076,1
62.05,325.10781874437106,284.1694729738226,-86.28642128656867,24.11613955046281,-14.91470825048834,26.84351892551419,-46.608463282776064,408,386,375,435,26.84351892551419,NEUTRAL,program,sonic_drive_three_laps.py,function,ec959a186dbd8278df967871b3a34262848e2c5ecc08c20aa12abb30068f0552,右回避 | target_deg=-33.659,,143.58795981381493,104.82671752647309,82.48737453145444,196.13276466415982,175.31508640636912,0,62.05,39.47859294129334,1
62.1,323.93000272414844,284.2580176433037,-85.09223748374455,23.300035601234363,-17.15470825048834,25.618518925514188,-53.608463282776064,407,378,375,435,25.618518925514188,NEUTRAL,program,sonic_drive_three_laps.py,function,ec959a186dbd8278df967871b3a34262848e2c5ecc08c20aa12abb30068f0552,右回避 | target_deg=-37.658,,142.4267461728177,105.01186742284065,84.2251371638954,193.42617485362638,174.19091267206483,0,62.1,40.155440378698806,1
62.15,322.7961378004007,284.3682984440719,-83.77480214792033,22.44699593480633,-19.39470825048834,24.39351892551419,-60.608463282776064,405,371,375,435,24.39351892551419,NEUTRAL,program,sonic_drive_three_laps.py,function,ec959a186dbd8278df967871b3a34262848e2c5ecc08c20aa12abb30068f0552,右回避 | target_deg=-41.352,,142.17246057429736,104.23425023909392,84.06411247892272,192.36788626139676,175.1185181647102,0,62.15,40.82925434605053,1
62.2,321.7084452354533,284.5004896769634,-82.34404624779792,21.565344407663513,-21.634708250488337,23.168518925514192,-67.60846328277606,403,364,375,435,23.168518925514192,NEUTRAL,program,sonic_drive_three_laps.py,function,ec959a186dbd8278df967871b3a34262848e2c5ecc08c20aa12abb30068f0552,右回避 | target_deg=-44.758,,141.29817954531228,105.60502761119282,84.84554379258624,189.0270252482689,174.1747010058282,0,62.2,41.496165716544404,1
62.25,320.6688101587256,284.6542306505869,-80.80993506923768,20.661529006752147,-23.87470825048834,21.94351892551419,-74.60846328277606,402,356,375,435,21.94351892551419,NEUTRAL,program,sonic_drive_three_laps.py,function,ec959a186dbd8278df967871b3a34262848e2c5ecc08c20aa12abb30068f0552,右回避 | target_deg=-47.895,,139.03304491724927,105.34762705878371,84.6358261261516,187.74576106475442,175.32965523587083,0,62.25,42.15331917327063,1
62.3,319.67883037819894,284.82866270285797,-79.18245833040378,19.740544596620275,-26.114708250488338,20.718518925514193,-81.60846328277606,400,349,375,435,20.718518925514193,NEUTRAL,program,sonic_drive_three_laps.py,function,ec959a186dbd8278df967871b3a34262848e2c5ecc08c20aa12abb30068f0552,右回避 | target_deg=-50.787,,139.8475766090045,105.27036757854229,86.70281274144837,186.09680953136012,176.20309669025204,0,62.3,42.79869693027275,2
62.35,318.7398455219354,285.0224684062234,-77.47164602220855,18.80626039599635,-28.35470825048834,19.493518925514188,-88.60846328277606,399,341,375,435,19.493518925514188,NEUTRAL,program,sonic_drive_three_laps.py,function,ec959a186dbd8278df967871b3a34262848e2c5ecc08c20aa12abb30068f0552,右回避 | target_deg=-53.455,,139.39331640250398,105.79967274917153,87.00978266738845,184.39029749079316,176.61933454431247,0,62.35,43.43095614077798,2
62.4,317.8529519047021,285.2339123188985,-75.68760444134536,17.86167365403993,-30.59470825048834,18.26851892551419,-95.60846328277606,397,334,375,435,18.26851892551419,NEUTRAL,program,sonic_drive_three_laps.py,function,ec959a186dbd8278df967871b3a34262848e2c5ecc08c20aa12abb30068f0552,右回避 | target_deg=-55.921,,139.16430224648363,106.81887178990746,89.30998853282584,181.17344728438917,177.28818765695203,0,62.4,44.04928119200928,2
62.45,317.01657343389036,285.46140868925903,-73.87180165859591,16.99140444784952,-32.0,17.5,-100.0,396,330,375,435,17.5,NEUTRAL,program,sonic_drive_three_laps.py,function,ec959a186dbd8278df967871b3a34262848e2c5ecc08c20aa12abb30068f0552,右回避 | target_deg=-57.375,,139.56388869614207,107.35494640175295,88.80703279514931,180.4413034166414,178.05672335035453,0,62.45,44.64868091567255,2
62.5,316.2236305544587,285.7038563399535,-72.12546474412225,16.317259657934148,-32.0,17.5,-100.0,396,330,375,435,17.5,NEUTRAL,program,sonic_drive_three_laps.py,function,ec959a186dbd8278df967871b3a34262848e2c5ecc08c20aa12abb30068f0552,右回避 | target_deg=-57.375,,139.70200733673462,109.42979943417123,90.57866162269322,180.6125295477938,179.15666087789322,0,62.5,45.215240230883545,2
62.55,315.46587807231504,285.9605926223868,-70.44045328125925,15.79504056235167,-32.0,17.5,-100.0,396,330,375,435,17.5,NEUTRAL,program,sonic_drive_three_laps.py,function,ec959a186dbd8278df967871b3a34262848e2c5ecc08c20aa12abb30068f0552,右回避 | target_deg=-57.375,,139.94091306789576,110.15716082261619,91.93415071741325,179.10302579913952,179.20342351539583,0,62.55,45.75386164274637,2
62.6,314.73702985516337,286.23133466737676,-68.80294692761817,15.39050909096669,-32.0,17.5,-100.0,396,330,375,435,17.5,NEUTRAL,program,sonic_drive_three_laps.py,function,ec959a186dbd8278df967871b3a34262848e2c5ecc08c20aa12abb30068f0552,右回避 | target_deg=-57.375,,141.4150222279377,112.09847077628348,93.3660851936649,176.79273689354264,182.03689256255214,0,62.6,46.26954133841949,2
62.65,314.03232220436684,286.516017935954,-67.20223990187297,15.077143086687649,-32.0,17.5,-100.0,396,330,375,435,17.5,NEUTRAL,program,sonic_drive_three_laps.py,function,ec959a186dbd8278df967871b3a34262848e2c5ecc08c20aa12abb30068f0552,右回避 | target_deg=-57.375,,142.47676144000422,113.62436300496162,95.20585604764496,176.61658540500542,183.97262679989402,0,62.65,46.76607332808083,2
62.7,313.348170080831,286.8146871761598,-65.63003908431821,14.834397442444905,-32.0,17.5,-100.0,396,330,375,435,17.5,NEUTRAL,program,sonic_drive_three_laps.py,function,ec959a186dbd8278df967871b3a34262848e2c5ecc08c20aa12abb30068f0552,右回避 | target_deg=-57.375,,143.5712885865956,115.21853595476207,96.53043494769385,177.09079034510017,184.02540773699215,0,62.7,47.24633408921859,2
62.75,312.6818995544491,287.1274297330424,-64.07992029792707,14.646357109434328,-32.0,17.5,-100.0,396,330,375,435,17.5,NEUTRAL,program,sonic_drive_three_laps.py,function,ec959a186dbd8278df967871b3a34262848e2c5ecc08c20aa12abb30068f0552,右回避 | target_deg=-57.375,,143.66835003974225,116.75273900726496,99.2282497287297,176.45347922617813,186.986835163052,0,62.75,47.712499427548295,2
62.8,312.0315400091806,287.4543357575672,-62.54690712225249,14.500693664271251,-32.0,17.5,-100.0,396,330,375,435,17.5,NEUTRAL,program,sonic_drive_three_laps.py,function,ec959a186dbd8278df967871b3a34262848e2c5ecc08c20aa12abb30068f0552,右回避 | target_deg=-57.375,,145.51576839720596,118.22805726265885,100.90360617638626,175.0069461946061,189.01759801075636,0,62.8,48.16620990666114,2
62.85,311.3956629805745,287.79547543760214,-61.02714462609282,14.38785702482761,-32.0,17.5,-100.0,396,330,375,435,17.5,NEUTRAL,program,sonic_drive_three_laps.py,function,ec959a186dbd8278df967871b3a34262848e2c5ecc08c20aa12abb30068f0552,右回避 | target_deg=-57.375,,147.75381774171467,119.75702495624117,101.27711533057021,174.3860151239707,191.01768114715367,0,62.85,48.608697180846136,2
62.9,310.77325727836956,288.1508869188314,-59.5176466279692,14.300449321496961,-32.0,17.5,-100.0,396,330,375,435,17.5,NEUTRAL,program,sonic_drive_three_laps.py,function,ec959a186dbd8278df967871b3a34262848e2c5ecc08c20aa12abb30068f0552,右回避 | target_deg=-57.375,,148.82132545316844,122.62877562795435,103.2904056864653,172.68475623117675,192.5146915685986,0,62.9,49.04088055555081,2
62.95,310.1636322888119,288.5205708488704,-58.01609991414114,14.232739873225468,-32.0,17.5,-100.0,396,330,375,435,17.5,NEUTRAL,program,sonic_drive_three_laps.py,function,ec959a186dbd8278df967871b3a34262848e2c5ecc08c20aa12abb30068f0552,右回避 | target_deg=-57.375,,150.7711355441951,125.43189461099873,103.43027694461453,170.34081847188173,194.53452285174146,0,62.95,49.463440841412925,2
63.0,309.5663431336697,288.90448893356097,-56.52071257817326,14.180289468849923,-32.0,17.5,-100.0,396,330,375,435,17.5,NEUTRAL,program,sonic_drive_three_laps.py,function,ec959a186dbd8278df967871b3a34262848e2c5ecc08c20aa12abb30068f0552,右回避 | target_deg=-57.375,,151.61164319819537,126.50590542552074,102.95088242388198,168.8545457668752,198.08957624988446,0,63.0,49.87687686865806,2
63.05,308.98113276629016,289.30256483435903,-55.03009653879273,14.139659320630026,-32.0,17.5,-100.0,396,330,375,435,17.5,NEUTRAL,program,sonic_drive_three_laps.py,function,ec959a186dbd8278df967871b3a34262848e2c5ecc08c20aa12abb30068f0552,右回避 | target_deg=-57.375,,154.50033772742424,125.08107249897053,103.76995358724405,167.59454685438388,202.11995773997444,0,63.05,50.28154874653645,2
63.1,308.4078871834746,289.7146863449164,-53.54317653359634,14.108185608195877,-32.0,17.5,-100.0,396,330,375,435,17.5,NEUTRAL,program,sonic_drive_three_laps.py,function,ec959a186dbd8278df967871b3a34262848e2c5ecc08c20aa12abb30068f0552,右回避 | target_deg=-57.375,,157.25488651321646,123.76542055821186,103.52287380507506,167.50072104960793,204.66189103033864,0,63.1,50.677710982169245,2
63.15,307.8466007885333,290.14070818065005,-52.05911962199312,14.083804831413417,-32.0,17.5,-100.0,396,330,375,435,17.5,NEUTRAL,program,sonic_drive_three_laps.py,function,ec959a186dbd8278df967871b3a34262848e2c5ecc08c20aa12abb30068f0552,右回避 | target_deg=-57.375,,158.4818251919663,122.69713466430483,103.1250006460104,165.76691742694626,207.69273518844705,0,63.15,51.06553783684206,2
63.2,307.2973496073053,290.58045497211833,-50.57728057540817,14.06491852183809,-32.0,17.5,-100.0,396,330,375,435,17.5,NEUTRAL,program,sonic_drive_three_laps.py,function,ec959a186dbd8278df967871b3a34262848e2c5ecc08c20aa12abb30068f0552,右回避 | target_deg=-57.375,,161.62262588990382,121.31303488887892,103.59717074977063,164.3096822057961,249.39170237316603,0,63.2,51.44514273768972,2
63.25,306.7602705766368,291.033724219504,-49.097159574384534,14.05028844288049,-32.0,17.5,-100.0,396,330,375,435,17.5,NEUTRAL,program,sonic_drive_three_laps.py,function,ec959a186dbd8278df967871b3a34262848e2c5ecc08c20aa12abb30068f0552,右回避 | target_deg=-57.375,,164.6841344760354,121.04223394587083,102.2852460174784,164.1335587421598,250.0,0,63.25,51.816593135807494,2
63.3,306.23554552658726,291.5002890726123,-47.618369439092675,14.038955407728654,-32.0,17.5,-100.0,396,330,375,435,17.5,NEUTRAL,program,sonic_drive_three_laps.py,function,ec959a186dbd8278df967871b3a34262848e2c5ecc08c20aa12abb30068f0552,右回避 | target_deg=-57.375,,167.14084089305643,119.88624912899445,103.52254590931071,162.66117838939542,250.0,0,63.3,52.1794079924501,2
63.35,305.7233887892346,291.97990086888313,-46.14061024479332,14.03017639251452,-32.0,17.5,-100.0,396,330,375,435,17.5,NEUTRAL,program,sonic_drive_three_laps.py,function,ec959a186dbd8278df967871b3a34262848e2c5ecc08c20aa12abb30068f0552,右回避 | target_deg=-57.375,,171.52091772512824,118.69508289301014,103.51671222513347,161.53962879545705,250.0,0,63.35,52.52187576041654,2
63.4,305.22403760848715,292.4722914043601,-44.66364965797527,14.023375821696776,-32.0,17.5,-100.0,396,330,375,435,17.5,NEUTRAL,program,sonic_drive_three_laps.py,function,ec959a186dbd8278df967871b3a34262848e2c5ecc08c20aa12abb30068f0552,右回避 | target_deg=-57.375,,175.91178309402812,118.95767493852725,103.52365874640138,161.09072374469758,250.0,0,63.4,52.83902438862834,2
63.45,304.7377447124585,292.9771749381835,-43.18730770395371,14.018107831800524,-32.0,17.5,-100.0,396,330,375,435,17.5,NEUTRAL,program,sonic_drive_three_laps.py,function,ec959a186dbd8278df967871b3a34262848e2c5ecc08c20aa12abb30068f0552,右回避 | target_deg=-57.375,,180.06858850862,118.89840376470764,104.60603559318521,160.70199725751246,250.0,0,63.45,53.1307180788996,2
63.5,304.26477255491636,293.4942499458478,-41.71144496725205,14.014027039424299,-32.0,17.5,-100.0,396,330,375,435,17.5,NEUTRAL,program,sonic_drive_three_laps.py,function,ec959a186dbd8278df967871b3a34262848e2c5ecc08c20aa12abb30068f0552,右回避 | target_deg=-57.375,,180.9425549476795,117.7064897470189,104.95282671129117,159.2071648219464,239.75830477489293,0,63.5,53.396819045810965,2
63.55,303.80538884454404,294.0232006440776,-40.235953451153335,14.010865896987465,-32.0,17.5,-100.0,396,330,375,435,17.5,NEUTRAL,program,sonic_drive_three_laps.py,function,ec959a186dbd8278df967871b3a34262848e2c5ecc08c20aa12abb30068f0552,右回避 | target_deg=-57.375,,179.81170356371902,117.28576508362892,106.22150646023232,158.94250663584998,246.05024253258165,0,63.55,53.63719230677204,2
63.6,303.35986306761004,294.56369831332677,-38.760749497148794,14.00841715160062,-32.0,17.5,-100.0,396,330,375,435,17.5,NEUTRAL,program,sonic_drive_three_laps.py,function,ec959a186dbd8278df967871b3a34262848e2c5ecc08c20aa12abb30068f0552,右回避 | target_deg=-57.375,,177.9575160313601,117.39390564944178,106.79024811084236,159.25592526140696,249.22416408089316,0,63.6,53.85170931541514,2
63.65,302.9284637768365,295.1154024443116,-37.28576830006378,14.006520257016017,-32.0,17.5,-100.0,396,330,375,435,17.5,NEUTRAL,program,sonic_drive_three_laps.py,function,ec959a186dbd8278df967871b3a34262848e2c5ecc08c20aa12abb30068f0552,右回避 | target_deg=-57.375,,174.6433455358372,116.89117440706586,107.35144264476406,158.58219418226906,249.62505827103197,0,63.65,54.04025071631622,2
63.7,302.51145647121433,295.6779617337818,-35.810959659258685,14.005050847789386,-32.0,17.5,-100.0,396,330,375,435,17.5,NEUTRAL,program,sonic_drive_three_laps.py,function,ec959a186dbd8278df967871b3a34262848e2c5ecc08c20aa12abb30068f0552,右回避 | target_deg=-57.375,,173.55075018293655,118.09081939195941,108.50685431002778,159.3982242483246,250.0,0,63.7,54.202708432197845,2
63.75,302.10910193167354,296.2510149526599,-34.33628468734159,14.003912585551287,-32.0,17.5,-100.0,396,330,375,435,17.5,NEUTRAL,program,sonic_drive_three_laps.py,function,ec959a186dbd8278df967871b3a34262848e2c5ecc08c20aa12abb30068f0552,右回避 | target_deg=-57.375,,172.05071142380547,117.85640247370569,109.38874869323976,158.94322084271286,249.4248588036578,0,63.75,54.33898724387682,2
63.8,301.72165490854076,296.834191707207,-32.86171326060776,14.003030842807878,-32.0,17.5,-100.0,396,330,375,435,17.5,NEUTRAL,program,sonic_drive_three_laps.py,function,ec959a186dbd8278df967871b3a34262848e2c5ecc08c20aa12abb30068f0552,右回避 | target_deg=-57.375,,170.24609567551028,118.06567170599324,110.45298225307725,159.14813267841805,249.8879868466969,0,63.8,54.44900598449562,2
63.85,301.34936308066705,297.42711311130245,-31.387222044049423,14.002347810164313,-32.0,17.5,-100.0,396,330,375,435,17.5,NEUTRAL,program,sonic_drive_three_laps.py,function,ec959a186dbd8278df967871b3a34262848e2c5ecc08c20aa12abb30068f0552,右回避 | target_deg=-57.375,,168.75915271596358,117.76667742575238,112.38440693450259,158.8252857179052,250.0,0,63.85,54.532698440125095,2
63.9,300.9924662245966,298.0293923854349,-29.912792961451004,14.001818706187377,-32.0,17.5,-100.0,396,330,375,435,17.5,NEUTRAL,program,sonic_drive_three_laps.py,function,ec959a186dbd8278df967871b3a34262848e2c5ecc08c20aa12abb30068f0552,右回避 | target_deg=-57.375,,168.23779837484034,117.88021544205306,114.11106283681619,159.4695050932405,249.73001378177824,0,63.9,54.590014026439306,2
63.95,300.6511955463976,298.6406353956943,-28.438412010264102,14.001408841415834,-32.0,17.5,-100.0,396,330,375,435,17.5,NEUTRAL,program,sonic_drive_three_laps.py,function,ec959a186dbd8278df967871b3a34262848e2c5ecc08c20aa12abb30068f0552,右回避 | target_deg=-57.375,,167.0421235410197,119.35146236098063,115.60578840948003,161.13778674302432,250.0,0,63.95,54.62091829416628,2
64.0,300.3257731397651,299.2604411439691,-26.964068343563554,14.00109134402728,-32.0,17.5,-100.0,396,330,375,435,17.5,NEUTRAL,program,sonic_drive_three_laps.py,function,ec959a186dbd8278df967871b3a34262848e2c5ecc08c20aa12abb30068f0552,右回避 | target_deg=-57.375,,164.9321990687798,118.5409700838569,117.36543009049201,161.7661076654903,249.79620865563504,0,64.0,54.625393303121136,2
64.05,300.01641154246863,299.88840221871936,-25.48975355889408,14.000845398050124,-32.0,17.5,-100.0,396,330,375,435,17.5,NEUTRAL,program,sonic_drive_three_laps.py,function,ec959a186dbd8278df967871b3a34262848e2c5ecc08c20aa12abb30068f0552,右回避 | target_deg=-57.375,,163.35053364123243,119.64025760528538,119.16269873410457,160.4190205119624,250.0,0,64.05,54.603437894848426,2
64.1,299.7233133697291,300.5241052141023,-24.015461147382894,14.000654878613242,-32.0,17.5,-100.0,396,330,375,435,17.5,NEUTRAL,program,sonic_drive_three_laps.py,function,ec959a186dbd8278df967871b3a34262848e2c5ecc08c20aa12abb30068f0552,右回避 | target_deg=-57.375,,163.46551390521861,121.20039067265242,120.33485860695801,162.32356960088717,250.0,0,64.1,54.555067886498996,2
64.15,299.44667100811915,301.1671311238604,-22.54118606700098,14.000507294756614,-32.0,17.5,-100.0,396,330,375,435,17.5,NEUTRAL,program,sonic_drive_three_laps.py,function,ec959a186dbd8278df967871b3a34262848e2c5ecc08c20aa12abb30068f0552,右回避 | target_deg=-57.375,,161.68095408219367,122.0823811844967,123.28200121149892,163.11696127043464,250.0,0,64.15,54.4803162029684,2
64.2,299.1866663574336,301.81705571522446,-21.066924411994137,14.000392970490845,-32.0,17.5,-100.0,396,330,375,435,17.5,NEUTRAL,program,sonic_drive_three_laps.py,function,ec959a186dbd8278df967871b3a34262848e2c5ecc08c20aa12abb30068f0552,右回避 | target_deg=-57.375,,161.22421933816662,123.05602387597935,123.80278495714764,164.4218335453938,250.0,0,64.2,54.379232960089695,2
64.25,298.9434706109317,302.47344988710626,-19.5926731568114,14.000304410413595,-32.0,17.5,-100.0,396,330,375,435,17.5,NEUTRAL,program,sonic_drive_three_laps.py,function,ec959a186dbd8278df967871b3a34262848e2c5ecc08c20aa12abb30068f0552,右回避 | target_deg=-57.375,,161.04174243105948,124.69659963011543,123.96716125945271,165.9010818016173,249.67175543861205,0,64.25,54.251885508488314,2
64.3,298.71724406662287,303.13588001604205,-18.118429957741853,14.000235808291112,-32.0,17.5,-100.0,396,330,375,435,17.5,NEUTRAL,program,sonic_drive_three_laps.py,function,ec959a186dbd8278df967871b3a34262848e2c5ecc08c20aa12abb30068f0552,右回避 | target_deg=-57.375,,161.75643123463237,125.85554184330515,122.69422765462518,166.50496406355572,54.88920050409909,0,64.3,54.09835844529929,2
64.35,298.50813596400735,303.80390829267145,-16.644192999254756,14.000182666386149,-32.0,17.5,-100.0,396,330,375,435,17.5,NEUTRAL,program,sonic_drive_three_laps.py,function,ec959a186dbd8278df967871b3a34262848e2c5ecc08c20aa12abb30068f0552,右回避 | target_deg=-57.375,,160.55149263268018,128.18329198639242,122.74728106024064,169.03921071226563,53.865942183325636,0,64.35,53.91875359914065,2
64.4,298.3162843420154,304.4770930509758,-15.169960874968524,14.000141500574347,-32.0,17.5,-100.0,396,330,375,435,17.5,NEUTRAL,program,sonic_drive_three_laps.py,function,ec959a186dbd8278df967871b3a34262848e2c5ecc08c20aa12abb30068f0552,右回避 | target_deg=-57.375,,159.75639992124022,129.4482192408653,121.16122400640563,170.40174269916596,54.5549119857683,0,64.4,53.71318999238142,2
64.45,298.14181591490797,305.1549890920392,-13.695732495444588,14.000109611915818,-32.0,17.5,-100.0,396,330,375,435,17.5,NEUTRAL,program,sonic_drive_three_laps.py,function,ec959a186dbd8278df967871b3a34262848e2c5ecc08c20aa12abb30068f0552,右回避 | target_deg=-57.375,,158.50697584618857,131.95122491684765,119.08886389878856,172.19952895281884,54.28977189239685,0,64.45,53.48180378372565,2
64.5,297.9848459636825,305.8371480037215,-12.221507016760938,14.00008490970545,-32.0,17.5,-100.0,396,330,375,435,17.5,NEUTRAL,program,sonic_drive_three_laps.py,function,ec959a186dbd8278df967871b3a34262848e2c5ecc08c20aa12abb30068f0552,右回避 | target_deg=-57.375,,157.46591037936463,133.0293485272153,118.61524312152198,174.70148766719524,56.97186040194498,0,64.5,53.22474819337234,2
64.55,297.8454782411191,306.52311847731903,-10.747283785182418,14.000065774400765,-32.0,17.5,-100.0,396,330,375,435,17.5,NEUTRAL,program,sonic_drive_three_laps.py,function,ec959a186dbd8278df967871b3a34262848e2c5ecc08c20aa12abb30068f0552,右回避 | target_deg=-57.375,,155.08365504562357,135.1403789698667,117.57629598906809,176.31582130307837,66.89934297344692,0,64.55,52.942193412450784,2
64.6,297.7238048890591,307.2124466220452,-9.273062294300018,14.000050951440395,-32.0,17.5,-100.0,396,330,375,435,17.5,NEUTRAL,program,sonic_drive_three_laps.py,function,ec959a186dbd8278df967871b3a34262848e2c5ecc08c20aa12abb30068f0552,右回避 | target_deg=-57.375,,153.6864769273134,139.2457160460124,118.23980548788019,178.45704912068726,73.58075490367854,0,64.6,52.63432649800276,2
64.65,297.6199063668499,307.90467627795294,-7.798842151829376,14.000039468991707,-32.0,17.5,-100.0,396,330,375,435,17.5,NEUTRAL,program,sonic_drive_three_laps.py,function,ec959a186dbd8278df967871b3a34262848e2c5ecc08c20aa12abb30068f0552,右回避 | target_deg=-57.375,,151.8947138330486,141.64669795399223,117.60388242027803,181.37636299806007,83.17904466645388,0,64.65,52.301351254477616,2
64.7,297.5338513901542,308.5993493277612,-6.324623053891514,14.000030574234883,-32.0,17.5,-100.0,396,330,375,435,17.5,NEUTRAL,program,sonic_drive_three_laps.py,function,ec959a186dbd8278df967871b3a34262848e2c5ecc08c20aa12abb30068f0552,右回避 | target_deg=-57.375,,151.02161092314645,144.23453406319385,117.00558857407087,185.2525515299302,95.05930307222519,0,64.7,51.944878062812975,2
64.75,297.4656968795185,309.29600600791207,-4.850404765089905,14.000023684006056,-32.0,17.5,-100.0,396,330,375,435,17.5,NEUTRAL,program,sonic_drive_three_laps.py,function,ec959a186dbd8278df967871b3a34262848e2c5ecc08c20aa12abb30068f0552,右回避 | target_deg=-57.375,,149.29380907804997,147.4204288074548,117.07656476297544,187.7650644337219,112.56838322082176,0,64.75,51.57763550581722,2
64.8,297.4154879182447,309.9941852190795,-3.376187103077058,14.00001834656354,-32.0,17.5,-100.0,396,330,375,435,17.5,NEUTRAL,program,sonic_drive_three_laps.py,function,ec959a186dbd8278df967871b3a34262848e2c5ecc08c20aa12abb30068f0552,右回避 | target_deg=-57.375,,147.97203967375114,150.92417670660146,116.47027977255624,190.43643749129814,140.4940478507303,0,64.8,51.202713219453095,2
64.85,297.3832577192253,310.69342483626326,-1.9019699265994916,14.000014211970429,-32.0,17.5,-100.0,396,330,375,435,17.5,NEUTRAL,program,sonic_drive_three_laps.py,function,ec959a186dbd8278df967871b3a34262848e2c5ecc08c20aa12abb30068f0552,右回避 | target_deg=-57.375,,147.40622292416214,154.342451458394,115.58828054664104,250.0,194.2878977415265,0,64.85,50.82020002205256,2
64.9,297.36902760048116,311.3932620185343,-0.4277531262366949,14.000011009151825,-32.0,17.5,-100.0,396,330,375,435,17.5,NEUTRAL,program,sonic_drive_three_laps.py,function,ec959a186dbd8278df967871b3a34262848e2c5ecc08c20aa12abb30068f0552,右回避 | target_deg=-57.375,,147.06972199596552,159.4052900448111,116.51937084546395,250.0,249.99004977810884,0,64.9,50.430187318510235,2
64.95,297.3728069692096,312.09323351844057,1.0464633827728562,14.00000852812244,-32.0,17.5,-100.0,396,330,375,435,17.5,NEUTRAL,program,sonic_drive_three_laps.py,function,ec959a186dbd8278df967871b3a34262848e2c5ecc08c20aa12abb30068f0552,右回避 | target_deg=-57.375,,145.92426284952964,159.02236926680365,116.66835469006517,250.0,249.18782179283173,0,64.95,50.03276915371877,2
65.0,297.3945933141903,312.7928759910401,2.5206796660887107,14.000006606219397,-32.0,17.5,-100.0,396,330,375,435,17.5,NEUTRAL,program,sonic_drive_three_laps.py,function,ec959a186dbd8278df967871b3a34262848e2c5ecc08c20aa12abb30068f0552,右回避 | target_deg=-57.375,,144.35128042627892,156.452610080687,116.56235932976114,249.33164780909794,250.0,0,65.0,49.62804227056641,2
65.05,297.43437220643915,313.4917263024915,3.9948957745733082,14.000005117437635,-32.0,17.5,-100.0,396,330,375,435,17.5,NEUTRAL,program,sonic_drive_three_laps.py,function,ec959a186dbd8278df967871b3a34262848e2c5ecc08c20aa12abb30068f0552,右回避 | target_deg=-57.375,,144.66691687301537,154.435396290264,117.41456350319557,250.0,249.95355217548547,0,65.05,49.21610617280844,2
65.1,297.4921173080143,314.1893218381057,5.469111747626755,14.000003964168668,-32.0,17.5,-100.0,396,330,375,435,17.5,NEUTRAL,program,sonic_drive_three_laps.py,function,ec959a186dbd8278df967871b3a34262848e2c5ecc08c20aa12abb30068f0552,右回避 | target_deg=-57.375,,143.64625331452208,152.83395419518897,117.05068671237954,249.6405777279615,249.53606831814358,0,65.1,48.797063193169684,2
65.15,297.5677903889039,314.8852008097385,6.943327615769846,14.000003070801121,-32.0,17.5,-100.0,396,330,375,435,17.5,NEUTRAL,program,sonic_drive_three_laps.py,function,ec959a186dbd8278df967871b3a34262848e2c5ecc08c20aa12abb30068f0552,右回避 | target_deg=-57.375,,143.92934813976126,150.50857625945588,117.7228611784528,224.9609760627416,249.59410154168796,0,65.15,48.37101856706702,2
65.2,297.66134135193266,315.57890256238915,8.417543402645293,14.000002378763446,-32.0,17.5,-100.0,396,330,375,435,17.5,NEUTRAL,program,sonic_drive_three_laps.py,function,ec959a186dbd8278df967871b3a34262848e2c5ecc08c20aa12abb30068f0552,右回避 | target_deg=-57.375,,143.73390046118064,148.38391289921807,118.3421130039035,231.02763909790906,250.0,0,65.2,47.93808051238698,2
65.25,297.77270826563284,316.2699678798541,9.89175912656762,14.000001842683819,-32.0,17.5,-100.0,396,330,375,435,17.5,NEUTRAL,program,sonic_drive_three_laps.py,function,ec959a186dbd8278df967871b3a34262848e2c5ecc08c20aa12abb30068f0552,右回避 | target_deg=-57.375,,143.8549171158449,146.75483590972863,119.65719184423281,239.02661663866763,249.93136109549062,0,65.25,47.4983603157977,2
65.3,297.90181740502976,316.95793928927446,11.36597480172398,14.000001427415434,-32.0,17.5,-100.0,396,330,375,435,17.5,NEUTRAL,program,sonic_drive_three_laps.py,function,ec959a186dbd8278df967871b3a34262848e2c5ecc08c20aa12abb30068f0552,右回避 | target_deg=-57.375,,142.77182625941825,145.02792992674537,119.93609193887369,247.82705703211954,249.9198492028884,0,65.3,47.05197242611826,2
65.35,298.0485833002928,317.64236136441093,12.840190439104333,14.000001105732194,-32.0,17.5,-100.0,396,330,375,435,17.5,NEUTRAL,program,sonic_drive_three_laps.py,function,ec959a186dbd8278df967871b3a34262848e2c5ecc08c20aa12abb30068f0552,右回避 | target_deg=-57.375,,143.2095455313488,143.80833007262527,121.13274569434611,250.0,250.0,0,65.35,46.59903455532542,2
65.4,298.2129087932059,318.322781027468,14.314406047221837,14.000000856543691,-32.0,17.5,-100.0,396,330,375,435,17.5,NEUTRAL,program,sonic_drive_three_laps.py,function,ec959a186dbd8278df967871b3a34262848e2c5ecc08c20aa12abb30068f0552,右回避 | target_deg=-57.375,,144.35841640839348,143.60146938151627,121.54648764639032,249.94638753438764,249.36112621402575,0,65.4,46.13966778782566,2
65.45,298.3946851014058,318.9987478492912,15.788621632671209,14.000000663512466,-32.0,17.5,-100.0,396,330,375,435,17.5,NEUTRAL,program,sonic_drive_three_laps.py,function,ec959a186dbd8278df967871b3a34262848e2c5ecc08c20aa12abb30068f0552,右回避 | target_deg=-57.375,,143.3583908288559,141.31099556359203,123.71045558976653,248.91266958633187,250.0,0,65.45,45.673996698687226,2
65.5,298.59379189033984,319.6698143477526,17.262837200560966,14.000000513982878,-32.0,17.5,-100.0,396,330,375,435,17.5,NEUTRAL,program,sonic_drive_three_laps.py,function,ec959a186dbd8278df967871b3a34262848e2c5ecc08c20aa12abb30068f0552,右回避 | target_deg=-57.375,,144.01319319769718,140.30062067017943,124.82774562429086,250.0,250.0,0,65.5,45.20214948158485,2
65.55,298.8100973528871,320.33553628414023,18.73705275484832,14.000000398151371,-32.0,17.5,-100.0,396,330,375,435,17.5,NEUTRAL,program,sonic_drive_three_laps.py,function,ec959a186dbd8278df967871b3a34262848e2c5ecc08c20aa12abb30068f0552,右回避 | target_deg=-57.375,,144.30869997519844,140.63299973210925,125.95126901498479,250.0,250.0,0,65.55,44.724258087286934,2
65.6,299.04345829658666,320.99547295736534,20.21126829859878,14.000000308423727,-32.0,17.5,-100.0,396,330,375,435,17.5,NEUTRAL,program,sonic_drive_three_laps.py,function,ec959a186dbd8278df967871b3a34262848e2c5ecc08c20aa12abb30068f0552,右回避 | target_deg=-57.375,,145.6127285906767,139.0353897577825,127.06784957616263,249.4643050048219,249.9216705969156,0,65.6,44.240458373586414,2
65.65,299.29372023841097,321.6491874957999,21.685483834186925,14.000000238917162,-32.0,17.5,-100.0,396,330,375,435,17.5,NEUTRAL,program,sonic_drive_three_laps.py,function,ec959a186dbd8278df967871b3a34262848e2c5ecc08c20aa12abb30068f0552,右回避 | target_deg=-57.375,,145.14509191892404,139.03285616284847,128.7980339411808,249.3077089940173,250.0,0,65.65,43.750890267664694,2
65.7,299.5607175070204,322.29624714655756,23.159699363452205,14.00000018507464,-32.0,17.5,-100.0,396,330,375,435,17.5,NEUTRAL,program,sonic_drive_three_laps.py,function,ec959a186dbd8278df967871b3a34262848e2c5ecc08c20aa12abb30068f0552,右回避 | target_deg=-57.375,,147.21142271039568,138.73975417695112,131.0868526179372,249.89147213341593,249.92062506907578,0,65.7,43.25569794196653,2
65.75,299.8442733524277,322.9362235620318,24.633914887819515,14.000000143366103,-32.0,17.5,-100.0,396,330,375,435,17.5,NEUTRAL,program,sonic_drive_three_laps.py,function,ec959a186dbd8278df967871b3a34262848e2c5ecc08c20aa12abb30068f0552,右回避 | target_deg=-57.375,,146.82434764913788,139.114915588071,132.046093974111,249.561574531336,249.4872939776181,0,65.75,42.755030004768116,2
65.8,300.14420006300065,323.5686930835038,26.108130408392697,14.000000111057028,-32.0,17.5,-100.0,396,330,375,435,17.5,NEUTRAL,program,sonic_drive_three_laps.py,function,ec959a186dbd8278df967871b3a34262848e2c5ecc08c20aa12abb30068f0552,右回避 | target_deg=-57.375,,148.21147259319267,137.9552085624516,134.6451310913258,249.72901406294272,250.0,0,65.8,42.2490397067243,2
65.85,300.4602990897218,324.19323702163655,27.582345926026818,14.000000086029146,-32.0,17.5,-100.0,396,330,375,435,17.5,NEUTRAL,program,sonic_drive_three_laps.py,function,ec959a186dbd8278df967871b3a34262848e2c5ecc08c20aa12abb30068f0552,右回避 | target_deg=-57.375,,149.41251223336073,136.22296113270292,137.544244211256,249.758094959397,249.08028340081634,0,65.85,41.737885164807885,2
65.9,300.7923611776254,324.8094419336716,29.05656144138416,14.000000066641563,-32.0,17.5,-100.0,396,330,375,435,17.5,NEUTRAL,program,sonic_drive_three_laps.py,function,ec959a186dbd8278df967871b3a34262848e2c5ecc08c20aa12abb30068f0552,右回避 | target_deg=-57.375,,151.74345943054425,134.1679844863909,139.7742565261601,250.0,250.0,0,65.9,41.221729605177366,2
65.95,301.1401665043215,325.41689989714627,30.53077695497791,14.00000005162318,-32.0,17.5,-100.0,396,330,375,435,17.5,NEUTRAL,program,sonic_drive_three_laps.py,function,ec959a186dbd8278df967871b3a34262848e2c5ecc08c20aa12abb30068f0552,右回避 | target_deg=-57.375,,153.15269096407494,132.94131548818186,142.41742719315303,249.1719738995879,250.0,0,65.95,40.70074162665791,2
66.0,301.5034848255162,326.01520877995097,32.004992467205454,14.000000039989349,-32.0,17.5,-100.0,396,330,375,435,17.5,NEUTRAL,program,sonic_drive_three_laps.py,function,ec959a186dbd8278df967871b3a34262848e2c5ecc08c20aa12abb30068f0552,右回避 | target_deg=-57.375,,153.80613518837856,131.89869706518272,144.90791450318716,250.0,249.9752224371896,0,66.0,40.175095486670905,2
66.05,301.88207562743213,326.6039725065511,33.47920797837472,14.000000030977322,-32.0,17.5,-100.0,396,330,375,435,17.5,NEUTRAL,program,sonic_drive_three_laps.py,function,ec959a186dbd8278df967871b3a34262848e2c5ecc08c20aa12abb30068f0552,右回避 | target_deg=-57.375,,156.93632104603478,129.814139361176,148.20844298635942,250.0,250.0,0,66.05,39.644971411619906,2
66.1,302.2756882860268,327.18280132019504,34.953423488724184,14.000000023996254,-32.0,17.5,-100.0,396,330,375,435,17.5,NEUTRAL,program,sonic_drive_three_laps.py,function,ec959a186dbd8278df967871b3a34262848e2c5ecc08c20aa12abb30068f0552,右回避 | target_deg=-57.375,,158.5907413689864,127.3038743966834,151.6822022044427,250.0,247.14416586175375,0,66.1,39.11055593392088,2
66.15,302.6840622329046,327.75131204093816,36.427638998438596,14.000000018588443,-32.0,17.5,-100.0,396,330,375,435,17.5,NEUTRAL,program,sonic_drive_three_laps.py,function,ec959a186dbd8278df967871b3a34262848e2c5ecc08c20aa12abb30068f0552,右回避 | target_deg=-57.375,,160.9643314552044,127.98045439986737,153.318919356294,249.7972716958432,237.4873527311438,0,66.15,38.572042258064556,2
66.2,303.1069271278109,328.30912831931056,37.901854507661085,14.000000014399339,-32.0,17.5,-100.0,396,330,375,435,17.5,NEUTRAL,program,sonic_drive_three_laps.py,function,ec959a186dbd8278df967871b3a34262848e2c5ecc08c20aa12abb30068f0552,右回避 | target_deg=-57.375,,164.66093638666734,126.1912914891451,159.30610502670157,250.0,229.64861378174723,0,66.2,38.02963065831356,2
66.25,303.5440030375964,328.855880885462,39.37607001650247,14.000000011154295,-32.0,17.5,-100.0,396,330,375,435,17.5,NEUTRAL,program,sonic_drive_three_laps.py,function,ec959a186dbd8278df967871b3a34262848e2c5ecc08c20aa12abb30068f0552,右回避 | target_deg=-57.375,,166.07244664922464,124.88218142346982,157.07363614555132,250.0,222.090949476291,0,66.25,37.4835289108645,2
66.3,303.9950006215307,329.3912077936192,40.85028552504866,14.000000008640557,-32.0,17.5,-100.0,396,330,375,435,17.5,NEUTRAL,program,sonic_drive_three_laps.py,function,ec959a186dbd8278df967871b3a34262848e2c5ecc08c20aa12abb30068f0552,右回避 | target_deg=-57.375,,170.26431435404473,124.93831783928196,154.42397488292156,250.0,215.82434265705405,0,66.3,36.93395276355522,2
66.35,304.4596213228443,329.91475466169373,42.324501033366175,14.000000006693316,-32.0,17.5,-100.0,396,330,375,435,17.5,NEUTRAL,program,sonic_drive_three_laps.py,function,ec959a186dbd8278df967871b3a34262848e2c5ecc08c20aa12abb30068f0552,右回避 | target_deg=-57.375,,172.37991531078592,123.18037604609118,152.00215044336986,250.0,210.6116384743825,0,66.35,36.38112644645759,2
66.4,304.9375575663708,330.4261749058823,43.798716541506536,14.000000005184909,-32.0,17.5,-100.0,396,330,375,435,17.5,NEUTRAL,program,sonic_drive_three_laps.py,function,ec959a186dbd8278df967871b3a34262848e2c5ecc08c20aa12abb30068f0552,右回避 | target_deg=-57.375,,174.04647316819245,122.76564529136667,150.85640896049588,249.57562627636864,204.45048713298206,0,66.4,35.82528322697544,2
66.45,305.4319934933468,330.9293269842812,45.183342399243145,14.180288507739162,-29.76,18.5,-93.0,398,337,375,435,18.5,NEUTRAL,program,sonic_drive_three_laps.py,function,ec959a186dbd8278df967871b3a34262848e2c5ecc08c20aa12abb30068f0552,右壁追従 | target_deg=-55.024,,249.22859303741302,122.55512994698894,148.76810206231548,250.0,199.62442069831584,0,66.45,35.2704812326921,2
66.5,305.9475136277041,331.4300409316775,46.469794186088336,14.500235583561242,-27.52,19.5,-86.0,399,344,375,435,19.5,NEUTRAL,program,sonic_drive_three_laps.py,function,ec959a186dbd8278df967871b3a34262848e2c5ecc08c20aa12abb30068f0552,右壁追従 | target_deg=-52.485,,250.0,121.65293252565607,146.05432861058716,222.10027087852194,193.75117746258994,0,66.5,34.71178142861819,2
66.55,306.48787759952165,331.9325795831149,47.66847186019044,14.928367688643016,-25.28,20.5,-79.0,400,352,375,435,20.5,NEUTRAL,program,sonic_drive_three_laps.py,function,ec959a186dbd8278df967871b3a34262848e2c5ecc08c20aa12abb30068f0552,右壁追従 | target_deg=-49.736,,249.92951727729397,121.17400951644933,146.75254225536807,36.79063263841665,190.63787113546186,0,66.55,34.14373514156571,2
66.6,307.05613682354215,332.44004699411283,48.784500140905294,15.44030417667145,-23.04,21.5,-72.0,401,359,375,435,21.5,NEUTRAL,program,sonic_drive_three_laps.py,function,ec959a186dbd8278df967871b3a34262848e2c5ecc08c20aa12abb30068f0552,右壁追従 | target_deg=-46.756,,250.0,121.00763444221454,144.26998353269593,35.90861603670383,187.12533536270243,0,66.6,33.56229884812178,2
66.65,307.6547162461445,332.9547273810593,49.819192955970635,16.01715883913797,-20.8,22.5,-65.0,403,366,375,435,22.5,NEUTRAL,program,sonic_drive_three_laps.py,function,ec959a186dbd8278df967871b3a34262848e2c5ecc08c20aa12abb30068f0552,右壁追従 | target_deg=-43.521,,250.0,121.5191422464278,143.09831467431934,34.831358115381526,184.41063930251545,0,66.65,32.96456890109512,2
66.7,308.28549065910346,333.4783464676666,50.77109545709828,16.644301675375257,-18.56,23.5,-58.0,404,374,375,435,23.5,NEUTRAL,program,sonic_drive_three_laps.py,function,ec959a186dbd8278df967871b3a34262848e2c5ecc08c20aa12abb30068f0552,右壁追従 | target_deg=-40.010,,250.0,120.95361212131867,142.14824877267262,34.358444779090235,182.41068656645996,0,66.7,32.34861805945884,2
66.75,308.94985139381146,334.0122753620664,51.63672294781037,17.310399710878208,-16.32,24.5,-51.0,405,381,375,435,24.5,NEUTRAL,program,sonic_drive_three_laps.py,function,ec959a186dbd8278df967871b3a34262848e2c5ecc08c20aa12abb30068f0552,右壁追従 | target_deg=-36.204,,250.0,119.61435246785662,142.08680178028214,33.213154685865014,180.10464707769566,0,66.75,31.713411627759072,2
66.8,309.6487621189446,334.55769144748484,52.411081751318164,18.006673977412042,-14.08,25.5,-44.0,406,388,375,435,25.5,NEUTRAL,program,sonic_drive_three_laps.py,function,ec959a186dbd8278df967871b3a34262848e2c5ecc08c20aa12abb30068f0552,右壁追従 | target_deg=-32.089,,206.27124956399285,119.80169272877596,139.85530586274555,32.45081385097548,175.94588364790548,0,66.8,31.058789342986543,2
66.85,310.3828037452153,335.11570683853125,53.088032720506476,18.72632394055108,-11.84,26.5,-37.0,408,396,375,435,26.5,NEUTRAL,program,sonic_drive_three_laps.py,function,ec959a186dbd8278df967871b3a34262848e2c5ecc08c20aa12abb30068f0552,右壁追従 | target_deg=-27.659,,208.77549439244754,119.51568501486268,139.78065652031506,32.16899932516092,175.4934847515581,0,66.85,30.38550521737254,2
66.9,311.1522088944743,335.6874721659459,53.66054077760299,19.464081638589775,-9.6,27.5,-30.0,409,403,375,435,27.5,NEUTRAL,program,sonic_drive_three_laps.py,function,ec959a186dbd8278df967871b3a34262848e2c5ecc08c20aa12abb30068f0552,右壁追従 | target_deg=-22.921,,210.72771128059142,119.58638683592461,139.08379808339058,30.586154945406193,175.0471031038382,0,66.9,29.695322093627965,2
66.95,311.9568864347694,336.2742614327376,54.12084149951764,20.215866300989546,-7.36,28.5,-23.0,410,410,375,435,28.5,NEUTRAL,program,sonic_drive_three_laps.py,function,ec959a186dbd8278df967871b3a34262848e2c5ecc08c20aa12abb30068f0552,右壁追従 | target_deg=-17.896,,212.63676288344448,118.67790425125314,137.59215992850463,29.700634053127096,174.542542221429,0,66.95,28.991161068149097,2
67.0,312.7964364332407,336.87754218814473,54.46054689117565,20.978516802229855,-5.12,29.5,-16.0,411,418,375,435,29.5,NEUTRAL,program,sonic_drive_three_laps.py,function,ec959a186dbd8278df967871b3a34262848e2c5ecc08c20aa12abb30068f0552,右壁追従 | target_deg=-12.626,,214.36318581824187,118.48372628868503,138.59787288275183,29.237395931912047,175.21851883597807,0,67.0,28.277308250479066,2
67.05,313.6701556435686,337.4990341272392,54.67070609823651,21.749584410027886,-2.88,30.5,-9.0,413,425,375,435,30.5,NEUTRAL,program,sonic_drive_three_laps.py,function,ec959a186dbd8278df967871b3a34262848e2c5ecc08c20aa12abb30068f0552,右壁追従 | target_deg=-7.168,,215.59028109982822,116.87181802837759,137.91055967176393,28.717461524421996,174.61603571793717,0,67.05,27.559682279520256,2
67.1,314.5770333772344,338.14075832841604,54.741832185279435,22.527172239949934,-0.64,31.5,-2.0,414,432,375,435,31.5,NEUTRAL,program,sonic_drive_three_laps.py,function,ec959a186dbd8278df967871b3a34262848e2c5ecc08c20aa12abb30068f0552,右壁追従 | target_deg=-1.600,,216.39915211976287,116.8467802982754,137.67824984970076,28.326196011504706,173.84984509664764,0,67.1,26.846164902655612,2
67.15,315.5157373329223,338.80507860549244,54.66390273654159,23.309810890632647,1.6,32.5,5.0,415,440,375,435,32.5,NEUTRAL,program,sonic_drive_three_laps.py,function,ec959a186dbd8278df967871b3a34262848e2c5ecc08c20aa12abb30068f0552,右壁追従 | target_deg=3.995,,215.11788075056612,117.36733115220645,137.01816191212595,29.240270260809623,174.59250090494717,0,67.15,26.14699246588726,2
67.2,316.48193124002273,339.4928357867242,54.42703884827239,23.988189003695503,3.84,32.9,12.0,416,447,375,435,32.9,NEUTRAL,program,sonic_drive_three_laps.py,function,ec959a186dbd8278df967871b3a34262848e2c5ecc08c20aa12abb30068f0552,右壁追従 | target_deg=9.526,,212.86361479072053,116.10716907117818,137.06926017838364,43.363283917236004,175.24105151007487,0,67.2,25.476978812876677,2
67.25,317.462645814943,340.1991857697836,54.025544639996184,24.292833980995084,6.08,31.675,19.0,414,454,375,435,31.675,NEUTRAL,program,sonic_drive_three_laps.py,function,ec959a186dbd8278df967871b3a34262848e2c5ecc08c20aa12abb30068f0552,右壁追従 | target_deg=14.911,,210.69520355245334,115.4846002277829,137.3266529197674,48.96962514623122,175.05585457577592,0,67.25,24.8584924392947,2
67.3,318.44340559663533,340.9181296767023,53.47183706657853,24.33952104548082,8.0,30.625,25.0,413,461,375,435,30.625,NEUTRAL,program,sonic_drive_three_laps.py,function,ec959a186dbd8278df967871b3a34262848e2c5ecc08c20aa12abb30068f0552,右壁追従 | target_deg=19.359,,207.2635680305186,114.76142116214557,136.52344365463495,55.31711420099018,179.00455911690673,0,67.3,24.312881588170395,2
67.35,319.4235744500016,341.65041772913105,53.022939659057556,24.55597518744011,5.76,31.625,18.0,414,453,375,435,31.625,NEUTRAL,program,sonic_drive_three_laps.py,function,ec959a186dbd8278df967871b3a34262848e2c5ecc08c20aa12abb30068f0552,右壁追従 | target_deg=14.154,,202.65377104220894,113.49783231601297,136.81563882022158,65.9235978625562,180.84241188700642,0,67.35,23.815063406876067,2
67.4,320.4107979566327,342.39794129199674,52.73317162183912,24.903937591399092,3.52,32.625,11.0,415,446,375,435,32.625,NEUTRAL,program,sonic_drive_three_laps.py,function,ec959a186dbd8278df967871b3a34262848e2c5ecc08c20aa12abb30068f0552,右壁追従 | target_deg=8.743,,200.04852820814625,113.12100865467016,138.17646223673,75.31336079540473,184.30372564570533,0,67.4,23.350920821865138,2
67.45,321.4115653639735,343.16148287152856,52.604968534942145,25.353771472628893,1.28,33.625,4.0,417,439,375,435,33.625,NEUTRAL,program,sonic_drive_three_laps.py,function,ec959a186dbd8278df967871b3a34262848e2c5ecc08c20aa12abb30068f0552,右壁追従 | target_deg=3.197,,196.28152913511167,112.40042455815639,137.51144403545612,84.5822886983171,185.3296293577619,0,67.45,22.91390929648656,2
67.5,322.4312906330497,343.9408112247483,52.6359349515902,25.875009250921703,-0.7618818293443144,34.58334587457733,-2.3808807167009824,418,432,375,435,34.58334587457733,NEUTRAL,program,sonic_drive_three_laps.py,function,ec959a186dbd8278df967871b3a34262848e2c5ecc08c20aa12abb30068f0552,右壁追従 | target_deg=-1.904,,196.06973893519233,110.54457771451827,137.34020939954866,91.35854121501302,187.19468110053631,0,67.5,22.49972343597449,2
67.55,323.46958359145844,344.7327335373433,52.69739764780758,26.27501220459755,-0.800102227671302,34.56244409424226,-2.500319461472819,418,432,375,435,34.56244409424226,NEUTRAL,program,sonic_drive_three_laps.py,function,ec959a186dbd8278df967871b3a34262848e2c5ecc08c20aa12abb30068f0552,右壁追従 | target_deg=-2.000,,194.32015964350964,110.35543068727223,135.79765194252087,96.81419250231463,188.55530638086043,0,67.55,22.132260367898457,2
67.6,324.52242219595837,345.5339174120597,52.762145708560155,26.581733290667145,-0.8319186619536109,34.54504448174412,-2.599745818605034,418,432,375,435,34.54504448174412,NEUTRAL,program,sonic_drive_three_laps.py,function,ec959a186dbd8278df967871b3a34262848e2c5ecc08c20aa12abb30068f0552,右壁追従 | target_deg=-2.079,,193.3797726401715,109.02883745427152,135.07974152747352,102.73515297154603,189.36493881090175,0,67.6,21.822797209427442,2
67.65,325.5866891892109,346.34187014360924,52.828966172406695,26.817542316671755,-0.8500656063357287,34.53512037153515,-2.6564550197991523,418,432,375,435,34.53512037153515,NEUTRAL,program,sonic_drive_three_laps.py,function,ec959a186dbd8278df967871b3a34262848e2c5ecc08c20aa12abb30068f0552,右壁追従 | target_deg=-2.124,,192.0974445262336,108.47210918723675,135.6889708670164,107.54357573712548,190.12436473223326,0,67.65,21.577037798823255,2
67.7,326.6599990681246,347.15469481048285,52.89725857489836,26.99900893468081,-0.8622399971616698,34.52846250155221,-2.694499991130218,418,432,375,435,34.52846250155221,NEUTRAL,program,sonic_drive_three_laps.py,function,ec959a186dbd8278df967871b3a34262848e2c5ecc08c20aa12abb30068f0552,右壁追従 | target_deg=-2.155,,191.02655620786626,107.54249387483888,135.00390165020332,111.47969693591698,189.77026538801852,0,67.7,21.399432454667114,2
67.75,327.7405022843199,347.9709157536037,52.96734800132228,27.137845051174498,-0.8798379014369171,34.518838647651684,-2.749493441990366,418,432,375,435,34.518838647651684,NEUTRAL,program,sonic_drive_three_laps.py,function,ec959a186dbd8278df967871b3a34262848e2c5ecc08c20aa12abb30068f0552,右壁追従 | target_deg=-2.199,,189.79640961464347,107.01931699061329,134.7191572309087,116.25411660342147,190.97579732117566,0,67.75,21.29312505619589,2
67.8,328.8267521875519,348.7893600080863,53.03963380841685,27.243064805806096,-0.9034512766139524,34.505925083101744,-2.823285239418601,418,432,375,435,34.505925083101744,NEUTRAL,program,sonic_drive_three_laps.py,function,ec959a186dbd8278df967871b3a34262848e2c5ecc08c20aa12abb30068f0552,右壁追従 | target_deg=-2.258,,190.05922507211494,105.42042945580867,134.1385480165633,121.45472308834546,192.30404298067006,0,67.8,21.256971282654256,2
67.85,329.9176320341794,349.6091092814281,53.11379285332225,27.322564479759073,-0.9238142251754143,34.494789095607196,-2.88691945367317,418,431,375,435,34.494789095607196,NEUTRAL,program,sonic_drive_three_laps.py,function,ec959a186dbd8278df967871b3a34262848e2c5ecc08c20aa12abb30068f0552,右壁追従 | target_deg=-2.308,,187.61298589151377,106.6603984017948,133.6842220507845,126.4464288926447,192.88842190539484,0,67.85,21.240208210050078,2
67.9,331.01226576089937,350.4294251993007,53.19060177846856,27.38112449449216,-0.954480630092828,34.478018405417984,-2.9827519690400877,418,431,375,435,34.478018405417984,NEUTRAL,program,sonic_drive_three_laps.py,function,ec959a186dbd8278df967871b3a34262848e2c5ecc08c20aa12abb30068f0552,右壁追従 | target_deg=-2.385,,187.7070614926748,104.91608102659207,131.45314195792784,130.85431856172153,193.31567829386282,0,67.9,21.224618082372313,2
67.95,332.1099924967623,351.24973934733134,53.26901541382537,27.424695155822853,-0.97265829226806,34.46807749641591,-3.0395571633376877,418,431,375,435,34.46807749641591,NEUTRAL,program,sonic_drive_three_laps.py,function,ec959a186dbd8278df967871b3a34262848e2c5ecc08c20aa12abb30068f0552,右壁追従 | target_deg=-2.430,,186.57763461512286,104.1660750097206,131.97189639999172,135.16755061181317,194.07154433207322,0,67.95,21.210513486721567,2
68.0,333.2103224295135,352.06963398450614,53.34879594070051,27.456905817790048,-0.9882867053355572,34.45953070801962,-3.0883959541736163,418,431,375,435,34.45953070801962,NEUTRAL,program,sonic_drive_three_laps.py,function,ec959a186dbd8278df967871b3a34262848e2c5ecc08c20aa12abb30068f0552,右壁追従 | target_deg=-2.469,,185.51741717781331,103.55744429654816,132.92432464228608,139.3556713893661,195.81724270600967,0,68.0,21.19800765092333,2
68.05,334.3147570739717,352.89127300743996,53.353128323962295,27.579297864653984,0.0,35.0,0.0,418,435,375,435,35.0,NEUTRAL,program,sonic_drive_three_laps.py,function,ec959a186dbd8278df967871b3a34262848e2c5ecc08c20aa12abb30068f0552,右壁追従 | target_deg=0.000,,183.43131340891293,102.57194740701537,130.61517872856967,143.10871719666866,21.26959278820621,0,68.05,21.197387203357753,2
68.1,335.42064648996154,353.7150398242637,53.27943051329933,27.579769266480977,0.9568237001032344,34.476737039006046,2.9900740628226075,418,438,375,435,34.476737039006046,NEUTRAL,program,sonic_drive_three_laps.py,function,ec959a186dbd8278df967871b3a34262848e2c5ecc08c20aa12abb30068f0552,右壁追従 | target_deg=2.391,,182.6741723195553,101.34581036391586,129.4330867327093,149.0808863559476,21.20482721818428,0,68.1,21.2053658023514,2
68.15,336.524395287089,354.5399571164473,53.17332854153733,27.545434323103414,1.3087686551267097,34.28426714172758,4.089902047270968,417,439,375,435,34.28426714172758,NEUTRAL,program,sonic_drive_three_laps.py,function,ec959a186dbd8278df967871b3a34262848e2c5ecc08c20aa12abb30068f0552,右壁追従 | target_deg=3.269,,180.67958349767707,99.73797509566234,128.73786024813867,157.29250244030493,21.605339480871926,0,68.15,21.21425853544438,2
68.2,337.6249536013311,355.36586353785134,53.05438485781113,27.50301980023532,1.4691954491416137,34.19653373875068,4.591235778567543,417,439,375,435,34.19653373875068,NEUTRAL,program,sonic_drive_three_laps.py,function,ec959a186dbd8278df967871b3a34262848e2c5ecc08c20aa12abb30068f0552,右壁追従 | target_deg=3.669,,179.12677760390628,99.31406296201824,127.41312469969782,163.9582046865388,24.04021297482308,0,68.2,21.22123158433162,2
68.25,338.72210799986436,356.1928710823076,52.92946874938593,27.462665935056933,1.5452427633187173,34.15494536381008,4.828883635370992,417,440,375,435,34.15494536381008,NEUTRAL,program,sonic_drive_three_laps.py,function,ec959a186dbd8278df967871b3a34262848e2c5ecc08c20aa12abb30068f0552,右壁追従 | target_deg=3.858,,177.16310903338214,98.39477245058059,127.14751230684962,173.0444732213282,25.095633707212905,0,68.25,21.225400624506936,2
68.3,339.8159954318865,357.02118957614476,52.80272732613324,27.428976573413053,1.5698856168365765,34.1414688032925,4.905892552614302,417,440,375,435,34.1414688032925,NEUTRAL,program,sonic_drive_three_laps.py,function,ec959a186dbd8278df967871b3a34262848e2c5ecc08c20aa12abb30068f0552,右壁追従 | target_deg=3.920,,176.3520170382992,97.80076486812867,126.23101913898013,181.71758337275287,26.339271725090335,0,68.3,21.22642954387908,2
68.35,340.9069338107746,357.85105861655416,52.67729416072228,27.404318701259157,1.5552882263389967,34.14945175122086,4.8602757073093645,417,440,375,435,34.14945175122086,NEUTRAL,program,sonic_drive_three_laps.py,function,ec959a186dbd8278df967871b3a34262848e2c5ecc08c20aa12abb30068f0552,右壁追従 | target_deg=3.883,,173.29300643280803,97.37605011757526,124.265917744347,189.37158137789038,28.111185232429474,0,68.35,21.22428303978448,2
68.4,341.99524808193814,358.682680831294,52.553071177500414,27.386583028388923,1.541440851983685,34.15702453407142,4.817002662449016,417,440,375,435,34.15702453407142,NEUTRAL,program,sonic_drive_three_laps.py,function,ec959a186dbd8278df967871b3a34262848e2c5ecc08c20aa12abb30068f0552,右壁追従 | target_deg=3.849,,172.33801548983772,95.23040205045479,124.1384245008061,190.36604398245734,28.7951635660296,0,68.4,21.21902723399415,2
68.45,343.08122146432845,359.51621922368014,52.43087749966662,27.37525014517963,1.5170394063359771,34.170369074660016,4.7407481447999285,417,439,375,435,34.170369074660016,NEUTRAL,program,sonic_drive_three_laps.py,function,ec959a186dbd8278df967871b3a34262848e2c5ecc08c20aa12abb30068f0552,右壁追従 | target_deg=3.788,,169.84229696246706,94.8512399491394,123.07321968432115,211.10616889838948,30.014775594919858,0,68.45,21.21078229600927,2
68.5,344.1651143816087,360.3518037630999,52.311101409585206,27.369386197340507,1.487474605585284,34.186537325070546,4.648358142454013,417,439,375,435,34.186537325070546,NEUTRAL,program,sonic_drive_three_laps.py,function,ec959a186dbd8278df967871b3a34262848e2c5ecc08c20aa12abb30068f0552,右壁追従 | target_deg=3.714,,167.09963760217292,94.49416830744325,123.4086497919653,220.82670696780656,32.56968579149596,0,68.5,21.199690246633214,2
68.55,345.247141228525,361.18952718433763,52.19361804983495,27.367632058531196,1.4591942844528012,34.20200312568988,4.559982138915004,417,439,375,435,34.20200312568988,NEUTRAL,program,sonic_drive_three_laps.py,function,ec959a186dbd8278df967871b3a34262848e2c5ecc08c20aa12abb30068f0552,右壁追従 | target_deg=3.644,,165.14449888630858,94.44327641104877,122.10545178958606,231.76140577506493,32.941545608329854,0,68.55,21.18586137717233,2
68.6,346.32747866195956,362.02945385784346,52.07860929692748,27.369303979654127,1.4284550214290355,34.218813660155995,4.463921941965736,417,439,375,435,34.218813660155995,NEUTRAL,program,sonic_drive_three_laps.py,function,ec959a186dbd8278df967871b3a34262848e2c5ecc08c20aa12abb30068f0552,右壁追従 | target_deg=3.567,,163.8179893831895,92.57302343037001,120.41065831162686,241.6662007671186,33.344961060729354,0,68.6,21.169439793155384,2
68.65,347.40629259120146,362.8716313669321,51.966540449901345,27.374216056761988,1.3917702901926183,34.238875622550914,4.349282156851932,417,439,375,435,34.238875622550914,NEUTRAL,program,sonic_drive_three_laps.py,function,ec959a186dbd8278df967871b3a34262848e2c5ecc08c20aa12abb30068f0552,右壁追従 | target_deg=3.476,,162.64394594878638,91.6139303099531,120.38654830133265,249.9620617569395,36.04162658965698,0,68.65,21.150630692546436,2
68.7,348.48369728722224,363.7160754320437,51.85645827510149,27.38048097742567,1.3668215050307935,34.25251948943629,4.27131720322123,417,439,375,435,34.25251948943629,NEUTRAL,program,sonic_drive_three_laps.py,function,ec959a186dbd8278df967871b3a34262848e2c5ecc08c20aa12abb30068f0552,右壁追従 | target_deg=3.414,,159.92621684213077,90.49108157384204,119.65285350599751,249.10539716282196,36.02242805111711,0,68.7,21.129399900328696,2
68.75,349.5597927803241,364.5627935469896,51.7491672120795,27.3887855955032,1.3318141087557143,34.271664159274216,4.161919089861607,417,439,375,435,34.271664159274216,NEUTRAL,program,sonic_drive_three_laps.py,function,ec959a186dbd8278df967871b3a34262848e2c5ecc08c20aa12abb30068f0552,右壁追従 | target_deg=3.326,,158.0387358540498,89.6571428060925,118.32585298051765,250.0,37.60745097525969,0,68.75,21.106024224358663,2
68.8,350.6346661939628,365.4117791644682,51.644152659749324,27.39804552189203,1.3031429350436596,34.287343707398,4.072321672011436,417,439,375,435,34.287343707398,NEUTRAL,program,sonic_drive_three_laps.py,function,ec959a186dbd8278df967871b3a34262848e2c5ecc08c20aa12abb30068f0552,右壁追従 | target_deg=3.255,,157.1936958284253,89.43697677710752,117.79146936504709,249.65439906753184,38.408907736330136,0,68.8,21.088948682166507,2
68.85,351.70836468133643,366.26300830944075,51.54102112039513,27.407565035323923,1.279344534224498,34.300358457845974,3.997951669451556,417,439,375,435,34.300358457845974,NEUTRAL,program,sonic_drive_three_laps.py,function,ec959a186dbd8278df967871b3a34262848e2c5ecc08c20aa12abb30068f0552,右壁追従 | target_deg=3.196,,154.9570791986581,88.64311366379032,117.0636563283278,249.41596669656693,38.817732039852096,0,68.85,21.14291183335104,2
68.9,352.78095612747234,367.11646464861013,51.440752497771456,27.41848602116312,1.243371249183383,34.32003134810284,3.885535153698072,417,439,375,435,34.32003134810284,NEUTRAL,program,sonic_drive_three_laps.py,function,ec959a186dbd8278df967871b3a34262848e2c5ecc08c20aa12abb30068f0552,右壁追従 | target_deg=3.106,,154.0005848347888,86.87947607762942,116.31472259729287,250.0,41.19352805582029,0,68.9,21.281101095582745,2
68.95,353.85255571418605,367.9721423857672,51.34416005963283,27.431491524745358,1.1972668292061446,34.34524470277789,3.7414588412692016,417,438,375,435,34.34524470277789,NEUTRAL,program,sonic_drive_three_laps.py,function,ec959a186dbd8278df967871b3a34262848e2c5ecc08c20aa12abb30068f0552,右壁追従 | target_deg=2.991,,151.69286105251786,86.49304392438559,114.86539919038822,250.0,43.35501265007425,0,68.95,21.502168435283917,2
69.0,354.9232330375027,368.830008846383,51.249831443294596,27.444386264421794,1.1686633838897715,34.36088721193528,3.652073074655536,417,438,375,435,34.36088721193528,NEUTRAL,program,sonic_drive_three_laps.py,function,ec959a186dbd8278df967871b3a34262848e2c5ecc08c20aa12abb30068f0552,右壁追従 | target_deg=2.920,,150.26888974667713,85.58715739202455,114.65527811934109,249.99945442391444,43.672813062632265,0,69.0,21.803513940480332,2
69.05,355.9940564775166,369.68904690968185,51.299751681418826,27.46397099692569,-1.0713366161102285,34.41411278806472,-3.347926925344464,418,431,375,435,34.41411278806472,NEUTRAL,program,sonic_drive_three_laps.py,function,ec959a186dbd8278df967871b3a34262848e2c5ecc08c20aa12abb30068f0552,右回避 | target_deg=-2.677,,148.5187421157867,84.90097175223674,113.27584993254294,249.93092686412572,43.85571202577297,0,69.05,22.206101058978277,2
69.1,357.06242250820196,370.54183334547827,51.529690015838185,27.258288684720576,-3.3113366161102284,33.18911278806472,-10.347926925344463,416,424,375,435,33.18911278806472,NEUTRAL,program,sonic_drive_three_laps.py,function,ec959a186dbd8278df967871b3a34262848e2c5ecc08c20aa12abb30068f0552,右回避 | target_deg=-8.230,,146.88276833782493,83.97837483852561,111.52383590385926,250.0,45.41730120301792,0,69.1,22.700958384102588,2
69.15,358.12329580319334,371.3790376305306,51.93590830013048,26.87810565084223,-5.551336616110229,31.96411278806472,-17.347926925344463,414,416,375,435,31.96411278806472,NEUTRAL,program,sonic_drive_three_laps.py,function,ec959a186dbd8278df967871b3a34262848e2c5ecc08c20aa12abb30068f0552,右回避 | target_deg=-13.657,,146.49349212187207,82.95882348523159,110.37192555131283,250.0,45.980058849578086,0,69.15,23.269573466053743,2
69.2,359.1730591611971,372.19296212087335,52.512270444067155,26.36274748780191,-7.791336616110228,30.73911278806472,-24.347926925344463,413,409,375,435,30.73911278806472,NEUTRAL,program,sonic_drive_three_laps.py,function,ec959a186dbd8278df967871b3a34262848e2c5ecc08c20aa12abb30068f0552,右回避 | target_deg=-18.884,,146.29522798087103,82.51993925359947,108.69650879911296,249.70060208315434,47.2587628052283,0,69.2,23.894255916828314,2
69.25,360.2090284727817,372.97731788862126,53.251071362606865,25.742677347821044,-10.031336616110229,29.51411278806472,-31.347926925344463,411,402,375,435,29.51411278806472,NEUTRAL,program,sonic_drive_three_laps.py,function,ec959a186dbd8278df967871b3a34262848e2c5ecc08c20aa12abb30068f0552,右回避 | target_deg=-23.856,,147.3717279642126,82.66512059046431,106.11256772453535,249.35544256235363,47.48338360234665,0,69.25,24.559119945133485,2
69.3,361.22910148604825,373.7270304463304,54.14361032238264,25.041493187955204,-12.27133661611023,28.289112788064717,-38.34792692534447,410,394,375,435,28.289112788064717,NEUTRAL,program,sonic_drive_three_laps.py,function,ec959a186dbd8278df967871b3a34262848e2c5ecc08c20aa12abb30068f0552,右回避 | target_deg=-28.536,,149.5415643401765,81.60102346908037,104.68403807935388,249.62419266562026,47.83635081631117,0,69.3,25.250527854514093,2
69.35,362.2315082256324,374.4380749382314,55.18058098052171,24.277474914799388,-14.51133661611023,27.06411278806472,-45.34792692534447,408,387,375,435,27.06411278806472,NEUTRAL,program,sonic_drive_three_laps.py,function,ec959a186dbd8278df967871b3a34262848e2c5ecc08c20aa12abb30068f0552,右回避 | target_deg=-32.906,,150.48574094569588,80.21948319810481,102.5971585342598,249.6535933101462,47.68203021770317,0,69.35,25.95717497285986,2
69.4,363.21463801869567,375.1073388434198,56.35233014391454,23.464782863688338,-16.75133661611023,25.839112788064718,-52.34792692534447,407,380,375,435,25.839112788064718,NEUTRAL,program,sonic_drive_three_laps.py,function,ec959a186dbd8278df967871b3a34262848e2c5ecc08c20aa12abb30068f0552,右回避 | target_deg=-36.961,,153.32769020052072,80.13908922420887,100.62153977473082,241.61464049668646,47.9723173344111,0,69.4,26.669962507185687,2
69.45,364.1769239228703,375.7325092301587,57.649022562709376,22.61438618786965,-18.991336616110228,24.614112788064716,-59.34792692534447,405,372,375,435,24.614112788064716,NEUTRAL,program,sonic_drive_three_laps.py,function,ec959a186dbd8278df967871b3a34262848e2c5ecc08c20aa12abb30068f0552,右回避 | target_deg=-40.709,,157.01718090619465,79.24775393179131,98.13300889587687,218.62095834482685,48.02630347795355,0,69.45,27.381762739346076,2
69.5,365.116769987554,376.3119810906992,59.060738378002384,21.734782025308288,-21.23133661611023,23.38911278806472,-66.34792692534447,404,365,375,435,23.38911278806472,NEUTRAL,program,sonic_drive_three_laps.py,function,ec959a186dbd8278df967871b3a34262848e2c5ecc08c20aa12abb30068f0552,右回避 | target_deg=-44.165,,161.69262655147386,80.30740296299155,95.96606308213663,197.1442340596606,47.144533240637145,0,69.5,28.087143665036407,2
69.55,366.03251036484215,376.8447831531373,60.57752205730503,20.832552593607172,-23.47133661611023,22.16411278806472,-73.34792692534447,402,357,375,435,22.16411278806472,NEUTRAL,program,sonic_drive_three_laps.py,function,ec959a186dbd8278df967871b3a34262848e2c5ecc08c20aa12abb30068f0552,右回避 | target_deg=-47.349,,168.13971297669775,80.54721896849517,93.69736906035611,179.07816430757867,46.630141407496396,0,69.55,28.78209209640841,2
69.6,366.92239200330647,377.3305176860284,62.18939596124423,19.91279673766572,-25.71133661611023,20.93911278806472,-80.34792692534447,401,350,375,435,20.93911278806472,NEUTRAL,program,sonic_drive_three_laps.py,function,ec959a186dbd8278df967871b3a34262848e2c5ecc08c20aa12abb30068f0552,右回避 | target_deg=-50.283,,175.0040426094719,79.67550028697137,91.08262764303095,162.07902365406144,46.51750607183846,0,69.6,29.463755254020167,2
69.65,367.78457468456435,377.76931108101127,63.886347497394695,18.9794642234863,-27.95133661611023,19.71411278806472,-87.34792692534447,399,343,375,435,19.71411278806472,NEUTRAL,program,sonic_drive_three_laps.py,function,ec959a186dbd8278df967871b3a34262848e2c5ecc08c20aa12abb30068f0552,右回避 | target_deg=-52.990,,185.45865973608585,80.15070850916607,90.55222578396955,147.84894071166016,46.52824341474839,0,69.65,30.13020905116469,2
69.7,368.6274670695693,378.1683018714397,65.43105538417262,18.436756616101075,-25.71133661611023,20.71411278806472,-80.34792692534447,400,350,375,435,20.71411278806472,NEUTRAL,program,sonic_drive_three_laps.py,function,ec959a186dbd8278df967871b3a34262848e2c5ecc08c20aa12abb30068f0552,右壁追従 | target_deg=-50.283,,195.47764302942412,80.85569946602769,88.46294061532342,135.15737830601202,45.155764671303984,0,69.7,30.75269713465655,2
69.75,369.46377201589985,378.5384695341221,66.79891010276447,18.196642440556612,-23.47133661611023,21.71411278806472,-73.34792692534447,402,357,375,435,21.71411278806472,NEUTRAL,program,sonic_drive_three_laps.py,function,ec959a186dbd8278df967871b3a34262848e2c5ecc08c20aa12abb30068f0552,右壁追従 | target_deg=-47.349,,205.9394647588807,81.19998571414477,85.99368453608193,124.46527634754113,44.9456968340411,0,69.75,31.33599854250862,2
69.8,370.30367292152,378.8877788633073,68.01817159979794,18.190929050524282,-21.23133661611023,22.71411278806472,-66.34792692534447,403,365,375,435,22.71411278806472,NEUTRAL,program,sonic_drive_three_laps.py,function,ec959a186dbd8278df967871b3a34262848e2c5ecc08c20aa12abb30068f0552,右壁追従 | target_deg=-44.165,,217.35800963217142,81.95586965924281,86.06953503800975,117.21113384742242,45.329574048864714,0,69.8,31.89085808464641,2
69.85,371.15527829483386,379.2220068669375,69.10675063551838,18.36679173738982,-18.991336616110228,23.71411278806472,-59.34792692534447,404,372,375,435,23.71411278806472,NEUTRAL,program,sonic_drive_three_laps.py,function,ec959a186dbd8278df967871b3a34262848e2c5ecc08c20aa12abb30068f0552,右壁追従 | target_deg=-40.709,,228.78573285577392,82.6446363783962,83.70784410991574,111.93908112343244,44.668010355886224,0,69.85,32.425376179129124,2
69.9,372.02497028284597,379.5454441948459,70.07506445075296,18.68331040213353,-16.75133661611023,24.71411278806472,-52.34792692534447,405,380,375,435,24.71411278806472,NEUTRAL,program,sonic_drive_three_laps.py,function,ec959a186dbd8278df967871b3a34262848e2c5ecc08c20aa12abb30068f0552,右壁追従 | target_deg=-36.961,,240.6078236259878,83.04366180274204,83.15867863495873,107.7010586106148,43.77701794778192,0,69.9,32.945822208249076,2
69.95,372.9177160117068,379.861397358394,70.92808472298623,19.10878672501626,-14.51133661611023,25.71411278806472,-45.34792692534447,407,387,375,435,25.71411278806472,NEUTRAL,program,sonic_drive_three_laps.py,function,ec959a186dbd8278df967871b3a34262848e2c5ecc08c20aa12abb30068f0552,右壁追従 | target_deg=-32.906,,248.49918087129657,83.93027126882315,82.12678144437896,102.3327148601724,44.35061680683772,0,69.95,33.45726362918304,2
70.0,373.83733233818384,380.17255506241116,71.66680350170941,19.61866593959425,-12.27133661611023,26.71411278806472,-38.34792692534447,408,394,375,435,26.71411278806472,NEUTRAL,program,sonic_drive_three_laps.py,function,ec959a186dbd8278df967871b3a34262848e2c5ecc08c20aa12abb30068f0552,右壁追従 | target_deg=-28.536,,249.58608942271712,84.82656616113782,82.99697738118336,101.04531513667898,43.8858885013826,0,70.0,33.96405339507575,2
70.05,374.7867041992806,380.48126028784736,72.28927890427383,20.193926957050483,-10.031336616110229,27.71411278806472,-31.347926925344467,409,402,375,435,27.71411278806472,NEUTRAL,program,sonic_drive_three_laps.py,function,ec959a186dbd8278df967871b3a34262848e2c5ecc08c20aa12abb30068f0552,右壁追従 | target_deg=-23.856,,250.0,83.92378871602185,81.03762048176671,97.50538179324747,44.068674354045314,0,70.05,34.47021032462521,2
70.1,375.7679605556425,380.78971602691644,72.79137673610091,20.81983529312045,-7.79133661611023,28.71411278806472,-24.347926925344467,410,409,375,435,28.71411278806472,NEUTRAL,program,sonic_drive_three_laps.py,function,ec959a186dbd8278df967871b3a34262848e2c5ecc08c20aa12abb30068f0552,右壁追従 | target_deg=-18.884,,250.0,84.31926859935155,81.43134801634417,95.17469435785068,44.4218634466934,0,70.1,34.97971942495741,2
70.15,376.7826129692365,381.10014373924014,73.16729153195433,21.484977036191097,-5.5513366161102295,29.71411278806472,-17.347926925344467,412,416,375,435,29.71411278806472,NEUTRAL,program,sonic_drive_three_laps.py,function,ec959a186dbd8278df967871b3a34262848e2c5ecc08c20aa12abb30068f0552,右壁追従 | target_deg=-13.657,,249.18895851667145,84.87408901641417,80.82567581788938,95.42138689695128,44.656189913062065,0,70.15,35.496772724437946,2
70.2,377.8316616368627,381.41490779927693,73.40990705036728,22.180510520957302,-3.3113366161102293,30.71411278806472,-10.347926925344467,413,424,375,435,30.71411278806472,NEUTRAL,program,sonic_drive_three_laps.py,function,ec959a186dbd8278df967871b3a34262848e2c5ecc08c20aa12abb30068f0552,右壁追従 | target_deg=-8.230,,250.0,84.30297091216985,79.56486851646243,94.01471225363086,44.12932581688406,0,70.2,36.02596595612927,2
70.25,378.91567295508946,381.7366153011764,73.51103934840086,22.899586645374292,-1.0713366161102293,31.71411278806472,-3.347926925344467,414,431,375,435,31.71411278806472,NEUTRAL,program,sonic_drive_three_laps.py,function,ec959a186dbd8278df967871b3a34262848e2c5ecc08c20aa12abb30068f0552,右壁追従 | target_deg=-2.677,,249.32789444608036,85.158880072135,79.60936584463927,93.95348877317768,44.52598854374697,0,70.25,36.5724622433005,2
70.3,380.0349397015915,382.06783355142977,73.51560900260768,23.636899825346664,0.0,32.714112788064725,0.0,415,435,375,435,32.714112788064725,NEUTRAL,program,sonic_drive_three_laps.py,function,ec959a186dbd8278df967871b3a34262848e2c5ecc08c20aa12abb30068f0552,右壁追従 | target_deg=0.000,,250.0,83.04346015235166,79.19424942650087,94.06104716866245,45.05092161184515,0,70.3,37.148439558833566,2
70.35,381.18996809576265,382.40962630455164,73.51560900260768,24.388340146551432,0.0,33.714112788064725,0.0,417,435,375,435,33.714112788064725,NEUTRAL,program,sonic_drive_three_laps.py,function,ec959a186dbd8278df967871b3a34262848e2c5ecc08c20aa12abb30068f0552,右壁追従 | target_deg=0.000,,249.67331376653337,82.702389929807,78.22643992067587,95.51563438566318,45.83838093321112,0,70.35,37.769060835187474,2
70.4,382.38134109331975,382.7621740504643,73.51560900260768,25.150723907545263,0.0,34.714112788064725,0.0,418,435,375,435,34.714112788064725,NEUTRAL,program,sonic_drive_three_laps.py,function,ec959a186dbd8278df967871b3a34262848e2c5ecc08c20aa12abb30068f0552,右壁追従 | target_deg=0.000,,249.87546184705326,81.96757676372891,78.7065596122084,95.44308654412339,45.168710748306545,0,70.4,38.250645577893124,2
70.45,383.60578363874345,383.12450764395163,73.51560900260768,25.79283856179726,0.0,35.0,0.0,418,435,375,435,35.0,NEUTRAL,program,sonic_drive_three_laps.py,function,ec959a186dbd8278df967871b3a34262848e2c5ecc08c20aa12abb30068f0552,右壁追従 | target_deg=0.000,,250.0,81.35241194907374,77.81328627512055,97.21542015276984,46.12275850903644,0,70.45,38.61297917138046,2
70.5,384.85682174860756,383.4947113220506,73.51560900260768,26.29024585325735,0.0,35.0,0.0,418,435,375,435,35.0,NEUTRAL,program,sonic_drive_three_laps.py,function,ec959a186dbd8278df967871b3a34262848e2c5ecc08c20aa12abb30068f0552,右壁追従 | target_deg=0.000,,249.28596439662041,162.7061125319894,78.06735583118432,96.51794041471032,46.46224530343044,0,70.5,38.98318284947942,2
70.55,386.1284618297638,383.87101147753754,73.51560900260768,26.6755571243198,0.0,35.0,0.0,418,435,375,435,35.0,NEUTRAL,program,sonic_drive_three_laps.py,function,ec959a186dbd8278df967871b3a34262848e2c5ecc08c20aa12abb30068f0552,右壁追従 | target_deg=0.000,,249.64733630620842,162.0632522578806,77.73392491984143,99.03278211399343,46.7527385503575,0,70.55,39.359483004966364,2
70.6,387.41606100898974,384.25203420442983,73.51560900260768,26.974034404723064,0.0,35.0,0.0,418,435,375,435,35.0,NEUTRAL,program,sonic_drive_three_laps.py,function,ec959a186dbd8278df967871b3a34262848e2c5ecc08c20aa12abb30068f0552,右壁追従 | target_deg=0.000,,250.0,162.19668801407212,76.64183059205314,98.95109276518414,46.93904969267251,0,70.6,39.74050573185866,2
70.65,388.71602273389556,384.6367152210618,73.51560900260768,27.20524665727741,0.0,35.0,0.0,418,435,375,435,35.0,NEUTRAL,program,sonic_drive_three_laps.py,function,ec959a186dbd8278df967871b3a34262848e2c5ecc08c20aa12abb30068f0552,右壁追従 | target_deg=0.000,,250.0,160.64312739498638,76.73435992564055,100.12329469942598,48.158959921761046,0,70.65,40.12518674849065,2
70.7,390.02556097340283,385.0242300929544,73.51560900260768,27.384352771012523,0.0,35.0,0.0,418,435,375,435,35.0,NEUTRAL,program,sonic_drive_three_laps.py,function,ec959a186dbd8278df967871b3a34262848e2c5ecc08c20aa12abb30068f0552,右壁追従 | target_deg=0.000,,250.0,161.10188580025311,75.98383393786769,100.46355040390047,48.51038835878856,0,70.7,40.51270162038321,2
70.75,391.342517558151,385.4139401807018,73.51560900260768,27.523095418181516,0.0,35.0,0.0,418,435,375,435,35.0,NEUTRAL,program,sonic_drive_three_laps.py,function,ec959a186dbd8278df967871b3a34262848e2c5ecc08c20aa12abb30068f0552,右壁追従 | target_deg=0.000,,250.0,160.6352766071956,75.42625730278176,100.50333009164557,49.181589339349415,0,70.75,40.902411708130614,2
70.8,392.66522068518566,385.8053507690766,73.51560900260768,27.630570935024725,0.0,35.0,0.0,418,435,375,435,35.0,NEUTRAL,program,sonic_drive_three_laps.py,function,ec959a186dbd8278df967871b3a34262848e2c5ecc08c20aa12abb30068f0552,右壁追従 | target_deg=0.000,,250.0,160.5709015277782,76.11297654291613,101.52071981467031,49.71393878937874,0,70.8,41.293822296505425,2
70.85,393.9923753101188,386.1980786321867,73.51560900260768,27.71382570171982,0.0,35.0,0.0,418,435,375,435,35.0,NEUTRAL,program,sonic_drive_three_laps.py,function,ec959a186dbd8278df967871b3a34262848e2c5ecc08c20aa12abb30068f0552,右壁追従 | target_deg=0.000,,250.0,159.50760745018448,73.87894853115976,102.33641047832039,49.16551262535552,0,70.85,41.686550159615535,2
70.9,395.3229782405811,386.59182690816834,73.51560900260768,27.778318121770866,0.0,35.0,0.0,418,435,375,435,35.0,NEUTRAL,program,sonic_drive_three_laps.py,function,ec959a186dbd8278df967871b3a34262848e2c5ecc08c20aa12abb30068f0552,右壁追従 | target_deg=0.000,,249.70714216926947,158.25337402426945,73.4817448770055,103.44520906229054,49.88726076679333,0,70.9,42.08029843559717,2
70.95,396.65625236426723,386.98636563613434,73.51560900260768,27.828276489431335,0.0,35.0,0.0,418,435,375,435,35.0,NEUTRAL,program,sonic_drive_three_laps.py,function,ec959a186dbd8278df967871b3a34262848e2c5ecc08c20aa12abb30068f0552,右壁追従 | target_deg=0.000,,250.0,157.67567971378716,73.13557474016825,105.23473430866359,50.03632349724784,0,70.95,42.474837163563166,2
71.0,397.9915956993903,387.3815166793276,73.51560900260768,27.86697620789938,0.0,35.0,0.0,418,435,375,435,35.0,NEUTRAL,program,sonic_drive_three_laps.py,function,ec959a186dbd8278df967871b3a34262848e2c5ecc08c20aa12abb30068f0552,右壁追従 | target_deg=0.000,,249.9586817117314,158.46864269152434,72.96132306683675,104.93350095716245,50.929470711384575,0,71.0,42.86998820675643,2
71.05,399.3285419271581,387.7771420460031,73.51560900260768,27.896954533446056,0.0,35.0,0.0,418,435,375,435,35.0,NEUTRAL,program,sonic_drive_three_laps.py,function,ec959a186dbd8278df967871b3a34262848e2c5ecc08c20aa12abb30068f0552,右壁追従 | target_deg=0.000,,250.0,157.93773869777604,72.89378999188246,106.61233624923926,50.19705356125514,0,71.05,43.26561357343195,2
71.1,400.6667298186749,388.1731348423223,73.51560900260768,27.92017692467158,0.0,35.0,0.0,418,435,375,435,35.0,NEUTRAL,program,sonic_drive_three_laps.py,function,ec959a186dbd8278df967871b3a34262848e2c5ecc08c20aa12abb30068f0552,右壁追従 | target_deg=0.000,,248.8896654288494,156.9464139811277,72.75363170461962,106.66587245927194,50.289784612019034,0,71.1,43.661606369751155,2
71.15,402.00587955181646,388.5694122641093,73.51560900260768,27.93816590318847,0.0,35.0,0.0,418,435,375,435,35.0,NEUTRAL,program,sonic_drive_three_laps.py,function,ec959a186dbd8278df967871b3a34262848e2c5ecc08c20aa12abb30068f0552,右壁追従 | target_deg=0.000,,249.33083460740565,156.42092433957527,72.71345358180183,108.1033259471213,52.59032649357023,0,71.15,44.05788379153813,2
71.2,403.3457743653485,388.9659101679894,73.51560900260768,27.95210087417997,0.0,35.0,0.0,418,435,375,435,35.0,NEUTRAL,program,sonic_drive_three_laps.py,function,ec959a186dbd8278df967871b3a34262848e2c5ecc08c20aa12abb30068f0552,右壁追従 | target_deg=0.000,,249.3829948367602,155.88530387497215,70.9835723117125,107.7257616129221,51.53246022336854,0,71.2,44.45438169541825,2
71.25,404.68624634748517,389.36257886597934,73.51560900260768,27.96289545133462,0.0,35.0,0.0,418,435,375,435,35.0,NEUTRAL,program,sonic_drive_three_laps.py,function,ec959a186dbd8278df967871b3a34262848e2c5ecc08c20aa12abb30068f0552,右壁追従 | target_deg=0.000,,249.93293949982802,155.26654164621561,71.59280558709264,109.87370237981048,52.435566109224716,0,71.25,44.85105039340817,2
71.3,406.02716542714626,389.7593798678108,73.51560900260768,27.971257355784854,0.0,35.0,0.0,418,435,375,435,35.0,NEUTRAL,program,sonic_drive_three_laps.py,function,ec959a186dbd8278df967871b3a34262848e2c5ecc08c20aa12abb30068f0552,右壁追従 | target_deg=0.000,,249.7833563232319,154.51483180680432,70.93556257410043,109.88197750107214,52.64885027042738,0,71.3,45.24785139523965,2
71.35,407.3684308461522,390.15628335740695,73.51560900260768,27.977734816183084,0.0,35.0,0.0,418,435,375,435,35.0,NEUTRAL,program,sonic_drive_three_laps.py,function,ec959a186dbd8278df967871b3a34262848e2c5ecc08c20aa12abb30068f0552,右壁追従 | target_deg=0.000,,250.0,153.06517519062183,70.8400867596476,110.91392703876498,53.93108201403945,0,71.35,45.64475488483578,2
71.4,408.7099645532501,390.5532662380606,73.51560900260768,27.98275251202741,0.0,35.0,0.0,418,435,375,435,35.0,NEUTRAL,program,sonic_drive_three_laps.py,function,ec959a186dbd8278df967871b3a34262848e2c5ecc08c20aa12abb30068f0552,右壁追従 | target_deg=0.000,,250.0,152.84172865432495,70.16035575225058,111.43231886582214,54.1085923065062,0,71.4,46.041737765489415,2
71.45,410.0517060868666,390.95031061815297,73.51560900260768,27.98663941677685,0.0,35.0,0.0,418,435,375,435,35.0,NEUTRAL,program,sonic_drive_three_laps.py,function,ec959a186dbd8278df967871b3a34262848e2c5ecc08c20aa12abb30068f0552,右壁追従 | target_deg=0.000,,249.57672332299006,152.61668028941813,70.62630664414766,112.14977426320584,54.56472012052302,0,71.45,46.4387821455818,2
71.5,411.3936086110867,391.34740263813194,73.51560900260768,27.989650366224552,0.0,35.0,0.0,418,435,375,435,35.0,NEUTRAL,program,sonic_drive_three_laps.py,function,ec959a186dbd8278df967871b3a34262848e2c5ecc08c20aa12abb30068f0552,右壁追従 | target_deg=0.000,,250.0,233.10192486952516,69.91507833477836,113.09895624594218,54.03103324094723,0,71.5,46.83587416556077,2
71.55,412.73563584496657,391.74453156184256,73.51560900260768,27.991982766208867,0.0,35.0,0.0,418,435,375,435,35.0,NEUTRAL,program,sonic_drive_three_laps.py,function,ec959a186dbd8278df967871b3a34262848e2c5ecc08c20aa12abb30068f0552,右壁追従 | target_deg=0.000,,250.0,232.89041619299067,69.11469222959376,114.61230089035816,54.51991638075279,0,71.55,47.23300308927139,2
71.6,414.07775968385874,392.14168907263667,73.51560900260768,27.993789535064117,0.0,35.0,0.0,418,435,375,435,35.0,NEUTRAL,program,sonic_drive_three_laps.py,function,ec959a186dbd8278df967871b3a34262848e2c5ecc08c20aa12abb30068f0552,右壁追従 | target_deg=0.000,,249.5817436418846,233.10003007155103,68.4084317035523,115.51214883391421,55.68466569756588,0,71.6,47.630160600065494,2
71.65,415.41995835679694,392.538868728111,73.51560900260768,27.995189129352507,0.0,35.0,0.0,418,435,375,435,35.0,NEUTRAL,program,sonic_drive_three_laps.py,function,ec959a186dbd8278df967871b3a34262848e2c5ecc08c20aa12abb30068f0552,右壁追従 | target_deg=0.000,,249.04597374180997,231.4731212908495,69.52577829886003,115.91612356080833,56.267073755625944,0,71.65,48.027340255539855,2
71.7,416.7622149991332,392.9360655377266,73.51560900260768,27.996273310190805,0.0,35.0,0.0,418,435,375,435,35.0,NEUTRAL,program,sonic_drive_three_laps.py,function,ec959a186dbd8278df967871b3a34262848e2c5ecc08c20aa12abb30068f0552,右壁追従 | target_deg=0.000,,249.36010399983604,231.23501349443546,67.17585924422299,116.5103752711515,56.37048837081569,0,71.7,48.42453706515545,2
71.75,418.1045165468477,393.33327563561545,73.51560900260768,27.997113159352725,0.0,35.0,0.0,418,435,375,435,35.0,NEUTRAL,program,sonic_drive_three_laps.py,function,ec959a186dbd8278df967871b3a34262848e2c5ecc08c20aa12abb30068f0552,右壁追従 | target_deg=0.000,,249.62594010815585,230.15121924089493,67.60291208634787,117.77880509615032,56.471611637234645,0,71.75,48.82174716304428,2
71.8,419.44685288003603,393.73049602712376,73.51560900260768,27.997763739578705,0.0,35.0,0.0,418,435,375,435,35.0,NEUTRAL,program,sonic_drive_three_laps.py,function,ec959a186dbd8278df967871b3a34262848e2c5ecc08c20aa12abb30068f0552,右壁追従 | target_deg=0.000,,249.6546011170545,230.83308199945412,66.8239265921388,118.90985930433976,57.4678190358053,0,71.8,49.21896755455259,2
71.85,420.7892161594218,394.12772439247516,73.51560900260768,27.998267704635317,0.0,35.0,0.0,418,435,375,435,35.0,NEUTRAL,program,sonic_drive_three_laps.py,function,ec959a186dbd8278df967871b3a34262848e2c5ecc08c20aa12abb30068f0552,右壁追従 | target_deg=0.000,,249.8659297205551,230.44658820853434,65.56116712994759,118.68257626404478,57.575220065489866,0,71.85,49.61619591990399,2
71.9,422.1316003123931,394.52495893467915,73.51560900260768,27.99865809580945,0.0,35.0,0.0,418,435,375,435,35.0,NEUTRAL,program,sonic_drive_three_laps.py,function,ec959a186dbd8278df967871b3a34262848e2c5ecc08c20aa12abb30068f0552,右壁追従 | target_deg=0.000,,250.0,229.91011984744966,66.33706388047055,119.57234161370177,57.92864589278353,0,71.9,50.013430462107976,2
71.95,423.47400063486566,394.92219826171646,73.51560900260768,27.99896050818277,0.0,35.0,0.0,418,435,375,435,35.0,NEUTRAL,program,sonic_drive_three_laps.py,function,ec959a186dbd8278df967871b3a34262848e2c5ecc08c20aa12abb30068f0552,右壁追従 | target_deg=0.000,,250.0,229.38554094267295,66.18590195652338,120.87230488430997,57.77730562670667,0,71.95,50.41066978914529,2
72.0,424.8164134828703,395.31944129527403,73.51560900260768,27.99919476871322,0.0,35.0,0.0,418,435,375,435,35.0,NEUTRAL,program,sonic_drive_three_laps.py,function,ec959a186dbd8278df967871b3a34262848e2c5ecc08c20aa12abb30068f0552,右壁追従 | target_deg=0.000,,249.05935082450418,229.23070517287383,64.84924989346165,120.62100967006859,59.040713212795396,0,72.0,50.80791282270286,2
72.05,426.15883603364534,395.7166872000481,73.51560900260768,27.99937623614303,0.0,35.0,0.0,418,435,375,435,35.0,NEUTRAL,program,sonic_drive_three_laps.py,function,ec959a186dbd8278df967871b3a34262848e2c5ecc08c20aa12abb30068f0552,右壁追従 | target_deg=0.000,,246.9766673098017,228.16586356091062,64.56525418175517,119.44437261910866,59.93680777875184,0,72.05,51.20515872747694,2
72.1,427.5012661005682,396.11393532897955,73.51560900260768,27.999516807958592,0.0,35.0,0.0,418,435,375,435,35.0,NEUTRAL,program,sonic_drive_three_laps.py,function,ec959a186dbd8278df967871b3a34262848e2c5ecc08c20aa12abb30068f0552,右壁追従 | target_deg=0.000,,245.74598886557047,226.87751697443824,64.24104410093877,123.37166226867483,59.75565132853007,0,72.1,51.60240685640838,2
72.15,428.84370198979525,396.51118518083086,73.51560900260768,27.999625700421287,0.0,35.0,0.0,418,435,375,435,35.0,NEUTRAL,program,sonic_drive_three_laps.py,function,ec959a186dbd8278df967871b3a34262848e2c5ecc08c20aa12abb30068f0552,右壁追従 | target_deg=0.000,,245.11041399196412,226.79389688201655,63.88599870415108,125.20241331429096,60.282776858774405,0,72.15,51.99965670825969,2
72.2,430.18614238920827,396.9084363673237,73.51560900260768,27.999710052810027,0.0,35.0,0.0,418,435,375,435,35.0,NEUTRAL,program,sonic_drive_three_laps.py,function,ec959a186dbd8278df967871b3a34262848e2c5ecc08c20aa12abb30068f0552,右壁追従 | target_deg=0.000,,244.06439161664585,226.95461930885537,63.69440876934421,124.22142733377994,60.69371642837413,0,72.2,52.39690789475253,2
72.25,431.52858628238886,397.3056885876824,73.51560900260768,27.999775395491326,0.0,35.0,0.0,418,435,375,435,35.0,NEUTRAL,program,sonic_drive_three_laps.py,function,ec959a186dbd8278df967871b3a34262848e2c5ecc08c20aa12abb30068f0552,右壁追従 | target_deg=0.000,,243.49473062788022,225.43961740039268,63.46503313098253,125.1666516073148,61.19674991420886,0,72.25,52.794160115111254,2
72.3,432.87103288197943,397.7029416089144,73.51560900260768,27.99982601250482,0.0,35.0,0.0,418,435,375,435,35.0,NEUTRAL,program,sonic_drive_three_laps.py,function,ec959a186dbd8278df967871b3a34262848e2c5ecc08c20aa12abb30068f0552,右壁追従 | target_deg=0.000,,241.00752297045292,225.8194876407418,62.139423794870055,126.35971950306786,61.93538274122224,0,72.3,53.191413136343215,2
72.35,434.21348157806165,398.1001952505342,73.51560900260768,27.999865222436284,0.0,35.0,0.0,418,435,375,435,35.0,NEUTRAL,program,sonic_drive_three_laps.py,function,ec959a186dbd8278df967871b3a34262848e2c5ecc08c20aa12abb30068f0552,右壁追従 | target_deg=0.000,,239.30170753724704,225.39485639402952,62.60615008846114,127.18402002203364,61.586463990015446,0,72.35,53.588666777963056,2
72.4,435.55593189816886,398.49744937273096,73.51560900260768,27.999895595992907,0.0,35.0,0.0,418,435,375,435,35.0,NEUTRAL,program,sonic_drive_three_laps.py,function,ec959a186dbd8278df967871b3a34262848e2c5ecc08c20aa12abb30068f0552,右壁追従 | target_deg=0.000,,237.29292966896415,225.98063680520278,62.05860234055747,128.60834055560852,61.813454170440224,0,72.4,53.98592090015978,2
72.45,436.8983834763098,398.89470386720154,73.51560900260768,27.99991912454568,0.0,35.0,0.0,418,435,375,435,35.0,NEUTRAL,program,sonic_drive_three_laps.py,function,ec959a186dbd8278df967871b3a34262848e2c5ecc08c20aa12abb30068f0552,右壁追従 | target_deg=0.000,,236.12183652374569,224.88440465138544,61.262837594648616,129.15873389001715,61.99762050509443,0,72.45,54.38317539463037,2
72.5,438.24083602897326,399.2919586500501,73.51560900260768,27.99993735068899,0.0,35.0,0.0,418,435,375,435,35.0,NEUTRAL,program,sonic_drive_three_laps.py,function,ec959a186dbd8278df967871b3a34262848e2c5ecc08c20aa12abb30068f0552,右壁追従 | target_deg=0.000,,236.35925254688962,224.0180976327044,61.25757071107327,130.41619087037634,62.37231365513034,0,72.5,54.780430177478934,2
72.55,439.58328933654013,399.68921365628756,73.51560900260768,27.999951469377166,0.0,35.0,0.0,418,435,375,435,35.0,NEUTRAL,program,sonic_drive_three_laps.py,function,ec959a186dbd8278df967871b3a34262848e2c5ecc08c20aa12abb30068f0552,右壁追従 | target_deg=0.000,,233.93099064410387,222.96372809027264,60.26028135590042,131.2241468642104,63.92662384195614,0,72.55,55.17768518371639,2
72.6,440.925743228885,400.0864688355708,73.51560900260768,27.999962406268885,0.0,35.0,0.0,418,435,375,435,35.0,NEUTRAL,program,sonic_drive_three_laps.py,function,ec959a186dbd8278df967871b3a34262848e2c5ecc08c20aa12abb30068f0552,右壁追従 | target_deg=0.000,,232.66874220115733,64.03183032849893,60.21587978680453,132.00671122459798,63.55941164102461,0,72.6,55.574940362999655,2
72.65,442.26819757422186,400.48372414890224,73.51560900260768,27.999970878415798,0.0,35.0,0.0,418,435,375,435,35.0,NEUTRAL,program,sonic_drive_three_laps.py,function,ec959a186dbd8278df967871b3a34262848e2c5ecc08c20aa12abb30068f0552,右壁追従 | target_deg=0.000,,230.88141450833916,63.475740772081586,59.73063661898284,132.15092412427708,63.40814589574727,0,72.65,55.97219567633107,2
72.7,443.6106522704642,400.88097956607254,73.51560900260768,27.99997744127435,0.0,35.0,0.0,418,435,375,435,35.0,NEUTRAL,program,sonic_drive_three_laps.py,function,ec959a186dbd8278df967871b3a34262848e2c5ecc08c20aa12abb30068f0552,右壁追従 | target_deg=0.000,,229.36704652601077,62.84500747391192,57.72528392027523,133.4328305150852,65.14113659257951,0,72.7,56.36945109350137,2
72.75,444.9531072385317,401.27823506368054,73.51560900260768,27.999982525122967,0.0,35.0,0.0,418,435,375,435,35.0,NEUTRAL,program,sonic_drive_three_laps.py,function,ec959a186dbd8278df967871b3a34262848e2c5ecc08c20aa12abb30068f0552,右壁追従 | target_deg=0.000,,228.22779434317877,62.66694517608901,57.358939703020496,134.07931119346034,65.27458602082919,0,72.75,56.76670659110937,2
72.8,446.2955624171656,401.6754906235988,73.51560900260768,27.999986463272254,0.0,35.0,0.0,418,435,375,435,35.0,NEUTRAL,program,sonic_drive_three_laps.py,function,ec959a186dbd8278df967871b3a34262848e2c5ecc08c20aa12abb30068f0552,右壁追従 | target_deg=0.000,,226.2602367118564,62.51021739783214,58.02734123421949,134.8157563762698,65.69005643601541,0,72.8,57.16396215102765,2
72.85,447.63801775891267,402.0727462317851,73.51560900260768,27.999989513917743,0.0,35.0,0.0,418,435,375,435,35.0,NEUTRAL,program,sonic_drive_three_laps.py,function,ec959a186dbd8278df967871b3a34262848e2c5ecc08c20aa12abb30068f0552,右壁追従 | target_deg=0.000,,225.7277429720181,61.60356381481773,130.8821625297433,136.74086730279095,65.778511725982,0,72.85,57.561217759213946,2
72.9,448.9782488446056,402.4700722214678,73.45784854296198,27.930032798262534,0.7095581250666639,34.61196040035417,2.2173691408333247,418,437,375,435,34.61196040035417,NEUTRAL,program,sonic_drive_three_laps.py,function,ec959a186dbd8278df967871b3a34262848e2c5ecc08c20aa12abb30068f0552,右壁追従 | target_deg=1.773,,224.05799295696582,61.14604315277836,130.8441449938123,136.4886170711653,65.95630505366569,0,72.9,56.81511483761961,2
72.95,450.3147213505969,402.86791391219344,73.38767603397616,27.861458859547657,0.8554344105088542,34.53218430675297,2.6732325328401694,418,437,375,435,34.53218430675297,NEUTRAL,program,sonic_drive_three_laps.py,function,ec959a186dbd8278df967871b3a34262848e2c5ecc08c20aa12abb30068f0552,右壁追従 | target_deg=2.138,,221.32611005851527,60.05450183036211,130.74361279090184,138.56894345243398,66.7781728564834,0,72.95,55.96732528089966,2
73.0,451.6476550722182,403.26654846624,73.3120995530314,27.801638155733826,0.9233953860564523,34.495018148250374,2.8856105814264135,418,438,375,435,34.495018148250374,NEUTRAL,program,sonic_drive_three_laps.py,function,ec959a186dbd8278df967871b3a34262848e2c5ecc08c20aa12abb30068f0552,右壁追従 | target_deg=2.307,,219.5661547071213,59.994592226882304,129.83529338733337,139.86738875168965,67.23096457085211,0,73.0,55.1410474228418,2
73.05,452.97751903218136,403.666197597386,73.23487762366443,27.753139432239646,0.945295534392987,34.48304150462884,2.9540485449780842,418,438,375,435,34.48304150462884,NEUTRAL,program,sonic_drive_three_laps.py,function,ec959a186dbd8278df967871b3a34262848e2c5ecc08c20aa12abb30068f0552,右壁追従 | target_deg=2.362,,217.3482011763368,60.11199460362845,128.22758996254436,140.48000464050367,67.57015416923133,0,73.05,54.33699029794398,2
73.1,454.30479929554724,404.06703278179305,73.15676344684795,27.71434879967362,0.9576857014675404,34.47626563200994,2.992767817086064,418,438,375,435,34.47626563200994,NEUTRAL,program,sonic_drive_three_laps.py,function,ec959a186dbd8278df967871b3a34262848e2c5ecc08c20aa12abb30068f0552,右壁追従 | target_deg=2.393,,214.7222023716978,59.14301288965259,129.61330934871702,141.6946338171168,68.8660566088256,0,73.1,53.55571022992045,2
73.15,455.62990346739485,404.46919007632084,73.0780849908553,27.683501377002596,0.9657862060900516,34.4718356685445,3.018081894031411,418,438,375,435,34.4718356685445,NEUTRAL,program,sonic_drive_three_laps.py,function,ec959a186dbd8278df967871b3a34262848e2c5ecc08c20aa12abb30068f0552,右壁追従 | target_deg=2.413,,212.06159115207942,58.78884566216443,129.36987467860587,142.36707043938853,68.4251283658875,0,73.15,52.797840189398734,2
73.2,456.9532305091357,404.8727759251242,73.00079273118848,27.6611962799295,0.949654287050729,34.480657811769134,2.967669647033528,418,438,375,435,34.480657811769134,NEUTRAL,program,sonic_drive_three_laps.py,function,ec959a186dbd8278df967871b3a34262848e2c5ecc08c20aa12abb30068f0552,右壁追従 | target_deg=2.373,,210.17962631113218,58.17899528788441,128.4993774360128,144.04420798010688,70.30722795559335,0,73.2,52.06429497547034,2
73.25,458.2750960430466,405.277863561178,72.9236866437036,27.64407860861541,0.9480240361349103,34.48154935523872,2.9625751129215945,418,438,375,435,34.48154935523872,NEUTRAL,program,sonic_drive_three_laps.py,function,ec959a186dbd8278df967871b3a34262848e2c5ecc08c20aa12abb30068f0552,右壁追従 | target_deg=2.369,,207.30156157543254,57.02513147894402,128.26017771169148,144.28687500385257,69.12602777879185,0,73.25,51.35574034759154,2
73.3,459.59570587728325,405.68451172389837,72.84654774044122,27.630728602423865,0.9489366971378967,34.48105024375271,2.9654271785559274,418,438,375,435,34.48105024375271,NEUTRAL,program,sonic_drive_three_laps.py,function,ec959a186dbd8278df967871b3a34262848e2c5ecc08c20aa12abb30068f0552,右壁追従 | target_deg=2.371,,204.2227495295835,57.635271739931284,128.17927484522036,146.35116525770974,68.80503409210127,0,73.3,50.67302254336551,2
73.35,460.9152350612402,406.09276635732283,72.76992735962534,27.62097836745894,0.9429404115899322,34.48432946241176,2.9466887862185382,418,438,375,435,34.48432946241176,NEUTRAL,program,sonic_drive_three_laps.py,function,ec959a186dbd8278df967871b3a34262848e2c5ecc08c20aa12abb30068f0552,右壁追従 | target_deg=2.356,,202.25737475763117,56.00449389126714,128.87293851861267,147.0015434307788,70.3708006769637,0,73.35,50.01713853503779,2
73.4,462.23389487310567,406.5026586632209,72.69539636811695,27.615937622186976,0.9174607870345315,34.49826363209049,2.867064959482911,418,438,375,435,34.49826363209049,NEUTRAL,program,sonic_drive_three_laps.py,function,ec959a186dbd8278df967871b3a34262848e2c5ecc08c20aa12abb30068f0552,右壁追従 | target_deg=2.293,,200.95677478549374,56.28900362541885,126.8455333518562,148.76079920312435,71.33836482653439,0,73.4,49.389281072646384,2
73.45,463.55188435939334,406.9141998849408,72.62273421547636,27.6142911256019,0.8945564120770666,34.510789462145354,2.795488787740833,418,437,375,435,34.510789462145354,NEUTRAL,program,sonic_drive_three_laps.py,function,ec959a186dbd8278df967871b3a34262848e2c5ecc08c20aa12abb30068f0552,右壁追従 | target_deg=2.235,,198.18465670111098,54.698675972807365,126.29487245917538,150.03855003738053,72.03385005885193,0,73.45,48.79046216115834,2
73.5,464.869309823079,407.32739056407524,72.55076915898837,27.613858812659952,0.8860050070330847,34.515466011778784,2.7687656469783897,418,437,375,435,34.515466011778784,NEUTRAL,program,sonic_drive_three_laps.py,function,ec959a186dbd8278df967871b3a34262848e2c5ecc08c20aa12abb30068f0552,右壁追従 | target_deg=2.214,,195.95395107562817,54.11630903541468,126.07587298541495,152.04495415521137,71.31612618891279,0,73.5,48.22158236442258,2
73.55,466.18622944925374,407.74222963833694,72.47963272237843,27.6145303344981,0.8757975355446611,34.52104822274901,2.736867298577066,418,437,375,435,34.52104822274901,NEUTRAL,program,sonic_drive_three_laps.py,function,ec959a186dbd8278df967871b3a34262848e2c5ecc08c20aa12abb30068f0552,右壁追従 | target_deg=2.189,,193.56590510163065,53.82348048314199,125.98684495212879,152.94545746208803,71.9842757596389,0,73.55,47.683737219657715,2
73.6,467.502722053172,408.1587115461135,72.41008336945822,27.616982064279025,0.8562069160369832,34.53176184279228,2.6756466126155725,418,437,375,435,34.53176184279228,NEUTRAL,program,sonic_drive_three_laps.py,function,ec959a186dbd8278df967871b3a34262848e2c5ecc08c20aa12abb30068f0552,右壁追従 | target_deg=2.140,,191.7109865494812,54.19680669376806,125.14806786997676,154.19716768333,73.04535090142085,0,73.6,47.17813089859819,2
73.65,468.81884536676847,408.5768229710968,72.34146864253745,27.620024007023382,0.8446167427237871,34.538100218822926,2.6394273210118344,418,437,375,435,34.538100218822926,NEUTRAL,program,sonic_drive_three_laps.py,function,ec959a186dbd8278df967871b3a34262848e2c5ecc08c20aa12abb30068f0552,右壁追従 | target_deg=2.111,,189.3479547323369,52.62010074292704,125.36877290685,155.50052648903886,73.41453596525125,0,73.65,46.705738486615196,2
73.7,470.1346557633071,408.9965496950858,72.27449297233639,27.62438068866628,0.8243290258816023,34.549195063971,2.5760282058800072,418,437,375,435,34.549195063971,NEUTRAL,program,sonic_drive_three_laps.py,function,ec959a186dbd8278df967871b3a34262848e2c5ecc08c20aa12abb30068f0552,右壁追従 | target_deg=2.060,,187.4473547670957,53.687703087416956,123.99213574106615,157.83130852242695,73.93196690867586,0,73.7,46.26579000139867,2
73.75,471.4501912086628,409.41787147054566,72.20847637527288,27.628932196166545,0.8123948802548822,34.55572154986061,2.5387340007965067,418,437,375,435,34.55572154986061,NEUTRAL,program,sonic_drive_three_laps.py,function,ec959a186dbd8278df967871b3a34262848e2c5ecc08c20aa12abb30068f0552,右壁追従 | target_deg=2.030,,185.59964784829126,51.94479002906895,124.31341382681956,158.0976842345698,74.39780386504309,0,73.75,45.83262025700134,2
73.8,472.7654780912071,409.8407687011701,72.1437612504983,27.63405075613879,0.7962401196898429,34.56455618454462,2.488250374030759,418,437,375,435,34.56455618454462,NEUTRAL,program,sonic_drive_three_laps.py,function,ec959a186dbd8278df967871b3a34262848e2c5ecc08c20aa12abb30068f0552,右壁追従 | target_deg=1.990,,182.32974775050073,51.84954192358038,122.915993571544,160.53296886248862,74.31387378038146,0,73.8,45.398126413758234,2
73.85,474.08053009676075,410.2652191210721,72.0798968932504,27.639061889651018,0.785630124097035,34.57035852588444,2.4550941378032345,418,437,375,435,34.57035852588444,NEUTRAL,program,sonic_drive_three_laps.py,function,ec959a186dbd8278df967871b3a34262848e2c5ecc08c20aa12abb30068f0552,右壁追従 | target_deg=1.963,,180.7675835948472,51.092668145415026,123.79449223464559,161.26235947171804,75.45636163760234,0,73.85,44.96224910789374,2
73.9,475.3953588933571,410.69120172543575,72.0171838536877,27.644354198658913,0.7713242895376696,34.57818202915909,2.4103884048052175,418,437,375,435,34.57818202915909,NEUTRAL,program,sonic_drive_three_laps.py,function,ec959a186dbd8278df967871b3a34262848e2c5ecc08c20aa12abb30068f0552,右壁追従 | target_deg=1.928,,178.18133811269587,50.65328558859073,123.19628255239434,162.17391682470458,76.01830866645207,0,73.9,44.525062328123624,2
73.95,476.71000689153476,411.11869379770116,71.9562450347575,27.65062080448742,0.7493458032405284,34.59020151385283,2.341705635126651,418,437,375,435,34.59020151385283,NEUTRAL,program,sonic_drive_three_laps.py,function,ec959a186dbd8278df967871b3a34262848e2c5ecc08c20aa12abb30068f0552,右壁追従 | target_deg=1.873,,176.76833501453015,50.164387002837124,121.66790952408844,163.37941835458045,76.41590081157435,0,73.95,44.086698935383936,2
74.0,478.0244734444469,411.547667938874,71.89572674823563,27.656000161380184,0.7440210318755949,34.593113498193034,2.325065724611234,418,437,375,435,34.593113498193034,NEUTRAL,program,sonic_drive_three_laps.py,function,ec959a186dbd8278df967871b3a34262848e2c5ecc08c20aa12abb30068f0552,右壁追従 | target_deg=1.860,,175.11085223369804,49.39126563534891,122.24596649672989,164.75927156115452,76.12795146874063,0,74.0,43.64694399495323,2
74.05,479.3370311688339,411.9760228725359,71.98039323659333,27.586027723147627,-1.4959789681244053,34.181886501806964,-4.674934275388766,417,430,375,435,34.181886501806964,NEUTRAL,program,sonic_drive_three_laps.py,function,ec959a186dbd8278df967871b3a34262848e2c5ecc08c20aa12abb30068f0552,右壁追従 | target_deg=-3.735,,172.77735559237996,49.37192243058712,122.17149073048853,165.41530197038028,76.60849226414805,0,74.05,43.23367596174097,2
74.1,480.641665779768,412.3973914206212,72.24532378172546,27.310970900593205,-3.7359789681244053,32.95688650180696,-11.674934275388766,416,422,375,435,32.95688650180696,NEUTRAL,program,sonic_drive_three_laps.py,function,ec959a186dbd8278df967871b3a34262848e2c5ecc08c20aa12abb30068f0552,右壁追従 | target_deg=-9.271,,172.33845018413012,49.26655760608079,121.10668189871265,164.1903866379333,76.53940885978625,0,74.1,42.85971103635296,2
74.15,481.93118099654987,412.80512462196907,72.68590053184727,26.877047639699775,-5.975978968124405,31.731886501806965,-18.674934275388765,414,415,375,435,31.731886501806965,NEUTRAL,program,sonic_drive_three_laps.py,function,ec959a186dbd8278df967871b3a34262848e2c5ecc08c20aa12abb30068f0552,右壁追従 | target_deg=-14.665,,174.63030331068893,49.02365301410725,120.79460621207801,162.26456848501087,77.55595836977163,0,74.15,42.53146205338243,2
74.2,483.20067850764946,413.1938139422679,73.28715159532894,26.34135468690089,-8.0,30.625,-25.0,413,408,375,435,30.625,NEUTRAL,program,sonic_drive_three_laps.py,function,ec959a186dbd8278df967871b3a34262848e2c5ecc08c20aa12abb30068f0552,右壁追従 | target_deg=-19.359,,176.58955634357895,49.058939406126925,119.79775905915561,161.81862798536224,78.21115853080384,0,74.2,42.25255152760258,2
74.25,484.45210693574097,413.56222164625257,73.90507153115072,25.926385835245647,-8.0,30.625,-25.0,413,408,375,435,30.625,NEUTRAL,program,sonic_drive_three_laps.py,function,ec959a186dbd8278df967871b3a34262848e2c5ecc08c20aa12abb30068f0552,右壁追従 | target_deg=-19.359,,182.05068448286892,47.982476022372516,118.20072490718599,160.90735275013196,78.70786123869296,0,74.25,41.9985268599649,2
74.3,485.6901617984225,413.91232747182636,74.51450129717455,25.604934625285985,-8.0,30.625,-25.0,413,408,375,435,30.625,NEUTRAL,program,sonic_drive_three_laps.py,function,ec959a186dbd8278df967871b3a34262848e2c5ecc08c20aa12abb30068f0552,右壁追従 | target_deg=-19.359,,188.23211859048493,47.837853960813135,118.82361705156626,158.35422957083418,76.62354280069289,0,74.3,41.76276925728337,2
74.35,486.9184512457792,414.24567969626384,75.11735424341194,25.355925862405684,-8.0,30.625,-25.0,413,408,375,435,30.625,NEUTRAL,program,sonic_drive_three_laps.py,function,ec959a186dbd8278df967871b3a34262848e2c5ecc08c20aa12abb30068f0552,右壁追従 | target_deg=-19.359,,194.34882734950014,47.28853845714305,117.75102634515777,155.29718794867375,78.44562116266054,0,74.35,41.54402004992039,2
74.4,488.13975681466815,414.563436490071,75.71511252611108,25.163033871117303,-8.0,30.625,-25.0,413,408,375,435,30.625,NEUTRAL,program,sonic_drive_three_laps.py,function,ec959a186dbd8278df967871b3a34262848e2c5ecc08c20aa12abb30068f0552,右壁追従 | target_deg=-19.359,,200.59572130310423,48.395164529956084,117.19956849057012,152.60371604033483,78.0682950434108,0,74.4,41.34134725377737,2
74.45,489.3562158358123,414.8664627749917,76.30892428185484,25.01361214044077,-8.0,30.625,-25.0,413,408,375,435,30.625,NEUTRAL,program,sonic_drive_three_laps.py,function,ec959a186dbd8278df967871b3a34262848e2c5ecc08c20aa12abb30068f0552,右壁追従 | target_deg=-19.359,,208.47677904066433,47.86441793333703,43.714237311698845,151.00057283382935,77.75037963785637,0,74.45,41.154061816631724,2
74.5,490.56946381498636,415.1554029589024,76.89967890244293,24.897864185073402,-8.0,30.625,-25.0,413,408,375,435,30.625,NEUTRAL,program,sonic_drive_three_laps.py,function,ec959a186dbd8278df967871b3a34262848e2c5ecc08c20aa12abb30068f0552,右壁追従 | target_deg=-19.359,,216.84350096850775,48.419090752984374,44.7736032291194,148.5789076443839,78.09446843014697,0,74.5,40.98165534929177,2
74.55,491.7807454843888,415.43073564104594,77.48806534577886,24.80820126180872,-8.0,30.625,-25.0,413,408,375,435,30.625,NEUTRAL,program,sonic_drive_three_laps.py,function,ec959a186dbd8278df967871b3a34262848e2c5ecc08c20aa12abb30068f0552,右壁追従 | target_deg=-19.359,,226.45925812587282,48.29391651259259,44.29506485781399,146.7192218350791,77.12256411661247,0,74.55,40.82375375084979,2
74.6,492.99100136514465,415.6928148035199,78.07461730577933,24.738744831387535,-8.0,30.625,-25.0,413,408,375,435,30.625,NEUTRAL,program,sonic_drive_three_laps.py,function,ec959a186dbd8278df967871b3a34262848e2c5ecc08c20aa12abb30068f0552,右壁追従 | target_deg=-19.359,,236.22964482766972,48.57273324735361,42.78526688010375,144.20912074358446,78.16489920488719,0,74.6,40.68008263054651,2
74.65,494.20093520857847,415.94190085143066,78.65974820276381,24.68494114585954,-8.0,30.625,-25.0,413,408,375,435,30.625,NEUTRAL,program,sonic_drive_three_laps.py,function,ec959a186dbd8278df967871b3a34262848e2c5ecc08c20aa12abb30068f0552,右壁追従 | target_deg=-19.359,,246.32250024107674,49.8286797907827,42.189399048041906,142.43196804425477,77.80678790785213,0,74.65,40.550441507112225,2
74.7,495.41106651972115,416.1781840147129,79.24377828838851,24.64326269277981,-8.0,30.625,-25.0,413,408,375,435,30.625,NEUTRAL,program,sonic_drive_three_laps.py,function,ec959a186dbd8278df967871b3a34262848e2c5ecc08c20aa12abb30068f0552,右壁追従 | target_deg=-19.359,,249.76801259173007,48.72027312786008,42.372384473360995,141.05936254911944,78.15951607349434,0,74.7,40.43468455133626,2
74.75,496.62177145000504,416.4018019954237,79.82695564219455,24.610976922129105,-8.0,30.625,-25.0,413,408,375,435,30.625,NEUTRAL,program,sonic_drive_three_laps.py,function,ec959a186dbd8278df967871b3a34262848e2c5ecc08c20aa12abb30068f0552,右壁追従 | target_deg=-19.359,,249.96716487793327,49.28415049910222,41.7137295083734,138.22102772971303,77.81454778806355,0,74.75,40.33270621275136,2
74.8,497.83331462653433,416.61285327597517,80.40947243636145,24.58596709308109,-8.0,30.625,-25.0,413,408,375,435,30.625,NEUTRAL,program,sonic_drive_three_laps.py,function,ec959a186dbd8278df967871b3a34262848e2c5ecc08c20aa12abb30068f0552,右壁追従 | target_deg=-19.359,,249.5120685763779,50.01561517798641,42.320349109522944,136.70499788455734,77.77026974646695,0,74.8,40.24443049509796,2
74.85,499.0458739215323,416.8114071537703,80.99147753502552,24.566593494854864,-8.0,30.625,-25.0,413,408,375,435,30.625,NEUTRAL,program,sonic_drive_three_laps.py,function,ec959a186dbd8278df967871b3a34262848e2c5ecc08c20aa12abb30068f0552,右壁追従 | target_deg=-19.359,,250.0,49.55845620180784,42.28861638080668,134.61879837427819,78.28520076854161,0,74.85,40.16980295891733,2
74.9,500.2595597245216,416.99751130531894,81.5730862542074,24.55158594292355,-8.0,30.625,-25.0,413,408,375,435,30.625,NEUTRAL,program,sonic_drive_three_laps.py,function,ec959a186dbd8278df967871b3a34262848e2c5ecc08c20aa12abb30068f0552,右壁追従 | target_deg=-19.359,,249.61266764639464,50.07820643169342,41.98089991165529,133.0044032939316,77.88588742461252,0,74.9,40.10878476265407,2
74.95,501.4744299351791,417.1711974857182,82.15438792223665,24.539960502345032,-8.0,30.625,-25.0,413,408,375,435,30.625,NEUTRAL,program,sonic_drive_three_laps.py,function,ec959a186dbd8278df967871b3a34262848e2c5ecc08c20aa12abb30068f0552,右壁追従 | target_deg=-19.359,,250.0,50.081273142008754,41.72814777072764,130.9901087586405,77.76913045697313,0,74.95,40.06134822725841,2
75.0,502.69574946807995,417.33434158953776,82.60648258912994,24.711243482098016,-5.76,31.625,-18.0,414,416,375,435,31.625,NEUTRAL,program,sonic_drive_three_laps.py,function,ec959a186dbd8278df967871b3a34262848e2c5ecc08c20aa12abb30068f0552,右壁追従 | target_deg=-14.154,,249.7342855105583,50.488087127082956,40.85082858056871,128.06585632404253,77.94072724280224,0,75.0,39.997233589468635,2
75.05,503.93084436110075,417.49117622153705,82.89783629767345,25.02421452540768,-3.52,32.625,-11.0,415,423,375,435,32.625,NEUTRAL,program,sonic_drive_three_laps.py,function,ec959a186dbd8278df967871b3a34262848e2c5ecc08c20aa12abb30068f0552,右壁追従 | target_deg=-8.743,,249.7970593248441,50.75122274759054,41.52383060371347,128.20631105601316,77.87900044237185,0,75.05,39.90460577190839,2
75.1,505.18532799966346,417.6457993689363,83.02658124286609,25.44694272105652,-1.28,33.625,-4.0,417,430,375,435,33.625,NEUTRAL,program,sonic_drive_three_laps.py,function,ec959a186dbd8278df967871b3a34262848e2c5ecc08c20aa12abb30068f0552,右壁追従 | target_deg=-3.197,,250.0,49.871175532242,41.3500712714534,126.89451802190192,77.67754506667411,0,75.1,39.77845077980146,2
75.15,506.4635028695818,417.8019781177143,83.034260475569,25.95469312808441,0.0,34.625,0.0,418,435,375,435,34.625,NEUTRAL,program,sonic_drive_three_laps.py,function,ec959a186dbd8278df967871b3a34262848e2c5ecc08c20aa12abb30068f0552,右壁追従 | target_deg=0.000,,250.0,50.32211335969073,40.460389194886275,127.03581083247312,77.6822894681686,0,75.15,39.62397192378501,2
75.2,507.76547611313407,417.96105012611696,83.034260475569,26.415624772573747,0.0,35.0,0.0,418,435,375,435,35.0,NEUTRAL,program,sonic_drive_three_laps.py,function,ec959a186dbd8278df967871b3a34262848e2c5ecc08c20aa12abb30068f0552,右壁追従 | target_deg=0.000,,250.0,49.8964002634174,40.70720581497855,127.93066603504278,78.47739990986992,0,75.2,39.464899915382375,2
75.25,509.08734920792614,418.1214073058591,83.14402376520314,26.77268057143379,-1.6,35.0,-5.0,418,429,375,435,35.0,NEUTRAL,program,sonic_drive_three_laps.py,function,ec959a186dbd8278df967871b3a34262848e2c5ecc08c20aa12abb30068f0552,仕切り壁予防：右壁の向き・離隔を保持 | target_deg=-3.995,,250.0,50.743833398921886,40.760833446647695,127.0530802426253,78.80633248852145,0,75.25,39.32886299978924,2
75.3,510.4250178850178,418.2795649796601,83.3820147654385,27.049270050641326,-3.2,35.0,-10.0,418,424,375,435,35.0,NEUTRAL,program,sonic_drive_three_laps.py,function,ec959a186dbd8278df967871b3a34262848e2c5ecc08c20aa12abb30068f0552,仕切り壁予防：右壁の向き・離隔を保持 | target_deg=-7.957,,250.0,50.610180924864494,40.72367630548244,127.87337072874053,78.56552427107918,0,75.3,39.22358311804362,2
75.35,511.77240151558453,418.4328470239353,83.63754179456532,27.168875686204718,-3.2,34.475,-10.0,418,424,375,435,34.475,NEUTRAL,program,sonic_drive_three_laps.py,function,ec959a186dbd8278df967871b3a34262848e2c5ecc08c20aa12abb30068f0552,仕切り壁予防：右壁の向き・離隔を保持 | target_deg=-7.957,,250.0,50.361649988182265,40.29755734649505,127.68809096024393,78.29184361720564,0,75.35,39.12729684848006,2
75.4,513.1255922969707,418.58066808411365,83.89404230861305,27.261526920427446,-3.2,34.475,-10.0,418,424,375,435,34.475,NEUTRAL,program,sonic_drive_three_laps.py,function,ec959a186dbd8278df967871b3a34262848e2c5ecc08c20aa12abb30068f0552,仕切り壁予防：右壁の向き・離隔を保持 | target_deg=-7.957,,250.0,49.94685594462803,39.63146610007433,126.33865742820983,78.37918461145512,0,75.4,39.03691853628794,2
75.45,514.4834124319254,418.72283758446906,84.15129692240703,27.333298214167574,-3.2,34.475,-10.0,418,424,375,435,34.475,NEUTRAL,program,sonic_drive_three_laps.py,function,ec959a186dbd8278df967871b3a34262848e2c5ecc08c20aa12abb30068f0552,仕切り壁予防：右壁の向き・離隔を保持 | target_deg=-7.957,,249.86377957502893,50.58819698036976,40.602463375508336,126.30496840907563,77.55611691400009,0,75.45,38.952590796085985,2
75.5,515.8449425600286,418.8592111816463,84.40913569155356,27.388895083959383,-3.2,34.475,-10.0,418,424,375,435,34.475,NEUTRAL,program,sonic_drive_three_laps.py,function,ec959a186dbd8278df967871b3a34262848e2c5ecc08c20aa12abb30068f0552,仕切り壁予防：右壁の向き・離隔を保持 | target_deg=-7.957,,250.0,49.98914110396018,40.05344010102534,125.97541589786546,79.4668724850393,0,75.5,38.8744203887191,2
75.55,517.20946366316,418.9896795415369,84.66742697043458,27.43196260816816,-3.2,34.475,-10.0,418,424,375,435,34.475,NEUTRAL,program,sonic_drive_three_laps.py,function,ec959a186dbd8278df967871b3a34262848e2c5ecc08c20aa12abb30068f0552,仕切り壁予防：右壁の向き・離隔を保持 | target_deg=-7.957,,250.0,50.45683309084293,39.25997014099645,124.32442782564708,79.95488529203182,0,75.55,38.80248713866865,2
75.6,518.5764120287303,419.11415981951995,84.92606878117147,27.46532440800363,-3.2,34.475,-10.0,418,424,375,435,34.475,NEUTRAL,program,sonic_drive_three_laps.py,function,ec959a186dbd8278df967871b3a34262848e2c5ecc08c20aa12abb30068f0552,仕切り壁予防：右壁の向き・離隔を保持 | target_deg=-7.957,,249.81481636753335,50.60759472541941,39.36665564066465,123.76107154935377,79.80418246318733,0,75.6,38.73685066040167,2
75.65,519.945344335533,419.2325892009599,85.1849821276844,27.49116777162181,-3.2,34.475,-10.0,418,424,375,435,34.475,NEUTRAL,program,sonic_drive_three_laps.py,function,ec959a186dbd8278df967871b3a34262848e2c5ecc08c20aa12abb30068f0552,仕切り壁予防：右壁の向き・離隔を保持 | target_deg=-7.957,,250.0,50.70931136850873,39.82613096516267,123.26927333556853,79.06471932124951,0,75.65,38.6775554227778,2
75.7,521.3159105870687,419.34492000929686,85.44410581649998,27.51118705854264,-3.2,34.475,-10.0,418,424,375,435,34.475,NEUTRAL,program,sonic_drive_three_laps.py,function,ec959a186dbd8278df967871b3a34262848e2c5ecc08c20aa12abb30068f0552,仕切り壁予防：右壁の向き・離隔を保持 | target_deg=-7.957,,249.72717476105308,51.21138424165527,40.00896578619702,122.78160567040268,78.3261118173432,0,75.7,38.624634555625164,2
75.75,522.6878331286515,419.4511160052088,85.7033924447444,27.526694786357773,-3.2,34.475,-10.0,418,424,375,435,34.475,NEUTRAL,program,sonic_drive_three_laps.py,function,ec959a186dbd8278df967871b3a34262848e2c5ecc08c20aa12abb30068f0552,仕切り壁予防：右壁の向き・離隔を保持 | target_deg=-7.957,,250.0,51.856789195479834,38.81099630861399,123.38163485312796,79.37654847782201,0,75.75,38.57811270618589,2
75.8,524.0608903810312,419.55114958964276,85.9628052922854,27.538707682867994,-3.2,34.475,-10.0,418,424,375,435,34.475,NEUTRAL,program,sonic_drive_three_laps.py,function,ec959a186dbd8278df967871b3a34262848e2c5ecc08c20aa12abb30068f0552,仕切り壁予防：右壁の向き・離隔を保持 | target_deg=-7.957,,250.0,50.208249308801115,39.108396380807385,121.18516627210887,79.58443890826477,0,75.8,38.53800817912662,2
75.85,525.4349042305382,419.6449996920029,86.22231591426282,27.548013345456713,-3.2,34.475,-10.0,418,424,375,435,34.475,NEUTRAL,program,sonic_drive_three_laps.py,function,ec959a186dbd8278df967871b3a34262848e2c5ecc08c20aa12abb30068f0552,仕切り壁予防：右壁の向き・離隔を保持 | target_deg=-7.957,,250.0,51.22976254316257,38.77153755041359,121.01588265526541,79.24887942993051,0,75.85,38.504334537213424,2
75.9,526.8097302539742,419.7326501771754,86.48190227616811,27.555221878065094,-3.2,34.475,-10.0,418,424,375,435,34.475,NEUTRAL,program,sonic_drive_three_laps.py,function,ec959a186dbd8278df967871b3a34262848e2c5ecc08c20aa12abb30068f0552,仕切り壁予防：右壁の向き・離隔を保持 | target_deg=-7.957,,250.0,51.97766041673105,39.09154911375921,120.80163434076329,78.83927090950914,0,75.9,38.4771017966068,2
75.95,528.1852501411355,419.81408864506386,86.74154730920338,27.56080589122597,-3.2,34.475,-10.0,418,424,375,435,34.475,NEUTRAL,program,sonic_drive_three_laps.py,function,ec959a186dbd8278df967871b3a34262848e2c5ecc08c20aa12abb30068f0552,仕切り壁予防：右壁の向き・離隔を保持 | target_deg=-7.957,,249.5343314591689,51.54042274565994,38.915828901005945,120.07706195912773,79.61533453814509,0,75.95,38.45631731792042,2
76.0,529.561365821032,419.8893055267924,87.00123779120594,27.565131487664924,-3.2,34.475,-10.0,418,424,375,435,34.475,NEUTRAL,program,sonic_drive_three_laps.py,function,ec959a186dbd8278df967871b3a34262848e2c5ecc08c20aa12abb30068f0552,仕切り壁予防：右壁の向き・離隔を保持 | target_deg=-7.957,,250.0,51.151755296643216,39.2419737491634,120.05127486219665,79.14512857225056,0,76.0,38.441986469298456,2
76.05,530.9379949088595,419.95829340493395,87.26096347976784,27.568482264966768,-3.2,34.475,-10.0,418,424,375,435,34.475,NEUTRAL,program,sonic_drive_three_laps.py,function,ec959a186dbd8278df967871b3a34262848e2c5ecc08c20aa12abb30068f0552,仕切り壁予防：右壁の向き・離隔を保持 | target_deg=-7.957,,249.355365475523,51.18091512428155,38.928676086854814,119.05094556286453,79.60096183237904,0,76.05,38.43411311891083,2
76.1,532.3150671768431,420.0210465027581,87.52071644071668,27.571077908986037,-3.2,34.475,-10.0,418,424,375,435,34.475,NEUTRAL,program,sonic_drive_three_laps.py,function,ec959a186dbd8278df967871b3a34262848e2c5ecc08c20aa12abb30068f0552,仕切り壁予防：右壁の向き・離隔を保持 | target_deg=-7.957,,250.0,52.49421363449131,39.45778319943132,119.237145633519,79.42373959478633,0,76.1,38.43270000001195,2
76.15,533.6925218187886,420.07756030088063,87.78049052793017,27.57308859703477,-3.2,34.475,-10.0,418,424,375,435,34.475,NEUTRAL,program,sonic_drive_three_laps.py,function,ec959a186dbd8278df967871b3a34262848e2c5ecc08c20aa12abb30068f0552,仕切り壁予防：右壁の向き・離隔を保持 | target_deg=-7.957,,250.0,51.75530645337354,38.185125669691736,117.81923242587817,78.91461354648453,0,76.15,38.43774898095154,2
76.2,535.0703053299104,420.12783124985833,88.04028098038003,27.5746461551588,-3.2,34.475,-10.0,418,424,375,435,34.475,NEUTRAL,program,sonic_drive_three_laps.py,function,ec959a186dbd8278df967871b3a34262848e2c5ecc08c20aa12abb30068f0552,仕切り壁予防：右壁の向き・離隔を保持 | target_deg=-7.957,,250.0,52.04260597047364,39.55212782908786,116.89538109403144,78.68306817487009,0,76.2,38.449261264414076,2
76.25,536.4483698636028,420.1718565549704,88.30008410998624,27.575852701003278,-3.2,34.475,-10.0,418,424,375,435,34.475,NEUTRAL,program,sonic_drive_three_laps.py,function,ec959a186dbd8278df967871b3a34262848e2c5ecc08c20aa12abb30068f0552,仕切り壁予防：右壁の向き・離隔を保持 | target_deg=-7.957,,250.0,52.844705989046766,39.39194372148253,116.24550967976909,78.4542383227596,0,76.25,38.46723753405706,2
76.3,537.8266719579213,420.209634015257,88.55989705981693,27.57678733891654,-3.2,34.475,-10.0,418,424,375,435,34.475,NEUTRAL,program,sonic_drive_three_laps.py,function,ec959a186dbd8278df967871b3a34262848e2c5ecc08c20aa12abb30068f0552,仕切り壁予防：右壁の向き・離隔を保持 | target_deg=-7.957,,249.79132162799752,53.12828868127091,38.01227985575374,115.65288254559331,77.76525775518664,0,76.3,38.49167806213046,2
76.35,539.2051715486427,420.2411619032974,88.81971761678011,27.57751134624117,-3.2,34.475,-10.0,418,424,375,435,34.475,NEUTRAL,program,sonic_drive_three_laps.py,function,ec959a186dbd8278df967871b3a34262848e2c5ecc08c20aa12abb30068f0552,仕切り壁予防：右壁の向き・離隔を保持 | target_deg=-7.957,,250.0,52.62719438197113,38.218867529031805,114.60002901212695,77.85719004089044,0,76.35,38.52258278821074,2
76.4,540.5838312044589,420.2664388755445,89.07954406652755,27.57807219081925,-3.2,34.475,-10.0,418,424,375,435,34.475,NEUTRAL,program,sonic_drive_three_laps.py,function,ec959a186dbd8278df967871b3a34262848e2c5ecc08c20aa12abb30068f0552,仕切り壁予防：右壁の向き・離隔を保持 | target_deg=-7.957,,250.0,53.11327525403323,37.713250829034116,114.22009202497055,78.39698697671466,0,76.4,38.559951376602044,2
76.45,541.9626155343525,420.28546390555255,89.33937508105782,27.57850664311007,-3.2,34.475,-10.0,418,424,375,435,34.475,NEUTRAL,program,sonic_drive_three_laps.py,function,ec959a186dbd8278df967871b3a34262848e2c5ecc08c20aa12abb30068f0552,仕切り壁予防：右壁の向き・離隔を保持 | target_deg=-7.957,,249.76578959554615,53.81890282064809,39.10167913192691,114.06083545043394,79.73723627876564,0,76.45,38.60378325801872,2
76.5,543.3414907284268,420.29823623433333,89.59920963164848,27.578843186959087,-3.2,34.475,-10.0,418,424,375,435,34.475,NEUTRAL,program,sonic_drive_three_laps.py,function,ec959a186dbd8278df967871b3a34262848e2c5ecc08c20aa12abb30068f0552,仕切り壁予防：右壁の向き・離隔を保持 | target_deg=-7.957,,249.95241964840505,54.306024756114354,39.19379347023144,114.11566777608233,78.59220817397627,0,76.5,38.6540776597198,2
76.55,544.7204242021758,420.3047553335147,89.85904692141077,27.579103887074382,-3.2,34.475,-10.0,418,424,375,435,34.475,NEUTRAL,program,sonic_drive_three_laps.py,function,ec959a186dbd8278df967871b3a34262848e2c5ecc08c20aa12abb30068f0552,仕切り壁予防：右壁の向き・離隔を保持 | target_deg=-7.957,,250.0,54.11628857525283,37.56698970451805,113.34255692714972,79.2705618789376,0,76.55,38.710833627184115,2
76.6,546.0993843209275,420.3050208780512,90.11888633304324,27.579305835647542,-3.2,34.475,-10.0,418,424,375,435,34.475,NEUTRAL,program,sonic_drive_three_laps.py,function,ec959a186dbd8278df967871b3a34262848e2c5ecc08c20aa12abb30068f0552,仕切り壁予防：右壁の向き・離隔を保持 | target_deg=-7.957,,249.37702361922766,53.65829076533342,38.96472369148516,112.6823349039177,79.68316673302931,0,76.6,38.715951258777466,2
76.65,547.4783401864242,420.29903272605327,90.37872738835989,27.5794622729631,-3.2,34.475,-10.0,418,424,375,435,34.475,NEUTRAL,program,sonic_drive_three_laps.py,function,ec959a186dbd8278df967871b3a34262848e2c5ecc08c20aa12abb30068f0552,仕切り壁予防：右壁の向き・離隔を保持 | target_deg=-7.957,,250.0,55.91730921780314,38.42220639046339,111.98438100370913,79.37777352613828,0,76.65,38.658645851655876,2
76.7,548.8572614715607,420.2867909039113,90.63856971693906,27.579583455466715,-3.2,34.475,-10.0,418,424,375,435,34.475,NEUTRAL,program,sonic_drive_three_laps.py,function,ec959a186dbd8278df967871b3a34262848e2c5ecc08c20aa12abb30068f0552,仕切り壁予防：右壁の向き・離隔を保持 | target_deg=-7.957,,250.0,55.91412613723188,38.5106745951642,111.94395561920902,78.97287652273822,0,76.7,38.607801374156224,2
76.75,550.2361182924476,420.2682955953523,90.89841303183738,27.579677328205015,-3.2,34.475,-10.0,418,424,375,435,34.475,NEUTRAL,program,sonic_drive_three_laps.py,function,ec959a186dbd8278df967871b3a34262848e2c5ecc08c20aa12abb30068f0552,仕切り壁予防：右壁の向き・離隔を保持 | target_deg=-7.957,,250.0,54.865114046756645,37.951697696109484,111.24698128758172,79.47058558336698,0,76.75,38.56341901243661,2
76.8,551.6148811094002,420.24354713341097,91.15825711077741,27.5797500457239,-3.2,34.475,-10.0,418,424,375,435,34.475,NEUTRAL,program,sonic_drive_three_laps.py,function,ec959a186dbd8278df967871b3a34262848e2c5ecc08c20aa12abb30068f0552,仕切り壁予防：右壁の向き・離隔を保持 | target_deg=-7.957,,249.8013532772442,55.16420284985676,38.614347420314566,109.81879076368553,79.57498497028904,0,76.8,38.52549978258867,2
76.85,552.993520650345,420.2125459945562,91.41810178157436,27.579806375576947,-3.2,34.475,-10.0,418,424,375,435,34.475,NEUTRAL,program,sonic_drive_three_laps.py,function,ec959a186dbd8278df967871b3a34262848e2c5ecc08c20aa12abb30068f0552,仕切り壁予防：右壁の向き・離隔を保持 | target_deg=-7.957,,250.0,55.42054989427354,38.56700740347919,108.42293955978732,78.81456797661424,0,76.85,38.494044540231414,2
76.9,554.3720078515976,420.1752927944079,91.6779469108468,27.579850010898845,-3.2,34.475,-10.0,418,424,375,435,34.475,NEUTRAL,program,sonic_drive_three_laps.py,function,ec959a186dbd8278df967871b3a34262848e2c5ecc08c20aa12abb30068f0552,仕切り壁予防：右壁の向き・離隔を保持 | target_deg=-7.957,,249.38183642198283,57.36513870065726,39.5826892062223,107.84502216023945,78.7339481664273,0,76.9,38.469053987661766,2
76.95,555.750313812105,420.1317882846241,91.9377923952726,27.579883812537123,-3.2,34.475,-10.0,418,424,375,435,34.475,NEUTRAL,program,sonic_drive_three_laps.py,function,ec959a186dbd8278df967871b3a34262848e2c5ecc08c20aa12abb30068f0552,仕切り壁予防：右壁の向き・離隔を保持 | target_deg=-7.957,,249.51831909849687,57.19509263490956,40.189712200108296,107.43852421236457,79.29474802210699,0,76.95,38.45052867917656,2
77.0,557.1284097581207,420.08203335064735,92.19763815481394,27.579909996616916,-3.2,34.475,-10.0,418,424,375,435,34.475,NEUTRAL,program,sonic_drive_three_laps.py,function,ec959a186dbd8278df967871b3a34262848e2c5ecc08c20aa12abb30068f0552,仕切り壁予防：右壁の向き・離隔を保持 | target_deg=-7.957,,250.0,57.352047727240056,38.91965676450161,106.28178217979367,78.41876997008029,0,77.0,38.43846902502685,2
77.05,558.5062670159638,420.02602901007793,92.45748412747076,27.579930279836,-3.2,34.475,-10.0,418,424,375,435,34.475,NEUTRAL,program,sonic_drive_three_laps.py,function,ec959a186dbd8278df967871b3a34262848e2c5ecc08c20aa12abb30068f0552,仕切り壁予防：右壁の向き・離隔を保持 | target_deg=-7.957,,250.0,57.804364135527315,38.64017761793912,105.68930246881845,78.78117898430546,0,77.05,38.432875294352414,2
77.1,559.8838813033577,419.9643087648249,92.67304676712251,27.579945992016057,-2.655510201408759,34.475,-8.298469379402372,418,426,375,435,34.475,NEUTRAL,program,sonic_drive_three_laps.py,function,ec959a186dbd8278df967871b3a34262848e2c5ecc08c20aa12abb30068f0552,仕切り壁予防：右壁の向き・離隔を保持 | target_deg=-6.614,,249.85057971674448,59.23500455280965,40.07732292023608,104.16590955303501,79.44421767937935,0,77.1,38.443660360216484,2
77.15,561.2628912343807,419.89768592699266,92.85880856380402,27.633642284973867,-2.2861301097955,34.77276785860459,-7.144156593110937,418,427,375,435,34.77276785860459,NEUTRAL,program,sonic_drive_three_laps.py,function,ec959a186dbd8278df967871b3a34262848e2c5ecc08c20aa12abb30068f0552,仕切り壁予防：右壁の向き・離隔を保持 | target_deg=-5.699,,249.26666969476835,59.66808173401787,39.56497776439004,104.04856968279223,79.54010138241952,0,77.15,38.46651045433822,2
77.2,562.6451674348775,419.8278716842914,92.89944468814969,27.711656679427634,-0.046130109795499835,34.97477259620559,-0.14415659311093698,418,434,375,435,34.97477259620559,NEUTRAL,program,sonic_drive_three_laps.py,function,ec959a186dbd8278df967871b3a34262848e2c5ecc08c20aa12abb30068f0552,右壁追従 | target_deg=-0.115,,250.0,57.53052510536112,39.73825622422514,250.0,79.22395611169442,0,77.2,38.526764194331236,2
77.25,564.0309364291314,419.7576851208034,92.89944468814969,27.77663791170817,0.0,35.0,0.0,418,435,375,435,35.0,NEUTRAL,program,sonic_drive_three_laps.py,function,ec959a186dbd8278df967871b3a34262848e2c5ecc08c20aa12abb30068f0552,右壁追従 | target_deg=0.000,,250.0,57.41530834195859,39.025714933036035,249.22107838472505,78.39162072115866,0,77.25,38.59695075781923,2
77.3,565.4195086374334,419.6873565798562,92.89944468814969,27.82697493256632,0.0,35.0,0.0,418,435,375,435,35.0,NEUTRAL,program,sonic_drive_three_laps.py,function,ec959a186dbd8278df967871b3a34262848e2c5ecc08c20aa12abb30068f0552,右壁追従 | target_deg=0.000,,249.69811536783715,57.38536606383491,40.536317140747464,249.75442618794972,77.92453890243489,0,77.3,38.6672792987664,2
77.35,566.8102523257003,419.6169180575794,92.89944468814969,27.865967970708994,0.0,35.0,0.0,418,435,375,435,35.0,NEUTRAL,program,sonic_drive_three_laps.py,function,ec959a186dbd8278df967871b3a34262848e2c5ecc08c20aa12abb30068f0552,右壁追従 | target_deg=0.000,,250.0,59.80948500471359,40.13220834619512,250.0,78.74206112715108,0,77.35,38.73771782104319,2
77.4,568.2026781278402,419.5463943394348,92.89944468814969,27.896173513223737,0.0,35.0,0.0,418,435,375,435,35.0,NEUTRAL,program,sonic_drive_three_laps.py,function,ec959a186dbd8278df967871b3a34262848e2c5ecc08c20aa12abb30068f0552,右壁追従 | target_deg=0.000,,250.0,59.45760983240609,40.0328727247885,250.0,78.24886104747017,0,77.4,38.808241539187804,2
77.45,569.5964069616113,419.4758046252167,92.89944468814969,27.919571915658338,0.0,35.0,0.0,418,435,375,435,35.0,NEUTRAL,program,sonic_drive_three_laps.py,function,ec959a186dbd8278df967871b3a34262848e2c5ecc08c20aa12abb30068f0552,右壁追従 | target_deg=0.000,,250.0,59.929419568123016,40.30915237424441,249.18106224710536,78.91181792832148,0,77.45,38.878831253405906,2
77.5,570.9911451749849,419.4051637878419,92.89944468814969,27.93769723938739,0.0,35.0,0.0,418,435,375,435,35.0,NEUTRAL,program,sonic_drive_three_laps.py,function,ec959a186dbd8278df967871b3a34262848e2c5ecc08c20aa12abb30068f0552,右壁追従 | target_deg=0.000,,249.94180171393305,59.78583600486979,40.09603561456472,250.0,77.9293348103723,0,77.5,38.949472090780716,2
77.55,572.3866652935382,419.3344833484571,92.89944468814969,27.951737828748193,0.0,35.0,0.0,418,435,375,435,35.0,NEUTRAL,program,sonic_drive_three_laps.py,function,ec959a186dbd8278df967871b3a34262848e2c5ecc08c20aa12abb30068f0552,右壁追従 | target_deg=0.000,,249.3640937506878,60.33746841827917,40.41535015174004,250.0,78.08647821801073,0,77.55,39.02015253016549,2
77.6,573.7827911066275,419.26377223179617,92.89944468814969,27.962614222049943,0.0,35.0,0.0,418,435,375,435,35.0,NEUTRAL,program,sonic_drive_three_laps.py,function,ec959a186dbd8278df967871b3a34262848e2c5ecc08c20aa12abb30068f0552,右壁追従 | target_deg=0.000,,249.8916192696823,59.30607014707386,39.88570354590021,249.63930902475548,78.07037926259153,0,77.6,39.09086364682645,2
77.65,575.1793861145509,419.1930373513095,92.89944468814969,27.971039504508852,0.0,35.0,0.0,418,435,375,435,35.0,NEUTRAL,program,sonic_drive_three_laps.py,function,ec959a186dbd8278df967871b3a34262848e2c5ecc08c20aa12abb30068f0552,右壁追従 | target_deg=0.000,,248.8726700327494,59.6923221061351,39.956319243455184,249.0726236254041,77.39048969122298,0,77.65,39.16159852731312,2
77.7,576.5763445792651,419.1222840624277,92.89944468814969,27.977566060007813,0.0,35.0,0.0,418,435,375,435,35.0,NEUTRAL,program,sonic_drive_three_laps.py,function,ec959a186dbd8278df967871b3a34262848e2c5ecc08c20aa12abb30068f0552,右壁追従 | target_deg=0.000,,250.0,60.32867981348437,40.01888996477121,250.0,77.47846740204463,0,77.7,39.23235181619492,2
77.75,577.973584591919,419.0515165136783,92.89944468814969,27.98262178685006,0.0,35.0,0.0,418,435,375,435,35.0,NEUTRAL,program,sonic_drive_three_laps.py,function,ec959a186dbd8278df967871b3a34262848e2c5ecc08c20aa12abb30068f0552,右壁追従 | target_deg=0.000,,250.0,60.30808510233426,39.82520164792613,250.0,78.26380481050208,0,77.75,39.30311936494434,2
77.8,579.3710427026915,418.98073791867404,92.89944468814969,27.986538151907784,0.0,35.0,0.0,418,435,375,435,35.0,NEUTRAL,program,sonic_drive_three_laps.py,function,ec959a186dbd8278df967871b3a34262848e2c5ecc08c20aa12abb30068f0552,右壁追従 | target_deg=0.000,,249.9970137729254,60.0100777760332,40.457653401709386,249.6750740471175,77.62544101798612,0,77.8,39.37389795994858,2
77.85,580.7686697608533,418.909950766806,92.89944468814969,27.989571922470144,0.0,35.0,0.0,418,435,375,435,35.0,NEUTRAL,program,sonic_drive_three_laps.py,function,ec959a186dbd8278df967871b3a34262848e2c5ecc08c20aa12abb30068f0552,右壁追従 | target_deg=0.000,,250.0,60.98201521409661,40.89801576295563,249.80924662444835,79.01252056700284,0,77.85,39.444685111816625,2
77.9,582.1664276923143,418.83915698645427,92.89944468814969,27.99192200058835,0.0,35.0,0.0,418,435,375,435,35.0,NEUTRAL,program,sonic_drive_three_laps.py,function,ec959a186dbd8278df967871b3a34262848e2c5ecc08c20aa12abb30068f0552,右壁追従 | target_deg=0.000,,250.0,61.24090112901933,41.42797509799814,250.0,78.50251452313661,0,77.9,39.515478892168346,2
77.95,583.5642870033854,418.7683580714181,92.89944468814969,27.993742463622098,0.0,35.0,0.0,418,435,375,435,35.0,NEUTRAL,program,sonic_drive_three_laps.py,function,ec959a186dbd8278df967871b3a34262848e2c5ecc08c20aa12abb30068f0552,右壁追従 | target_deg=0.000,,250.0,60.78839614102557,41.06119648000542,250.0,78.05299057571098,0,77.95,39.58627780720451,2
78.0,584.9622248470939,418.69755517885324,92.89944468814969,27.995152665960298,0.0,35.0,0.0,418,435,375,435,35.0,NEUTRAL,program,sonic_drive_three_laps.py,function,ec959a186dbd8278df967871b3a34262848e2c5ecc08c20aa12abb30068f0552,右壁追従 | target_deg=0.000,,250.0,61.40811712508715,40.308041494647675,249.91770554810802,77.1134322257945,0,78.0,39.65708069976938,2
78.05,586.3602235252752,418.6267492051381,92.89944468814969,27.996245064211625,0.0,35.0,0.0,418,435,375,435,35.0,NEUTRAL,program,sonic_drive_three_laps.py,function,ec959a186dbd8278df967871b3a34262848e2c5ecc08c20aa12abb30068f0552,右壁追従 | target_deg=0.000,,249.3653130951543,62.202275092266255,41.2117174792248,250.0,76.87440415000347,0,78.05,39.727886673484534,2
78.1,587.7582693282341,418.55594084464263,92.89944468814969,27.9970912789052,0.0,35.0,0.0,418,435,375,435,35.0,NEUTRAL,program,sonic_drive_three_laps.py,function,ec959a186dbd8278df967871b3a34262848e2c5ecc08c20aa12abb30068f0552,右壁追従 | target_deg=0.000,,250.0,61.08188301348343,41.20871480329838,250.0,78.08910795261306,0,78.1,39.79869503397998,2
78.15,589.156351635901,418.4851306352531,92.89944468814969,27.997746790122612,0.0,35.0,0.0,418,435,375,435,35.0,NEUTRAL,program,sonic_drive_three_laps.py,function,ec959a186dbd8278df967871b3a34262848e2c5ecc08c20aa12abb30068f0552,右壁追従 | target_deg=0.000,,249.62516335448976,62.04472309787635,41.44106941409787,250.0,76.84451658141548,0,78.15,39.86950524336953,2
78.2,590.5544622215522,418.4143189936375,92.89944468814969,27.998254574919322,0.0,35.0,0.0,418,435,375,435,35.0,NEUTRAL,program,sonic_drive_three_laps.py,function,ec959a186dbd8278df967871b3a34262848e2c5ecc08c20aa12abb30068f0552,右壁追従 | target_deg=0.000,,249.39725418225683,60.6915260651022,40.20145948894679,250.0,76.49936677816896,0,78.2,39.94031688498512,2
78.25,591.9525947124431,418.34350624256314,92.89944468814969,27.99864792501452,0.0,35.0,0.0,418,435,375,435,35.0,NEUTRAL,program,sonic_drive_three_laps.py,function,ec959a186dbd8278df967871b3a34262848e2c5ecc08c20aa12abb30068f0552,右壁追従 | target_deg=0.000,,249.6255602025289,61.7732772408747,40.82383682978283,250.0,77.83751753405957,0,78.25,40.01112963605948,2
78.3,593.3507441719952,418.27269263205835,92.89944468814969,27.998952629484588,0.0,35.0,0.0,418,435,375,435,35.0,NEUTRAL,program,sonic_drive_three_laps.py,function,ec959a186dbd8278df967871b3a34262848e2c5ecc08c20aa12abb30068f0552,右壁追従 | target_deg=0.000,,249.7585656072882,62.06026390894102,41.66723035133636,250.0,77.6634344293863,0,78.3,40.081943246564265,2
78.35,594.7489067761404,418.20187835580504,92.89944468814969,27.999188665563423,0.0,35.0,0.0,418,435,375,435,35.0,NEUTRAL,program,sonic_drive_three_laps.py,function,ec959a186dbd8278df967871b3a34262848e2c5ecc08c20aa12abb30068f0552,右壁追従 | target_deg=0.000,,249.99312777413226,61.92695301888089,41.66814522500747,249.90665062913254,77.01197577749662,0,78.35,40.15275752281758,2
78.4,596.1470795626046,418.1310635638365,92.89944468814969,27.99937150840291,0.0,35.0,0.0,418,435,375,435,35.0,NEUTRAL,program,sonic_drive_three_laps.py,function,ec959a186dbd8278df967871b3a34262848e2c5ecc08c20aa12abb30068f0552,右壁追従 | target_deg=0.000,,250.0,62.46257668637667,40.760879747931945,250.0,77.13273585902714,0,78.4,40.22357231478611,2
78.45,597.5452602366944,418.06024837237476,92.89944468814969,27.99951314566496,0.0,35.0,0.0,418,435,375,435,35.0,NEUTRAL,program,sonic_drive_three_laps.py,function,ec959a186dbd8278df967871b3a34262848e2c5ecc08c20aa12abb30068f0552,右壁追従 | target_deg=0.000,,250.0,62.743626860071025,40.902482554187685,249.5786251051822,76.4050800540363,0,78.45,40.29438750624786,2
78.5,598.9434470208492,417.9894328714499,92.89944468814969,27.999622863464456,0.0,35.0,0.0,418,435,375,435,35.0,NEUTRAL,program,sonic_drive_three_laps.py,function,ec959a186dbd8278df967871b3a34262848e2c5ecc08c20aa12abb30068f0552,右壁追従 | target_deg=0.000,,250.0,62.40464649243798,40.69631163313486,250.0,76.29444619847106,0,78.5,40.36520300717274,2
78.55,600.341638538101,417.91861713080266,92.89944468814969,27.999707855191573,0.0,35.0,0.0,418,435,375,435,35.0,NEUTRAL,program,sonic_drive_three_laps.py,function,ec959a186dbd8278df967871b3a34262848e2c5ecc08c20aa12abb30068f0552,右壁追従 | target_deg=0.000,,250.0,63.31333084244308,42.06411441033668,250.0,77.29165216541905,0,78.55,40.43601874781996,2
78.6,601.7398337217962,417.84780120445697,92.89944468814969,27.99977369312955,0.0,35.0,0.0,418,435,375,435,35.0,NEUTRAL,program,sonic_drive_three_laps.py,function,ec959a186dbd8278df967871b3a34262848e2c5ecc08c20aa12abb30068f0552,右壁追従 | target_deg=0.000,,250.0,61.21188246228217,41.18211117244254,250.0,77.03408095316445,0,78.6,40.506834674165646,2
78.65,603.1380317456626,417.776985134262,92.89944468814969,27.99982469378837,0.0,35.0,0.0,418,435,375,435,35.0,NEUTRAL,program,sonic_drive_three_laps.py,function,ec959a186dbd8278df967871b3a34262848e2c5ecc08c20aa12abb30068f0552,右壁追従 | target_deg=0.000,,249.51017693318337,62.71271690767633,41.85963606054768,249.9798197349227,76.68737312369893,0,78.65,40.50955409668528,2
78.7,604.5362319696377,417.7061689526358,92.89944468814969,27.999864200906604,0.0,35.0,0.0,418,435,375,435,35.0,NEUTRAL,program,sonic_drive_three_laps.py,function,ec959a186dbd8278df967871b3a34262848e2c5ecc08c20aa12abb30068f0552,右壁追従 | target_deg=0.000,,250.0,62.97228358188081,42.16525844883686,249.1882950466324,76.43083978876723,0,78.7,40.50909477410237,2
78.75,605.9344338979034,417.6353526846905,92.89944468814969,27.999894804675797,0.0,35.0,0.0,418,435,375,435,35.0,NEUTRAL,program,sonic_drive_three_laps.py,function,ec959a186dbd8278df967871b3a34262848e2c5ecc08c20aa12abb30068f0552,右壁追従 | target_deg=0.000,,250.0,62.81876929521866,41.70236938388448,249.5663200682564,76.7072749891252,0,78.75,40.50909477410237,2
78.8,607.3326371463799,417.564536349879,92.89944468814969,27.999918511560303,0.0,35.0,0.0,418,435,375,435,35.0,NEUTRAL,program,sonic_drive_three_laps.py,function,ec959a186dbd8278df967871b3a34262848e2c5ecc08c20aa12abb30068f0552,右壁追従 | target_deg=0.000,,249.96930700785975,62.01320476977612,43.13647154887872,249.95157451080135,75.56745213254116,0,78.8,40.50909477410238,2
78.85,608.7308414175434,417.4937199632704,92.89944468814969,27.999936875846384,0.0,35.0,0.0,418,435,375,435,35.0,NEUTRAL,program,sonic_drive_three_laps.py,function,ec959a186dbd8278df967871b3a34262848e2c5ecc08c20aa12abb30068f0552,右壁追従 | target_deg=0.000,,249.30473315874733,62.60085763392179,41.70989620711704,249.60515083206712,76.35031126910445,0,78.85,40.50909477410237,2
78.9,610.1290464809206,417.4229035365376,92.89944468814969,27.99995110154539,0.0,35.0,0.0,418,435,375,435,35.0,NEUTRAL,program,sonic_drive_three_laps.py,function,ec959a186dbd8278df967871b3a34262848e2c5ecc08c20aa12abb30068f0552,右壁追従 | target_deg=0.000,,250.0,62.49908161896321,41.66662500580084,250.0,75.77003453621383,0,78.9,40.50909477410243,2
78.95,611.5272521579778,417.3520870787231,92.89944468814969,27.99996212133191,0.0,35.0,0.0,418,435,375,435,35.0,NEUTRAL,program,sonic_drive_three_laps.py,function,ec959a186dbd8278df967871b3a34262848e2c5ecc08c20aa12abb30068f0552,右壁追従 | target_deg=0.000,,249.32453863675437,63.49071460198622,41.042032249275834,250.0,76.56327832056304,0,78.95,40.50909477410246,2
79.0,612.9254583104158,417.28127059683146,92.89944468814969,27.9999706576924,0.0,35.0,0.0,418,435,375,435,35.0,NEUTRAL,program,sonic_drive_three_laps.py,function,ec959a186dbd8278df967871b3a34262848e2c5ecc08c20aa12abb30068f0552,右壁追従 | target_deg=0.000,,249.69796352010943,63.553903840193456,40.31217246329939,250.0,76.62751911608217,0,79.0,40.50909477410252,2
79.05,614.3236648311022,417.2104540962888,92.89944468814969,27.99997727029332,0.0,35.0,0.0,418,435,375,435,35.0,NEUTRAL,program,sonic_drive_three_laps.py,function,ec959a186dbd8278df967871b3a34262848e2c5ecc08c20aa12abb30068f0552,右壁追従 | target_deg=0.000,,250.0,63.9928265790905,42.54251446182968,250.0,76.21631252173971,0,79.05,40.509094774102515,2
79.1,615.7218716370484,417.13963758129825,92.89944468814969,27.99998239267433,0.0,35.0,0.0,418,435,375,435,35.0,NEUTRAL,program,sonic_drive_three_laps.py,function,ec959a186dbd8278df967871b3a34262848e2c5ecc08c20aa12abb30068f0552,右壁追従 | target_deg=0.000,,250.0,63.426616751027325,43.03408181402634,249.7084091962825,75.4806980863912,0,79.1,40.50909477410253,2
79.15,617.1200786639681,417.06882105511585,92.89944468814969,27.99998636067233,0.0,35.0,0.0,418,435,375,435,35.0,NEUTRAL,program,sonic_drive_three_laps.py,function,ec959a186dbd8278df967871b3a34262848e2c5ecc08c20aa12abb30068f0552,右壁追従 | target_deg=0.000,,250.0,63.51885860643134,42.131766189774055,249.64833059384617,76.39696333206548,0,79.15,40.50909477410249,2
79.2,618.5182858620626,416.99800452026375,92.89944468814969,27.999989434439804,0.0,35.0,0.0,418,435,375,435,35.0,NEUTRAL,program,sonic_drive_three_laps.py,function,ec959a186dbd8278df967871b3a34262848e2c5ecc08c20aa12abb30068f0552,右壁追従 | target_deg=0.000,,250.0,64.10783921277849,42.24014903875561,250.0,75.42065201860434,0,79.2,40.50909477410249,2
79.25,619.9164931927558,416.9271879786957,92.89944468814969,27.9999918155011,0.0,35.0,0.0,418,435,375,435,35.0,NEUTRAL,program,sonic_drive_three_laps.py,function,ec959a186dbd8278df967871b3a34262848e2c5ecc08c20aa12abb30068f0552,右壁追従 | target_deg=0.000,,249.7167314098759,64.1591691754377,42.91228756765792,250.0,76.44473326115485,0,79.25,40.50909477410255,2
79.3,621.3147006261652,416.8563714319254,92.89944468814969,27.99999365996492,0.0,35.0,0.0,418,435,375,435,35.0,NEUTRAL,program,sonic_drive_three_laps.py,function,ec959a186dbd8278df967871b3a34262848e2c5ecc08c20aa12abb30068f0552,右壁追従 | target_deg=0.000,,249.66588926253146,64.55123946099894,42.51419767737022,249.97874444019538,75.29850915181625,0,79.3,40.509094774102486,2
79.35,622.7129081391427,416.78555488112505,92.89944468814969,27.999995088759217,0.0,35.0,0.0,418,435,375,435,35.0,NEUTRAL,program,sonic_drive_three_laps.py,function,ec959a186dbd8278df967871b3a34262848e2c5ecc08c20aa12abb30068f0552,右壁追従 | target_deg=0.000,,250.0,63.488441591794704,43.34783684420606,250.0,74.79209432991978,0,79.35,40.50909477410253,2
79.4,624.1111157137567,416.71473832720295,92.89944468814969,27.99999619555953,0.0,35.0,0.0,418,435,375,435,35.0,NEUTRAL,program,sonic_drive_three_laps.py,function,ec959a186dbd8278df967871b3a34262848e2c5ecc08c20aa12abb30068f0552,右壁追従 | target_deg=0.000,,250.0,63.5135306396909,42.475428928953995,250.0,75.48417472614238,0,79.4,40.50909477410253,2
79.45,625.5093233361166,416.6439217708626,92.89944468814969,27.99999705293063,0.0,35.0,0.0,418,435,375,435,35.0,NEUTRAL,program,sonic_drive_three_laps.py,function,ec959a186dbd8278df967871b3a34262848e2c5ecc08c20aa12abb30068f0552,右壁追従 | target_deg=0.000,,250.0,64.40557426498583,41.91961037494913,249.42085697921246,74.89941353550948,0,79.45,40.50909477410252,2
79.5,626.9075309954627,416.573105212649,92.89944468814969,27.999997717084035,0.0,35.0,0.0,418,435,375,435,35.0,NEUTRAL,program,sonic_drive_three_laps.py,function,ec959a186dbd8278df967871b3a34262848e2c5ecc08c20aa12abb30068f0552,右壁追従 | target_deg=0.000,,249.3528454726799,64.55453254581592,42.77575101676568,250.0,74.43554915697186,0,79.5,40.50909477410251,2
79.55,628.3057386834595,416.5022886529843,92.89944468814969,27.999998231563413,0.0,35.0,0.0,418,435,375,435,35.0,NEUTRAL,program,sonic_drive_three_laps.py,function,ec959a186dbd8278df967871b3a34262848e2c5ecc08c20aa12abb30068f0552,右壁追従 | target_deg=0.000,,249.85336142949382,63.278309509169105,42.91580673945943,249.7105194853795,75.62849778068662,0,79.55,40.509094774102486,2
79.6,629.7039463936503,416.4314720921955,92.89944468814969,27.999998630099398,0.0,35.0,0.0,418,435,375,435,35.0,NEUTRAL,program,sonic_drive_three_laps.py,function,ec959a186dbd8278df967871b3a34262848e2c5ecc08c20aa12abb30068f0552,右壁追従 | target_deg=0.000,,250.0,64.90883407239178,42.88104380981913,250.0,74.83208268432301,0,79.6,40.509094774102465,2
79.65,631.1021541210335,416.36065553053595,92.89944468814969,27.999998938821058,0.0,35.0,0.0,418,435,375,435,35.0,NEUTRAL,program,sonic_drive_three_laps.py,function,ec959a186dbd8278df967871b3a34262848e2c5ecc08c20aa12abb30068f0552,右壁追従 | target_deg=0.000,,250.0,64.66734036183765,42.527533466384476,250.0,75.81958481130351,0,79.65,40.509094774102465,2
79.7,632.5003618617346,416.2898389682019,92.89944468814969,27.999999177969013,0.0,35.0,0.0,418,435,375,435,35.0,NEUTRAL,program,sonic_drive_three_laps.py,function,ec959a186dbd8278df967871b3a34262848e2c5ecc08c20aa12abb30068f0552,右壁追従 | target_deg=0.000,,249.65406863907432,65.27663712206432,42.97775643108245,250.0,75.20846807157709,0,79.7,40.525865495676,2
79.75,633.8985696127522,416.21902240534524,92.89944468814969,27.999999363222432,0.0,35.0,0.0,418,435,375,435,35.0,NEUTRAL,program,sonic_drive_three_laps.py,function,ec959a186dbd8278df967871b3a34262848e2c5ecc08c20aa12abb30068f0552,右壁追従 | target_deg=0.000,,249.59675475798912,64.8952149120587,43.818962117865,249.0741568315893,74.6378269806053,0,79.75,40.587683231144815,2
79.8,635.2967773717614,416.14820584208394,92.89944468814969,27.999999506727026,0.0,35.0,0.0,418,435,375,435,35.0,NEUTRAL,program,sonic_drive_three_laps.py,function,ec959a186dbd8278df967871b3a34262848e2c5ecc08c20aa12abb30068f0552,右壁追従 | target_deg=0.000,,250.0,64.37165692808881,42.37356283939308,250.0,74.79797414884504,0,79.8,40.69481208048185,2
79.85,636.6949851369613,416.077389278509,92.89944468814969,27.999999617891334,0.0,35.0,0.0,418,435,375,435,35.0,NEUTRAL,program,sonic_drive_three_laps.py,function,ec959a186dbd8278df967871b3a34262848e2c5ecc08c20aa12abb30068f0552,右壁追従 | target_deg=0.000,,249.8843741768924,64.80857280187332,43.49193634717872,249.58113902496854,74.18980229975189,0,79.85,40.846916095862525,2
79.9,638.0931929069567,416.00657271469123,92.89944468814969,27.999999704003585,0.0,35.0,0.0,418,435,375,435,35.0,NEUTRAL,program,sonic_drive_three_laps.py,function,ec959a186dbd8278df967871b3a34262848e2c5ecc08c20aa12abb30068f0552,右壁追従 | target_deg=0.000,,249.88987030931423,64.97034593220324,43.31733004448167,250.0,74.54163112325591,0,79.9,41.04352396535377,2
79.95,639.4914006806669,415.93575615068534,92.89944468814969,27.999999770709525,0.0,35.0,0.0,418,435,375,435,35.0,NEUTRAL,program,sonic_drive_three_laps.py,function,ec959a186dbd8278df967871b3a34262848e2c5ecc08c20aa12abb30068f0552,右壁追従 | target_deg=0.000,,249.2366664698433,65.44373896849802,44.22116123560406,250.0,73.62061350544927,0,79.95,41.28403617289655,2
80.0,640.8896084572546,415.86493958653364,92.89944468814969,27.99999982238257,0.0,35.0,0.0,418,435,375,435,35.0,NEUTRAL,program,sonic_drive_three_laps.py,function,ec959a186dbd8278df967871b3a34262848e2c5ecc08c20aa12abb30068f0552,右壁追従 | target_deg=0.000,,250.0,65.15258898239635,42.84357641769339,249.06105513700442,73.26036543582988,0,80.0,41.56773386324083,2
80.05,642.2878162360714,415.79412302226905,92.89944468814969,27.999999862410544,0.0,35.0,0.0,418,435,375,435,35.0,NEUTRAL,program,sonic_drive_three_laps.py,function,ec959a186dbd8278df967871b3a34262848e2c5ecc08c20aa12abb30068f0552,右壁追従 | target_deg=0.000,,249.45153994867866,64.95688493281668,43.82808559205686,250.0,74.45991826328128,0,80.05,41.89378911612499,2
80.1,643.6813931234127,415.7223205015682,93.01086711213605,27.84853210714465,-1.5362580564426855,34.15985887538291,-4.800806426383392,417,429,375,435,34.15985887538291,NEUTRAL,program,sonic_drive_three_laps.py,function,ec959a186dbd8278df967871b3a34262848e2c5ecc08c20aa12abb30068f0552,右壁追従 | target_deg=-3.836,,249.15754472758883,65.41172601632232,43.31486355834535,250.0,214.76471576599567,0,80.1,42.24043858831595,2
80.15,645.0665583873129,415.6473810694099,93.18266293319999,27.675182407354335,-2.104407117889955,33.84915235740393,-6.576272243406109,417,428,375,435,33.84915235740393,NEUTRAL,program,sonic_drive_three_laps.py,function,ec959a186dbd8278df967871b3a34262848e2c5ecc08c20aa12abb30068f0552,右壁追従 | target_deg=-5.249,,250.0,65.69458871126658,43.191186662875204,248.97551836769466,215.61439331899425,0,80.15,42.61898551758076,2
80.2,646.4431351885754,415.568493140226,93.37709761447434,27.512165545745603,-2.395834462409657,33.689778028369716,-7.4869826950301785,417,427,375,435,33.689778028369716,NEUTRAL,program,sonic_drive_three_laps.py,function,ec959a186dbd8278df967871b3a34262848e2c5ecc08c20aa12abb30068f0552,右壁追従 | target_deg=-5.971,,249.6911082282867,66.55304249602044,43.94371863044534,250.0,214.66153992309606,0,80.2,42.674169411862806,2
80.25,647.8119534560066,415.48525567437997,93.58261371369838,27.371078991079347,-2.546016867831162,33.60764702540483,-7.9563027119723815,417,426,375,435,33.60764702540483,NEUTRAL,program,sonic_drive_three_laps.py,function,ec959a186dbd8278df967871b3a34262848e2c5ecc08c20aa12abb30068f0552,右壁追従 | target_deg=-6.343,,250.0,66.1480611544126,44.259979036831695,250.0,214.1967952020862,0,80.25,42.709459619470124,2
80.3,649.1741333126619,415.3974487914194,93.79381744055325,27.253653801362965,-2.6285156468679425,33.562530505619094,-8.21411139646232,416,426,375,435,33.562530505619094,NEUTRAL,program,sonic_drive_three_laps.py,function,ec959a186dbd8278df967871b3a34262848e2c5ecc08c20aa12abb30068f0552,右壁追従 | target_deg=-6.547,,249.5315629416749,66.7388534175514,44.74496586303102,249.7818505820568,214.96580329072845,0,80.3,42.74813783299476,2
80.35,650.5307982901844,415.3049456210399,94.00744627594372,27.15872070919445,-2.6687905700295134,33.54050515701511,-8.33997053134223,416,426,375,435,33.54050515701511,NEUTRAL,program,sonic_drive_three_laps.py,function,ec959a186dbd8278df967871b3a34262848e2c5ecc08c20aa12abb30068f0552,右壁追従 | target_deg=-6.647,,249.8005950429597,67.72167973011149,44.55428282958413,250.0,214.2528520140368,0,80.35,42.79109895705466,2
80.4,651.8829686763868,415.20767443022567,94.22176031545649,27.08353207497326,-2.6855228472182877,33.5313546929275,-8.392258897557149,416,426,375,435,33.5313546929275,NEUTRAL,program,sonic_drive_three_laps.py,function,ec959a186dbd8278df967871b3a34262848e2c5ecc08c20aa12abb30068f0552,右壁追従 | target_deg=-6.688,,249.75583253411676,69.049931770134,45.08704771272349,250.0,214.13668543168524,0,80.4,42.838822212739956,2
80.45,653.2314692340287,415.1055837101321,94.43708726548789,27.023389228770302,-2.704781071545119,33.520822851498764,-8.452440848578496,416,426,375,435,33.520822851498764,NEUTRAL,program,sonic_drive_three_laps.py,function,ec959a186dbd8278df967871b3a34262848e2c5ecc08c20aa12abb30068f0552,右壁追従 | target_deg=-6.736,,250.0,69.56681297365662,44.17502251143271,250.0,214.61012756200105,0,80.45,42.89128586639316,2
80.5,654.5769850810259,414.99863602415127,94.6520592394437,26.976727099984625,-2.7055226108513137,33.52041732219069,-8.454758158910355,416,426,375,435,33.52041732219069,NEUTRAL,program,sonic_drive_three_laps.py,function,ec959a186dbd8278df967871b3a34262848e2c5ecc08c20aa12abb30068f0552,右壁追従 | target_deg=-6.738,,249.8163961912485,69.1041569675904,45.0696397062955,249.85128904317583,214.21818200621396,0,80.5,42.94884402416051,2
80.55,655.9200630663254,414.88680756425174,94.86719953421908,26.939969931475975,-2.7117181049471837,33.51702916135701,-8.47411907795995,416,426,375,435,33.51702916135701,NEUTRAL,program,sonic_drive_three_laps.py,function,ec959a186dbd8278df967871b3a34262848e2c5ecc08c20aa12abb30068f0552,右壁追従 | target_deg=-6.753,,250.0,69.0802019947827,44.84667074130396,250.0,214.77503005332434,0,80.55,43.011400761134155,2
80.6,657.2611664837722,414.77008533056147,95.08114776560484,26.912669473426472,-2.6998200518799575,33.52353590912815,-8.436937662124867,416,426,375,435,33.52353590912815,NEUTRAL,program,sonic_drive_three_laps.py,function,ec959a186dbd8278df967871b3a34262848e2c5ecc08c20aa12abb30068f0552,右壁追従 | target_deg=-6.724,,249.07616089961698,70.2057554030219,45.84078949758036,249.51049325285655,213.72307078033393,0,80.6,43.0792802067412,2
80.65,658.6006342146437,414.6484614447022,95.29532981588522,26.89099454344129,-2.7051643277492743,33.52061325826212,-8.453638524216482,416,426,375,435,33.52061325826212,NEUTRAL,program,sonic_drive_three_laps.py,function,ec959a186dbd8278df967871b3a34262848e2c5ecc08c20aa12abb30068f0552,右壁追従 | target_deg=-6.737,,250.0,70.52662847142369,44.728135754935096,249.6383092257962,214.18560971985463,0,80.65,43.152164357753236,2
80.7,659.9386883872127,414.5219174372898,95.5098181254989,26.87363428409328,-2.7109455908903572,33.517451629981835,-8.471704971532366,416,426,375,435,33.517451629981835,NEUTRAL,program,sonic_drive_three_laps.py,function,ec959a186dbd8278df967871b3a34262848e2c5ecc08c20aa12abb30068f0552,右壁追従 | target_deg=-6.751,,250.0,71.63670618243077,44.54924870210902,249.17713706743703,214.3995077972209,0,80.7,43.23005647355171,2
80.75,661.2755267836494,414.39044283661286,95.72384032448923,26.860620264074306,-2.706544565087321,33.51985844096787,-8.457951765897878,416,426,375,435,33.51985844096787,NEUTRAL,program,sonic_drive_three_laps.py,function,ec959a186dbd8278df967871b3a34262848e2c5ecc08c20aa12abb30068f0552,右壁追従 | target_deg=-6.740,,249.95580499713512,72.11327510630935,45.66004815285421,250.0,214.50227910180172,0,80.75,43.31314272350079,2
80.8,662.6113226391152,414.2540371214233,95.9373351206903,26.8510877110008,-2.7009802092189625,33.52290144808338,-8.440563153809258,416,426,375,435,33.52290144808338,NEUTRAL,program,sonic_drive_three_laps.py,function,ec959a186dbd8278df967871b3a34262848e2c5ecc08c20aa12abb30068f0552,右壁追従 | target_deg=-6.726,,249.72776325168508,73.06701129013166,45.894500870698295,250.0,214.3052181812563,0,80.8,43.401437061444824,2
80.85,663.9462081077801,414.11270231600497,96.15033909505189,26.844236549881085,-2.695572954273163,33.525858540631866,-8.423665482103635,416,426,375,435,33.525858540631866,NEUTRAL,program,sonic_drive_three_laps.py,function,ec959a186dbd8278df967871b3a34262848e2c5ecc08c20aa12abb30068f0552,右壁追従 | target_deg=-6.713,,250.0,74.4359909039041,45.98685826353049,249.54332376615497,214.07093092589764,0,80.85,43.494928758177196,2
80.9,665.2803167053185,413.9664487199145,96.36196281098887,26.840600819564692,-2.6786203283840577,33.53512950791497,-8.37068852620018,416,426,375,435,33.53512950791497,NEUTRAL,program,sonic_drive_three_laps.py,function,ec959a186dbd8278df967871b3a34262848e2c5ecc08c20aa12abb30068f0552,右壁追従 | target_deg=-6.671,,249.63156033622462,73.94773629711474,46.53265884225952,249.69638380729103,212.7261079711568,0,80.9,43.59380587346834,2
80.95,666.6136950833303,413.8152818243932,96.57420155693,26.836982299967733,-2.6867560098359866,33.530680307120946,-8.396112530737458,416,426,375,435,33.530680307120946,NEUTRAL,program,sonic_drive_three_laps.py,function,ec959a186dbd8278df967871b3a34262848e2c5ecc08c20aa12abb30068f0552,右壁追従 | target_deg=-6.691,,249.71953457233496,74.10191865950628,45.396267975882516,250.0,213.90415919902486,0,80.95,43.6976160300722,2
81.0,667.9463626322438,413.65919775895605,96.78606967137773,26.834612991439446,-2.6823568212156226,33.53308611339771,-8.38236506629882,416,426,375,435,33.53308611339771,NEUTRAL,program,sonic_drive_three_laps.py,function,ec959a186dbd8278df967871b3a34262848e2c5ecc08c20aa12abb30068f0552,右壁追従 | target_deg=-6.680,,250.0,75.86600491502409,46.328683569343205,250.0,213.6593127744544,0,81.0,43.80658394769688,2
81.05,669.2783793617507,413.49820602826287,96.99697219753801,26.833968187186333,-2.670281644107231,33.53968972587886,-8.344630137835097,416,426,375,435,33.53968972587886,NEUTRAL,program,sonic_drive_three_laps.py,function,ec959a186dbd8278df967871b3a34262848e2c5ecc08c20aa12abb30068f0552,右壁追従 | target_deg=-6.651,,250.0,75.6119080264311,46.86070911668046,249.8520900834448,212.88408977932684,0,81.05,43.92083157900504,2
81.1,670.609808254335,413.33232317520714,97.20680922865671,26.83479928545001,-2.656786179766541,33.547070057940175,-8.30245681177044,416,426,375,435,33.547070057940175,NEUTRAL,program,sonic_drive_three_laps.py,function,ec959a186dbd8278df967871b3a34262848e2c5ecc08c20aa12abb30068f0552,右壁追従 | target_deg=-6.617,,250.0,76.22976768730258,47.316804278896164,249.1880264373667,212.39448016476572,0,81.1,44.0403628857477,2
81.15,671.9406560687345,413.1615606172034,97.41665771446816,26.83543576366233,-2.656860455367657,33.547029438470815,-8.302688923023927,416,426,375,435,33.547029438470815,NEUTRAL,program,sonic_drive_three_laps.py,function,ec959a186dbd8278df967871b3a34262848e2c5ecc08c20aa12abb30068f0552,右壁追従 | target_deg=-6.617,,250.0,77.71353813419702,46.889954116416085,249.03940501277796,212.94907924742043,0,81.15,44.16492800515243,2
81.2,673.2709129457216,412.9859240251282,97.62609688161939,26.836447423690416,-2.6516003762820293,33.54990604422077,-8.286251175881342,416,426,375,435,33.54990604422077,NEUTRAL,program,sonic_drive_three_laps.py,function,ec959a186dbd8278df967871b3a34262848e2c5ecc08c20aa12abb30068f0552,右壁追従 | target_deg=-6.604,,250.0,78.79974801736077,46.96700805347645,250.0,212.31338892953661,0,81.2,44.29461407047796,2
81.25,674.6005565100817,412.8054190871734,97.83568848224184,26.837048524411184,-2.65345209752852,33.54889338416409,-8.292037804776625,416,426,375,435,33.54889338416409,NEUTRAL,program,sonic_drive_three_laps.py,function,ec959a186dbd8278df967871b3a34262848e2c5ecc08c20aa12abb30068f0552,右壁追従 | target_deg=-6.609,,250.0,77.32120614855069,47.16072825687869,250.0,213.1347790449059,0,81.25,44.42929247300742,2
81.3,675.9295885357374,412.6200530115266,98.04446763042654,26.838537875373802,-2.643069098202724,33.55457158692039,-8.259590931883512,416,426,375,435,33.55457158692039,NEUTRAL,program,sonic_drive_three_laps.py,function,ec959a186dbd8278df967871b3a34262848e2c5ecc08c20aa12abb30068f0552,右壁追従 | target_deg=-6.583,,249.61725658583916,76.93018028755428,48.1875387085296,249.7373098470992,212.63194533430698,0,81.3,44.56916683972088,2
81.35,677.2579709459067,412.42983149243184,98.25399775274207,26.838762630068437,-2.6524910019685257,33.54941898329846,-8.289034381151643,416,426,375,435,33.54941898329846,NEUTRAL,program,sonic_drive_three_laps.py,function,ec959a186dbd8278df967871b3a34262848e2c5ecc08c20aa12abb30068f0552,右壁追従 | target_deg=-6.607,,249.93539670533968,249.9266488302622,47.365334951405075,250.0,213.8242508809701,0,81.35,44.71389135456127,2
81.4,678.5856803725728,412.23475535086067,98.46296941816388,26.839638774310895,-2.645370575518577,33.55331296651328,-8.266783048495553,416,426,375,435,33.55331296651328,NEUTRAL,program,sonic_drive_three_laps.py,function,ec959a186dbd8278df967871b3a34262848e2c5ecc08c20aa12abb30068f0552,右壁追従 | target_deg=-6.589,,249.9530380171146,250.0,48.13928752147062,249.48572932180033,212.96239021303623,0,81.4,44.86375034704116,2
81.45,679.9127317599348,412.0348361008772,98.67131239610666,26.841113007077325,-2.6373018629124143,33.55772554371977,-8.241568321601294,416,426,375,435,33.55772554371977,NEUTRAL,program,sonic_drive_three_laps.py,function,ec959a186dbd8278df967871b3a34262848e2c5ecc08c20aa12abb30068f0552,右壁追従 | target_deg=-6.569,,249.50514920572726,249.24897383962517,48.21614388333937,250.0,212.4666904064807,0,81.45,45.01874674879588,2
81.5,681.2391506978954,411.8300888057047,98.8786356583563,26.843545656967535,-2.6242114674336823,33.5648843537472,-8.200660835730258,416,426,375,435,33.5648843537472,NEUTRAL,program,sonic_drive_three_laps.py,function,ec959a186dbd8278df967871b3a34262848e2c5ecc08c20aa12abb30068f0552,右壁追従 | target_deg=-6.537,,250.0,250.0,49.24898242921778,250.0,212.31989735661924,0,81.5,45.17894852496687,2
81.55,682.5649344167582,411.6205281823325,99.08570547718205,26.845768098240235,-2.620783160226749,33.566759209250996,-8.189947375708591,416,426,375,435,33.566759209250996,NEUTRAL,program,sonic_drive_three_laps.py,function,ec959a186dbd8278df967871b3a34262848e2c5ecc08c20aa12abb30068f0552,右壁追従 | target_deg=-6.528,,250.0,250.0,49.211773884249475,249.74493016660887,212.76393740985313,0,81.55,45.344175451409114,2
81.6,683.8900790813675,411.4061665200095,99.29196881806189,26.848519009310614,-2.610343303374376,33.57246850596714,-8.157322823044925,416,426,375,435,33.57246850596714,NEUTRAL,program,sonic_drive_three_laps.py,function,ec959a186dbd8278df967871b3a34262848e2c5ecc08c20aa12abb30068f0552,右壁追従 | target_deg=-6.502,,250.0,250.0,49.23695221899575,249.74767857358475,211.63190382382436,0,81.6,45.51453301241355,2
81.65,685.2145827217728,411.1870191856055,99.49768839390185,26.85135427694072,-2.603199922443706,33.576375042413595,-8.134999757636582,416,426,375,435,33.576375042413595,NEUTRAL,program,sonic_drive_three_laps.py,function,ec959a186dbd8278df967871b3a34262848e2c5ecc08c20aa12abb30068f0552,右壁追従 | target_deg=-6.485,,249.9777427061057,250.0,49.68206372388929,250.0,211.86784823809717,0,81.65,45.68994882379059,2
81.7,686.5384354031299,410.96310018692446,99.70282307457308,26.85430698457642,-2.595528178535957,33.58057052736315,-8.111025557924865,416,426,375,435,33.58057052736315,NEUTRAL,program,sonic_drive_three_laps.py,function,ec959a186dbd8278df967871b3a34262848e2c5ecc08c20aa12abb30068f0552,右壁追従 | target_deg=-6.466,,250.0,250.0,49.94122610125359,249.8958125475661,211.60949282932202,0,81.7,45.870416895704295,2
81.75,687.8615969086832,410.7344200687497,99.90814621431343,26.856382563804605,-2.5976753844191176,33.57939627414579,-8.117735576309743,416,426,375,435,33.57939627414579,NEUTRAL,program,sonic_drive_three_laps.py,function,ec959a186dbd8278df967871b3a34262848e2c5ecc08c20aa12abb30068f0552,右壁追従 | target_deg=-6.471,,249.58397139666172,249.70220441396887,49.669334918049756,249.4680384062357,212.17861136510467,0,81.75,46.05576297966161,2
81.8,689.1840511570407,410.500988150722,100.11265696367877,26.85902531610418,-2.587178665299658,33.58513666741425,-8.08493332906143,416,426,375,435,33.58513666741425,NEUTRAL,program,sonic_drive_three_laps.py,function,ec959a186dbd8278df967871b3a34262848e2c5ecc08c20aa12abb30068f0552,右壁追従 | target_deg=-6.445,,250.0,249.76975627755425,50.35294625086818,250.0,211.29601479060804,0,81.8,46.24618882650975,2
81.85,690.5057846583628,410.26281798859014,100.31696690237811,26.861345819335952,-2.584406491347806,33.58665270004417,-8.076270285461893,416,426,375,435,33.58665270004417,NEUTRAL,program,sonic_drive_three_laps.py,function,ec959a186dbd8278df967871b3a34262848e2c5ecc08c20aa12abb30068f0552,右壁追従 | target_deg=-6.438,,250.0,248.97562851544885,51.54003654316844,250.0,212.86588949836516,0,81.85,46.44155165863242,2
81.9,691.8268100491026,410.01992398402604,100.51999455912329,26.86476856529542,-2.5679230159548285,33.595667100649706,-8.02475942485884,416,426,375,435,33.595667100649706,NEUTRAL,program,sonic_drive_three_laps.py,function,ec959a186dbd8278df967871b3a34262848e2c5ecc08c20aa12abb30068f0552,右壁追従 | target_deg=-6.397,,250.0,250.0,51.35747605667642,250.0,210.66611458694302,0,81.9,46.642062503767875,2
81.95,693.147142107697,409.77232646656677,100.72227196516178,26.86838751590895,-2.558109596052268,33.60103381465891,-7.9940924876633375,417,426,375,435,33.60103381465891,NEUTRAL,program,sonic_drive_three_laps.py,function,ec959a186dbd8278df967871b3a34262848e2c5ecc08c20aa12abb30068f0552,右壁追従 | target_deg=-6.373,,250.0,250.0,51.78010373840803,82.68705903871111,210.95554220503442,0,81.95,46.84758816773109,2
82.0,694.466758303985,409.52004102585937,100.92424256300478,26.871604546951893,-2.5539141676570143,33.603328189562575,-7.98098177392817,417,426,375,435,33.603328189562575,NEUTRAL,program,sonic_drive_three_laps.py,function,ec959a186dbd8278df967871b3a34262848e2c5ecc08c20aa12abb30068f0552,右壁追従 | target_deg=-6.363,,249.67444777966458,248.14498948077397,51.779649867536705,80.5051027485787,211.09728074422574,0,82.0,47.0580201412663,2
82.05,695.7856053403026,409.2630777639877,101.12643700545573,26.873842478369642,-2.556491446157645,33.60191874038254,-7.989035769242641,417,426,375,435,33.60191874038254,NEUTRAL,program,sonic_drive_three_laps.py,function,ec959a186dbd8278df967871b3a34262848e2c5ecc08c20aa12abb30068f0552,右壁追従 | target_deg=-6.369,,250.0,250.0,50.57481008547333,80.03936322712303,210.54104882912853,0,82.05,47.27323878361261,2
82.1,697.1036649213055,409.00144641318377,101.32781333241218,26.87661850415341,-2.545918566326998,33.60770078403992,-7.95599551977187,417,426,375,435,33.60770078403992,NEUTRAL,program,sonic_drive_three_laps.py,function,ec959a186dbd8278df967871b3a34262848e2c5ecc08c20aa12abb30068f0552,右壁追従 | target_deg=-6.343,,249.39139166251024,249.49876735909658,52.928908598583526,77.75755773560256,211.2877385838457,0,82.1,47.493449315582154,2
82.15,698.4209293858236,408.73516169788894,101.52882462705423,26.87924836115744,-2.5410558775569445,33.61036006696105,-7.940799617365451,417,426,375,435,33.61036006696105,NEUTRAL,program,sonic_drive_three_laps.py,function,ec959a186dbd8278df967871b3a34262848e2c5ecc08c20aa12abb30068f0552,右壁追従 | target_deg=-6.331,,250.0,248.9238541603704,53.35823599445577,77.07195056732793,211.82419152843235,0,82.15,47.718542966011626,2
82.2,699.7374229871107,408.4642400797439,101.7283240561029,26.883199131196818,-2.5216474499575057,33.62097405080449,-7.880148281117205,417,426,375,435,33.62097405080449,NEUTRAL,program,sonic_drive_three_laps.py,function,ec959a186dbd8278df967871b3a34262848e2c5ecc08c20aa12abb30068f0552,右壁追従 | target_deg=-6.283,,249.78303139918083,250.0,54.0293841404416,75.52903091017582,210.23524941975344,0,82.2,47.94873662147535,2
82.25,701.053151458859,408.18870273592097,101.92736123733158,26.886869724140983,-2.51545880729133,33.62435846476255,-7.860808772785406,417,426,375,435,33.62435846476255,NEUTRAL,program,sonic_drive_three_laps.py,function,ec959a186dbd8278df967871b3a34262848e2c5ecc08c20aa12abb30068f0552,右壁追従 | target_deg=-6.268,,249.7079853287723,250.0,54.18046819796241,76.05206635961622,210.95115909560832,0,82.25,48.18379304675102,2
82.3,702.3680549180656,407.90856174732323,102.12680020354486,26.889239736941505,-2.5202599806160277,33.62173282310061,-7.875812439425086,417,426,375,435,33.62173282310061,NEUTRAL,program,sonic_drive_three_laps.py,function,ec959a186dbd8278df967871b3a34262848e2c5ecc08c20aa12abb30068f0552,右壁追従 | target_deg=-6.279,,250.0,249.53419614995627,53.36667464505855,75.77503744840268,211.22853210610864,0,82.3,48.42352485185614,2
82.35,703.6820915782711,407.6238250387768,102.3258411737691,26.89159261058974,-2.5150166419038915,33.62460027395881,-7.859427005949661,417,426,375,435,33.62460027395881,NEUTRAL,program,sonic_drive_three_laps.py,function,ec959a186dbd8278df967871b3a34262848e2c5ecc08c20aa12abb30068f0552,右壁追従 | target_deg=-6.266,,249.64676353906694,250.0,53.666895366874755,76.14436587773103,210.4779978868751,0,82.35,48.668086650883595,2
82.4,704.9952415225373,407.33450410040894,102.52461435037804,26.893769091871153,-2.5114276999556853,33.62656297658673,-7.8482115623615165,417,426,375,435,33.62656297658673,NEUTRAL,program,sonic_drive_three_laps.py,function,ec959a186dbd8278df967871b3a34262848e2c5ecc08c20aa12abb30068f0552,右壁追従 | target_deg=-6.258,,250.0,250.0,54.01459918110643,75.9218389683806,210.72048327469582,0,82.4,48.91744038705377,2
82.45,706.3074809095866,407.04060932446515,102.72316393358903,26.89575217511726,-2.5084144201075786,33.62821086400367,-7.838795062836183,417,426,375,435,33.62821086400367,NEUTRAL,program,sonic_drive_three_laps.py,function,ec959a186dbd8278df967871b3a34262848e2c5ecc08c20aa12abb30068f0552,右壁追従 | target_deg=-6.250,,249.28949039790842,249.6800575274755,54.20472158185693,75.66626657182721,210.76371426688547,0,82.45,49.17156669163239,2
82.5,707.6188245963672,406.74215346151124,102.92053121002584,26.898783072950074,-2.4932542263911457,33.636501594942345,-7.79141945747233,417,426,375,435,33.636501594942345,NEUTRAL,program,sonic_drive_three_laps.py,function,ec959a186dbd8278df967871b3a34262848e2c5ecc08c20aa12abb30068f0552,右壁追従 | target_deg=-6.213,,249.80607672671653,249.6666959527042,54.96535765389261,75.11473714932778,209.70245222354148,0,82.5,49.43064368229318,2
82.55,708.9293217567736,406.4391570556213,103.11635002840455,26.903091574364687,-2.473368399038808,33.647376656775656,-7.7292762469962755,417,426,375,435,33.647376656775656,NEUTRAL,program,sonic_drive_three_laps.py,function,ec959a186dbd8278df967871b3a34262848e2c5ecc08c20aa12abb30068f0552,右壁追従 | target_deg=-6.163,,249.5287065622065,250.0,56.303397570758285,74.62135557655483,209.4574569232174,0,82.55,49.694721171707556,2
82.6,710.2389766487702,406.1316421173826,103.31169338647464,26.907057529347973,-2.4669946640163527,33.650862293116056,-7.709358325051102,417,426,375,435,33.650862293116056,NEUTRAL,program,sonic_drive_three_laps.py,function,ec959a186dbd8278df967871b3a34262848e2c5ecc08c20aa12abb30068f0552,右壁追従 | target_deg=-6.148,,249.62034541365213,250.0,56.12328440543554,73.8950686001467,209.851642621209,0,82.6,49.96356200899555,2
82.65,711.5477620861293,405.81962519816307,103.50655414460545,26.910764194989422,-2.46055945941523,33.6543815456323,-7.6892483106725935,417,426,375,435,33.6543815456323,NEUTRAL,program,sonic_drive_three_laps.py,function,ec959a186dbd8278df967871b3a34262848e2c5ecc08c20aa12abb30068f0552,右壁追従 | target_deg=-6.132,,246.3390917478435,249.9775434250874,56.23477086138399,73.2817514860036,209.55650395048056,0,82.65,50.237150399677375,2
82.7,712.8556574151397,405.50312251969154,103.7008535725094,26.914366227533662,-2.45314831925511,33.65843451290736,-7.666088497672219,417,426,375,435,33.65843451290736,NEUTRAL,program,sonic_drive_three_laps.py,function,ec959a186dbd8278df967871b3a34262848e2c5ecc08c20aa12abb30068f0552,右壁追従 | target_deg=-6.113,,246.4270326251916,249.51810108597883,56.55213506467052,72.18655667418636,209.3404199427828,0,82.7,50.515484886987224,2
82.75,714.1626512947288,405.18215074243477,103.89445716811184,26.91805431818003,-2.4440422599634886,33.66341438908247,-7.637632062385902,417,426,375,435,33.66341438908247,NEUTRAL,program,sonic_drive_three_laps.py,function,ec959a186dbd8278df967871b3a34262848e2c5ecc08c20aa12abb30068f0552,右壁追従 | target_deg=-6.091,,242.80587690938597,250.0,57.066492068595565,72.20828819210158,209.16364082498143,0,82.75,50.79857421868155,2
82.8,715.4687456406533,404.8567278564511,104.0871213000961,26.922113975493993,-2.4318437332886447,33.670085458357775,-7.599511666527015,417,427,375,435,33.670085458357775,NEUTRAL,program,sonic_drive_three_laps.py,function,ec959a186dbd8278df967871b3a34262848e2c5ecc08c20aa12abb30068f0552,右壁追従 | target_deg=-6.061,,242.12386535874157,250.0,57.72274461588736,72.2714103315629,208.83487663118223,0,82.8,51.08644662093883,2
82.85,716.7739479556632,404.5268738170863,104.278804945248,26.92651524790107,-2.419099694433486,33.67705485460669,-7.559686545104644,417,427,375,435,33.67705485460669,NEUTRAL,program,sonic_drive_three_laps.py,function,ec959a186dbd8278df967871b3a34262848e2c5ecc08c20aa12abb30068f0552,右壁追従 | target_deg=-6.029,,238.39536757557536,249.2843143049704,58.21535320338592,71.32088927894623,208.49171452646806,0,82.85,51.379088346426556,2
82.9,718.0782317620959,404.1926079793675,104.47030675698818,26.930185631455874,-2.4164526642648956,33.67850244923014,-7.551414575827798,417,427,375,435,33.67850244923014,NEUTRAL,program,sonic_drive_three_laps.py,function,ec959a186dbd8278df967871b3a34262848e2c5ecc08c20aa12abb30068f0552,右壁追従 | target_deg=-6.022,,236.78387995131766,250.0,58.13232900085582,69.97923668116512,208.97007613984135,0,82.9,51.67632407466567,2
82.95,719.3816010447777,403.85394723589576,104.66039690976487,26.934820366545907,-2.398282305942839,33.688439363937505,-7.494632206071372,417,427,375,435,33.688439363937505,NEUTRAL,program,sonic_drive_three_laps.py,function,ec959a186dbd8278df967871b3a34262848e2c5ecc08c20aa12abb30068f0552,右壁追従 | target_deg=-5.977,,235.43933657099117,249.37377216223817,59.5718278369148,69.72259647792137,208.1564930551209,0,82.95,51.97837330003131,2
83.0,720.6840624722385,403.5109141770109,104.84977090344069,26.939340312295382,-2.3888528736182,33.69359608474005,-7.465165230056876,417,427,375,435,33.69359608474005,NEUTRAL,program,sonic_drive_three_laps.py,function,ec959a186dbd8278df967871b3a34262848e2c5ecc08c20aa12abb30068f0552,右壁追従 | target_deg=-5.954,,233.0838123560853,249.82955443927935,59.9747354663095,69.29202343472157,208.5992698235488,0,83.0,52.2850774405228,2
83.05,721.9855871261985,403.1635280892206,105.03877755317086,26.943334613313393,-2.383852906974039,33.696330441498574,-7.4495403342938715,417,427,375,435,33.696330441498574,NEUTRAL,program,sonic_drive_three_laps.py,function,ec959a186dbd8278df967871b3a34262848e2c5ecc08c20aa12abb30068f0552,右壁追従 | target_deg=-5.942,,231.23654458681108,250.0,60.305651020653535,69.29361288108635,208.93653905377474,0,83.05,52.59634944999294,2
83.1,723.2861296703477,402.8118052982267,105.22769566839372,26.94656951546277,-2.3824252592177557,33.69711118636529,-7.445078935055486,417,427,375,435,33.69711118636529,NEUTRAL,program,sonic_drive_three_laps.py,function,ec959a186dbd8278df967871b3a34262848e2c5ecc08c20aa12abb30068f0552,右壁追従 | target_deg=-5.938,,229.81087145756834,249.00751709269895,59.45816282428929,67.99714510153763,208.25697342840533,0,83.1,52.91211960060582,2
83.15,724.5856635748893,402.455759894643,105.41603950190608,26.949816769812468,-2.3749059152936947,33.70122332757376,-7.421580985292796,417,427,375,435,33.70122332757376,NEUTRAL,program,sonic_drive_three_laps.py,function,ec959a186dbd8278df967871b3a34262848e2c5ecc08c20aa12abb30068f0552,右壁追従 | target_deg=-5.920,,227.9002828762517,250.0,59.738646212394585,67.56399734636595,207.62899188036883,0,83.15,53.23246587236736,2
83.2,725.8841553617453,402.09540684549256,105.60439765849736,26.95233881501948,-2.374839034378957,33.70125990307401,-7.421371982434241,417,427,375,435,33.70125990307401,NEUTRAL,program,sonic_drive_three_laps.py,function,ec959a186dbd8278df967871b3a34262848e2c5ecc08c20aa12abb30068f0552,右壁追従 | target_deg=-5.919,,225.67359632030542,250.0,59.75127027376641,67.99771719413869,208.17389555258825,0,83.2,53.5572614760826,2
83.25,727.1815814636373,401.7307579512946,105.7922351560461,26.954961332171106,-2.3680553255525076,33.704969743838475,-7.400172892351586,417,427,375,435,33.704969743838475,NEUTRAL,program,sonic_drive_three_laps.py,function,ec959a186dbd8278df967871b3a34262848e2c5ecc08c20aa12abb30068f0552,右壁追従 | target_deg=-5.903,,224.05132507528558,249.76379120573196,60.23509890136643,65.65523302032831,207.75023682243275,0,83.25,53.886595403466,2
83.3,728.4813107987733,401.3617978555805,105.89877825667776,27.06542782555934,-1.2682562952990626,34.30642233850833,-3.9633009228095704,417,430,375,435,34.30642233850833,NEUTRAL,program,sonic_drive_three_laps.py,function,ec959a186dbd8278df967871b3a34262848e2c5ecc08c20aa12abb30068f0552,右壁追従 | target_deg=-3.168,,222.70267057144494,250.0,207.44724878517198,66.36841190363947,207.54510204295977,0,83.3,54.23558867966409,2
83.35,729.7868519457113,400.98927920824576,105.9519943399522,27.210347257723612,-0.6663234238032187,34.63560437760761,-2.0822606993850585,418,432,375,435,34.63560437760761,NEUTRAL,program,sonic_drive_three_laps.py,function,ec959a186dbd8278df967871b3a34262848e2c5ecc08c20aa12abb30068f0552,右壁追従 | target_deg=-1.665,,221.29255767607694,249.23074194135634,209.1773349455808,65.16010420629773,207.4928862421349,0,83.35,54.59815172746539,2
83.4,731.1001462484962,400.6138886678257,105.9519943399522,27.388303896930555,0.0,35.0,0.0,418,435,375,435,35.0,NEUTRAL,program,sonic_drive_three_laps.py,function,ec959a186dbd8278df967871b3a34262848e2c5ecc08c20aa12abb30068f0552,右壁追従 | target_deg=0.000,,218.57390255377757,250.0,209.72907879284523,65.55953262063939,206.46153734495286,0,83.4,54.97354226788548,2
83.45,732.4208312354671,400.2363855826966,105.9519943399522,27.526156115874823,0.0,35.0,0.0,418,435,375,435,35.0,NEUTRAL,program,sonic_drive_three_laps.py,function,ec959a186dbd8278df967871b3a34262848e2c5ecc08c20aa12abb30068f0552,右壁追従 | target_deg=0.000,,218.5927599187969,249.95851326962247,208.8687359309745,64.35040010050484,205.99771774272722,0,83.45,54.96201137277832,2
83.5,733.7472413373821,399.85724603726436,105.9519943399522,27.632941871958693,0.0,35.0,0.0,418,435,375,435,35.0,NEUTRAL,program,sonic_drive_three_laps.py,function,ec959a186dbd8278df967871b3a34262848e2c5ecc08c20aa12abb30068f0552,右壁追従 | target_deg=0.000,,216.4690619840405,249.659456880079,209.76933489430064,64.36174790314797,205.0518261961866,0,83.5,54.39651993683817,2
83.55,735.0780863387326,399.47683882525325,105.9519943399522,27.715662322813483,0.0,35.0,0.0,418,435,375,435,35.0,NEUTRAL,program,sonic_drive_three_laps.py,function,ec959a186dbd8278df967871b3a34262848e2c5ecc08c20aa12abb30068f0552,右壁追従 | target_deg=0.000,,214.65302154975532,249.96351026093348,209.41515234476947,64.48750819171774,204.76258860595763,0,83.55,53.8573803528847,2
83.6,736.4123667877894,399.09544962880176,105.9519943399522,27.779740840778427,0.0,35.0,0.0,418,435,375,435,35.0,NEUTRAL,program,sonic_drive_three_laps.py,function,ec959a186dbd8278df967871b3a34262848e2c5ecc08c20aa12abb30068f0552,右壁追従 | target_deg=0.000,,213.6341433306909,249.94565015711078,209.88185923409154,63.629255263813036,205.17012024748664,0,83.6,53.34607063749773,2
83.65,737.7493084698943,398.71329974854154,105.9519943399522,27.829378583587527,0.0,35.0,0.0,418,435,375,435,35.0,NEUTRAL,program,sonic_drive_three_laps.py,function,ec959a186dbd8278df967871b3a34262848e2c5ecc08c20aa12abb30068f0552,右壁追従 | target_deg=0.000,,211.9801775755761,249.72702036397834,210.57066870307912,62.835292843034615,204.22873342970814,0,83.65,52.863900867651104,2
83.7,739.0883116478919,398.33056061265484,105.9519943399522,27.8678299334226,0.0,35.0,0.0,418,435,375,435,35.0,NEUTRAL,program,sonic_drive_three_laps.py,function,ec959a186dbd8278df967871b3a34262848e2c5ecc08c20aa12abb30068f0552,右壁追従 | target_deg=0.000,,210.03931248802704,250.0,210.5302038489971,62.701500838867005,203.75977080381236,0,83.7,52.412044234650054,2
83.75,740.4289117417699,397.9473650161606,105.9519943399522,27.897615862847815,0.0,35.0,0.0,418,435,375,435,35.0,NEUTRAL,program,sonic_drive_three_laps.py,function,ec959a186dbd8278df967871b3a34262848e2c5ecc08c20aa12abb30068f0552,右壁追従 | target_deg=0.000,,209.4390035995135,249.8700914418662,210.25210531885568,62.00546146946664,203.84535794816884,0,83.75,51.99155932115576,2
83.8,741.7707488695598,397.5638158273087,105.9519943399522,27.920689216462957,0.0,35.0,0.0,418,435,375,435,35.0,NEUTRAL,program,sonic_drive_three_laps.py,function,ec959a186dbd8278df967871b3a34262848e2c5ecc08c20aa12abb30068f0552,右壁追従 | target_deg=0.000,,208.0175581948141,250.0,212.28004676404584,60.54646205782759,202.77888737219325,0,83.8,51.603405641145116,2
83.85,743.1135442525206,397.1799927318956,105.9519943399522,27.938562744579173,0.0,35.0,0.0,418,435,375,435,35.0,NEUTRAL,program,sonic_drive_three_laps.py,function,ec959a186dbd8278df967871b3a34262848e2c5ecc08c20aa12abb30068f0552,右壁追従 | target_deg=0.000,,206.33921365646282,249.59751263283516,211.70695433136927,60.44495129511556,202.71466328897097,0,83.85,51.248454043591735,2
83.9,744.4570819376634,396.7959574576763,105.9519943399522,27.952408283144987,0.0,35.0,0.0,418,435,375,435,35.0,NEUTRAL,program,sonic_drive_three_laps.py,function,ec959a186dbd8278df967871b3a34262848e2c5ecc08c20aa12abb30068f0552,右壁追従 | target_deg=0.000,,205.51932039213995,249.65791558909967,212.68283149824424,61.10698374290495,202.90052690042705,0,83.9,50.92749324139367,2
83.95,745.801194639301,396.41175782140033,105.9519943399522,27.96313358242172,0.0,35.0,0.0,418,435,375,435,35.0,NEUTRAL,program,sonic_drive_three_laps.py,function,ec959a186dbd8278df967871b3a34262848e2c5ecc08c20aa12abb30068f0552,右壁追従 | target_deg=0.000,,204.01134993248837,249.01905000672875,212.69300839320124,58.98119508755159,201.31273962033097,0,83.95,50.64123346515753,2
84.0,747.1457527713542,396.0274308638041,105.9519943399522,27.97144182150023,0.0,35.0,0.0,418,435,375,435,35.0,NEUTRAL,program,sonic_drive_three_laps.py,function,ec959a186dbd8278df967871b3a34262848e2c5ecc08c20aa12abb30068f0552,右壁追従 | target_deg=0.000,,202.79857056325957,248.58715144361872,213.484476286208,59.49380176696413,202.02132039981922,0,84.0,50.39030803891907,2
84.05,748.4906559513441,395.64300527810065,105.9519943399522,27.977877710588693,0.0,35.0,0.0,418,435,375,435,35.0,NEUTRAL,program,sonic_drive_three_laps.py,function,ec959a186dbd8278df967871b3a34262848e2c5ecc08c20aa12abb30068f0552,右壁追従 | target_deg=0.000,,201.78298648413426,249.9655265543486,213.04471855889227,59.664744347039246,200.6401766727862,0,84.05,50.175273517483014,2
84.1,749.8358264190504,395.25850329118214,105.9519943399522,27.9828632036598,0.0,35.0,0.0,418,435,375,435,35.0,NEUTRAL,program,sonic_drive_three_laps.py,function,ec959a186dbd8278df967871b3a34262848e2c5ecc08c20aa12abb30068f0552,右壁追従 | target_deg=0.000,,199.6982555028068,249.9722187993426,214.50184068802096,58.04635598042224,200.9870052310723,0,84.1,49.996608901559476,2
84.15,751.1812039383449,394.87394212087474,105.9519943399522,27.98672516287327,0.0,35.0,0.0,418,435,375,435,35.0,NEUTRAL,program,sonic_drive_three_laps.py,function,ec959a186dbd8278df967871b3a34262848e2c5ecc08c20aa12abb30068f0552,右壁追従 | target_deg=0.000,,199.23860811262037,249.9174212880065,215.3243261137604,58.94736694451068,199.67487281797284,0,84.15,49.85471434851871,2
84.2,752.5267418479513,394.4893351047841,105.9519943399522,27.989716788526696,0.0,35.0,0.0,418,435,375,435,35.0,NEUTRAL,program,sonic_drive_three_laps.py,function,ec959a186dbd8278df967871b3a34262848e2c5ecc08c20aa12abb30068f0552,右壁追従 | target_deg=0.000,,197.1593131456748,250.0,214.4021833563317,57.92623759957261,199.1665589148005,0,84.2,49.74990971662678,2
84.25,753.8724040022081,394.1046925747449,105.9519943399522,27.992034219539182,0.0,35.0,0.0,418,435,375,435,35.0,NEUTRAL,program,sonic_drive_three_laps.py,function,ec959a186dbd8278df967871b3a34262848e2c5ecc08c20aa12abb30068f0552,右壁追従 | target_deg=0.000,,196.35343490173423,250.0,214.998046398918,58.025142849178124,200.44569797218315,0,84.25,49.682433214007894,2
84.3,755.2181624012626,393.72002253420277,105.9519943399522,27.993829392839512,0.0,35.0,0.0,418,435,375,435,35.0,NEUTRAL,program,sonic_drive_three_laps.py,function,ec959a186dbd8278df967871b3a34262848e2c5ecc08c20aa12abb30068f0552,右壁追従 | target_deg=0.000,,194.02756798656273,249.97209531492038,215.86279339203054,57.07791092663304,200.18396972957004,0,84.3,49.30745346991392,2
84.35,756.5639953553265,393.335331182942,105.9519943399522,27.995220004754543,0.0,35.0,0.0,418,435,375,435,35.0,NEUTRAL,program,sonic_drive_three_laps.py,function,ec959a186dbd8278df967871b3a34262848e2c5ecc08c20aa12abb30068f0552,右壁追従 | target_deg=0.000,,193.2194143661114,250.0,215.75048226319902,55.65575702764556,198.33608781703018,0,84.35,48.92276211865317,2
84.4,757.909886062636,392.9506233235597,105.9519943399522,27.9962972274928,0.0,35.0,0.0,418,435,375,435,35.0,NEUTRAL,program,sonic_drive_three_laps.py,function,ec959a186dbd8278df967871b3a34262848e2c5ecc08c20aa12abb30068f0552,右壁追従 | target_deg=0.000,,192.3813115313541,249.9721496187667,216.97929121141127,55.28125460729849,197.85596421469788,0,84.4,48.53805425927084,2
84.45,759.2558215078834,392.56590267633646,105.9519943399522,27.997131686636486,0.0,35.0,0.0,418,435,375,435,35.0,NEUTRAL,program,sonic_drive_three_laps.py,function,ec959a186dbd8278df967871b3a34262848e2c5ecc08c20aa12abb30068f0552,右壁追従 | target_deg=0.000,,190.35551132599937,250.0,216.02468601205936,55.053349826353355,197.54101401268503,0,84.45,48.15333361204762,2
84.5,760.6017916088988,392.18117212314814,105.9519943399522,27.99777809154213,0.0,35.0,0.0,418,435,375,435,35.0,NEUTRAL,program,sonic_drive_three_laps.py,function,ec959a186dbd8278df967871b3a34262848e2c5ecc08c20aa12abb30068f0552,右壁追従 | target_deg=0.000,,188.54235204024076,248.87064062896548,218.00133186143364,54.83315845648872,197.86913359352116,0,84.5,47.7686030588593,2
84.55,761.9441042534816,391.7986914849879,105.84811839144942,27.860457460953327,1.397849548228446,34.23555102831257,4.368279838213894,417,439,375,435,34.23555102831257,NEUTRAL,program,sonic_drive_three_laps.py,function,ec959a186dbd8278df967871b3a34262848e2c5ecc08c20aa12abb30068f0552,右壁追従 | target_deg=3.491,,187.50815165219535,249.95602488360072,217.55685007405117,54.74538097553226,51.42680505100453,0,84.55,47.405566188034754,2
84.6,763.2798871737357,391.4215531976859,105.68434389049929,27.69421528042422,2.0050613383143703,33.90348208060933,6.265816682232407,417,441,375,435,33.90348208060933,NEUTRAL,program,sonic_drive_three_laps.py,function,ec959a186dbd8278df967871b3a34262848e2c5ecc08c20aa12abb30068f0552,右壁追従 | target_deg=5.002,,186.49815601263631,249.91045637975054,217.58068110429292,54.568281996204206,48.55468598007172,0,84.6,47.05917335921032,2
84.65,764.6089738665808,391.05072348039863,105.49502301257394,27.533283886837612,2.3311789477244065,33.72513651296322,7.28493421163877,417,442,375,435,33.72513651296322,NEUTRAL,program,sonic_drive_three_laps.py,function,ec959a186dbd8278df967871b3a34262848e2c5ecc08c20aa12abb30068f0552,右壁追従 | target_deg=5.811,,184.6325865724383,249.7372465578696,218.69247289568236,54.50484047232724,49.51846993132697,0,84.65,46.72402147572592,2
84.7,765.9321418866855,390.6864065491783,105.29336399308613,27.392333260548888,2.496367723896449,33.63479890099413,7.801149137176402,417,443,375,435,33.63479890099413,NEUTRAL,program,sonic_drive_three_laps.py,function,ec959a186dbd8278df967871b3a34262848e2c5ecc08c20aa12abb30068f0552,右壁追従 | target_deg=6.220,,183.22189624102046,250.0,218.36242121053354,54.40154483197185,50.448454786199115,0,84.7,46.39786814919603,2
84.75,767.2504382854929,390.3285075524419,105.08443813783748,27.273098347884083,2.59828952712995,33.57906041485081,8.119654772281095,416,443,375,435,33.57906041485081,NEUTRAL,program,sonic_drive_three_laps.py,function,ec959a186dbd8278df967871b3a34262848e2c5ecc08c20aa12abb30068f0552,右壁追従 | target_deg=6.473,,183.19968807454654,250.0,219.2372386050754,53.7180027657749,49.50738259343485,0,84.75,46.079682258687,2
84.8,768.5649367511779,389.9768148478668,104.87276716207185,27.17636693686877,2.642585294085826,33.55483616729681,8.258079044018206,416,443,375,435,33.55483616729681,NEUTRAL,program,sonic_drive_three_laps.py,function,ec959a186dbd8278df967871b3a34262848e2c5ecc08c20aa12abb30068f0552,右壁追従 | target_deg=6.582,,182.57254718837345,250.0,218.25450096828757,54.149964553940656,49.90432426315296,0,84.8,45.768404785481096,2
84.85,769.8765737724848,389.6311075692692,104.65844648404993,27.09734275268412,2.684090577613535,33.5321379653676,8.387783055042297,416,443,375,435,33.5321379653676,NEUTRAL,program,sonic_drive_three_laps.py,function,ec959a186dbd8278df967871b3a34262848e2c5ecc08c20aa12abb30068f0552,右壁追従 | target_deg=6.685,,180.86401681373337,249.56444356161853,219.35528696783035,53.69165966240252,48.61190078945734,0,84.85,45.463803020727426,2
84.9,771.1861212455113,389.2912029617077,104.44262735585761,27.033593612136904,2.7097905541701555,33.518083290688196,8.468095481781736,416,443,375,435,33.518083290688196,NEUTRAL,program,sonic_drive_three_laps.py,function,ec959a186dbd8278df967871b3a34262848e2c5ecc08c20aa12abb30068f0552,右壁追従 | target_deg=6.748,,179.7782919685714,250.0,220.0053181346497,53.55379902585392,48.79341596977921,0,84.9,45.16547820172485,2
84.95,772.4942351005236,388.95693218896884,104.22618852256085,26.98289147715737,2.723173963056331,33.51076423895357,8.509918634551035,416,443,375,435,33.51076423895357,NEUTRAL,program,sonic_drive_three_laps.py,function,ec959a186dbd8278df967871b3a34262848e2c5ecc08c20aa12abb30068f0552,右壁追従 | target_deg=6.781,,179.32114166778274,250.0,219.51307095123275,52.948017147575705,48.35130413412849,0,84.95,44.87309435827177,2
85.0,773.8014820664824,388.6281326507272,104.01023744654111,26.94378620084269,2.7214437219238765,33.51171046457288,8.504511631012114,416,443,375,435,33.51171046457288,NEUTRAL,program,sonic_drive_three_laps.py,function,ec959a186dbd8278df967871b3a34262848e2c5ecc08c20aa12abb30068f0552,右壁追従 | target_deg=6.777,,177.91371535057215,249.32917945416352,218.25771075321694,51.51925026458856,48.29202817533616,0,85.0,44.58627414224037,2
85.05,775.10830567324,388.30467310740676,103.79417449264355,26.913015717258602,2.726291793600262,33.50905917537486,8.51966185500082,416,443,375,435,33.50905917537486,NEUTRAL,program,sonic_drive_three_laps.py,function,ec959a186dbd8278df967871b3a34262848e2c5ecc08c20aa12abb30068f0552,右壁追従 | target_deg=6.789,,177.56548856710884,250.0,219.46437015548022,52.31541157688341,48.72214844208286,0,85.05,44.30500179383637,2
85.1,776.415016411971,387.9864747489993,103.57740000999593,26.888022726025977,2.738026262602336,33.50264188763935,8.5563320706323,416,443,375,435,33.50264188763935,NEUTRAL,program,sonic_drive_three_laps.py,function,ec959a186dbd8278df967871b3a34262848e2c5ecc08c20aa12abb30068f0552,右壁追従 | target_deg=6.818,,177.40574537989363,249.86629570682317,219.05517419097566,51.73687926403782,47.08383628841047,0,85.1,44.02931604916955,2
85.15,777.7218564073754,387.67348083401276,103.36036081314381,26.868112880729036,2.7435974251431405,33.49959515812484,8.573741953572315,416,444,375,435,33.49959515812484,NEUTRAL,program,sonic_drive_three_laps.py,function,ec959a186dbd8278df967871b3a34262848e2c5ecc08c20aa12abb30068f0552,右壁追従 | target_deg=6.832,,176.06378987862027,249.80644779405208,218.9114274547979,51.772343453601295,47.035552644780424,0,85.15,43.75907319169835,2
85.2,779.0290197369497,387.36564417122804,103.14300770979105,26.85212263124512,2.7493512450566704,33.496448537859635,8.591722640802095,416,444,375,435,33.496448537859635,NEUTRAL,program,sonic_drive_three_laps.py,function,ec959a186dbd8278df967871b3a34262848e2c5ecc08c20aa12abb30068f0552,右壁追従 | target_deg=6.846,,175.92263750090513,249.9043128905211,219.0095257468631,51.97405010091287,46.760888745433085,0,85.2,43.49423585141028,2
85.25,780.3366548405315,387.06293078749854,102.92537450069699,26.839244706164667,2.7543337179610394,33.49372374799006,8.607292868628248,416,444,375,435,33.49372374799006,NEUTRAL,program,sonic_drive_three_laps.py,function,ec959a186dbd8278df967871b3a34262848e2c5ecc08c20aa12abb30068f0552,右壁追従 | target_deg=6.858,,173.82946114550026,249.86632606576404,219.2229793435432,51.104017414290205,46.718462591274395,0,85.25,43.23476351311598,2
85.3,781.6448512447306,386.7653299297483,102.70676945161233,26.827937084392623,2.767842215097027,33.486336288618816,8.64950692217821,416,444,375,435,33.486336288618816,NEUTRAL,program,sonic_drive_three_laps.py,function,ec959a186dbd8278df967871b3a34262848e2c5ecc08c20aa12abb30068f0552,右壁追従 | target_deg=6.892,,173.7413614734871,249.7149007614506,219.95619914799366,51.47648110724877,45.993662199406614,0,85.3,42.98078384447257,2
85.35,782.9536765545971,386.47283963397615,102.48765838635916,26.818443075553454,2.775293686032435,33.482261265451015,8.672792768851359,416,444,375,435,33.482261265451015,NEUTRAL,program,sonic_drive_three_laps.py,function,ec959a186dbd8278df967871b3a34262848e2c5ecc08c20aa12abb30068f0552,右壁追従 | target_deg=6.910,,172.86388187560257,249.77431941810306,219.80381027238514,50.75353765545432,45.811566640997064,0,85.35,42.73220319234861,2
85.4,784.2631992012692,386.1854500104727,102.26829813686567,26.810691837228656,2.7793182733531343,33.480060319260005,8.685369604228544,416,444,375,435,33.480060319260005,NEUTRAL,program,sonic_drive_three_laps.py,function,ec959a186dbd8278df967871b3a34262848e2c5ecc08c20aa12abb30068f0552,右壁追従 | target_deg=6.920,,171.8521152365176,248.21248872153433,219.3620962937112,51.493441036399844,45.364997467184885,0,85.4,42.488960525182904,2
85.45,785.5734540271213,385.90316339637764,102.04809459703898,26.803560053076513,2.790752591796965,33.473807176361035,8.721101849365516,416,444,375,435,33.473807176361035,NEUTRAL,program,sonic_drive_three_laps.py,function,ec959a186dbd8278df967871b3a34262848e2c5ecc08c20aa12abb30068f0552,右壁追従 | target_deg=6.948,,172.3726775472337,247.11144208485146,220.0633794777151,51.338187334281685,44.81825210153278,0,85.45,42.25117849629146,2
85.5,786.8844509239215,385.62599526247635,101.82702942258692,26.796890028105093,2.8023704323157768,33.46745366982731,8.757407600986802,416,444,375,435,33.46745366982731,NEUTRAL,program,sonic_drive_three_laps.py,function,ec959a186dbd8278df967871b3a34262848e2c5ecc08c20aa12abb30068f0552,右壁追従 | target_deg=6.977,,170.30765063583644,247.0063803918723,220.6086653540841,50.54769579221657,44.6242122537497,0,85.5,42.01887780934078,2
85.55,788.1962303812588,385.3539425515184,101.60615944421369,26.791908623289697,2.8004894179591364,33.4684823495536,8.751529431122302,416,444,375,435,33.4684823495536,NEUTRAL,program,sonic_drive_three_laps.py,function,ec959a186dbd8278df967871b3a34262848e2c5ecc08c20aa12abb30068f0552,右壁追従 | target_deg=6.972,,169.61152677135743,245.85505329279235,219.5448616376982,50.90140432779146,44.649676349161965,0,85.55,41.79184110015558,2
85.6,789.5088065443962,385.0870082194089,101.38442544391046,26.78691991833658,2.811949527564279,33.462215102113284,8.787342273638373,416,444,375,435,33.462215102113284,NEUTRAL,program,sonic_drive_three_laps.py,function,ec959a186dbd8278df967871b3a34262848e2c5ecc08c20aa12abb30068f0552,右壁追従 | target_deg=7.000,,168.65450188331755,244.0373696616963,220.18830996548107,49.18278454716057,43.616517547449725,0,85.6,41.57028738796606,2
85.65,790.8221835117575,384.8252031847619,101.16241249375912,26.782660183326165,2.8159587231853553,33.46002257325801,8.799871009954236,416,444,375,435,33.46002257325801,NEUTRAL,program,sonic_drive_three_laps.py,function,ec959a186dbd8278df967871b3a34262848e2c5ecc08c20aa12abb30068f0552,右壁追従 | target_deg=7.010,,166.88913370594133,243.37855111811055,219.75550124607702,49.98563025226427,43.469482264386585,0,85.65,41.35410862797255,2
85.7,792.1364045946164,384.5685133710627,100.94100620654694,26.780084405381658,2.8086157699015892,33.46403825083507,8.776924280942467,416,444,375,435,33.46403825083507,NEUTRAL,program,sonic_drive_three_laps.py,function,ec959a186dbd8278df967871b3a34262848e2c5ecc08c20aa12abb30068f0552,右壁追従 | target_deg=6.992,,167.37554382583448,241.60125644590084,219.1663496104655,50.18573726289848,44.15644068846904,0,85.7,41.14310764124957,2
85.75,793.4514962224406,384.316925847962,100.71955442425252,26.77800881731845,2.8094300995713763,33.4635929142969,8.779469061160551,416,444,375,435,33.4635929142969,NEUTRAL,program,sonic_drive_three_laps.py,function,ec959a186dbd8278df967871b3a34262848e2c5ecc08c20aa12abb30068f0552,右壁追従 | target_deg=6.994,,166.38024935959274,241.0359085400842,219.04592066478213,50.190980275847835,43.39792056298492,0,85.75,40.937404680417615,2
85.8,794.7674768081396,384.07043180218164,100.49853083334187,26.77692047171461,2.8041612200632597,33.466474332777906,8.763003812697686,416,444,375,435,33.466474332777906,NEUTRAL,program,sonic_drive_three_laps.py,function,ec959a186dbd8278df967871b3a34262848e2c5ecc08c20aa12abb30068f0552,右壁追従 | target_deg=6.981,,165.4231908619265,239.9916503138893,218.7827949303674,50.181500174314166,43.901994809447665,0,85.8,40.73689161915951,2
85.85,796.078032219325,383.83155049684393,100.13807389915758,26.55522397930099,5.04416122006326,32.241474332777905,15.763003812697686,415,451,375,435,32.241474332777905,NEUTRAL,program,sonic_drive_three_laps.py,function,ec959a186dbd8278df967871b3a34262848e2c5ecc08c20aa12abb30068f0552,右壁追従 | target_deg=12.444,,165.00511963410153,240.00404258387837,220.34863407287276,49.56344306593639,42.59163166134194,0,85.85,40.57339354773535,2
85.9,797.3743997261345,383.605663535483,99.60692452581054,26.16263573094932,7.284161220063259,31.016474332777904,22.763003812697686,413,458,375,435,31.016474332777904,NEUTRAL,program,sonic_drive_three_laps.py,function,ec959a186dbd8278df967871b3a34262848e2c5ecc08c20aa12abb30068f0552,右壁追従 | target_deg=17.722,,164.15358393508907,238.2918674053068,220.23568753748287,49.0132321984393,42.43632649988711,0,85.9,40.45947406306897,2
85.95,798.6541627515134,383.39608557929506,98.99330243927733,25.787943095738324,8.0,30.625,25.0,413,461,375,435,30.625,NEUTRAL,program,sonic_drive_three_laps.py,function,ec959a186dbd8278df967871b3a34262848e2c5ecc08c20aa12abb30068f0552,右壁追従 | target_deg=19.359,,164.98851150605924,238.4511579724255,219.40135127443293,50.28560917448293,42.51971974193339,0,85.95,40.38055325645507,2
86.0,799.9252821057469,383.2005376459543,98.52130089324129,25.677979932447705,5.76,31.625,18.0,414,453,375,435,31.625,NEUTRAL,program,sonic_drive_three_laps.py,function,ec959a186dbd8278df967871b3a34262848e2c5ecc08c20aa12abb30068f0552,右壁追従 | target_deg=14.154,,164.84855232013675,236.87243666171622,219.44653097340012,50.71188614384898,42.54786627781021,0,86.0,40.28644997525686,2
86.05,801.1983812837493,383.0134677892747,98.22007442689056,25.773086640597665,3.52,32.625,11.0,415,446,375,435,32.625,NEUTRAL,program,sonic_drive_three_laps.py,function,ec959a186dbd8278df967871b3a34262848e2c5ecc08c20aa12abb30068f0552,右壁追従 | target_deg=8.743,,163.6652178157118,235.71789237999042,219.25577113017638,49.77049338976145,41.83300671196799,0,86.05,40.16454590097686,3
86.1,802.4807539736922,382.83069788726897,98.00287023409317,25.99422122554174,2.8472359407348473,33.44291784491063,8.897612314796397,416,444,375,435,33.44291784491063,NEUTRAL,program,sonic_drive_three_laps.py,function,ec959a186dbd8278df967871b3a34262848e2c5ecc08c20aa12abb30068f0552,右壁追従 | target_deg=7.088,,163.61192820231142,233.70504248624573,220.3890051011425,50.37171742845418,41.52994406117824,0,86.1,40.028969014903794,3
86.15,803.7732765556078,382.65149400357257,97.78421739070342,26.165617616570778,2.8462537903667045,33.44345495839321,8.894543094895951,416,444,375,435,33.44345495839321,NEUTRAL,program,sonic_drive_three_laps.py,function,ec959a186dbd8278df967871b3a34262848e2c5ecc08c20aa12abb30068f0552,右壁追従 | target_deg=7.085,,163.15645498211632,233.35845803488738,219.0063424341428,51.1684355894775,41.18617985533201,0,86.15,39.89744493137107,3
86.2,805.0737890775175,382.47625979918286,97.5636889710417,26.29757364205365,2.8545134857692545,33.43893793746994,8.92035464302892,416,444,375,435,33.43893793746994,NEUTRAL,program,sonic_drive_three_laps.py,function,ec959a186dbd8278df967871b3a34262848e2c5ecc08c20aa12abb30068f0552,右壁追従 | target_deg=7.106,,161.45885905097785,233.0497747009862,219.9259535149021,49.886315094858546,40.92429299957045,0,86.2,39.7704736423737,3
86.25,806.380627806514,382.3053002936257,97.34243102138873,26.400083492925823,2.8515567682461858,33.44055489236537,8.91111490076933,416,444,375,435,33.44055489236537,NEUTRAL,program,sonic_drive_three_laps.py,function,ec959a186dbd8278df967871b3a34262848e2c5ecc08c20aa12abb30068f0552,右壁追従 | target_deg=7.098,,162.24165719324608,232.4097452172631,218.8560250414774,50.03275548408112,40.846564003458816,0,86.25,39.64811172970559,3
86.3,807.6860570982543,382.1409815508782,96.98268981511745,26.258638242199424,5.0915567682461855,32.21555489236537,15.91111490076933,415,451,375,435,32.21555489236537,NEUTRAL,program,sonic_drive_three_laps.py,function,ec959a186dbd8278df967871b3a34262848e2c5ecc08c20aa12abb30068f0552,右壁追従 | target_deg=12.557,,160.75622854249448,230.33192606621728,219.4291665569793,49.6959382815169,41.25018639041193,0,86.3,39.56317971498203,3
86.35,808.9917555518992,381.98429136210535,96.72675169661534,26.329357685960943,2.8515567682461858,33.21555489236537,8.91111490076933,416,444,375,435,33.21555489236537,NEUTRAL,program,sonic_drive_three_laps.py,function,ec959a186dbd8278df967871b3a34262848e2c5ecc08c20aa12abb30068f0552,右壁追従 | target_deg=7.098,,160.57653606921062,229.80611547075503,219.30301422501128,50.13791370127716,41.1725501664943,0,86.35,39.463248518484704,3
86.4,810.3023242548079,381.8322797582864,96.50548468682558,26.42498707201844,2.8486924592634035,33.44212131134032,8.902163935198136,416,444,375,435,33.44212131134032,NEUTRAL,program,sonic_drive_three_laps.py,function,ec959a186dbd8278df967871b3a34262848e2c5ecc08c20aa12abb30068f0552,右壁追従 | target_deg=7.091,,160.11041834858827,229.42621458815927,218.41618262172588,50.76128784457289,40.517522992873296,0,86.4,39.36049307923082,3
86.45,811.6175418835575,381.6848929535352,96.28259886368505,26.497887885018503,2.8606349625577057,33.435590254851256,8.93948425799283,416,444,375,435,33.435590254851256,NEUTRAL,program,sonic_drive_three_laps.py,function,ec959a186dbd8278df967871b3a34262848e2c5ecc08c20aa12abb30068f0552,右壁追従 | target_deg=7.121,,158.90516073853854,227.4617158994501,220.06319820023225,51.21974319148629,40.413841366117126,0,86.45,39.26289652428744,3
86.5,812.9364280817314,381.54230224821094,96.05847389995944,26.553460597062724,2.869754343091756,33.4306030936217,8.967982322161737,416,444,375,435,33.4306030936217,NEUTRAL,program,sonic_drive_three_laps.py,function,ec959a186dbd8278df967871b3a34262848e2c5ecc08c20aa12abb30068f0552,右壁追従 | target_deg=7.143,,158.33550245216404,226.85100618431292,219.93790351939722,50.49841000265191,39.92180566570766,0,86.5,39.17054793153835,3
86.55,814.2582432346701,381.40463055444,95.83376126278938,26.59627880704393,2.872093204503484,33.42932402878716,8.975291264073388,416,444,375,435,33.42932402878716,NEUTRAL,program,sonic_drive_three_laps.py,function,ec959a186dbd8278df967871b3a34262848e2c5ecc08c20aa12abb30068f0552,右壁追従 | target_deg=7.149,,158.34365482887466,226.5448317805807,219.66747400244972,50.47181247145267,39.993287628158335,0,86.55,39.0834255466973,3
86.6,815.5824233516058,381.27196554195973,95.6085878792178,26.629260320685837,2.873991445330979,33.428285928334624,8.98122326665931,416,444,375,435,33.428285928334624,NEUTRAL,program,sonic_drive_three_laps.py,function,ec959a186dbd8278df967871b3a34262848e2c5ecc08c20aa12abb30068f0552,右壁追従 | target_deg=7.154,,156.57543624293763,225.05886159808043,219.28333329377486,50.980996641926204,39.522224592770065,0,86.6,39.00158893665616,3
86.65,816.9085198069743,381.14437736203683,95.3828171590128,26.654359076644162,2.8785557918492417,33.42578980133244,8.99548684952888,416,444,375,435,33.42578980133244,NEUTRAL,program,sonic_drive_three_laps.py,function,ec959a186dbd8278df967871b3a34262848e2c5ecc08c20aa12abb30068f0552,右壁追従 | target_deg=7.165,,157.00698646730422,224.93929035522444,219.23138041380054,50.206381548178086,38.993082541425,0,86.65,38.92513953502481,3
86.7,818.2361772497717,381.02192270109555,95.15655910999334,26.67341839730429,2.882442021184985,33.42366451966446,9.007631316203078,416,444,375,435,33.42366451966446,NEUTRAL,program,sonic_drive_three_laps.py,function,ec959a186dbd8278df967871b3a34262848e2c5ecc08c20aa12abb30068f0552,右壁追従 | target_deg=7.174,,155.98150451008044,223.78421182320682,220.40204850168797,50.79399671227884,39.969675026021754,0,86.7,38.85410958061874,3
86.75,819.5651249066998,380.90464237614304,94.93007457654653,26.688073043918106,2.883552150864633,33.423057417495905,9.011100471451979,416,444,375,435,33.423057417495905,NEUTRAL,program,sonic_drive_three_laps.py,function,ec959a186dbd8278df967871b3a34262848e2c5ecc08c20aa12abb30068f0552,右壁追従 | target_deg=7.177,,154.6670536813866,221.86220540876386,219.91196370716517,50.55800172824823,39.61004246928377,0,86.75,38.788480633317874,3
86.8,820.8951900941871,380.7925508486861,94.70438756459771,26.700565980913602,2.8719808989517674,33.42938544588575,8.974940309224273,416,444,375,435,33.42938544588575,NEUTRAL,program,sonic_drive_three_laps.py,function,ec959a186dbd8278df967871b3a34262848e2c5ecc08c20aa12abb30068f0552,右壁追従 | target_deg=7.149,,153.74358033813664,221.77369574033077,218.75139016172773,50.16403594570019,40.085531413810735,0,86.8,38.728032159418206,3
86.85,822.2262185101845,380.6856594997562,94.4784484790842,26.710040831049266,2.874036481344912,33.428261299264506,8.98136400420285,416,444,375,435,33.428261299264506,NEUTRAL,program,sonic_drive_three_laps.py,function,ec959a186dbd8278df967871b3a34262848e2c5ecc08c20aa12abb30068f0552,右壁追従 | target_deg=7.154,,153.71095480721317,220.09406795406133,219.72279834637985,51.077466702011904,39.94754878607956,0,86.85,38.67301428167377,3
86.9,823.5580586497258,380.58399033982147,94.25223582520567,26.7171230305002,2.8766470779586863,33.426833629241344,8.989522118620895,416,444,375,435,33.426833629241344,NEUTRAL,program,sonic_drive_three_laps.py,function,ec959a186dbd8278df967871b3a34262848e2c5ecc08c20aa12abb30068f0552,右壁追従 | target_deg=7.160,,153.2603679232405,220.1278618802986,219.33239501215584,51.95215627717407,39.354030902856564,0,86.9,38.6234537405748,3
86.95,824.8905480855699,380.48757695578456,94.02470779622467,26.72101773199364,2.892788308076066,33.4180063940209,9.039963462737706,416,444,375,435,33.4180063940209,NEUTRAL,program,sonic_drive_three_laps.py,function,ec959a186dbd8278df967871b3a34262848e2c5ecc08c20aa12abb30068f0552,右壁追従 | target_deg=7.200,,152.34834063697005,218.97439347458786,220.36255287608486,51.62185480221987,38.401369910474266,0,86.95,38.57962510472004,3
87.0,826.2236102023514,380.39643221359336,93.79802477120552,26.725134947581978,2.8816292898524147,33.42410898211196,9.005091530788796,416,444,375,435,33.42410898211196,NEUTRAL,program,sonic_drive_three_laps.py,function,ec959a186dbd8278df967871b3a34262848e2c5ecc08c20aa12abb30068f0552,右壁追従 | target_deg=7.172,,150.59623585040814,217.64344327911598,219.23653113610223,51.6785616820206,39.93797364012385,0,87.0,38.541041662471116,3
87.05,827.5571928986415,380.31055385430955,93.57112121520947,26.728084611772697,2.8840603708455332,33.42277948469385,9.01268865889229,416,444,375,435,33.42277948469385,NEUTRAL,program,sonic_drive_three_laps.py,function,ec959a186dbd8278df967871b3a34262848e2c5ecc08c20aa12abb30068f0552,右壁追従 | target_deg=7.178,,151.26655685113224,216.24999638242656,219.8809509617591,51.79185427543309,39.45217833730576,0,87.05,38.507946686808566,3
87.1,828.8912222369427,380.22995380577976,93.34392259376023,26.730025274579365,2.887552051386129,33.42086997189821,9.023600160581653,416,444,375,435,33.42086997189821,NEUTRAL,program,sonic_drive_three_laps.py,function,ec959a186dbd8278df967871b3a34262848e2c5ecc08c20aa12abb30068f0552,右壁追従 | target_deg=7.187,,150.3876673197762,217.15910528077097,220.03878967820788,51.65287846044334,39.31544059859908,0,87.1,38.4803691976407,3
87.15,830.219058619715,380.15635387634615,92.97751303419233,26.510675171333634,5.127552051386129,32.19586997189821,16.02360016058165,415,451,375,435,32.19586997189821,NEUTRAL,program,sonic_drive_three_laps.py,function,ec959a186dbd8278df967871b3a34262848e2c5ecc08c20aa12abb30068f0552,左回避 | target_deg=12.644,,149.3756639995631,214.6635342772889,219.61705595760662,51.12995971675581,38.45076282671922,0,87.15,38.49263763517604,3
87.2,831.5313052066123,380.09398969480947,92.44070146544328,26.119904528409563,7.367552051386128,30.97086997189821,23.02360016058165,413,459,375,435,30.97086997189821,NEUTRAL,program,sonic_drive_three_laps.py,function,ec959a186dbd8278df967871b3a34262848e2c5ecc08c20aa12abb30068f0552,左回避 | target_deg=17.914,,148.97827557576645,213.47210387391647,219.26831914201085,51.54381292298493,38.34325962527438,0,87.2,38.556865864808174,3
87.25,832.8206126644789,380.0466642358768,91.74014624035715,25.596344786564586,9.60755205138613,29.74586997189821,30.02360016058165,412,466,375,435,29.74586997189821,NEUTRAL,program,sonic_drive_three_laps.py,function,ec959a186dbd8278df967871b3a34262848e2c5ecc08c20aa12abb30068f0552,左回避 | target_deg=22.937,,147.80508999638676,213.3847088298059,220.14311198075723,52.51412978259331,38.529367283895034,0,87.25,38.67614338110434,3
87.3,834.0811638393632,380.0175374082396,90.88390246460591,24.969921380742633,11.847552051386128,28.52086997189821,37.02360016058165,410,473,375,435,28.52086997189821,NEUTRAL,program,sonic_drive_three_laps.py,function,ec959a186dbd8278df967871b3a34262848e2c5ecc08c20aa12abb30068f0552,左回避 | target_deg=27.674,,150.53339143884523,212.44233765945066,218.6359404043594,53.104680129987194,38.937647062177234,0,87.3,38.85275779848996,3
87.35,835.3082910469268,380.0091002235881,89.8809022395094,24.263815731026007,14.087552051386128,27.295869971898213,44.02360016058165,409,481,375,435,27.295869971898213,NEUTRAL,program,sonic_drive_three_laps.py,function,ec959a186dbd8278df967871b3a34262848e2c5ecc08c20aa12abb30068f0552,左回避 | target_deg=32.103,,150.8839472367396,211.83000995444647,218.42720865044973,54.150771599866864,39.328239861462556,0,87.35,39.03002077569312,3
87.4,836.4981907299178,380.02317778746954,88.74060442623954,23.495985078071012,16.327552051386128,26.07086997189821,51.02360016058165,407,488,375,435,26.07086997189821,NEUTRAL,program,sonic_drive_three_laps.py,function,ec959a186dbd8278df967871b3a34262848e2c5ecc08c20aa12abb30068f0552,左回避 | target_deg=36.217,,152.37836393607776,211.2660095601325,219.46231150375155,54.956043703525864,38.498929377515466,0,87.4,38.767889812149576,3
87.45,837.6477140025678,380.0609500560545,87.47276570404529,22.680339807472798,18.56755205138613,24.84586997189821,58.02360016058165,406,495,375,435,24.84586997189821,NEUTRAL,program,sonic_drive_three_laps.py,function,ec959a186dbd8278df967871b3a34262848e2c5ecc08c20aa12abb30068f0552,左回避 | target_deg=40.022,,155.8785421347933,210.54508612327416,218.8221186602725,56.77357412519915,38.65743254381246,0,87.45,38.5033566900039,3
87.5,838.7542159081582,380.1229830243912,86.08729841881978,21.827655451570084,20.80755205138613,23.620869971898212,65.02360016058165,404,503,375,435,23.620869971898212,NEUTRAL,program,sonic_drive_three_laps.py,function,ec959a186dbd8278df967871b3a34262848e2c5ecc08c20aa12abb30068f0552,左回避 | target_deg=43.532,,158.4768629550947,209.91653468992246,219.3692877139851,59.16050345931862,39.82527312393176,0,87.5,38.24098081985625,3
87.55,839.8154497497643,380.2092657218688,84.5941906987236,20.94627916194888,23.047552051386127,22.39586997189821,72.02360016058165,402,510,375,435,22.39586997189821,NEUTRAL,program,sonic_drive_three_laps.py,function,ec959a186dbd8278df967871b3a34262848e2c5ecc08c20aa12abb30068f0552,左回避 | target_deg=46.766,,163.49282818842622,209.95043581522748,218.71411090047351,61.071152842330605,39.05742434337884,0,87.55,37.98481198471478,3
87.6,840.8294957029149,380.3192502726192,83.00347159004173,20.04267697085795,25.28755205138613,21.17086997189821,79.02360016058165,401,517,375,435,21.17086997189821,NEUTRAL,program,sonic_drive_three_laps.py,function,ec959a186dbd8278df967871b3a34262848e2c5ecc08c20aa12abb30068f0552,左回避 | target_deg=49.746,,168.9311564849462,210.65376804642517,218.89057612013568,64.03412421194965,40.49394839578541,0,87.6,37.738386075024096,3
87.65,841.7947151821832,380.45189352797377,81.32520929806782,19.12185772144713,27.527552051386127,19.94586997189821,86.02360016058165,399,525,375,435,19.94586997189821,NEUTRAL,program,sonic_drive_three_laps.py,function,ec959a186dbd8278df967871b3a34262848e2c5ecc08c20aa12abb30068f0552,左回避 | target_deg=52.494,,173.82300889587583,210.699497282996,219.51721412230322,65.47211079918146,40.9048723519648,0,87.65,37.5047277309863,3
87.7,842.7097242117196,380.60569956596873,79.56953456210624,18.187701460820175,29.76755205138613,18.72086997189821,93.02360016058165,398,532,375,435,18.72086997189821,NEUTRAL,program,sonic_drive_three_laps.py,function,ec959a186dbd8278df967871b3a34262848e2c5ecc08c20aa12abb30068f0552,左回避 | target_deg=55.033,,177.8984429284703,211.91782334625498,220.10095354626904,70.90488492716706,41.17903771903404,0,87.7,37.28635661768095,3
87.75,843.5734026211895,380.77876658815444,77.74690568760712,17.24395842280925,32.0,17.5,100.0,396,540,375,435,17.5,NEUTRAL,program,sonic_drive_three_laps.py,function,ec959a186dbd8278df967871b3a34262848e2c5ecc08c20aa12abb30068f0552,左回避 | target_deg=57.375,,177.61842031589407,212.9864595893648,221.55594767936844,73.48011385892211,42.2339745655336,0,87.75,37.08534385249169,3
87.8,844.3915020071526,380.96971256795234,75.97759449994743,16.512897910075484,32.0,17.5,100.0,396,540,375,435,17.5,NEUTRAL,program,sonic_drive_three_laps.py,function,ec959a186dbd8278df967871b3a34262848e2c5ecc08c20aa12abb30068f0552,左回避 | target_deg=57.375,,177.9691844649451,213.8312659566145,222.1746533034482,79.10109670975262,42.16976916961314,0,87.8,36.9254837281494,3
87.85,845.1729250493822,381.1772507255826,74.27478626056941,15.946589654806141,32.0,17.5,100.0,396,540,375,435,17.5,NEUTRAL,program,sonic_drive_three_laps.py,function,ec959a186dbd8278df967871b3a34262848e2c5ecc08c20aa12abb30068f0552,左回避 | target_deg=57.375,,178.34888025580332,212.4018312879117,223.59195139344536,84.4719939530773,42.91935273653898,0,87.85,36.80718810145066,3
87.9,845.9244943426543,381.40060156913466,72.62349382317447,15.50790498452222,32.0,17.5,100.0,396,540,375,435,17.5,NEUTRAL,program,sonic_drive_three_laps.py,function,ec959a186dbd8278df967871b3a34262848e2c5ecc08c20aa12abb30068f0552,左回避 | target_deg=57.375,,179.3651208396936,210.9384782251476,224.56458529022174,90.92087967648938,44.37000597443943,0,87.9,36.72588008080271,3
87.95,846.6513998760566,381.6393457257058,71.01210755419066,15.168082567752778,32.0,17.5,100.0,396,540,375,435,17.5,NEUTRAL,program,sonic_drive_three_laps.py,function,ec959a186dbd8278df967871b3a34262848e2c5ecc08c20aa12abb30068f0552,左回避 | target_deg=57.375,,180.098755550765,209.12351451430018,226.98219460616232,93.83122476978613,44.4519646334581,0,87.95,36.67831539425583,3
88.0,847.3575631116494,381.8932756816463,69.43163417437779,14.904842744796843,32.0,17.5,100.0,396,540,375,435,17.5,NEUTRAL,program,sonic_drive_three_laps.py,function,ec959a186dbd8278df967871b3a34262848e2c5ecc08c20aa12abb30068f0552,左回避 | target_deg=57.375,,180.74883710752877,208.8524986201228,228.56477753937966,95.93039324795312,46.120855746673804,0,88.0,36.66219228117757,3
88.05,848.045921784339,382.1623010863418,67.87510713556787,14.700926814092112,32.0,17.5,100.0,396,540,375,435,17.5,NEUTRAL,program,sonic_drive_three_laps.py,function,ec959a186dbd8278df967871b3a34262848e2c5ecc08c20aa12abb30068f0552,左回避 | target_deg=57.375,,182.1548983528051,205.97566013286712,230.35314076362053,97.80262667863293,46.75912061169008,0,88.05,36.67587543196663,3
88.1,848.7186520071452,382.4463888037462,66.33712987527463,14.542965505927356,32.0,17.5,100.0,396,540,375,435,17.5,NEUTRAL,program,sonic_drive_three_laps.py,function,ec959a186dbd8278df967871b3a34262848e2c5ecc08c20aa12abb30068f0552,左回避 | target_deg=57.375,,183.4460402409238,206.71434886412445,232.20123324430045,98.82368403248665,48.14557986654625,0,88.1,36.7181997099467,3
88.15,849.3773411258286,382.7455255357861,64.81352200373149,14.420602457631485,32.0,17.5,100.0,396,540,375,435,17.5,NEUTRAL,program,sonic_drive_three_laps.py,function,ec959a186dbd8278df967871b3a34262848e2c5ecc08c20aa12abb30068f0552,左回避 | target_deg=57.375,,184.76033778112352,205.1337936896471,234.29167583745289,98.99118460809254,48.691235201866974,0,88.15,36.78833008595916,3
88.2,850.0231220517047,383.0596950961049,63.30104522644211,14.325815222945883,32.0,17.5,100.0,396,540,375,435,17.5,NEUTRAL,program,sonic_drive_three_laps.py,function,ec959a186dbd8278df967871b3a34262848e2c5ecc08c20aa12abb30068f0552,左回避 | target_deg=57.375,,186.59434590533687,204.4178979855633,236.85543988588043,101.05417991941697,50.44985999267947,0,88.2,36.885661431449364,3
88.25,850.6618267001828,383.39096127632956,61.888751179846594,14.432677802874858,29.76,18.5,93.0,398,532,375,435,18.5,NEUTRAL,program,sonic_drive_three_laps.py,function,ec959a186dbd8278df967871b3a34262848e2c5ecc08c20aa12abb30068f0552,右壁追従 | target_deg=55.024,,188.66380138467773,204.18962725484425,238.91505985746684,102.57032155600626,51.74665093610434,0,88.25,37.02402669029715,3
88.3,851.3013163465174,383.7421245635094,60.58275005891264,14.69574626822738,27.52,19.5,86.0,399,525,375,435,19.5,NEUTRAL,program,sonic_drive_three_laps.py,function,ec959a186dbd8278df967871b3a34262848e2c5ecc08c20aa12abb30068f0552,右壁追従 | target_deg=52.485,,190.90800953483816,204.59142002074196,241.43100197564416,103.42592938541652,52.57820386096138,0,88.3,37.205140435813746,3
88.35,851.9474883440859,384.1156673226235,59.370328250390116,15.079817962308827,25.28,20.5,79.0,400,517,375,435,20.5,NEUTRAL,program,sonic_drive_three_laps.py,function,ec959a186dbd8278df967871b3a34262848e2c5ecc08c20aa12abb30068f0552,右壁追従 | target_deg=49.736,,192.33310382571239,202.91465196325427,245.15305067273243,105.77654956652732,55.11169056340123,0,88.35,37.42806498214401,3
88.4,852.6047538698156,384.5137301149864,58.24469716056376,15.557623521302755,23.04,21.5,72.0,401,510,375,435,21.5,NEUTRAL,program,sonic_drive_three_laps.py,function,ec959a186dbd8278df967871b3a34262848e2c5ecc08c20aa12abb30068f0552,右壁追従 | target_deg=46.756,,193.93145405441373,203.17391828856344,247.05259863528258,107.62973017225616,56.50324941621723,0,88.4,37.69259819814846,3
88.45,853.2764268506767,384.9380823684133,57.20334720783697,16.10803902239264,20.8,22.5,65.0,403,503,375,435,22.5,NEUTRAL,program,sonic_drive_three_laps.py,function,ec959a186dbd8278df967871b3a34262848e2c5ecc08c20aa12abb30068f0552,右壁追従 | target_deg=43.521,,195.3670209257382,203.18782707467523,249.78837382974433,108.71968716627957,57.57635960098672,0,88.45,37.99887243217427,3
88.5,853.9650271108072,385.3901159142818,56.24687507655801,16.71470104330864,18.56,23.5,58.0,404,495,375,435,23.5,NEUTRAL,program,sonic_drive_three_laps.py,function,ec959a186dbd8278df967871b3a34262848e2c5ecc08c20aa12abb30068f0552,右壁追従 | target_deg=40.010,,196.76972564480624,203.77144242245518,249.5645675612437,111.22050042708796,60.14500086199549,0,88.5,38.34710468275006,3
88.55,854.6725182778973,385.87084885324794,55.37815054700906,17.36493383292693,16.32,24.5,51.0,405,488,375,435,24.5,NEUTRAL,program,sonic_drive_three_laps.py,function,ec959a186dbd8278df967871b3a34262848e2c5ecc08c20aa12abb30068f0552,右壁追従 | target_deg=36.204,,197.57182320338603,203.21680239344235,249.9402789904853,111.358369106751,60.38546612799373,0,88.55,38.73744477298732,3
88.6,855.4004957867289,386.38093286653134,54.60172763169044,18.04891825537827,14.08,25.5,44.0,406,481,375,435,25.5,NEUTRAL,program,sonic_drive_three_laps.py,function,ec959a186dbd8278df967871b3a34262848e2c5ecc08c20aa12abb30068f0552,右壁追従 | target_deg=32.089,,196.78709038366878,203.25876847875455,250.0,113.5140590320517,60.99033778234064,0,88.6,39.16988793208708,3
88.65,856.1503364491974,386.92066013188315,53.923431980145324,18.75904802143558,11.84,26.5,37.0,408,473,375,435,26.5,NEUTRAL,program,sonic_drive_three_laps.py,function,ec959a186dbd8278df967871b3a34262848e2c5ecc08c20aa12abb30068f0552,右壁追従 | target_deg=27.659,,195.8783154581937,202.58073249386734,250.0,114.87864385951886,62.932426750170436,0,88.65,39.64423020378007,3
88.7,856.9233181724986,387.48996761700465,53.350075897609884,19.48943100000131,9.6,27.5,30.0,409,466,375,435,27.5,NEUTRAL,program,sonic_drive_three_laps.py,function,ec959a186dbd8278df967871b3a34262848e2c5ecc08c20aa12abb30068f0552,右壁追従 | target_deg=22.921,,193.20964425538477,202.51410173795566,250.0,115.866795784975,64.29744833295389,0,88.7,40.160052600819995,3
88.75,857.7207162308384,388.08843735414507,52.88926617157699,20.235502914352065,7.36,28.5,23.0,410,459,375,435,28.5,NEUTRAL,program,sonic_drive_three_laps.py,function,ec959a186dbd8278df967871b3a34262848e2c5ecc08c20aa12abb30068f0552,右壁追従 | target_deg=17.896,,192.51323622979726,201.61828999942188,249.64622321164927,118.39019387737319,65.03134860888031,0,88.75,40.71672470091568,3
88.8,858.543880831963,388.71529170073467,52.549279832050985,20.993728096040737,5.12,29.5,16.0,411,451,375,435,29.5,NEUTRAL,program,sonic_drive_three_laps.py,function,ec959a186dbd8278df967871b3a34262848e2c5ecc08c20aa12abb30068f0552,右壁追従 | target_deg=12.626,,191.90353876123268,200.86965494710438,249.52062826164556,118.36944191422576,66.21393036482954,0,88.8,41.31342148240816,3
88.85,859.3942948378302,389.3693887023022,52.33740007840143,21.761367677087705,2.929824601331081,30.5,9.155701879159627,413,444,375,435,30.5,NEUTRAL,program,sonic_drive_three_laps.py,function,ec959a186dbd8278df967871b3a34262848e2c5ecc08c20aa12abb30068f0552,右壁追従 | target_deg=7.291,,190.87613627600092,201.66978588496912,249.88955741250857,118.88757019917462,68.6310751304916,0,88.85,41.949017195276156,3
88.9,860.2730293796046,390.04997150346725,52.14679959213356,22.536300022525776,2.912730612809981,31.5,9.10228316503119,414,444,375,435,31.5,NEUTRAL,program,sonic_drive_three_laps.py,function,ec959a186dbd8278df967871b3a34262848e2c5ecc08c20aa12abb30068f0552,右壁追従 | target_deg=7.249,,188.36625652299526,199.97708438337165,249.7826892777448,119.30788664008334,68.96752324972375,0,88.9,42.61314924141618,3
88.95,861.1801504515644,390.7574486162394,51.95081191880669,23.316881630379857,2.893767579259017,32.5,9.043023685184428,415,444,375,435,32.5,NEUTRAL,program,sonic_drive_three_laps.py,function,ec959a186dbd8278df967871b3a34262848e2c5ecc08c20aa12abb30068f0552,右壁追従 | target_deg=7.202,,187.6493934918451,198.70175054323585,250.0,119.19151974086313,70.5045653002826,0,88.95,43.30390088816176,3
89.0,862.1152833383298,391.4920061378199,51.74911272183789,24.08821179298408,2.881074580409741,33.42441233883842,9.003358063780441,416,444,375,435,33.42441233883842,NEUTRAL,program,sonic_drive_three_laps.py,function,ec959a186dbd8278df967871b3a34262848e2c5ecc08c20aa12abb30068f0552,右壁追従 | target_deg=7.171,,186.56531442693756,198.7807938620884,249.9347079831117,118.9889958254196,70.78124221197254,0,89.0,44.02144715405154,3
89.05,863.0739671189224,392.2505943063076,51.54309574976202,24.687550899570525,2.8624489912163615,33.43459820792855,8.94515309755113,416,444,375,435,33.43459820792855,NEUTRAL,program,sonic_drive_three_laps.py,function,ec959a186dbd8278df967871b3a34262848e2c5ecc08c20aa12abb30068f0552,右壁追従 | target_deg=7.125,,187.0196521439325,197.9593615135128,249.81324823439883,120.11112704448888,72.25093462158789,0,89.05,44.76287126215624,3
89.1,864.0502094944992,393.02883302783096,51.33475668832068,25.154574024791806,2.8345424099135514,33.449859619578525,8.857945030979849,416,444,375,435,33.449859619578525,NEUTRAL,program,sonic_drive_three_laps.py,function,ec959a186dbd8278df967871b3a34262848e2c5ecc08c20aa12abb30068f0552,右壁追従 | target_deg=7.056,,185.5547779141037,197.06062454319581,248.85863058236404,119.99656369305762,73.70856319313862,0,89.1,45.523969904469084,3
89.15,865.0393834624585,393.82330455740725,51.12470619489625,25.51854405213681,2.812274327840157,33.462037476962415,8.788357274500491,416,444,375,435,33.462037476962415,NEUTRAL,program,sonic_drive_three_laps.py,function,ec959a186dbd8278df967871b3a34262848e2c5ecc08c20aa12abb30068f0552,右壁追従 | target_deg=7.001,,183.51718441994757,195.2586916434067,250.0,120.6385822360385,75.83580482340501,0,89.15,46.3013821479077,3
89.2,866.0378899159031,394.631330289853,50.91334583525446,25.802183745171746,2.7950911492422663,33.471434527758134,8.734659841382083,416,444,375,435,33.471434527758134,NEUTRAL,program,sonic_drive_three_laps.py,function,ec959a186dbd8278df967871b3a34262848e2c5ecc08c20aa12abb30068f0552,右壁追従 | target_deg=6.959,,182.2934327687301,195.66010120167996,250.0,121.00721559742513,76.54372072224741,0,89.2,47.092467029264355,3
89.25,867.0429548220569,395.45082144370355,50.70170420222752,26.02415343241885,2.772258269893724,33.48392125865187,8.663307093417888,416,444,375,435,33.48392125865187,NEUTRAL,program,sonic_drive_three_laps.py,function,ec959a186dbd8278df967871b3a34262848e2c5ecc08c20aa12abb30068f0552,右壁追従 | target_deg=6.902,,181.38618696769936,194.20518994458973,249.95395372686673,122.52303063727818,78.33141865802041,0,89.25,47.8952209833663,3
89.3,868.0524321650927,396.2801405292743,50.48982030581263,26.197803371978708,2.754980760534858,33.4933698965825,8.609314876671432,416,444,375,435,33.4933698965825,NEUTRAL,program,sonic_drive_three_laps.py,function,ec959a186dbd8278df967871b3a34262848e2c5ecc08c20aa12abb30068f0552,右壁追従 | target_deg=6.860,,179.86865291864945,192.4152084344212,249.4519609139397,121.67045247607508,78.50937125578037,0,89.3,48.708010674108266,3
89.35,869.0646607350183,397.11800436451387,50.27822623824653,26.334248474684983,2.7354156966345404,33.50406954090299,8.548174051982938,416,443,375,435,33.50406954090299,NEUTRAL,program,sonic_drive_three_laps.py,function,ec959a186dbd8278df967871b3a34262848e2c5ecc08c20aa12abb30068f0552,右壁追従 | target_deg=6.811,,177.59940205257604,192.34977554426501,250.0,121.88696370308763,80.44489464387027,0,89.35,49.529594577781495,3
89.4,870.078363015358,397.9634076272241,50.067190525399354,26.441865867210183,2.7159254718878283,33.514728257561345,8.487267099649463,416,443,375,435,33.514728257561345,NEUTRAL,program,sonic_drive_three_laps.py,function,ec959a186dbd8278df967871b3a34262848e2c5ecc08c20aa12abb30068f0552,右壁追従 | target_deg=6.763,,177.57973072999334,191.51513894068415,250.0,122.52003034378168,81.65764645313273,0,89.4,50.358986890967856,3
89.45,871.092560715073,398.81556278678323,49.85711644278598,26.527396053859125,2.6939617676994523,33.526739658289365,8.418630524060788,416,443,375,435,33.526739658289365,NEUTRAL,program,sonic_drive_three_laps.py,function,ec959a186dbd8278df967871b3a34262848e2c5ecc08c20aa12abb30068f0552,右壁追従 | target_deg=6.709,,176.12944107815923,191.00032102384083,249.92924736616104,122.8855536898067,83.13767679653121,0,89.45,51.19542845741353,3
89.5,872.106526231066,399.67385905423936,49.64873661840039,26.59653908475449,2.664670496387126,33.54275832228829,8.32709530120977,416,443,375,435,33.54275832228829,NEUTRAL,program,sonic_drive_three_laps.py,function,ec959a186dbd8278df967871b3a34262848e2c5ecc08c20aa12abb30068f0552,右壁追従 | target_deg=6.637,,174.9736012578832,189.6894598919523,249.50453572455115,124.04837714021892,85.07113874822343,0,89.5,52.03835925654192,3
89.55,873.1196953288213,400.53780669815484,49.44160641167207,26.652271027755063,2.642650890746681,33.55480029412291,8.258284033583378,416,443,375,435,33.55480029412291,NEUTRAL,program,sonic_drive_three_laps.py,function,ec959a186dbd8278df967871b3a34262848e2c5ecc08c20aa12abb30068f0552,右壁追従 | target_deg=6.582,,173.75040509581189,187.83930684642394,249.9793974208469,124.22530038646715,86.3987806826734,0,89.55,52.887252295746634,3
89.6,874.1316206188633,401.4070108203189,49.235823493768805,26.69761477887279,2.6206255566406726,33.56684539871213,8.189454864502101,416,443,375,435,33.56684539871213,NEUTRAL,program,sonic_drive_three_laps.py,function,ec959a186dbd8278df967871b3a34262848e2c5ecc08c20aa12abb30068f0552,右壁追従 | target_deg=6.528,,171.29869795252583,187.45967210265718,250.0,124.32310316782326,87.79637900252452,0,89.6,53.741715870250005,3
89.65,875.1419308689163,402.2811431475999,49.03068563778811,26.733932673178042,2.6085272133424153,33.573461680203366,8.151647541695048,416,443,375,435,33.573461680203366,NEUTRAL,program,sonic_drive_three_laps.py,function,ec959a186dbd8278df967871b3a34262848e2c5ecc08c20aa12abb30068f0552,右壁追従 | target_deg=6.498,,171.0539032976742,186.06990314349275,250.0,124.39123164683838,87.83793886004855,0,89.65,54.60136846263583,3
89.7,876.1503216396763,403.1599358571546,48.82629520935484,26.763309036847645,2.595919176226057,33.580356700501376,8.112247425706428,416,443,375,435,33.580356700501376,NEUTRAL,program,sonic_drive_three_laps.py,function,ec959a186dbd8278df967871b3a34262848e2c5ecc08c20aa12abb30068f0552,右壁追従 | target_deg=6.467,,168.8190114045248,184.55901411872765,250.0,125.63242575857868,88.6626310870514,0,89.7,55.465947478804594,3
89.75,877.1565718939593,404.0431807919451,48.623054249403026,26.78775312964696,2.578798630285891,33.589719499062404,8.05874571964341,416,443,375,435,33.589719499062404,NEUTRAL,program,sonic_drive_three_laps.py,function,ec959a186dbd8278df967871b3a34262848e2c5ecc08c20aa12abb30068f0552,右壁追従 | target_deg=6.424,,167.96346369116574,184.71079580470277,249.15414296869056,126.67049568603996,89.21163756327674,0,89.75,56.33526993784949,3
89.8,878.1605031276854,404.93070411719174,48.420498598289385,26.807750119915724,2.568031039152195,33.59560802546364,8.02509699735061,416,443,375,435,33.59560802546364,NEUTRAL,program,sonic_drive_three_laps.py,function,ec959a186dbd8278df967871b3a34262848e2c5ecc08c20aa12abb30068f0552,右壁追従 | target_deg=6.398,,166.0965655137796,182.61349997553006,249.5669935488973,126.32899684262132,89.84015015153823,0,89.8,57.20912752826962,3
89.85,879.161954326977,405.82235558900226,48.218360381134374,26.82392813058723,2.5610575333976806,33.59942166142314,8.003304791867752,416,443,375,435,33.59942166142314,NEUTRAL,program,sonic_drive_three_laps.py,function,ec959a186dbd8278df967871b3a34262848e2c5ecc08c20aa12abb30068f0552,右壁追従 | target_deg=6.380,,164.8355809140311,182.3759317421204,249.7549574097657,126.91056430660754,90.19084388044946,0,89.85,58.087350392821406,3
89.9,880.1607602499209,406.71799616839223,48.015762476679555,26.836015908277567,2.5655643042096785,33.59695702113533,8.017388450655245,416,443,375,435,33.59695702113533,NEUTRAL,program,sonic_drive_three_laps.py,function,ec959a186dbd8278df967871b3a34262848e2c5ecc08c20aa12abb30068f0552,右壁追従 | target_deg=6.392,,163.76384406500273,180.38613759958557,250.0,127.64118558581869,89.3278146468722,0,89.9,58.96974145640269,3
89.95,881.1567790070877,407.617513173055,47.81306311933815,26.845351242251873,2.565851686383796,33.59679985900886,8.018286519949362,416,443,375,435,33.59679985900886,NEUTRAL,program,sonic_drive_three_laps.py,function,ec959a186dbd8278df967871b3a34262848e2c5ecc08c20aa12abb30068f0552,右壁追従 | target_deg=6.392,,162.42392198033394,180.22012557447408,249.54313110030353,127.90978485926746,89.15671372232303,0,89.95,59.8562125016403,3
90.0,882.1499054674504,408.5208193236092,47.61025819878816,26.8525267920309,2.5664193348085105,33.5964894262766,8.020060421276595,416,443,375,435,33.5964894262766,NEUTRAL,program,sonic_drive_three_laps.py,function,ec959a186dbd8278df967871b3a34262848e2c5ecc08c20aa12abb30068f0552,右壁追従 | target_deg=6.394,,161.6261927012441,178.66448778336135,250.0,128.51873465835038,89.55792985062018,0,90.0,60.746676470100795,3
90.05,883.1400496984623,409.4278416259902,47.407215662335375,26.85784621824237,2.568843762856381,33.59516356718792,8.02763675892619,416,443,375,435,33.59516356718792,NEUTRAL,program,sonic_drive_three_laps.py,function,ec959a186dbd8278df967871b3a34262848e2c5ecc08c20aa12abb30068f0552,右壁追従 | target_deg=6.400,,159.59255312535933,178.46066360110794,249.74486473418574,129.03101938631335,89.01760901606728,0,90.05,61.641052701720525,3
90.1,884.1271664854787,410.3385348089826,47.2048218366736,26.8628229686368,2.5601606548751743,33.59991214186514,8.00050204648492,416,443,375,435,33.59991214186514,NEUTRAL,program,sonic_drive_three_laps.py,function,ec959a186dbd8278df967871b3a34262848e2c5ecc08c20aa12abb30068f0552,右壁追従 | target_deg=6.378,,158.75132645697477,176.3824857415694,249.46776077880924,128.69206863314906,90.08276652416865,0,90.1,62.53935064534244,3
90.15,885.1112149764765,411.2528546789766,47.00232840651617,26.866593981445394,2.561014387297123,33.599445256946886,8.00316996030351,416,443,375,435,33.599445256946886,NEUTRAL,program,sonic_drive_three_laps.py,function,ec959a186dbd8278df967871b3a34262848e2c5ecc08c20aa12abb30068f0552,右壁追従 | target_deg=6.380,,157.5614475628086,175.8456673451521,250.0,128.0161125955571,89.8751455393271,0,90.15,63.44147957709458,3
90.2,886.092131612149,412.1707517880763,46.799443129738904,26.869055208071323,2.565679401512802,33.596894077297684,8.017748129727506,416,443,375,435,33.596894077297684,NEUTRAL,program,sonic_drive_three_laps.py,function,ec959a186dbd8278df967871b3a34262848e2c5ecc08c20aa12abb30068f0552,右壁追従 | target_deg=6.392,,155.62109819433616,174.51529287115892,249.9212083426111,126.42021559032426,89.23043838151455,0,90.2,64.34737337420773,3
90.25,887.0698980567565,413.09220382084015,46.597357244135594,26.871982840124446,2.555323235819999,33.60255760541094,7.985385111937497,417,443,375,435,33.60255760541094,NEUTRAL,program,sonic_drive_three_laps.py,function,ec959a186dbd8278df967871b3a34262848e2c5ecc08c20aa12abb30068f0552,右壁追従 | target_deg=6.366,,154.3933152575181,174.6624813765598,249.21679773426823,125.76319452396639,90.25457590951805,0,90.25,65.25707971203991,3
90.3,888.0444939584106,414.0171830036818,46.39508286834047,26.87403851894402,2.557475268254076,33.60138071267355,7.992110213293988,417,443,375,435,33.60138071267355,NEUTRAL,program,sonic_drive_three_laps.py,function,ec959a186dbd8278df967871b3a34262848e2c5ecc08c20aa12abb30068f0552,右壁追従 | target_deg=6.372,,153.02078273388054,172.8455786039456,249.97727812163774,126.53775937082568,89.9801614994395,0,90.3,66.17051259226935,3
90.35,889.0158801622417,414.94565744992076,46.192732846446944,26.875552958375838,2.558266080128512,33.60094823742972,7.9945815004016,417,443,375,435,33.60094823742972,NEUTRAL,program,sonic_drive_three_laps.py,function,ec959a186dbd8278df967871b3a34262848e2c5ecc08c20aa12abb30068f0552,右壁追従 | target_deg=6.373,,152.65836623085374,171.4566610144043,250.0,124.74138101435489,90.05144402331919,0,90.35,67.08764712571775,3
90.4,889.9840314396441,415.87760374790753,45.99046190389623,26.876837432936753,2.5571369169663725,33.601565748534014,7.991052865519913,417,443,375,435,33.601565748534014,NEUTRAL,program,sonic_drive_three_laps.py,function,ec959a186dbd8278df967871b3a34262848e2c5ecc08c20aa12abb30068f0552,右壁追従 | target_deg=6.371,,151.64214393985895,171.27972543580105,250.0,123.65385074352399,90.26022460865894,0,90.4,68.0084687076739,3
90.45,890.948952142998,416.81301381914244,45.78891123994654,26.878744547430205,2.5478858658995156,33.6066249170862,7.962143330935986,417,443,375,435,33.6066249170862,NEUTRAL,program,sonic_drive_three_laps.py,function,ec959a186dbd8278df967871b3a34262848e2c5ecc08c20aa12abb30068f0552,右壁追従 | target_deg=6.348,,150.14568974661478,169.7891528878391,250.0,121.9965012121,91.4230629911209,0,90.45,68.93300341494756,3
90.5,891.9049139848865,417.74817964302605,45.44734134675997,26.659368456340257,4.787885865899516,32.3816249170862,14.962143330935987,415,450,375,435,32.3816249170862,NEUTRAL,program,sonic_drive_three_laps.py,function,ec959a186dbd8278df967871b3a34262848e2c5ecc08c20aa12abb30068f0552,左回避 | target_deg=11.827,,149.08234635748462,168.61282106822887,250.0,122.50283742326981,91.20040983057838,0,90.5,69.85021708515586,3
90.55,892.8424152455732,418.6790720727051,44.93426053116377,26.268577682208896,7.027885865899516,31.156624917086205,21.962143330935987,413,458,375,435,31.156624917086205,NEUTRAL,program,sonic_drive_three_laps.py,function,ec959a186dbd8278df967871b3a34262848e2c5ecc08c20aa12abb30068f0552,左回避 | target_deg=17.129,,147.1685196778767,167.61899279160585,249.91747736963845,121.84588548633491,90.33862208736964,0,90.55,70.7552752425197,3
90.6,893.7536490887891,419.6028918469656,44.256245496786676,25.745002345938182,9.267885865899515,29.931624917086204,28.962143330935987,412,465,375,435,29.931624917086204,NEUTRAL,program,sonic_drive_three_laps.py,function,ec959a186dbd8278df967871b3a34262848e2c5ecc08c20aa12abb30068f0552,左回避 | target_deg=22.193,,145.73201137971162,167.30127257128137,250.0,119.95698439941404,91.13177913827984,0,90.6,71.6470442124409,3
90.65,894.6323143131187,420.5175418884409,43.42129512805775,25.1185668600601,11.507885865899516,28.706624917086202,35.96214333093599,410,472,375,435,28.706624917086202,NEUTRAL,program,sonic_drive_three_laps.py,function,ec959a186dbd8278df967871b3a34262848e2c5ecc08c20aa12abb30068f0552,左回避 | target_deg=26.976,,145.02246149272966,166.29067185255911,250.0,119.36665859772677,91.08059957864045,0,90.65,72.52549728149194,3
90.7,895.4733773774922,421.42132406811675,42.43830286503345,24.412451852656396,13.747885865899516,27.4816249170862,42.96214333093599,409,480,375,435,27.4816249170862,NEUTRAL,program,sonic_drive_three_laps.py,function,ec959a186dbd8278df967871b3a34262848e2c5ecc08c20aa12abb30068f0552,左回避 | target_deg=31.452,,144.1459921270837,166.15010184991576,250.0,117.81530233127285,92.14142365704139,0,90.7,73.39130348524117,3
90.75,896.2728782855319,422.3127280728361,41.31670052893821,23.64461395086857,15.987885865899516,26.256624917086203,49.96214333093599,407,487,375,435,26.256624917086203,NEUTRAL,program,sonic_drive_three_laps.py,function,ec959a186dbd8278df967871b3a34262848e2c5ecc08c20aa12abb30068f0552,左回避 | target_deg=35.614,,143.57705695264568,166.23661178647043,250.0,118.45923002167076,91.95834865714342,0,90.75,74.24551774728934,3
90.8,897.027774240088,423.1902888935084,40.066224844169994,22.828963065039062,18.227885865899516,25.0316249170862,56.96214333093599,406,494,375,435,25.0316249170862,NEUTRAL,program,sonic_drive_three_laps.py,function,ec959a186dbd8278df967871b3a34262848e2c5ecc08c20aa12abb30068f0552,左回避 | target_deg=39.465,,141.73693462461677,166.57030165579317,249.02385784202278,116.85435553666646,92.94575180929027,0,90.8,75.08934923909209,3
90.85,897.7358150589322,424.0524951699681,38.69677175951733,21.97627435935711,20.467885865899515,23.8066249170862,63.96214333093599,404,502,375,435,23.8066249170862,NEUTRAL,program,sonic_drive_three_laps.py,function,ec959a186dbd8278df967871b3a34262848e2c5ecc08c20aa12abb30068f0552,左回避 | target_deg=43.018,,141.31549497062818,166.184082132322,249.8452132170058,116.64004363915444,93.81048466417795,0,90.85,75.92398945598444,3
90.9,898.3954446691987,424.897735094594,37.21831374745048,21.09489470022565,22.707885865899517,22.581624917086202,70.96214333093599,403,509,375,435,22.581624917086202,NEUTRAL,program,sonic_drive_three_laps.py,function,ec959a186dbd8278df967871b3a34262848e2c5ecc08c20aa12abb30068f0552,左回避 | target_deg=46.293,,141.3837419919035,167.8333724494582,249.4138467214422,117.14558323315843,93.51628164784644,0,90.9,76.75048549835486,3
90.95,899.0057234907723,425.7242699758696,35.64086260473988,20.191289898979427,24.947885865899515,21.356624917086204,77.96214333093599,401,516,375,435,21.356624917086204,NEUTRAL,program,sonic_drive_three_laps.py,function,ec959a186dbd8278df967871b3a34262848e2c5ecc08c20aa12abb30068f0552,左回避 | target_deg=49.310,,141.6108102608197,168.3396893908389,249.95225197265214,115.4717982140608,94.25406286136206,0,90.95,77.5696473416453,3
91.0,899.5662670958529,426.53022809905445,33.97446565623494,19.270468627639556,27.187885865899517,20.131624917086203,84.96214333093599,400,524,375,435,20.131624917086203,NEUTRAL,program,sonic_drive_three_laps.py,function,ec959a186dbd8278df967871b3a34262848e2c5ecc08c20aa12abb30068f0552,左回避 | target_deg=52.091,,141.43603318044453,169.6260796733026,250.0,115.64801441468693,95.33943564968764,0,91.0,78.3819805058368,3
91.05,900.0771971311028,427.31361338315537,32.229227238567006,18.33631080074675,29.427885865899515,18.906624917086205,91.96214333093599,398,531,375,435,18.906624917086205,NEUTRAL,program,sonic_drive_three_laps.py,function,ec959a186dbd8278df967871b3a34262848e2c5ecc08c20aa12abb30068f0552,左回避 | target_deg=54.660,,141.13812309532614,169.30460775361482,250.0,116.30637618645306,96.56734300134016,0,91.05,79.18763757106501,3
91.1,900.5391010693023,428.07232468235736,30.41535032839758,17.391821952857825,31.667885865899517,17.6816249170862,98.96214333093599,397,538,375,435,17.6816249170862,NEUTRAL,program,sonic_drive_three_laps.py,function,ec959a186dbd8278df967871b3a34262848e2c5ecc08c20aa12abb30068f0552,左回避 | target_deg=57.038,,143.18752020959712,169.8417742060106,250.0,117.2761421378721,97.48038152397083,0,91.1,79.98638352212248,3
91.15,900.95623276876,428.8088833341159,28.632588324395982,16.627438821889534,32.0,17.5,100.0,396,540,375,435,17.5,NEUTRAL,program,sonic_drive_three_laps.py,function,ec959a186dbd8278df967871b3a34262848e2c5ecc08c20aa12abb30068f0552,左回避 | target_deg=57.375,,143.36627120402753,170.08697259210356,250.0,117.0437325195408,99.73231698439209,0,91.15,80.77902386807529,3
91.2,901.3353180855888,429.5286139920792,26.919360553116235,16.035317554612696,32.0,17.5,100.0,396,540,375,435,17.5,NEUTRAL,program,sonic_drive_three_laps.py,function,ec959a186dbd8278df967871b3a34262848e2c5ecc08c20aa12abb30068f0552,左回避 | target_deg=57.375,,143.4221849376542,170.74597384662695,249.71846377785891,117.37957751760712,101.43756834000746,0,91.2,81.56822934541691,3
91.25,901.6818129662893,430.2362206572843,25.259996736089676,15.576637108960547,32.0,17.5,100.0,396,540,375,435,17.5,NEUTRAL,program,sonic_drive_three_laps.py,function,ec959a186dbd8278df967871b3a34262848e2c5ecc08c20aa12abb30068f0552,左回避 | target_deg=57.375,,145.51991691375704,172.00077465331464,250.0,118.99281904640812,103.17016402247809,0,91.25,82.35762538664233,3
91.3,901.9997334877362,430.93541182202756,23.64235805867017,15.22132517735027,32.0,17.5,100.0,396,540,375,435,17.5,NEUTRAL,program,sonic_drive_three_laps.py,function,ec959a186dbd8278df967871b3a34262848e2c5ecc08c20aa12abb30068f0552,左回避 | target_deg=57.375,,145.74866047155393,172.4168117179575,249.82008993940678,119.55471487664705,105.98861939273847,0,91.3,83.1502169497806,3
91.35,902.2920301829986,431.629073254069,22.05704131712352,14.946086566371054,32.0,17.5,100.0,396,540,375,435,17.5,NEUTRAL,program,sonic_drive_three_laps.py,function,ec959a186dbd8278df967871b3a34262848e2c5ecc08c20aa12abb30068f0552,左回避 | target_deg=57.375,,145.4139649558128,173.98020181397527,250.0,120.753917745311,107.38331984792708,0,91.35,83.94843218587346,3
91.4,902.5608640754709,432.31941872451955,20.49676241962979,14.732875902067045,32.0,17.5,100.0,396,540,375,435,17.5,NEUTRAL,program,sonic_drive_three_laps.py,function,ec959a186dbd8278df967871b3a34262848e2c5ecc08c20aa12abb30068f0552,左回避 | target_deg=57.375,,144.50471084013398,176.00933415685776,250.0,121.21457406563093,108.47972511615313,0,91.4,84.75418652345672,3
91.45,902.8078109958491,433.0081176797941,18.955878821888035,14.567714527319406,32.0,17.5,100.0,396,540,375,435,17.5,NEUTRAL,program,sonic_drive_three_laps.py,function,ec959a186dbd8278df967871b3a34262848e2c5ecc08c20aa12abb30068f0552,左回避 | target_deg=57.375,,143.63507888042204,176.87137447386456,249.83647709110176,123.88317631029143,111.7655368626951,0,91.45,85.5689521278697,3
91.5,903.0340132941901,433.69640133130537,17.430019586933838,14.439774023979318,32.0,17.5,100.0,396,540,375,435,17.5,NEUTRAL,program,sonic_drive_three_laps.py,function,ec959a186dbd8278df967871b3a34262848e2c5ecc08c20aa12abb30068f0552,左回避 | target_deg=57.375,,143.85660735241765,178.88030763310545,249.60013811458222,124.56217053060622,113.25263706150506,0,91.5,86.39382491565908,3
91.55,903.2402927794775,434.38514966677934,15.915798814909266,14.340666273030124,32.0,17.5,100.0,396,540,375,435,17.5,NEUTRAL,program,sonic_drive_three_laps.py,function,ec959a186dbd8278df967871b3a34262848e2c5ecc08c20aa12abb30068f0552,左回避 | target_deg=57.375,,143.17260513281838,179.96694288352458,249.4105480025884,125.16244018238058,116.61993649654617,0,91.55,87.22958543019263,3
91.6,903.4272349613915,435.0749621599116,14.410593654480351,14.263893507238375,32.0,17.5,100.0,396,540,375,435,17.5,NEUTRAL,program,sonic_drive_three_laps.py,function,ec959a186dbd8278df967871b3a34262848e2c5ecc08c20aa12abb30068f0552,左回避 | target_deg=57.375,,141.8572829713102,182.33491614753305,250.0,124.7842104612225,116.66307700597525,0,91.6,88.07675219142828,3
91.65,903.5952519758891,435.7662148515996,12.912372341741104,14.204422300285689,32.0,17.5,100.0,396,540,375,435,17.5,NEUTRAL,program,sonic_drive_three_laps.py,function,ec959a186dbd8278df967871b3a34262848e2c5ecc08c20aa12abb30068f0552,左回避 | target_deg=57.375,,142.14746801139268,184.30505291519023,250.0,123.1474050237923,117.21751338442209,0,91.65,88.93562737712375,3
91.7,903.7446296319897,436.459106204818,11.41956099237882,14.158353561978107,32.0,17.5,100.0,396,540,375,435,17.5,NEUTRAL,program,sonic_drive_three_laps.py,function,ec959a186dbd8278df967871b3a34262848e2c5ecc08c20aa12abb30068f0552,左回避 | target_deg=57.375,,141.60115641199505,186.93196670816417,249.76759088565225,122.64890751810793,116.9119316057776,0,91.7,89.74668322292064,3
91.75,903.8755626036199,437.1536938076806,9.930940413640457,14.12266690354286,32.0,17.5,100.0,396,540,375,435,17.5,NEUTRAL,program,sonic_drive_three_laps.py,function,ec959a186dbd8278df967871b3a34262848e2c5ecc08c20aa12abb30068f0552,左回避 | target_deg=57.375,,141.7949064932244,191.1943486972102,250.0,121.84368689845228,116.4438836641985,0,91.75,90.05347400850931,3
91.8,903.98818075587,437.8499236722104,8.44556617081949,14.095022612922808,32.0,17.5,100.0,396,540,375,435,17.5,NEUTRAL,program,sonic_drive_three_laps.py,function,ec959a186dbd8278df967871b3a34262848e2c5ecc08c20aa12abb30068f0552,左回避 | target_deg=57.375,,140.51829717434396,193.11512201045787,144.80836125430852,121.01554650150767,115.15299296611249,0,91.8,90.38502827050688,3
91.85,904.0825688334775,438.5476535765089,6.962706667609439,14.073608257043212,32.0,17.5,100.0,396,540,375,435,17.5,NEUTRAL,program,sonic_drive_three_laps.py,function,ec959a186dbd8278df967871b3a34262848e2c5ecc08c20aa12abb30068f0552,左回避 | target_deg=57.375,,141.8694431085953,195.83020929621384,145.288027975621,120.98178650213943,115.88922322200727,0,91.85,90.74113921073884,3
91.9,904.1587811759082,439.2466716357402,5.481795180708247,14.057019853888264,32.0,17.5,100.0,396,540,375,435,17.5,NEUTRAL,program,sonic_drive_three_laps.py,function,ec959a186dbd8278df967871b3a34262848e2c5ecc08c20aa12abb30068f0552,左回避 | target_deg=57.375,,142.18005422408675,198.42936904255487,184.77362405752348,118.48285466811934,115.66742850618542,0,91.9,91.12159155624963,3
91.95,904.2168527047622,439.94671106445753,4.0023927039339355,14.044169823713258,32.0,17.5,100.0,396,540,375,435,17.5,NEUTRAL,program,sonic_drive_three_laps.py,function,ec959a186dbd8278df967871b3a34262848e2c5ecc08c20aa12abb30068f0552,左回避 | target_deg=57.375,,141.30076465171442,201.85386305599616,229.70553642052016,119.21925037029612,113.86347539885888,0,91.95,91.52615749009773,3
92.0,904.2568071170967,440.64746190694467,2.5241591658141544,14.034215684429558,32.0,17.5,100.0,396,540,375,435,17.5,NEUTRAL,program,sonic_drive_three_laps.py,function,ec959a186dbd8278df967871b3a34262848e2c5ecc08c20aa12abb30068f0552,左回避 | target_deg=57.375,,141.8495537126429,205.3204736112337,249.7376078863564,118.30530973238743,115.13355031875807,0,92.0,91.95459411154242,3
92.05,904.2786629849037,441.3485803592951,1.046831133597749,14.026504816242491,32.0,17.5,100.0,396,540,375,435,17.5,NEUTRAL,program,sonic_drive_three_laps.py,function,ec959a186dbd8278df967871b3a34262848e2c5ecc08c20aa12abb30068f0552,左回避 | target_deg=57.375,,143.02349778694307,210.99260548521582,250.0,117.87863771057727,115.24905102633556,0,92.05,92.40664194908253,3
92.1,904.2824382861597,442.0496961822481,-0.4297954580958674,14.020531674165236,32.0,17.5,100.0,396,540,375,435,17.5,NEUTRAL,program,sonic_drive_three_laps.py,function,ec959a186dbd8278df967871b3a34262848e2c5ecc08c20aa12abb30068f0552,左回避 | target_deg=57.375,,144.48882900478495,214.06945028530495,249.8350817427157,117.956224953514,114.16448833854479,0,92.1,92.88202419002424,3
92.15,904.2681537616975,442.7504186028366,-1.905878686344579,14.015904643147518,32.0,17.5,100.0,396,540,375,435,17.5,NEUTRAL,program,sonic_drive_three_laps.py,function,ec959a186dbd8278df967871b3a34262848e2c5ecc08c20aa12abb30068f0552,左回避 | target_deg=57.375,,144.56259850492484,219.7050379133951,249.59507874244645,117.54302574545896,115.14304356363996,0,92.15,93.38044639039092,3
92.2,904.2358353936481,443.45034102157956,-3.381541003876407,14.012320362753378,32.0,17.5,100.0,396,540,375,435,17.5,NEUTRAL,program,sonic_drive_three_laps.py,function,ec959a186dbd8278df967871b3a34262848e2c5ecc08c20aa12abb30068f0552,左回避 | target_deg=57.375,,146.13679682445462,225.45732384837112,249.2900436900327,118.17686011291185,114.9259512267139,0,92.2,93.90159650041713,3
92.25,904.1855162271734,444.1490447767174,-4.856877267395589,14.009543838045719,32.0,17.5,100.0,396,540,375,435,17.5,NEUTRAL,program,sonic_drive_three_laps.py,function,ec959a186dbd8278df967871b3a34262848e2c5ecc08c20aa12abb30068f0552,左回避 | target_deg=57.375,,146.14760506047057,231.21616716215752,249.55285285333815,118.4655994072452,115.63115194203806,0,92.25,94.4451450917288,3
92.3,904.1172377015816,444.8461021648326,-6.331960956639676,14.007393032694425,32.0,17.5,100.0,396,540,375,435,17.5,NEUTRAL,program,sonic_drive_three_laps.py,function,ec959a186dbd8278df967871b3a34262848e2c5ecc08c20aa12abb30068f0552,左回避 | target_deg=57.375,,147.6754640556665,237.1292380012347,249.93097142662032,119.1682578922295,116.07091552199934,0,92.3,95.01074570838652,3
92.35,904.0310506151155,445.54107887560366,-7.806848991906406,14.005726934191362,32.0,17.5,100.0,396,540,375,435,17.5,NEUTRAL,program,sonic_drive_three_laps.py,function,ec959a186dbd8278df967871b3a34262848e2c5ecc08c20aa12abb30068f0552,左回避 | target_deg=57.375,,148.96611141752305,244.17310045033852,250.0,119.66096837233405,116.71834814070645,0,92.35,95.59803528942989,3
92.4,903.9270158162939,446.23353596534673,-9.28158546589924,14.004436308696013,32.0,17.5,100.0,396,540,375,435,17.5,NEUTRAL,program,sonic_drive_three_laps.py,function,ec959a186dbd8278df967871b3a34262848e2c5ecc08c20aa12abb30068f0552,左回避 | target_deg=57.375,,150.61197020679123,250.0,249.57629393633684,119.58107673599451,117.0017234424985,0,92.4,96.20663462842673,3
92.45,903.805204691129,446.9230314677163,-10.756204534562329,14.003436539374942,32.0,17.5,100.0,396,540,375,435,17.5,NEUTRAL,program,sonic_drive_three_laps.py,function,ec959a186dbd8278df967871b3a34262848e2c5ecc08c20aa12abb30068f0552,左回避 | target_deg=57.375,,151.65656244252457,249.7638767206672,249.66924716904398,120.09761496438497,118.09253657289622,0,92.45,96.83614884794045,3
92.5,903.6656994978648,447.60912171909695,-12.230732656434668,14.002662078697577,32.0,17.5,100.0,396,540,375,435,17.5,NEUTRAL,program,sonic_drive_three_laps.py,function,ec959a186dbd8278df967871b3a34262848e2c5ecc08c20aa12abb30068f0552,左回避 | target_deg=57.375,,153.7827352365887,250.0,249.99812195963113,121.21851665526758,118.68751330391903,0,92.5,97.48616787536807,3
92.55,903.508593587637,448.29136245972006,-13.705190327342336,14.002062150966102,32.0,17.5,100.0,396,540,375,435,17.5,NEUTRAL,program,sonic_drive_three_laps.py,function,ec959a186dbd8278df967871b3a34262848e2c5ecc08c20aa12abb30068f0552,左回避 | target_deg=57.375,,153.0769158058435,250.0,250.0,122.18486911137646,120.27562788553425,0,92.55,98.15626691238785,3
92.6,903.3339915395633,448.96930975849585,-15.179593424159066,14.001597423325943,32.0,17.5,100.0,396,540,375,435,17.5,NEUTRAL,program,sonic_drive_three_laps.py,function,ec959a186dbd8278df967871b3a34262848e2c5ecc08c20aa12abb30068f0552,左回避 | target_deg=57.375,,153.25073853847778,250.0,250.0,122.54445358067362,121.5566351890287,0,92.6,98.84600689410003,3
92.65,903.1420092313693,449.6425207992471,-16.653954245736344,14.001237426999387,32.0,17.5,100.0,396,540,375,435,17.5,NEUTRAL,program,sonic_drive_three_laps.py,function,ec959a186dbd8278df967871b3a34262848e2c5ecc08c20aa12abb30068f0552,左回避 | target_deg=57.375,,153.410191600591,250.0,249.6467759292657,123.79750610304824,122.72270520922329,0,92.65,99.5549349364297,3
92.7,902.9327738611448,450.3105545579097,-18.128282319248825,14.000958559671654,32.0,17.5,100.0,396,540,375,435,17.5,NEUTRAL,program,sonic_drive_three_laps.py,function,ec959a186dbd8278df967871b3a34262848e2c5ecc08c20aa12abb30068f0552,左回避 | target_deg=57.375,,154.58996144677172,249.99835622273926,249.61063902161916,122.91760217795276,123.27107487149905,0,92.7,100.28258477192195,3
92.75,902.706423931721,450.9729723938577,-19.60258502482094,14.00074253806049,32.0,17.5,100.0,396,540,375,435,17.5,NEUTRAL,program,sonic_drive_three_laps.py,function,ec959a186dbd8278df967871b3a34262848e2c5ecc08c20aa12abb30068f0552,左回避 | target_deg=57.375,,154.94760066959662,250.0,249.9947119774279,124.16889043453638,123.54904809179584,0,92.75,101.0284771749536,3
92.8,902.4631092061178,451.6293385734737,-21.07686807938768,14.000575199215637,32.0,17.5,100.0,396,540,375,435,17.5,NEUTRAL,program,sonic_drive_three_laps.py,function,ec959a186dbd8278df967871b3a34262848e2c5ecc08c20aa12abb30068f0552,左回避 | target_deg=57.375,,156.25780879339143,250.0,249.87978655376546,123.21796711966579,124.97553420838076,0,92.8,101.79212037787654,3
92.85,902.2029906402485,452.27922074012196,-22.551135911512034,14.000445571958224,32.0,17.5,100.0,396,540,375,435,17.5,NEUTRAL,program,sonic_drive_three_laps.py,function,ec959a186dbd8278df967871b3a34262848e2c5ecc08c20aa12abb30068f0552,左回避 | target_deg=57.375,,156.0275576047989,249.35012631749743,249.66605286530535,121.77072565393212,122.48388710975708,0,92.85,102.57301047979884,3
92.9,901.9262402974097,452.92219034156534,-24.02539195173324,14.000345157581162,32.0,17.5,100.0,396,540,375,435,17.5,NEUTRAL,program,sonic_drive_three_laps.py,function,ec959a186dbd8278df967871b3a34262848e2c5ecc08c20aa12abb30068f0552,左回避 | target_deg=57.375,,157.82593121685787,249.32075938586038,250.0,121.35750896184659,121.99398375152924,0,92.9,103.37063184972632,3
92.95,901.633041247855,453.5578230234267,-25.499638857481955,14.000267372651342,32.0,17.5,100.0,396,540,375,435,17.5,NEUTRAL,program,sonic_drive_three_laps.py,function,ec959a186dbd8278df967871b3a34262848e2c5ecc08c20aa12abb30068f0552,左回避 | target_deg=57.375,,158.84713446941942,249.719283390095,250.0,120.7881545221689,121.13076387016301,0,92.95,104.184457525696,3
93.0,901.3235874558528,454.1856989953742,-26.973878687308655,14.000207117382281,32.0,17.5,100.0,396,540,375,435,17.5,NEUTRAL,program,sonic_drive_three_laps.py,function,ec959a186dbd8278df967871b3a34262848e2c5ecc08c20aa12abb30068f0552,左回避 | target_deg=57.375,,160.6476561109887,249.59473682658606,249.1231854695441,120.08562402073787,120.24604311638474,0,93.0,105.01394961138064,3
93.05,900.9980836559715,454.8054033752128,-28.448113035847626,14.000160441278599,32.0,17.5,100.0,396,540,375,435,17.5,NEUTRAL,program,sonic_drive_three_laps.py,function,ec959a186dbd8278df967871b3a34262848e2c5ecc08c20aa12abb30068f0552,左回避 | target_deg=57.375,,160.76952624485597,250.0,250.0,119.42028353463324,119.52024509768353,0,93.05,105.85855967146259,3
93.1,900.6567452198561,455.41652651488505,-29.922343138365278,14.000124284131031,32.0,17.5,100.0,396,540,375,435,17.5,NEUTRAL,program,sonic_drive_three_laps.py,function,ec959a186dbd8278df967871b3a34262848e2c5ecc08c20aa12abb30068f0552,左回避 | target_deg=57.375,,163.89064343738542,249.95579644410682,250.0,120.12601141086988,119.40063173180334,0,93.1,106.71772912688864,3
93.15,900.299798014421,456.01866431146755,-31.396569951747665,14.000096275381006,32.0,17.5,100.0,396,540,375,435,17.5,NEUTRAL,program,sonic_drive_three_laps.py,function,ec959a186dbd8278df967871b3a34262848e2c5ecc08c20aa12abb30068f0552,左回避 | target_deg=57.375,,165.85002421603124,249.63611642485037,249.89340368500137,119.72791913423767,117.8363280886394,0,93.15,107.5908896509261,3
93.2,899.927478252126,456.61141850552895,-32.87079421723638,14.000074578700522,32.0,17.5,100.0,396,540,375,435,17.5,NEUTRAL,program,sonic_drive_three_laps.py,function,ec959a186dbd8278df967871b3a34262848e2c5ecc08c20aa12abb30068f0552,左回避 | target_deg=57.375,,167.34476697338025,250.0,250.0,118.75219307329787,117.6332400600669,0,93.2,108.47540172287302,3
93.25,899.540032333836,457.1943969686563,-34.34501650902632,14.000057771597614,32.0,17.5,100.0,396,540,375,435,17.5,NEUTRAL,program,sonic_drive_three_laps.py,function,ec959a186dbd8278df967871b3a34262848e2c5ecc08c20aa12abb30068f0552,左回避 | target_deg=57.375,,168.27059157786442,250.0,249.98832629692293,120.14813507187633,118.11016093626247,0,93.25,109.04347368999595,3
93.3,899.137716684633,457.7672139815197,-35.819237271911504,14.000044752154,32.0,17.5,100.0,396,540,375,435,17.5,NEUTRAL,program,sonic_drive_three_laps.py,function,ec959a186dbd8278df967871b3a34262848e2c5ecc08c20aa12abb30068f0552,左回避 | target_deg=57.375,,171.45682912162377,249.9523082829052,250.0,120.31927895306207,118.07318326243164,0,93.3,109.61277118260449,3
93.35,898.7207975828654,458.3294905035034,-37.29345685044689,14.000034666780397,32.0,17.5,100.0,396,540,375,435,17.5,NEUTRAL,program,sonic_drive_three_laps.py,function,ec959a186dbd8278df967871b3a34262848e2c5ecc08c20aa12abb30068f0552,左回避 | target_deg=57.375,,174.47930596137192,249.27781798199518,250.0,120.12221427022948,116.53746312691602,0,93.35,110.18291745773593,3
93.4,898.2895509826618,458.88085443466775,-38.7676755115383,14.00002685425294,32.0,17.5,100.0,396,540,375,435,17.5,NEUTRAL,program,sonic_drive_three_laps.py,function,ec959a186dbd8278df967871b3a34262848e2c5ecc08c20aa12abb30068f0552,左回避 | target_deg=57.375,,177.54635905218979,249.58032588075218,250.0,121.20921981313258,117.43491923038673,0,93.4,110.75353518278405,3
93.45,897.844262330091,459.42094087060224,-40.24189346194143,14.00002080236159,32.0,17.5,100.0,396,540,375,435,17.5,NEUTRAL,program,sonic_drive_three_laps.py,function,ec959a186dbd8278df967871b3a34262848e2c5ecc08c20aa12abb30068f0552,左回避 | target_deg=57.375,,180.20676577022115,250.0,249.85942655018064,121.17983190238459,118.08935891241694,0,93.45,111.32424669127874,3
93.5,897.3852263731325,459.94939235056785,-41.71611086181747,14.000016114328282,32.0,17.5,100.0,396,540,375,435,17.5,NEUTRAL,program,sonic_drive_three_laps.py,function,ec959a186dbd8278df967871b3a34262848e2c5ecc08c20aa12abb30068f0552,左回避 | target_deg=57.375,,184.14017304526763,250.0,249.9754579398979,121.80755309222108,117.33090057363472,0,93.5,111.89467423760851,3
93.55,896.9127469655963,460.46585909920657,-43.190327835233575,14.000012482793116,32.0,17.5,100.0,396,540,375,435,17.5,NEUTRAL,program,sonic_drive_three_laps.py,function,ec959a186dbd8278df967871b3a34262848e2c5ecc08c20aa12abb30068f0552,左回避 | target_deg=57.375,,187.37089775405977,129.52287038893434,250.0,121.95006351441987,118.51054934882015,0,93.55,112.4644402507862,3
93.6,896.423681096442,460.9742332093369,-44.57495475256712,14.180298173385726,29.76,18.5,93.0,398,532,375,435,18.5,NEUTRAL,program,sonic_drive_three_laps.py,function,ec959a186dbd8278df967871b3a34262848e2c5ecc08c20aa12abb30068f0552,右壁追従 | target_deg=55.024,,192.2362608436825,188.03171661702459,250.0,123.62911005238887,119.22218203783835,0,93.6,113.03315510948352,3
93.65,895.9135063893035,461.4803930993781,-45.86140728808499,14.500243070951612,27.52,19.5,86.0,399,525,375,435,19.5,NEUTRAL,program,sonic_drive_three_laps.py,function,ec959a186dbd8278df967871b3a34262848e2c5ecc08c20aa12abb30068f0552,右壁追従 | target_deg=52.485,,196.73316918869847,250.0,182.55776759155205,123.81178044673531,119.2806938699405,0,93.65,113.60427035233823,3
93.7,895.3785086765179,461.98864130923687,-47.060085488540494,14.928373488670381,25.28,20.5,79.0,400,517,375,435,20.5,NEUTRAL,program,sonic_drive_three_laps.py,function,ec959a186dbd8278df967871b3a34262848e2c5ecc08c20aa12abb30068f0552,右壁追従 | target_deg=49.736,,199.92625531759813,249.896380983376,178.7497791991015,125.58003144122938,120.18485597851246,0,93.7,114.18072195967983,3
93.75,894.8156696638011,462.5021141385012,-48.17611413701013,15.440308669600995,23.04,21.5,72.0,401,510,375,435,21.5,NEUTRAL,program,sonic_drive_three_laps.py,function,ec959a186dbd8278df967871b3a34262848e2c5ecc08c20aa12abb30068f0552,右壁追従 | target_deg=46.756,,204.25262473075188,250.0,174.81532426901,125.99845693468033,120.30009018372172,0,93.75,114.7643287947538,3
93.8,894.2225887866347,463.02312143730086,-49.21080720702105,16.017162319538084,20.8,22.5,65.0,403,503,375,435,22.5,NEUTRAL,program,sonic_drive_three_laps.py,function,ec959a186dbd8278df967871b3a34262848e2c5ecc08c20aa12abb30068f0552,右壁追従 | target_deg=43.521,,207.57885008637945,249.78360839822548,172.11850627185413,126.80773712139859,121.60720261928559,0,93.8,115.3560492275389,3
93.85,893.5974096755783,463.5534087494968,-50.162709883149915,16.644304371430206,18.56,23.5,58.0,404,495,375,435,23.5,NEUTRAL,program,sonic_drive_three_laps.py,function,ec959a186dbd8278df967871b3a34262848e2c5ecc08c20aa12abb30068f0552,右壁追従 | target_deg=40.010,,211.31573947622573,249.99510556912398,170.69359900616726,127.8480765641473,121.2145597040883,0,93.85,115.73954145165605,3
93.9,892.9387556303502,464.0943618873084,-51.02833749246798,17.31040179934852,16.32,24.5,51.0,405,488,375,435,24.5,NEUTRAL,program,sonic_drive_three_laps.py,function,ec959a186dbd8278df967871b3a34262848e2c5ecc08c20aa12abb30068f0552,右壁追従 | target_deg=36.204,,214.88125439041977,250.0,168.20765234743772,128.0813362021933,123.33484516031174,0,93.9,115.74024048264845,3
93.95,892.2456755334293,464.64716840602637,-51.80269637502417,18.006675595223367,14.08,25.5,44.0,406,481,375,435,25.5,NEUTRAL,program,sonic_drive_three_laps.py,function,ec959a186dbd8278df967871b3a34262848e2c5ecc08c20aa12abb30068f0552,右壁追従 | target_deg=32.089,,218.54970780056715,249.467332435252,166.0619013317845,127.89251246034432,122.4570456516715,0,93.95,115.64702252815252,3
94.0,891.5176003115938,465.21294653034465,-52.479647395709236,18.72632519377142,11.84,26.5,37.0,408,473,375,435,26.5,NEUTRAL,program,sonic_drive_three_laps.py,function,ec959a186dbd8278df967871b3a34262848e2c5ecc08c20aa12abb30068f0552,右壁追従 | target_deg=27.659,,221.4612765562274,250.0,166.02804617323727,128.77216716230166,122.63838944107385,0,94.0,115.48967339007356,3
94.05,890.7543095705853,465.79284929961693,-53.05215548528221,19.464082609383592,9.6,27.5,30.0,409,466,375,435,27.5,NEUTRAL,program,sonic_drive_three_laps.py,function,ec959a186dbd8278df967871b3a34262848e2c5ecc08c20aa12abb30068f0552,右壁追従 | target_deg=22.921,,223.96279183590886,248.75573075166713,165.00215782106912,128.70031042524215,122.67137217569935,0,94.05,115.31394023824959,3
94.1,889.9559079622999,466.38814968000105,-53.512456226690034,20.215867053004658,7.36,28.5,23.0,410,459,375,435,28.5,NEUTRAL,program,sonic_drive_three_laps.py,function,ec959a186dbd8278df967871b3a34262848e2c5ecc08c20aa12abb30068f0552,右壁追従 | target_deg=17.896,,226.82978278421442,250.0,164.42964330350438,129.19440108694758,122.89394227354826,0,94.1,115.1163932495842,3
94.15,889.1228109777313,467.00031089344304,-53.85216162910737,20.978517384770367,5.12,29.5,16.0,411,451,375,435,29.5,NEUTRAL,program,sonic_drive_three_laps.py,function,ec959a186dbd8278df967871b3a34262848e2c5ecc08c20aa12abb30068f0552,右壁追従 | target_deg=12.626,,227.85646014597805,250.0,163.14863746109882,128.7912419752579,122.87672596810144,0,94.15,114.89330020531078,3
94.2,888.2557400819514,467.6310450724006,-54.0623208411661,21.749584861286703,2.88,30.5,9.0,413,444,375,435,30.5,NEUTRAL,program,sonic_drive_three_laps.py,function,ec959a186dbd8278df967871b3a34262848e2c5ecc08c20aa12abb30068f0552,右壁追従 | target_deg=7.168,,228.74159218262946,249.70653062127639,164.02463600061236,128.37046985068605,121.76634077539546,0,94.2,114.64061502586704,3
94.25,887.3557247062047,468.28235877382104,-54.134375101629686,22.52717258951278,0.6681613163193435,31.5,2.0880041134979486,414,437,375,435,31.5,NEUTRAL,program,sonic_drive_three_laps.py,function,ec959a186dbd8278df967871b3a34262848e2c5ecc08c20aa12abb30068f0552,右壁追従 | target_deg=1.670,,228.64978699112004,250.0,163.1783403302887,127.82705123415892,121.61974293081992,0,94.25,114.35415256047757,3
94.3,886.4235059797265,468.95574945252207,-54.18049621683977,23.30981116141779,0.6817616159118839,32.5,2.130505049724637,415,437,375,435,32.5,NEUTRAL,program,sonic_drive_three_laps.py,function,ec959a186dbd8278df967871b3a34262848e2c5ecc08c20aa12abb30068f0552,右壁追従 | target_deg=1.704,,228.18966321932248,250.0,164.39560773397176,126.68820523450572,120.80649990707442,0,94.3,114.05324039176249,3
94.35,885.4588921227546,469.6513227238799,-54.229521516147145,24.096362315689973,0.7007714783352332,33.5,2.189910869797604,416,437,375,435,33.5,NEUTRAL,program,sonic_drive_three_laps.py,function,ec959a186dbd8278df967871b3a34262848e2c5ecc08c20aa12abb30068f0552,右壁追従 | target_deg=1.751,,227.2852975047731,250.0,165.1047126467625,126.51100281453043,119.93808530741934,0,94.35,113.74326899334883,3
94.4,884.4616754551887,470.3690780411047,-54.28092080414521,24.885944310303486,0.7111329195327053,34.5,2.222290373539704,418,437,375,435,34.5,NEUTRAL,program,sonic_drive_three_laps.py,function,ec959a186dbd8278df967871b3a34262848e2c5ecc08c20aa12abb30068f0552,右壁追従 | target_deg=1.777,,226.6262927667517,249.98806222006837,165.60079163226203,125.71977238912731,120.40912399442814,0,94.4,113.42421228675704,3
94.45,883.4356451894375,471.10614098519903,-54.33488644497581,25.516134865640286,0.7261503690237358,34.602886516940146,2.269219903199174,418,437,375,435,34.602886516940146,NEUTRAL,program,sonic_drive_three_laps.py,function,ec959a186dbd8278df967871b3a34262848e2c5ecc08c20aa12abb30068f0552,右壁追従 | target_deg=1.815,,226.1930229535471,250.0,166.26053686646227,125.02515068018737,119.79511955308865,0,94.45,113.09749536499837,3
94.5,882.3868237962447,471.8580456138404,-54.39130592566531,26.002625893982128,0.7431835040757258,34.59357152120859,2.322448450236643,418,437,375,435,34.59357152120859,NEUTRAL,program,sonic_drive_three_laps.py,function,ec959a186dbd8278df967871b3a34262848e2c5ecc08c20aa12abb30068f0552,右壁追従 | target_deg=1.857,,225.51725146578934,248.85088537910656,167.47401145862216,123.93584536411664,119.79892567023298,0,94.5,112.69751783012832,3
94.55,881.3201943742752,472.6210989004173,-54.44978544349647,26.378020092016158,0.7580007033071122,34.58546836537892,2.3687521978347257,418,437,375,435,34.58546836537892,NEUTRAL,program,sonic_drive_three_laps.py,function,ec959a186dbd8278df967871b3a34262848e2c5ecc08c20aa12abb30068f0552,右壁追従 | target_deg=1.894,,223.05439221435762,250.0,168.4788736366519,122.14724530821913,120.03722528746418,0,94.55,111.6457285572867,3
94.6,880.2396279305428,473.3924207842501,-54.510770197779195,26.666561753022222,0.7808564048603567,34.57296915359199,2.4401762651886147,418,437,375,435,34.57296915359199,NEUTRAL,program,sonic_drive_three_laps.py,function,ec959a186dbd8278df967871b3a34262848e2c5ecc08c20aa12abb30068f0552,右壁追従 | target_deg=1.952,,221.61141360340784,249.50167835800778,168.72927443863276,122.6242887729879,118.28049949695557,0,94.6,110.585443497523,3
94.65,879.1481195020882,474.16977222064435,-54.573744066197605,26.888302834057956,0.7988557416058637,34.56312576630929,2.496424192518324,418,437,375,435,34.56312576630929,NEUTRAL,program,sonic_drive_three_laps.py,function,ec959a186dbd8278df967871b3a34262848e2c5ecc08c20aa12abb30068f0552,右壁追従 | target_deg=1.996,,221.63136636191862,249.6404342274912,170.17738837907154,122.06296789257789,118.95323647869634,0,94.65,109.51989389232185,3
94.7,878.047986982822,474.95141350776305,-54.63886667894934,27.057959208024773,0.8202867626819988,34.55140567665828,2.5633961333812465,418,437,375,435,34.55140567665828,NEUTRAL,program,sonic_drive_three_laps.py,function,ec959a186dbd8278df967871b3a34262848e2c5ecc08c20aa12abb30068f0552,右壁追従 | target_deg=2.050,,219.97713545022523,249.64429657269645,170.4574522140141,120.66081338399758,117.64683440822837,0,94.7,108.45160059814454,3
94.75,876.9410134406018,475.73600133314073,-54.705517856682235,27.187927964589484,0.8350313854161939,34.543342211100516,2.609473079425606,418,437,375,435,34.543342211100516,NEUTRAL,program,sonic_drive_three_laps.py,function,ec959a186dbd8278df967871b3a34262848e2c5ecc08c20aa12abb30068f0552,右壁追従 | target_deg=2.087,,220.02719404606756,249.70511093475898,171.23390411247536,120.75090848672585,117.98306249334084,0,94.75,107.38254023069156,3
94.8,875.8285774762617,476.52249231499326,-54.77394617240262,27.286756792986765,0.8537958479511031,34.53308039565174,2.668112024847197,418,437,375,435,34.53308039565174,NEUTRAL,program,sonic_drive_three_laps.py,function,ec959a186dbd8278df967871b3a34262848e2c5ecc08c20aa12abb30068f0552,右壁追従 | target_deg=2.134,,219.67038187633867,250.0,171.99388827975304,120.00892331825133,117.28090275671047,0,94.8,106.31426278997878,3
94.85,874.711756113632,477.31005492608875,-54.844430571394426,27.361050979254042,0.87674334846391,34.520530981308795,2.739822963949719,418,437,375,435,34.520530981308795,NEUTRAL,program,sonic_drive_three_laps.py,function,ec959a186dbd8278df967871b3a34262848e2c5ecc08c20aa12abb30068f0552,右壁追従 | target_deg=2.191,,217.72637685874986,250.0,172.83785531225678,118.04541084019202,116.38953831970387,0,94.85,105.24800509783357,3
94.9,873.5913888683742,478.09802372105094,-54.9171358806437,27.41608279874716,0.9022961162338082,34.506556811434635,2.8196753632306506,418,437,375,435,34.506556811434635,NEUTRAL,program,sonic_drive_three_laps.py,function,ec959a186dbd8278df967871b3a34262848e2c5ecc08c20aa12abb30068f0552,右壁追従 | target_deg=2.255,,216.061448963005,249.807170402601,173.99621900585828,117.32788325367996,115.76331592034009,0,94.9,104.18476080280416,3
94.95,872.4681109868355,478.8858871486201,-54.991476129234655,27.456866313769098,0.9210221552896506,34.49631600882597,2.878194235280158,418,438,375,435,34.49631600882597,NEUTRAL,program,sonic_drive_three_laps.py,function,ec959a186dbd8278df967871b3a34262848e2c5ecc08c20aa12abb30068f0552,右壁追従 | target_deg=2.302,,214.87829557529537,249.4375111471998,174.69872063148713,116.73583453710471,115.78685678360098,0,94.95,103.12533331786285,3
95.0,871.3423948529263,479.67326515587536,-55.06707646470464,27.487035384750133,0.9354594131526415,34.48842063343215,2.9233106661020045,418,438,375,435,34.48842063343215,NEUTRAL,program,sonic_drive_three_laps.py,function,ec959a186dbd8278df967871b3a34262848e2c5ecc08c20aa12abb30068f0552,右壁追従 | target_deg=2.338,,214.5813143984763,249.7556194145712,174.7149511394569,117.1054311968671,115.20948320446644,0,95.0,102.07036517945252,3
95.05,870.2146072770662,480.4598545128659,-55.144280257077355,27.508535066558455,0.9544305893209387,34.47804577146511,2.9825955916279336,418,438,375,435,34.47804577146511,NEUTRAL,program,sonic_drive_three_laps.py,function,ec959a186dbd8278df967871b3a34262848e2c5ecc08c20aa12abb30068f0552,右壁追従 | target_deg=2.385,,214.3761437630601,249.62807928052055,175.72872872899222,115.66469586594643,114.71119175258008,0,95.05,101.0203795089671,3
95.1,869.0850415939337,481.2453957413278,-55.22339620099616,27.522919598116815,0.9774536845898615,34.46545501623992,3.054542764343317,418,438,375,435,34.46545501623992,NEUTRAL,program,sonic_drive_three_laps.py,function,ec959a186dbd8278df967871b3a34262848e2c5ecc08c20aa12abb30068f0552,右壁追従 | target_deg=2.442,,212.97724008308703,250.0,177.38649693764071,115.13833179094676,114.63834230835847,0,95.1,99.9758252192959,3
95.15,867.9539215829179,482.02967730595714,-55.30426043291237,27.53197317476957,0.9986438258650999,34.453866657730025,3.120761955828437,418,438,375,435,34.453866657730025,NEUTRAL,program,sonic_drive_three_laps.py,function,ec959a186dbd8278df967871b3a34262848e2c5ecc08c20aa12abb30068f0552,右壁追従 | target_deg=2.495,,211.1322176779043,250.0,178.58331080888286,114.19319820370792,114.6427160965113,0,95.15,98.93709671871468,3
95.2,866.8214275510826,482.81251344582535,-55.38743065625624,27.53620178816689,1.0268869998608268,34.43842117195111,3.209021874565084,418,438,375,435,34.43842117195111,NEUTRAL,program,sonic_drive_three_laps.py,function,ec959a186dbd8278df967871b3a34262848e2c5ecc08c20aa12abb30068f0552,右壁追従 | target_deg=2.566,,211.40598652208587,250.0,178.9124912629876,112.49327390597324,112.69899118196376,0,95.2,97.90452514806012,3
95.25,865.6876699039016,483.59377952455117,-55.471548640326205,27.53833496104603,1.0384745484011821,34.432084231343104,3.2452329637536943,418,438,375,435,34.432084231343104,NEUTRAL,program,sonic_drive_three_laps.py,function,ec959a186dbd8278df967871b3a34262848e2c5ecc08c20aa12abb30068f0552,右壁追従 | target_deg=2.595,,210.27743441619987,250.0,178.8568740372803,112.34658860226986,113.11809422576991,0,95.25,96.87844209105388,3
95.3,864.5527027308314,484.37341638111815,-55.55619193388944,27.539353594525885,1.0449029113530415,34.42856872035381,3.2653215979782546,418,438,375,435,34.42856872035381,NEUTRAL,program,sonic_drive_three_laps.py,function,ec959a186dbd8278df967871b3a34262848e2c5ecc08c20aa12abb30068f0552,右壁追従 | target_deg=2.611,,208.8359655562073,250.0,178.68962775160819,112.06894825424752,112.92045515841042,0,95.3,95.85911216551034,3
95.35,863.4165618476466,485.1513834310152,-55.641394365319215,27.53946404286389,1.0517858502787283,34.42480461312882,3.286830782121026,418,438,375,435,34.42480461312882,NEUTRAL,program,sonic_drive_three_laps.py,function,ec959a186dbd8278df967871b3a34262848e2c5ecc08c20aa12abb30068f0552,右壁追従 | target_deg=2.628,,209.0577166585932,249.656523939949,179.5132445064538,110.57456275013104,113.28116593768964,0,95.35,94.84677547119901,3
95.4,862.2802735669572,485.92635098419055,-55.769325892706775,27.487387651337652,1.5808370538664136,34.13547973616681,4.940115793332542,417,440,375,435,34.13547973616681,NEUTRAL,program,sonic_drive_three_laps.py,function,ec959a186dbd8278df967871b3a34262848e2c5ecc08c20aa12abb30068f0552,右壁追従 | target_deg=3.947,,207.91366918041982,249.51947716678328,250.0,109.72012737983097,113.11435078617197,0,95.4,93.84068693189792,3
95.45,861.1446867528888,486.69679046706193,-55.92077109208276,27.41799850074293,1.87546301148412,33.97435616559462,5.860821910887875,417,441,375,435,33.97435616559462,NEUTRAL,program,sonic_drive_three_laps.py,function,ec959a186dbd8278df967871b3a34262848e2c5ecc08c20aa12abb30068f0552,右壁追従 | target_deg=4.680,,206.5388309693872,250.0,250.0,109.4660611733719,111.57514475077693,0,95.45,92.84216984836937,3
95.5,860.0098532910984,487.46217217825773,-56.084303974144404,27.348995990869945,2.0301452908750743,33.88976429405269,6.3442040339846075,417,441,375,435,33.88976429405269,NEUTRAL,program,sonic_drive_three_laps.py,function,ec959a186dbd8278df967871b3a34262848e2c5ecc08c20aa12abb30068f0552,右壁追従 | target_deg=5.064,,204.17925365381237,249.96578495076267,250.0,108.9311766785659,111.98123751824563,0,95.5,91.85169495306347,3
95.55,858.8754894194819,488.22243953357236,-56.254546006762084,27.2868448727407,2.1183752520688097,33.84151353402487,6.61992266271503,417,441,375,435,33.84151353402487,NEUTRAL,program,sonic_drive_three_laps.py,function,ec959a186dbd8278df967871b3a34262848e2c5ecc08c20aa12abb30068f0552,右壁追従 | target_deg=5.283,,204.09891716919114,93.702543331138,249.56450535931654,107.58561129122435,110.81488798221739,0,95.55,90.86928025266128,3
95.6,857.7411937879639,488.9777413869324,-56.42795442450155,27.23438007883245,2.1621916608524763,33.8175514354713,6.756848940163988,417,442,375,435,33.8175514354713,NEUTRAL,program,sonic_drive_three_laps.py,function,ec959a186dbd8278df967871b3a34262848e2c5ecc08c20aa12abb30068f0552,右壁追従 | target_deg=5.392,,201.67718034020183,91.15152602167674,250.0,108.02597545867606,111.70893159165239,0,95.6,89.89482393732379,3
95.65,856.6065704135831,489.7282835793916,-56.60355842373403,27.190668265144595,2.1933343170767223,33.80052029534867,6.854169740864757,417,442,375,435,33.80052029534867,NEUTRAL,program,sonic_drive_three_laps.py,function,ec959a186dbd8278df967871b3a34262848e2c5ecc08c20aa12abb30068f0552,右壁追従 | target_deg=5.469,,205.22948996302205,91.17695253585089,250.0,106.24557061635741,110.6748256531211,0,95.65,88.92814912744691,3
95.7,855.4712562159705,490.47428002647973,-56.77991493179181,27.155574087767803,2.2058428834254347,33.79367967312672,6.893259010704483,417,442,375,435,33.79367967312672,NEUTRAL,program,sonic_drive_three_laps.py,function,ec959a186dbd8278df967871b3a34262848e2c5ecc08c20aa12abb30068f0552,右壁追従 | target_deg=5.500,,204.7783216643149,89.94782034724486,249.09451655602393,105.82710663162511,110.32891706545809,0,95.7,87.96916153650504,3
95.75,854.3349514200836,491.21591582789245,-56.957261341350375,27.126917978043853,2.2207602133978317,33.78552175829806,6.939875666868224,417,442,375,435,33.78552175829806,NEUTRAL,program,sonic_drive_three_laps.py,function,ec959a186dbd8278df967871b3a34262848e2c5ecc08c20aa12abb30068f0552,右壁追従 | target_deg=5.537,,204.33650446603292,88.76352554314578,250.0,106.05584661233507,110.12867443777685,0,95.75,87.0177566547779,3
95.8,853.1974364034115,491.95331043357515,-57.13605490317774,27.102723793222363,2.241004936268815,33.774450425477994,7.003140425840048,417,442,375,435,33.774450425477994,NEUTRAL,program,sonic_drive_three_laps.py,function,ec959a186dbd8278df967871b3a34262848e2c5ecc08c20aa12abb30068f0552,右壁追従 | target_deg=5.588,,204.19380306461866,87.78636545683271,250.0,104.32401322144767,108.47989108507393,0,95.8,86.07389320615563,3
95.85,852.0585112502808,492.6865804403282,-57.31494237731977,27.083694289894076,2.243923283326919,33.772854454430586,7.012260260396622,417,442,375,435,33.772854454430586,NEUTRAL,program,sonic_drive_three_laps.py,function,ec959a186dbd8278df967871b3a34262848e2c5ecc08c20aa12abb30068f0552,右壁追従 | target_deg=5.595,,203.39816770830848,87.60212260306159,249.65432056913934,103.57829118476623,109.19904045147644,0,95.85,85.13766645302529,3
95.9,850.9180201182189,493.4158197593426,-57.494698484950064,27.067739242240705,2.2562367047490937,33.76612055209034,7.050739702340917,417,442,375,435,33.76612055209034,NEUTRAL,program,sonic_drive_three_laps.py,function,ec959a186dbd8278df967871b3a34262848e2c5ecc08c20aa12abb30068f0552,右壁追従 | target_deg=5.625,,202.93300495014145,94.78156994152589,250.0,103.63009831841079,108.098834030228,0,95.9,84.20910093542082,3
95.95,849.7758463975532,494.14108834631975,-57.67504521800288,27.054531890597346,2.2648369502601544,33.76141729282648,7.077615469562983,417,442,375,435,33.76141729282648,NEUTRAL,program,sonic_drive_three_laps.py,function,ec959a186dbd8278df967871b3a34262848e2c5ecc08c20aa12abb30068f0552,右壁追従 | target_deg=5.647,,202.7136470083522,98.38693905410732,249.8058291765458,104.00382966102859,107.63443789974419,0,95.95,83.28832382267083,3
96.0,848.6318882757356,494.86244312090923,-57.855700340292316,27.043822869792987,2.2696859274662935,33.75876550841687,7.092768523332167,417,442,375,435,33.75876550841687,NEUTRAL,program,sonic_drive_three_laps.py,function,ec959a186dbd8278df967871b3a34262848e2c5ecc08c20aa12abb30068f0552,右壁追従 | target_deg=5.659,,203.56562609410886,98.2746130144843,250.0,102.28116948929238,107.79557973613105,0,96.0,82.37548993018517,3
96.05,847.486064653492,495.5799298422117,-58.036716785400856,27.03500086038302,2.2750247256441845,33.755845853163336,7.109452267638076,417,442,375,435,33.755845853163336,NEUTRAL,program,sonic_drive_three_laps.py,function,ec959a186dbd8278df967871b3a34262848e2c5ecc08c20aa12abb30068f0552,右壁追従 | target_deg=5.672,,202.3582191636468,101.33324236034723,250.0,101.41672468535782,107.42664547394267,0,96.05,81.47076169028728,3
96.1,846.3383294051347,496.29356259863823,-58.218675069805215,27.026931416185676,2.2875564456164135,33.74899256880352,7.1486138925512925,417,442,375,435,33.74899256880352,NEUTRAL,program,sonic_drive_three_laps.py,function,ec959a186dbd8278df967871b3a34262848e2c5ecc08c20aa12abb30068f0552,右壁追従 | target_deg=5.703,,202.05977994951328,102.44922601749825,249.8955884168198,101.00387226258653,106.0212245940024,0,96.1,80.57429820835864,3
96.15,845.1886419035136,497.0033510048898,-58.401028922391035,27.020129685163198,2.293143141812105,33.745937344321504,7.166072318162827,417,442,375,435,33.745937344321504,NEUTRAL,program,sonic_drive_three_laps.py,function,ec959a186dbd8278df967871b3a34262848e2c5ecc08c20aa12abb30068f0552,右壁追従 | target_deg=5.717,,202.34808783629293,104.15628627536279,250.0,100.90366082072468,106.27639972028489,0,96.15,79.68635050440156,3
96.2,844.036946598199,497.70932970892096,-58.58313739807946,27.015116942626232,2.2905451867039597,33.74735810102127,7.157953708449874,417,442,375,435,33.74735810102127,NEUTRAL,program,sonic_drive_three_laps.py,function,ec959a186dbd8278df967871b3a34262848e2c5ecc08c20aa12abb30068f0552,右壁追従 | target_deg=5.710,,202.4803204988125,105.16597736103844,250.0,99.69606560705141,107.02793757907823,0,96.2,78.80718636343488,3
96.25,842.8832109946787,498.41151765786003,-58.76570208693445,27.01062940634051,2.2966759932794405,33.744005316175304,7.177112478998251,417,442,375,435,33.744005316175304,NEUTRAL,program,sonic_drive_three_laps.py,function,ec959a186dbd8278df967871b3a34262848e2c5ecc08c20aa12abb30068f0552,右壁追従 | target_deg=5.726,,200.77067708616084,106.54406999745547,249.99801032091318,99.24573309195338,106.01443946822866,0,96.25,77.93700136925095,3
96.3,841.7274199248814,499.1099144987255,-58.948624974665165,27.00667441633785,2.3015318823428057,33.74134975184378,7.192287132321268,417,442,375,435,33.74134975184378,NEUTRAL,program,sonic_drive_three_laps.py,function,ec959a186dbd8278df967871b3a34262848e2c5ecc08c20aa12abb30068f0552,右壁追従 | target_deg=5.738,,201.19783531953408,107.9734243967625,250.0,97.87864807099363,105.80471001176166,0,96.3,77.07607015282413,3
96.35,840.5695670677829,499.8045128470226,-59.132112110052816,27.002879030232595,2.30895308114125,33.73729128375088,7.215478378566406,417,442,375,435,33.73729128375088,NEUTRAL,program,sonic_drive_three_laps.py,function,ec959a186dbd8278df967871b3a34262848e2c5ecc08c20aa12abb30068f0552,右壁追従 | target_deg=5.756,,201.12839890367007,108.86795441579297,250.0,98.5936922519672,105.1562232901986,0,96.35,76.22465824390405,3
96.4,839.4096553500067,500.4952951994222,-59.316285334675825,26.999056448944767,2.317904075808964,33.73239620854197,7.243450236903013,417,442,375,435,33.73239620854197,NEUTRAL,program,sonic_drive_three_laps.py,function,ec959a186dbd8278df967871b3a34262848e2c5ecc08c20aa12abb30068f0552,右壁追従 | target_deg=5.778,,201.27765636658245,110.65175447638313,250.0,96.80947339677722,104.48666497517787,0,96.4,75.38305083547183,4
96.45,838.2476719775522,501.1822611216102,-59.500456984638944,26.996069222241918,2.3181688424605884,33.73225141427937,7.2442776326893386,417,442,375,435,33.73225141427937,NEUTRAL,program,sonic_drive_three_laps.py,function,ec959a186dbd8278df967871b3a34262848e2c5ecc08c20aa12abb30068f0552,右壁追従 | target_deg=5.779,,201.1324694155139,110.58422250741333,250.0,96.86202009851776,105.09538832775789,0,96.45,74.55160651295247,4
96.5,837.0836171838619,501.8654019415208,-59.685341915275885,26.992844393977684,2.3274066568252567,33.72719948454869,7.273145802578927,417,442,375,435,33.72719948454869,NEUTRAL,program,sonic_drive_three_laps.py,function,ec959a186dbd8278df967871b3a34262848e2c5ecc08c20aa12abb30068f0552,右壁追従 | target_deg=5.802,,200.63771005698112,112.61663325469708,249.80808808239237,96.18514852974351,103.68019525453343,0,96.5,73.73057949567826,4
96.55,835.9174909439657,502.5447060426261,-59.87044871545905,26.990046014217246,2.330452450073632,33.72553381636598,7.282663906480099,417,442,375,435,33.72553381636598,NEUTRAL,program,sonic_drive_three_laps.py,function,ec959a186dbd8278df967871b3a34262848e2c5ecc08c20aa12abb30068f0552,右壁追従 | target_deg=5.809,,199.80584743262278,113.57663414227049,249.9454125991967,95.40363419188965,104.07288544644184,0,96.55,72.92034087826168,4
96.6,834.7493004174335,503.220157596936,-60.056270409626336,26.986966531300837,2.3396998280682855,33.72047665652516,7.311561962713393,417,442,375,435,33.72047665652516,NEUTRAL,program,sonic_drive_three_laps.py,function,ec959a186dbd8278df967871b3a34262848e2c5ecc08c20aa12abb30068f0552,右壁追従 | target_deg=5.832,,200.2653440933276,114.60975672352154,250.0,94.94870480611215,103.10309553909511,0,96.6,72.1211840458666,4
96.65,833.5790391515687,503.8917527859481,-60.242008966472454,26.98466184714401,2.3388802700302023,33.72092485232724,7.309000843844382,417,442,375,435,33.72092485232724,NEUTRAL,program,sonic_drive_three_laps.py,function,ec959a186dbd8278df967871b3a34262848e2c5ecc08c20aa12abb30068f0552,右壁追従 | target_deg=5.830,,200.59238253428921,116.06937287072356,250.0,94.37295230658434,103.87897836166401,0,96.65,71.33353175545174,4
96.7,832.4066858921112,504.5595097706807,-60.42745180621303,26.983228127959453,2.335314380104448,33.72287494838038,7.297857437826399,417,442,375,435,33.72287494838038,NEUTRAL,program,sonic_drive_three_laps.py,function,ec959a186dbd8278df967871b3a34262848e2c5ecc08c20aa12abb30068f0552,右壁追従 | target_deg=5.821,,200.0156529398661,117.0837172385453,249.1690887600469,93.55314620635929,103.46862777551708,0,96.7,70.55776184821013,4
96.75,831.2322539265742,505.22341451622873,-60.61371775961577,26.9810806848895,2.3458303783467533,33.71712401184162,7.330719932333604,417,442,375,435,33.71712401184162,NEUTRAL,program,sonic_drive_three_laps.py,function,ec959a186dbd8278df967871b3a34262848e2c5ecc08c20aa12abb30068f0552,右壁追従 | target_deg=5.847,,199.23351459839947,117.54376279732034,250.0,92.54468293783006,102.62861551939685,0,96.75,69.79413745692356,4
96.8,830.0557428243624,505.88346095017675,-60.79967582845072,26.979785107966723,2.3420987895558265,33.719164724461656,7.319058717361958,417,442,375,435,33.719164724461656,NEUTRAL,program,sonic_drive_three_laps.py,function,ec959a186dbd8278df967871b3a34262848e2c5ecc08c20aa12abb30068f0552,右壁追従 | target_deg=5.838,,199.52127446851665,118.42884601105729,250.0,92.75461971971694,103.88744112679387,0,96.8,69.04316175479252,4
96.85,828.8771496175956,506.53965305714223,-60.98580981157319,26.97855253745599,2.3444210673520467,33.71789472879185,7.326315835475146,417,442,375,435,33.71789472879185,NEUTRAL,program,sonic_drive_three_laps.py,function,ec959a186dbd8278df967871b3a34262848e2c5ecc08c20aa12abb30068f0552,右壁追従 | target_deg=5.844,,199.50150662951526,119.82453009687487,249.5499946930708,91.94835713998478,102.85651064921834,0,96.85,68.30517853869215,4
96.9,827.6964888744707,507.19197534434676,-61.17235214293561,26.977079385336403,2.349678464045297,33.71501958997523,7.342745200141552,417,442,375,435,33.71501958997523,NEUTRAL,program,sonic_drive_three_laps.py,function,ec959a186dbd8278df967871b3a34262848e2c5ecc08c20aa12abb30068f0552,右壁追従 | target_deg=5.857,,199.08461573960324,120.75543952800513,249.74404317020293,91.0855804365509,102.51068961570347,0,96.9,67.58057125661091,4
96.95,826.5138043675914,507.84038029794056,-61.36027205343859,26.974209323297046,2.3672137911764968,33.70542995795035,7.397543097426553,417,442,375,435,33.70542995795035,NEUTRAL,program,sonic_drive_three_laps.py,function,ec959a186dbd8278df967871b3a34262848e2c5ecc08c20aa12abb30068f0552,右壁追従 | target_deg=5.900,,199.32117680156526,121.37862587518231,250.0,90.16382521900675,100.78687136733578,0,96.95,66.86964697927193,4
97.0,825.3291308520363,508.48482072669447,-61.54898586373844,26.970974342851537,2.377475108360567,33.69981830011531,7.429609713626772,417,442,375,435,33.69981830011531,NEUTRAL,program,sonic_drive_three_laps.py,function,ec959a186dbd8278df967871b3a34262848e2c5ecc08c20aa12abb30068f0552,右壁追従 | target_deg=5.926,,199.56205158726888,122.45353485758409,249.63036716465268,89.67701029491144,100.29952007316132,0,97.0,66.17289351214171,4
97.05,824.1424794589881,509.1252739964381,-61.738231392603865,26.967780748521687,2.3844495917843984,33.696004129492906,7.451404974326245,417,442,375,435,33.696004129492906,NEUTRAL,program,sonic_drive_three_laps.py,function,ec959a186dbd8278df967871b3a34262848e2c5ecc08c20aa12abb30068f0552,右壁追従 | target_deg=5.943,,198.49827594438983,122.91707311427348,250.0,89.02845276185937,100.4698478286822,0,97.05,65.4907638443833,4
97.1,822.9538631928327,509.7617166818048,-61.928264498388415,26.96430017014617,2.394659964136109,33.690420332113064,7.483312387925341,417,442,375,435,33.690420332113064,NEUTRAL,program,sonic_drive_three_laps.py,function,ec959a186dbd8278df967871b3a34262848e2c5ecc08c20aa12abb30068f0552,右壁追従 | target_deg=5.968,,198.8785879182575,123.34508410625565,249.62858755998465,89.69620674085307,99.22735420607215,0,97.1,64.82365361136803,4
97.15,821.7633134936805,510.3941048341411,-62.11964607739124,26.959894991102463,2.4119933099201862,33.6809411586374,7.537479093500583,417,442,375,435,33.6809411586374,NEUTRAL,program,sonic_drive_three_laps.py,function,ec959a186dbd8278df967871b3a34262848e2c5ecc08c20aa12abb30068f0552,右壁追従 | target_deg=6.011,,199.36185499656122,124.52830647055622,250.0,88.92992950484069,98.00269091371811,0,97.15,64.17192251796068,4
97.2,820.5708459190048,511.02240493308614,-62.31169391098712,26.955617390646278,2.420768328107881,33.676142320566,7.564901025337128,417,442,375,435,33.676142320566,NEUTRAL,program,sonic_drive_three_laps.py,function,ec959a186dbd8278df967871b3a34262848e2c5ecc08c20aa12abb30068f0552,右壁追従 | target_deg=6.033,,197.5659723846225,124.97847896843075,250.0,87.58538548925445,98.0703167345239,0,97.2,63.53609402007335,4
97.25,819.3764593899213,511.6466028341111,-62.5043027497417,26.951570703925146,2.428203664067355,33.672076121213166,7.588136450210484,417,442,375,435,33.672076121213166,NEUTRAL,program,sonic_drive_three_laps.py,function,ec959a186dbd8278df967871b3a34262848e2c5ecc08c20aa12abb30068f0552,右壁追従 | target_deg=6.052,,198.6256547403864,124.75610070308677,249.6538995802281,87.13486138782234,97.35594378516583,0,97.25,62.91662055851094,4
97.3,818.1801603952135,512.2666783492031,-62.69773468588221,26.947377268334495,2.4389416302824305,33.666203795939296,7.621692594632595,417,443,375,435,33.666203795939296,NEUTRAL,program,sonic_drive_three_laps.py,function,ec959a186dbd8278df967871b3a34262848e2c5ecc08c20aa12abb30068f0552,右壁追従 | target_deg=6.078,,199.9802339816428,125.67991038548733,249.21550626501983,87.02259954344106,96.00869034910085,0,97.3,62.31390891226003,4
97.35,816.981943399452,512.8826218527889,-62.89140102178514,26.943803740520973,2.442239227519559,33.66440042245024,7.631997585998622,417,443,375,435,33.66440042245024,NEUTRAL,program,sonic_drive_three_laps.py,function,ec959a186dbd8278df967871b3a34262848e2c5ecc08c20aa12abb30068f0552,右壁追従 | target_deg=6.086,,198.5418864781421,126.68339553660904,249.12082766008578,85.40887656493464,96.24350100556131,0,97.35,61.72849225869933,4
97.4,815.7818352958785,513.4943965797155,-63.08668562564526,26.93898702806602,2.4630162587691733,33.65303798348561,7.696925808653666,417,443,375,435,33.65303798348561,NEUTRAL,program,sonic_drive_three_laps.py,function,ec959a186dbd8278df967871b3a34262848e2c5ecc08c20aa12abb30068f0552,右壁追従 | target_deg=6.138,,198.82412543790727,127.07424421328275,250.0,84.90642325419526,94.56586563027966,0,97.4,61.16061559693082,4
97.45,814.5798584974085,514.1019608975166,-63.28277337675439,26.934215009750268,2.4735725781009763,33.647264996351026,7.729914306565551,417,443,375,435,33.647264996351026,NEUTRAL,program,sonic_drive_three_laps.py,function,ec959a186dbd8278df967871b3a34262848e2c5ecc08c20aa12abb30068f0552,右壁追従 | target_deg=6.164,,199.70758697495728,127.74124374460159,250.0,86.23422450572849,94.64182555295307,0,97.45,60.61084745272018,4
97.5,813.3760520140038,514.7052600143941,-63.480873762778344,26.92796662404051,2.4994540661753923,33.633111057560335,7.810793956798101,417,443,375,435,33.633111057560335,NEUTRAL,program,sonic_drive_three_laps.py,function,ec959a186dbd8278df967871b3a34262848e2c5ecc08c20aa12abb30068f0552,右壁追従 | target_deg=6.228,,199.58191884345064,127.4447701415374,250.0,84.14296672454309,91.92106237144799,0,97.5,60.07943816051278,4
97.55,812.1704299228415,515.3042534408745,-63.67967601305024,26.92219973000248,2.508852573981108,33.627971248604084,7.840164293690963,417,443,375,435,33.627971248604084,NEUTRAL,program,sonic_drive_three_laps.py,function,ec959a186dbd8278df967871b3a34262848e2c5ecc08c20aa12abb30068f0552,右壁追従 | target_deg=6.251,,198.62080221308037,128.1768989250597,250.0,83.68228409205337,92.52016995937065,0,97.55,59.56702930215033,4
97.6,810.9629895076499,515.8989227498791,-63.87945691720617,26.9164633227103,2.5217248350464545,33.620931730833966,7.88039010952017,417,443,375,435,33.620931730833966,NEUTRAL,program,sonic_drive_three_laps.py,function,ec959a186dbd8278df967871b3a34262848e2c5ecc08c20aa12abb30068f0552,右壁追従 | target_deg=6.283,,199.40196304706583,128.1648737972753,250.0,83.4272331570584,91.46559825598229,0,97.6,59.07400903830146,4
97.65,809.7537324834952,516.4892448316768,-64.08012900895457,26.91085960306623,2.533490842146057,33.614497195701375,7.917158881706428,417,443,375,435,33.614497195701375,NEUTRAL,program,sonic_drive_three_laps.py,function,ec959a186dbd8278df967871b3a34262848e2c5ecc08c20aa12abb30068f0552,右壁追従 | target_deg=6.312,,199.59103303679973,129.34179614010267,249.82124561542912,82.8791446485995,90.63110124632145,0,97.65,58.60082137915071,4
97.7,808.542689724986,517.0751703006263,-64.28271455363586,26.90408099398926,2.5582156295010483,33.600975827616615,7.994423842190776,417,443,375,435,33.600975827616615,NEUTRAL,program,sonic_drive_three_laps.py,function,ec959a186dbd8278df967871b3a34262848e2c5ecc08c20aa12abb30068f0552,右壁追従 | target_deg=6.373,,199.40681638774927,129.31689337359924,250.0,82.94657414842273,88.33172885197945,0,97.7,58.14770689735744,4
97.75,807.3298659073126,517.6566665251086,-64.48590556986743,26.898017577464007,2.5664557713754186,33.596469500029066,8.020174285548183,416,443,375,435,33.596469500029066,NEUTRAL,program,sonic_drive_three_laps.py,function,ec959a186dbd8278df967871b3a34262848e2c5ecc08c20aa12abb30068f0552,右壁追従 | target_deg=6.394,,200.61846687143068,129.34483874006014,250.0,82.65771527093864,89.00335417957697,0,97.75,57.71530334423113,4
97.8,806.1152489437504,518.2337233094441,-64.68990430103965,26.892260644059675,2.5772065121180323,33.590590188685454,8.05377035036885,416,443,375,435,33.590590188685454,NEUTRAL,program,sonic_drive_three_laps.py,function,ec959a186dbd8278df967871b3a34262848e2c5ecc08c20aa12abb30068f0552,右壁追従 | target_deg=6.420,,199.52049892948753,129.63482409415897,250.0,81.32406442584937,88.15070940507312,0,97.8,57.30398139993559,4
97.85,804.8988411672419,518.8063180933169,-64.8949232936755,26.886477235350657,2.5906337421268124,33.5832471722744,8.09573044414629,416,443,375,435,33.5832471722744,NEUTRAL,program,sonic_drive_three_laps.py,function,ec959a186dbd8278df967871b3a34262848e2c5ecc08c20aa12abb30068f0552,右壁追従 | target_deg=6.454,,200.89130959811948,131.0147092716426,249.7002250545203,80.19570930505276,86.81906761658526,0,97.85,56.91409699473954,4
97.9,803.6806458562575,519.3744269268551,-65.1008247753085,26.88084499191593,2.602319772196549,33.57685637458001,8.132249288114215,416,443,375,435,33.57685637458001,NEUTRAL,program,sonic_drive_three_laps.py,function,ec959a186dbd8278df967871b3a34262848e2c5ecc08c20aa12abb30068f0552,右壁追従 | target_deg=6.482,,200.50691910349047,130.74836662656128,250.0,81.13188962748508,86.5138045861112,0,97.9,56.546058364507736,4
97.95,802.4606759413767,519.9380183692463,-65.30798389833804,26.8748609885674,2.6187611871916756,33.56786497575455,8.183628709973986,416,443,375,435,33.56786497575455,NEUTRAL,program,sonic_drive_three_laps.py,function,ec959a186dbd8278df967871b3a34262848e2c5ecc08c20aa12abb30068f0552,右壁追従 | target_deg=6.523,,200.3685266552541,130.66745687390946,249.71172252590364,80.19794381542768,84.85562604405773,0,97.95,56.20015855692539,4
98.0,801.23893535882,520.4970667444032,-65.51591130160217,26.869213649267703,2.629024302830613,33.562252334389505,8.215700946345665,416,443,375,435,33.562252334389505,NEUTRAL,program,sonic_drive_three_laps.py,function,ec959a186dbd8278df967871b3a34262848e2c5ecc08c20aa12abb30068f0552,右壁追従 | target_deg=6.549,,201.7385967310063,130.1450995709961,249.83342880409833,80.00300977634271,84.78062759787495,0,98.0,55.87684329221265,4
98.05,800.0154215785661,521.0515550807347,-65.72465137269404,26.863773918876845,2.63982683902207,33.556344697409806,8.249458871943968,416,443,375,435,33.556344697409806,NEUTRAL,program,sonic_drive_three_laps.py,function,ec959a186dbd8278df967871b3a34262848e2c5ecc08c20aa12abb30068f0552,右壁追従 | target_deg=6.575,,201.26152750645363,131.54643456787764,249.87165794508618,79.60144142176397,84.10486846415044,0,98.05,55.57644005268646,4
98.1,798.7901237975767,521.6014745730107,-65.93380741743316,26.85899327518345,2.645575738914543,33.55320076778111,8.267424184107947,416,443,375,435,33.55320076778111,NEUTRAL,program,sonic_drive_three_laps.py,function,ec959a186dbd8278df967871b3a34262848e2c5ecc08c20aa12abb30068f0552,右壁追従 | target_deg=6.589,,201.1855393766465,130.8580027729573,250.0,78.58339204268317,84.2376862962856,0,98.1,55.29935228386921,4
98.15,797.5630426419051,522.1468103249337,-66.14383879049574,26.854153017305425,2.657107559806188,33.54689430323099,8.303461124394337,416,443,375,435,33.54689430323099,NEUTRAL,program,sonic_drive_three_laps.py,function,ec959a186dbd8278df967871b3a34262848e2c5ecc08c20aa12abb30068f0552,右壁追従 | target_deg=6.618,,201.65025867407175,130.72123395507248,250.0,78.77237548321483,83.10066848648728,0,98.15,55.045785525624055,4
98.2,796.3341779070083,522.687546772876,-66.35436252258522,26.849745598814675,2.663780944232016,33.54324479612312,8.32431545072505,416,443,375,435,33.54324479612312,NEUTRAL,program,sonic_drive_three_laps.py,function,ec959a186dbd8278df967871b3a34262848e2c5ecc08c20aa12abb30068f0552,右壁追従 | target_deg=6.634,,202.43378529885766,131.35578630325932,250.0,78.6516716317578,83.03331267444091,0,98.2,54.81609968570194,4
98.25,795.1035466357588,523.2236564550807,-66.56609983109286,26.84477300085685,2.6795873615862895,33.5346006616325,8.373710504957154,416,443,375,435,33.5346006616325,NEUTRAL,program,sonic_drive_three_laps.py,function,ec959a186dbd8278df967871b3a34262848e2c5ecc08c20aa12abb30068f0552,右壁追従 | target_deg=6.674,,203.59890187056706,131.59944099351637,250.0,77.27756182467928,81.38797742250836,0,98.25,54.61038708177139,4
98.3,793.8711798559167,523.7550958884297,-66.77912736208187,26.83926113687084,2.6964227913470533,33.52539378598208,8.426321222959542,416,443,375,435,33.52539378598208,NEUTRAL,program,sonic_drive_three_laps.py,function,ec959a186dbd8278df967871b3a34262848e2c5ecc08c20aa12abb30068f0552,右壁追従 | target_deg=6.715,,204.0350344192271,131.4194410006532,250.0,76.90485367241448,80.26169041650685,0,98.3,54.42884051539781,4
98.35,792.637095336585,524.2818307595024,-66.99312598716317,26.833726414579342,2.709253177365724,33.51837716862812,8.466416179267886,416,443,375,435,33.51837716862812,NEUTRAL,program,sonic_drive_three_laps.py,function,ec959a186dbd8278df967871b3a34262848e2c5ecc08c20aa12abb30068f0552,右壁追従 | target_deg=6.747,,204.92134282817025,131.866205764637,249.67197328047519,76.76916714777526,79.42006448368907,0,98.35,54.27171438468792,4
98.4,791.4013026795043,524.8038346679949,-67.20808168163688,26.828190879007675,2.7219122198476935,33.51145425477079,8.505975687024042,416,443,375,435,33.51145425477079,NEUTRAL,program,sonic_drive_three_laps.py,function,ec959a186dbd8278df967871b3a34262848e2c5ecc08c20aa12abb30068f0552,右壁追従 | target_deg=6.778,,205.08250713146026,131.0866979738063,249.73553042287622,76.25659029887855,78.7047655002269,0,98.4,54.139168896655256,4
98.45,790.1638011562555,525.3210900790103,-67.42365754223076,26.823076835696195,2.7302898983697954,33.50687271182902,8.53215593240561,416,443,375,435,33.50687271182902,NEUTRAL,program,sonic_drive_three_laps.py,function,ec959a186dbd8278df967871b3a34262848e2c5ecc08c20aa12abb30068f0552,右壁追従 | target_deg=6.799,,205.87980740184364,132.24656003071905,249.91455550245556,75.26069856275474,78.66837627784507,0,98.45,54.03141435477606,4
98.5,788.9245779495478,525.8335922152994,-67.63957252020049,26.818645282291932,2.7350570042101037,33.5042657008226,8.547053138156574,416,443,375,435,33.5042657008226,NEUTRAL,program,sonic_drive_three_laps.py,function,ec959a186dbd8278df967871b3a34262848e2c5ecc08c20aa12abb30068f0552,右壁追従 | target_deg=6.811,,206.01323524461816,130.7088508917786,250.0,74.98563942320187,78.7157808852969,0,98.5,53.94862860009251,4
98.55,787.683638381435,526.341324931439,-67.85639843485184,26.814030666295082,2.747042976686386,33.497710872124635,8.584509302144957,416,444,375,435,33.497710872124635,NEUTRAL,program,sonic_drive_three_laps.py,function,ec959a186dbd8278df967871b3a34262848e2c5ecc08c20aa12abb30068f0552,右壁追従 | target_deg=6.840,,207.21148084810577,131.77239735214528,250.0,74.66081813698385,77.44701318808478,0,98.55,53.88976978135535,4
98.6,786.4410225185492,526.8442416267379,-68.07486141036726,26.808360883414167,2.7682926728879242,33.48608994451442,8.650914602774764,416,444,375,435,33.48608994451442,NEUTRAL,program,sonic_drive_three_laps.py,function,ec959a186dbd8278df967871b3a34262848e2c5ecc08c20aa12abb30068f0552,右壁追従 | target_deg=6.893,,207.1690667628816,131.6034163454555,249.60431039325212,74.44080001579316,75.05637572758692,0,98.6,53.839730260416374,4
98.65,785.1967417530594,527.3423131179271,-68.29380607306246,26.80331404656306,2.7749339628188783,33.48245798908343,8.671668633808995,416,444,375,435,33.48245798908343,NEUTRAL,program,sonic_drive_three_laps.py,function,ec959a186dbd8278df967871b3a34262848e2c5ecc08c20aa12abb30068f0552,右壁追従 | target_deg=6.909,,207.9236338023895,131.54670869357312,250.0,74.18203684610201,76.08855930964567,0,98.65,53.793734821170524,4
98.7,783.9507608998026,527.835553365623,-68.51243291776247,26.79975890200921,2.7713401398386606,33.48442336102573,8.660437936995814,416,444,375,435,33.48442336102573,NEUTRAL,program,sonic_drive_three_laps.py,function,ec959a186dbd8278df967871b3a34262848e2c5ecc08c20aa12abb30068f0552,右壁追従 | target_deg=6.900,,209.8159996810395,131.0512261041262,248.24609046758343,73.89601017328341,75.2960302385452,0,98.7,53.75195393827621,4
98.75,782.7030987884814,528.32394125608,-68.7326010867429,26.795037958982586,2.791290265019552,33.47351313631743,8.7227820781861,416,444,375,435,33.47351313631743,NEUTRAL,program,sonic_drive_three_laps.py,function,ec959a186dbd8278df967871b3a34262848e2c5ecc08c20aa12abb30068f0552,右壁追従 | target_deg=6.949,,209.756386158061,131.59278216493195,250.0,73.41213645037604,74.1082644203689,0,98.75,53.71405262007359,4
98.8,781.4501490657378,528.81001932571,-68.85096316252097,26.93347982286052,1.3500559712940854,34.261688140698546,4.2189249102940165,417,439,375,435,34.261688140698546,NEUTRAL,program,sonic_drive_three_laps.py,function,ec959a186dbd8278df967871b3a34262848e2c5ecc08c20aa12abb30068f0552,右壁追従 | target_deg=3.372,,210.95792674642195,130.80968239276143,54.56901261019171,72.36225314798276,73.93662757279485,0,98.8,53.695936871760864,4
98.85,780.1873384161712,529.2983253195251,-68.86022254937856,27.173831481518736,0.0,35.0,0.0,418,435,375,435,35.0,NEUTRAL,program,sonic_drive_three_laps.py,function,ec959a186dbd8278df967871b3a34262848e2c5ecc08c20aa12abb30068f0552,右壁追従 | target_deg=0.000,,209.75518489830372,131.4695634175418,54.216141473777995,71.30840925167107,73.96426922077738,0,98.85,53.694643853256075,4
98.9,778.9148377807953,529.7903576894931,-68.86022254937856,27.360017339043498,0.0,35.0,0.0,418,435,375,435,35.0,NEUTRAL,program,sonic_drive_three_laps.py,function,ec959a186dbd8278df967871b3a34262848e2c5ecc08c20aa12abb30068f0552,右壁追従 | target_deg=0.000,,210.16023579178673,132.7325073346752,53.69084545332465,71.79008256298616,71.36011777325793,0,98.9,53.69464385325604,4
98.95,777.6348362194573,530.2852904103729,-68.86022254937856,27.504244234483917,0.0,35.0,0.0,418,435,375,435,35.0,NEUTRAL,program,sonic_drive_three_laps.py,function,ec959a186dbd8278df967871b3a34262848e2c5ecc08c20aa12abb30068f0552,右壁追従 | target_deg=0.000,,207.8975333375465,133.27546370047574,54.22342014469176,70.84013324562093,71.86974558337862,0,98.95,53.694643853255954,4
99.0,776.3490241455551,530.782469857257,-68.86022254937856,27.615968065954927,0.0,35.0,0.0,418,435,375,435,35.0,NEUTRAL,program,sonic_drive_three_laps.py,function,ec959a186dbd8278df967871b3a34262848e2c5ecc08c20aa12abb30068f0552,右壁追従 | target_deg=0.000,,206.0673010560868,134.73833025702356,55.261125733559936,71.40909850777241,71.22906473837683,0,99.0,53.694643853256075,4
99.05,775.0587110198585,531.2813897065581,-68.86022254937856,27.702513744418344,0.0,35.0,0.0,418,435,375,435,35.0,NEUTRAL,program,sonic_drive_three_laps.py,function,ec959a186dbd8278df967871b3a34262848e2c5ecc08c20aa12abb30068f0552,右壁追従 | target_deg=0.000,,205.4941740539113,136.84562292080497,56.73501662715536,70.30711361095373,71.26281318353176,0,99.05,53.69464385325609,4
99.1,773.7649112022342,531.7816577400918,-68.86022254937856,27.769555434289458,0.0,35.0,0.0,418,435,375,435,35.0,NEUTRAL,program,sonic_drive_three_laps.py,function,ec959a186dbd8278df967871b3a34262848e2c5ecc08c20aa12abb30068f0552,右壁追従 | target_deg=0.000,,203.91789688421005,137.90954810174338,57.27995175694904,69.72014190392157,71.2061551449392,0,99.1,53.694643853256025,4
99.15,772.4684104557706,532.2829701302104,-68.86022254937856,27.821488566718187,0.0,35.0,0.0,418,435,375,435,35.0,NEUTRAL,program,sonic_drive_three_laps.py,function,ec959a186dbd8278df967871b3a34262848e2c5ecc08c20aa12abb30068f0552,右壁追従 | target_deg=0.000,,201.8817068799835,138.11704786485413,56.930793185295705,69.01192977603054,70.63616494055279,0,99.15,53.694643853256,4
99.2,771.1698174634914,532.7850915200565,-68.86022254937856,27.86171801572291,0.0,35.0,0.0,418,435,375,435,35.0,NEUTRAL,program,sonic_drive_three_laps.py,function,ec959a186dbd8278df967871b3a34262848e2c5ecc08c20aa12abb30068f0552,右壁追従 | target_deg=0.000,,201.91670713357752,139.89692041575452,58.5727683278694,68.22320888292289,69.67953183996642,0,99.2,53.69464385325601,4
99.25,769.8696037352311,533.2878395929422,-68.86022254937856,27.892881330769317,0.0,35.0,0.0,418,435,375,435,35.0,NEUTRAL,program,sonic_drive_three_laps.py,function,ec959a186dbd8278df967871b3a34262848e2c5ecc08c20aa12abb30068f0552,右壁追従 | target_deg=0.000,,199.40984438002823,141.8683286542033,59.41881792336603,68.30614065402648,69.12716430412495,0,99.25,53.694643853256075,4
99.3,768.5681345210705,533.7910731191829,-68.86022254937856,27.917021661514777,0.0,35.0,0.0,418,435,375,435,35.0,NEUTRAL,program,sonic_drive_three_laps.py,function,ec959a186dbd8278df967871b3a34262848e2c5ecc08c20aa12abb30068f0552,右壁追従 | target_deg=0.000,,198.53228669674584,142.5724832923843,60.20592122400857,68.26495163116931,68.9645209919544,0,99.3,53.694643853256,4
99.35,767.2656927581031,534.2946826967051,-68.86022254937856,27.935721712123403,0.0,35.0,0.0,418,435,375,435,35.0,NEUTRAL,program,sonic_drive_three_laps.py,function,ec959a186dbd8278df967871b3a34262848e2c5ecc08c20aa12abb30068f0552,右壁追従 | target_deg=0.000,,197.53894134364967,142.65657432162038,60.35341291526058,67.12392921306724,67.65460196369641,0,99.35,53.69464385325611,4
99.4,765.9624976205401,534.798583578355,-68.86022254937856,27.950207507552317,0.0,35.0,0.0,418,435,375,435,35.0,NEUTRAL,program,sonic_drive_three_laps.py,function,ec959a186dbd8278df967871b3a34262848e2c5ecc08c20aa12abb30068f0552,右壁追従 | target_deg=0.000,,195.47365280850352,142.27502523849216,60.88051723969023,66.51824187774756,67.81700721190533,0,99.4,53.69464385325612,4
99.45,764.6587188893549,535.3027101156509,-68.86022254937856,27.961428775002343,0.0,35.0,0.0,418,435,375,435,35.0,NEUTRAL,program,sonic_drive_three_laps.py,function,ec959a186dbd8278df967871b3a34262848e2c5ecc08c20aa12abb30068f0552,右壁追従 | target_deg=0.000,,193.7617437678737,142.58236750149732,61.6379752397628,66.5304975198155,67.01542538013364,0,99.45,53.694643853256096,4
99.5,763.3544880835735,535.8070114546946,-68.86022254937856,27.970121210554318,0.0,35.0,0.0,418,435,375,435,35.0,NEUTRAL,program,sonic_drive_three_laps.py,function,ec959a186dbd8278df967871b3a34262848e2c5ecc08c20aa12abb30068f0552,右壁追従 | target_deg=0.000,,191.65224502984262,148.0986458440623,62.04316070364439,64.82117654336551,65.4120840560903,0,99.5,53.69464385325612,4
99.55,762.0499070830116,536.311448202054,-68.86022254937856,27.976854713357078,0.0,35.0,0.0,418,435,375,435,35.0,NEUTRAL,program,sonic_drive_three_laps.py,function,ec959a186dbd8278df967871b3a34262848e2c5ecc08c20aa12abb30068f0552,右壁追従 | target_deg=0.000,,190.34565770825262,148.1063483108176,63.1445514029052,64.57013123123801,65.77648572464646,0,99.55,53.6946438532561,4
99.6,760.7450548077856,536.8159898420258,-68.86022254937856,27.982070749728432,0.0,35.0,0.0,418,435,375,435,35.0,NEUTRAL,program,sonic_drive_three_laps.py,function,ec959a186dbd8278df967871b3a34262848e2c5ecc08c20aa12abb30068f0552,右壁追従 | target_deg=0.000,,190.08364484620984,150.8667393491615,62.88757335415491,64.20603130801844,65.81761418547957,0,99.6,53.694693722556366,4
99.65,759.4399923925243,537.3206127359449,-68.86022254937856,27.986111296858844,0.0,35.0,0.0,418,435,375,435,35.0,NEUTRAL,program,sonic_drive_three_laps.py,function,ec959a186dbd8278df967871b3a34262848e2c5ecc08c20aa12abb30068f0552,右壁追従 | target_deg=0.000,,188.96941434105358,151.5195194552534,63.086755307279745,63.15894557286157,65.18980612873206,0,99.65,53.713974605639514,4
99.7,758.1347671945186,537.8252985723705,-68.86022254937856,27.989241263743804,0.0,35.0,0.0,418,435,375,435,35.0,NEUTRAL,program,sonic_drive_three_laps.py,function,ec959a186dbd8278df967871b3a34262848e2c5ecc08c20aa12abb30068f0552,右壁追従 | target_deg=0.000,,186.44355809024955,152.36382926778344,62.82533117483859,62.5397049264055,64.52729876127846,0,99.7,53.76806329241004,4
99.75,756.8294158985902,538.3300331665396,-68.86022254937856,27.991665859320776,0.0,35.0,0.0,418,435,375,435,35.0,NEUTRAL,program,sonic_drive_three_laps.py,function,ec959a186dbd8278df967871b3a34262848e2c5ecc08c20aa12abb30068f0552,右壁追従 | target_deg=0.000,,185.24048724754604,154.26419813449817,64.36025408641292,62.31277185231364,64.13626262026091,0,99.75,53.85686958118795,4
99.8,755.5239669222465,538.8348055303766,-68.86022254937856,27.993544046511865,0.0,35.0,0.0,418,435,375,435,35.0,NEUTRAL,program,sonic_drive_three_laps.py,function,ec959a186dbd8278df967871b3a34262848e2c5ecc08c20aa12abb30068f0552,右壁追従 | target_deg=0.000,,184.1824927793426,154.9754579365323,65.72068867597933,61.555975799090476,62.58069387705583,0,99.8,53.980236698354396,4
99.85,754.2184422788072,539.3396071520853,-68.86022254937856,27.994998964254965,0.0,35.0,0.0,418,435,375,435,35.0,NEUTRAL,program,sonic_drive_three_laps.py,function,ec959a186dbd8278df967871b3a34262848e2c5ecc08c20aa12abb30068f0552,右壁追従 | target_deg=0.000,,182.73523244591217,156.3635294500512,64.59855208946621,61.32633007042862,62.48070386639745,0,99.85,54.13794362318427,4
99.9,752.9128590206567,539.8444314380934,-68.86022254937856,27.996126000819384,0.0,35.0,0.0,418,435,375,435,35.0,NEUTRAL,program,sonic_drive_three_laps.py,function,ec959a186dbd8278df967871b3a34262848e2c5ecc08c20aa12abb30068f0552,右壁追従 | target_deg=0.000,,180.88380297239,157.72992939820716,64.99885597967675,61.13841174123111,62.5626235500227,0,99.9,54.32970773822583,4
99.95,751.6072303572431,540.3492732807598,-68.86022254937856,27.996999047714006,0.0,35.0,0.0,418,435,375,435,35.0,NEUTRAL,program,sonic_drive_three_laps.py,function,ec959a186dbd8278df967871b3a34262848e2c5ecc08c20aa12abb30068f0552,右壁追従 | target_deg=0.000,,181.02638330102292,158.2259854463395,67.06526774135529,59.96872814307896,60.7239848385907,0,99.95,54.32467098052064,4
100.0,750.3015665211252,540.8541287235054,-68.86022254937856,27.997675344210737,0.0,35.0,0.0,418,435,375,435,35.0,NEUTRAL,program,sonic_drive_three_laps.py,function,ec959a186dbd8278df967871b3a34262848e2c5ecc08c20aa12abb30068f0552,右壁追従 | target_deg=0.000,,178.50327432412155,159.72538013264742,66.838834125626,59.40686775007171,61.200839961031846,0,100.0,53.81981553777507,4
100.05,748.9958754388459,541.3589947014076,-68.86022254937856,27.998199230103133,0.0,35.0,0.0,418,435,375,435,35.0,NEUTRAL,program,sonic_drive_three_laps.py,function,ec959a186dbd8278df967871b3a34262848e2c5ecc08c20aa12abb30068f0552,右壁追従 | target_deg=0.000,,177.03527697608612,161.5707521989793,67.79313200357954,59.477686424521764,60.45772371473379,0,100.05,53.314949559872844,4
100.1,747.6901632506172,541.8638688402569,-68.86022254937856,27.998605052740952,0.0,35.0,0.0,418,435,375,435,35.0,NEUTRAL,program,sonic_drive_three_laps.py,function,ec959a186dbd8278df967871b3a34262848e2c5ecc08c20aa12abb30068f0552,右壁追従 | target_deg=0.000,,175.11754147382354,162.94722621502166,68.0256245278476,58.74676993105149,59.95581292366849,0,100.1,52.8100754210235,4
100.15,746.3844347128891,542.368749300897,-68.86022254937856,27.998919418933582,0.0,35.0,0.0,418,435,375,435,35.0,NEUTRAL,program,sonic_drive_three_laps.py,function,ec959a186dbd8278df967871b3a34262848e2c5ecc08c20aa12abb30068f0552,右壁追従 | target_deg=0.000,,174.3833622482183,163.52946450850322,68.47208703792023,57.7015456418965,59.20031990940466,0,100.15,52.30519496038346,4
100.2,745.078693510195,542.8736346586451,-68.86022254937856,27.999162939363103,0.0,35.0,0.0,418,435,375,435,35.0,NEUTRAL,program,sonic_drive_three_laps.py,function,ec959a186dbd8278df967871b3a34262848e2c5ecc08c20aa12abb30068f0552,右壁追従 | target_deg=0.000,,173.26713869835797,164.67299080622084,69.43109313453641,58.46155737038056,58.10028430594986,0,100.2,51.800309602635366,4
100.25,743.7729424967198,543.378523809886,-68.86022254937856,27.999351579875295,0.0,35.0,0.0,418,435,375,435,35.0,NEUTRAL,program,sonic_drive_three_laps.py,function,ec959a186dbd8278df967871b3a34262848e2c5ecc08c20aa12abb30068f0552,右壁追従 | target_deg=0.000,,171.5487675126163,166.51093662265959,69.72776864188928,56.777656180208574,58.62825471098959,0,100.25,51.29542045139442,4
100.3,742.4671838834273,543.8834158997157,-68.86022254937856,27.99949770824288,0.0,35.0,0.0,418,435,375,435,35.0,NEUTRAL,program,sonic_drive_three_laps.py,function,ec959a186dbd8278df967871b3a34262848e2c5ecc08c20aa12abb30068f0552,右壁追従 | target_deg=0.000,,170.0547367295165,167.72624013485364,69.8255097418889,57.112376810335455,58.683015875276915,0,100.3,50.790528361564725,4
100.35,741.161419383017,544.388310265892,-68.86022254937856,27.999610905029538,0.0,35.0,0.0,418,435,375,435,35.0,NEUTRAL,program,sonic_drive_three_laps.py,function,ec959a186dbd8278df967871b3a34262848e2c5ecc08c20aa12abb30068f0552,右壁追従 | target_deg=0.000,,168.58195190745803,169.06006481981854,70.66334590937998,56.555748970966576,57.39904007270954,0,100.35,50.28563399538848,4
100.4,739.8556503222135,544.8932063954161,-68.86022254937856,27.999698591717074,0.0,35.0,0.0,418,435,375,435,35.0,NEUTRAL,program,sonic_drive_three_laps.py,function,ec959a186dbd8278df967871b3a34262848e2c5ecc08c20aa12abb30068f0552,右壁追従 | target_deg=0.000,,167.42678179361712,170.05984476686098,70.9841614249642,55.51499076617857,56.816897998470154,0,100.4,49.78073786586435,4
100.45,738.5498777287498,545.3981038908986,-68.86022254937856,27.999766517277497,0.0,35.0,0.0,418,435,375,435,35.0,NEUTRAL,program,sonic_drive_three_laps.py,function,ec959a186dbd8278df967871b3a34262848e2c5ecc08c20aa12abb30068f0552,右壁追従 | target_deg=0.000,,165.024292496788,171.40409036183826,71.10085158326619,55.606325005840084,56.16533441237323,0,100.45,49.27584037038184,4
100.5,737.2441023987487,545.9030024445066,-68.86022254937856,27.999819135090856,0.0,35.0,0.0,418,435,375,435,35.0,NEUTRAL,program,sonic_drive_three_laps.py,function,ec959a186dbd8278df967871b3a34262848e2c5ecc08c20aa12abb30068f0552,右壁追従 | target_deg=0.000,,164.7562087426469,172.2287129280474,73.44642099908502,54.48743563510982,55.612195481696716,0,100.5,48.77094181677387,4
100.55,735.9383249489177,546.4079018177799,-68.86022254937856,27.999859894920665,0.0,35.0,0.0,418,435,375,435,35.0,NEUTRAL,program,sonic_drive_three_laps.py,function,ec959a186dbd8278df967871b3a34262848e2c5ecc08c20aa12abb30068f0552,右壁追従 | target_deg=0.000,,163.03827445385096,173.43407863862615,72.9125666727737,53.58276702460258,54.43362410164013,0,100.55,48.26604244350051,4
100.6,734.6325458569833,546.9128018259984,-68.86022254937856,27.99989146908956,0.0,35.0,0.0,418,435,375,435,35.0,NEUTRAL,program,sonic_drive_three_laps.py,function,ec959a186dbd8278df967871b3a34262848e2c5ecc08c20aa12abb30068f0552,右壁追従 | target_deg=0.000,,162.256369270165,174.33118817590756,73.83187162031253,53.81410813738872,54.59842500109077,0,100.6,47.76114243528207,4
100.65,733.3267654930106,547.4177023260703,-68.86022254937856,27.99991592768388,0.0,35.0,0.0,418,435,375,435,35.0,NEUTRAL,program,sonic_drive_three_laps.py,function,ec959a186dbd8278df967871b3a34262848e2c5ecc08c20aa12abb30068f0552,右壁追従 | target_deg=0.000,,160.49314262666138,176.13562323767172,73.66786489536193,53.50411210102909,53.22492526045356,0,100.65,47.25624193521014,4
100.7,732.0209841436671,547.9226032071515,-68.86022254937856,27.99993487427398,0.0,35.0,0.0,418,435,375,435,35.0,NEUTRAL,program,sonic_drive_three_laps.py,function,ec959a186dbd8278df967871b3a34262848e2c5ecc08c20aa12abb30068f0552,右壁追従 | target_deg=0.000,,159.12383791161105,177.05389724629,74.98281863456948,52.40468088435938,53.96910919766147,0,100.7,46.75134105412894,4
100.75,730.7152020310166,548.4275043833773,-68.86022254937856,27.9999495510486,0.0,35.0,0.0,418,435,375,435,35.0,NEUTRAL,program,sonic_drive_three_laps.py,function,ec959a186dbd8278df967871b3a34262848e2c5ecc08c20aa12abb30068f0552,右壁追従 | target_deg=0.000,,157.53054528376475,178.858351541789,75.10345473019895,51.54944063962993,52.821537061621065,0,100.75,46.246439877903185,4
100.8,729.4094193270785,548.9324057882336,-68.86022254937856,27.999960920256054,0.0,35.0,0.0,418,435,375,435,35.0,NEUTRAL,program,sonic_drive_three_laps.py,function,ec959a186dbd8278df967871b3a34262848e2c5ecc08c20aa12abb30068f0552,右壁追従 | target_deg=0.000,,156.52103113779106,179.9987609048207,75.69842737139919,52.10507370487433,51.73296090294041,0,100.8,45.74153847304683,4
100.85,728.1036361651056,549.4373073701963,-68.86022254937856,27.999969727291756,0.0,35.0,0.0,418,435,375,435,35.0,NEUTRAL,program,sonic_drive_three_laps.py,function,ec959a186dbd8278df967871b3a34262848e2c5ecc08c20aa12abb30068f0552,右壁追従 | target_deg=0.000,,154.77844034381715,182.56261329865177,75.70240416427593,51.13634282379157,51.875201497937056,0,100.85,45.23663689108412,4
100.9,726.797852648321,549.9422090893524,-68.86022254937856,27.999976549568345,0.0,35.0,0.0,418,435,375,435,35.0,NEUTRAL,program,sonic_drive_three_laps.py,function,ec959a186dbd8278df967871b3a34262848e2c5ecc08c20aa12abb30068f0552,右壁追従 | target_deg=0.000,,153.83780457521422,182.92081631336032,76.15676063630745,50.33966199008932,51.066645527186964,0,100.9,44.731735171927994,4
100.95,725.4920688566854,550.4471109147843,-68.86022254937856,27.999981834372388,0.0,35.0,0.0,418,435,375,435,35.0,NEUTRAL,program,sonic_drive_three_laps.py,function,ec959a186dbd8278df967871b3a34262848e2c5ecc08c20aa12abb30068f0552,右壁追従 | target_deg=0.000,,151.18367566975144,184.07394957374032,76.9200186676573,49.239539187846205,50.8375256979682,0,100.95,44.226833346496164,4
101.0,724.1919732382358,550.9482268385262,-69.00662325809066,27.779132511129323,2.24,33.775,7.0,417,442,375,435,33.775,NEUTRAL,program,sonic_drive_three_laps.py,function,ec959a186dbd8278df967871b3a34262848e2c5ecc08c20aa12abb30068f0552,左回避 | target_deg=5.585,,149.7870209642415,185.4729016666143,78.33845936132346,48.83395592410025,50.596431202609146,0,101.0,43.74991430978571,4
101.05,722.9049694361954,551.4382025894356,-69.33321060953864,27.38720051337051,4.48,32.55,14.0,415,449,375,435,32.55,NEUTRAL,program,sonic_drive_three_laps.py,function,ec959a186dbd8278df967871b3a34262848e2c5ecc08c20aa12abb30068f0552,左回避 | target_deg=11.083,,150.1577993280671,185.89952702295176,78.18472567362474,48.40842038302537,49.91212960943257,0,101.05,43.31425384835154,4
101.1,721.6365776094066,551.9106330359556,-69.83397485420046,26.862741140347595,6.72,31.325,21.0,414,457,375,435,31.325,NEUTRAL,program,sonic_drive_three_laps.py,function,ec959a186dbd8278df967871b3a34262848e2c5ecc08c20aa12abb30068f0552,左回避 | target_deg=16.413,,151.49485935209086,183.03475252375236,78.53426511426255,48.509370122161975,48.69995464170682,0,101.1,42.926007939872875,4
101.15,720.3910199586578,552.3601514672197,-70.50129572602921,26.23562084479642,8.96,30.099999999999998,28.0,412,464,375,435,30.099999999999998,NEUTRAL,program,sonic_drive_three_laps.py,function,ec959a186dbd8278df967871b3a34262848e2c5ecc08c20aa12abb30068f0552,左回避 | target_deg=21.513,,153.04200655167838,181.32763782292147,78.36544159044863,48.32362299485887,48.00790658266828,0,101.15,42.59036055239096,4
101.2,719.171615126134,552.7823595120395,-71.3265286079324,25.52897535685875,11.2,28.875,35.0,411,471,375,435,28.875,NEUTRAL,program,sonic_drive_three_laps.py,function,ec959a186dbd8278df967871b3a34262848e2c5ecc08c20aa12abb30068f0552,左回避 | target_deg=26.336,,156.67472019948363,176.69014024627967,78.32988017941734,47.234593631153516,47.82292115786411,0,101.2,42.31161283362917,4
101.25,717.9810670978163,553.1737515532996,-72.30040470181874,24.760726523964117,13.44,27.650000000000002,42.0,409,479,375,435,27.650000000000002,NEUTRAL,program,sonic_drive_three_laps.py,function,ec959a186dbd8278df967871b3a34262848e2c5ecc08c20aa12abb30068f0552,左回避 | target_deg=30.855,,163.7928357042034,173.00870793644313,78.36195921656841,47.34014952049737,47.226413908545,0,101.25,42.093243512673894,4
101.3,716.8216727883683,553.5316403005233,-73.41329792732571,23.94475731472077,15.68,26.425,49.0,408,486,375,435,26.425,NEUTRAL,program,sonic_drive_three_laps.py,function,ec959a186dbd8278df967871b3a34262848e2c5ecc08c20aa12abb30068f0552,左回避 | target_deg=35.060,,172.04272619651712,167.54385726909197,77.82385955633593,47.81815859486829,46.643202534146354,0,101.3,41.937947989662916,4
101.35,715.6954673502029,553.8540871838991,-74.65539639965785,23.091822023189955,17.92,25.2,56.0,406,493,375,435,25.2,NEUTRAL,program,sonic_drive_three_laps.py,function,ec959a186dbd8278df967871b3a34262848e2c5ecc08c20aa12abb30068f0552,左回避 | target_deg=38.954,,182.7521563727207,161.0760669175167,78.38680051437868,47.17769457372536,45.36178164334638,0,101.35,41.84766173614719,4
101.4,714.6043220574342,554.1398391410288,-76.01680553037387,22.210251348951804,20.16,23.975,63.0,404,501,375,435,23.975,NEUTRAL,program,sonic_drive_three_laps.py,function,ec959a186dbd8278df967871b3a34262848e2c5ecc08c20aa12abb30068f0552,左回避 | target_deg=42.547,,197.15552933920955,154.60966015539074,78.06080807763935,49.040790728247515,44.53099626668755,0,101.4,41.82357242439832,4
101.45,713.5500062797203,554.3882720068586,-77.48760193035426,21.306498579883602,22.4,22.75,70.0,403,508,375,435,22.75,NEUTRAL,program,sonic_drive_three_laps.py,function,ec959a186dbd8278df967871b3a34262848e2c5ecc08c20aa12abb30068f0552,左回避 | target_deg=45.859,,214.76067169498052,148.78557344664807,77.62984178268253,47.358433123232146,44.93156596810732,0,101.45,41.8661243632597,4
101.5,712.5342224563855,554.5993398999195,-79.05785155253358,20.385562686843283,24.64,21.525,77.0,401,515,375,435,21.525,NEUTRAL,program,sonic_drive_three_laps.py,function,ec959a186dbd8278df967871b3a34262848e2c5ecc08c20aa12abb30068f0552,左回避 | target_deg=48.909,,249.4161947326451,142.27134973352554,77.51582765954376,49.37500533130429,44.350150067637706,0,101.5,41.97501818174942,4
101.55,711.558620977687,554.7735295629774,-80.71760129474623,19.45131606946861,26.88,20.300000000000004,84.0,400,523,375,435,20.300000000000004,NEUTRAL,program,sonic_drive_three_laps.py,function,ec959a186dbd8278df967871b3a34262848e2c5ecc08c20aa12abb30068f0552,左回避 | target_deg=51.722,,249.99857480569344,136.6951838524338,76.233901836661,51.55773813361149,44.26020644442882,0,101.55,42.1492081786505,4
101.6,710.6248003566885,554.91181843831,-82.45685014995536,18.506758440976725,29.12,19.074999999999996,91.0,398,530,375,435,19.074999999999996,NEUTRAL,program,sonic_drive_three_laps.py,function,ec959a186dbd8278df967871b3a34262848e2c5ecc08c20aa12abb30068f0552,左回避 | target_deg=54.319,,250.0,130.17389468357413,75.77448653951043,51.54030830195642,44.23606249943547,0,101.6,42.38689929311238,4
101.65,709.7224244676441,555.0184797493212,-84.04034919439556,17.95535541810842,26.88,20.074999999999996,84.0,400,523,375,435,20.074999999999996,NEUTRAL,program,sonic_drive_three_laps.py,function,ec959a186dbd8278df967871b3a34262848e2c5ecc08c20aa12abb30068f0552,右壁追従 | target_deg=51.722,,250.0,124.98130169794891,76.00085662015816,53.14278461129144,43.7532662124002,0,101.65,42.631974681085694,4
101.7,708.8358639376155,555.0999000525755,-85.44585353218376,17.70850543138923,24.64,21.074999999999996,77.0,401,515,375,435,21.074999999999996,NEUTRAL,program,sonic_drive_three_laps.py,function,ec959a186dbd8278df967871b3a34262848e2c5ecc08c20aa12abb30068f0552,右壁追従 | target_deg=48.909,,249.68424517377366,118.92286239541924,75.74761792484354,55.08234716431513,43.65245253663504,0,101.7,42.87005598634107,4
101.75,707.9528525059222,555.1603484242607,-86.70325719818904,17.697574216829747,22.4,22.074999999999996,70.0,402,508,375,435,22.074999999999996,NEUTRAL,program,sonic_drive_three_laps.py,function,ec959a186dbd8278df967871b3a34262848e2c5ecc08c20aa12abb30068f0552,右壁追従 | target_deg=45.859,,250.0,115.39457241409637,75.55133419639006,56.20316092891754,43.74448296041904,0,101.75,43.10109888905947,4
101.8,707.0638040038981,555.2026409238313,-87.83167032149807,17.869394971388985,20.16,23.074999999999996,63.0,403,501,375,435,23.074999999999996,NEUTRAL,program,sonic_drive_three_laps.py,function,ec959a186dbd8278df967871b3a34262848e2c5ecc08c20aa12abb30068f0552,右壁追従 | target_deg=42.547,,250.0,112.29876534473304,74.05717930983162,58.32967127290692,43.37954113471625,0,101.8,43.32482281941225,4
101.85,706.1612574400789,555.2287042129961,-88.84240284872702,18.18278259623596,17.92,24.074999999999996,56.0,405,493,375,435,24.074999999999996,NEUTRAL,program,sonic_drive_three_laps.py,function,ec959a186dbd8278df967871b3a34262848e2c5ecc08c20aa12abb30068f0552,右壁追従 | target_deg=38.954,,250.0,109.73617425465991,74.70006690455311,59.04721592197688,43.595266396310834,0,101.85,43.5405016009189,4
101.9,705.2394199366232,555.2399579012229,-89.74110393373402,18.605833492344555,15.68,25.074999999999996,49.0,406,486,375,435,25.074999999999996,NEUTRAL,program,sonic_drive_three_laps.py,function,ec959a186dbd8278df967871b3a34262848e2c5ecc08c20aa12abb30068f0552,右壁追従 | target_deg=35.060,,250.0,108.43596359983894,73.96407336850912,60.123193614781385,43.88861347619828,0,101.9,43.599425206506396,4
101.95,704.2937967920275,555.2375804736027,-90.52929355986963,19.113833875853405,13.44,26.074999999999996,42.0,407,479,375,435,26.074999999999996,NEUTRAL,program,sonic_drive_three_laps.py,function,ec959a186dbd8278df967871b3a34262848e2c5ecc08c20aa12abb30068f0552,右壁追従 | target_deg=30.855,,249.84338717046396,105.59549757158638,74.7140745676615,61.606424268445565,43.28568526730982,0,101.95,43.53681712142983,4
102.0,703.3208953828657,555.2226992103143,-91.20545576280244,19.687639476793255,11.2,27.074999999999996,35.0,408,471,375,435,27.074999999999996,NEUTRAL,program,sonic_drive_three_laps.py,function,ec959a186dbd8278df967871b3a34262848e2c5ecc08c20aa12abb30068f0552,右壁追従 | target_deg=26.336,,250.0,101.85828057516409,74.46061620396307,62.79909171227474,42.98657683754694,0,102.0,43.48616274040993,4
102.05,702.3179902199017,555.196529812973,-91.76581494373734,20.312420389929372,8.96,28.074999999999996,28.0,410,464,375,435,28.074999999999996,NEUTRAL,program,sonic_drive_three_laps.py,function,ec959a186dbd8278df967871b3a34262848e2c5ecc08c20aa12abb30068f0552,右壁追従 | target_deg=21.513,,250.0,100.25538050248332,74.71799745238933,63.14103018393059,44.03973541038138,0,102.05,43.42681726669855,4
102.1,701.2829382282215,555.1604825003891,-92.20488253270221,20.97668878680843,6.72,29.074999999999996,21.0,411,457,375,435,29.074999999999996,NEUTRAL,program,sonic_drive_three_laps.py,function,ec959a186dbd8278df967871b3a34262848e2c5ecc08c20aa12abb30068f0552,右壁追従 | target_deg=16.413,,250.0,99.46686881045996,74.30048042801853,64.88690236179096,43.84338909138337,0,102.1,43.35829961073432,4
102.15,700.2140353452127,555.1162457816739,-92.51583671118516,21.671545743230695,4.48,30.074999999999996,14.0,412,449,375,435,30.074999999999996,NEUTRAL,program,sonic_drive_three_laps.py,function,ec959a186dbd8278df967871b3a34262848e2c5ecc08c20aa12abb30068f0552,右壁追従 | target_deg=11.083,,250.0,99.02551157665282,74.33160301761788,64.97206825027294,43.91403232397699,0,102.15,43.32885559408214,4
102.2,699.1099074644521,555.0658555898839,-92.69078024146529,22.390097802157314,2.24,31.074999999999996,7.0,413,442,375,435,31.074999999999996,NEUTRAL,program,sonic_drive_three_laps.py,function,ec959a186dbd8278df967871b3a34262848e2c5ecc08c20aa12abb30068f0552,右壁追従 | target_deg=5.585,,249.78425579551012,97.99401465897789,73.76058820618977,66.18634118046278,44.48069608179997,0,102.2,43.33792999809691,4
102.25,697.9694304761745,555.0117551601409,-92.72090870350723,23.127005020368205,0.0,32.074999999999996,0.0,415,435,375,435,32.074999999999996,NEUTRAL,program,sonic_drive_three_laps.py,function,ec959a186dbd8278df967871b3a34262848e2c5ecc08c20aa12abb30068f0552,右壁追従 | target_deg=0.000,,249.64821389219114,97.47282063443006,74.12551265860039,65.89858137317201,44.21498749108492,0,102.25,43.29885133442436,4
102.3,696.7917254853985,554.9557852645623,-92.72090870350723,23.878130867609674,0.0,33.074999999999996,0.0,416,435,375,435,33.074999999999996,NEUTRAL,program,sonic_drive_three_laps.py,function,ec959a186dbd8278df967871b3a34262848e2c5ecc08c20aa12abb30068f0552,右壁追従 | target_deg=0.000,,249.79008529783303,96.73453959884488,73.33055828103635,66.03503132997301,44.76825599726153,0,102.3,43.27955722718858,4
102.35,695.5761742859623,554.898016745081,-92.72090870350723,24.640271024690577,0.0,34.074999999999996,0.0,417,435,375,435,34.074999999999996,NEUTRAL,program,sonic_drive_three_laps.py,function,ec959a186dbd8278df967871b3a34262848e2c5ecc08c20aa12abb30068f0552,右壁追従 | target_deg=0.000,,249.82855923084955,97.99349258273716,73.5099931165157,65.7627685735286,44.23670377104938,0,102.35,43.27927834983975,4
102.4,694.3226621069645,554.83945729636,-92.6173726802629,25.397421662031107,-1.6,35.0,-5.0,418,429,375,435,35.0,NEUTRAL,program,sonic_drive_three_laps.py,function,ec959a186dbd8278df967871b3a34262848e2c5ecc08c20aa12abb30068f0552,仕切り壁予防：右壁の向き・離隔を保持 | target_deg=-3.995,,250.0,99.18387732462782,73.46625597748952,66.72225590992497,44.54781649362259,0,102.4,43.25705456583324,4
102.45,693.0363137046969,554.7830845170434,-92.38980512866226,25.98394035499809,-3.2,35.0,-10.0,418,424,375,435,35.0,NEUTRAL,program,sonic_drive_three_laps.py,function,ec959a186dbd8278df967871b3a34262848e2c5ecc08c20aa12abb30068f0552,仕切り壁予防：右壁の向き・離隔を保持 | target_deg=-7.957,,249.75640701427702,98.95525360037698,73.81100807734072,66.28369388107197,43.84303570120009,0,102.45,43.212478000677436,4
102.5,691.7272798450966,554.7312776894056,-92.14294894844384,26.343629361560115,-3.2,34.475,-10.0,418,424,375,435,34.475,NEUTRAL,program,sonic_drive_three_laps.py,function,ec959a186dbd8278df967871b3a34262848e2c5ecc08c20aa12abb30068f0552,仕切り壁予防：右壁の向き・離隔を保持 | target_deg=-7.957,,250.0,99.004016336695,72.7596406152685,65.53090440719305,43.55817001813141,0,102.5,43.16858562300043,4
102.55,690.4025069706305,554.6845975779768,-91.89316521533483,26.622258627123916,-3.2,34.475,-10.0,418,424,375,435,34.475,NEUTRAL,program,sonic_drive_three_laps.py,function,ec959a186dbd8278df967871b3a34262848e2c5ecc08c20aa12abb30068f0552,仕切り壁予防：右壁の向き・離隔を保持 | target_deg=-7.957,,250.0,99.86615428014898,74.07843002585544,66.04653556089912,44.47331936671156,0,102.55,43.12886602249532,4
102.6,689.0655129781235,554.6433483918216,-91.64111368449802,26.838095825960387,-3.2,34.475,-10.0,418,424,375,435,34.475,NEUTRAL,program,sonic_drive_three_laps.py,function,ec959a186dbd8278df967871b3a34262848e2c5ecc08c20aa12abb30068f0552,仕切り壁予防：右壁の向き・離隔を保持 | target_deg=-7.957,,249.24884214974338,100.6845878014115,73.45062057865908,65.49903562973701,43.01413261135137,0,102.6,43.093572035375296,4
102.65,687.7190303002235,554.6077553383925,-91.38730542825725,27.005291817764448,-3.2,34.475,-10.0,418,424,375,435,34.475,NEUTRAL,program,sonic_drive_three_laps.py,function,ec959a186dbd8278df967871b3a34262848e2c5ecc08c20aa12abb30068f0552,仕切り壁予防：右壁の向き・離隔を保持 | target_deg=-7.957,,250.0,100.4380783903076,73.69520559973162,65.23166237395249,43.97041918355129,0,102.65,43.06289098808838,4
102.7,686.365182691271,554.5779844724952,-91.13213634335568,27.134808415580014,-3.2,34.475,-10.0,418,424,375,435,34.475,NEUTRAL,program,sonic_drive_three_laps.py,function,ec959a186dbd8278df967871b3a34262848e2c5ecc08c20aa12abb30068f0552,仕切り壁予防：右壁の向き・離隔を保持 | target_deg=-7.957,,250.0,101.54201700223561,73.39423552221885,65.45158758953227,43.580824478658016,0,102.7,43.03696113232646,4
102.75,685.005622221654,554.5541577250845,-90.87591310699719,27.235137071361297,-3.2,34.475,-10.0,418,424,375,435,34.475,NEUTRAL,program,sonic_drive_three_laps.py,function,ec959a186dbd8278df967871b3a34262848e2c5ecc08c20aa12abb30068f0552,仕切り壁予防：右壁の向き・離隔を保持 | target_deg=-7.957,,249.21535668322494,101.81128207134446,73.1997836834975,65.19281345033474,44.5146670179449,0,102.75,43.01588409260653,4
102.8,683.6416368239286,554.536252354979,-90.62827193207184,27.312855598103432,-3.0832221804120024,34.475,-9.635069313787508,418,424,375,435,34.475,NEUTRAL,program,sonic_drive_three_laps.py,function,ec959a186dbd8278df967871b3a34262848e2c5ecc08c20aa12abb30068f0552,仕切り壁予防：右壁の向き・離隔を保持 | target_deg=-7.669,,249.62092703812596,102.1049768970614,73.1023711470052,64.48217245843587,45.06552718430642,0,102.8,43.00034444409614,4
102.85,682.2738833527574,554.5240719186692,-90.3921884940388,27.384573170014686,-2.9316347932924653,34.538862870087186,-9.161358729038954,418,425,375,435,34.538862870087186,NEUTRAL,program,sonic_drive_three_laps.py,function,ec959a186dbd8278df967871b3a34262848e2c5ecc08c20aa12abb30068f0552,仕切り壁予防：右壁の向き・離隔を保持 | target_deg=-7.296,,249.28578804259854,101.97874238426273,73.83799542733891,63.98974478758023,44.21448966604052,0,102.85,42.99019302423237,4
102.9,680.9025428125994,554.5173657081805,-90.16818944763232,27.455074224954142,-2.7746271915842904,34.621762222418184,-8.670709973700907,418,425,375,435,34.621762222418184,NEUTRAL,program,sonic_drive_three_laps.py,function,ec959a186dbd8278df967871b3a34262848e2c5ecc08c20aa12abb30068f0552,仕切り壁予防：右壁の向き・離隔を保持 | target_deg=-6.908,,250.0,103.78389075579796,74.28238651226039,63.814779281709896,44.28534891098116,0,102.9,42.985044621375295,4
102.95,679.5276740067977,554.5156379998581,-89.97581024540452,27.525167325503038,-2.377365224362033,34.70762575460234,-7.429266326131353,418,427,375,435,34.70762575460234,NEUTRAL,program,sonic_drive_three_laps.py,function,ec959a186dbd8278df967871b3a34262848e2c5ecc08c20aa12abb30068f0552,仕切り壁予防：右壁の向き・離隔を保持 | target_deg=-5.926,,250.0,103.95330587249036,73.30918229051933,63.96829913528508,45.263087877802214,0,102.95,42.98455646694617,4
103.0,678.1485959856033,554.5182611174182,-89.80622763525756,27.618632353871252,-2.08952640489694,34.92487839292701,-6.529770015302938,418,428,375,435,34.92487839292701,NEUTRAL,program,sonic_drive_three_laps.py,function,ec959a186dbd8278df967871b3a34262848e2c5ecc08c20aa12abb30068f0552,仕切り壁予防：右壁の向き・離隔を保持 | target_deg=-5.212,,250.0,104.167530200993,73.4246307222324,62.87136520007486,44.60110584936055,0,103.0,42.98768296440807,4
103.05,676.7650849577915,554.5248529509597,-89.647797123955,27.70457760673227,-1.9459560332195311,35.0,-6.081112603811035,418,428,375,435,35.0,NEUTRAL,program,sonic_drive_three_laps.py,function,ec959a186dbd8278df967871b3a34262848e2c5ecc08c20aa12abb30068f0552,仕切り壁予防：右壁の向き・離隔を保持 | target_deg=-4.855,,249.61225435785022,103.79965866585445,74.46403224101509,63.09531314795609,44.74503640864682,0,103.05,42.99398415763901,4
103.1,675.3778818314964,554.5348617672763,-89.52542708345027,27.7711541832928,-1.4992478873057369,35.0,-4.6851496478304275,418,430,375,435,35.0,NEUTRAL,program,sonic_drive_three_laps.py,function,ec959a186dbd8278df967871b3a34262848e2c5ecc08c20aa12abb30068f0552,仕切り壁予防：右壁の向き・離隔を保持 | target_deg=-3.744,,250.0,104.55898341969139,73.49052773556552,62.4055861885374,45.19384873032256,0,103.1,43.001519549016734,4
103.15,673.9878272364389,554.5478169231372,-89.40662311648916,27.822727020639483,-1.4525664580532058,35.0,-4.539270181416268,418,430,375,435,35.0,NEUTRAL,program,sonic_drive_three_laps.py,function,ec959a186dbd8278df967871b3a34262848e2c5ecc08c20aa12abb30068f0552,仕切り壁予防：右壁の向き・離隔を保持 | target_deg=-3.627,,249.9706394902289,105.24937795335107,73.46111188720808,62.53063598786203,44.77118413055617,0,103.15,43.0114725868999,4
103.2,672.595574669125,554.563652006395,-89.29010139920139,27.862677370888704,-1.4223955243192805,35.0,-4.4449860134977515,418,430,375,435,35.0,NEUTRAL,program,sonic_drive_three_laps.py,function,ec959a186dbd8278df967871b3a34262848e2c5ecc08c20aa12abb30068f0552,仕切り壁予防：右壁の向き・離隔を保持 | target_deg=-3.552,,250.0,105.20520525327727,74.62557518064037,61.67484390355122,44.10055878262432,0,103.2,43.02383191193527,4
103.25,671.2016295792484,554.5821849403666,-89.18645790530488,27.89362448505089,-1.2636780284894504,35.0,-3.9489938390295323,418,430,375,435,35.0,NEUTRAL,program,sonic_drive_three_laps.py,function,ec959a186dbd8278df967871b3a34262848e2c5ecc08c20aa12abb30068f0552,仕切り壁予防：右壁の向き・離隔を保持 | target_deg=-3.157,,250.0,105.1813950374471,73.25454548579198,62.166844030238195,44.8736765090041,0,103.25,43.037152485225505,4
103.3,669.8063912402541,554.6037412151155,-89.04325629675641,27.917597338079528,-1.7440635897533143,35.0,-5.450198717979108,418,429,375,435,35.0,NEUTRAL,program,sonic_drive_three_laps.py,function,ec959a186dbd8278df967871b3a34262848e2c5ecc08c20aa12abb30068f0552,仕切り壁予防：右壁の向き・離隔を保持 | target_deg=-4.353,,250.0,106.8737136252857,73.99451682555687,62.71306256893321,43.800562800937655,0,103.3,43.058744089486545,4
103.35,668.4101681911822,554.6283832011322,-88.93452349854113,27.93616765385504,-1.323456717065674,35.0,-4.135802240830231,418,430,375,435,35.0,NEUTRAL,program,sonic_drive_three_laps.py,function,ec959a186dbd8278df967871b3a34262848e2c5ecc08c20aa12abb30068f0552,仕切り壁予防：右壁の向き・離隔を保持 | target_deg=-3.306,,249.9443709899478,105.54408445484624,74.48934435160615,61.2727757854905,44.459397964772435,0,103.35,43.07755587373887,4
103.4,667.0131877859965,554.6554544947928,-88.84514935007479,27.950552951574526,-1.0872685290876045,35.0,-3.397714153398764,418,431,375,435,35.0,NEUTRAL,program,sonic_drive_three_laps.py,function,ec959a186dbd8278df967871b3a34262848e2c5ecc08c20aa12abb30068f0552,仕切り壁予防：右壁の向き・離隔を保持 | target_deg=-2.716,,249.8363216877989,106.67175120392757,73.68688361053793,61.71328989142777,44.83575811364981,0,103.4,43.09504745311697,4
103.45,665.615619796865,554.6842270531237,-88.79601971120819,27.961696369542192,-0.5974640461765529,35.0,-1.8670751443017277,418,433,375,435,35.0,NEUTRAL,program,sonic_drive_three_laps.py,function,ec959a186dbd8278df967871b3a34262848e2c5ecc08c20aa12abb30068f0552,仕切り壁予防：右壁の向き・離隔を保持 | target_deg=-1.493,,249.84985677946054,106.78575433877022,73.75875604978297,60.825165444888285,45.07485215797149,0,103.45,43.10580345473811,4
103.5,664.2176003508623,554.7144193765256,-88.72958862114997,27.970328499820177,-0.8075641816599456,35.0,-2.52363806768733,418,432,375,435,35.0,NEUTRAL,program,sonic_drive_three_laps.py,function,ec959a186dbd8278df967871b3a34262848e2c5ecc08c20aa12abb30068f0552,仕切り壁予防：右壁の向き・離隔を保持 | target_deg=-2.018,,249.0600811177003,106.06899164632917,73.09743048331316,61.71134846470482,44.54680221388102,0,103.5,43.12525206607838,4
103.55,662.8192572692691,554.7468088266535,-88.61663200011509,27.977015287783463,-1.372610264853891,35.0,-4.289407077668409,418,430,375,435,35.0,NEUTRAL,program,sonic_drive_three_laps.py,function,ec959a186dbd8278df967871b3a34262848e2c5ecc08c20aa12abb30068f0552,仕切り壁予防：右壁の向き・離隔を保持 | target_deg=-3.428,,250.0,106.58648787032979,73.89142550805165,61.990536703173916,43.57375631072486,0,103.55,43.18900289699703,4
103.6,661.4206839437484,554.7816430403543,-88.52983028241,27.982195137000986,-1.0546497140975135,35.0,-3.2957803565547295,418,431,375,435,35.0,NEUTRAL,program,sonic_drive_three_laps.py,function,ec959a186dbd8278df967871b3a34262848e2c5ecc08c20aa12abb30068f0552,仕切り壁予防：右壁の向き・離隔を保持 | target_deg=-2.635,,249.02259067746434,106.76517632090822,73.86056758283605,61.20429876662644,44.58126077415714,0,103.6,43.28579452170581,4
103.65,660.0219282703712,554.818107693105,-88.48351859684927,27.986207652137338,-0.5626471854167534,35.0,-1.7582724544273542,418,433,375,435,35.0,NEUTRAL,program,sonic_drive_three_laps.py,function,ec959a186dbd8278df967871b3a34262848e2c5ecc08c20aa12abb30068f0552,仕切り壁予防：右壁の向き・離隔を保持 | target_deg=-1.406,,249.93996421596023,107.87452104749451,74.02207606116986,60.4198998815546,44.787575080601705,0,103.65,43.413387215469356,4
103.7,658.6230284695588,554.8556778119538,-88.43964643009699,27.98931590433607,-0.5329448756454531,35.0,-1.6654527363920408,418,433,375,435,35.0,NEUTRAL,program,sonic_drive_three_laps.py,function,ec959a186dbd8278df967871b3a34262848e2c5ecc08c20aa12abb30068f0552,仕切り壁予防：右壁の向き・離隔を保持 | target_deg=-1.332,,250.0,107.77818920080045,74.11668026109652,60.59683243528076,44.315085797801856,0,103.7,43.58104499738943,4
103.75,657.2240259895235,554.8944073453567,-88.38884784550963,27.991723678862172,-0.6170195018822646,35.0,-1.928185943382077,418,432,375,435,35.0,NEUTRAL,program,sonic_drive_three_laps.py,function,ec959a186dbd8278df967871b3a34262848e2c5ecc08c20aa12abb30068f0552,仕切り壁予防：右壁の向き・離隔を保持 | target_deg=-1.542,,250.0,108.026895758407,74.37526085371502,60.256604484044935,43.77886386144601,0,103.75,43.765919183096116,4
103.8,655.8249376095746,554.933788369589,-88.38652260481848,27.993588835805003,-0.028242274881520757,35.0,-0.08825710900475237,418,434,375,435,35.0,NEUTRAL,program,sonic_drive_three_laps.py,function,ec959a186dbd8278df967871b3a34262848e2c5ecc08c20aa12abb30068f0552,仕切り壁予防：右壁の向き・離隔を保持 | target_deg=-0.071,,250.0,107.99878884327711,75.06065331311532,59.56781215929661,44.85733940452151,0,103.8,43.72598163898226,4
103.85,654.4257772240198,554.9734731162551,-88.36415861355057,27.995033659804797,-0.2716144430628546,35.0,-0.8487951345714206,418,434,375,435,35.0,NEUTRAL,program,sonic_drive_three_laps.py,function,ec959a186dbd8278df967871b3a34262848e2c5ecc08c20aa12abb30068f0552,仕切り壁予防：右壁の向き・離隔を保持 | target_deg=-0.679,,249.4755334195509,108.2350003745828,74.27921758480741,60.241870692514986,43.963342216646424,0,103.85,43.68094519959163,4
103.9,653.0265640688497,555.0134974126802,-88.3588594712017,27.99615287735826,-0.06435656257329611,35.0,-0.20111425804155036,418,434,375,435,35.0,NEUTRAL,program,sonic_drive_three_laps.py,function,ec959a186dbd8278df967871b3a34262848e2c5ecc08c20aa12abb30068f0552,仕切り壁予防：右壁の向き・離隔を保持 | target_deg=-0.161,,249.67501457452533,108.77343312238276,74.13736414546972,59.63309683000068,44.33595947052435,0,103.9,43.63965305293607,4
103.95,651.6273161935516,555.0539952228049,-88.32549350442186,27.997019867339155,-0.4051995086549641,35.0,-1.2662484645467629,418,433,375,435,35.0,NEUTRAL,program,sonic_drive_three_laps.py,function,ec959a186dbd8278df967871b3a34262848e2c5ecc08c20aa12abb30068f0552,仕切り壁予防：右壁の向き・離隔を保持 | target_deg=-1.013,,250.0,108.12459098457506,73.68887717677612,60.576501188476556,43.9418208812152,0,103.95,43.59117428704769,4
104.0,650.2280597555806,555.0954789718297,-88.27820590489183,27.997691471912052,-0.5742401386081946,35.0,-1.794500433150608,418,433,375,435,35.0,NEUTRAL,program,sonic_drive_three_laps.py,function,ec959a186dbd8278df967871b3a34262848e2c5ecc08c20aa12abb30068f0552,仕切り壁予防：右壁の向き・離隔を保持 | target_deg=-1.435,,249.9409577145912,108.25754506106311,73.80675103571838,60.66027085411035,44.0412750710797,0,104.0,43.53838564899502,4
104.05,648.8288180313407,555.1384110113219,-88.20695721888012,27.998211723255523,-0.8651584816128062,35.0,-2.7036202550400192,418,432,375,435,35.0,NEUTRAL,program,sonic_drive_three_laps.py,function,ec959a186dbd8278df967871b3a34262848e2c5ecc08c20aa12abb30068f0552,仕切り壁予防：右壁の向き・離隔を保持 | target_deg=-2.162,,249.65921773587576,109.05632337753181,74.55765946209964,59.944683365667345,42.943870331895575,0,104.05,43.478433824338936,4
104.1,647.4296049906621,555.1829800783557,-88.1441969714773,27.99861473042865,-0.7620858235331689,35.0,-2.3815181985411527,418,432,375,435,35.0,NEUTRAL,program,sonic_drive_three_laps.py,function,ec959a186dbd8278df967871b3a34262848e2c5ecc08c20aa12abb30068f0552,仕切り壁予防：右壁の向き・離隔を保持 | target_deg=-1.905,,250.0,109.31694882330667,73.9392912892416,59.970909931168826,43.63425836826586,0,104.1,43.418886042149325,4
104.15,646.030418082576,555.2288968614688,-88.09662824246075,27.998926915651488,-0.5776253992934381,35.0,-1.8050793727919943,418,433,375,435,35.0,NEUTRAL,program,sonic_drive_three_laps.py,function,ec959a186dbd8278df967871b3a34262848e2c5ecc08c20aa12abb30068f0552,仕切り壁予防：右壁の向き・離隔を保持 | target_deg=-1.444,,250.0,108.69303099235091,74.90265439832419,59.581405460042596,43.65158308216752,0,104.15,43.361624588198424,4
104.2,644.6312564415337,555.2759798812062,-88.04871955691748,27.999168746615943,-0.5817475935542467,35.0,-1.817961229857021,418,433,375,435,35.0,NEUTRAL,program,sonic_drive_three_laps.py,function,ec959a186dbd8278df967871b3a34262848e2c5ecc08c20aa12abb30068f0552,仕切り壁予防：右壁の向き・離隔を保持 | target_deg=-1.454,,250.0,108.87201451418623,74.805760079595,60.29077395026409,43.96071297324871,0,104.2,43.303123108391446,4
104.25,643.232120492906,555.3241253892598,-88.00963862092829,27.99935607840197,-0.4745555418275049,35.0,-1.4829860682109528,418,433,375,435,35.0,NEUTRAL,program,sonic_drive_three_laps.py,function,ec959a186dbd8278df967871b3a34262848e2c5ecc08c20aa12abb30068f0552,仕切り壁予防：右壁の向き・離隔を保持 | target_deg=-1.186,,250.0,109.12535505535449,74.7385396911531,59.30384852448982,43.44229712644473,0,104.25,43.24566854980594,4
104.3,641.8330031006641,555.3730397816728,-87.98576925455855,27.999501192978748,-0.28984559178418406,35.0,-0.9057674743255753,418,434,375,435,35.0,NEUTRAL,program,sonic_drive_three_laps.py,function,ec959a186dbd8278df967871b3a34262848e2c5ecc08c20aa12abb30068f0552,仕切り壁予防：右壁の向き・離隔を保持 | target_deg=-0.725,,249.77200294945814,109.67797616179286,75.01021263576834,59.24577651555248,43.71934672258937,0,104.3,43.19107088987016,4
104.35,640.4339031441096,555.4226274544529,-87.95451280652763,27.999613604443134,-0.37954287268576226,35.0,-1.186071477143007,418,433,375,435,35.0,NEUTRAL,program,sonic_drive_three_laps.py,function,ec959a186dbd8278df967871b3a34262848e2c5ecc08c20aa12abb30068f0552,仕切り壁予防：右壁の向き・離隔を保持 | target_deg=-0.949,,250.0,108.64959669801345,75.92352948844237,59.47008108239708,43.41961263940422,0,104.35,43.13404384628086,4
104.4,639.0348405649942,555.473391252653,-87.88945295753877,27.999700682789122,-0.7899718090026817,35.0,-2.4686619031333805,418,432,375,435,35.0,NEUTRAL,program,sonic_drive_three_laps.py,function,ec959a186dbd8278df967871b3a34262848e2c5ecc08c20aa12abb30068f0552,仕切り壁予防：右壁の向き・離隔を保持 | target_deg=-1.974,,250.0,110.48047535802992,75.0726512652699,59.754301925147224,42.72340082895268,0,104.4,43.06780512182786,4
104.45,637.6358196842483,555.5253942404125,-87.85302575234171,27.999768137104233,-0.4423256461004397,35.0,-1.382267644063874,418,433,375,435,35.0,NEUTRAL,program,sonic_drive_three_laps.py,function,ec959a186dbd8278df967871b3a34262848e2c5ecc08c20aa12abb30068f0552,仕切り壁予防：右壁の向き・離隔を保持 | target_deg=-1.106,,250.0,109.89504489954194,74.98458920493097,59.0228419400236,43.58101590587069,0,104.45,43.00714359219751,4
104.5,636.2368226319309,555.5781121852641,-87.83090044018806,27.999820389872415,-0.26866445756841645,35.0,-0.8395764299013013,418,434,375,435,35.0,NEUTRAL,program,sonic_drive_three_laps.py,function,ec959a186dbd8278df967871b3a34262848e2c5ecc08c20aa12abb30068f0552,仕切り壁予防：右壁の向き・離隔を保持 | target_deg=-0.672,,249.55963749377366,110.74545331073284,75.40818229767163,58.82535136963329,43.3859259120325,0,104.5,42.949168660069745,4
104.55,634.8378433397492,555.6313587415027,-87.80973402737723,27.99986086692386,-0.2570204272667601,35.0,-0.8031888352086254,418,434,375,435,35.0,NEUTRAL,program,sonic_drive_three_laps.py,function,ec959a186dbd8278df967871b3a34262848e2c5ecc08c20aa12abb30068f0552,仕切り壁予防：右壁の向き・離隔を保持 | target_deg=-0.643,,250.0,111.00007865308321,74.75246613631855,59.21746842610091,43.497722317836455,0,104.55,42.890894420200766,4
104.6,633.4388726965939,555.6848780119917,-87.80856760466463,27.999892222041506,-0.01416376487921866,35.0,-0.044261765247558316,418,434,375,435,35.0,NEUTRAL,program,sonic_drive_three_laps.py,function,ec959a186dbd8278df967871b3a34262848e2c5ecc08c20aa12abb30068f0552,仕切り壁予防：右壁の向き・離隔を保持 | target_deg=-0.035,,249.56464562202765,110.35642203261038,74.13562972976042,58.14924656405269,43.22561010743947,0,104.6,42.837098129677656,4
104.65,632.0399046435507,555.7385002926618,-87.80130055989487,27.999916510950097,-0.08824291015074437,35.0,-0.27575909422107614,418,434,375,435,35.0,NEUTRAL,program,sonic_drive_three_laps.py,function,ec959a186dbd8278df967871b3a34262848e2c5ecc08c20aa12abb30068f0552,仕切り壁予防：右壁の向き・離隔を保持 | target_deg=-0.221,,250.0,110.7150984898432,74.87929204560433,58.3238742752468,42.8522667968469,0,104.65,42.78175005754713,4
104.7,630.6409346488492,555.7920992889477,-87.8104781510598,27.99993532609495,0.11144232495894897,35.0,0.34825726549671554,418,435,375,435,35.0,NEUTRAL,program,sonic_drive_three_laps.py,function,ec959a186dbd8278df967871b3a34262848e2c5ecc08c20aa12abb30068f0552,仕切り壁予防：右壁の向き・離隔を保持 | target_deg=0.279,,249.81160405382712,111.70145597038524,74.41479865104705,57.84815562234646,43.06423137954088,0,104.7,42.730330600990555,4
104.75,629.2419749657854,555.8459874235564,-87.77761925589152,27.99994990104691,-0.39899521627953305,35.0,-1.2468600508735408,418,433,375,435,35.0,NEUTRAL,program,sonic_drive_three_laps.py,function,ec959a186dbd8278df967871b3a34262848e2c5ecc08c20aa12abb30068f0552,仕切り壁予防：右壁の向き・離隔を保持 | target_deg=-0.997,,249.68960915580897,110.36785156514037,73.26349966493932,59.20439204516354,42.61969213853145,0,104.75,42.668640221581654,4
104.8,627.8430468999629,555.9007062287509,-87.7424375024624,27.999961191378528,-0.4271997497073377,35.0,-1.3349992178354304,418,433,375,435,35.0,NEUTRAL,program,sonic_drive_three_laps.py,function,ec959a186dbd8278df967871b3a34262848e2c5ecc08c20aa12abb30068f0552,仕切り壁予防：右壁の向き・離隔を保持 | target_deg=-1.068,,249.6325639551362,110.97972764962103,74.449650978243,59.27493589837379,43.2891611789881,0,104.8,42.60557145716257,4
104.85,626.4441571564286,555.956408045115,-87.69709747388629,27.999969937313903,-0.5505412049495737,35.0,-1.720441265467418,418,433,375,435,35.0,NEUTRAL,program,sonic_drive_three_laps.py,function,ec959a186dbd8278df967871b3a34262848e2c5ecc08c20aa12abb30068f0552,仕切り壁予防：右壁の向き・離隔を保持 | target_deg=-1.376,,250.0,111.05022832016999,75.23040123038842,58.76851152602715,42.60563106121786,0,104.85,42.539114602475706,4
104.9,625.0452912206179,556.0127148553787,-87.69287970835234,27.99997671225977,-0.051215758203701396,35.0,-0.16004924438656687,418,434,375,435,35.0,NEUTRAL,program,sonic_drive_three_laps.py,function,ec959a186dbd8278df967871b3a34262848e2c5ecc08c20aa12abb30068f0552,仕切り壁予防：右壁の向き・離隔を保持 | target_deg=-0.128,,250.0,110.96403896121619,75.32385087473233,57.878400289839455,43.30729592100508,0,104.9,42.48180763845744,4
104.95,623.6464206160864,556.0689127817418,-87.70601790710664,27.999981960399573,0.159534972923837,35.0,0.4985467903869907,418,435,375,435,35.0,NEUTRAL,program,sonic_drive_three_laps.py,function,ec959a186dbd8278df967871b3a34262848e2c5ecc08c20aa12abb30068f0552,仕切り壁予防：右壁の向き・離隔を保持 | target_deg=0.399,,249.12518317195517,110.75183672436671,75.44103723473754,57.93450809378815,43.20503052685742,0,104.95,42.42872534602668,4
105.0,622.2475256924882,556.124507271044,-87.7423118273102,27.999986025815282,0.4407034422084874,35.0,1.377198256901523,418,436,375,435,35.0,NEUTRAL,program,sonic_drive_three_laps.py,function,ec959a186dbd8278df967871b3a34262848e2c5ecc08c20aa12abb30068f0552,仕切り壁予防：右壁の向き・離隔を保持 | target_deg=1.102,,249.31810440822667,112.04075553410986,75.7756760917851,57.71766029867855,43.44541812841686,0,105.0,42.381740594531834,4
105.05,620.8485997512853,556.1793204428673,-87.77002001900438,27.99998917504635,0.33645289115180305,35.0,1.0514152848493845,418,436,375,435,35.0,NEUTRAL,program,sonic_drive_three_laps.py,function,ec959a186dbd8278df967871b3a34262848e2c5ecc08c20aa12abb30068f0552,仕切り壁予防：右壁の向き・離隔を保持 | target_deg=0.841,,249.74808545750622,112.08692758215001,76.199457785906,57.727043901760375,42.817254927603194,0,105.05,42.33350327981691,4
105.1,619.44964956595,556.233514946481,-87.79298939531839,27.99999161456472,0.27891174527453017,35.0,0.8715992039829068,418,435,375,435,35.0,NEUTRAL,program,sonic_drive_three_laps.py,function,ec959a186dbd8278df967871b3a34262848e2c5ecc08c20aa12abb30068f0552,仕切り壁予防：右壁の向き・離隔を保持 | target_deg=0.697,,249.8040285173746,111.6726739600735,75.82737839580821,57.525285534998304,42.64790855196557,0,105.1,42.28476186037892,4
105.15,618.0506708360995,556.2869698886249,-87.83059903953048,27.999993504311693,0.456678983875087,35.0,1.4271218246096469,418,436,375,435,35.0,NEUTRAL,program,sonic_drive_three_laps.py,function,ec959a186dbd8278df967871b3a34262848e2c5ecc08c20aa12abb30068f0552,仕切り壁予防：右壁の向き・離隔を保持 | target_deg=1.142,,250.0,110.97220964185176,75.68048142173113,57.77236265635662,43.36868696151144,0,105.15,42.24023935456569,4
105.2,616.651676019401,556.3400049406061,-87.82738309392272,27.9999949681841,-0.039050769873853995,35.0,-0.12203365585579373,418,434,375,435,35.0,NEUTRAL,program,sonic_drive_three_laps.py,function,ec959a186dbd8278df967871b3a34262848e2c5ecc08c20aa12abb30068f0552,仕切り壁予防：右壁の向き・離隔を保持 | target_deg=-0.098,,250.0,111.42296792513181,75.63933474226387,57.98117685911077,42.07151040958079,0,105.2,42.18644032570512,4
105.25,615.2526951194251,556.3934071693994,-87.80052362400993,27.999996102157297,-0.3261472339807094,35.0,-1.0192101061897167,418,433,375,435,35.0,NEUTRAL,program,sonic_drive_three_laps.py,function,ec959a186dbd8278df967871b3a34262848e2c5ecc08c20aa12abb30068f0552,仕切り壁予防：右壁の向き・離隔を保持 | target_deg=-0.815,,250.0,111.25856370742227,76.22717072212046,58.11763247248423,42.12640458335702,0,105.25,42.126658682636844,4
105.3,613.8537309405766,556.4472472191733,-87.79152082831592,27.99999698057759,-0.10931954248937814,35.0,-0.3416235702793067,418,434,375,435,35.0,NEUTRAL,program,sonic_drive_three_laps.py,function,ec959a186dbd8278df967871b3a34262848e2c5ecc08c20aa12abb30068f0552,仕切り壁予防：右壁の向き・離隔を保持 | target_deg=-0.273,,250.0,112.19330030678628,75.2031370180707,57.33284721115121,42.41094204917928,0,105.3,42.07068088936035,4
105.35,612.4547793714141,556.5014147979196,-87.77369514941932,27.999997661036527,-0.2164536627326271,35.0,-0.6764176960394597,418,434,375,435,35.0,NEUTRAL,program,sonic_drive_three_laps.py,function,ec959a186dbd8278df967871b3a34262848e2c5ecc08c20aa12abb30068f0552,仕切り壁予防：右壁の向き・離隔を保持 | target_deg=-0.541,,250.0,111.57744397761124,76.42074810663367,57.92294460650927,42.33551896245859,0,105.35,42.01228131162429,4
105.4,611.0558534145807,556.556240170958,-87.73763882958384,27.999998188146808,-0.4378182507750421,35.0,-1.3681820336720065,418,433,375,435,35.0,NEUTRAL,program,sonic_drive_three_laps.py,function,ec959a186dbd8278df967871b3a34262848e2c5ecc08c20aa12abb30068f0552,仕切り壁予防：右壁の向き・離隔を保持 | target_deg=-1.094,,249.88941317015573,112.15507592228151,76.12980484358975,57.57626781282071,41.64809278297835,0,105.4,41.948898916618305,4
105.45,609.6569586188357,556.6118557401693,-87.70896643604878,27.99999859646718,-0.34816051283053523,35.0,-1.0880016025954227,418,433,375,435,35.0,NEUTRAL,program,sonic_drive_three_laps.py,function,ec959a186dbd8278df967871b3a34262848e2c5ecc08c20aa12abb30068f0552,仕切り壁予防：右壁の向き・離隔を保持 | target_deg=-0.870,,249.75823977659465,111.46958958579246,76.55373156794154,57.63686993074242,42.21311973762842,0,105.45,41.886481687301284,4
105.5,608.2580982986887,556.6683318446028,-87.66714655413902,27.999998912768223,-0.5077995776556742,35.0,-1.5868736801739818,418,433,375,435,35.0,NEUTRAL,program,sonic_drive_three_laps.py,function,ec959a186dbd8278df967871b3a34262848e2c5ecc08c20aa12abb30068f0552,仕切り壁予防：右壁の向き・離隔を保持 | target_deg=-1.269,,250.0,111.83459796749096,76.0398151699999,57.32925662628524,41.45149654911978,0,105.5,41.82008981609579,4
105.55,606.8592682417272,556.7255535389867,-87.64788881350162,27.999999157787464,-0.23384270290024034,35.0,-0.7307584465632511,418,434,375,435,35.0,NEUTRAL,program,sonic_drive_three_laps.py,function,ec959a186dbd8278df967871b3a34262848e2c5ecc08c20aa12abb30068f0552,仕切り壁予防：右壁の向き・離隔を保持 | target_deg=-0.585,,250.0,111.97084179891904,76.573969359587,56.90119384371899,41.992612364037115,0,105.55,41.75830387756514,4
105.6,605.4604498444467,556.7830599627064,-87.64382160786013,27.999999347589014,-0.049387486126998115,35.0,-0.1543358941468691,418,434,375,435,35.0,NEUTRAL,program,sonic_drive_three_laps.py,function,ec959a186dbd8278df967871b3a34262848e2c5ecc08c20aa12abb30068f0552,仕切り壁予防：右壁の向き・離隔を保持 | target_deg=-0.123,,249.51101873174744,113.16647200512095,76.22448002027411,56.58353926217181,41.825180464454725,0,105.6,41.699833645051854,4
105.65,604.0616449445139,556.8408937588862,-87.6210702474646,27.999999494616766,-0.2762643836717675,35.0,-0.8633261989742733,418,434,375,435,35.0,NEUTRAL,program,sonic_drive_three_laps.py,function,ec959a186dbd8278df967871b3a34262848e2c5ecc08c20aa12abb30068f0552,仕切り壁予防：右壁の向き・離隔を保持 | target_deg=-0.691,,249.6363832321139,113.3409196283551,76.00888220419058,57.62750262853496,41.871875123245594,0,105.65,41.63660942397621,4
105.7,602.6628377749337,556.8986726936348,-87.64831591833072,27.99999960851025,0.3308366173627567,35.0,1.0338644292586148,418,436,375,435,35.0,NEUTRAL,program,sonic_drive_three_laps.py,function,ec959a186dbd8278df967871b3a34262848e2c5ecc08c20aa12abb30068f0552,仕切り壁予防：右壁の向き・離隔を保持 | target_deg=0.827,,249.572289569479,112.78934789069153,76.21581983693714,57.03078728013739,43.178650504382006,0,105.7,41.585285937360254,4
105.75,601.2640003297006,556.9557139172165,-87.68150355932316,27.999999696736626,0.40298614308046127,35.0,1.2593316971264414,418,436,375,435,35.0,NEUTRAL,program,sonic_drive_three_laps.py,function,ec959a186dbd8278df967871b3a34262848e2c5ecc08c20aa12abb30068f0552,仕切り壁予防：右壁の向き・離隔を保持 | target_deg=1.007,,250.0,113.24657848360393,75.66352458160037,57.371967443515175,42.83622629891441,0,105.75,41.5361112490674,4
105.8,599.865140005485,557.0121917759755,-87.69446596770217,27.99999976508025,0.15740027868651482,35.0,0.4918758708953588,418,435,375,435,35.0,NEUTRAL,program,sonic_drive_three_laps.py,function,ec959a186dbd8278df967871b3a34262848e2c5ecc08c20aa12abb30068f0552,仕切り壁予防：右壁の向き・離隔を保持 | target_deg=0.393,,249.3078937578996,112.82653820647405,76.58699077063241,57.63843438204644,42.353589124831544,0,105.8,41.482706858954316,4
105.85,598.4662623084187,557.0682376135294,-87.7168935562345,27.999999818021912,0.2723329547114935,35.0,0.8510404834734171,418,435,375,435,35.0,NEUTRAL,program,sonic_drive_three_laps.py,function,ec959a186dbd8278df967871b3a34262848e2c5ecc08c20aa12abb30068f0552,仕切り壁予防：右壁の向き・離隔を保持 | target_deg=0.681,,250.0,111.86274603547166,76.94639494733241,55.91358479623957,41.55011598572781,0,105.85,41.43198001976748,4
105.9,597.0673585918172,557.1236300579246,-87.74798931505963,27.99999985903261,0.37758589304725093,35.0,1.1799559157726591,418,436,375,435,35.0,NEUTRAL,program,sonic_drive_three_laps.py,function,ec959a186dbd8278df967871b3a34262848e2c5ecc08c20aa12abb30068f0552,仕切り壁予防：右壁の向き・離隔を保持 | target_deg=0.944,,249.32486673632658,113.28498713160718,77.46457543850848,56.594330557296395,42.21197032735364,0,105.9,41.38396501877094,4
105.95,595.6684242695608,557.1782440977421,-87.78065606911733,27.99999989080111,0.39666139230751296,35.0,1.239566850960978,418,436,375,435,35.0,NEUTRAL,program,sonic_drive_three_laps.py,function,ec959a186dbd8278df967871b3a34262848e2c5ecc08c20aa12abb30068f0552,仕切り壁予防：右壁の向き・離隔を保持 | target_deg=0.992,,249.6961316499126,112.40905838207298,76.69899318799446,55.595345904738004,41.302982855136676,0,105.95,41.33710448418492,4
106.0,594.2694711842926,557.2323758790801,-87.78749257375335,27.99999991541024,0.08301464134184129,35.0,0.25942075419325406,418,435,375,435,35.0,NEUTRAL,program,sonic_drive_three_laps.py,function,ec959a186dbd8278df967871b3a34262848e2c5ecc08c20aa12abb30068f0552,仕切り壁予防：右壁の向き・離隔を保持 | target_deg=0.208,,250.0,112.52757349047627,76.82616202331619,57.514008532365956,42.083146879390206,0,106.0,41.284595791335505,4
106.05,592.8705060454622,557.2861951421595,-87.80625505582908,27.999999934473443,0.22782893930693632,35.0,0.711965435334176,418,435,375,435,35.0,NEUTRAL,program,sonic_drive_three_laps.py,function,ec959a186dbd8278df967871b3a34262848e2c5ecc08c20aa12abb30068f0552,仕切り壁予防：右壁の向き・離隔を保持 | target_deg=0.570,,250.0,112.6708274039948,76.54708281202089,56.31016217290705,41.86237456060096,0,106.05,41.235231792689206,4
106.1,591.4715152127848,557.3393419044348,-87.8425776753996,27.999999949240554,0.44105166950480423,35.0,1.3782864672025132,418,436,375,435,35.0,NEUTRAL,program,sonic_drive_three_laps.py,function,ec959a186dbd8278df967871b3a34262848e2c5ecc08c20aa12abb30068f0552,仕切り壁予防：右壁の向き・離隔を保持 | target_deg=1.103,,249.45949348923648,112.76426752126451,77.19438965419013,56.60317062641472,42.43138833046522,0,106.1,41.19071326341634,4
106.15,590.0724994569836,557.3918289857685,-87.86028919881399,27.99999996067973,0.21506748884981533,35.0,0.6720859026556729,418,435,375,435,35.0,NEUTRAL,program,sonic_drive_three_laps.py,function,ec959a186dbd8278df967871b3a34262848e2c5ecc08c20aa12abb30068f0552,仕切り壁予防：右壁の向き・離隔を保持 | target_deg=0.538,,250.0,113.2971370635002,76.42516196461118,55.92606392605387,41.05114383182667,0,106.15,41.142434988012724,4
106.2,588.6734567823019,557.4435929334504,-87.90180796733928,27.99999996954097,0.5041434646013704,35.0,1.5754483268792825,418,436,375,435,35.0,NEUTRAL,program,sonic_drive_three_laps.py,function,ec959a186dbd8278df967871b3a34262848e2c5ecc08c20aa12abb30068f0552,仕切り壁予防：右壁の向き・離隔を保持 | target_deg=1.260,,250.0,113.63172631364831,77.5161700525852,55.966865650340125,42.07759362450461,0,106.2,41.100541122250206,4
106.25,587.274385383594,557.4945752160137,-87.92431254451927,27.99999997640524,0.27326779395141243,35.0,0.8539618560981639,418,435,375,435,35.0,NEUTRAL,program,sonic_drive_three_laps.py,function,ec959a186dbd8278df967871b3a34262848e2c5ecc08c20aa12abb30068f0552,仕切り壁予防：右壁の向き・離隔を保持 | target_deg=0.683,,249.7620501427386,113.11857173170235,76.55887717065002,56.405936738084634,41.5038872508995,0,106.25,41.054911063840564,4
106.3,585.8752962034197,557.5450672748082,-87.94195971630607,27.999999981722567,0.21428608701814283,35.0,0.6696440219316964,418,435,375,435,35.0,NEUTRAL,program,sonic_drive_three_laps.py,function,ec959a186dbd8278df967871b3a34262848e2c5ecc08c20aa12abb30068f0552,仕切り壁予防：右壁の向き・離隔を保持 | target_deg=0.536,,250.0,112.03365871909665,77.09255349282262,56.60816535430661,41.824441071511835,0,106.3,41.00861713425036,4
106.35,584.4761968918277,557.5952779577611,-87.94735839534182,27.99999998584158,0.06555535972203273,35.0,0.2048604991313523,418,435,375,435,35.0,NEUTRAL,program,sonic_drive_three_laps.py,function,ec959a186dbd8278df967871b3a34262848e2c5ecc08c20aa12abb30068f0552,仕切り壁予防：右壁の向き・離隔を保持 | target_deg=0.164,,249.42341540253068,112.13826383327081,77.57471262483882,56.09587806221926,41.12326506614704,0,106.35,40.95969095528494,4
106.4,583.0770853166696,557.6451455184733,-87.970062586495,27.999999989032332,0.2756916221483269,35.0,0.8615363192135215,418,435,375,435,35.0,NEUTRAL,program,sonic_drive_three_laps.py,function,ec959a186dbd8278df967871b3a34262848e2c5ecc08c20aa12abb30068f0552,仕切り壁予防：右壁の向き・離隔を保持 | target_deg=0.689,,249.48949749396033,112.86028377028403,76.41203596020338,55.66515495567355,41.47323468156328,0,106.4,40.91522640693313,4
106.45,581.6779458848986,557.6942246825618,-88.01192980771151,27.999999991504012,0.5083743450761498,35.0,1.5886698283629679,418,436,375,435,35.0,NEUTRAL,program,sonic_drive_three_laps.py,function,ec959a186dbd8278df967871b3a34262848e2c5ecc08c20aa12abb30068f0552,仕切り壁予防：右壁の向き・離隔を保持 | target_deg=1.271,,249.16563577303953,114.0639190266602,77.64460448619923,55.11216131499073,41.30755979182382,0,106.45,40.87611488102232,4
106.5,580.2787757334345,557.7424205464742,-88.04240540275453,27.999999993418673,0.3700556513786921,35.0,1.1564239105584129,418,436,375,435,35.0,NEUTRAL,program,sonic_drive_three_laps.py,function,ec959a186dbd8278df967871b3a34262848e2c5ecc08c20aa12abb30068f0552,仕切り壁予防：右壁の向き・離隔を保持 | target_deg=0.925,,250.0,113.64058393811358,75.50117762791555,56.597589668822245,41.890650061085935,0,106.5,40.83517808612294,4
106.55,578.8795756171261,557.7897380970242,-88.0838625625332,27.99999999490184,0.5033954157151374,35.0,1.5731106741098042,418,436,375,435,35.0,NEUTRAL,program,sonic_drive_three_laps.py,function,ec959a186dbd8278df967871b3a34262848e2c5ecc08c20aa12abb30068f0552,仕切り壁予防：右壁の向き・離隔を保持 | target_deg=1.258,,249.73539603019296,112.97765288470099,77.56515369687563,56.10216484850843,41.98519680743311,0,106.55,40.797740091061314,4
106.6,577.4803538369051,557.8364114616162,-88.09516254990112,27.999999996050764,0.13721387002805585,35.0,0.42879334383767453,418,435,375,435,35.0,NEUTRAL,program,sonic_drive_three_laps.py,function,ec959a186dbd8278df967871b3a34262848e2c5ecc08c20aa12abb30068f0552,仕切り壁予防：右壁の向き・離隔を保持 | target_deg=0.343,,249.41605244036,112.52687034235385,77.03939823028044,55.9607804966278,40.81404689316554,0,106.6,40.753760549341905,4
106.65,576.0811078365687,557.8823518054694,-88.14389387036425,27.999999996940765,0.5917164253989426,35.0,1.8491138293716958,418,436,375,435,35.0,NEUTRAL,program,sonic_drive_three_laps.py,function,ec959a186dbd8278df967871b3a34262848e2c5ecc08c20aa12abb30068f0552,仕切り壁予防：右壁の向き・離隔を保持 | target_deg=1.479,,250.0,112.85206364349823,77.45986626087732,55.29364416784929,41.83488815333701,0,106.65,40.71944200561529,4
106.7,574.6818376578519,557.9275509166458,-88.15586554002013,27.999999997630194,0.1453699624754651,35.0,0.4542811327358285,418,435,375,435,35.0,NEUTRAL,program,sonic_drive_three_laps.py,function,ec959a186dbd8278df967871b3a34262848e2c5ecc08c20aa12abb30068f0552,仕切り壁予防：右壁の向き・離隔を保持 | target_deg=0.363,,250.0,113.2343216620823,76.81181712314094,55.70054095523638,40.51205749540773,0,106.7,40.677099142171755,4
106.75,573.2825527946809,557.9722928437068,-88.18133419743903,27.999999998164256,0.3092592653258177,35.0,0.9664352041431803,418,436,375,435,35.0,NEUTRAL,program,sonic_drive_three_laps.py,function,ec959a186dbd8278df967871b3a34262848e2c5ecc08c20aa12abb30068f0552,仕切り壁予防：右壁の向き・離隔を保持 | target_deg=0.773,,249.31071857409765,249.51997051978645,77.85079486317161,55.63931407224892,41.42779934852155,0,106.75,40.638435143803235,4
106.8,571.8832519948215,558.0165337702308,-88.19689373395217,27.999999998577962,0.1889365442681182,35.0,0.5904267008378694,418,435,375,435,35.0,NEUTRAL,program,sonic_drive_three_laps.py,function,ec959a186dbd8278df967871b3a34262848e2c5ecc08c20aa12abb30068f0552,仕切り壁予防：右壁の向き・離隔を保持 | target_deg=0.472,,250.0,249.78052775774492,76.72198976253401,55.61562470748503,40.91003671446535,0,106.8,40.59790841410438,4
106.85,570.4839607345424,558.0610746484939,-88.15661441154666,27.999999998898435,-0.4913669840584538,35.0,-1.535521825182668,418,433,375,435,35.0,NEUTRAL,program,sonic_drive_three_laps.py,function,ec959a186dbd8278df967871b3a34262848e2c5ecc08c20aa12abb30068f0552,仕切り壁予防：右壁の向き・離隔を保持 | target_deg=-1.228,,249.64251080135202,249.65736237507636,76.80497710511318,56.433235717971854,40.0906631035158,0,106.85,40.5437540941756,4
106.9,569.0847097792005,558.1068630696385,-88.0948836640846,27.999999999146684,-0.7495448859623934,35.0,-2.3423277686324795,418,432,375,435,35.0,NEUTRAL,program,sonic_drive_three_laps.py,function,ec959a186dbd8278df967871b3a34262848e2c5ecc08c20aa12abb30068f0552,仕切り壁予防：右壁の向き・離隔を保持 | target_deg=-1.873,,250.0,249.42591673317568,77.19984766966799,56.53353664375904,40.41879943122598,0,106.9,40.48324245236665,4
106.95,567.6854939555365,558.1537144057964,-88.06956612076019,27.99999999933899,-0.3074243615920503,35.0,-0.9607011299751571,418,433,375,435,35.0,NEUTRAL,program,sonic_drive_three_laps.py,function,ec959a186dbd8278df967871b3a34262848e2c5ecc08c20aa12abb30068f0552,仕切り壁予防：右壁の向き・離隔を保持 | target_deg=-0.769,,250.0,249.45028154860964,78.33542344036408,56.13120320058393,41.498895882971404,0,106.95,40.43035621279057,4
107.0,566.2862771742608,558.2005370701104,-88.09723179500591,27.99999999948795,0.33593648057476544,35.0,1.049801501796142,418,436,375,435,35.0,NEUTRAL,program,sonic_drive_three_laps.py,function,ec959a186dbd8278df967871b3a34262848e2c5ecc08c20aa12abb30068f0552,仕切り壁予防：右壁の向き・離隔を保持 | target_deg=0.840,,249.6263303544223,249.23158761818078,76.87156213871529,54.65110252064319,41.273235269083415,0,107.0,40.39012827572185,4
107.05,564.8870474130715,558.2469706192581,-88.10143334560041,27.999999999603343,0.05101881516396247,35.0,0.15943379738738273,418,435,375,435,35.0,NEUTRAL,program,sonic_drive_three_laps.py,function,ec959a186dbd8278df967871b3a34262848e2c5ecc08c20aa12abb30068f0552,仕切り壁予防：右壁の向き・離隔を保持 | target_deg=0.128,,250.0,249.89626488572634,77.12820351403766,55.574911563010204,40.513803697831364,0,107.05,40.34469647270748,4
107.1,563.4877994823862,558.2928525024006,-88.14241075680584,27.99999999969273,0.49757034171934633,35.0,1.5549073178729573,418,436,375,435,35.0,NEUTRAL,program,sonic_drive_three_laps.py,function,ec959a186dbd8278df967871b3a34262848e2c5ecc08c20aa12abb30068f0552,仕切り壁予防：右壁の向き・離隔を保持 | target_deg=1.244,,249.73344309047386,250.0,77.05340837239658,54.57526665099955,41.12828993990409,0,107.1,40.30858749340803,4
107.15,562.0885225500542,558.3378415748855,-88.17454943942663,27.999999999761982,0.3902493969526583,35.0,1.2195293654770571,418,436,375,435,35.0,NEUTRAL,program,sonic_drive_three_laps.py,function,ec959a186dbd8278df967871b3a34262848e2c5ecc08c20aa12abb30068f0552,仕切り壁予防：右壁の向き・離隔を保持 | target_deg=0.976,,250.0,249.02832342168034,77.88785671901458,54.524253740842795,40.262300778203254,0,107.15,40.27126707284742,4
107.2,560.6892352853243,558.3825086670803,-88.1687787684338,27.99999999981562,-0.07007239854836769,35.0,-0.21897624546364902,418,434,375,435,35.0,NEUTRAL,program,sonic_drive_three_laps.py,function,ec959a186dbd8278df967871b3a34262848e2c5ecc08c20aa12abb30068f0552,仕切り壁予防：右壁の向き・離隔を保持 | target_deg=-0.175,,249.80544652664196,250.0,76.7909034833509,56.000072056379636,40.50437730521861,0,107.2,40.22522279146722,4
107.25,559.2899634486415,558.4276558995281,-88.1352291413881,27.99999999985717,-0.40738146332739705,35.0,-1.2730670728981157,418,433,375,435,35.0,NEUTRAL,program,sonic_drive_three_laps.py,function,ec959a186dbd8278df967871b3a34262848e2c5ecc08c20aa12abb30068f0552,仕切り壁予防：右壁の向き・離隔を保持 | target_deg=-1.018,,250.0,249.56603976751217,76.61671240945007,55.577863773724424,39.94110240279526,0,107.25,40.17207093119566,4
107.3,557.8907072901367,558.4732870411017,-88.12914948417165,27.999999999889354,-0.07382436820284596,35.0,-0.23070115063389363,418,434,375,435,35.0,NEUTRAL,program,sonic_drive_three_laps.py,function,ec959a186dbd8278df967871b3a34262848e2c5ecc08c20aa12abb30068f0552,仕切り壁予防：右壁の向き・離隔を保持 | target_deg=-0.185,,250.0,250.0,78.2692713134876,54.56825128911509,40.35315117074427,0,107.3,40.12498962356858,4
107.35,556.4914521280623,558.5189487403279,-88.13272663410297,27.99999999991429,0.043436812272712476,35.0,0.13574003835222648,418,435,375,435,35.0,NEUTRAL,program,sonic_drive_three_laps.py,function,ec959a186dbd8278df967871b3a34262848e2c5ecc08c20aa12abb30068f0552,仕切り壁予防：右壁の向き・離隔を保持 | target_deg=0.109,,250.0,249.07078051499045,77.10855556004574,55.10396756807992,40.63722831406681,0,107.35,40.08018115908624,4
107.4,555.0921883307733,558.5643448813025,-88.15089721143272,27.999999999933607,0.2206416340360903,35.0,0.6895051063627822,418,435,375,435,35.0,NEUTRAL,program,sonic_drive_three_laps.py,function,ec959a186dbd8278df967871b3a34262848e2c5ecc08c20aa12abb30068f0552,仕切り壁予防：右壁の向き・離隔を保持 | target_deg=0.552,,249.75061145038967,250.0,78.56300474668227,54.000204267131664,40.01347290826055,0,107.4,40.03911975890105,4
107.45,553.692900189855,558.6089834923674,-88.19476331000442,27.999999999948567,0.5326444235921474,35.0,1.6645138237254606,418,436,375,435,35.0,NEUTRAL,program,sonic_drive_three_laps.py,function,ec959a186dbd8278df967871b3a34262848e2c5ecc08c20aa12abb30068f0552,仕切り壁予防：右壁の向き・離隔を保持 | target_deg=1.331,,249.416166924158,249.4366978893369,77.64121544427108,53.92701277457993,40.45964138562646,0,107.45,40.00495009574513,4
107.5,552.2935849050107,558.6527636224196,-88.22119995618885,27.99999999996016,0.32101305897749993,35.0,1.0031658093046874,418,436,375,435,35.0,NEUTRAL,program,sonic_drive_three_laps.py,function,ec959a186dbd8278df967871b3a34262848e2c5ecc08c20aa12abb30068f0552,仕切り壁予防：右壁の向き・離隔を保持 | target_deg=0.802,,250.0,250.0,77.05938812969595,55.05579970920679,40.48995716747444,0,107.5,39.967482208799765,4
107.55,550.8942611676802,558.6962731300538,-88.21692485813622,27.999999999969138,-0.0519118907201198,35.0,-0.16222465850037437,418,434,375,435,35.0,NEUTRAL,program,sonic_drive_three_laps.py,function,ec959a186dbd8278df967871b3a34262848e2c5ecc08c20aa12abb30068f0552,仕切り壁予防：右壁の向き・離隔を保持 | target_deg=-0.130,,249.77748738574505,250.0,78.30190511634137,55.54012343602427,40.26529162700367,0,107.55,39.92295179110954,4
107.6,549.4949313510888,558.7395864580404,-88.23726518678075,27.999999999976094,0.24698817506185974,35.0,0.7718380470683117,418,435,375,435,35.0,NEUTRAL,program,sonic_drive_three_laps.py,function,ec959a186dbd8278df967871b3a34262848e2c5ecc08c20aa12abb30068f0552,仕切り壁予防：右壁の向き・離隔を保持 | target_deg=0.617,,250.0,250.0,77.49357267281906,53.97134888382235,40.172880513521456,0,107.6,39.88449633182404,4
107.65,548.0956017722378,558.7829074516015,-88.21629712064833,27.999999999981483,-0.2546105556380455,35.0,-0.7956579863688922,418,434,375,435,35.0,NEUTRAL,program,sonic_drive_three_laps.py,function,ec959a186dbd8278df967871b3a34262848e2c5ecc08c20aa12abb30068f0552,仕切り壁予防：右壁の向き・離隔を保持 | target_deg=-0.637,,249.4976582157643,250.0,77.50665375011398,55.02633115703899,39.46707984017533,0,107.65,39.83616756829554,4
107.7,546.696284283198,558.8266173948124,-88.20541384888392,27.999999999985654,-0.13215377992755747,35.0,-0.4129805622736171,418,434,375,435,35.0,NEUTRAL,program,sonic_drive_three_laps.py,function,ec959a186dbd8278df967871b3a34262848e2c5ecc08c20aa12abb30068f0552,仕切り壁予防：右壁の向き・離隔を保持 | target_deg=-0.330,,250.0,250.0,77.47508753551584,54.70284018998403,40.12680589402646,0,107.7,39.78985894123866,4
107.75,545.2969712527088,558.8704699052399,-88.20462213018999,27.999999999988887,-0.009613726907028877,35.0,-0.03004289658446524,418,434,375,435,35.0,NEUTRAL,program,sonic_drive_three_laps.py,function,ec959a186dbd8278df967871b3a34262848e2c5ecc08c20aa12abb30068f0552,仕切り壁予防：右壁の向き・離隔を保持 | target_deg=-0.024,,248.7567590067302,249.41764111776746,78.30947569289991,54.186756694888075,39.844950044916814,0,107.75,39.535404145257175,4
107.8,543.8976506404485,558.9140795764079,-88.22530019802136,27.99999999999139,0.2510892162775613,35.0,0.7846538008673791,418,435,375,435,35.0,NEUTRAL,program,sonic_drive_three_laps.py,function,ec959a186dbd8278df967871b3a34262848e2c5ecc08c20aa12abb30068f0552,仕切り壁予防：右壁の向き・離隔を保持 | target_deg=0.628,,250.0,250.0,78.25827550193151,54.790756924504905,40.790450389033495,0,107.8,38.18422702501206,4
107.85,542.4983168893552,558.9572657265422,-88.23930447611292,27.999999999993335,0.17005144893764254,35.0,0.5314107779301329,418,435,375,435,35.0,NEUTRAL,program,sonic_drive_three_laps.py,function,ec959a186dbd8278df967871b3a34262848e2c5ecc08c20aa12abb30068f0552,仕切り壁予防：右壁の向き・離隔を保持 | target_deg=0.425,,250.0,249.22929161294402,78.33392694195243,53.89146801786338,39.54446796379063,0,107.85,36.835412690438524,4
107.9,541.0989815668038,559.0004009833341,-88.22946786013259,27.999999999994838,-0.11944444958450333,35.0,-0.3732639049515729,418,434,375,435,35.0,NEUTRAL,program,sonic_drive_three_laps.py,function,ec959a186dbd8278df967871b3a34262848e2c5ecc08c20aa12abb30068f0552,仕切り壁予防：右壁の向き・離隔を保持 | target_deg=-0.299,,250.0,249.97148658317488,78.20220276472479,54.877792342219365,39.76448982449759,0,107.9,35.487731471552586,4
107.95,539.6996528542918,559.0437501642359,-88.2217861926541,27.999999999996003,-0.09327730840371175,35.0,-0.2914915887615992,418,434,375,435,35.0,NEUTRAL,program,sonic_drive_three_laps.py,function,ec959a186dbd8278df967871b3a34262848e2c5ecc08c20aa12abb30068f0552,仕切り壁予防：右壁の向き・離隔を保持 | target_deg=-0.233,,250.0,250.0,78.05861109113555,54.276659340665404,39.70498229942005,0,107.95,34.14437524431973,4
108.0,538.3003395941048,559.0875947482352,-88.18889884394375,27.999999999996906,-0.3993399106852598,35.0,-1.247937220891437,418,433,375,435,35.0,NEUTRAL,program,sonic_drive_three_laps.py,function,ec959a186dbd8278df967871b3a34262848e2c5ecc08c20aa12abb30068f0552,仕切り壁予防：右壁の向き・離隔を保持 | target_deg=-0.998,,249.40359315742123,249.5836929163291,78.56838561015552,54.40459703390203,39.05815395940522,0,108.0,32.80332773355854,4
108.05,536.901051448053,559.1322336805455,-88.15673540997821,27.999999999997602,-0.3905499350392824,35.0,-1.2204685469977576,418,433,375,435,35.0,NEUTRAL,program,sonic_drive_three_laps.py,function,ec959a186dbd8278df967871b3a34262848e2c5ecc08c20aa12abb30068f0552,仕切り壁予防：右壁の向き・離隔を保持 | target_deg=-0.976,,250.0,250.0,78.87295612304783,54.86650469620001,39.831332261116636,0,108.05,31.467832235830272,4
108.1,535.5017786143613,559.1773505791166,-88.14975670174096,27.999999999998145,-0.08474139537610227,35.0,-0.2648168605503196,418,434,375,435,35.0,NEUTRAL,program,sonic_drive_three_laps.py,function,ec959a186dbd8278df967871b3a34262848e2c5ecc08c20aa12abb30068f0552,仕切り壁予防：右壁の向き・離隔を保持 | target_deg=-0.212,,250.0,249.90713213242884,77.92123581114474,54.110455237226915,39.932465316776614,0,108.1,30.14053692643668,4
108.15,534.102508473466,559.2225509419222,-88.14990021485045,27.999999999998565,0.001742659186419928,35.0,0.005445809957562275,418,435,375,435,35.0,NEUTRAL,program,sonic_drive_three_laps.py,function,ec959a186dbd8278df967871b3a34262848e2c5ecc08c20aa12abb30068f0552,仕切り壁予防：右壁の向き・離隔を保持 | target_deg=0.004,,250.0,249.66631162059505,78.14704743889949,53.75857669700292,39.466552048841564,0,108.15,28.820288979543257,4
108.2,532.7032200783503,559.2671814538693,-88.19642355474738,27.999999999998888,0.5649079645980121,35.0,1.7653373893687876,418,436,375,435,35.0,NEUTRAL,program,sonic_drive_three_laps.py,function,ec959a186dbd8278df967871b3a34262848e2c5ecc08c20aa12abb30068f0552,仕切り壁予防：右壁の向き・離隔を保持 | target_deg=1.412,,249.8325192614631,250.0,78.46732802090578,52.9195669336714,39.983766483460066,0,108.2,27.510628366754684,4
108.25,531.3039106947832,559.311150149692,-88.20409783662475,27.99999999999914,0.0931876263416936,35.0,0.2912113323177925,418,435,375,435,35.0,NEUTRAL,program,sonic_drive_three_laps.py,function,ec959a186dbd8278df967871b3a34262848e2c5ecc08c20aa12abb30068f0552,仕切り壁予防：右壁の向き・離隔を保持 | target_deg=0.233,,249.7648342409087,250.0,79.49998236914905,54.50892754263945,39.47868602035533,0,108.25,26.20567324457647,4
108.3,529.9045807925776,559.3544597456114,-88.25039775275337,27.999999999999332,0.5621952241550443,35.0,1.7568600754845134,418,436,375,435,35.0,NEUTRAL,program,sonic_drive_three_laps.py,function,ec959a186dbd8278df967871b3a34262848e2c5ecc08c20aa12abb30068f0552,仕切り壁予防：右壁の向き・離隔を保持 | target_deg=1.405,,249.9460573248001,116.69228435319573,79.34438145119086,53.13903387985374,40.04128274233836,0,108.3,24.912285647079813,4
108.35,528.5052107366439,559.3964509666465,-88.31205833573145,27.999999999999485,0.7486930342674697,35.0,2.3396657320858427,418,437,375,435,35.0,NEUTRAL,program,sonic_drive_three_laps.py,function,ec959a186dbd8278df967871b3a34262848e2c5ecc08c20aa12abb30068f0552,仕切り壁予防：右壁の向き・離隔を保持 | target_deg=1.871,,250.0,116.50989268600487,78.75760739797369,52.37027628789234,39.25908826690847,0,108.35,23.62945102779023,4
108.4,527.1057830994396,559.4364735718945,-88.4116000871937,27.999999999999602,1.2085420025424178,35.0,3.776693757945056,418,438,375,435,35.0,NEUTRAL,program,sonic_drive_three_laps.py,function,ec959a186dbd8278df967871b3a34262848e2c5ecc08c20aa12abb30068f0552,仕切り壁予防：右壁の向き・離隔を保持 | target_deg=3.019,,249.14405703971892,114.49325229234019,78.32284131380982,52.36255735075751,40.07019477201242,0,108.4,22.359351442728002,4
108.45,525.7063164453355,559.4751140028343,-88.41903781355958,27.99999999999969,0.0,35.0,0.0,418,435,375,435,35.0,NEUTRAL,program,sonic_drive_three_laps.py,function,ec959a186dbd8278df967871b3a34262848e2c5ecc08c20aa12abb30068f0552,右壁追従 | target_deg=0.000,,250.0,114.41533783949826,78.91191455738598,250.0,39.07385377106142,0,108.45,21.096886671184265,4
108.5,524.3087455074027,559.513041552683,-88.4719174425819,27.936606978343114,0.6429620623532892,34.64838012215054,2.009256444854029,418,437,375,435,34.64838012215054,NEUTRAL,program,sonic_drive_three_laps.py,function,ec959a186dbd8278df967871b3a34262848e2c5ecc08c20aa12abb30068f0552,右壁追従 | target_deg=1.607,,250.0,112.60064756864813,79.47829625048188,249.976359375275,38.28554436373227,0,108.5,19.853863780690446,4
108.55,522.9119806148566,559.5503022075817,-88.4719174425819,27.950893269619343,0.0,35.0,0.0,418,435,375,435,35.0,NEUTRAL,program,sonic_drive_three_laps.py,function,ec959a186dbd8278df967871b3a34262848e2c5ecc08c20aa12abb30068f0552,右壁追従 | target_deg=0.000,,250.0,113.1430391119424,78.18250472925232,249.97890621500252,39.57093280739192,0,108.55,18.627766839741717,4
108.6,521.5145988579714,559.5875793181983,-88.4719174425819,27.961959993298148,0.0,35.0,0.0,418,435,375,435,35.0,NEUTRAL,program,sonic_drive_three_laps.py,function,ec959a186dbd8278df967871b3a34262848e2c5ecc08c20aa12abb30068f0552,右壁追従 | target_deg=0.000,,250.0,114.29036870075265,78.40734067563601,249.7558338461043,39.0799414052085,0,108.6,17.42369344630934,4
108.65,520.1167392536831,559.6248691760619,-88.4719174425819,27.970532713160498,0.0,35.0,0.0,418,435,375,435,35.0,NEUTRAL,program,sonic_drive_three_laps.py,function,ec959a186dbd8278df967871b3a34262848e2c5ecc08c20aa12abb30068f0552,右壁追従 | target_deg=0.000,,249.70523926118457,114.90367967956357,78.17087037065393,250.0,38.8119094044819,0,108.65,16.24614153203028,4
108.7,518.7185094899834,559.6621689084451,-88.4719174425819,27.977173479476825,0.0,35.0,0.0,418,435,375,435,35.0,NEUTRAL,program,sonic_drive_three_laps.py,function,ec959a186dbd8278df967871b3a34262848e2c5ecc08c20aa12abb30068f0552,右壁追従 | target_deg=0.000,,249.7219723550043,114.5384278599207,79.28688751884741,250.0,38.97766312252818,0,108.7,15.100635886759644,4
108.75,517.3199929862303,559.6994762900198,-88.4719174425819,27.982317678514722,0.0,35.0,0.0,418,435,375,435,35.0,NEUTRAL,program,sonic_drive_three_laps.py,function,ec959a186dbd8278df967871b3a34262848e2c5ecc08c20aa12abb30068f0552,右壁追従 | target_deg=0.000,,250.0,114.39500545868341,79.04433395248739,250.0,39.24658249125525,0,108.75,13.994013634498597,4
108.8,516.0671880641667,559.7340628840271,-88.34235758103269,22.98231767851473,-2.24,4.0,-7.0,380,427,375,435,4.0,NEUTRAL,program,sonic_drive_three_laps.py,function,ec959a186dbd8278df967871b3a34262848e2c5ecc08c20aa12abb30068f0552,仕切り端：検出側から離れて通過 | target_deg=-5.585,,249.34289416627286,16.528103238555545,79.24190418761667,250.0,38.93795116790895,0,108.8,13.048068592470194,4
108.85,515.0531917611249,559.7653560820925,-88.10361081173453,18.524162110480916,-4.48,4.0,-14.0,380,420,375,435,4.0,NEUTRAL,program,sonic_drive_three_laps.py,function,ec959a186dbd8278df967871b3a34262848e2c5ecc08c20aa12abb30068f0552,仕切り端：検出側から離れて通過 | target_deg=-11.083,,250.0,15.088739156295983,79.62950004711864,250.0,39.9758219976452,0,108.85,12.327975230258197,4
108.9,514.2317999881438,559.7946155149912,-87.80091867984223,15.070699288352046,-6.72,4.0,-21.0,380,412,375,435,4.0,NEUTRAL,program,sonic_drive_three_laps.py,function,ec959a186dbd8278df967871b3a34262848e2c5ecc08c20aa12abb30068f0552,仕切り端：検出側から離れて通過 | target_deg=-16.413,,249.61088580518512,12.237771219235665,78.6554649684787,249.66919706611455,38.760173412823626,0,108.9,11.785890136766012,4
108.95,513.559628010594,559.8223386833675,-87.46295060658306,12.395511022302774,-8.96,4.0,-28.0,380,405,375,435,4.0,NEUTRAL,program,sonic_drive_three_laps.py,function,ec959a186dbd8278df967871b3a34262848e2c5ecc08c20aa12abb30068f0552,仕切り端：検出側から離れて通過 | target_deg=-21.513,,249.93375939794984,12.6227278822469,79.02728567212765,249.47979108906574,38.86434194435208,0,108.95,11.378433644373239,4
109.0,513.0248006475183,559.8473669264756,-87.17843325863129,9.602050853440868,-8.96,0.0,-28.0,375,405,375,435,0.0,NEUTRAL,program,sonic_drive_three_laps.py,function,ec959a186dbd8278df967871b3a34262848e2c5ecc08c20aa12abb30068f0552,安全停止：接近限界 | target_deg=0.000,,250.0,11.65382229649028,78.53493819234866,249.77598245913507,38.782471820439326,0,109.0,11.078226878461141,4
109.05,512.6105915990122,559.868580093159,-86.95803491936122,7.438126627145395,-8.96,0.0,-28.0,375,405,375,435,0.0,NEUTRAL,program,sonic_drive_three_laps.py,function,ec959a186dbd8278df967871b3a34262848e2c5ecc08c20aa12abb30068f0552,安全停止：接近限界 | target_deg=0.000,,250.0,12.16498712327967,79.05459249403481,249.8265285454248,38.60291424202739,0,109.05,10.86068550263257,4
109.1,512.2897868426725,559.8861077321961,-86.78730568860364,5.761865727010132,-8.96,0.0,-28.0,375,405,375,435,0.0,NEUTRAL,program,sonic_drive_three_laps.py,function,ec959a186dbd8278df967871b3a34262848e2c5ecc08c20aa12abb30068f0552,安全停止：接近限界 | target_deg=0.000,,250.0,13.163882531643575,79.6329685097545,249.71945167358288,38.9764074927243,0,109.1,10.701637629633836,4
109.15,512.0413155805869,559.9003423463486,-86.65505210478982,4.463368038792741,-8.96,0.0,-28.0,375,405,375,435,0.0,NEUTRAL,program,sonic_drive_three_laps.py,function,ec959a186dbd8278df967871b3a34262848e2c5ecc08c20aa12abb30068f0552,安全停止：接近限界 | target_deg=0.000,,250.0,11.78795377065103,79.15279805535927,249.74396312605583,38.63469162052576,0,109.15,10.584328610257746,4
109.2,511.8488629301559,559.9117632383002,-86.5526032718982,3.4575006071955143,-8.96,0.0,-28.0,375,405,375,435,0.0,NEUTRAL,program,sonic_drive_three_laps.py,function,ec959a186dbd8278df967871b3a34262848e2c5ecc08c20aa12abb30068f0552,安全停止：接近限界 | target_deg=0.000,,248.8160771140639,12.038048836796412,79.35423929411576,250.0,38.30861238952627,0,109.2,10.497093140390296,4
109.25,511.69979574678933,559.9208468310285,-86.47324237249431,2.6783160933308956,-8.96,0.0,-28.0,375,405,375,435,0.0,NEUTRAL,program,sonic_drive_three_laps.py,function,ec959a186dbd8278df967871b3a34262848e2c5ecc08c20aa12abb30068f0552,安全停止：接近限界 | target_deg=0.000,,249.43675992082512,14.540482581415983,78.87915199090547,249.0277892871357,38.82201368223701,0,109.25,10.431744920111521,4
109.3,511.5843311694618,559.9280252551305,-86.41176629534992,2.074729092126991,-8.96,0.0,-28.0,375,405,375,435,0.0,NEUTRAL,program,sonic_drive_three_laps.py,function,ec959a186dbd8278df967871b3a34262848e2c5ecc08c20aa12abb30068f0552,安全停止：接近限界 | target_deg=0.000,,250.0,14.56432802554405,79.77624773192811,250.0,39.176184152372606,0,109.3,10.382481406079588,4
109.35,511.49489309495374,559.9336710979848,-86.36414450565943,1.60716683756501,-8.96,0.0,-28.0,375,405,375,435,0.0,NEUTRAL,program,sonic_drive_three_laps.py,function,ec959a186dbd8278df967871b3a34262848e2c5ecc08c20aa12abb30068f0552,安全停止：接近限界 | target_deg=0.000,,249.88005192226873,15.081851846417974,79.31039164548908,250.0,39.203068898937964,0,109.35,10.345144361616732,4
109.4,511.42561408475734,559.938095684794,-86.32725479247881,1.244974707093284,-8.96,0.0,-28.0,375,405,375,435,0.0,NEUTRAL,program,sonic_drive_three_laps.py,function,ec959a186dbd8278df967871b3a34262848e2c5ecc08c20aa12abb30068f0552,安全停止：接近限界 | target_deg=0.000,,250.0,15.084176987132988,79.36105678577049,249.7282401000251,38.18077970496941,0,109.4,10.316720766495868,4
109.45,511.3719498024189,559.941553802821,-86.29867856828832,0.9644064232001751,-8.96,0.0,-28.0,375,405,375,435,0.0,NEUTRAL,program,sonic_drive_three_laps.py,function,ec959a186dbd8278df967871b3a34262848e2c5ecc08c20aa12abb30068f0552,安全停止：接近限界 | target_deg=0.000,,250.0,15.513564659327866,79.24626151104295,249.7692754173375,38.684593625520826,0,109.45,10.295004305494883,4
109.5,511.3303805259418,559.9442509939489,-86.27654229997451,0.7470671844259932,-8.96,0.0,-28.0,375,405,375,435,0.0,NEUTRAL,program,sonic_drive_three_laps.py,function,ec959a186dbd8278df967871b3a34262848e2c5ecc08c20aa12abb30068f0552,安全停止：接近限界 | target_deg=0.000,,249.24898090955253,14.318340381679773,79.88683745365925,249.66703522194703,39.04174174300727,0,109.5,10.278363792745996,4
109.55,511.29818004586434,559.9463513833746,-86.25939467502607,0.5787076533503531,-8.96,0.0,-28.0,375,405,375,435,0.0,NEUTRAL,program,sonic_drive_three_laps.py,function,ec959a186dbd8278df967871b3a34262848e2c5ecc08c20aa12abb30068f0552,安全停止：接近限界 | target_deg=0.000,,250.0,15.633807562556846,79.306795554676,250.0,38.53994191301944,0,109.55,10.265582994718686,4
109.6,511.27323671917225,559.9479850517082,-86.24611144963308,0.44828973220607177,-8.96,0.0,-28.0,375,405,375,435,0.0,NEUTRAL,program,sonic_drive_three_laps.py,function,ec959a186dbd8278df967871b3a34262848e2c5ecc08c20aa12abb30068f0552,安全停止：接近限界 | target_deg=0.000,,250.0,15.601097772809581,79.38706591129073,249.4334366721093,39.09193112107243,0,109.6,10.25574845461446,4
109.65,511.25391489701127,559.949254530289,-86.23582174027848,0.34726287588895405,-8.96,0.0,-28.0,375,405,375,435,0.0,NEUTRAL,program,sonic_drive_three_laps.py,function,ec959a186dbd8278df967871b3a34262848e2c5ecc08c20aa12abb30068f0552,安全停止：接近限界 | target_deg=0.000,,249.84265102831174,14.17847789364587,80.29533855270094,249.64898088562413,39.139163380172434,0,109.65,10.248169912624187,4
109.7,511.23894760974673,559.9502403034745,-86.22785092630298,0.2690034955233662,-8.96,0.0,-28.0,375,405,375,435,0.0,NEUTRAL,program,sonic_drive_three_laps.py,function,ec959a186dbd8278df967871b3a34262848e2c5ecc08c20aa12abb30068f0552,安全停止：接近限界 | target_deg=0.000,,249.95738495572093,14.588435109577508,79.69811701171685,249.31681069413824,39.299236668682966,0,109.7,10.242323129842147,4
109.75,511.2273534541111,559.9510053533969,-86.22167641998384,0.20838069839325288,-8.96,0.0,-28.0,375,405,375,435,0.0,NEUTRAL,program,sonic_drive_three_laps.py,function,ec959a186dbd8278df967871b3a34262848e2c5ecc08c20aa12abb30068f0552,安全停止：接近限界 | target_deg=0.000,,249.50201346923066,15.006431940405868,80.86029417346982,249.87197677925454,38.74266320107714,0,109.75,10.237808316045918,4
109.8,511.2183722213986,559.9515988499971,-86.21689340429658,0.16141989299573264,-8.96,0.0,-28.0,375,405,375,435,0.0,NEUTRAL,program,sonic_drive_three_laps.py,function,ec959a186dbd8278df967871b3a34262848e2c5ecc08c20aa12abb30068f0552,安全停止：接近限界 | target_deg=0.000,,249.32150637583885,15.763309007410099,79.76823004876603,250.0,38.00985690352323,0,109.8,10.234319574468929,4
109.85,511.2114150390183,559.9520591111697,-86.21318829203625,0.12504220427162865,-8.96,0.0,-28.0,375,405,375,435,0.0,NEUTRAL,program,sonic_drive_three_laps.py,function,ec959a186dbd8278df967871b3a34262848e2c5ecc08c20aa12abb30068f0552,安全停止：接近限界 | target_deg=0.000,,249.80154087957527,14.913607010888459,79.44197889868381,249.66010839489456,37.64393030164359,0,109.85,10.231622229382156,4
109.9,511.20602575210626,559.9524159568311,-86.21031816620786,0.09686261438372443,-8.96,0.0,-28.0,375,405,375,435,0.0,NEUTRAL,program,sonic_drive_three_laps.py,function,ec959a186dbd8278df967871b3a34262848e2c5ecc08c20aa12abb30068f0552,安全停止：接近限界 | target_deg=0.000,,249.4458644840623,16.06589460776939,79.83227234758573,250.0,38.12023139413341,0,109.9,10.229535864944026,4
109.95,511.20185101057683,559.9526925690915,-86.2080948537433,0.07503359461633309,-8.96,0.0,-28.0,375,405,375,435,0.0,NEUTRAL,program,sonic_drive_three_laps.py,function,ec959a186dbd8278df967871b3a34262848e2c5ecc08c20aa12abb30068f0552,安全停止：接近限界 | target_deg=0.000,,250.0,14.737997250942943,79.48434560135952,250.0,38.67329549343736,0,109.95,10.227921549211773,4
110.0,511.19861709880684,559.9529069551876,-86.2063725883757,0.05812397648843774,-8.96,0.0,-28.0,375,405,375,435,0.0,NEUTRAL,program,sonic_drive_three_laps.py,function,ec959a186dbd8278df967871b3a34262848e2c5ecc08c20aa12abb30068f0552,安全停止：接近限界 | target_deg=0.000,,250.0,14.470123669475743,79.70514802710639,249.41212254585707,39.90847114161864,0,110.0,10.226672155830894,4
110.05,511.1961119878599,559.9530730939149,-86.20503845381576,0.04502512054904357,-8.96,0.0,-28.0,375,405,375,435,0.0,NEUTRAL,program,sonic_drive_three_laps.py,function,ec959a186dbd8278df967871b3a34262848e2c5ecc08c20aa12abb30068f0552,安全停止：接近限界 | target_deg=0.000,,249.22978186747605,15.685518649216812,80.270051235343,249.87548145717165,38.66036228279915,0,110.05,10.225704998291107,4
110.1,511.1941714329528,559.9532018316085,-86.2040049806603,0.03487823103189054,-8.96,0.0,-28.0,375,405,375,435,0.0,NEUTRAL,program,sonic_drive_three_laps.py,function,ec959a186dbd8278df967871b3a34262848e2c5ecc08c20aa12abb30068f0552,安全停止：接近限界 | target_deg=0.000,,249.91858617234774,15.242235038572733,79.94070064911686,250.0,39.1165522472314,0,110.1,10.224956203179467,4
110.15,511.1926682043177,559.9533015809536,-86.20320441166588,0.027018050925346673,-8.96,0.0,-28.0,375,405,375,435,0.0,NEUTRAL,program,sonic_drive_three_laps.py,function,ec959a186dbd8278df967871b3a34262848e2c5ecc08c20aa12abb30068f0552,安全停止：接近限界 | target_deg=0.000,,250.0,14.55984315867565,79.96828719870008,249.6998606790934,38.21116110124985,0,110.15,10.224376398993588,4
110.2,511.1915037451924,559.9533788651605,-86.20258425940413,0.02092924595680272,-8.96,0.0,-28.0,375,405,375,435,0.0,NEUTRAL,program,sonic_drive_three_laps.py,function,ec959a186dbd8278df967871b3a34262848e2c5ecc08c20aa12abb30068f0552,安全停止：接近限界 | target_deg=0.000,,250.0,14.898887341492937,78.34867149294278,250.0,38.736146873353555,0,110.2,10.223927405073221,4
110.25,511.1906017098838,559.9534387412132,-86.20210386504658,0.016212617909806628,-8.96,0.0,-28.0,375,405,375,435,0.0,NEUTRAL,program,sonic_drive_three_laps.py,function,ec959a186dbd8278df967871b3a34262848e2c5ecc08c20aa12abb30068f0552,安全停止：接近限界 | target_deg=0.000,,250.0,14.354934161682044,79.55206967888049,249.6790689184982,38.702374154926794,0,110.25,10.223579683862125,4
110.3,511.1899029581655,559.9534851287594,-86.20173173266392,0.012558932129322497,-8.96,0.0,-28.0,375,405,375,435,0.0,NEUTRAL,program,sonic_drive_three_laps.py,function,ec959a186dbd8278df967871b3a34262848e2c5ecc08c20aa12abb30068f0552,安全停止：接近限界 | target_deg=0.000,,250.0,14.540747528728636,79.46180606084695,249.8061004230102,38.90131817409606,0,110.3,10.223310377626351,4
110.35,511.18936167778145,559.9535210654985,-86.20144346426933,0.009728643276883971,-8.96,0.0,-28.0,375,405,375,435,0.0,NEUTRAL,program,sonic_drive_three_laps.py,function,ec959a186dbd8278df967871b3a34262848e2c5ecc08c20aa12abb30068f0552,安全停止：接近限界 | target_deg=0.000,,249.2106402760332,15.32491924229335,79.36193691194114,250.0,39.33562366876222,0,110.35,10.223101793801309,4
110.4,511.1889423808098,559.9535489053834,-86.20122016022164,0.007536190102332011,-8.96,0.0,-28.0,375,405,375,435,0.0,NEUTRAL,program,sonic_drive_three_laps.py,function,ec959a186dbd8278df967871b3a34262848e2c5ecc08c20aa12abb30068f0552,安全停止：接近限界 | target_deg=0.000,,249.83111029744896,14.69350620934802,79.43417199915235,249.64408269065146,39.21047221741342,0,110.4,10.222940235394319,4
110.45,511.1886175769423,559.9535704723774,-86.20104718011476,0.005837829555682693,-8.96,0.0,-28.0,375,405,375,435,0.0,NEUTRAL,program,sonic_drive_three_laps.py,function,ec959a186dbd8278df967871b3a34262848e2c5ecc08c20aa12abb30068f0552,安全停止：接近限界 | target_deg=0.000,,250.0,14.3726046573013,79.25512198297781,250.0,38.845978558156304,0,110.45,10.222815097194578,4
110.5,511.1883659711237,559.9535871796942,-86.20091318291368,0.004522212611204769,-8.96,0.0,-28.0,375,405,375,435,0.0,NEUTRAL,program,sonic_drive_three_laps.py,function,ec959a186dbd8278df967871b3a34262848e2c5ecc08c20aa12abb30068f0552,安全停止：接近限界 | target_deg=0.000,,250.0,14.374332958274469,80.05378412873952,249.82734132545585,39.03931098384658,0,110.5,10.222718167001537,4
110.55,511.1881710673776,559.9536001222439,-86.20080938340621,0.003503083929717084,-8.96,0.0,-28.0,375,405,375,435,0.0,NEUTRAL,program,sonic_drive_three_laps.py,function,ec959a186dbd8278df967871b3a34262848e2c5ecc08c20aa12abb30068f0552,安全停止：接近限界 | target_deg=0.000,,249.88920882142517,14.297529548811127,80.1082339835972,249.88214985189975,38.44707543754426,0,110.55,10.222643085127807,4
110.6,511.1880200872786,559.9536101482952,-86.2007289762211,0.002713626729587309,-8.96,0.0,-28.0,375,405,375,435,0.0,NEUTRAL,program,sonic_drive_three_laps.py,function,ec959a186dbd8278df967871b3a34262848e2c5ecc08c20aa12abb30068f0552,安全停止：接近限界 | target_deg=0.000,,249.3043773641432,14.80380789021398,80.2625072879011,250.0,39.08230607703523,0,110.6,10.222584926194987,4
110.65,511.1879031321594,559.9536179150149,-86.20066668964986,0.0021020821011631967,-8.96,0.0,-28.0,375,405,375,435,0.0,NEUTRAL,program,sonic_drive_three_laps.py,function,ec959a186dbd8278df967871b3a34262848e2c5ecc08c20aa12abb30068f0552,安全停止：接近限界 | target_deg=0.000,,249.7157139943887,15.076207575036328,79.7756290644665,249.69304355353475,38.55306950720386,0,110.65,10.222539875461605,4
110.7,511.1878125341254,559.9536239315091,-86.20061844001954,0.001628355555261901,-8.96,0.0,-28.0,375,405,375,435,0.0,NEUTRAL,program,sonic_drive_three_laps.py,function,ec959a186dbd8278df967871b3a34262848e2c5ecc08c20aa12abb30068f0552,安全停止：接近限界 | target_deg=0.000,,250.0,14.536316882677413,79.52365864613964,249.44278534171613,38.41037639146214,0,110.7,10.222504978269221,4
110.75,511.1877423533248,559.9536285921749,-86.20058106395629,0.0012613883220284553,-8.96,0.0,-28.0,375,405,375,435,0.0,NEUTRAL,program,sonic_drive_three_laps.py,function,ec959a186dbd8278df967871b3a34262848e2c5ecc08c20aa12abb30068f0552,安全停止：接近限界 | target_deg=0.000,,249.74344305118933,15.192124622045075,79.9401219357869,249.63964309848333,38.794672534297455,0,110.75,10.222477946057996,4
110.8,511.18768798851573,559.9536322025416,-86.20055211098618,0.0009771210555386677,-8.96,0.0,-28.0,375,405,375,435,0.0,NEUTRAL,program,sonic_drive_three_laps.py,function,ec959a186dbd8278df967871b3a34262848e2c5ecc08c20aa12abb30068f0552,安全停止：接近限界 | target_deg=0.000,,250.0,13.923734645235859,79.58610449711921,249.25923178420186,39.34513194348963,0,110.8,10.22245700615958,4
110.85,511.1876458753956,559.9536349992925,-86.20052968287564,0.0007569164392148716,-8.96,0.0,-28.0,375,405,375,435,0.0,NEUTRAL,program,sonic_drive_three_laps.py,function,ec959a186dbd8278df967871b3a34262848e2c5ecc08c20aa12abb30068f0552,安全停止：接近限界 | target_deg=0.000,,250.0,15.247420280299698,79.82857908069256,249.16653020290843,39.32024280077238,0,110.85,10.222440785479817,4
110.9,511.18761325291547,559.9536371657772,-86.20051230917822,0.000586337273878393,-8.96,0.0,-28.0,375,405,375,435,0.0,NEUTRAL,program,sonic_drive_three_laps.py,function,ec959a186dbd8278df967871b3a34262848e2c5ecc08c20aa12abb30068f0552,安全停止：接近限界 | target_deg=0.000,,249.85122786871028,14.925609084787974,78.91189901502926,250.0,37.89687302389763,0,110.9,10.222428220416651,4
110.95,511.1875879822583,559.9536388440285,-86.20049885082817,0.000454199936647896,-8.96,0.0,-28.0,375,405,375,435,0.0,NEUTRAL,program,sonic_drive_three_laps.py,function,ec959a186dbd8278df967871b3a34262848e2c5ecc08c20aa12abb30068f0552,安全停止：接近限界 | target_deg=0.000,,249.22096808361312,16.178845956850374,79.53913644232469,250.0,39.46281474590494,0,110.95,10.22241848709261,4
111.0,511.18756840661274,559.9536401440721,-86.20048842546038,0.00035184115293638847,-8.96,0.0,-28.0,375,405,375,435,0.0,NEUTRAL,program,sonic_drive_three_laps.py,function,ec959a186dbd8278df967871b3a34262848e2c5ecc08c20aa12abb30068f0552,安全停止：接近限界 | target_deg=0.000,,250.0,14.014304409951711,80.48995067140027,250.0,38.44173826031104,0,111.0,10.222410947317714,4
111.05,511.18755324254715,559.9536411511395,-86.20048034956004,0.00027255000917266316,-8.96,0.0,-28.0,375,405,375,435,0.0,NEUTRAL,program,sonic_drive_three_laps.py,function,ec959a186dbd8278df967871b3a34262848e2c5ecc08c20aa12abb30068f0552,安全停止：接近限界 | target_deg=0.000,,250.0,15.437626047710728,80.0838243020145,249.4567329580742,38.58203550488445,0,111.05,10.222405106735751,4
111.1,511.187541495865,559.9536419312551,-86.20047409364969,0.00021112796749346986,-8.96,0.0,-28.0,375,405,375,435,0.0,NEUTRAL,program,sonic_drive_three_laps.py,function,ec959a186dbd8278df967871b3a34262848e2c5ecc08c20aa12abb30068f0552,安全停止：接近限界 | target_deg=0.000,,250.0,14.967815651547264,78.68374877130883,250.0,38.70580772430676,0,111.1,10.222400582405971,4
111.15,511.1875323964226,559.9536425355643,-86.20046924757523,0.00016354803580169734,-8.96,0.0,-28.0,375,405,375,435,0.0,NEUTRAL,program,sonic_drive_three_laps.py,function,ec959a186dbd8278df967871b3a34262848e2c5ecc08c20aa12abb30068f0552,安全停止：接近限界 | target_deg=0.000,,249.8440304678251,15.164296903185903,79.40318436172086,250.0,37.88418483320563,0,111.15,10.222397077690855,4
111.2,511.18752534763627,559.9536430036864,-86.20046549361514,0.00012669074747484883,-8.96,0.0,-28.0,375,405,375,435,0.0,NEUTRAL,program,sonic_drive_three_laps.py,function,ec959a186dbd8278df967871b3a34262848e2c5ecc08c20aa12abb30068f0552,安全停止：接近限界 | target_deg=0.000,,249.62615805752,15.283974556027752,80.14945490168377,250.0,39.24870861630987,0,111.2,10.222394362805792,4
111.25,511.187519887369,559.9536433663125,-86.20046258564987,9.813964085265607e-05,-8.96,0.0,-28.0,375,405,375,435,0.0,NEUTRAL,program,sonic_drive_three_laps.py,function,ec959a186dbd8278df967871b3a34262848e2c5ecc08c20aa12abb30068f0552,安全停止：接近限界 | target_deg=0.000,,249.40418429231644,15.450903807213862,79.48113249890443,250.0,39.22711515372362,0,111.25,10.222392259752098,4
111.3,511.18751565763085,559.9536436472172,-86.20046033302549,7.602282959614224e-05,-8.96,0.0,-28.0,375,405,375,435,0.0,NEUTRAL,program,sonic_drive_three_laps.py,function,ec959a186dbd8278df967871b3a34262848e2c5ecc08c20aa12abb30068f0552,安全停止：接近限界 | target_deg=0.000,,249.55815812470806,14.868012669233607,79.74831383841791,249.39979473430765,37.969388333364954,0,111.3,10.222390630645812,4
111.35,511.18751238110923,559.9536438648172,-86.20045858805398,5.889027685032193e-05,-8.96,0.0,-28.0,375,405,375,435,0.0,NEUTRAL,program,sonic_drive_three_laps.py,function,ec959a186dbd8278df967871b3a34262848e2c5ecc08c20aa12abb30068f0552,安全停止：接近限界 | target_deg=0.000,,249.80494090445026,15.373675717146007,80.36785990966092,250.0,38.8354624256611,0,111.35,10.22238936867717,4
111.4,511.18750984298663,559.9536440333787,-86.20045723633031,4.56187269788699e-05,-8.96,0.0,-28.0,375,405,375,435,0.0,NEUTRAL,program,sonic_drive_three_laps.py,function,ec959a186dbd8278df967871b3a34262848e2c5ecc08c20aa12abb30068f0552,安全停止：接近限界 | target_deg=0.000,,249.7870348071907,15.686302003707604,78.96682803430474,250.0,39.27487889297426,0,111.4,10.222388391107302,4
111.45,511.18750787685684,559.9536441639532,-86.20045618923196,3.5338061942924896e-05,-8.96,0.0,-28.0,375,405,375,435,0.0,NEUTRAL,program,sonic_drive_three_laps.py,function,ec959a186dbd8278df967871b3a34262848e2c5ecc08c20aa12abb30068f0552,安全停止：接近限界 | target_deg=0.000,,250.0,14.593304541586717,79.17918421430515,249.8060684045366,39.133546474718855,0,111.45,10.22238763384347,4
111.5,511.18750635381537,559.9536442651013,-86.20045537810834,2.737425405273623e-05,-8.96,0.0,-28.0,375,405,375,435,0.0,NEUTRAL,program,sonic_drive_three_laps.py,function,ec959a186dbd8278df967871b3a34262848e2c5ecc08c20aa12abb30068f0552,安全停止：接近限界 | target_deg=0.000,,250.0,14.990501293022085,80.11906144041566,249.98264139403398,38.642870813914975,0,111.5,10.222387047237348,4
111.55,511.1875051740074,559.9536443434546,-86.20045474978005,2.1205174923119258e-05,-8.96,0.0,-28.0,375,405,375,435,0.0,NEUTRAL,program,sonic_drive_three_laps.py,function,ec959a186dbd8278df967871b3a34262848e2c5ecc08c20aa12abb30068f0552,安全停止：接近限界 | target_deg=0.000,,250.0,14.818609001533584,79.81731646258781,249.63625799210075,38.98637457638392,0,111.55,10.222386592829292,4
111.6,511.18750426008177,559.9536444041503,-86.20045426305221,1.6426363350534456e-05,-8.96,0.0,-28.0,375,405,375,435,0.0,NEUTRAL,program,sonic_drive_three_laps.py,function,ec959a186dbd8278df967871b3a34262848e2c5ecc08c20aa12abb30068f0552,安全停止：接近限界 | target_deg=0.000,,249.69345759374997,15.368196242841694,79.54533551153295,249.98061462265738,39.89772037628089,0,111.6,10.222386240827241,4
111.65,511.187503552119,559.9536444511675,-86.20045388601368,1.2724507762942355e-05,-8.96,0.0,-28.0,375,405,375,435,0.0,NEUTRAL,program,sonic_drive_three_laps.py,function,ec959a186dbd8278df967871b3a34262848e2c5ecc08c20aa12abb30068f0552,安全停止：接近限界 | target_deg=0.000,,250.0,15.485789331538243,79.47885669143258,249.83336998456994,39.13815857465249,0,111.65,10.222385968152485,4
111.7,511.1875030037031,559.9536444875888,-86.20045359394479,9.856904681455995e-06,-8.96,0.0,-28.0,375,405,375,435,0.0,NEUTRAL,program,sonic_drive_three_laps.py,function,ec959a186dbd8278df967871b3a34262848e2c5ecc08c20aa12abb30068f0552,安全停止：接近限界 | target_deg=0.000,,250.0,15.217886753291754,80.22569300649995,248.92809837079014,38.779630881192446,0,111.7,10.222385756927833,4
111.75,511.1875025788786,559.9536445158024,-86.20045336769672,7.635546436009453e-06,-8.96,0.0,-28.0,375,405,375,435,0.0,NEUTRAL,program,sonic_drive_three_laps.py,function,ec959a186dbd8278df967871b3a34262848e2c5ecc08c20aa12abb30068f0552,安全停止：接近限界 | target_deg=0.000,,250.0,15.333885961934861,80.24583008726874,249.52623058139758,39.00506965393552,0,111.75,10.222385593305136,4
111.8,511.1875022497928,559.9536445376575,-86.20045319243606,5.914794883442532e-06,-8.96,0.0,-28.0,375,405,375,435,0.0,NEUTRAL,program,sonic_drive_three_laps.py,function,ec959a186dbd8278df967871b3a34262848e2c5ecc08c20aa12abb30068f0552,安全停止：接近限界 | target_deg=0.000,,249.59816884407462,14.224589343822096,80.53914864062367,250.0,39.51178771156913,0,111.8,10.222385466556238,4
111.85,511.18750199487,559.9536445545875,-86.20045305667227,4.58183298423917e-06,-8.96,0.0,-28.0,375,405,375,435,0.0,NEUTRAL,program,sonic_drive_three_laps.py,function,ec959a186dbd8278df967871b3a34262848e2c5ecc08c20aa12abb30068f0552,安全停止：接近限界 | target_deg=0.000,,249.66910758342743,14.970178469842304,79.32196278164274,250.0,38.46637788386547,0,111.85,10.222385368371926,4
111.9,511.18750179739675,559.9536445677022,-86.20045295150427,3.5492682179442806e-06,-8.96,0.0,-28.0,375,405,375,435,0.0,NEUTRAL,program,sonic_drive_three_laps.py,function,ec959a186dbd8278df967871b3a34262848e2c5ecc08c20aa12abb30068f0552,安全停止：接近限界 | target_deg=0.000,,249.70455054372977,14.818633640931896,79.41605447297039,249.68122822884956,39.65413352527761,0,111.9,10.222385292314469,4
111.95,511.18750164442616,559.9536445778613,-86.20045287003701,2.7494028975395305e-06,-8.96,0.0,-28.0,375,405,375,435,0.0,NEUTRAL,program,sonic_drive_three_laps.py,function,ec959a186dbd8278df967871b3a34262848e2c5ecc08c20aa12abb30068f0552,安全停止：接近限界 | target_deg=0.000,,249.44502966593421,14.566514491631764,78.99328112871027,250.0,38.29725910314911,0,111.95,10.22238523339724,4
112.0,511.1875015259291,559.9536445857308,-86.20045280692925,2.1297957293791192e-06,-8.96,0.0,-28.0,375,405,375,435,0.0,NEUTRAL,program,sonic_drive_three_laps.py,function,ec959a186dbd8278df967871b3a34262848e2c5ecc08c20aa12abb30068f0552,安全停止：接近限界 | target_deg=0.000,,250.0,15.724025086259918,79.8654503221856,250.0,38.44087436589435,0,112.0,10.222385187757565,4
112.05,511.18750143413666,559.9536445918269,-86.2004527580435,1.649823622773103e-06,-8.96,0.0,-28.0,375,405,375,435,0.0,NEUTRAL,program,sonic_drive_three_laps.py,function,ec959a186dbd8278df967871b3a34262848e2c5ecc08c20aa12abb30068f0552,安全停止：接近限界 | target_deg=0.000,,250.0,15.44689514138622,78.9461325439735,250.0,38.555416654906395,0,112.05,10.222385152403232,4
112.1,511.1875013630306,559.9536445965492,-86.20045272017467,1.2780183323278908e-06,-8.96,0.0,-28.0,375,405,375,435,0.0,NEUTRAL,program,sonic_drive_three_laps.py,function,ec959a186dbd8278df967871b3a34262848e2c5ecc08c20aa12abb30068f0552,安全停止：接近限界 | target_deg=0.000,,250.0,14.371274711550079,80.14294372967667,249.24933203370253,39.02094023412633,0,112.1,10.222385125016531,4
112.15,511.1875013079491,559.9536446002073,-86.20045269083997,9.900033162458797e-07,-8.96,0.0,-28.0,375,405,375,435,0.0,NEUTRAL,program,sonic_drive_three_laps.py,function,ec959a186dbd8278df967871b3a34262848e2c5ecc08c20aa12abb30068f0552,安全停止：接近限界 | target_deg=0.000,,249.14801116079613,13.762128684368736,79.88599658242903,249.3841316635212,39.32371769955684,0,112.15,10.222385103801752,4
112.2,511.1875012652808,559.9536446030409,-86.20045266811617,7.668955455377469e-07,-8.96,0.0,-28.0,375,405,375,435,0.0,NEUTRAL,program,sonic_drive_three_laps.py,function,ec959a186dbd8278df967871b3a34262848e2c5ecc08c20aa12abb30068f0552,安全停止：接近限界 | target_deg=0.000,,250.0,14.693790644306326,80.19180642991284,250.0,38.52077141420593,0,112.2,10.22238508736762,4
112.25,511.1875012322282,559.953644605236,-86.20045265051343,5.940674825169669e-07,-8.96,0.0,-28.0,375,405,375,435,0.0,NEUTRAL,program,sonic_drive_three_laps.py,function,ec959a186dbd8278df967871b3a34262848e2c5ecc08c20aa12abb30068f0552,安全停止：接近限界 | target_deg=0.000,,249.6520956068376,15.033242034777821,79.08075436904922,249.80011802933694,38.22102823703331,0,112.25,10.222385074637463,4
112.3,511.18750120662435,559.9536446069363,-86.20045263687766,4.601880606003287e-07,-8.96,0.0,-28.0,375,405,375,435,0.0,NEUTRAL,program,sonic_drive_three_laps.py,function,ec959a186dbd8278df967871b3a34262848e2c5ecc08c20aa12abb30068f0552,安全停止：接近限界 | target_deg=0.000,,250.0,14.449249010345214,80.34462300604353,250.0,38.57811842222062,0,112.3,10.22238506477592,4
112.35,511.1875011867906,559.9536446082535,-86.20045262631486,3.5647978950445826e-07,-8.96,0.0,-28.0,375,405,375,435,0.0,NEUTRAL,program,sonic_drive_three_laps.py,function,ec959a186dbd8278df967871b3a34262848e2c5ecc08c20aa12abb30068f0552,安全停止：接近限界 | target_deg=0.000,,249.95206754429825,14.518974701511269,80.45244008583863,249.71663583441463,38.848444039787175,0,112.35,10.222385057136865,4
112.4,511.1875011714266,559.9536446092737,-86.20045261813249,2.761432796830194e-07,-8.96,0.0,-28.0,375,405,375,435,0.0,NEUTRAL,program,sonic_drive_three_laps.py,function,ec959a186dbd8278df967871b3a34262848e2c5ecc08c20aa12abb30068f0552,安全停止：接近限界 | target_deg=0.000,,249.76447184711358,15.015325076715925,79.96399703283043,250.0,39.28985904834012,0,112.4,10.222385051219266,4
112.45,511.1875011595251,559.9536446100641,-86.2004526117941,2.1391145629909716e-07,-8.96,0.0,-28.0,375,405,375,435,0.0,NEUTRAL,program,sonic_drive_three_laps.py,function,ec959a186dbd8278df967871b3a34262848e2c5ecc08c20aa12abb30068f0552,安全停止：接近限界 | target_deg=0.000,,250.0,15.296859467861845,78.8726362042398,249.80072263289992,37.81276554500697,0,112.45,10.222385046635285,4
112.5,511.18750115030565,559.9536446106763,-86.20045260688413,1.6570423581745532e-07,-8.96,0.0,-28.0,375,405,375,435,0.0,NEUTRAL,program,sonic_drive_three_laps.py,function,ec959a186dbd8278df967871b3a34262848e2c5ecc08c20aa12abb30068f0552,安全停止：接近限界 | target_deg=0.000,,250.0,15.005720325441716,79.0055766525946,249.6849705186929,38.92867153210227,0,112.5,10.222385043084387,4
112.55,511.1875011431639,559.9536446111505,-86.20045260308068,1.2836102489739692e-07,-8.96,0.0,-28.0,375,405,375,435,0.0,NEUTRAL,program,sonic_drive_three_laps.py,function,ec959a186dbd8278df967871b3a34262848e2c5ecc08c20aa12abb30068f0552,安全停止：接近限界 | target_deg=0.000,,250.0,14.735898010787473,79.8471283803498,249.3654537567132,39.92743406835761,0,112.55,10.222385040333553,4
112.6,511.1875011376317,559.953644611518,-86.20045260013437,9.943350350356285e-08,-8.96,0.0,-28.0,375,405,375,435,0.0,NEUTRAL,program,sonic_drive_three_laps.py,function,ec959a186dbd8278df967871b3a34262848e2c5ecc08c20aa12abb30068f0552,安全停止：接近限界 | target_deg=0.000,,249.3988238466009,15.404081799134879,79.5943778048245,249.5980770672538,39.35805684724111,0,112.6,10.222385038202928,4
112.65,511.18750113334625,559.9536446118026,-86.20045259785203,7.702510654535564e-08,-8.96,0.0,-28.0,375,405,375,435,0.0,NEUTRAL,program,sonic_drive_three_laps.py,function,ec959a186dbd8278df967871b3a34262848e2c5ecc08c20aa12abb30068f0552,安全停止：接近限界 | target_deg=0.000,,250.0,15.502032875419296,79.69691167125028,250.0,38.43021757664663,0,112.65,10.222385036552442,4
112.7,511.18750113002653,559.9536446120231,-86.20045259608406,5.96666800351735e-08,-8.96,0.0,-28.0,375,405,375,435,0.0,NEUTRAL,program,sonic_drive_three_laps.py,function,ec959a186dbd8278df967871b3a34262848e2c5ecc08c20aa12abb30068f0552,安全停止：接近限界 | target_deg=0.000,,249.79852429093847,14.435881711634053,79.43939793059457,249.84477769772647,38.826649577851214,0,112.7,10.222385035273744,4
112.75,511.18750112745494,559.9536446121939,-86.20045259471452,4.62201594531184e-08,-8.96,0.0,-28.0,375,405,375,435,0.0,NEUTRAL,program,sonic_drive_three_laps.py,function,ec959a186dbd8278df967871b3a34262848e2c5ecc08c20aa12abb30068f0552,安全停止：接近限界 | target_deg=0.000,,249.61782172665505,14.742295327625476,78.34420626540584,250.0,39.18266485014975,0,112.75,10.222385034283338,4
112.8,511.1875011254629,559.9536446123261,-86.20045259365361,3.5803955216082753e-08,-8.96,0.0,-28.0,375,405,375,435,0.0,NEUTRAL,program,sonic_drive_three_laps.py,function,ec959a186dbd8278df967871b3a34262848e2c5ecc08c20aa12abb30068f0552,安全停止：接近限界 | target_deg=0.000,,250.0,15.088814062197102,79.0197966180251,249.35611317327664,38.5417694048084,0,112.8,10.222385033516032,4
112.85,511.1875011239198,559.9536446124288,-86.20045259283178,2.7735153324503943e-08,-8.96,0.0,-28.0,375,405,375,435,0.0,NEUTRAL,program,sonic_drive_three_laps.py,function,ec959a186dbd8278df967871b3a34262848e2c5ecc08c20aa12abb30068f0552,安全停止：接近限界 | target_deg=0.000,,249.73591880519845,15.202129247886782,79.35549186038958,248.7943079790012,39.09304184916692,0,112.85,10.222385032921856,4
112.9,511.1875011227244,559.9536446125082,-86.20045259219516,2.1484741707759936e-08,-8.96,0.0,-28.0,375,405,375,435,0.0,NEUTRAL,program,sonic_drive_three_laps.py,function,ec959a186dbd8278df967871b3a34262848e2c5ecc08c20aa12abb30068f0552,安全停止：接近限界 | target_deg=0.000,,249.70608362214108,15.229202367697685,79.57375650846377,250.0,39.07192877941557,0,112.9,10.2223850324615,4
112.95,511.18750112179845,559.9536446125697,-86.20045259170202,1.6642926788558334e-08,-8.96,0.0,-28.0,375,405,375,435,0.0,NEUTRAL,program,sonic_drive_three_laps.py,function,ec959a186dbd8278df967871b3a34262848e2c5ecc08c20aa12abb30068f0552,安全停止：接近限界 | target_deg=0.000,,249.73172826006783,15.133575314039632,79.6937457528477,250.0,38.069364225176024,0,112.95,10.222385032104867,4
113.0,511.18750112108114,559.9536446126173,-86.20045259132002,1.2892266328213266e-08,-8.96,0.0,-28.0,375,405,375,435,0.0,NEUTRAL,program,sonic_drive_three_laps.py,function,ec959a186dbd8278df967871b3a34262848e2c5ecc08c20aa12abb30068f0552,安全停止：接近限界 | target_deg=0.000,,249.65911903236196,14.998529171682167,79.49961314437763,248.9522257544406,39.12328022929972,0,113.0,10.222385031828498,4
113.05,511.1875011205255,559.9536446126543,-86.20045259102409,9.986857070827702e-09,-8.96,0.0,-28.0,375,405,375,435,0.0,NEUTRAL,program,sonic_drive_three_laps.py,function,ec959a186dbd8278df967871b3a34262848e2c5ecc08c20aa12abb30068f0552,安全停止：接近限界 | target_deg=0.000,,249.99338769783898,14.860635145934484,79.20397613056817,249.6038623841897,38.73820800266661,0,113.05,10.222385031614662,4
113.1,511.187501120095,559.953644612683,-86.20045259079485,7.736212673087388e-09,-8.96,0.0,-28.0,375,405,375,435,0.0,NEUTRAL,program,sonic_drive_three_laps.py,function,ec959a186dbd8278df967871b3a34262848e2c5ecc08c20aa12abb30068f0552,安全停止：接近限界 | target_deg=0.000,,250.0,15.600740847067316,79.66595238640097,250.0,38.837553694967866,0,113.1,10.222385031448919,4
113.15,511.1875011197616,559.9536446127051,-86.20045259061729,5.9927749139477455e-09,-8.96,0.0,-28.0,375,405,375,435,0.0,NEUTRAL,program,sonic_drive_three_laps.py,function,ec959a186dbd8278df967871b3a34262848e2c5ecc08c20aa12abb30068f0552,安全停止：接近限界 | target_deg=0.000,,250.0,15.536476234898501,80.08537563430663,249.97543021488696,39.245318192386634,0,113.15,10.222385031320506,4
113.2,511.1875011195033,559.9536446127225,-86.20045259047973,4.642239385969337e-09,-8.96,0.0,-28.0,375,405,375,435,0.0,NEUTRAL,program,sonic_drive_three_laps.py,function,ec959a186dbd8278df967871b3a34262848e2c5ecc08c20aa12abb30068f0552,安全停止：接近限界 | target_deg=0.000,,249.01875164098985,14.455604036133648,79.88458149183231,250.0,38.33953776346732,0,113.2,10.222385031221265,4
113.25,511.18750111930314,559.9536446127358,-86.20045259037317,3.596061394945441e-09,-8.96,0.0,-28.0,375,405,375,435,0.0,NEUTRAL,program,sonic_drive_three_laps.py,function,ec959a186dbd8278df967871b3a34262848e2c5ecc08c20aa12abb30068f0552,安全停止：接近限界 | target_deg=0.000,,250.0,14.885651485791147,79.57931965337197,249.95452581110735,38.50510546950596,0,113.25,10.22238503114412,4
113.3,511.1875011191482,559.9536446127462,-86.20045259029064,2.785650734708226e-09,-8.96,0.0,-28.0,375,405,375,435,0.0,NEUTRAL,program,sonic_drive_three_laps.py,function,ec959a186dbd8278df967871b3a34262848e2c5ecc08c20aa12abb30068f0552,安全停止：接近限界 | target_deg=0.000,,250.0,14.790096117562715,79.30189008029389,250.0,38.15788156334029,0,113.3,10.222385031084556,4
113.35,511.18750111902807,559.953644612754,-86.2004525902267,2.1578747311399036e-09,-8.96,0.0,-28.0,375,405,375,435,0.0,NEUTRAL,program,sonic_drive_three_laps.py,function,ec959a186dbd8278df967871b3a34262848e2c5ecc08c20aa12abb30068f0552,安全停止：接近限界 | target_deg=0.000,,249.97224440479226,14.595430891846975,79.594150967504,249.2145013590919,38.51130298959781,0,113.35,10.222385031038106,4
113.4,511.187501118935,559.9536446127602,-86.20045259017716,1.6715747230170379e-09,-8.96,0.0,-28.0,375,405,375,435,0.0,NEUTRAL,program,sonic_drive_three_laps.py,function,ec959a186dbd8278df967871b3a34262848e2c5ecc08c20aa12abb30068f0552,安全停止：接近限界 | target_deg=0.000,,249.149973356352,15.117467181763422,79.73621506339033,249.49319607823404,38.00598408728632,0,113.4,10.222385031002222,4
113.45,511.187501118863,559.953644612765,-86.20045259013881,1.2948675909251983e-09,-8.96,0.0,-28.0,375,405,375,435,0.0,NEUTRAL,program,sonic_drive_three_laps.py,function,ec959a186dbd8278df967871b3a34262848e2c5ecc08c20aa12abb30068f0552,安全停止：接近限界 | target_deg=0.000,,249.56050425140347,14.548678991055818,80.38556940483497,250.0,38.36514801992208,0,113.45,10.222385030974449,4
113.5,511.1875011188071,559.9536446127687,-86.20045259010908,1.003055415316505e-09,-8.96,0.0,-28.0,375,405,375,435,0.0,NEUTRAL,program,sonic_drive_three_laps.py,function,ec959a186dbd8278df967871b3a34262848e2c5ecc08c20aa12abb30068f0552,安全停止：接近限界 | target_deg=0.000,,250.0,15.147540563583766,79.0440545693331,249.1729823439006,38.363091397622526,0,113.5,10.222385030952967,4
113.55,511.1875011187638,559.9536446127715,-86.20045259008604,7.770062153435173e-10,-8.96,0.0,-28.0,375,405,375,435,0.0,NEUTRAL,program,sonic_drive_three_laps.py,function,ec959a186dbd8278df967871b3a34262848e2c5ecc08c20aa12abb30068f0552,安全停止：接近限界 | target_deg=0.000,,249.33446612735347,14.607229359507299,79.35722840805275,250.0,37.80971013853852,0,113.55,10.222385030936305,4
113.6,511.1875011187303,559.9536446127737,-86.20045259006821,6.018996054090911e-10,-8.96,0.0,-28.0,375,405,375,435,0.0,NEUTRAL,program,sonic_drive_three_laps.py,function,ec959a186dbd8278df967871b3a34262848e2c5ecc08c20aa12abb30068f0552,安全停止：接近限界 | target_deg=0.000,,250.0,14.745856632242099,79.13891584942131,249.57197983407886,38.2157491858969,0,113.6,10.222385030923338,4
113.65,511.18750111870446,559.9536446127754,-86.2004525900544,4.662551313459608e-10,-8.96,0.0,-28.0,375,405,375,435,0.0,NEUTRAL,program,sonic_drive_three_laps.py,function,ec959a186dbd8278df967871b3a34262848e2c5ecc08c20aa12abb30068f0552,安全停止：接近限界 | target_deg=0.000,,250.0,14.54274444232333,78.41577841411376,249.58351753303202,38.99030078024823,0,113.65,10.22238503091338,4
113.7,511.18750111868434,559.9536446127768,-86.2004525900437,3.611795813667029e-10,-8.96,0.0,-28.0,375,405,375,435,0.0,NEUTRAL,program,sonic_drive_three_laps.py,function,ec959a186dbd8278df967871b3a34262848e2c5ecc08c20aa12abb30068f0552,安全停止：接近限界 | target_deg=0.000,,249.40422506620396,14.954502284685958,80.31944572558886,250.0,38.13355295314408,0,113.7,10.22238503090564,4
113.75,511.18750111866865,559.9536446127778,-86.20045259003541,2.797839234919486e-10,-8.96,0.0,-28.0,375,405,375,435,0.0,NEUTRAL,program,sonic_drive_three_laps.py,function,ec959a186dbd8278df967871b3a34262848e2c5ecc08c20aa12abb30068f0552,安全停止：接近限界 | target_deg=0.000,,250.0,14.994542411526336,79.46316849630986,250.0,38.353922187952456,0,113.75,10.22238503089958,4
113.8,511.18750111865654,559.9536446127785,-86.20045259002897,2.1673164232690236e-10,-8.96,0.0,-28.0,375,405,375,435,0.0,NEUTRAL,program,sonic_drive_three_laps.py,function,ec959a186dbd8278df967871b3a34262848e2c5ecc08c20aa12abb30068f0552,安全停止：接近限界 | target_deg=0.000,,250.0,14.777834187618616,79.28309937672395,249.27116489947295,38.96860435740989,0,113.8,10.222385030894792,4
113.85,511.18750111864716,559.9536446127792,-86.200452590024,1.6788886294629457e-10,-8.96,0.0,-28.0,375,405,375,435,0.0,NEUTRAL,program,sonic_drive_three_laps.py,function,ec959a186dbd8278df967871b3a34262848e2c5ecc08c20aa12abb30068f0552,安全停止：接近限界 | target_deg=0.000,,250.0,15.846385860816442,79.22047051581323,250.0,38.47380878948515,0,113.85,10.222385030891177,4
113.9,511.18750111863983,559.9536446127798,-86.20045259002015,1.3005332308092302e-10,-8.96,0.0,-28.0,375,405,375,435,0.0,NEUTRAL,program,sonic_drive_three_laps.py,function,ec959a186dbd8278df967871b3a34262848e2c5ecc08c20aa12abb30068f0552,安全停止：接近限界 | target_deg=0.000,,249.33711632049628,15.118880609895644,80.09320495489895,249.84449134422906,39.33675007822149,0,113.9,10.222385030888596,4
113.95,511.18750111863426,559.9536446127804,-86.20045259001716,1.0074442430288818e-10,-8.96,0.0,-28.0,375,405,375,435,0.0,NEUTRAL,program,sonic_drive_three_laps.py,function,ec959a186dbd8278df967871b3a34262848e2c5ecc08c20aa12abb30068f0552,安全停止：接近限界 | target_deg=0.000,,250.0,15.781960613593021,79.76470184148178,249.56843089729134,39.57519918325312,0,113.95,10.222385030886631,4
114.0,511.18750111862994,559.9536446127804,-86.20045259001486,7.804059740791926e-11,-8.96,0.0,-28.0,375,405,375,435,0.0,NEUTRAL,program,sonic_drive_three_laps.py,function,ec959a186dbd8278df967871b3a34262848e2c5ecc08c20aa12abb30068f0552,安全停止：接近限界 | target_deg=0.000,,250.0,14.794813919984353,79.07257131397557,250.0,39.65182072319193,0,114.0,10.222385030884688,4
114.05,511.1875011186266,559.9536446127804,-86.20045259001307,6.045331923754251e-11,-8.96,0.0,-28.0,375,405,375,435,0.0,NEUTRAL,program,sonic_drive_three_laps.py,function,ec959a186dbd8278df967871b3a34262848e2c5ecc08c20aa12abb30068f0552,安全停止：接近限界 | target_deg=0.000,,250.0,14.534347284158141,79.75309066296724,249.79935484250655,38.95045785316661,0,114.05,10.222385030883231,4
114.1,511.187501118624,559.9536446127804,-86.20045259001168,4.682952114953149e-11,-8.96,0.0,-28.0,375,405,375,435,0.0,NEUTRAL,program,sonic_drive_three_laps.py,function,ec959a186dbd8278df967871b3a34262848e2c5ecc08c20aa12abb30068f0552,安全停止：接近限界 | target_deg=0.000,,250.0,14.152530500863126,79.80164224026423,249.80123309110067,38.876218407971166,0,114.1,10.222385030882089,4
114.15,511.187501118622,559.9536446127804,-86.20045259001061,3.627599077690552e-11,-8.96,0.0,-28.0,375,405,375,435,0.0,NEUTRAL,program,sonic_drive_three_laps.py,function,ec959a186dbd8278df967871b3a34262848e2c5ecc08c20aa12abb30068f0552,安全停止：接近限界 | target_deg=0.000,,249.81377059133482,14.518483891670858,80.3511208535621,249.8333576195529,38.516176357221156,0,114.15,10.222385030881112,4
114.2,511.18750111862045,559.9536446127804,-86.20045259000977,2.810081065412089e-11,-8.96,0.0,-28.0,375,405,375,435,0.0,NEUTRAL,program,sonic_drive_three_laps.py,function,ec959a186dbd8278df967871b3a34262848e2c5ecc08c20aa12abb30068f0552,安全停止：接近限界 | target_deg=0.000,,250.0,15.382786287027225,80.1744264115856,249.63667584173652,38.576737696084635,0,114.2,10.222385030880487,4
114.25,511.18750111861925,559.9536446127804,-86.20045259000914,2.176799427133703e-11,-8.96,0.0,-28.0,375,405,375,435,0.0,NEUTRAL,program,sonic_drive_three_laps.py,function,ec959a186dbd8278df967871b3a34262848e2c5ecc08c20aa12abb30068f0552,安全停止：接近限界 | target_deg=0.000,,250.0,14.673098348383633,79.12418872598327,249.4971654966252,38.41103107212689,0,114.25,10.22238503087991,4
114.3,511.1875011186183,559.9536446127804,-86.20045259000864,1.686234537605675e-11,-8.96,0.0,-28.0,375,405,375,435,0.0,NEUTRAL,program,sonic_drive_three_laps.py,function,ec959a186dbd8278df967871b3a34262848e2c5ecc08c20aa12abb30068f0552,安全停止：接近限界 | target_deg=0.000,,249.25895382873537,14.681198844718326,79.39439468384093,250.0,38.195966358352806,0,114.3,10.222385030879549,4
114.35,511.1875011186176,559.9536446127804,-86.20045259000825,1.306223660467538e-11,-8.96,0.0,-28.0,375,405,375,435,0.0,NEUTRAL,program,sonic_drive_three_laps.py,function,ec959a186dbd8278df967871b3a34262848e2c5ecc08c20aa12abb30068f0552,安全停止：接近限界 | target_deg=0.000,,249.88352807742564,14.76075397634682,79.2197737889603,249.42010734070598,38.673990029132796,0,114.35,10.222385030879265,4
114.4,511.187501118617,559.9536446127804,-86.20045259000796,1.0118522738763952e-11,-8.96,0.0,-28.0,375,405,375,435,0.0,NEUTRAL,program,sonic_drive_three_laps.py,function,ec959a186dbd8278df967871b3a34262848e2c5ecc08c20aa12abb30068f0552,安全停止：接近限界 | target_deg=0.000,,250.0,14.995842382179763,78.95346761479229,250.0,38.756834185329794,0,114.4,10.22238503087901,4
