time_s,x_cm,y_cm,heading_deg,speed_cm_s,steer_deg,Accel,Handle,throttle_pwm,steering_pwm,raw_throttle_pwm,raw_steering_pwm,requested_accel,esc_stage,source,program,interface,program_sha256,state,laps,Fr,FrLh,RrLh,FrRh,RrRh,lap_count,lap_elapsed_s,clearance_cm,gates_passed_this_lap
0.05,86.99952549112713,197.99457601281142,-175.00065172128035,0.1802885037227259,2.24,1.0,7.0,376,442,375,435,1.0,NEUTRAL,program,sonic_drive_three_laps.py,function,ec959a186dbd8278df967871b3a34262848e2c5ecc08c20aa12abb30068f0552,左回避 | target_deg=5.585,,123.49378443451592,240.8358078316789,248.44176702123946,101.73204011050828,70.90689983888048,0,0.05,72.38346344930643,0
0.1,86.99789861054326,197.97597019377187,-175.0052244752347,0.5002355804499535,4.48,2.0,14.0,377,449,375,435,2.0,NEUTRAL,program,sonic_drive_three_laps.py,function,ec959a186dbd8278df967871b3a34262848e2c5ecc08c20aa12abb30068f0552,左回避 | target_deg=11.083,,123.6017806874042,240.54216030588285,249.683903601351,96.67175422039081,75.67548846304648,0,0.1,72.37003197430185,0
0.15,86.99459974877321,197.93817253154845,-175.0194583817858,0.9283676862328919,6.72,3.0,21.0,378,457,375,435,3.0,NEUTRAL,program,sonic_drive_three_laps.py,function,ec959a186dbd8278df967871b3a34262848e2c5ecc08c20aa12abb30068f0552,左回避 | target_deg=16.413,,124.58415021266329,241.09098291896393,247.61885870804676,98.16739540470678,74.74487998492997,0,0.15,72.34295819142274,0
0.2,86.989243943506,197.8765259091317,-175.0508845860808,1.4403041748044738,8.96,4.0,28.0,380,464,375,435,4.0,NEUTRAL,program,sonic_drive_three_laps.py,function,ec959a186dbd8278df967871b3a34262848e2c5ecc08c20aa12abb30068f0552,左回避 | target_deg=21.513,,125.10550019450584,238.3618088768591,250.0,99.51576812673092,75.22778942475988,0,0.2,72.29918212304332,0
0.25,86.98157169964566,197.78741941094145,-175.10836313661196,2.017158837691736,11.2,5.0,35.0,381,471,375,435,5.0,NEUTRAL,program,sonic_drive_three_laps.py,function,ec959a186dbd8278df967871b3a34262848e2c5ecc08c20aa12abb30068f0552,左回避 | target_deg=26.336,,123.82147258255122,237.91287283705125,249.43974120060508,94.78438175001196,74.28887934936755,0,0.25,72.23652746187516,0
0.3,86.97145148549563,197.6680500321589,-175.20177919741914,2.6443016742549466,13.44,6.0,42.0,382,479,375,435,6.0,NEUTRAL,program,sonic_drive_three_laps.py,function,ec959a186dbd8278df967871b3a34262848e2c5ecc08c20aa12abb30068f0552,左回避 | target_deg=30.855,,122.65802628460958,238.10026931668006,250.0,94.30462396662006,72.14072917141606,0,0.3,72.15355950634397,0
0.35,86.95889135750997,197.5162375516149,-175.34185518086005,3.3103997100103735,15.68,7.0,49.0,383,486,375,435,7.0,NEUTRAL,program,sonic_drive_three_laps.py,function,ec959a186dbd8278df967871b3a34262848e2c5ecc08c20aa12abb30068f0552,左回避 | target_deg=35.060,,123.94003956831178,240.32278182002463,250.0,99.81739611367428,78.85997619506546,0,0.35,72.04949935704417,0
0.4,86.9440577107197,197.330280908368,-175.54004874607602,4.006673976739786,17.92,8.0,56.0,385,493,375,435,8.0,NEUTRAL,program,sonic_drive_three_laps.py,function,ec959a186dbd8278df967871b3a34262848e2c5ecc08c20aa12abb30068f0552,左回避 | target_deg=38.954,,123.06754461340996,237.6044636880633,249.60015112662228,75.73014684388843,76.24558683658768,0,0.4,71.9241855680851,0
0.45,86.9272997481489,197.10884722875286,-175.80851568846109,4.726323940030321,20.16,9.0,63.0,386,501,375,435,9.0,NEUTRAL,program,sonic_drive_three_laps.py,function,ec959a186dbd8278df967871b3a34262848e2c5ecc08c20aa12abb30068f0552,左回避 | target_deg=42.547,,123.8393422170479,240.68201130589657,250.0,70.50519672190356,76.27152176481763,0,0.45,71.77807748804814,0
0.5,86.90917879495153,196.85088687517677,-176.16012348048855,5.464081638186373,22.4,10.0,70.0,387,508,375,435,10.0,NEUTRAL,program,sonic_drive_three_laps.py,function,ec959a186dbd8278df967871b3a34262848e2c5ecc08c20aa12abb30068f0552,左回避 | target_deg=45.859,,123.36657989909902,240.55176209032825,249.05736773181312,72.75164561380157,77.02284904823843,0,0.5,71.61229714103243,0
0.55,86.89050201807318,196.5555696769137,-176.60850630219372,6.215866300677055,24.64,11.0,77.0,388,515,375,435,11.0,NEUTRAL,program,sonic_drive_three_laps.py,function,ec959a186dbd8278df967871b3a34262848e2c5ecc08c20aa12abb30068f0552,左回避 | target_deg=48.909,,125.06128712917167,242.20623921201178,250.0,72.94779306016706,74.51258500685294,0,0.55,71.4287087811062,0
0.6,86.872360450545,196.22223897324002,-177.1681563349216,6.978516801987789,26.88,12.0,84.0,390,523,375,435,12.0,NEUTRAL,program,sonic_drive_three_laps.py,function,ec959a186dbd8278df967871b3a34262848e2c5ecc08c20aa12abb30068f0552,左回避 | target_deg=51.722,,127.60134570531024,242.69784528377062,249.4502618531928,72.3906396194032,77.91213395417743,0,0.6,71.23003728308568,0
0.65,86.856171472062,195.8503813463418,-177.8545492789932,7.749584409840375,29.12,13.0,91.0,391,530,375,435,13.0,NEUTRAL,program,sonic_drive_three_laps.py,function,ec959a186dbd8278df967871b3a34262848e2c5ecc08c20aa12abb30068f0552,左回避 | target_deg=54.319,,125.42272019376584,244.54399146890432,250.0,71.05463623708309,75.74995372952917,0,0.65,71.02002836120995,0
0.7,86.84372607405655,195.43961102750214,-178.68430481008338,8.527172239804683,31.36,14.0,98.0,392,537,375,435,14.0,NEUTRAL,program,sonic_drive_three_laps.py,function,ec959a186dbd8278df967871b3a34262848e2c5ecc08c20aa12abb30068f0552,左回避 | target_deg=56.722,,128.91331950127068,244.72745128009208,249.93105960203317,72.25965966160484,78.77496203782006,0,0.7,70.80365524387429,0
0.75,86.83711462461542,194.98967032766197,-179.63200268772232,9.309810890520133,32.0,15.0,100.0,393,540,375,435,15.0,NEUTRAL,program,sonic_drive_three_laps.py,function,ec959a186dbd8278df967871b3a34262848e2c5ecc08c20aa12abb30068f0552,左回避 | target_deg=57.375,,133.34457522926937,250.0,249.69901864956995,71.69260717243206,75.75640082999034,0,0.75,70.58389562266586,0
0.8,86.83837138631918,194.50043400048884,179.33763787181056,10.096362105841981,32.0,16.0,100.0,395,540,375,435,16.0,NEUTRAL,program,sonic_drive_three_laps.py,function,ec959a186dbd8278df967871b3a34262848e2c5ecc08c20aa12abb30068f0552,左回避 | target_deg=57.375,,132.48275672610302,249.93433698224115,250.0,74.45041665455948,74.3301704068764,0,0.8,70.36266838829316,0
0.85,86.84961844515993,193.97189829814906,178.22426095121835,10.88594414774697,32.0,17.0,100.0,396,540,375,435,17.0,NEUTRAL,program,sonic_drive_three_laps.py,function,ec959a186dbd8278df967871b3a34262848e2c5ecc08c20aa12abb30068f0552,左回避 | target_deg=57.375,,130.85256959260212,250.0,148.69348768499398,72.9267700782155,74.8970466719316,0,0.85,70.14461463804443,0
0.9,86.87301441791602,193.40690129402904,177.0333241759962,11.58772973538659,32.0,17.5,100.0,396,540,375,435,17.5,NEUTRAL,program,sonic_drive_three_laps.py,function,ec959a186dbd8278df967871b3a34262848e2c5ecc08c20aa12abb30068f0552,左回避 | target_deg=57.375,,131.26354565688385,250.0,148.12181511112772,75.23032639397395,75.14906092769786,0,0.9,69.93582208213193,0
0.95,86.91036293796108,192.81228055035032,175.77854752729343,12.13136048111406,32.0,17.5,100.0,396,540,375,435,17.5,NEUTRAL,program,sonic_drive_three_laps.py,function,ec959a186dbd8278df967871b3a34262848e2c5ecc08c20aa12abb30068f0552,左回避 | target_deg=57.375,,131.59796830941175,248.27644627724126,144.4468909107288,72.34373964129092,75.66924592391253,0,0.95,69.7435125687075,0
1.0,86.96297465576666,192.19524671104605,174.47431799919457,12.552478259685435,32.0,17.5,100.0,396,540,375,435,17.5,NEUTRAL,program,sonic_drive_three_laps.py,function,ec959a186dbd8278df967871b3a34262848e2c5ecc08c20aa12abb30068f0552,左回避 | target_deg=57.375,,131.42192646610803,247.57498269461988,145.3913291874672,71.56892745038051,78.93199478652024,0,1.0,69.57405900846473,0
1.05,87.03178634950947,191.5615101897286,173.1317803237385,12.87869267051972,32.0,17.5,100.0,396,540,375,435,17.5,NEUTRAL,program,sonic_drive_three_laps.py,function,ec959a186dbd8278df967871b3a34262848e2c5ecc08c20aa12abb30068f0552,左回避 | target_deg=57.375,,130.11514823809182,249.14016569678094,141.07370952783236,72.8878217678641,76.99689756941122,0,1.05,69.4323508954565,0
1.1,87.11744327369871,190.91561424888116,171.75956764913462,13.131391196326376,32.0,17.5,100.0,396,540,375,435,17.5,NEUTRAL,program,sonic_drive_three_laps.py,function,ec959a186dbd8278df967871b3a34262848e2c5ecc08c20aa12abb30068f0552,左回避 | target_deg=57.375,,129.64350911973952,250.0,135.31121275264968,76.86659765292343,77.02469327124214,0,1.1,69.32209776735772,0
1.15,87.2203679563051,190.26119330268727,170.36436755187572,13.327141423244756,32.0,17.5,100.0,396,540,375,435,17.5,NEUTRAL,program,sonic_drive_three_laps.py,function,ec959a186dbd8278df967871b3a34262848e2c5ecc08c20aa12abb30068f0552,左回避 | target_deg=57.375,,128.2306507732032,249.14476103913748,135.97990424664414,73.89370209946092,76.77415060450748,0,1.15,69.24607566590646,0
1.2,87.34081534555558,189.6011736165859,168.9513604920055,13.478777255770012,32.0,17.5,100.0,396,540,375,435,17.5,NEUTRAL,program,sonic_drive_three_laps.py,function,ec959a186dbd8278df967871b3a34262848e2c5ecc08c20aa12abb30068f0552,左回避 | target_deg=57.375,,130.16417872684994,250.0,133.01179586237868,72.8441942555407,80.90734241863098,0,1.2,69.20632351124303,0
1.25,87.47891574037604,188.93792944664565,167.52455945783015,13.596240341599362,32.0,17.5,100.0,396,540,375,435,17.5,NEUTRAL,program,sonic_drive_three_laps.py,function,ec959a186dbd8278df967871b3a34262848e2c5ecc08c20aa12abb30068f0552,左回避 | target_deg=57.375,,131.06108664720844,246.4158317764689,128.31548648583083,75.81186630736435,78.90237241929836,0,1.25,69.20429745058202,0
1.3,87.63470746904741,188.27340459902805,166.08707306808458,13.687231872445176,32.0,17.5,100.0,396,540,375,435,17.5,NEUTRAL,program,sonic_drive_three_laps.py,function,ec959a186dbd8278df967871b3a34262848e2c5ecc08c20aa12abb30068f0552,左回避 | target_deg=57.375,,130.44739210495968,243.06339935007574,126.41044557571904,73.88248019817928,76.91875924058034,0,1.3,69.24099100260706,0
1.35,87.80816130866873,187.6092070935484,164.6413093812282,13.757717494606448,32.0,17.5,100.0,396,540,375,435,17.5,NEUTRAL,program,sonic_drive_three_laps.py,function,ec959a186dbd8278df967871b3a34262848e2c5ecc08c20aa12abb30068f0552,左回避 | target_deg=57.375,,129.79753543681645,247.922864377455,125.94652152734993,79.05097691566623,81.1141492056314,0,1.35,69.31702796750787,0
1.4,87.99919843852622,186.94668287610642,163.1891337741497,13.812318432575942,32.0,17.5,100.0,396,540,375,435,17.5,NEUTRAL,program,sonic_drive_three_laps.py,function,ec959a186dbd8278df967871b3a34262848e2c5ecc08c20aa12abb30068f0552,左回避 | target_deg=57.375,,130.9462653252108,250.0,123.35945378128915,75.32702929954353,80.32985821874917,0,1.4,69.43273401634332,0
1.45,88.20770344001227,186.2869731957814,161.73199124122755,13.854614468784966,32.0,17.5,100.0,396,540,375,435,17.5,NEUTRAL,program,sonic_drive_three_laps.py,function,ec959a186dbd8278df967871b3a34262848e2c5ecc08c20aa12abb30068f0552,左回避 | target_deg=57.375,,129.16708544395792,250.0,118.78236356015593,78.24081725712298,84.9543636849508,0,1.45,69.5881918184272,0
1.5,88.43353356836552,185.63105923963025,160.2710011319973,13.887378643642084,32.0,17.5,100.0,396,540,375,435,17.5,NEUTRAL,program,sonic_drive_three_laps.py,function,ec959a186dbd8278df967871b3a34262848e2c5ecc08c20aa12abb30068f0552,左回避 | target_deg=57.375,,129.780271620248,249.90490946702704,116.7086230021635,78.68558186706588,85.50382591967873,0,1.5,69.7832836072077,0
1.55,88.6765252611719,184.9797968268211,158.80703053867853,13.912759063423325,32.0,17.5,100.0,396,540,375,435,17.5,NEUTRAL,program,sonic_drive_three_laps.py,function,ec959a186dbd8278df967871b3a34262848e2c5ecc08c20aa12abb30068f0552,左回避 | target_deg=57.375,,133.03734275953022,250.0,115.27427632005026,83.00717714664873,82.13324582674355,0,1.55,70.01772425972203,0
1.6,88.93649862773482,184.33394334888112,157.34075114504202,13.932419735821798,32.0,17.5,100.0,396,540,375,435,17.5,NEUTRAL,program,sonic_drive_three_laps.py,function,ec959a186dbd8278df967871b3a34262848e2c5ecc08c20aa12abb30068f0552,左回避 | target_deg=57.375,,130.94716427935103,248.6923074572044,114.87130727965717,82.03205106204958,86.010755949249,0,1.6,70.29108727736462,0
1.65,89.21326048361234,183.6941786638116,155.87268326378114,13.947649666709141,32.0,17.5,100.0,396,540,375,435,17.5,NEUTRAL,program,sonic_drive_three_laps.py,function,ec959a186dbd8278df967871b3a34262848e2c5ecc08c20aa12abb30068f0552,左回避 | target_deg=57.375,,137.99072314621355,250.0,114.69028244732449,81.69385210629606,85.78587343401368,0,1.65,70.60282549672567,0
1.7,89.50660635226663,183.06112127793656,154.40322994959297,13.959447370782133,32.0,17.5,100.0,396,540,375,435,17.5,NEUTRAL,program,sonic_drive_three_laps.py,function,ec959a186dbd8278df967871b3a34262848e2c5ecc08c20aa12abb30068f0552,左回避 | target_deg=57.375,,135.2058434474919,250.0,112.64807807995946,86.1431659933611,90.50485846525378,0,1.7,70.94808649269649,0
1.75,89.8163217453785,182.43534085719875,152.93270342451444,13.968586336836772,32.0,17.5,100.0,396,540,375,435,17.5,NEUTRAL,program,sonic_drive_three_laps.py,function,ec959a186dbd8278df967871b3a34262848e2c5ecc08c20aa12abb30068f0552,左回避 | target_deg=57.375,,132.1814112552548,246.9591848493751,109.99799505861633,85.65421087829309,92.41642744120021,0,1.75,71.12670093328116,0
1.8,90.14218294914927,181.8173678812086,151.46134554802757,13.975665739746956,32.0,17.5,100.0,396,540,375,435,17.5,NEUTRAL,program,sonic_drive_three_laps.py,function,ec959a186dbd8278df967871b3a34262848e2c5ecc08c20aa12abb30068f0552,左回避 | target_deg=57.375,,135.99492603027926,249.62011902934358,108.07373805209362,88.01987106152895,94.41160927859998,0,1.8,71.33115713406953,0
1.85,90.48395748049369,181.20770107474885,149.98934367400915,13.981149723959733,32.0,17.5,100.0,396,540,375,435,17.5,NEUTRAL,program,sonic_drive_three_laps.py,function,ec959a186dbd8278df967871b3a34262848e2c5ecc08c20aa12abb30068f0552,左回避 | target_deg=57.375,,135.95845318124205,248.39590430306552,107.5260666058065,87.42745364858519,71.78971298675452,0,1.85,71.56133287485466,0
1.9,90.84140432983332,180.60681311179928,148.51684293414837,13.985397834037308,32.0,17.5,100.0,396,540,375,435,17.5,NEUTRAL,program,sonic_drive_three_laps.py,function,ec959a186dbd8278df967871b3a34262848e2c5ecc08c20aa12abb30068f0552,左回避 | target_deg=57.375,,136.44441529887195,250.0,105.75703049287186,91.78733241409991,76.5765523494377,0,1.9,71.73116717920372,0
1.95,91.21427407244838,180.01515497800585,147.04395575316568,13.988688587352964,32.0,17.5,100.0,396,540,375,435,17.5,NEUTRAL,program,sonic_drive_three_laps.py,function,ec959a186dbd8278df967871b3a34262848e2c5ecc08c20aa12abb30068f0552,左回避 | target_deg=57.375,,138.16933472022086,250.0,109.82406444307696,94.68012828708815,72.99675677199004,0,1.95,71.74309409326642,0
2.0,91.60230890501948,179.433159292256,145.57076921967553,13.99123773442937,32.0,17.5,100.0,396,540,375,435,17.5,NEUTRAL,program,sonic_drive_three_laps.py,function,ec959a186dbd8278df967871b3a34262848e2c5ecc08c20aa12abb30068f0552,左回避 | target_deg=57.375,,142.55140866109804,249.4591158429608,102.91399536576056,91.55021570509456,71.4769839535099,0,2.0,71.68135565432483,0
2.05,92.00524264572316,178.86124282144965,144.09735079594748,13.993212404115557,32.0,17.5,100.0,396,540,375,435,17.5,NEUTRAL,program,sonic_drive_three_laps.py,function,ec959a186dbd8278df967871b3a34262848e2c5ecc08c20aa12abb30068f0552,左回避 | target_deg=57.375,,142.69349782668294,250.0,104.70852882700247,95.77916089962108,73.36373671840944,0,2.05,71.54595566509725,0
2.1,92.42280072321313,178.29980837061038,142.62375274091164,13.994742060997908,32.0,17.5,100.0,396,540,375,435,17.5,NEUTRAL,program,sonic_drive_three_laps.py,function,ec959a186dbd8278df967871b3a34262848e2c5ecc08c20aa12abb30068f0552,左回避 | target_deg=57.375,,205.54344452861642,250.0,101.84080890238525,102.38959387120073,72.91424862258015,0,2.1,71.33695762526627,0
2.15,92.8577094803568,177.74468412850294,141.23957338715894,14.176215497164824,29.76,18.5,93.0,398,532,375,435,18.5,NEUTRAL,program,sonic_drive_three_laps.py,function,ec959a186dbd8278df967871b3a34262848e2c5ecc08c20aa12abb30068f0552,右壁追従 | target_deg=55.024,,210.27254405752728,250.0,102.40700394640841,100.29115540072425,73.5495030569191,0,2.15,71.07326440860598,0
2.2,93.31386752922255,177.1895783024289,139.95343708375935,14.497080469214524,27.52,19.5,86.0,399,525,375,435,19.5,NEUTRAL,program,sonic_drive_three_laps.py,function,ec959a186dbd8278df967871b3a34262848e2c5ecc08c20aa12abb30068f0552,右壁追従 | target_deg=52.485,,213.088000647937,249.21460697553303,102.50673284126326,106.22972919789575,73.37715750238891,0,2.2,70.77376953083558,0
2.25,93.79452962917135,176.62984518764722,138.75498120989158,14.925923612852104,25.28,20.5,79.0,400,517,375,435,20.5,NEUTRAL,program,sonic_drive_three_laps.py,function,ec959a186dbd8278df967871b3a34262848e2c5ecc08c20aa12abb30068f0552,右壁追従 | target_deg=49.736,,216.4441433757282,248.74422418059606,99.8159135820849,109.71875860075532,72.32321550289083,0,2.25,70.50853256658064,0
2.3,94.3023770085275,176.0620671355188,137.63910789748877,15.438410899339699,23.04,21.5,72.0,401,510,375,435,21.5,NEUTRAL,program,sonic_drive_three_laps.py,function,ec959a186dbd8278df967871b3a34262848e2c5ecc08c20aa12abb30068f0552,右壁追従 | target_deg=46.756,,222.71701670003392,248.756060657669,102.68797223272439,112.24120283956265,74.46082162241755,0,2.3,70.29606214561021,0
2.35,94.8395606755264,175.48370926232693,136.6045225140483,16.01569223197781,20.8,22.5,65.0,403,503,375,435,22.5,NEUTRAL,program,sonic_drive_three_laps.py,function,ec959a186dbd8278df967871b3a34262848e2c5ecc08c20aa12abb30068f0552,右壁追従 | target_deg=43.521,,224.54401506428707,250.0,99.47168208917103,108.6385621537669,76.13256376425721,0,2.35,70.13605827849187,0
2.4,95.40774796174182,174.89285170090542,135.6526937567453,16.643165583728162,18.56,23.5,58.0,404,495,375,435,23.5,NEUTRAL,program,sonic_drive_three_laps.py,function,ec959a186dbd8278df967871b3a34262848e2c5ecc08c20aa12abb30068f0552,右壁追従 | target_deg=40.010,,228.95606227920695,249.5947195084786,100.10059743662329,107.32025164802312,76.7283925458996,0,2.4,70.02893909508616,0
2.45,96.00816591832616,174.28797991204573,134.78711624545855,17.30951964956005,16.32,24.5,51.0,405,488,375,435,24.5,NEUTRAL,program,sonic_drive_three_laps.py,function,ec959a186dbd8278df967871b3a34262848e2c5ecc08c20aa12abb30068f0552,右壁追従 | target_deg=36.204,,234.20329776266115,250.0,100.39632565620909,108.05871645419046,73.49429563688545,0,2.45,69.97547514220189,0
2.5,96.64163869136715,173.66781883968702,134.01279075219566,18.005992247266676,14.08,25.5,44.0,406,481,375,435,25.5,NEUTRAL,program,sonic_drive_three_laps.py,function,ec959a186dbd8278df967871b3a34262848e2c5ecc08c20aa12abb30068f0552,右壁追従 | target_deg=32.089,,232.1864976074232,250.0,101.1851255763576,104.93795868424547,73.27773650105395,0,2.5,69.97653103667538,0
2.55,97.30861770656858,173.0312004474224,133.33586148323616,18.725795845540524,11.84,26.5,37.0,408,473,375,435,26.5,NEUTRAL,program,sonic_drive_three_laps.py,function,ec959a186dbd8278df967871b3a34262848e2c5ecc08c20aa12abb30068f0552,右壁追従 | target_deg=27.659,,236.9780203743736,247.76097538248095,101.69851558199852,108.26714239313704,73.86037453500543,0,2.55,70.03288631766958,0
2.6,98.00920425191192,172.3769568882504,132.76336711141334,19.463672555403313,9.6,27.5,30.0,409,466,375,435,27.5,NEUTRAL,program,sonic_drive_three_laps.py,function,ec959a186dbd8278df967871b3a34262848e2c5ecc08c20aa12abb30068f0552,右壁追従 | target_deg=22.921,,238.1084801753405,250.0,101.46915860675578,105.74676470490175,75.81719060472703,0,2.6,70.14511579611354,0
2.65,98.74316431483469,171.70383355718928,132.30307460371057,20.215549409047565,7.36,28.5,23.0,410,459,375,435,28.5,NEUTRAL,program,sonic_drive_three_laps.py,function,ec959a186dbd8278df967871b3a34262848e2c5ecc08c20aa12abb30068f0552,右壁追従 | target_deg=17.896,,239.89926568917303,250.0,100.72963588302834,104.83652107460031,75.60152368905865,0,2.65,70.3135153578941,0
2.7,99.50993554807636,171.01041777696577,131.96337374593588,20.978271325255456,5.12,29.5,16.0,411,451,375,435,29.5,NEUTRAL,program,sonic_drive_three_laps.py,function,ec959a186dbd8278df967871b3a34262848e2c5ecc08c20aa12abb30068f0552,右壁追従 | target_deg=12.626,,241.37876530545347,249.51389214204463,99.04989263092776,102.54597199278736,76.88319811789326,0,2.7,70.53806298656328,0
2.75,100.3086261316214,170.29508002240848,131.75321664490843,21.749394253899002,2.88,30.5,9.0,413,444,375,435,30.5,NEUTRAL,program,sonic_drive_three_laps.py,function,ec959a186dbd8278df967871b3a34262848e2c5ecc08c20aa12abb30068f0552,右壁追従 | target_deg=7.168,,243.43910234025086,249.9895799451049,101.61556932576563,104.51387989839661,78.27825667886022,0,2.75,70.81840735514676,0
2.8,101.13800513246558,169.5559255073272,131.68209110507996,22.527024937525987,0.64,31.5,2.0,414,437,375,435,31.5,NEUTRAL,program,sonic_drive_three_laps.py,function,ec959a186dbd8278df967871b3a34262848e2c5ecc08c20aa12abb30068f0552,右壁追従 | target_deg=1.600,,243.48096886693975,246.6823297997897,100.83140346605842,104.93239202003919,75.59007484597939,0,2.8,71.15387811185326,0
2.85,101.99686908042,168.79118706844906,131.68209110507996,23.30969678437571,0.0,32.5,0.0,415,435,375,435,32.5,NEUTRAL,program,sonic_drive_three_laps.py,function,ec959a186dbd8278df967871b3a34262848e2c5ecc08c20aa12abb30068f0552,右壁追従 | target_deg=0.000,,238.46583402272327,248.28142261926246,99.21947618700841,103.02292907541884,75.21040625011096,0,2.85,71.53064971867843,0
2.9,102.88504787630421,168.00034648487716,131.68209110507996,24.096273714730113,0.0,33.5,0.0,416,435,375,435,33.5,NEUTRAL,program,sonic_drive_three_laps.py,function,ec959a186dbd8278df967871b3a34262848e2c5ecc08c20aa12abb30068f0552,右壁追従 | target_deg=0.000,,239.90132846044938,247.96487332409973,100.1036788118172,101.49097392127757,78.17994294285108,0,2.9,71.9369636743419,0
2.95,103.8026674956111,167.1832915871555,131.68209110507996,24.885875676511723,0.0,34.5,0.0,418,435,375,435,34.5,NEUTRAL,program,sonic_drive_three_laps.py,function,ec959a186dbd8278df967871b3a34262848e2c5ecc08c20aa12abb30068f0552,右壁追従 | target_deg=0.000,,238.14734001355032,249.09185801376307,101.1777918425573,99.1188433811469,78.05417933237287,0,2.95,72.37427060591753,0
3.0,104.74779234621178,166.34174583999177,131.68209110507996,25.587676694872034,0.0,35.0,0.0,418,435,375,435,35.0,NEUTRAL,program,sonic_drive_three_laps.py,function,ec959a186dbd8278df967871b3a34262848e2c5ecc08c20aa12abb30068f0552,右壁追従 | target_deg=0.000,,236.85699630551917,249.32110860974373,98.62183541526977,101.96726613368779,79.8881210437354,0,3.0,72.84298065507814,0
3.05,105.71555684819802,165.4800415896116,131.68209110507996,26.131319393843263,0.0,35.0,0.0,418,435,375,435,35.0,NEUTRAL,program,sonic_drive_three_laps.py,function,ec959a186dbd8278df967871b3a34262848e2c5ecc08c20aa12abb30068f0552,右壁追従 | target_deg=0.000,,236.09579895543467,250.0,100.2253847925077,101.62812185316226,76.937858420379,0,3.05,73.3307166981112,0
3.1,106.70085891547846,164.6027217689927,131.68209110507996,26.55244643186786,0.0,35.0,0.0,418,435,375,435,35.0,NEUTRAL,program,sonic_drive_three_laps.py,function,ec959a186dbd8278df967871b3a34262848e2c5ecc08c20aa12abb30068f0552,右壁追従 | target_deg=0.000,,234.39130506859283,248.8240557459561,103.22310098482461,99.92901657399631,78.36521006642776,0,3.1,73.5925664595642,0
3.15,107.6997462712958,163.71330551287645,131.68209110507996,26.878668015439153,0.0,35.0,0.0,418,435,375,435,35.0,NEUTRAL,program,sonic_drive_three_laps.py,function,ec959a186dbd8278df967871b3a34262848e2c5ecc08c20aa12abb30068f0552,右壁追従 | target_deg=0.000,,234.3938321415697,249.68035925831953,99.85681100368078,96.14065059062524,80.65009787698914,0,3.15,73.85802659054832,0
3.2,108.70915732647133,162.81451888158307,131.68209110507996,27.13137209753029,0.0,35.0,0.0,418,435,375,435,35.0,NEUTRAL,program,sonic_drive_three_laps.py,function,ec959a186dbd8278df967871b3a34262848e2c5ecc08c20aa12abb30068f0552,右壁追従 | target_deg=0.000,,233.218538578552,248.66207418773425,100.68491234525601,98.11044356945744,79.89014792690722,0,3.2,74.12628345591271,0
3.25,109.72672045349144,161.9084735887626,131.68209110507996,27.327126628565384,0.0,35.0,0.0,418,435,375,435,35.0,NEUTRAL,program,sonic_drive_three_laps.py,function,ec959a186dbd8278df967871b3a34262848e2c5ecc08c20aa12abb30068f0552,右壁追従 | target_deg=0.000,,230.8147059929476,250.0,101.340327465971,98.8807994271139,78.96101971987582,0,3.25,74.39670678183653,0
3.3,110.75059849631222,160.99680545094725,131.68209110507996,27.4787657952289,0.0,35.0,0.0,418,435,375,435,35.0,NEUTRAL,program,sonic_drive_three_laps.py,function,ec959a186dbd8278df967871b3a34262848e2c5ecc08c20aa12abb30068f0552,右壁追従 | target_deg=0.000,,230.5055161547337,249.9034902425838,99.48838539997976,94.99812182059073,77.87176398343152,0,3.3,74.66880833340396,0
3.35,111.77936832153263,160.0807816360255,131.68209110507996,27.59623146381301,0.0,35.0,0.0,418,435,375,435,35.0,NEUTRAL,program,sonic_drive_three_laps.py,function,ec959a186dbd8278df967871b3a34262848e2c5ecc08c20aa12abb30068f0552,右壁追従 | target_deg=0.000,,227.31148820124466,247.7186063799407,100.63995395061947,93.3439776133326,78.8175890617933,0,3.35,74.94220990462722,0
3.4,112.81192751399097,159.16138374213259,131.68209110507996,27.687224995362342,0.0,35.0,0.0,418,435,375,435,35.0,NEUTRAL,program,sonic_drive_three_laps.py,function,ec959a186dbd8278df967871b3a34262848e2c5ecc08c20aa12abb30068f0552,右壁追従 | target_deg=0.000,,226.4405866081195,250.0,99.64900998853346,89.01054875172258,84.05348319793018,0,3.4,75.21661852225813,0
3.45,113.84742209950049,158.23937215382995,131.68209110507996,27.757712167347332,0.0,35.0,0.0,418,435,375,435,35.0,NEUTRAL,program,sonic_drive_three_laps.py,function,ec959a186dbd8278df967871b3a34262848e2c5ecc08c20aa12abb30068f0552,右壁追従 | target_deg=0.000,,225.2334571469937,250.0,98.69498217206198,91.49211292341377,81.01743425714426,0,3.45,75.49180723768417,0
3.5,114.88519055603491,157.3153358949355,131.68209110507996,27.812314305871297,0.0,35.0,0.0,418,435,375,435,35.0,NEUTRAL,program,sonic_drive_three_laps.py,function,ec959a186dbd8278df967871b3a34262848e2c5ecc08c20aa12abb30068f0552,右壁追従 | target_deg=0.000,,224.81405682373097,249.08927119842664,103.22016418013499,90.07737009219223,80.59903052669837,0,3.5,75.76760024757503,0
3.55,115.92472044258832,156.38973124648865,131.68209110507996,27.85461127207708,0.0,35.0,0.0,418,435,375,435,35.0,NEUTRAL,program,sonic_drive_three_laps.py,function,ec959a186dbd8278df967871b3a34262848e2c5ecc08c20aa12abb30068f0552,右壁追従 | target_deg=0.000,,226.33193236070494,250.0,97.84942658903607,91.33113277879308,82.31088613379387,0,3.55,76.04386136774967,0
3.6,116.96561480218254,155.46291166174646,131.68209110507996,27.887376167346297,0.0,35.0,0.0,418,435,375,435,35.0,NEUTRAL,program,sonic_drive_three_laps.py,function,ec959a186dbd8278df967871b3a34262848e2c5ecc08c20aa12abb30068f0552,右壁追従 | target_deg=0.000,,223.7520840936183,250.0,100.70379945388434,91.10022615314824,81.86148401621695,0,3.6,76.32048510457972,0
3.65,118.00756613631395,154.53515093951748,131.68209110507996,27.912757145187115,0.0,35.0,0.0,418,435,375,435,35.0,NEUTRAL,program,sonic_drive_three_laps.py,function,ec959a186dbd8278df967871b3a34262848e2c5ecc08c20aa12abb30068f0552,右壁追従 | target_deg=0.000,,218.84246730481357,248.58077075565947,99.14637826089994,86.05152411061378,84.48022755934352,0,3.65,76.59738973854748,0
3.7,119.05033624453533,153.6066611751383,131.68209110507996,27.93241824988051,0.0,35.0,0.0,418,435,375,435,35.0,NEUTRAL,program,sonic_drive_three_laps.py,function,ec959a186dbd8278df967871b3a34262848e2c5ecc08c20aa12abb30068f0552,右壁追従 | target_deg=0.000,,217.75199214002137,247.8530259675647,100.5058787846404,85.54650207715767,84.01876216516257,0,3.7,76.87451196649705,0
3.75,120.09374060740224,152.67760666600688,131.68209110507996,27.947648515640516,0.0,35.0,0.0,418,435,375,435,35.0,NEUTRAL,program,sonic_drive_three_laps.py,function,ec959a186dbd8278df967871b3a34262848e2c5ecc08c20aa12abb30068f0552,右壁追従 | target_deg=0.000,,220.46996386846786,250.0,100.55335892728525,86.03679066057165,83.40040856362603,0,3.75,77.15180275131173,0
3.8,121.13763628888836,151.74811468335628,131.68209110507996,27.95944647911906,0.0,35.0,0.0,418,435,375,435,35.0,NEUTRAL,program,sonic_drive_three_laps.py,function,ec959a186dbd8278df967871b3a34262848e2c5ecc08c20aa12abb30068f0552,右壁追従 | target_deg=0.000,,217.49523205433997,250.0,100.11911715827668,86.08431078946413,80.67195419424749,0,3.8,77.42922410691028,0
3.85,122.1819125651203,150.81828381649413,131.68209110507996,27.96858564611945,0.0,35.0,0.0,418,435,375,435,35.0,NEUTRAL,program,sonic_drive_three_laps.py,function,ec959a186dbd8278df967871b3a34262848e2c5ecc08c20aa12abb30068f0552,右壁追従 | target_deg=0.000,,215.02810209953046,250.0,102.53449796486801,83.29532315637108,80.86919308076942,0,3.85,77.70674660777853,0
3.9,123.22648366502654,149.8881904365798,131.68209110507996,27.975665204690127,0.0,35.0,0.0,418,435,375,435,35.0,NEUTRAL,program,sonic_drive_three_laps.py,function,ec959a186dbd8278df967871b3a34262848e2c5ecc08c20aa12abb30068f0552,右壁追従 | target_deg=0.000,,216.45995384222908,249.97658244275888,100.5187476047069,84.34016088681334,83.07961483499162,0,3.9,77.98434745975493,0
3.95,124.27128314695818,148.95789370371998,131.68209110507996,27.981149309483648,0.0,35.0,0.0,418,435,375,435,35.0,NEUTRAL,program,sonic_drive_three_laps.py,function,ec959a186dbd8278df967871b3a34262848e2c5ecc08c20aa12abb30068f0552,右壁追従 | target_deg=0.000,,212.75870368427084,250.0,99.86706875881559,80.72165227209537,82.92266879510912,0,3.95,78.26200900558436,0
4.0,125.31625954259816,148.02743944566254,131.68209110507996,27.985397512967815,0.0,35.0,0.0,418,435,375,435,35.0,NEUTRAL,program,sonic_drive_three_laps.py,function,ec959a186dbd8278df967871b3a34262848e2c5ecc08c20aa12abb30068f0552,右壁追従 | target_deg=0.000,,205.43443958701644,250.0,99.96938273250831,80.33257961999199,84.66317250167336,0,4.0,78.53971756726186,0
4.05,126.36137298256179,147.09686316238515,131.68209110507996,27.988688338639893,0.0,35.0,0.0,418,435,375,435,35.0,NEUTRAL,program,sonic_drive_three_laps.py,function,ec959a186dbd8278df967871b3a34262848e2c5ecc08c20aa12abb30068f0552,右壁追従 | target_deg=0.000,,210.13088210490557,249.39183565661105,99.62054813987486,78.39360870736286,82.90726005941929,0,4.05,78.81746254926634,0
4.1,127.40659258245401,146.16619235356825,131.68209110507996,27.99123754176643,0.0,35.0,0.0,418,435,375,435,35.0,NEUTRAL,program,sonic_drive_three_laps.py,function,ec959a186dbd8278df967871b3a34262848e2c5ecc08c20aa12abb30068f0552,右壁追従 | target_deg=0.000,,206.50377739110283,247.43507437752703,100.7920689818239,80.5850247792573,84.11701998607741,0,4.1,78.43777434533696,0
4.15,128.45189441800648,145.23544832154695,131.68209110507996,27.993212254871256,0.0,35.0,0.0,418,435,375,435,35.0,NEUTRAL,program,sonic_drive_three_laps.py,function,ec959a186dbd8278df967871b3a34262848e2c5ecc08c20aa12abb30068f0552,右壁追従 | target_deg=0.000,,209.57931824737364,250.0,101.98738744741371,84.83325983950016,87.53187306129978,0,4.15,77.50703031331567,0
4.2,129.49725995653898,144.3046475679487,131.68209110507996,27.994741945387396,0.0,35.0,0.0,418,435,375,435,35.0,NEUTRAL,program,sonic_drive_three_laps.py,function,ec959a186dbd8278df967871b3a34262848e2c5ecc08c20aa12abb30068f0552,右壁追従 | target_deg=0.000,,205.12297921895325,250.0,100.99268276447374,78.64993339919317,84.95266841775391,0,4.2,76.57622955971743,0
4.25,130.54267484190788,143.37380287558383,131.68209110507996,27.995926903885643,0.0,35.0,0.0,418,435,375,435,35.0,NEUTRAL,program,sonic_drive_three_laps.py,function,ec959a186dbd8278df967871b3a34262848e2c5ecc08c20aa12abb30068f0552,右壁追従 | target_deg=0.000,,201.2985342147017,247.86691562997365,102.45264198594852,80.03103161601248,85.82159011358152,0,4.25,75.64538486735256,0
4.3,131.588127953279,142.44292414652037,131.68209110507996,27.996844819390613,0.0,35.0,0.0,418,435,375,435,35.0,NEUTRAL,program,sonic_drive_three_laps.py,function,ec959a186dbd8278df967871b3a34262848e2c5ecc08c20aa12abb30068f0552,右壁追従 | target_deg=0.000,,200.59987050712897,248.04719145613714,103.69253342637319,79.32486579308411,87.51203368856699,0,4.3,74.7145061382891,0
4.35,132.63361067601645,141.5120190512902,131.68209110507996,27.997555872879417,0.0,35.0,0.0,418,435,375,435,35.0,NEUTRAL,program,sonic_drive_three_laps.py,function,ec959a186dbd8278df967871b3a34262848e2c5ecc08c20aa12abb30068f0552,右壁追従 | target_deg=0.000,,200.61791103995,249.2315117946024,103.07030002017235,75.07756535786382,84.47421914345195,0,4.35,73.78360104305892,0
4.4,133.679116336884,140.58109353178924,131.68209110507996,27.99810668290626,0.0,35.0,0.0,418,435,375,435,35.0,NEUTRAL,program,sonic_drive_three_laps.py,function,ec959a186dbd8278df967871b3a34262848e2c5ecc08c20aa12abb30068f0552,右壁追従 | target_deg=0.000,,195.8022981689149,248.99611933933676,101.10338317402739,73.13766496157476,88.59681707463761,0,4.4,72.85267552355796,0
4.45,134.72463976653032,139.65015219084398,131.68209110507996,27.99853336203864,0.0,35.0,0.0,418,435,375,435,35.0,NEUTRAL,program,sonic_drive_three_laps.py,function,ec959a186dbd8278df967871b3a34262848e2c5ecc08c20aa12abb30068f0552,右壁追従 | target_deg=0.000,,196.55156982638331,250.0,101.76842057493359,73.2353751611958,87.86796532089464,0,4.45,71.92173418261271,0
4.5,135.77017696057214,138.7191985939851,131.68209110507996,27.998863884493087,0.0,35.0,0.0,418,435,375,435,35.0,NEUTRAL,program,sonic_drive_three_laps.py,function,ec959a186dbd8278df967871b3a34262848e2c5ecc08c20aa12abb30068f0552,右壁追従 | target_deg=0.000,,194.62176744054662,250.0,100.7227889324923,71.98889025631638,87.71809260904598,0,4.5,70.99078058575384,0
4.55,136.8157248170567,137.788235503213,131.68209110507996,27.999119920199085,0.0,35.0,0.0,418,435,375,435,35.0,NEUTRAL,program,sonic_drive_three_laps.py,function,ec959a186dbd8278df967871b3a34262848e2c5ecc08c20aa12abb30068f0552,右壁追従 | target_deg=0.000,,195.52351069289747,248.6737764671526,102.96757494246297,70.19479893432299,87.24115619858593,0,4.55,70.05981749498173,0
4.6,137.86128093308915,136.85726505808196,131.68209110507996,27.999318255537162,0.0,35.0,0.0,418,435,375,435,35.0,NEUTRAL,program,sonic_drive_three_laps.py,function,ec959a186dbd8278df967871b3a34262848e2c5ecc08c20aa12abb30068f0552,右壁追従 | target_deg=0.000,,192.5015994863022,249.77289246806282,102.7045439946513,70.5275105369042,86.00946475003502,0,4.6,69.12884704985069,0
4.65,138.90684344729254,135.9262889159749,131.68209110507996,27.999471893898573,0.0,35.0,0.0,418,435,375,435,35.0,NEUTRAL,program,sonic_drive_three_laps.py,function,ec959a186dbd8278df967871b3a34262848e2c5ecc08c20aa12abb30068f0552,右壁追従 | target_deg=0.000,,193.98552154497497,250.0,100.45267632410034,69.14849875969063,86.92987168566383,0,4.65,68.19787090774363,0
4.7,139.9524109177711,134.99530836076602,131.68209110507996,27.99959090822211,0.0,35.0,0.0,418,435,375,435,35.0,NEUTRAL,program,sonic_drive_three_laps.py,function,ec959a186dbd8278df967871b3a34262848e2c5ecc08c20aa12abb30068f0552,右壁追従 | target_deg=0.000,,194.91544643120295,250.0,104.11829895085106,70.02546587119647,89.31138844386915,0,4.7,67.26689035253474,0
4.75,140.99798222757548,134.0643243869946,131.68209110507996,27.999683101402766,0.0,35.0,0.0,418,435,375,435,35.0,NEUTRAL,program,sonic_drive_three_laps.py,function,ec959a186dbd8278df967871b3a34262848e2c5ecc08c20aa12abb30068f0552,右壁追従 | target_deg=0.000,,189.8227234348088,246.80105505581972,101.54628047899315,68.46510795910943,86.36223434364967,0,4.75,66.33590637876333,0
4.8,142.04355651147284,133.1333377650701,131.68209110507996,27.999754517870173,0.0,35.0,0.0,418,435,375,435,35.0,NEUTRAL,program,sonic_drive_three_laps.py,function,ec959a186dbd8278df967871b3a34262848e2c5ecc08c20aa12abb30068f0552,右壁追従 | target_deg=0.000,,190.67907348095795,250.0,101.81542992711879,63.62610275964454,88.606361175242,0,4.8,65.40491975683884,0
4.85,143.08913309921974,132.20234909178203,131.68209110507996,27.99980983987752,0.0,35.0,0.0,418,435,375,435,35.0,NEUTRAL,program,sonic_drive_three_laps.py,function,ec959a186dbd8278df967871b3a34262848e2c5ecc08c20aa12abb30068f0552,右壁追従 | target_deg=0.000,,188.4290717064217,247.72602183305904,99.89288996743565,67.65593786655954,85.4305759370857,0,4.85,64.47393108355075,0
4.9,144.13471147161914,131.27135882942687,131.68209110507996,27.99985269448246,0.0,35.0,0.0,418,435,375,435,35.0,NEUTRAL,program,sonic_drive_three_laps.py,function,ec959a186dbd8278df967871b3a34262848e2c5ecc08c20aa12abb30068f0552,右壁追従 | target_deg=0.000,,185.73654160449826,249.49893938067876,104.04731305485687,65.08328667889931,93.24047729837322,0,4.9,63.5429408211956,0
4.95,145.18029122648068,130.34036733611785,131.68209110507996,27.999885891346644,0.0,35.0,0.0,418,435,375,435,35.0,NEUTRAL,program,sonic_drive_three_laps.py,function,ec959a186dbd8278df967871b3a34262848e2c5ecc08c20aa12abb30068f0552,右壁追従 | target_deg=0.000,,183.450683548289,246.88290467139694,101.74367658510828,66.33135590962709,90.87535474717667,0,4.95,62.61194932788658,0
5.0,146.22587205225176,129.40937488926346,131.68209110507996,27.999911606944615,0.0,35.0,0.0,418,435,375,435,35.0,NEUTRAL,program,sonic_drive_three_laps.py,function,ec959a186dbd8278df967871b3a34262848e2c5ecc08c20aa12abb30068f0552,右壁追従 | target_deg=0.000,,182.82785028519345,249.79850776124943,103.03125355872879,64.08623592475703,91.73736663638415,0,5.0,61.68095688103219,0
5.05,147.2714537075916,128.4783817037553,131.68209110507996,27.999931527259232,0.0,35.0,0.0,418,435,375,435,35.0,NEUTRAL,program,sonic_drive_three_laps.py,function,ec959a186dbd8278df967871b3a34262848e2c5ecc08c20aa12abb30068f0552,右壁追従 | target_deg=0.000,,179.4892893460338,247.01722378448926,103.66266864660903,61.61375045051583,88.74091047570143,0,5.05,60.74996369552403,0
5.1,148.317036005548,127.54738794605686,131.68209110507996,27.999946958319203,0.0,35.0,0.0,418,435,375,435,35.0,NEUTRAL,program,sonic_drive_three_laps.py,function,ec959a186dbd8278df967871b3a34262848e2c5ecc08c20aa12abb30068f0552,右壁追従 | target_deg=0.000,,182.07066071624834,249.12812529191032,104.83631861667797,61.43048229911367,84.39281880602853,0,5.1,59.818969937825585,0
5.15,149.36261880130056,126.61639374511732,131.68209110507996,27.999958911825786,0.0,35.0,0.0,418,435,375,435,35.0,NEUTRAL,program,sonic_drive_three_laps.py,function,ec959a186dbd8278df967871b3a34262848e2c5ecc08c20aa12abb30068f0552,右壁追従 | target_deg=0.000,,178.28926896775397,250.0,102.41423204997636,60.263227409444326,89.99926766661379,0,5.15,58.88797573688605,0
5.2,150.40820198266553,125.68539920082574,131.68209110507996,27.999968171482596,0.0,35.0,0.0,418,435,375,435,35.0,NEUTRAL,program,sonic_drive_three_laps.py,function,ec959a186dbd8278df967871b3a34262848e2c5ecc08c20aa12abb30068f0552,右壁追従 | target_deg=0.000,,179.12097644620465,250.0,101.55531537713884,59.46224955430919,85.69612290323799,0,5.2,57.95698119259447,0
5.25,151.4537854627411,124.75440439056017,131.68209110507996,27.99997534437732,0.0,35.0,0.0,418,435,375,435,35.0,NEUTRAL,program,sonic_drive_three_laps.py,function,ec959a186dbd8278df967871b3a34262848e2c5ecc08c20aa12abb30068f0552,右壁追従 | target_deg=0.000,,177.88270896634214,247.63735281636153,104.36842185043031,60.58393737416578,84.45083668883372,0,5.25,57.025986382328895,0
5.3,152.49936917420968,123.82340937426068,131.68209110507996,27.99998090078397,0.0,35.0,0.0,418,435,375,435,35.0,NEUTRAL,program,sonic_drive_three_laps.py,function,ec959a186dbd8278df967871b3a34262848e2c5ecc08c20aa12abb30068f0552,右壁追従 | target_deg=0.000,,174.8321407265304,249.11086813577862,102.0985640241491,59.73279796376048,83.58598077369328,0,5.3,56.094991366029404,0
5.35,153.54495306492439,122.89241419835918,131.68209110507996,27.999985204995323,0.0,35.0,0.0,418,435,375,435,35.0,NEUTRAL,program,sonic_drive_three_laps.py,function,ec959a186dbd8278df967871b3a34262848e2c5ecc08c20aa12abb30068f0552,右壁追従 | target_deg=0.000,,174.6942327333084,250.0,101.87266422773864,58.33918945295671,84.04498019024314,0,5.35,55.163996190127904,0
5.4,154.59053709449017,121.9614188988237,131.68209110507996,27.999988539206893,0.0,35.0,0.0,418,435,375,435,35.0,NEUTRAL,program,sonic_drive_three_laps.py,function,ec959a186dbd8278df967871b3a34262848e2c5ecc08c20aa12abb30068f0552,右壁追従 | target_deg=0.000,,174.14032562073112,250.0,100.18180836229234,57.20825281534854,77.40187913361167,0,5.4,54.23300089059242,0
5.45,155.6361212316155,121.03042350351643,131.68209110507996,27.99999112201844,0.0,35.0,0.0,418,435,375,435,35.0,NEUTRAL,program,sonic_drive_three_laps.py,function,ec959a186dbd8278df967871b3a34262848e2c5ecc08c20aa12abb30068f0552,右壁追従 | target_deg=0.000,,172.64007976198727,248.87647163959133,100.9144291736804,56.76171125524075,79.72842837932788,0,5.45,53.30200549528516,0
5.5,156.68170545206064,120.09942803402062,131.68209110507996,27.999993122765954,0.0,35.0,0.0,418,435,375,435,35.0,NEUTRAL,program,sonic_drive_three_laps.py,function,ec959a186dbd8278df967871b3a34262848e2c5ecc08c20aa12abb30068f0552,右壁追従 | target_deg=0.000,,168.7734888766199,250.0,102.19604032470419,55.04121920509264,78.33202954915706,0,5.5,52.371010025789346,0
5.55,157.7272897370486,119.16843250705541,131.68209110507996,27.999994672623746,0.0,35.0,0.0,418,435,375,435,35.0,NEUTRAL,program,sonic_drive_three_laps.py,function,ec959a186dbd8278df967871b3a34262848e2c5ecc08c20aa12abb30068f0552,右壁追従 | target_deg=0.000,,168.06131910126186,250.0,103.5575825730589,50.24428061708431,75.67762912190143,0,5.55,51.44001449882414,0
5.6,158.772874072034,118.23743693557216,131.68209110507996,27.99999587320461,0.0,35.0,0.0,418,435,375,435,35.0,NEUTRAL,program,sonic_drive_three_laps.py,function,ec959a186dbd8278df967871b3a34262848e2c5ecc08c20aa12abb30068f0552,右壁追従 | target_deg=0.000,,166.0087307515604,248.5975684252099,103.99409065807721,51.55743380575096,73.42122396985293,0,5.6,50.50901892734089,0
5.65,159.81845844574934,117.30644132960347,131.68209110507996,27.99999680322182,0.0,35.0,0.0,418,435,375,435,35.0,NEUTRAL,program,sonic_drive_three_laps.py,function,ec959a186dbd8278df967871b3a34262848e2c5ecc08c20aa12abb30068f0552,右壁追従 | target_deg=0.000,,165.20909540962734,248.57936050627626,101.78766720955335,50.74305560461044,73.01305652442048,0,5.65,49.5780233213722,0
5.7,160.8640428494665,116.37544569692102,131.68209110507996,27.999997523649764,0.0,35.0,0.0,418,435,375,435,35.0,NEUTRAL,program,sonic_drive_three_laps.py,function,ec959a186dbd8278df967871b3a34262848e2c5ecc08c20aa12abb30068f0552,右壁追従 | target_deg=0.000,,163.29077536274443,250.0,101.79387323805311,50.753341933860625,72.08308965525931,0,5.7,48.64702768868975,0
5.75,161.9096272764242,115.44445004354503,131.68209110507996,27.99999808172161,0.0,35.0,0.0,418,435,375,435,35.0,NEUTRAL,program,sonic_drive_three_laps.py,function,ec959a186dbd8278df967871b3a34262848e2c5ecc08c20aa12abb30068f0552,右壁追従 | target_deg=0.000,,161.32930579507877,248.52763793879762,103.67909541457514,48.73360742928477,70.86228338666659,0,5.75,47.71603203531376,0
5.8,162.9512135400718,114.51899567018708,131.53569032418966,27.7791450969657,2.24,33.775,7.0,417,442,375,435,33.775,NEUTRAL,program,sonic_drive_three_laps.py,function,ec959a186dbd8278df967871b3a34262848e2c5ecc08c20aa12abb30068f0552,右壁追従 | target_deg=5.585,,159.23907227795718,248.61490883912865,103.69206812499334,48.09184092220714,67.9928959046597,0,5.8,46.80035710453548,0
5.85,163.984449413396,113.60856711707999,131.2091028450007,27.387210262854875,4.48,32.55,14.0,415,449,375,435,32.55,NEUTRAL,program,sonic_drive_three_laps.py,function,ec959a186dbd8278df967871b3a34262848e2c5ecc08c20aa12abb30068f0552,右壁追従 | target_deg=11.083,,160.80201335234358,250.0,101.90400925992856,48.790867555069255,67.69582159445906,0,5.85,45.9121387333375,0
5.9,165.00641332805532,112.7210992302387,130.70833844543967,26.862748692682025,6.72,31.325,21.0,414,457,375,435,31.325,NEUTRAL,program,sonic_drive_three_laps.py,function,ec959a186dbd8278df967871b3a34262848e2c5ecc08c20aa12abb30068f0552,右壁追従 | target_deg=16.413,,159.17938520450926,250.0,101.51363653950466,45.0090742168438,66.28944793022066,0,5.9,45.05978273873396,0
5.95,166.01698981937815,111.86098408505647,130.0879446120996,26.33027815958644,8.0,30.625,25.0,413,461,375,435,30.625,NEUTRAL,program,sonic_drive_three_laps.py,function,ec959a186dbd8278df967871b3a34262848e2c5ecc08c20aa12abb30068f0552,右壁追従 | target_deg=19.359,,159.8194566353806,250.0,101.97699323965264,46.01720540472145,68.29808396866211,0,5.95,44.187788353109475,0
6.0,167.01917525855208,111.02661386832895,129.4702512995467,25.91780552110116,8.0,30.625,25.0,413,461,375,435,30.625,NEUTRAL,program,sonic_drive_three_laps.py,function,ec959a186dbd8278df967871b3a34262848e2c5ecc08c20aa12abb30068f0552,右壁追従 | target_deg=19.359,,160.59992065480128,247.79274814458634,103.4312374572995,43.051256905607815,62.64522500289574,0,6.0,43.13900865085746,0
6.05,168.01642352064414,110.2142738501987,128.86099708482925,25.59828797613973,8.0,30.625,25.0,413,461,375,435,30.625,NEUTRAL,program,sonic_drive_three_laps.py,function,ec959a186dbd8278df967871b3a34262848e2c5ecc08c20aa12abb30068f0552,右壁追従 | target_deg=19.359,,160.1309472690447,250.0,105.84746796848002,46.31887976837228,63.667846222468675,0,6.05,42.135188693824276,0
6.1,169.01141561639946,109.42112902922318,128.25828012754522,25.35077710629611,8.0,30.625,25.0,413,461,375,435,30.625,NEUTRAL,program,sonic_drive_three_laps.py,function,ec959a186dbd8278df967871b3a34262848e2c5ecc08c20aa12abb30068f0552,右壁追従 | target_deg=19.359,,161.1173361607317,250.0,104.80284972125096,42.00795046380852,63.481214817478275,0,6.1,41.17425423154145,0
6.15,170.00623214622817,108.64502627225409,127.66062718724328,25.159045441926516,8.0,30.625,25.0,413,461,375,435,30.625,NEUTRAL,program,sonic_drive_three_laps.py,function,ec959a186dbd8278df967871b3a34262848e2c5ecc08c20aa12abb30068f0552,右壁追従 | target_deg=19.359,,161.52400104585357,250.0,103.79070199965444,45.73723499714405,58.68458664147121,0,6.15,40.25517073331027,0
6.2,171.00248155173034,107.88433402627574,127.06689703386769,25.010522546163752,8.0,30.625,25.0,413,461,375,435,30.625,NEUTRAL,program,sonic_drive_three_laps.py,function,ec959a186dbd8278df967871b3a34262848e2c5ecc08c20aa12abb30068f0552,右壁追従 | target_deg=19.359,,160.15619831725223,250.0,102.42272376860298,44.28238385780815,57.70775284925015,0,6.2,39.377720867825225,0
6.25,172.00140135223225,107.1378198166883,126.47620562568682,24.89547086370803,8.0,30.625,25.0,413,461,375,435,30.625,NEUTRAL,program,sonic_drive_three_laps.py,function,ec959a186dbd8278df967871b3a34262848e2c5ecc08c20aa12abb30068f0552,右壁追従 | target_deg=19.359,,155.46671487822087,250.0,103.18375655298132,42.24200872173873,58.608166623158084,0,6.25,38.542330084628766,0
6.3,173.0039379011965,106.40455654627979,125.88786814917034,24.80634730085321,8.0,30.625,25.0,413,461,375,435,30.625,NEUTRAL,program,sonic_drive_three_laps.py,function,ec959a186dbd8278df967871b3a34262848e2c5ecc08c20aa12abb30068f0552,右壁追従 | target_deg=19.359,,154.74725614359824,250.0,102.57278252817704,39.071588067126434,51.9572743665768,0,6.3,37.749927970755955,0
6.35,174.010809125378,105.68385077875207,125.30135412079596,24.73730868024031,8.0,30.625,25.0,413,461,375,435,30.625,NEUTRAL,program,sonic_drive_three_laps.py,function,ec959a186dbd8278df967871b3a34262848e2c5ecc08c20aa12abb30068f0552,右壁追従 | target_deg=19.359,,151.70941955798042,250.0,100.88950321122347,40.02022206579678,53.52519573699702,0,6.35,37.00183584841411,0
6.4,175.01774445178765,104.97995304463265,124.58716375562881,24.4629752295788,10.24,29.4,32.0,411,468,375,435,29.4,NEUTRAL,program,sonic_drive_three_laps.py,function,ec959a186dbd8278df967871b3a34262848e2c5ecc08c20aa12abb30068f0552,左回避 | target_deg=24.305,,148.47106449685796,248.33754655469446,99.97908027438277,90.5000476365724,52.51665532552728,0,6.4,36.316630381987764,0
6.45,176.0189803045889,104.30043327611584,123.71840899170388,24.029612321033017,12.48,28.174999999999997,39.0,410,475,375,435,28.174999999999997,NEUTRAL,program,sonic_drive_three_laps.py,function,ec959a186dbd8278df967871b3a34262848e2c5ecc08c20aa12abb30068f0552,左回避 | target_deg=28.957,,144.8089204110988,250.0,101.84432238021334,90.31573654262056,50.36542257902217,0,6.45,35.71127760629083,0
6.5,177.01000985822196,103.65137733712594,122.70328834205242,23.473058933365202,14.72,26.95,46.0,408,483,375,435,26.95,NEUTRAL,program,sonic_drive_three_laps.py,function,ec959a186dbd8278df967871b3a34262848e2c5ecc08c20aa12abb30068f0552,左回避 | target_deg=33.297,,145.10269611498586,250.0,102.08469745320173,87.41379689016665,52.657001620930636,0,6.5,35.198094030151005,0
6.55,177.98713157251208,103.03752084652945,121.5509259190294,22.8210773505176,16.96,25.724999999999998,53.0,407,490,375,435,25.724999999999998,NEUTRAL,program,sonic_drive_three_laps.py,function,ec959a186dbd8278df967871b3a34262848e2c5ecc08c20aa12abb30068f0552,左回避 | target_deg=37.323,,141.5356513103684,250.0,100.56284854554352,89.26369805760066,47.9679534112849,0,6.55,34.78697940927642,0
6.6,178.94717832756982,102.4624430502726,120.2710015427354,22.09517333064263,19.2,24.5,60.0,405,498,375,435,24.5,NEUTRAL,program,sonic_drive_three_laps.py,function,ec959a186dbd8278df967871b3a34262848e2c5ecc08c20aa12abb30068f0552,左回避 | target_deg=41.043,,136.2003475326925,250.0,102.29447737070747,90.90634153160673,48.14163632871304,0,6.6,34.48532075923629,0
6.65,179.88732842806576,101.92872659969439,118.87351236816625,21.31200608069428,21.44,23.275000000000002,67.0,404,505,375,435,23.275000000000002,NEUTRAL,program,sonic_drive_three_laps.py,function,ec959a186dbd8278df967871b3a34262848e2c5ecc08c20aa12abb30068f0552,左回避 | target_deg=44.472,,132.30579324786575,250.0,101.93723367378038,91.50834644980819,47.032609253995474,0,6.65,34.29789230890724,0
6.7,180.80497773321852,101.43808843288006,117.36862842362063,20.484480478257876,23.68,22.05,74.0,402,512,375,435,22.05,NEUTRAL,program,sonic_drive_three_laps.py,function,ec959a186dbd8278df967871b3a34262848e2c5ecc08c20aa12abb30068f0552,左回避 | target_deg=47.632,,132.2386885017945,248.79303168537825,102.47773407678015,91.59550668945091,44.31173501189387,0,6.7,34.22679391986355,0
6.75,181.69765719502968,100.99148679326728,115.76661545937839,19.622593149580513,25.92,20.825,81.0,401,520,375,435,20.825,NEUTRAL,program,sonic_drive_three_laps.py,function,ec959a186dbd8278df967871b3a34262848e2c5ecc08c20aa12abb30068f0552,左回避 | target_deg=50.544,,129.41977914726434,247.9715339376018,101.15233400194745,89.80054524192796,42.54438914653138,0,6.75,34.27146130468405,0
6.8,182.56298394563086,100.58920907129844,114.07780653798159,18.73408787492384,28.16,19.6,88.0,399,527,375,435,19.6,NEUTRAL,program,sonic_drive_three_laps.py,function,ec959a186dbd8278df967871b3a34262848e2c5ecc08c20aa12abb30068f0552,左回避 | target_deg=53.231,,123.52059236426095,250.0,102.53717001140896,90.95145033611102,42.077983577098415,0,6.8,34.42876752144926,0
6.85,183.39863698370368,100.23094468732472,112.31260969762104,17.82496329135383,30.4,18.375,95.0,397,534,375,435,18.375,NEUTRAL,program,sonic_drive_three_laps.py,function,ec959a186dbd8278df967871b3a34262848e2c5ecc08c20aa12abb30068f0552,左回避 | target_deg=55.714,,123.76421722444245,234.17855804653993,100.06286457898524,91.77550904759144,43.10389303219366,0,6.85,34.6932188654816,0
6.9,184.20409103823897,99.91506244697945,110.50474557122647,16.96296715561316,32.0,17.5,100.0,396,540,375,435,17.5,NEUTRAL,program,sonic_drive_three_laps.py,function,ec959a186dbd8278df967871b3a34262848e2c5ecc08c20aa12abb30068f0552,左回避 | target_deg=57.375,,118.19340412634048,219.86128595474682,103.38037127182302,93.7735471383193,41.13507329234546,0,6.9,35.05152265243524,0
6.95,184.98390963634725,99.63687732398883,108.76099553395642,16.295231011781816,32.0,17.5,100.0,396,540,375,435,17.5,NEUTRAL,program,sonic_drive_three_laps.py,function,ec959a186dbd8278df967871b3a34262848e2c5ecc08c20aa12abb30068f0552,左回避 | target_deg=57.375,,248.3420894118353,205.85224067447118,103.53131907634352,90.96208776589509,41.458243319813214,0,6.95,35.45928040947109,0
7.0,185.74425707021902,99.39100611134911,107.0779879680216,15.77797630576664,32.0,17.5,100.0,396,540,375,435,17.5,NEUTRAL,program,sonic_drive_three_laps.py,function,ec959a186dbd8278df967871b3a34262848e2c5ecc08c20aa12abb30068f0552,左回避 | target_deg=57.375,,245.72203406224682,190.54978052703626,103.10343562016132,95.34840869653893,38.93864353215615,0,7.0,35.81274221087047,0
7.05,186.49503298253873,99.17145182640641,105.54237657802764,15.557578949712955,29.76,18.5,93.0,398,532,375,435,18.5,NEUTRAL,program,sonic_drive_three_laps.py,function,ec959a186dbd8278df967871b3a34262848e2c5ecc08c20aa12abb30068f0552,右壁追従 | target_deg=55.024,,242.28523568044332,181.47794203344665,106.14175028053094,97.81602442377849,37.717473777270904,0,7.05,36.07782524188281,0
7.1,187.24723749628433,98.97219181860086,104.14924391562113,15.567138984316202,27.52,19.5,86.0,399,525,375,435,19.5,NEUTRAL,program,sonic_drive_three_laps.py,function,ec959a186dbd8278df967871b3a34262848e2c5ecc08c20aa12abb30068f0552,右壁追従 | target_deg=52.485,,239.8613826627301,169.327612498277,107.80084080767624,99.05604922171393,37.61374188493013,0,7.1,36.26916637630152,0
7.15,188.00957273422335,98.7891172501895,102.87556438789375,15.75483306722448,25.28,20.5,79.0,400,517,375,435,20.5,NEUTRAL,program,sonic_drive_three_laps.py,function,ec959a186dbd8278df967871b3a34262848e2c5ecc08c20aa12abb30068f0552,右壁追従 | target_deg=49.736,,237.18850212296041,160.70612224332294,107.0778099188404,101.87605851452453,36.66397182758135,0,7.15,36.40151858556837,0
7.2,188.78887959517968,98.61944361512184,101.70713349953962,16.080516797149055,23.04,21.5,72.0,401,510,375,435,21.5,NEUTRAL,program,sonic_drive_three_laps.py,function,ec959a186dbd8278df967871b3a34262848e2c5ecc08c20aa12abb30068f0552,右壁追従 | target_deg=46.756,,236.23157902947852,159.5058236256451,107.88591610704036,100.30697878020216,37.76613024076359,0,7.2,36.48556652812552,0
7.25,189.59049809684572,98.46125217333709,100.63611262996221,16.513092740352683,20.8,22.5,65.0,403,503,375,435,22.5,NEUTRAL,program,sonic_drive_three_laps.py,function,ec959a186dbd8278df967871b3a34262848e2c5ecc08c20aa12abb30068f0552,右壁追従 | target_deg=43.521,,233.4751265756617,154.01219775754262,109.82196767169057,101.27169679712513,52.920224118050555,0,7.25,36.529634317237694,0
7.3,190.4185696835624,98.31316270488907,99.65927361983057,17.028471600345753,18.56,23.5,58.0,404,495,375,435,23.5,NEUTRAL,program,sonic_drive_three_laps.py,function,ec959a186dbd8278df967871b3a34262848e2c5ecc08c20aa12abb30068f0552,右壁追従 | target_deg=40.010,,250.0,149.5527916660308,107.93691969324016,104.07272020752403,63.64510476292821,0,7.3,36.54076699631112,0
7.35,191.27628560269648,98.17409468991083,98.77674556292703,17.607992859663455,16.32,24.5,51.0,405,488,375,435,24.5,NEUTRAL,program,sonic_drive_three_laps.py,function,ec959a186dbd8278df967871b3a34262848e2c5ecc08c20aa12abb30068f0552,右壁追従 | target_deg=36.204,,250.0,143.7446585937849,111.77978492496285,104.8246752163519,75.9091572385603,0,7.35,36.52541449894767,0
7.4,192.16608830509261,98.04308911931133,97.99112288443297,18.23720134680651,14.08,25.5,44.0,406,481,375,435,25.5,NEUTRAL,program,sonic_drive_three_laps.py,function,ec959a186dbd8278df967871b3a34262848e2c5ecc08c20aa12abb30068f0552,右壁追従 | target_deg=32.089,,250.0,139.24096738376372,113.70928603962047,106.55901765489023,85.72475170069305,0,7.4,36.48985871344783,0
7.45,193.08983314122048,97.91917249309003,97.30683397265705,18.904899516826465,11.84,26.5,37.0,408,473,375,435,26.5,NEUTRAL,program,sonic_drive_three_laps.py,function,ec959a186dbd8278df967871b3a34262848e2c5ecc08c20aa12abb30068f0552,右壁追従 | target_deg=27.659,,250.0,137.13295932205307,110.9358433231202,106.06786221647742,88.39143256268848,0,7.45,36.440471623416286,0
7.5,194.04891688695383,97.801250460265,96.72969823382391,19.602413310555015,9.6,27.5,30.0,409,466,375,435,27.5,NEUTRAL,program,sonic_drive_three_laps.py,function,ec959a186dbd8278df967871b3a34262848e2c5ecc08c20aa12abb30068f0552,右壁追従 | target_deg=22.921,,248.2101240764545,134.95637176633335,110.03977766497093,109.28502205616283,88.5801785826997,0,7.5,36.383860362432806,0
7.55,195.04437853473848,97.68802235564858,96.2666198722847,20.323023460259694,7.36,28.5,23.0,410,459,375,435,28.5,NEUTRAL,program,sonic_drive_three_laps.py,function,ec959a186dbd8278df967871b3a34262848e2c5ecc08c20aa12abb30068f0552,右壁追従 | target_deg=17.896,,250.0,132.93391413049167,110.80259312680572,107.06243964073775,87.17469507075269,0,7.55,36.32693491547855,0
7.6,196.0769766373543,97.57791040177416,95.92538134581952,21.061524956615013,5.12,29.5,16.0,411,451,375,435,29.5,NEUTRAL,program,sonic_drive_three_laps.py,function,ec959a186dbd8278df967871b3a34262848e2c5ecc08c20aa12abb30068f0552,右壁追従 | target_deg=12.626,,248.91916544979216,132.43785266301214,109.3383616776309,109.61759157844462,89.53074924912632,0,7.6,36.27692126061173,0
7.65,197.14724641768632,97.46899905400966,95.71450998251441,21.81388579447444,2.88,30.5,9.0,413,444,375,435,30.5,NEUTRAL,program,sonic_drive_three_laps.py,function,ec959a186dbd8278df967871b3a34262848e2c5ecc08c20aa12abb30068f0552,右壁追従 | target_deg=7.168,,249.7449903880331,131.60463654238538,109.59327638400805,108.60637581843966,86.26391151625585,0,7.65,36.241334136728796,0
7.7,198.255538896462,97.3589811696599,95.64319885467074,22.576982623910023,0.64,31.5,2.0,414,437,375,435,31.5,NEUTRAL,program,sonic_drive_three_laps.py,function,ec959a186dbd8278df967871b3a34262848e2c5ecc08c20aa12abb30068f0552,右壁追従 | target_deg=1.600,,247.82497603039167,129.45840272002275,111.3164609615452,106.61293022636028,86.53971079803804,0,7.7,36.22791765774858,0
7.75,199.40210084620216,97.24568694750937,95.64319885467074,23.348395975100217,0.0,32.5,0.0,415,435,375,435,32.5,NEUTRAL,program,sonic_drive_three_laps.py,function,ec959a186dbd8278df967871b3a34262848e2c5ecc08c20aa12abb30068f0552,右壁追従 | target_deg=0.000,,247.39020765978037,129.8680824169716,110.16066919185533,108.85793137023367,87.46169407409774,0,7.75,36.2279176577486,0
7.8,200.58724014679973,97.12858081536214,95.64319885467074,24.12625163146587,0.0,33.5,0.0,416,435,375,435,33.5,NEUTRAL,program,sonic_drive_three_laps.py,function,ec959a186dbd8278df967871b3a34262848e2c5ecc08c20aa12abb30068f0552,右壁追従 | target_deg=0.000,,248.25498348768173,131.33241959405044,113.32266019831972,110.32290494162173,85.09508148694928,0,7.8,36.227917657748606,0
7.85,201.8112337193399,97.00763541005747,95.64319885467074,24.90909775105622,0.0,34.5,0.0,418,435,375,435,34.5,NEUTRAL,program,sonic_drive_three_laps.py,function,ec959a186dbd8278df967871b3a34262848e2c5ecc08c20aa12abb30068f0552,右壁追従 | target_deg=0.000,,250.0,132.12547347732962,107.093055894764,109.99182336843626,85.26615003963218,0,7.85,36.24333274546321,0
7.9,203.07158691983088,96.88309723266815,95.64319885467074,25.605665428075323,0.0,35.0,0.0,418,435,375,435,35.0,NEUTRAL,program,sonic_drive_three_laps.py,function,ec959a186dbd8278df967871b3a34262848e2c5ecc08c20aa12abb30068f0552,右壁追従 | target_deg=0.000,,249.55182937655144,131.37563344536224,104.83145512039764,109.62754614610098,85.60274172435119,0,7.9,36.299715100495554,0
7.95,204.36188193023935,96.75560044142883,95.64319885467074,26.145254174805192,0.0,35.0,0.0,418,435,375,435,35.0,NEUTRAL,program,sonic_drive_three_laps.py,function,ec959a186dbd8278df967871b3a34262848e2c5ecc08c20aa12abb30068f0552,右壁追従 | target_deg=0.000,,250.0,131.5451140090197,105.1105816954672,110.54481765160847,87.85028276067024,0,7.95,36.400090481554244,0
8.0,205.67537104542927,96.62581179141965,95.64319885467074,26.563240861818127,0.0,35.0,0.0,418,435,375,435,35.0,NEUTRAL,program,sonic_drive_three_laps.py,function,ec959a186dbd8278df967871b3a34262848e2c5ecc08c20aa12abb30068f0552,右壁追従 | target_deg=0.000,,250.0,129.29206863502415,108.82073037256919,109.08663398894194,83.98087158932466,0,8.0,36.54625229059179,0
8.05,207.00682722734294,96.49424777737607,95.64319885467074,26.88702980585908,0.0,35.0,0.0,418,435,375,435,35.0,NEUTRAL,program,sonic_drive_three_laps.py,function,ec959a186dbd8278df967871b3a34262848e2c5ecc08c20aa12abb30068f0552,右壁追従 | target_deg=0.000,,250.0,132.49801497764324,103.30952612887094,109.8366568971507,84.96530360712822,0,8.05,36.73919533181262,0
8.1,208.3522014065104,96.36130849645473,95.64319885467074,27.137849469596148,0.0,35.0,0.0,418,435,375,435,35.0,NEUTRAL,program,sonic_drive_three_laps.py,function,ec959a186dbd8278df967871b3a34262848e2c5ecc08c20aa12abb30068f0552,右壁追従 | target_deg=0.000,,249.93109447758238,129.9428455294504,104.08906231388808,109.8236175318346,85.04489413482911,0,8.1,36.979279070512185,0
8.15,209.70835701430704,96.22730387966516,95.64319885467074,27.33214425598398,0.0,35.0,0.0,418,435,375,435,35.0,NEUTRAL,program,sonic_drive_three_laps.py,function,ec959a186dbd8278df967871b3a34262848e2c5ecc08c20aa12abb30068f0552,右壁追従 | target_deg=0.000,,249.4212236893323,131.33608351451895,106.17037662896321,108.75921773183063,83.69993302163319,0,8.15,37.26636039699214,0
8.2,211.0728643411884,96.09247401176941,95.64319885467074,27.482652646973076,0.0,35.0,0.0,418,435,375,435,35.0,NEUTRAL,program,sonic_drive_three_laps.py,function,ec959a186dbd8278df967871b3a34262848e2c5ecc08c20aa12abb30068f0552,右壁追従 | target_deg=0.000,,248.86563133919938,133.1135529162411,102.08912562839767,106.77810524689794,84.27148710122962,0,8.2,37.5999012056142,0
8.25,212.4438412384829,95.95700487187639,95.64319885467074,27.59924237220075,0.0,35.0,0.0,418,435,375,435,35.0,NEUTRAL,program,sonic_drive_three_laps.py,function,ec959a186dbd8278df967871b3a34262848e2c5ecc08c20aa12abb30068f0552,右壁追従 | target_deg=0.000,,249.23520586130567,133.95640423858077,100.73597823557627,107.04670782506052,80.83389657174821,0,8.25,37.979055565970334,0
8.3,213.81982971972857,95.82104052672592,95.64319885467074,27.689557363539993,0.0,35.0,0.0,418,435,375,435,35.0,NEUTRAL,program,sonic_drive_three_laps.py,function,ec959a186dbd8278df967871b3a34262848e2c5ecc08c20aa12abb30068f0552,右壁追従 | target_deg=0.000,,250.0,132.81399212491746,98.0238156679836,107.72597194597931,83.64831588041794,0,8.3,38.402740521427106,0
8.35,215.1997003712107,95.68469257608662,95.64319885467074,27.759518911563887,0.0,35.0,0.0,418,435,375,435,35.0,NEUTRAL,program,sonic_drive_three_laps.py,function,ec959a186dbd8278df967871b3a34262848e2c5ecc08c20aa12abb30068f0552,右壁追従 | target_deg=0.000,,250.0,133.56949256211732,100.78568892942707,107.114168565506,83.10078034441007,0,8.35,38.86969379432551,0
8.4,216.58257830460036,95.548047469533,95.64319885467074,27.813713881073582,0.0,35.0,0.0,418,435,375,435,35.0,NEUTRAL,program,sonic_drive_three_laps.py,function,ec959a186dbd8278df967871b3a34262848e2c5ecc08c20aa12abb30068f0552,右壁追従 | target_deg=0.000,,250.0,132.55868817032027,96.38741332836261,104.56533386331716,83.69233185596632,0,8.4,39.37852099756579,0
8.45,217.96778579695334,95.41117217430903,95.64319885467074,27.85569543813053,0.0,35.0,0.0,418,435,375,435,35.0,NEUTRAL,program,sonic_drive_three_laps.py,function,ec959a186dbd8278df967871b3a34262848e2c5ecc08c20aa12abb30068f0552,右壁追従 | target_deg=0.000,,250.0,133.4740099846697,98.04152651385215,108.74624042415336,86.81610455057107,0,8.45,39.927734382901484,0
8.5,219.3547978573948,95.2741185658784,95.64319885467074,27.888216005055295,0.0,35.0,0.0,418,435,375,435,35.0,NEUTRAL,program,sonic_drive_three_laps.py,function,ec959a186dbd8278df967871b3a34262848e2c5ecc08c20aa12abb30068f0552,右壁追従 | target_deg=0.000,,249.54243551441533,135.04094395938444,96.6606577006981,107.52321607789312,83.79477453398802,0,8.5,40.5157847006459,0
8.55,220.74320780732413,95.13692682901763,95.64319885467074,27.913407716541208,0.0,35.0,0.0,418,435,375,435,35.0,NEUTRAL,program,sonic_drive_three_laps.py,function,ec959a186dbd8278df967871b3a34262848e2c5ecc08c20aa12abb30068f0552,右壁追従 | target_deg=0.000,,250.0,133.67035269529546,96.27161757553222,107.11005456083711,82.94849998494946,0,8.55,41.1410873926874,0
8.6,222.1327006174861,94.99962809243671,95.64319885467074,27.932922208064607,0.0,35.0,0.0,418,435,375,435,35.0,NEUTRAL,program,sonic_drive_three_laps.py,function,ec959a186dbd8278df967871b3a34262848e2c5ecc08c20aa12abb30068f0552,右壁追従 | target_deg=0.000,,249.63901756554569,133.69045842835033,95.17271357871427,106.70424191325752,84.13986317359327,0,8.6,41.80204407392678,0
8.65,223.5230322538169,94.86224646965994,95.64319885467074,27.94803890149093,0.0,35.0,0.0,418,435,375,435,35.0,NEUTRAL,program,sonic_drive_three_laps.py,function,ec959a186dbd8278df967871b3a34262848e2c5ecc08c20aa12abb30068f0552,右壁追従 | target_deg=0.000,,249.15815619773477,132.75607794306512,94.58995890186662,108.68385323040428,84.82804679652884,0,8.65,42.49706005872513,0
8.7,224.91401367792292,94.7248006399726,95.64319885467074,27.959748887368416,0.0,35.0,0.0,418,435,375,435,35.0,NEUTRAL,program,sonic_drive_three_laps.py,function,ec959a186dbd8278df967871b3a34262848e2c5ecc08c20aa12abb30068f0552,右壁追従 | target_deg=0.000,,248.94703176439216,133.69388356011015,92.73846184806042,105.0738807545652,86.13905280657607,0,8.7,43.224558542402654,0
8.75,226.30549845322201,94.5873050730845,95.64319885467074,27.96881990345532,0.0,35.0,0.0,418,435,375,435,35.0,NEUTRAL,program,sonic_drive_three_laps.py,function,ec959a186dbd8278df967871b3a34262848e2c5ecc08c20aa12abb30068f0552,右壁追従 | target_deg=0.000,,250.0,135.89829909504007,91.76830548796171,106.94219691701613,85.26354442551161,0,8.75,43.982991939544824,0
8.8,227.6973731441724,94.44977097780252,95.64319885467074,27.975846669645282,0.0,35.0,0.0,418,435,375,435,35.0,NEUTRAL,program,sonic_drive_three_laps.py,function,ec959a186dbd8278df967871b3a34262848e2c5ecc08c20aa12abb30068f0552,右壁追従 | target_deg=0.000,,248.90003886492693,134.056446663585,91.73274200225359,106.52872739224223,82.34828950141133,0,8.8,44.77085079995633,0
8.85,229.08954987913734,94.31220703690975,95.64319885467074,27.98128987938225,0.0,35.0,0.0,418,435,375,435,35.0,NEUTRAL,program,sonic_drive_three_laps.py,function,ec959a186dbd8278df967871b3a34262848e2c5ecc08c20aa12abb30068f0552,右壁追従 | target_deg=0.000,,250.0,136.94890307071185,89.33867686501009,106.5876360906285,83.19208340120694,0,8.85,45.58667066130573,0
8.9,230.48196058928752,94.17461997643184,95.64319885467074,27.985506403945557,0.0,35.0,0.0,418,435,375,435,35.0,NEUTRAL,program,sonic_drive_three_laps.py,function,ec959a186dbd8278df967871b3a34262848e2c5ecc08c20aa12abb30068f0552,右壁追従 | target_deg=0.000,,250.0,137.4204282376316,89.67853240067204,101.52886539439513,82.68550562977758,0,8.9,46.429037148838184,0
8.95,231.87455254582792,94.03701500661305,95.64319885467074,27.988772689878324,0.0,35.0,0.0,418,435,375,435,35.0,NEUTRAL,program,sonic_drive_three_laps.py,function,ec959a186dbd8278df967871b3a34262848e2c5ecc08c20aa12abb30068f0552,右壁追従 | target_deg=0.000,,249.83563176941388,136.14108565324668,85.81187444001625,101.2267845800642,82.65531255647657,0,8.95,47.29658959282291,0
9.0,233.26728490295787,93.89939616351371,95.64319885467074,27.991302883556664,0.0,35.0,0.0,418,435,375,435,35.0,NEUTRAL,program,sonic_drive_three_laps.py,function,ec959a186dbd8278df967871b3a34262848e2c5ecc08c20aa12abb30068f0552,右壁追従 | target_deg=0.000,,250.0,135.02331285263492,86.42746417696259,96.44255354435876,85.77073445856439,0,9.0,48.18802340084958,0
9.05,234.66012601991213,93.76176657362508,95.64319885467074,27.9932628711945,0.0,35.0,0.0,418,435,375,435,35.0,NEUTRAL,program,sonic_drive_three_laps.py,function,ec959a186dbd8278df967871b3a34262848e2c5ecc08c20aa12abb30068f0552,右壁追従 | target_deg=0.000,,248.2750697645786,136.43938916802287,82.10758018318364,95.17592026637811,85.31192312618349,0,9.05,49.10209139289511,0
9.1,236.05305138650823,93.62412865885035,95.64319885467074,27.994781154784157,0.0,35.0,0.0,418,435,375,435,35.0,NEUTRAL,program,sonic_drive_three_laps.py,function,ec959a186dbd8278df967871b3a34262848e2c5ecc08c20aa12abb30068f0552,右壁追従 | target_deg=0.000,,250.0,137.61515150040927,87.39565287289969,93.58008545029844,82.60281239855765,0,9.1,50.03760428113927,0
9.15,237.44604201619381,93.4864842952911,95.64319885467074,27.995957277028065,0.0,35.0,0.0,418,435,375,435,35.0,NEUTRAL,program,sonic_drive_three_laps.py,function,ec959a186dbd8278df967871b3a34262848e2c5ecc08c20aa12abb30068f0552,右壁追従 | target_deg=0.000,,248.38809957368764,137.60469048288866,86.80341542986767,90.81573571506797,80.4222326895856,0,9.15,50.993430453162446,0
9.2,238.839083201238,93.34883493624946,95.64319885467074,27.996868347622534,0.0,35.0,0.0,418,435,375,435,35.0,NEUTRAL,program,sonic_drive_three_laps.py,function,ec959a186dbd8278df967871b3a34262848e2c5ecc08c20aa12abb30068f0552,右壁追従 | target_deg=0.000,,249.4000657765608,140.33321125075202,86.32683881367309,87.61037274348323,83.65556550605125,0,9.2,51.96849519603827,0
9.25,240.23216354845326,93.21118170751048,95.64319885467074,27.997574098774177,0.0,35.0,0.0,418,435,375,435,35.0,NEUTRAL,program,sonic_drive_three_laps.py,function,ec959a186dbd8278df967871b3a34262848e2c5ecc08c20aa12abb30068f0552,右壁追従 | target_deg=0.000,,249.9002082044691,134.15321218827063,87.67827296387699,86.6261754116336,81.6479033356718,0,9.25,52.96177947972697,0
9.3,241.6252742322281,93.0735254811516,95.64319885467074,27.998120801401907,0.0,35.0,0.0,418,435,375,435,35.0,NEUTRAL,program,sonic_drive_three_laps.py,function,ec959a186dbd8278df967871b3a34262848e2c5ecc08c20aa12abb30068f0552,右壁追従 | target_deg=0.000,,250.0,136.70461179448844,87.57628469411223,83.44592808271393,83.0570595508899,0,9.3,53.972318400957796,0
9.35,243.01840841589632,92.93586693271835,95.64319885467074,27.99854429878122,0.0,35.0,0.0,418,435,375,435,35.0,NEUTRAL,program,sonic_drive_three_laps.py,function,ec959a186dbd8278df967871b3a34262848e2c5ecc08c20aa12abb30068f0552,右壁追従 | target_deg=0.000,,250.0,137.34286465661447,89.99147933105174,80.7236845412652,82.2591886708473,0,9.35,54.99919937336371,0
9.4,244.41156080350717,92.79820658551485,95.64319885467074,27.998872356524473,0.0,35.0,0.0,418,435,375,435,35.0,NEUTRAL,program,sonic_drive_three_laps.py,function,ec959a186dbd8278df967871b3a34262848e2c5ecc08c20aa12abb30068f0552,右壁追従 | target_deg=0.000,,249.33579016216032,137.9098181339952,90.70040035640183,79.14008472742186,82.33452912811255,0,9.4,55.4324959894818,0
9.45,245.8047272926087,92.66054484491309,95.64319885467074,27.999126482968137,0.0,35.0,0.0,418,435,375,435,35.0,NEUTRAL,program,sonic_drive_three_laps.py,function,ec959a186dbd8278df967871b3a34262848e2c5ecc08c20aa12abb30068f0552,右壁追従 | target_deg=0.000,,250.0,138.0573833270195,88.16931594096978,74.72949590057408,82.49737741637875,0,9.45,54.191651421924185,0
9.5,247.1979047052801,92.5228820249302,95.64319885467074,27.99932333931645,0.0,35.0,0.0,418,435,375,435,35.0,NEUTRAL,program,sonic_drive_three_laps.py,function,ec959a186dbd8278df967871b3a34262848e2c5ecc08c20aa12abb30068f0552,右壁追従 | target_deg=0.000,,248.53597203251022,139.5110688297691,88.3972417029198,74.85921537646723,81.27735306883406,0,9.5,52.95837401561608,0
9.55,248.59109057977875,92.38521836881615,95.64319885467074,27.999475831994157,0.0,35.0,0.0,418,435,375,435,35.0,NEUTRAL,program,sonic_drive_three_laps.py,function,ec959a186dbd8278df967871b3a34262848e2c5ecc08c20aa12abb30068f0552,右壁追従 | target_deg=0.000,,250.0,138.38021061096913,83.87291463175194,71.44107629399802,81.49897585021108,0,9.55,51.73318301846699,0
9.6,249.98428300914193,92.24755406500203,95.64319885467074,27.999593958825997,0.0,35.0,0.0,418,435,375,435,35.0,NEUTRAL,program,sonic_drive_three_laps.py,function,ec959a186dbd8278df967871b3a34262848e2c5ecc08c20aa12abb30068f0552,右壁追従 | target_deg=0.000,,249.11083035269758,139.920219824135,89.69928826145862,68.946713203671,79.47513179708096,0,9.6,50.51664138599296,0
9.65,251.37748051616128,92.10988925945392,95.64319885467074,27.999685464520635,0.0,35.0,0.0,418,435,375,435,35.0,NEUTRAL,program,sonic_drive_three_laps.py,function,ec959a186dbd8278df967871b3a34262848e2c5ecc08c20aa12abb30068f0552,右壁追従 | target_deg=0.000,,250.0,138.72008083789336,85.62723412717983,69.5167416163197,80.14704600526375,0,9.65,49.309360220920105,0
9.7,252.77068195653297,91.9722240652429,95.64319885467074,27.999756348434317,0.0,35.0,0.0,418,435,375,435,35.0,NEUTRAL,program,sonic_drive_three_laps.py,function,ec959a186dbd8278df967871b3a34262848e2c5ecc08c20aa12abb30068f0552,右壁追従 | target_deg=0.000,,250.0,135.3141724539314,88.82805884295979,65.2923824592671,82.77932557687991,0,9.7,48.11200361811839,0
9.75,254.1638864438342,91.83455856995829,95.64319885467074,27.999811257904575,0.0,35.0,0.0,418,435,375,435,35.0,NEUTRAL,program,sonic_drive_three_laps.py,function,ec959a186dbd8278df967871b3a34262848e2c5ecc08c20aa12abb30068f0552,右壁追従 | target_deg=0.000,,249.65858008059612,141.98436826810277,86.34783975201138,65.19971032855749,78.62950705538432,0,9.75,46.9252939551711,0
9.8,255.5570932914071,91.69689284145022,95.64319885467074,27.99985379294204,0.0,35.0,0.0,418,435,375,435,35.0,NEUTRAL,program,sonic_drive_three_laps.py,function,ec959a186dbd8278df967871b3a34262848e2c5ecc08c20aa12abb30068f0552,右壁追従 | target_deg=0.000,,249.42364762422267,133.46409448923757,87.3689302011305,60.809978021161264,78.80194016013294,0,9.8,45.75001766606834,0
9.85,256.9503019673394,91.5592269322781,95.64319885467074,27.99988674225668,0.0,35.0,0.0,418,435,375,435,35.0,NEUTRAL,program,sonic_drive_three_laps.py,function,ec959a186dbd8278df967871b3a34262848e2c5ecc08c20aa12abb30068f0552,右壁追従 | target_deg=0.000,,249.10454588101766,141.00217301109066,86.79547096591418,57.01557893863414,81.66926221209403,0,9.85,44.58703153107563,0
9.9,258.3435120595907,91.42156088315646,95.64319885467074,27.999912266093027,0.0,35.0,0.0,418,435,375,435,35.0,NEUTRAL,program,sonic_drive_three_laps.py,function,ec959a186dbd8278df967871b3a34262848e2c5ecc08c20aa12abb30068f0552,右壁追従 | target_deg=0.000,,248.91310192207595,140.19039275192745,90.83066880169397,56.54071929617498,78.19036621002289,0,9.9,43.43726950895344,0
9.95,259.7367232489785,91.28389472562445,95.64319885467074,27.99993203786154,0.0,35.0,0.0,418,435,375,435,35.0,NEUTRAL,program,sonic_drive_three_laps.py,function,ec959a186dbd8278df967871b3a34262848e2c5ecc08c20aa12abb30068f0552,右壁追従 | target_deg=0.000,,248.45171663555533,138.7088684160273,88.22306349047619,56.78083192119154,80.93681315183315,0,9.95,42.301750127381915,0
10.0,261.12993528825154,91.14622848411348,95.64319885467074,27.99994735385186,0.0,35.0,0.0,418,435,375,435,35.0,NEUTRAL,program,sonic_drive_three_laps.py,function,ec959a186dbd8278df967871b3a34262848e2c5ecc08c20aa12abb30068f0552,右壁追従 | target_deg=0.000,,249.68126824244442,142.51461932791946,90.85851552508755,51.274880489505975,80.01037083657357,0,10.0,41.181584432411164,0
10.05,262.52314798587906,91.00856217754907,95.64319885467074,27.999959218220955,0.0,35.0,0.0,418,435,375,435,35.0,NEUTRAL,program,sonic_drive_three_laps.py,function,ec959a186dbd8278df967871b3a34262848e2c5ecc08c20aa12abb30068f0552,右壁追従 | target_deg=0.000,,249.31742243148784,138.79017051236744,86.42068057497481,48.198502598900504,79.49296184421405,0,10.05,40.07798447646465,0
10.1,263.9163611934939,90.87089582059173,95.64319885467074,27.99996840882836,0.0,35.0,0.0,418,435,375,435,35.0,NEUTRAL,program,sonic_drive_three_laps.py,function,ec959a186dbd8278df967871b3a34262848e2c5ecc08c20aa12abb30068f0552,右壁追従 | target_deg=0.000,,249.36375487266434,143.15833760196765,89.15068395082956,50.03474455319319,80.01672816603804,0,10.1,38.99227229498989,0
10.15,265.19591077741063,90.74570272689336,95.50968599391973,24.21391695005745,2.24,14.0,7.0,392,442,375,435,14.0,NEUTRAL,program,sonic_drive_three_laps.py,function,ec959a186dbd8278df967871b3a34262848e2c5ecc08c20aa12abb30068f0552,仕切り端：検出側から離れて通過 | target_deg=5.585,,248.18319724512978,140.45592366546697,88.68748137491123,44.05064127535701,78.79225119997389,0,10.15,38.016856232273454,0
10.2,266.3130776050008,90.64034710061173,95.24472450109118,21.281092431935352,4.48,14.0,14.0,392,449,375,435,14.0,NEUTRAL,program,sonic_drive_three_laps.py,function,ec959a186dbd8278df967871b3a34262848e2c5ecc08c20aa12abb30068f0552,仕切り端：検出側から離れて通過 | target_deg=11.083,,249.63182978268836,139.96810400354454,87.64765937847501,43.49787953414701,78.63733494982154,0,10.2,37.189313941580345,0
10.25,267.2926527924336,90.55339931138343,94.88190078390204,18.61133374878058,6.72,11.793107508887344,21.0,389,457,375,435,11.793107508887344,NEUTRAL,program,sonic_drive_three_laps.py,function,ec959a186dbd8278df967871b3a34262848e2c5ecc08c20aa12abb30068f0552,仕切り端：検出側から離れて通過 | target_deg=16.413,,249.6857233795714,141.32871380412783,87.80016409041531,38.20690557530521,83.59140257019524,0,10.25,36.48827849516613,0
10.3,268.15819179998545,90.48267306459684,94.44500173089921,16.553689808277998,8.96,11.851104799773152,28.0,389,464,375,435,11.851104799773152,NEUTRAL,program,sonic_drive_three_laps.py,function,ec959a186dbd8278df967871b3a34262848e2c5ecc08c20aa12abb30068f0552,仕切り端：検出側から離れて通過 | target_deg=21.513,,249.0090892481425,138.23796498233244,88.27326721624217,38.33578844394034,79.39549509796262,0,10.3,35.893411616943474,0
10.35,268.9301061449645,90.42591879410335,93.95064590838814,14.776065208274176,11.2,10.832223452696653,35.0,388,471,375,435,10.832223452696653,NEUTRAL,program,sonic_drive_three_laps.py,function,ec959a186dbd8278df967871b3a34262848e2c5ecc08c20aa12abb30068f0552,仕切り端：検出側から離れて通過 | target_deg=26.336,,250.0,138.29549997876276,89.7172012904588,36.071607672659226,77.95225772503075,0,10.35,35.387173734396185,0
10.4,269.62386989553215,90.38120891576195,93.41088414313413,13.332427458809478,13.44,10.462706000227364,42.0,388,479,375,435,10.462706000227364,NEUTRAL,program,sonic_drive_three_laps.py,function,ec959a186dbd8278df967871b3a34262848e2c5ecc08c20aa12abb30068f0552,仕切り端：検出側から離れて通過 | target_deg=30.855,,248.9860805905239,137.43721424802408,92.61285967122683,35.25045777828303,79.02148799114877,0,10.4,34.95608256472805,0
10.45,270.2515979075682,90.34689538513194,92.83467916812265,12.075683463520312,15.68,9.694795927335626,49.0,387,486,375,435,9.694795927335626,NEUTRAL,program,sonic_drive_three_laps.py,function,ec959a186dbd8278df967871b3a34262848e2c5ecc08c20aa12abb30068f0552,仕切り端：検出側から離れて通過 | target_deg=35.060,,250.0,137.65844344333473,88.63510301019416,33.543990949634725,79.48729184885818,0,10.45,34.58946329401202,0
10.5,270.8284768684729,90.321361931721,92.22264052081817,11.203572369666686,17.92,10.257295927335626,56.0,387,493,375,435,10.257295927335626,NEUTRAL,program,sonic_drive_three_laps.py,function,ec959a186dbd8278df967871b3a34262848e2c5ecc08c20aa12abb30068f0552,仕切り端：検出側から離れて通過 | target_deg=38.954,,250.0,135.4607923846621,89.06238540483457,108.67626966918745,77.95869307117536,0,10.5,34.275825335668316,0
10.55,271.3710143826434,90.30335899140049,91.56753092971621,10.629413064395669,20.16,10.819795927335626,63.0,388,501,375,435,10.819795927335626,NEUTRAL,program,sonic_drive_three_laps.py,function,ec959a186dbd8278df967871b3a34262848e2c5ecc08c20aa12abb30068f0552,仕切り端：検出側から離れて通過 | target_deg=42.547,,250.0,132.34488003083297,90.00327564717125,107.9521497347249,80.83835010377355,0,10.55,34.00463812831359,0
10.6,271.8919945494144,90.29227222290795,90.85993235444323,10.286058945025923,22.4,11.382295927335626,70.0,389,508,375,435,11.382295927335626,NEUTRAL,program,sonic_drive_three_laps.py,function,ec959a186dbd8278df967871b3a34262848e2c5ecc08c20aa12abb30068f0552,仕切り端：検出側から離れて通過 | target_deg=45.859,,250.0,129.93082137493187,88.98723888962559,109.18615027831565,78.40191802797584,0,10.6,33.76924320138117,0
10.65,272.4013046714468,90.28777276797514,90.15239023621973,10.121495609535469,22.4,11.944795927335626,70.0,389,508,375,435,11.944795927335626,NEUTRAL,program,sonic_drive_three_laps.py,function,ec959a186dbd8278df967871b3a34262848e2c5ecc08c20aa12abb30068f0552,仕切り端：検出側から離れて通過 | target_deg=45.859,,247.21412607251446,129.31626133223222,88.50914795314362,109.0060870269568,80.78112499464271,0,10.65,33.558995627464896,0
10.7,272.9065861850714,90.28952393717846,89.45046797185302,10.095430654293041,22.4,12.507295927335626,70.0,390,508,375,435,12.507295927335626,NEUTRAL,program,sonic_drive_three_laps.py,function,ec959a186dbd8278df967871b3a34262848e2c5ecc08c20aa12abb30068f0552,仕切り端：検出側から離れて通過 | target_deg=45.859,,249.87316961119504,126.09305918163064,86.71749838563065,113.5187719896361,79.28033559832632,0,10.7,33.36872012686372,0
10.75,273.41374466010706,90.29750729603832,88.74585520413211,10.176651997119967,22.4,13.069795927335626,70.0,391,508,375,435,13.069795927335626,NEUTRAL,program,sonic_drive_three_laps.py,function,ec959a186dbd8278df967871b3a34262848e2c5ecc08c20aa12abb30068f0552,仕切り端：検出側から離れて通過 | target_deg=45.859,,250.0,122.61488405381216,90.98106295682953,111.54909947288678,80.46906049814397,0,10.75,33.19637280607014,0
10.8,273.92733368617996,90.31195195230895,88.03211440317966,10.340981530330156,22.4,13.632295927335626,70.0,392,508,375,435,13.632295927335626,NEUTRAL,program,sonic_drive_three_laps.py,function,ec959a186dbd8278df967871b3a34262848e2c5ecc08c20aa12abb30068f0552,仕切り端：検出側から離れて通過 | target_deg=45.859,,250.0,123.3389976532699,91.16687156507504,110.40384149114325,80.16080754596894,0,10.8,33.041155592054515,0
10.85,274.44979303113877,90.33321992793886,87.3057321499391,10.53457047353886,22.4,14.0,70.0,392,508,375,435,14.0,NEUTRAL,program,sonic_drive_three_laps.py,function,ec959a186dbd8278df967871b3a34262848e2c5ecc08c20aa12abb30068f0552,仕切り端：検出側から離れて通過 | target_deg=45.859,,248.17724068653462,120.0289173379358,90.51033979178189,115.87662330558129,79.25225048289164,0,10.85,32.90348568894884,0
10.9,274.9802877278511,90.36160940120138,86.56773392496433,10.684532090612112,22.4,14.0,70.0,392,508,375,435,14.0,NEUTRAL,program,sonic_drive_three_laps.py,function,ec959a186dbd8278df967871b3a34262848e2c5ecc08c20aa12abb30068f0552,仕切り端：検出側から離れて通過 | target_deg=45.859,,248.76187308291085,116.34369886925913,87.81661856920901,117.68427747912415,82.87231925643728,0,10.9,32.78485034841895,0
10.95,275.5222811954257,90.39743763096502,85.87919627210795,10.980986766960617,20.16,15.0,63.0,393,501,375,435,15.0,NEUTRAL,program,sonic_drive_three_laps.py,function,ec959a186dbd8278df967871b3a34262848e2c5ecc08c20aa12abb30068f0552,右壁追従 | target_deg=42.547,,249.0805685138475,116.71668511150511,87.46239358288172,121.59216703442749,83.05082096384866,0,10.95,32.6751965515049,0
11.0,276.082022592166,90.4409051225742,85.25084484007903,11.390920734506253,17.92,16.0,56.0,395,493,375,435,16.0,NEUTRAL,program,sonic_drive_three_laps.py,function,ec959a186dbd8278df967871b3a34262848e2c5ecc08c20aa12abb30068f0552,右壁追従 | target_deg=38.954,,249.88672912988562,116.6724975898292,87.91120466221763,125.68087465197807,81.48392954601732,0,11.0,32.56984791636278,0
11.05,276.6643411957115,90.49225700766728,84.68109358785796,11.888760228732211,15.68,17.0,49.0,396,486,375,435,17.0,NEUTRAL,program,sonic_drive_three_laps.py,function,ec959a186dbd8278df967871b3a34262848e2c5ecc08c20aa12abb30068f0552,右壁追従 | target_deg=35.060,,247.01575083272414,116.60773473429096,86.86504161394143,122.61387729935672,78.73069089175229,0,11.05,32.46708398871277,0
11.1,277.2729713064839,90.55171289282335,84.17149211346617,12.454694804795798,13.44,18.0,42.0,397,479,375,435,18.0,NEUTRAL,program,sonic_drive_three_laps.py,function,ec959a186dbd8278df967871b3a34262848e2c5ecc08c20aa12abb30068f0552,右壁追従 | target_deg=30.855,,246.29569333980123,111.99048959327274,88.20009820056825,126.95245881348032,80.64430324474571,0,11.1,32.365520012684236,0
11.15,277.91080773132927,90.61939595049931,83.72587365927171,13.07337851217779,11.2,19.0,35.0,398,471,375,435,19.0,NEUTRAL,program,sonic_drive_three_laps.py,function,ec959a186dbd8278df967871b3a34262848e2c5ecc08c20aa12abb30068f0552,右壁追従 | target_deg=26.336,,248.15917399871762,113.89642534983302,87.35124243094683,127.47414700934984,80.32027252045044,0,11.15,32.26391327878713,0
11.2,278.58010597204975,90.6952772995271,83.34975427741853,13.732923773430596,8.96,20.0,28.0,400,464,375,435,20.0,NEUTRAL,program,sonic_drive_three_laps.py,function,ec959a186dbd8278df967871b3a34262848e2c5ecc08c20aa12abb30068f0552,右壁追従 | target_deg=21.513,,249.1692317451326,111.99871492073297,88.95443916905725,129.77056002171284,80.00087718082996,0,11.2,32.16102201938212,0
11.25,279.28263904266026,90.77912978498505,83.04991373995364,14.424122003045273,6.72,21.0,21.0,401,457,375,435,21.0,NEUTRAL,program,sonic_drive_three_laps.py,function,ec959a186dbd8278df967871b3a34262848e2c5ecc08c20aa12abb30068f0552,右壁追従 | target_deg=16.413,,247.03526875856264,113.38830797470607,89.24151037198395,129.4528416672912,80.75226414314014,0,11.25,32.05549911695634,0
11.3,280.0198200444346,90.87048743424528,82.83410837023689,15.139839868141392,4.48,22.0,14.0,402,449,375,435,22.0,NEUTRAL,program,sonic_drive_three_laps.py,function,ec959a186dbd8278df967871b3a34262848e2c5ecc08c20aa12abb30068f0552,右壁追従 | target_deg=11.083,,250.0,111.34861223091563,87.6351535028474,131.51936792250558,79.97610819346329,0,11.3,31.945809574852092,0
11.35,280.7927973959039,90.9686081036197,82.710880062419,15.874551608227982,2.24,23.0,7.0,403,442,375,435,23.0,NEUTRAL,program,sonic_drive_three_laps.py,function,ec959a186dbd8278df967871b3a34262848e2c5ecc08c20aa12abb30068f0552,右壁追従 | target_deg=5.585,,249.98913069674236,109.34907044524938,88.57322769935324,134.66919323198553,81.1070338536023,0,11.35,31.830164550892448,0
11.4,281.6025278350694,91.07243755292974,82.68943592163771,16.623976751677638,0.0,24.0,0.0,405,435,375,435,24.0,NEUTRAL,program,sonic_drive_three_laps.py,function,ec959a186dbd8278df967871b3a34262848e2c5ecc08c20aa12abb30068f0552,右壁追従 | target_deg=0.000,,250.0,110.10456094655703,85.11791496793069,137.7803677282507,80.29641681462097,0,11.4,31.706467034403367,0
11.45,282.44975988377416,91.18112925961469,82.68943592163771,17.384799476644112,0.0,25.0,0.0,406,435,375,435,25.0,NEUTRAL,program,sonic_drive_three_laps.py,function,ec959a186dbd8278df967871b3a34262848e2c5ecc08c20aa12abb30068f0552,右壁追従 | target_deg=0.000,,249.2931837801009,109.32838571955934,87.7123809415429,133.66591099344524,81.35578677114957,0,11.45,31.592766785192353,0
11.5,283.33498830057044,91.29469553413736,82.68943592163771,18.15445121698024,0.0,26.0,0.0,407,435,375,435,26.0,NEUTRAL,program,sonic_drive_three_laps.py,function,ec959a186dbd8278df967871b3a34262848e2c5ecc08c20aa12abb30068f0552,右壁追従 | target_deg=0.000,,247.982710982698,108.20203920324171,87.24244898402738,132.02618979421038,77.94269873545925,0,11.5,31.496495417809008,0
11.55,284.25859134692473,91.4131849037984,82.68943592163771,18.930942260223105,0.0,27.0,0.0,408,435,375,435,27.0,NEUTRAL,program,sonic_drive_three_laps.py,function,ec959a186dbd8278df967871b3a34262848e2c5ecc08c20aa12abb30068f0552,右壁追従 | target_deg=0.000,,250.0,109.1178085333583,87.16157371523666,135.00768445103012,82.02873226250198,0,11.55,31.420799395034933,0
11.6,285.2208620390612,91.53663495975547,82.68943592163771,19.712731296763252,0.0,28.0,0.0,410,435,375,435,28.0,NEUTRAL,program,sonic_drive_three_laps.py,function,ec959a186dbd8278df967871b3a34262848e2c5ecc08c20aa12abb30068f0552,右壁追従 | target_deg=0.000,,249.28878596303025,109.25987562752533,87.40734021826403,134.92266119352013,81.80751513930035,0,11.6,31.368996361258375,0
11.65,286.22202735888334,91.66507482159923,82.68943592163771,20.498624367495303,0.0,29.0,0.0,411,435,375,435,29.0,NEUTRAL,program,sonic_drive_three_laps.py,function,ec959a186dbd8278df967871b3a34262848e2c5ecc08c20aa12abb30068f0552,右壁追従 | target_deg=0.000,,250.0,110.12859425610627,90.27472170604716,133.9864075177341,78.89329246179514,0,11.65,31.344546560342387,0
11.7,287.2622631355099,91.79852704651111,82.68943592163771,21.287696584689662,0.0,30.0,0.0,412,435,375,435,30.0,NEUTRAL,program,sonic_drive_three_laps.py,function,ec959a186dbd8278df967871b3a34262848e2c5ecc08c20aa12abb30068f0552,右壁追従 | target_deg=0.000,,249.24417459825054,108.95598829120055,88.2796880476075,136.8062348186381,81.18905946931338,0,11.7,31.343076711451786,0
11.75,288.3417055730987,91.93700910817186,82.68943592163771,22.079231493897815,0.0,31.0,0.0,413,435,375,435,31.0,NEUTRAL,program,sonic_drive_three_laps.py,function,ec959a186dbd8278df967871b3a34262848e2c5ecc08c20aa12abb30068f0552,右壁追従 | target_deg=0.000,,250.0,107.1551323203258,88.07561027281051,134.70628219727638,76.74541893153295,0,11.75,31.343076711451808,0
11.8,289.4604601807529,92.0805345423826,82.68943592163771,22.87267410129689,0.0,32.0,0.0,415,435,375,435,32.0,NEUTRAL,program,sonic_drive_three_laps.py,function,ec959a186dbd8278df967871b3a34262848e2c5ecc08c20aa12abb30068f0552,右壁追従 | target_deg=0.000,,250.0,105.88709694457567,86.79546778631827,136.80840187307686,70.46245273118144,0,11.8,31.3430767114518,0
11.85,290.61860868997763,92.2291138345077,82.68943592163771,23.667594486821397,0.0,33.0,0.0,416,435,375,435,33.0,NEUTRAL,program,sonic_drive_three_laps.py,function,ec959a186dbd8278df967871b3a34262848e2c5ecc08c20aa12abb30068f0552,右壁追従 | target_deg=0.000,,248.61487663039821,107.24296273936115,87.78064971734035,135.99779108322866,59.418342459670114,0,11.85,31.343076711451786,0
11.9,291.8162144132145,92.38275510692331,82.68943592163771,24.463659617462493,0.0,34.0,0.0,417,435,375,435,34.0,NEUTRAL,program,sonic_drive_three_laps.py,function,ec959a186dbd8278df967871b3a34262848e2c5ecc08c20aa12abb30068f0552,右壁追従 | target_deg=0.000,,250.0,107.30297910625755,84.34008381735637,135.06326680532518,51.021912351485646,0,11.9,31.3430767114518,0
11.95,293.0533263947736,92.54146465154173,82.68943592163771,25.26061151273992,0.0,35.0,0.0,418,435,375,435,35.0,NEUTRAL,program,sonic_drive_three_laps.py,function,ec959a186dbd8278df967871b3a34262848e2c5ecc08c20aa12abb30068f0552,右壁追従 | target_deg=0.000,,250.0,108.50614281011562,87.26064127120317,134.7433708002971,32.40996011809878,0,11.95,31.343076711451786,0
12.0,294.32237050511833,92.70486908354951,82.6357013728549,25.80665417573409,0.7232359868939195,34.60448031966739,2.2601124590434987,418,437,375,435,34.60448031966739,NEUTRAL,program,sonic_drive_three_laps.py,function,ec959a186dbd8278df967871b3a34262848e2c5ecc08c20aa12abb30068f0552,右壁追従 | target_deg=1.808,,249.82740589803112,108.18386231132199,84.01338178169912,138.17781387453869,32.24122585483397,0,12.0,31.349417314839172,0
12.05,295.61440422867815,92.87256155610852,82.57419028003142,26.22182023451057,0.8025510030562407,34.56110492020362,2.507971884550752,418,437,375,435,34.56110492020362,NEUTRAL,program,sonic_drive_three_laps.py,function,ec959a186dbd8278df967871b3a34262848e2c5ecc08c20aa12abb30068f0552,右壁追従 | target_deg=2.006,,248.82717128506755,108.7669457684888,87.53349536412799,134.2264630786969,31.664628832458618,0,12.05,31.355249510401975,0
12.1,296.9239486257202,93.04399230741691,82.50959885843918,26.54058487898906,0.8313488320371136,34.545356107479705,2.5979651001159803,418,437,375,435,34.545356107479705,NEUTRAL,program,sonic_drive_three_laps.py,function,ec959a186dbd8278df967871b3a34262848e2c5ecc08c20aa12abb30068f0552,右壁追従 | target_deg=2.078,,248.69207735393474,106.77242330668,87.4761326085417,137.9491618020537,33.443841615144564,0,12.1,31.35984053383362,0
12.15,298.2494958045029,93.21832433955929,82.50745141373159,26.86947958958579,0.0,35.0,0.0,418,435,375,435,35.0,NEUTRAL,program,sonic_drive_three_laps.py,function,ec959a186dbd8278df967871b3a34262848e2c5ecc08c20aa12abb30068f0552,右壁追従 | target_deg=0.000,,250.0,106.07753223654208,87.57954249996227,136.43741400846926,84.62900080286678,0,12.15,31.359963307867105,0
12.2,299.5891274634601,93.39451295529122,82.50745141373159,27.12425438111277,0.0,35.0,0.0,418,435,375,435,35.0,NEUTRAL,program,sonic_drive_three_laps.py,function,ec959a186dbd8278df967871b3a34262848e2c5ecc08c20aa12abb30068f0552,右壁追従 | target_deg=0.000,,250.0,106.49837700297643,86.61498458137268,138.62452136457483,82.98350573373291,0,12.2,31.359963307867105,0
12.25,300.9396699348658,93.57213656319355,82.50745141373159,27.32161296520141,0.0,35.0,0.0,418,435,375,435,35.0,NEUTRAL,program,sonic_drive_three_laps.py,function,ec959a186dbd8278df967871b3a34262848e2c5ecc08c20aa12abb30068f0552,右壁追従 | target_deg=0.000,,250.0,105.93842406071529,85.51911640040092,138.71663094174053,89.13766419203907,0,12.25,31.359963307867126,0
12.3,302.29866435115656,93.75087177252719,82.50745141373159,27.47449469451233,0.0,35.0,0.0,418,435,375,435,35.0,NEUTRAL,program,sonic_drive_three_laps.py,function,ec959a186dbd8278df967871b3a34262848e2c5ecc08c20aa12abb30068f0552,右壁追従 | target_deg=0.000,,249.14365639526028,105.05054465581837,87.34278222883401,137.02532464158747,80.09861400548509,0,12.3,31.359963307867126,0
12.35,303.6642059767113,93.93046807209365,82.50745141373159,27.592922901043238,0.0,35.0,0.0,418,435,375,435,35.0,NEUTRAL,program,sonic_drive_three_laps.py,function,ec959a186dbd8278df967871b3a34262848e2c5ecc08c20aa12abb30068f0552,右壁追従 | target_deg=0.000,,246.92433575877007,104.2008786876954,86.42642725554879,139.1593539981853,87.32358114035179,0,12.35,31.359963307867105,0
12.4,305.0348193283277,94.11073140605588,82.50745141373159,27.68466205238162,0.0,35.0,0.0,418,435,375,435,35.0,NEUTRAL,program,sonic_drive_three_laps.py,function,ec959a186dbd8278df967871b3a34262848e2c5ecc08c20aa12abb30068f0552,右壁追従 | target_deg=0.000,,250.0,107.17886862677571,86.61778267061206,134.2236779417341,83.43120668872756,0,12.4,31.359963307867098,0
12.45,306.4093614386272,94.29151145112247,82.50745141373159,27.755726810810508,0.0,35.0,0.0,418,435,375,435,35.0,NEUTRAL,program,sonic_drive_three_laps.py,function,ec959a186dbd8278df967871b3a34262848e2c5ecc08c20aa12abb30068f0552,右壁追従 | target_deg=0.000,,249.43294927984553,105.13282914385582,86.31828373668546,140.7580538018199,87.10896113661079,0,12.45,31.359963307867112,0
12.5,307.7869469200791,94.47269176095358,82.50745141373159,27.8107763705337,0.0,35.0,0.0,418,435,375,435,35.0,NEUTRAL,program,sonic_drive_three_laps.py,function,ec959a186dbd8278df967871b3a34262848e2c5ecc08c20aa12abb30068f0552,右壁追従 | target_deg=0.000,,250.0,107.43557821017937,84.163785865719,137.10796072372298,88.2203347642059,0,12.5,31.35996330786712,0
12.55,309.1668899166443,94.65418213162984,82.50745141373159,27.853419926815526,0.0,35.0,0.0,418,435,375,435,35.0,NEUTRAL,program,sonic_drive_three_laps.py,function,ec959a186dbd8278df967871b3a34262848e2c5ecc08c20aa12abb30068f0552,右壁追従 | target_deg=0.000,,247.6024942227199,107.37405450098156,86.58824875263247,135.81950287074096,86.93755996413714,0,12.55,31.359963307867126,0
12.6,310.5486591372325,94.83591268764397,82.50745141373159,27.886453304403027,0.0,35.0,0.0,418,435,375,435,35.0,NEUTRAL,program,sonic_drive_three_laps.py,function,ec959a186dbd8278df967871b3a34262848e2c5ecc08c20aa12abb30068f0552,右壁追従 | target_deg=0.000,,249.34711542732197,104.90256290785443,84.81952756731629,136.12212423047,83.80947317282846,0,12.6,31.359963307867133,0
12.65,311.931843022848,95.01782930067696,82.50745141373159,27.912042259217824,0.0,35.0,0.0,418,435,375,435,35.0,NEUTRAL,program,sonic_drive_three_laps.py,function,ec959a186dbd8278df967871b3a34262848e2c5ecc08c20aa12abb30068f0552,右壁追従 | target_deg=0.000,,249.34616187767094,105.24206355207566,86.13200437065022,129.33025139712936,85.79316358509014,0,12.65,31.359963307867112,0
12.7,313.3161227636893,95.19989004080193,82.50745141373159,27.93186447106339,0.0,35.0,0.0,418,435,375,435,35.0,NEUTRAL,program,sonic_drive_three_laps.py,function,ec959a186dbd8278df967871b3a34262848e2c5ecc08c20aa12abb30068f0552,右壁追従 | target_deg=0.000,,248.30140260616866,100.37239860471125,82.60449272778689,128.09552363368016,85.49908989694654,0,12.7,31.35996330786712,0
12.75,314.70125139713286,95.38206242744667,82.50745141373159,27.94721953676631,0.0,35.0,0.0,418,435,375,435,35.0,NEUTRAL,program,sonic_drive_three_laps.py,function,ec959a186dbd8278df967871b3a34262848e2c5ecc08c20aa12abb30068f0552,右壁追従 | target_deg=0.000,,250.0,104.90632948378521,83.39627318426594,129.9720572683512,84.42600637423824,0,12.75,31.364343550623815,0
12.8,316.08703761620734,95.5643212998812,82.50745141373159,27.95911417519405,0.0,35.0,0.0,418,435,375,435,35.0,NEUTRAL,program,sonic_drive_three_laps.py,function,ec959a186dbd8278df967871b3a34262848e2c5ecc08c20aa12abb30068f0552,右壁追従 | target_deg=0.000,,250.0,105.13267008476475,83.8550894948777,127.6853643476684,86.84986807564299,0,12.8,31.415629671569626,0
12.85,317.47333322700086,95.74664716761343,82.50745141373159,27.968328230416216,0.0,35.0,0.0,418,435,375,435,35.0,NEUTRAL,program,sonic_drive_three_laps.py,function,ec959a186dbd8278df967871b3a34262848e2c5ecc08c20aa12abb30068f0552,右壁追従 | target_deg=0.000,,250.0,103.08258623118691,81.76966826488344,124.99676657920318,83.72521854929842,0,12.85,31.524355744207803,0
12.9,318.8600234326749,95.92902493254093,82.50745141373159,27.975465800351852,0.0,35.0,0.0,418,435,375,435,35.0,NEUTRAL,program,sonic_drive_three_laps.py,function,ec959a186dbd8278df967871b3a34262848e2c5ecc08c20aa12abb30068f0552,右壁追従 | target_deg=0.000,,249.32558063153206,105.32867980547357,79.25000670692879,123.61565610824587,86.69545681985191,0,12.9,31.69002077059998,0
12.95,320.24701930707863,96.11144289907907,82.50745141373159,27.9809948430326,0.0,35.0,0.0,418,435,375,435,35.0,NEUTRAL,program,sonic_drive_three_laps.py,function,ec959a186dbd8278df967871b3a34262848e2c5ecc08c20aa12abb30068f0552,右壁追従 | target_deg=0.000,,249.30712025087698,102.41874149463074,82.55258223272665,120.84868062632498,86.18984654214124,0,12.95,31.91183494455796,0
13.0,321.6342519645148,96.29389200736759,82.50745141373159,27.985277857173433,0.0,35.0,0.0,418,435,375,435,35.0,NEUTRAL,program,sonic_drive_three_laps.py,function,ec959a186dbd8278df967871b3a34262848e2c5ecc08c20aa12abb30068f0552,右壁追従 | target_deg=0.000,,250.0,105.16591584838476,79.87858016136641,118.4539644851285,88.70839537210838,0,13.0,32.18874336249686,0
13.05,323.0216680434101,96.47636523928199,82.50745141373159,27.988595648550675,0.0,35.0,0.0,418,435,375,435,35.0,NEUTRAL,program,sonic_drive_three_laps.py,function,ec959a186dbd8278df967871b3a34262848e2c5ecc08c20aa12abb30068f0552,右壁追従 | target_deg=0.000,,250.0,104.78990838039499,83.44488780232422,116.56477760741038,87.82273638780502,0,13.05,32.51945400352496,0
13.1,324.409226207789,96.65885715830676,82.50745141373159,27.991165740374083,0.0,35.0,0.0,418,435,375,435,35.0,NEUTRAL,program,sonic_drive_three_laps.py,function,ec959a186dbd8278df967871b3a34262848e2c5ecc08c20aa12abb30068f0552,右壁追従 | target_deg=0.000,,249.4345282062236,102.38361044711692,80.33787166481136,114.66227854523636,88.010224207413,0,13.1,32.902468891092184,0
13.15,325.7968944371774,96.84136355310294,82.50745141373159,27.993156634685903,0.0,35.0,0.0,418,435,375,435,35.0,NEUTRAL,program,sonic_drive_three_laps.py,function,ec959a186dbd8278df967871b3a34262848e2c5ecc08c20aa12abb30068f0552,右壁追従 | target_deg=0.000,,248.0496229733954,99.78786277715038,85.15709486129876,116.27501113329974,86.65120130705606,0,13.15,33.33611720084609,0
13.2,327.1846479272555,97.02388116140159,82.50745141373159,27.994698859802035,0.0,35.0,0.0,418,435,375,435,35.0,NEUTRAL,program,sonic_drive_three_laps.py,function,ec959a186dbd8278df967871b3a34262848e2c5ecc08c20aa12abb30068f0552,右壁追従 | target_deg=0.000,,250.0,100.83856459786078,82.60144924729501,110.200167210008,89.09015264367089,0,13.2,33.81858905648159,0
13.25,328.5724674636206,97.20640745612069,82.50745141373159,27.995893528094925,0.0,35.0,0.0,418,435,375,435,35.0,NEUTRAL,program,sonic_drive_three_laps.py,function,ec959a186dbd8278df967871b3a34262848e2c5ecc08c20aa12abb30068f0552,右壁追従 | target_deg=0.000,,250.0,98.64005281998806,78.24689302311509,115.32370698096999,85.39916059582913,0,13.25,34.34796883772831,0
13.3,329.9603381620399,97.38894047968309,82.50745141373159,27.996818965189107,0.0,35.0,0.0,418,435,375,435,35.0,NEUTRAL,program,sonic_drive_three_laps.py,function,ec959a186dbd8278df967871b3a34262848e2c5ecc08c20aa12abb30068f0552,右壁追従 | target_deg=0.000,,250.0,100.9686978951716,83.24675166579674,107.79202976780056,88.03868642140931,0,13.3,34.92226698498307,0
13.35,331.34824849260053,97.57147871567241,82.50745141373159,27.997535845197042,0.0,35.0,0.0,418,435,375,435,35.0,NEUTRAL,program,sonic_drive_three_laps.py,function,ec959a186dbd8278df967871b3a34262848e2c5ecc08c20aa12abb30068f0552,右壁追従 | target_deg=0.000,,248.09354441958473,99.90024186986314,81.60813154118163,109.80453634738251,87.05987330216415,0,13.35,35.539449493433054,0
13.4,332.7361895237782,97.75402098941285,82.50745141373159,27.998091168675,0.0,35.0,0.0,418,435,375,435,35.0,NEUTRAL,program,sonic_drive_three_laps.py,function,ec959a186dbd8278df967871b3a34262848e2c5ecc08c20aa12abb30068f0552,右壁追従 | target_deg=0.000,,248.80575958996607,101.78807412536487,82.28806867167796,103.9992881007046,88.4784851118019,0,13.4,36.19746451732743,0
13.45,334.12415433686255,97.93656639095428,82.50745141373159,27.998521344104304,0.0,35.0,0.0,418,435,375,435,35.0,NEUTRAL,program,sonic_drive_three_laps.py,function,ec959a186dbd8278df967871b3a34262848e2c5ecc08c20aa12abb30068f0552,右壁追従 | target_deg=0.000,,250.0,101.17992600573962,83.47675641917557,101.52215509450164,86.63278039495664,0,13.45,36.89426572849551,0
13.5,335.51213757234814,98.1191142154135,82.50745141373159,27.998854574928,0.0,35.0,0.0,418,435,375,435,35.0,NEUTRAL,program,sonic_drive_three_laps.py,function,ec959a186dbd8278df967871b3a34262848e2c5ecc08c20aa12abb30068f0552,右壁追従 | target_deg=0.000,,247.50729623556438,100.20146398087583,78.45899608671492,102.93216321101677,87.5206653108974,0,13.5,37.62783227478467,0
13.55,336.900135078551,98.30166391676022,82.50745141373159,27.999112708643448,0.0,35.0,0.0,418,435,375,435,35.0,NEUTRAL,program,sonic_drive_three_laps.py,function,ec959a186dbd8278df967871b3a34262848e2c5ecc08c20aa12abb30068f0552,右壁追従 | target_deg=0.000,,248.02237180016476,101.12841264213478,79.88744310015313,101.92831612137199,88.42810648387864,0,13.55,38.396185352988596,0
13.6,338.2881436394133,98.4842150720179,82.50745141373159,27.99931266918225,0.0,35.0,0.0,418,435,375,435,35.0,NEUTRAL,program,sonic_drive_three_laps.py,function,ec959a186dbd8278df967871b3a34262848e2c5ecc08c20aa12abb30068f0552,右壁追従 | target_deg=0.000,,250.0,101.19682094982717,83.08334302073514,98.56056414717858,90.03027296108618,0,13.6,39.19740154225774,0
13.65,339.6761607636501,98.66676735353224,82.50745141373159,27.999467566488118,0.0,35.0,0.0,418,435,375,435,35.0,NEUTRAL,program,sonic_drive_three_laps.py,function,ec959a186dbd8278df967871b3a34262848e2c5ecc08c20aa12abb30068f0552,右壁追従 | target_deg=0.000,,248.5297088719075,99.75414109289655,80.48881112130694,94.59545068808208,88.34374506841293,0,13.65,40.02962313789589,0
13.7,341.06418452141384,98.84932050748935,82.50745141373159,27.999587556039604,0.0,35.0,0.0,418,435,375,435,35.0,NEUTRAL,program,sonic_drive_three_laps.py,function,ec959a186dbd8278df967871b3a34262848e2c5ecc08c20aa12abb30068f0552,右壁追従 | target_deg=0.000,,250.0,97.41842276888372,77.3714857145229,95.56034074517247,88.05752866168882,0,13.7,40.89106578511889,0
13.75,342.4522134177687,99.03187433727496,82.50745141373159,27.999680504670216,0.0,35.0,0.0,418,435,375,435,35.0,NEUTRAL,program,sonic_drive_three_laps.py,function,ec959a186dbd8278df967871b3a34262848e2c5ecc08c20aa12abb30068f0552,右壁追従 | target_deg=0.000,,250.0,98.25650196771092,80.12468576788997,90.90945962919925,89.9919583343092,0,13.75,41.78002374297619,0
13.8,343.8402462946786,99.21442869058393,82.50745141373159,27.999752506338908,0.0,35.0,0.0,418,435,375,435,35.0,NEUTRAL,program,sonic_drive_three_laps.py,function,ec959a186dbd8278df967871b3a34262848e2c5ecc08c20aa12abb30068f0552,右壁追従 | target_deg=0.000,,250.0,99.30405537870085,75.96069878953553,88.55972700750105,94.63429809889121,0,13.8,42.69487311619672,0
13.85,345.2282822550832,99.39698344943471,82.50745141373159,27.9998082816662,0.0,35.0,0.0,418,435,375,435,35.0,NEUTRAL,program,sonic_drive_three_laps.py,function,ec959a186dbd8278df967871b3a34262848e2c5ecc08c20aa12abb30068f0552,右壁追従 | target_deg=0.000,,247.81465079995326,97.41712552586516,77.34249183828597,89.70920833420301,88.0473051475699,0,13.85,43.63407338315578,0
13.9,346.61632060408414,99.57953852243415,82.50745141373159,27.999851487430625,0.0,35.0,0.0,418,435,375,435,35.0,NEUTRAL,program,sonic_drive_three_laps.py,function,ec959a186dbd8278df967871b3a34262848e2c5ecc08c20aa12abb30068f0552,右壁追従 | target_deg=0.000,,248.37051567849144,97.94270902581383,79.53927500302291,86.51146671289911,91.90641243776741,0,13.9,44.59616752684255,0
13.95,348.00436080338585,99.7620938387855,82.50745141373159,27.999884956316773,0.0,35.0,0.0,418,435,375,435,35.0,NEUTRAL,program,sonic_drive_three_laps.py,function,ec959a186dbd8278df967871b3a34262848e2c5ecc08c20aa12abb30068f0552,右壁追従 | target_deg=0.000,,247.47044524577126,98.20623082166611,77.87010855712118,84.83583341000701,88.75397767022622,0,13.95,45.57978104715748,0
14.0,349.3924024360034,99.94464934364684,82.50745141373159,27.999910882633664,0.0,35.0,0.0,418,435,375,435,35.0,NEUTRAL,program,sonic_drive_three_laps.py,function,ec959a186dbd8278df967871b3a34262848e2c5ecc08c20aa12abb30068f0552,右壁追従 | target_deg=0.000,,249.42885249801853,97.90965945375706,80.31909329212579,84.30418458382368,90.45755237218047,0,14.0,46.5836201006742,0
14.05,350.7804451789238,100.12720499453545,82.50745141373159,27.999930966179456,0.0,35.0,0.0,418,435,375,435,35.0,NEUTRAL,program,sonic_drive_three_laps.py,function,ec959a186dbd8278df967871b3a34262848e2c5ecc08c20aa12abb30068f0552,右壁追従 | target_deg=0.000,,250.0,96.02016810110149,79.5683653359076,84.0166788610686,88.37649523298772,0,14.05,47.606468980839836,0
14.1,352.1684887819285,100.3097607585425,82.50745141373159,27.99994652368472,0.0,35.0,0.0,418,435,375,435,35.0,NEUTRAL,program,sonic_drive_three_laps.py,function,ec959a186dbd8278df967871b3a34262848e2c5ecc08c20aa12abb30068f0552,右壁追従 | target_deg=0.000,,250.0,98.18728955700792,79.83029644428662,81.53997439725896,91.34108206269025,0,14.1,48.64718711935065,0
14.15,353.55653305118835,100.49231661017555,82.50745141373159,27.999958575140802,0.0,35.0,0.0,418,435,375,435,35.0,NEUTRAL,program,sonic_drive_three_laps.py,function,ec959a186dbd8278df967871b3a34262848e2c5ecc08c20aa12abb30068f0552,右壁追従 | target_deg=0.000,,250.0,96.98921076945959,81.26078896602203,79.71177852469063,88.74121910017985,0,14.15,49.70470575934852,0
14.2,354.94457783655565,100.67487252968715,82.50745141373159,27.99996791067316,0.0,35.0,0.0,418,435,375,435,35.0,NEUTRAL,program,sonic_drive_three_laps.py,function,ec959a186dbd8278df967871b3a34262848e2c5ecc08c20aa12abb30068f0552,右壁追従 | target_deg=0.000,,249.91862792568315,97.72800826051098,77.36111963012198,77.43889618559663,93.57807831970254,0,14.2,50.77802442385194,0
14.25,356.33262302172017,100.85742850178015,82.50745141373159,27.99997514234406,0.0,35.0,0.0,418,435,375,435,35.0,NEUTRAL,program,sonic_drive_three_laps.py,function,ec959a186dbd8278df967871b3a34262848e2c5ecc08c20aa12abb30068f0552,右壁追従 | target_deg=0.000,,249.33273901335662,93.54463769363387,79.0351873423827,75.73539423138875,91.76085310843946,0,14.25,51.86620727878771,0
14.3,357.72066851658326,101.03998451460478,82.50745141373159,27.999980744281057,0.0,35.0,0.0,418,435,375,435,35.0,NEUTRAL,program,sonic_drive_three_laps.py,function,ec959a186dbd8278df967871b3a34262848e2c5ecc08c20aa12abb30068f0552,右壁追従 | target_deg=0.000,,245.87451384211596,95.7801993933493,77.24631805472185,73.96691042817838,92.21625149270476,0,14.3,52.968379469179986,0
14.35,359.10871425135116,101.22254055898173,82.50745141373159,27.999985083762002,0.0,35.0,0.0,418,435,375,435,35.0,NEUTRAL,program,sonic_drive_three_laps.py,function,ec959a186dbd8278df967871b3a34262848e2c5ecc08c20aa12abb30068f0552,右壁追従 | target_deg=0.000,,250.0,95.9303966706168,77.7722049038032,73.5232832212922,92.5218056704419,0,14.35,54.08372348935965,0
14.4,360.4967601719588,101.40509662780035,82.50745141373159,27.99998844529479,0.0,35.0,0.0,418,435,375,435,35.0,NEUTRAL,program,sonic_drive_three_laps.py,function,ec959a186dbd8278df967871b3a34262848e2c5ecc08c20aa12abb30068f0552,右壁追従 | target_deg=0.000,,250.0,94.17851000761506,78.75881548778533,67.33718097787057,92.62094426202769,0,14.4,55.21147563323798,0
14.45,361.88480623652504,101.58765271555244,82.50745141373159,27.999991049270434,0.0,35.0,0.0,418,435,375,435,35.0,NEUTRAL,program,sonic_drive_three_laps.py,function,ec959a186dbd8278df967871b3a34262848e2c5ecc08c20aa12abb30068f0552,右壁追従 | target_deg=0.000,,250.0,95.15906058172136,79.13000448440607,69.24205793639133,93.37333109999827,0,14.45,56.350922558456126,0
14.5,363.27285241260745,101.77020881797117,82.50745141373159,27.999993066412483,0.0,35.0,0.0,418,435,375,435,35.0,NEUTRAL,program,sonic_drive_three_laps.py,function,ec959a186dbd8278df967871b3a34262848e2c5ecc08c20aa12abb30068f0552,右壁追従 | target_deg=0.000,,248.35501847076253,93.14649806940295,77.46508879121829,68.14924347681733,91.64389210942304,0,14.5,57.50139798825516,0
14.55,364.66089867507463,101.95276493175123,82.50745141373159,27.99999462897013,0.0,35.0,0.0,418,435,375,435,35.0,NEUTRAL,program,sonic_drive_three_laps.py,function,ec959a186dbd8278df967871b3a34262848e2c5ecc08c20aa12abb30068f0552,右壁追従 | target_deg=0.000,,250.0,93.62770123846957,79.58922567565028,153.14870122506926,92.39574753495135,0,14.55,58.662279566896736,0
14.6,366.0489450044588,102.13532105433224,82.50745141373159,27.999995839388802,0.0,35.0,0.0,418,435,375,435,35.0,NEUTRAL,program,sonic_drive_three_laps.py,function,ec959a186dbd8278df967871b3a34262848e2c5ecc08c20aa12abb30068f0552,右壁追従 | target_deg=0.000,,250.0,94.0550560894145,75.54986959922225,152.05909172814393,95.25472811612573,0,14.6,59.83298587811104,0
14.65,367.43699138567956,102.3178771837308,82.50745141373159,27.99999677702676,0.0,35.0,0.0,418,435,375,435,35.0,NEUTRAL,program,sonic_drive_three_laps.py,function,ec959a186dbd8278df967871b3a34262848e2c5ecc08c20aa12abb30068f0552,右壁追従 | target_deg=0.000,,249.79386921586485,95.04106464243237,74.97470278527541,151.3746695161061,92.88154684761889,0,14.65,61.01297363107768,0
14.7,368.82503780705497,102.5004333184105,82.50745141373159,27.99999750335804,0.0,35.0,0.0,418,435,375,435,35.0,NEUTRAL,program,sonic_drive_three_laps.py,function,ec959a186dbd8278df967871b3a34262848e2c5ecc08c20aa12abb30068f0552,右壁追従 | target_deg=0.000,,248.2895785889463,96.19503512891208,76.62774635349555,152.22703487340183,93.4997137622662,0,14.7,61.43354888835611,0
14.75,370.2130842595358,102.6829894571812,82.50745141373159,27.999998066002842,0.0,35.0,0.0,418,435,375,435,35.0,NEUTRAL,program,sonic_drive_three_laps.py,function,ec959a186dbd8278df967871b3a34262848e2c5ecc08c20aa12abb30068f0552,右壁追従 | target_deg=0.000,,250.0,94.9124031256939,73.85696319780834,152.45640183544836,93.65429596459471,0,14.75,60.57138689147406,0
14.8,371.60113073611194,102.86554559912092,82.50745141373159,27.99999850184966,0.0,35.0,0.0,418,435,375,435,35.0,NEUTRAL,program,sonic_drive_three_laps.py,function,ec959a186dbd8278df967871b3a34262848e2c5ecc08c20aa12abb30068f0552,右壁追従 | target_deg=0.000,,250.0,93.47890544532761,77.2179681815499,152.74239010312607,91.19912005850499,0,14.8,59.72877961976717,0
14.85,372.98917723135344,103.0481017435155,82.50745141373159,27.99999883947376,0.0,35.0,0.0,418,435,375,435,35.0,NEUTRAL,program,sonic_drive_three_laps.py,function,ec959a186dbd8278df967871b3a34262848e2c5ecc08c20aa12abb30068f0552,右壁追従 | target_deg=0.000,,250.0,93.5305188322637,76.21982268373107,153.55326963994585,93.43983399492271,0,14.85,58.90653206059281,0
14.9,374.3772237410538,103.23065788981171,82.50745141373159,27.999999101010687,0.0,35.0,0.0,418,435,375,435,35.0,NEUTRAL,program,sonic_drive_three_laps.py,function,ec959a186dbd8278df967871b3a34262848e2c5ecc08c20aa12abb30068f0552,右壁追従 | target_deg=0.000,,249.25506286938347,92.17784284496572,75.33448902837685,153.31080141603138,94.2264837820242,0,14.9,58.105472897186374,0
14.95,375.7652702619546,103.41321403758101,82.50745141373159,27.99999930360748,0.0,35.0,0.0,418,435,375,435,35.0,NEUTRAL,program,sonic_drive_three_laps.py,function,ec959a186dbd8278df967871b3a34262848e2c5ecc08c20aa12abb30068f0552,右壁追従 | target_deg=0.000,,250.0,95.8389316095922,75.3531238930303,154.98529034402554,95.17705161951446,0,14.95,57.32645325817527,0
15.0,377.1533167915316,103.59577018649142,82.50745141373159,27.999999460546935,0.0,35.0,0.0,418,435,375,435,35.0,NEUTRAL,program,sonic_drive_three_laps.py,function,ec959a186dbd8278df967871b3a34262848e2c5ecc08c20aa12abb30068f0552,右壁追従 | target_deg=0.000,,246.5062455985012,91.77137851214928,74.49374835101999,154.04559914204398,95.1905752773879,0,15.0,56.57034512381434,0
15.05,378.54136332782963,103.77832633628577,82.50745141373159,27.999999582118416,0.0,35.0,0.0,418,435,375,435,35.0,NEUTRAL,program,sonic_drive_three_laps.py,function,ec959a186dbd8278df967871b3a34262848e2c5ecc08c20aa12abb30068f0552,右壁追従 | target_deg=0.000,,249.77909875287645,93.46048596785907,76.32967581886822,154.83841121086397,91.7131805115358,0,15.05,55.83803935739674,0
15.1,379.929409869334,103.96088248676486,82.50745141373159,27.999999676292475,0.0,35.0,0.0,418,435,375,435,35.0,NEUTRAL,program,sonic_drive_three_laps.py,function,ec959a186dbd8278df967871b3a34262848e2c5ecc08c20aa12abb30068f0552,右壁追従 | target_deg=0.000,,246.8949033963366,94.66549112297744,77.7975977252541,156.24289550696582,95.46623638899202,0,15.1,55.1304433320869,0
15.15,381.3174564148714,104.14343863777437,82.50745141373159,27.999999749243408,0.0,35.0,0.0,418,435,375,435,35.0,NEUTRAL,program,sonic_drive_three_laps.py,function,ec959a186dbd8278df967871b3a34262848e2c5ecc08c20aa12abb30068f0552,右壁追従 | target_deg=0.000,,249.71721733808275,92.62270235685182,75.79635535806682,155.26503262413797,95.52577155081964,0,15.15,54.44847812644484,0
15.2,382.7055029635329,104.32599478919475,82.50745141373159,27.999999805754072,0.0,35.0,0.0,418,435,375,435,35.0,NEUTRAL,program,sonic_drive_three_laps.py,function,ec959a186dbd8278df967871b3a34262848e2c5ecc08c20aa12abb30068f0552,右壁追従 | target_deg=0.000,,250.0,92.89991235611807,75.16347992201692,153.1807996548087,92.89400091263397,0,15.2,53.793075266346186,0
15.25,384.0935495146145,104.50855094093343,82.50745141373159,27.999999849529456,0.0,35.0,0.0,418,435,375,435,35.0,NEUTRAL,program,sonic_drive_three_laps.py,function,ec959a186dbd8278df967871b3a34262848e2c5ecc08c20aa12abb30068f0552,右壁追従 | target_deg=0.000,,248.86492017477798,90.46822450150816,73.6428521406206,158.84653473989957,92.68629907600345,0,15.25,53.165172997010124,0
15.3,385.4815960675709,104.69110709291867,82.50745141373159,27.999999883439592,0.0,35.0,0.0,418,435,375,435,35.0,NEUTRAL,program,sonic_drive_three_laps.py,function,ec959a186dbd8278df967871b3a34262848e2c5ecc08c20aa12abb30068f0552,右壁追従 | target_deg=0.000,,249.56177581498193,93.74347806212998,72.73550079322821,154.3324927211361,96.33010310973025,0,15.3,52.565712076551016,0
15.35,386.86964262197944,104.87366324509493,82.50745141373159,27.99999990970772,0.0,35.0,0.0,418,435,375,435,35.0,NEUTRAL,program,sonic_drive_three_laps.py,function,ec959a186dbd8278df967871b3a34262848e2c5ecc08c20aa12abb30068f0552,右壁追従 | target_deg=0.000,,249.76341396044086,90.35659057375989,76.60402512389896,151.79007781793717,95.44287704611526,0,15.35,51.99563109193691,0
15.4,388.25768917751293,105.05621939741913,82.50745141373159,27.999999930056045,0.0,35.0,0.0,418,435,375,435,35.0,NEUTRAL,program,sonic_drive_three_laps.py,function,ec959a186dbd8278df967871b3a34262848e2c5ecc08c20aa12abb30068f0552,右壁追従 | target_deg=0.000,,249.83545800047239,92.9042091600921,74.40905903825475,158.79507306913385,94.54294625232176,0,15.4,51.45586130945641,0
15.45,389.6457357339178,105.23877554985793,82.50745141373159,27.99999994581866,0.0,35.0,0.0,418,435,375,435,35.0,NEUTRAL,program,sonic_drive_three_laps.py,function,ec959a186dbd8278df967871b3a34262848e2c5ecc08c20aa12abb30068f0552,右壁追従 | target_deg=0.000,,249.24243095916995,95.05828270714908,73.70071586961997,157.35883792602124,97.15329190114707,0,15.45,50.94732108466441,0
15.5,391.03378229099775,105.42133170238553,82.50745141373159,27.999999958029,0.0,35.0,0.0,418,435,375,435,35.0,NEUTRAL,program,sonic_drive_three_laps.py,function,ec959a186dbd8278df967871b3a34262848e2c5ecc08c20aa12abb30068f0552,右壁追従 | target_deg=0.000,,250.0,91.48486291133105,74.28854426633427,156.853201670338,95.65105902886086,0,15.5,50.47090987106513,0
15.55,392.42182884860057,105.60388785498189,82.50745141373159,27.99999996748761,0.0,35.0,0.0,418,435,375,435,35.0,NEUTRAL,program,sonic_drive_three_laps.py,function,ec959a186dbd8278df967871b3a34262848e2c5ecc08c20aa12abb30068f0552,右壁追従 | target_deg=0.000,,248.55777011620427,89.80327002614816,70.67214476969066,157.46395414150837,100.36233054729301,0,15.55,50.027501882155136,0
15.6,393.8098754066084,105.78644400763153,82.50745141373159,27.999999974814624,0.0,35.0,0.0,418,435,375,435,35.0,NEUTRAL,program,sonic_drive_three_laps.py,function,ec959a186dbd8278df967871b3a34262848e2c5ecc08c20aa12abb30068f0552,右壁追従 | target_deg=0.000,,250.0,91.17803514761599,75.37621059227602,160.68728009045034,100.76413142728983,0,15.6,49.61793947739138,0
15.65,395.19792196493,105.96900016032242,82.50745141373159,27.999999980490415,0.0,35.0,0.0,418,435,375,435,35.0,NEUTRAL,program,sonic_drive_three_laps.py,function,ec959a186dbd8278df967871b3a34262848e2c5ecc08c20aa12abb30068f0552,右壁追従 | target_deg=0.000,,248.69039433783743,91.78677305442298,71.79663532469375,159.18438337090822,95.4279781290016,0,15.65,49.24302635855412,0
15.7,396.5859685234947,106.1515563130453,82.50745141373159,27.999999984887108,0.0,35.0,0.0,418,435,375,435,35.0,NEUTRAL,program,sonic_drive_three_laps.py,function,ec959a186dbd8278df967871b3a34262848e2c5ecc08c20aa12abb30068f0552,右壁追従 | target_deg=0.000,,247.39192383730608,90.35831209222779,73.41645626991202,157.44195791339249,95.21190045124014,0,15.7,48.903520678093045,0
15.75,397.97401508224783,106.33411246579294,82.50745141373159,27.999999988292956,0.0,35.0,0.0,418,435,375,435,35.0,NEUTRAL,program,sonic_drive_three_laps.py,function,ec959a186dbd8278df967871b3a34262848e2c5ecc08c20aa12abb30068f0552,右壁追従 | target_deg=0.000,,248.68711912165168,88.86202570420883,73.68474708587767,158.69321700828473,97.23877717302196,0,15.75,48.60012817455135,0
15.8,399.3620616411467,106.51666861855976,82.50745141373159,27.999999990931265,0.0,35.0,0.0,418,435,375,435,35.0,NEUTRAL,program,sonic_drive_three_laps.py,function,ec959a186dbd8278df967871b3a34262848e2c5ecc08c20aa12abb30068f0552,右壁追従 | target_deg=0.000,,250.0,92.00666260100192,73.29535849455539,161.38387503932051,97.44270745661775,0,15.8,48.33349546117907,0
15.85,400.7501082001586,106.69922477134145,82.50745141373159,27.999999992975003,0.0,35.0,0.0,418,435,375,435,35.0,NEUTRAL,program,sonic_drive_three_laps.py,function,ec959a186dbd8278df967871b3a34262848e2c5ecc08c20aa12abb30068f0552,右壁追従 | target_deg=0.000,,250.0,88.37416877655865,69.96130199301521,159.59028851514853,96.182417915106,0,15.85,48.10420360151201,0
15.9,402.138154759258,106.88178092413463,82.50745141373159,27.99999999455816,0.0,35.0,0.0,418,435,375,435,35.0,NEUTRAL,program,sonic_drive_three_laps.py,function,ec959a186dbd8278df967871b3a34262848e2c5ecc08c20aa12abb30068f0552,右壁追従 | target_deg=0.000,,250.0,90.4539607378821,67.97990413048721,162.147982140587,99.48053508980139,0,15.9,47.91276210922746,0
15.95,403.5262013184252,107.06433707693674,82.50745141373159,27.99999999578454,0.0,35.0,0.0,418,435,375,435,35.0,NEUTRAL,program,sonic_drive_three_laps.py,function,ec959a186dbd8278df967871b3a34262848e2c5ecc08c20aa12abb30068f0552,右壁追従 | target_deg=0.000,,249.47348334242315,90.95367189451775,75.43372666040285,161.25243702888505,97.11459939523758,0,15.95,47.7596035083593,0
16.0,404.9142478776449,107.24689322974574,82.50745141373159,27.999999996734534,0.0,35.0,0.0,418,435,375,435,35.0,NEUTRAL,program,sonic_drive_three_laps.py,function,ec959a186dbd8278df967871b3a34262848e2c5ecc08c20aa12abb30068f0552,右壁追従 | target_deg=0.000,,250.0,89.82497058775786,72.38781443699888,159.71937033849943,98.7101589251205,0,16.0,47.64507858356317,0
16.05,406.30229443690524,107.42944938256011,82.50745141373159,27.999999997470443,0.0,35.0,0.0,418,435,375,435,35.0,NEUTRAL,program,sonic_drive_three_laps.py,function,ec959a186dbd8278df967871b3a34262848e2c5ecc08c20aa12abb30068f0552,右壁追従 | target_deg=0.000,,249.71738068298455,88.94609619984698,69.97198783926157,160.03589890311417,98.99732838373085,0,16.05,47.56945243843584,0
16.1,407.69034099619716,107.61200553537863,82.50745141373159,27.999999998040504,0.0,35.0,0.0,418,435,375,435,35.0,NEUTRAL,program,sonic_drive_three_laps.py,function,ec959a186dbd8278df967871b3a34262848e2c5ecc08c20aa12abb30068f0552,右壁追従 | target_deg=0.000,,250.0,86.3911453112885,73.32758491866001,161.45788306238512,99.28130510443951,0,16.1,47.532901463107464,0
16.15,409.07838755551353,107.79456168820036,82.50745141373159,27.9999999984821,0.0,35.0,0.0,418,435,375,435,35.0,NEUTRAL,program,sonic_drive_three_laps.py,function,ec959a186dbd8278df967871b3a34262848e2c5ecc08c20aa12abb30068f0552,右壁追従 | target_deg=0.000,,249.3606709967081,90.82252806892315,72.29325125569953,164.18101715669323,96.87315090683617,0,16.15,47.52922255876862,0
16.2,410.4664341148488,107.97711784102457,82.50745141373159,27.999999998824173,0.0,35.0,0.0,418,435,375,435,35.0,NEUTRAL,program,sonic_drive_three_laps.py,function,ec959a186dbd8278df967871b3a34262848e2c5ecc08c20aa12abb30068f0552,右壁追従 | target_deg=0.000,,250.0,87.21735050443358,68.58741003536534,162.70532813593582,86.75185197159152,0,16.2,47.52922255876861,0
16.25,411.8544806741987,108.1596739938507,82.50745141373159,27.99999999908916,0.0,35.0,0.0,418,435,375,435,35.0,NEUTRAL,program,sonic_drive_three_laps.py,function,ec959a186dbd8278df967871b3a34262848e2c5ecc08c20aa12abb30068f0552,右壁追従 | target_deg=0.000,,249.52922689686625,88.35038214453894,72.7724779258359,160.4555813553868,78.12523492995786,0,16.25,47.529222558768616,0
16.3,413.24252723356,108.34223014667832,82.50745141373159,27.999999999294424,0.0,35.0,0.0,418,435,375,435,35.0,NEUTRAL,program,sonic_drive_three_laps.py,function,ec959a186dbd8278df967871b3a34262848e2c5ecc08c20aa12abb30068f0552,右壁追従 | target_deg=0.000,,250.0,86.7751375128658,70.79090289541276,158.60186226738796,71.38269218887226,0,16.3,47.5292225587686,0
16.35,414.6305737929301,108.52478629950711,82.50745141373159,27.999999999453433,0.0,35.0,0.0,418,435,375,435,35.0,NEUTRAL,program,sonic_drive_three_laps.py,function,ec959a186dbd8278df967871b3a34262848e2c5ecc08c20aa12abb30068f0552,右壁追従 | target_deg=0.000,,250.0,89.20494397480388,71.52502029628707,159.59327782508984,48.246548189651264,0,16.35,47.5292225587686,0
16.4,416.0186203523069,108.70734245233679,82.50745141373159,27.99999999957661,0.0,35.0,0.0,418,435,375,435,35.0,NEUTRAL,program,sonic_drive_three_laps.py,function,ec959a186dbd8278df967871b3a34262848e2c5ecc08c20aa12abb30068f0552,右壁追従 | target_deg=0.000,,250.0,85.05050263915307,70.69828584227521,156.2203481731297,46.918558618638464,0,16.4,47.5292225587686,0
16.45,417.406666911689,108.88989860516716,82.50745141373159,27.999999999672024,0.0,35.0,0.0,418,435,375,435,35.0,NEUTRAL,program,sonic_drive_three_laps.py,function,ec959a186dbd8278df967871b3a34262848e2c5ecc08c20aa12abb30068f0552,右壁追従 | target_deg=0.000,,250.0,86.17106178517466,71.13423821383135,151.90859907976062,47.29598957021718,0,16.45,47.52922255876861,0
16.5,418.79471347107517,109.07245475799807,82.50745141373159,27.999999999745935,0.0,35.0,0.0,418,435,375,435,35.0,NEUTRAL,program,sonic_drive_three_laps.py,function,ec959a186dbd8278df967871b3a34262848e2c5ecc08c20aa12abb30068f0552,右壁追従 | target_deg=0.000,,248.9423881321218,86.67116214607363,72.82228832282738,152.88933216613162,45.88021706345655,0,16.5,47.529222558768616,0
16.55,420.1827600304646,109.2550109108294,82.50745141373159,27.999999999803194,0.0,35.0,0.0,418,435,375,435,35.0,NEUTRAL,program,sonic_drive_three_laps.py,function,ec959a186dbd8278df967871b3a34262848e2c5ecc08c20aa12abb30068f0552,右壁追従 | target_deg=0.000,,249.5014499874777,84.87957986499887,68.96236618241389,150.62992886596848,99.84525670887741,0,16.55,47.52922255876861,0
16.6,421.57080658985643,109.43756706366105,82.50745141373159,27.99999999984755,0.0,35.0,0.0,418,435,375,435,35.0,NEUTRAL,program,sonic_drive_three_laps.py,function,ec959a186dbd8278df967871b3a34262848e2c5ecc08c20aa12abb30068f0552,右壁追従 | target_deg=0.000,,250.0,85.93358420403244,69.50009588129433,147.57472789119436,102.25368731238336,0,16.6,47.52922255876861,0
16.65,422.95885314925016,109.62012321649294,82.50745141373159,27.999999999881904,0.0,35.0,0.0,418,435,375,435,35.0,NEUTRAL,program,sonic_drive_three_laps.py,function,ec959a186dbd8278df967871b3a34262848e2c5ecc08c20aa12abb30068f0552,右壁追従 | target_deg=0.000,,249.42755279420888,86.08335379073944,69.55111128959,147.0985645128602,100.83246592742795,0,16.65,47.5292225587686,0
16.7,424.34689970864537,109.80267936932505,82.50745141373159,27.999999999908518,0.0,35.0,0.0,418,435,375,435,35.0,NEUTRAL,program,sonic_drive_three_laps.py,function,ec959a186dbd8278df967871b3a34262848e2c5ecc08c20aa12abb30068f0552,右壁追従 | target_deg=0.000,,249.3774278161165,88.26075906567517,68.32957146968356,145.25869720267733,99.61159282192246,0,16.7,47.52922255876861,0
16.75,425.73494626804165,109.9852355221573,82.50745141373159,27.99999999992913,0.0,35.0,0.0,418,435,375,435,35.0,NEUTRAL,program,sonic_drive_three_laps.py,function,ec959a186dbd8278df967871b3a34262848e2c5ecc08c20aa12abb30068f0552,右壁追従 | target_deg=0.000,,249.09914095448852,85.18836179714677,67.83290839876078,145.5018872087322,98.38941863233714,0,16.75,47.52922255876862,0
16.8,427.12299282743885,110.16779167498966,82.50745141373159,27.999999999945103,0.0,35.0,0.0,418,435,375,435,35.0,NEUTRAL,program,sonic_drive_three_laps.py,function,ec959a186dbd8278df967871b3a34262848e2c5ecc08c20aa12abb30068f0552,右壁追従 | target_deg=0.000,,249.72023226594698,85.2710946033757,67.43179948166667,141.80278390979888,100.5542605702328,0,16.8,47.52922255876863,0
16.85,428.5110393868368,110.3503478278221,82.50745141373159,27.999999999957474,0.0,35.0,0.0,418,435,375,435,35.0,NEUTRAL,program,sonic_drive_three_laps.py,function,ec959a186dbd8278df967871b3a34262848e2c5ecc08c20aa12abb30068f0552,右壁追従 | target_deg=0.000,,249.03399630227614,82.3234152756587,68.51468728141607,138.83197347715117,99.99044056577252,0,16.85,47.52922255876862,0
16.9,429.8990859462352,110.53290398065462,82.50745141373159,27.99999999996706,0.0,35.0,0.0,418,435,375,435,35.0,NEUTRAL,program,sonic_drive_three_laps.py,function,ec959a186dbd8278df967871b3a34262848e2c5ecc08c20aa12abb30068f0552,右壁追従 | target_deg=0.000,,250.0,88.49649324751928,67.9972958422498,141.81203586948627,101.37752786702437,0,16.9,47.52922255876863,0
16.95,431.287132505634,110.7154601334872,82.50745141373159,27.99999999997448,0.0,35.0,0.0,418,435,375,435,35.0,NEUTRAL,program,sonic_drive_three_laps.py,function,ec959a186dbd8278df967871b3a34262848e2c5ecc08c20aa12abb30068f0552,右壁追従 | target_deg=0.000,,250.0,86.20400448456006,67.9944844473778,137.19390242659344,102.46970849638423,0,16.95,47.529222558768645,0
17.0,432.6751790650332,110.89801628631982,82.50745141373159,27.99999999998023,0.0,35.0,0.0,418,435,375,435,35.0,NEUTRAL,program,sonic_drive_three_laps.py,function,ec959a186dbd8278df967871b3a34262848e2c5ecc08c20aa12abb30068f0552,右壁追従 | target_deg=0.000,,250.0,84.27443820746592,67.27953822355595,136.8983271877768,98.02538784704052,0,17.0,47.529222558768645,0
17.05,434.0632256244327,111.08057243915248,82.50745141373159,27.999999999984684,0.0,35.0,0.0,418,435,375,435,35.0,NEUTRAL,program,sonic_drive_three_laps.py,function,ec959a186dbd8278df967871b3a34262848e2c5ecc08c20aa12abb30068f0552,右壁追従 | target_deg=0.000,,246.7938486789466,85.14523438454862,66.38349489938292,134.17821043085578,101.51631385493535,0,17.05,47.52922255876864,0
17.1,435.4512721838322,111.26312859198514,82.50745141373159,27.999999999988137,0.0,35.0,0.0,418,435,375,435,35.0,NEUTRAL,program,sonic_drive_three_laps.py,function,ec959a186dbd8278df967871b3a34262848e2c5ecc08c20aa12abb30068f0552,右壁追従 | target_deg=0.000,,250.0,83.49747288792713,67.12040130017076,133.58341015326656,102.06309573177,0,17.1,47.529222558768645,0
17.15,436.83931874323207,111.4456847448178,82.50745141373159,27.999999999990806,0.0,35.0,0.0,418,435,375,435,35.0,NEUTRAL,program,sonic_drive_three_laps.py,function,ec959a186dbd8278df967871b3a34262848e2c5ecc08c20aa12abb30068f0552,右壁追従 | target_deg=0.000,,250.0,83.36935709482147,66.94815722342199,133.516419200836,101.90253787386655,0,17.15,47.53551129096434,0
17.2,438.22736530263194,111.62824089765053,82.50745141373159,27.999999999992877,0.0,35.0,0.0,418,435,375,435,35.0,NEUTRAL,program,sonic_drive_three_laps.py,function,ec959a186dbd8278df967871b3a34262848e2c5ecc08c20aa12abb30068f0552,右壁追従 | target_deg=0.000,,249.9332113338719,85.61540052074882,66.40711259348419,129.37498008358494,103.79966527244535,0,17.2,47.5772757992981,0
17.25,439.6154118620318,111.81079705048327,82.50745141373159,27.999999999994486,0.0,35.0,0.0,418,435,375,435,35.0,NEUTRAL,program,sonic_drive_three_laps.py,function,ec959a186dbd8278df967871b3a34262848e2c5ecc08c20aa12abb30068f0552,右壁追従 | target_deg=0.000,,246.50465116488357,81.5223028115519,68.5630407610809,128.61422589372742,100.3951301445537,0,17.25,47.65809718091102,0
17.3,441.0034584214318,111.99335320331602,82.50745141373159,27.99999999999573,0.0,35.0,0.0,418,435,375,435,35.0,NEUTRAL,program,sonic_drive_three_laps.py,function,ec959a186dbd8278df967871b3a34262848e2c5ecc08c20aa12abb30068f0552,右壁追従 | target_deg=0.000,,250.0,84.87008361309223,66.68172859500417,125.96369400925542,101.46632140315096,0,17.3,47.777787084759986,0
17.35,442.391504980832,112.17590935614876,82.50745141373159,27.99999999999669,0.0,35.0,0.0,418,435,375,435,35.0,NEUTRAL,program,sonic_drive_three_laps.py,function,ec959a186dbd8278df967871b3a34262848e2c5ecc08c20aa12abb30068f0552,右壁追従 | target_deg=0.000,,250.0,81.77463650702788,66.42319307467105,124.68420952206237,102.81977235360341,0,17.35,47.93606879477425,0
17.4,443.7795515402322,112.35846550898151,82.50745141373159,27.999999999997435,0.0,35.0,0.0,418,435,375,435,35.0,NEUTRAL,program,sonic_drive_three_laps.py,function,ec959a186dbd8278df967871b3a34262848e2c5ecc08c20aa12abb30068f0552,右壁追従 | target_deg=0.000,,250.0,81.52562729084,64.22758371139301,121.48731639184254,100.95610061359238,0,17.4,48.13258038853978,0
17.45,445.1675980996324,112.54102166181426,82.50745141373159,27.99999999999801,0.0,35.0,0.0,418,435,375,435,35.0,NEUTRAL,program,sonic_drive_three_laps.py,function,ec959a186dbd8278df967871b3a34262848e2c5ecc08c20aa12abb30068f0552,右壁追従 | target_deg=0.000,,250.0,81.19588471741835,67.22211335332462,118.15483646092501,103.56971721465746,0,17.45,48.36687879291087,0
17.5,446.5556446590326,112.723577814647,82.50745141373159,27.999999999998458,0.0,35.0,0.0,418,435,375,435,35.0,NEUTRAL,program,sonic_drive_three_laps.py,function,ec959a186dbd8278df967871b3a34262848e2c5ecc08c20aa12abb30068f0552,右壁追従 | target_deg=0.000,,250.0,81.29648565647723,64.26053416351625,114.30449014057048,102.16765364132054,0,17.5,48.638444632814426,0
17.55,447.94369121843283,112.90613396747975,82.50745141373159,27.999999999998806,0.0,35.0,0.0,418,435,375,435,35.0,NEUTRAL,program,sonic_drive_three_laps.py,function,ec959a186dbd8278df967871b3a34262848e2c5ecc08c20aa12abb30068f0552,右壁追従 | target_deg=0.000,,248.8626039595846,80.35382935234136,65.72574404255495,116.12113778720695,104.89827198195015,0,17.55,48.94668775338378,0
17.6,449.33173777783304,113.08869012031249,82.50745141373159,27.999999999999073,0.0,35.0,0.0,418,435,375,435,35.0,NEUTRAL,program,sonic_drive_three_laps.py,function,ec959a186dbd8278df967871b3a34262848e2c5ecc08c20aa12abb30068f0552,右壁追従 | target_deg=0.000,,250.0,82.21749383239806,68.69483091273324,114.2257959158123,106.45002391728406,0,17.6,49.29095328457384,0
17.65,450.71978433723325,113.27124627314524,82.50745141373159,27.999999999999282,0.0,35.0,0.0,418,435,375,435,35.0,NEUTRAL,program,sonic_drive_three_laps.py,function,ec959a186dbd8278df967871b3a34262848e2c5ecc08c20aa12abb30068f0552,右壁追従 | target_deg=0.000,,249.5392337185397,81.28935886740317,67.36372378624036,110.95856439021513,103.31515503059128,0,17.65,49.67052811171888,0
17.7,452.10783089663346,113.45380242597798,82.50745141373159,27.999999999999442,0.0,35.0,0.0,418,435,375,435,35.0,NEUTRAL,program,sonic_drive_three_laps.py,function,ec959a186dbd8278df967871b3a34262848e2c5ecc08c20aa12abb30068f0552,右壁追従 | target_deg=0.000,,248.89816394720037,80.38179070889846,63.44969503340912,112.15570538222617,103.132833813723,0,17.7,50.08464761493026,0
17.75,453.49587745603367,113.63635857881073,82.50745141373159,27.99999999999957,0.0,35.0,0.0,418,435,375,435,35.0,NEUTRAL,program,sonic_drive_three_laps.py,function,ec959a186dbd8278df967871b3a34262848e2c5ecc08c20aa12abb30068f0552,右壁追従 | target_deg=0.000,,249.73096609690856,81.0607711965785,65.3219655027688,109.71556291364568,104.07336493074364,0,17.75,50.53250254435605,0
17.8,454.8820824216941,113.81801200462294,82.56112863642238,27.935649560512875,-0.6526726476277277,34.64306964582859,-2.039602023836649,418,432,375,435,34.64306964582859,NEUTRAL,program,sonic_drive_three_laps.py,function,ec959a186dbd8278df967871b3a34262848e2c5ecc08c20aa12abb30068f0552,右壁追従 | target_deg=-1.631,,250.0,81.4380623952324,63.32657604343156,106.83798778969134,106.78511468629048,0,17.8,51.02088901004552,0
17.85,456.26571117849534,113.99801462290546,82.61438795846937,27.88617546326264,-0.6488764548237127,34.64514568876828,-2.027738921324102,418,432,375,435,34.64514568876828,NEUTRAL,program,sonic_drive_three_laps.py,function,ec959a186dbd8278df967871b3a34262848e2c5ecc08c20aa12abb30068f0552,右壁追従 | target_deg=-1.622,,247.28104328824196,78.5182345518139,65.17924674568665,106.28429441090157,105.46075922924092,0,17.85,51.53825600935254,0
17.9,457.6473939152108,114.17646155521778,82.6673695894163,27.84808713114335,-0.6464802809505791,34.64645609635515,-2.0202508779705597,418,432,375,435,34.64645609635515,NEUTRAL,program,sonic_drive_three_laps.py,function,ec959a186dbd8278df967871b3a34262848e2c5ecc08c20aa12abb30068f0552,右壁追従 | target_deg=-1.616,,247.84168205222593,83.76642270306418,64.09597869866084,104.4866613342535,104.32850957294681,0,17.9,52.083860662363435,0
17.95,459.0276090407558,114.35342224878099,82.7202915495514,27.81857891728526,-0.6465157009810509,34.64643672602599,-2.0203615655657843,418,432,375,435,34.64643672602599,NEUTRAL,program,sonic_drive_three_laps.py,function,ec959a186dbd8278df967871b3a34262848e2c5ecc08c20aa12abb30068f0552,右壁追従 | target_deg=-1.616,,249.13954680062105,78.4645980969821,63.628860934591124,102.65855379961492,104.03864192884576,0,17.95,52.65694935551248,0
18.0,460.4067007849679,114.52893720829277,82.77379412573202,27.79496127314947,-0.6542180977648284,34.64222447778486,-2.044431555515089,418,432,375,435,34.64222447778486,NEUTRAL,program,sonic_drive_three_laps.py,function,ec959a186dbd8278df967871b3a34262848e2c5ecc08c20aa12abb30068f0552,右壁追従 | target_deg=-1.635,,247.77162543763555,78.61567346830996,63.71708554102099,100.233692827739,105.16016760484037,0,18.0,53.25679331358566,0
18.05,461.78492207171263,114.70302658986107,82.82788004241286,27.77591395569521,-0.6618468656569237,34.63805249534387,-2.0682714551778867,418,432,375,435,34.63805249534387,NEUTRAL,program,sonic_drive_three_laps.py,function,ec959a186dbd8278df967871b3a34262848e2c5ecc08c20aa12abb30068f0552,右壁追従 | target_deg=-1.654,,250.0,81.62763839393261,64.3689875370299,98.3021072007554,106.28356747644757,0,18.05,53.88254159746895,0
18.1,463.1625211421988,114.87572746460081,82.88105675971906,27.762219476773147,-0.651092566605477,34.64393375263763,-2.0346642706421156,418,432,375,435,34.64393375263763,NEUTRAL,program,sonic_drive_three_laps.py,function,ec959a186dbd8278df967871b3a34262848e2c5ecc08c20aa12abb30068f0552,右壁追従 | target_deg=-1.627,,247.506036573231,79.58127562048631,66.5223954143197,99.17574474477323,106.4415410975591,0,18.1,54.53318458235678,0
18.15,464.53966603760546,115.04706417605642,82.93498317842517,27.750677169517665,-0.660565887934417,34.638753030035865,-2.064268399795053,418,432,375,435,34.638753030035865,NEUTRAL,program,sonic_drive_three_laps.py,function,ec959a186dbd8278df967871b3a34262848e2c5ecc08c20aa12abb30068f0552,右壁追従 | target_deg=-1.651,,249.06480470301403,77.97302247920248,63.23589741860597,94.03554315254824,105.20319497374136,0,18.15,55.20813181929469,0
18.2,465.9164441458266,115.2170283356314,82.98982774793575,27.740601825890717,-0.6720696643250118,34.632461902322255,-2.1002177010156617,418,432,375,435,34.632461902322255,NEUTRAL,program,sonic_drive_three_laps.py,function,ec959a186dbd8278df967871b3a34262848e2c5ecc08c20aa12abb30068f0552,右壁追従 | target_deg=-1.680,,250.0,82.58907833992747,64.31832512258882,92.7634014137667,107.15076940725353,0,18.2,55.906535977350025,0
18.25,467.2928845577754,115.38558980579775,83.04660185241067,27.73044099628103,-0.6959660605283499,34.61939356064856,-2.1748939391510933,418,432,375,435,34.61939356064856,NEUTRAL,program,sonic_drive_three_laps.py,function,ec959a186dbd8278df967871b3a34262848e2c5ecc08c20aa12abb30068f0552,右壁追従 | target_deg=-1.739,,250.0,79.38356152617548,62.55277907275444,90.99364787826521,107.77082107672078,0,18.25,56.62762127173162,0
18.3,468.66906200421033,115.55273759851805,83.10317440376792,27.72279228330647,-0.6937117367239816,34.62062639397907,-2.1678491772624424,418,432,375,435,34.62062639397907,NEUTRAL,program,sonic_drive_three_laps.py,function,ec959a186dbd8278df967871b3a34262848e2c5ecc08c20aa12abb30068f0552,右壁追従 | target_deg=-1.734,,248.6960076295634,78.23927422235302,64.29572901223995,89.33148677631289,107.49043683761131,0,18.3,57.370296220913445,0
18.35,470.0450665980224,115.71848283593155,83.15999711591479,27.716548019728396,-0.6969499180057531,34.6188555135906,-2.1779684937679784,418,432,375,435,34.6188555135906,NEUTRAL,program,sonic_drive_three_laps.py,function,ec959a186dbd8278df967871b3a34262848e2c5ecc08c20aa12abb30068f0552,右壁追従 | target_deg=-1.742,,248.3218838235284,77.67136098591114,62.33755072550851,92.22228299114744,106.13001852476657,0,18.35,58.133839086005125,0
18.4,471.4209762495146,115.88283579516059,83.21654549767715,27.71202984981201,-0.6937156607000061,34.62062424805468,-2.167861439687519,418,432,375,435,34.62062424805468,NEUTRAL,program,sonic_drive_three_laps.py,function,ec959a186dbd8278df967871b3a34262848e2c5ecc08c20aa12abb30068f0552,右壁追従 | target_deg=-1.734,,250.0,80.80209206765831,62.30974076374799,90.66106067765377,105.43415409791706,0,18.4,58.917438171397336,0
18.45,472.7968656205467,116.04581345727722,83.27274229658843,27.708946150380807,-0.6894938268854176,34.62293306342204,-2.15466820901693,418,432,375,435,34.62293306342204,NEUTRAL,program,sonic_drive_three_laps.py,function,ec959a186dbd8278df967871b3a34262848e2c5ecc08c20aa12abb30068f0552,右壁追従 | target_deg=-1.723,,249.8810519945398,77.51441355055529,63.437137890932924,93.6395719519134,106.22659669612626,0,18.45,59.7203648646074,0
18.5,474.17274840903804,116.20741047090122,83.32989209250479,27.705396280300224,-0.7012704063339378,34.616492746536125,-2.1914700197935555,418,432,375,435,34.616492746536125,NEUTRAL,program,sonic_drive_three_laps.py,function,ec959a186dbd8278df967871b3a34262848e2c5ecc08c20aa12abb30068f0552,右壁追従 | target_deg=-1.753,,248.83801002448544,79.39553093241696,62.60356996351837,93.77101370186108,107.28069813656137,0,18.5,60.5419949474657,0
18.55,475.54865603465146,116.36762510514001,83.38655918349366,27.70322362243201,-0.6954160562847258,34.61969434421929,-2.173175175889768,418,432,375,435,34.61969434421929,NEUTRAL,program,sonic_drive_three_laps.py,function,ec959a186dbd8278df967871b3a34262848e2c5ecc08c20aa12abb30068f0552,右壁追従 | target_deg=-1.738,,250.0,76.72902378816521,63.34366189642865,91.71987709561391,106.3857446463602,0,18.55,61.13653463083628,0
18.6,476.92450357016605,116.52641038440763,83.44678647277794,27.69722157396342,-0.7392216253126199,34.59573817365716,-2.310067579101937,418,432,375,435,34.59573817365716,NEUTRAL,program,sonic_drive_three_laps.py,function,ec959a186dbd8278df967871b3a34262848e2c5ecc08c20aa12abb30068f0552,右壁追従 | target_deg=-1.848,,249.465215127167,79.54073927924036,60.51990627048767,92.57154336890714,109.87456716633004,0,18.6,60.99116347721639,0
18.65,478.3003335293352,116.68375413498663,83.50489191990528,27.695130377521583,-0.713274878956089,34.60992780057089,-2.228983996737778,418,432,375,435,34.60992780057089,NEUTRAL,program,sonic_drive_three_laps.py,function,ec959a186dbd8278df967871b3a34262848e2c5ecc08c20aa12abb30068f0552,右壁追従 | target_deg=-1.783,,250.0,76.80954307421167,64.3755381087687,90.13370267562784,107.08746198500008,0,18.65,60.84677334228715,0
18.7,479.6762012668997,116.83967797710874,83.56388814268564,27.692426108875967,-0.7242728253124237,34.60391329865727,-2.263352579101324,418,432,375,435,34.60391329865727,NEUTRAL,program,sonic_drive_three_laps.py,function,ec959a186dbd8278df967871b3a34262848e2c5ecc08c20aa12abb30068f0552,右壁追従 | target_deg=-1.810,,250.0,78.58980201440806,62.69022877785569,88.59656550751126,108.7489588484337,0,18.7,60.704013820113204,0
18.75,481.0521182457993,116.99417459004108,83.62272226098611,27.690521757248643,-0.7223408733740648,34.60496983487356,-2.2573152292939525,418,432,375,435,34.60496983487356,NEUTRAL,program,sonic_drive_three_laps.py,function,ec959a186dbd8278df967871b3a34262848e2c5ecc08c20aa12abb30068f0552,右壁追従 | target_deg=-1.805,,249.49733695111368,78.63786594702142,63.00549380295238,92.58884660325594,108.01272835330307,0,18.75,60.562657504598604,0
18.8,482.42817601753165,117.14727881533443,83.67970905713855,27.69128181599895,-0.6996699645998761,34.61736798810944,-2.186468639374613,418,432,375,435,34.61736798810944,NEUTRAL,program,sonic_drive_three_laps.py,function,ec959a186dbd8278df967871b3a34262848e2c5ecc08c20aa12abb30068f0552,右壁追従 | target_deg=-1.749,,250.0,76.78117569105333,64.71589884444549,93.0446218675421,106.81332415638914,0,18.8,60.42229254079274,0
18.85,483.8042938925965,117.29896120134491,83.74023674327191,27.687579584895435,-0.7431913454640202,34.59356723294936,-2.3224729545750633,418,432,375,435,34.59356723294936,NEUTRAL,program,sonic_drive_three_laps.py,function,ec959a186dbd8278df967871b3a34262848e2c5ecc08c20aa12abb30068f0552,右壁追従 | target_deg=-1.857,,250.0,76.77672734918731,60.38547105214787,93.99930742283057,109.96778239677508,0,18.85,60.284153410801196,0
18.9,485.1804356753082,117.44918315816061,83.80009016805457,27.685520774818723,-0.7349852332512118,34.598054950565746,-2.296828853910037,418,432,375,435,34.598054950565746,NEUTRAL,program,sonic_drive_three_laps.py,function,ec959a186dbd8278df967871b3a34262848e2c5ecc08c20aa12abb30068f0552,右壁追従 | target_deg=-1.837,,250.0,78.31575686928161,59.666203621263016,92.91994397310208,105.0120701883347,0,18.9,60.14733642597332,0
18.95,486.55663759861994,117.59795449010893,83.86015670910984,27.683662853633297,-0.7376535745350337,34.59659570142615,-2.3051674204219803,418,432,375,435,34.59659570142615,NEUTRAL,program,sonic_drive_three_laps.py,function,ec959a186dbd8278df967871b3a34262848e2c5ecc08c20aa12abb30068f0552,右壁追従 | target_deg=-1.844,,250.0,80.55176899878214,62.267587116866494,91.13942483512481,108.56301396668701,0,18.95,60.01203036191296,0
19.0,487.93290227704586,117.74526875710582,83.92057997207286,27.68178682192033,-0.7420839370817052,34.59417284690844,-2.3190123033803287,418,432,375,435,34.59417284690844,NEUTRAL,program,sonic_drive_three_laps.py,function,ec959a186dbd8278df967871b3a34262848e2c5ecc08c20aa12abb30068f0552,右壁追従 | target_deg=-1.855,,249.19592071328415,77.19241662391521,59.90289143510167,93.3065493011266,106.60205365405535,0,19.0,59.878274015470424,0
19.05,489.30921201226164,117.89110998845251,83.98182317605648,27.679334870836318,-0.7522132567102271,34.5886333752366,-2.3506664272194597,418,432,375,435,34.5886333752366,NEUTRAL,program,sonic_drive_three_laps.py,function,ec959a186dbd8278df967871b3a34262848e2c5ecc08c20aa12abb30068f0552,右壁追従 | target_deg=-1.880,,250.0,79.0606931774756,61.564264219280034,92.10686604938064,109.30674384276541,0,19.05,59.74618765275798,0
19.1,490.6855576687498,118.03546278264338,84.04345528340815,27.67695810235496,-0.7570551787518727,34.585985449120074,-2.365797433599602,418,432,375,435,34.585985449120074,NEUTRAL,program,sonic_drive_three_laps.py,function,ec959a186dbd8278df967871b3a34262848e2c5ecc08c20aa12abb30068f0552,右壁追従 | target_deg=-1.892,,250.0,77.09375313389718,60.83514752042067,94.20785808986338,108.49963812919043,0,19.1,59.61569023651802,0
19.15,492.0619608634703,118.1783267607974,84.10493573596841,27.675295376840275,-0.7552456303295867,34.586975045913505,-2.3601425947799584,418,432,375,435,34.586975045913505,NEUTRAL,program,sonic_drive_three_laps.py,function,ec959a186dbd8278df967871b3a34262848e2c5ecc08c20aa12abb30068f0552,右壁追従 | target_deg=-1.888,,250.0,75.59326221481587,62.09115123002756,90.61720245760135,109.16374421059838,0,19.15,59.48666068404711,0
19.2,493.4384653710292,118.3197154900329,84.16583774433366,27.674705177131095,-0.748168080891026,34.59084558076272,-2.3380252527844565,418,432,375,435,34.59084558076272,NEUTRAL,program,sonic_drive_three_laps.py,function,ec959a186dbd8278df967871b3a34262848e2c5ecc08c20aa12abb30068f0552,右壁追従 | target_deg=-1.870,,250.0,73.64670382224581,61.79211642674502,89.48551070282956,108.04314967191372,0,19.2,59.35898914250333,0
19.25,494.81504939888174,118.4596185223072,84.2280053800738,27.672711297157036,-0.7637538991321402,34.58232208641211,-2.386730934787938,418,432,375,435,34.58232208641211,NEUTRAL,program,sonic_drive_three_laps.py,function,ec959a186dbd8278df967871b3a34262848e2c5ecc08c20aa12abb30068f0552,右壁追従 | target_deg=-1.909,,250.0,76.7457214166483,58.72460801518954,94.10941944484826,107.58115953623955,0,19.25,59.23310161084811,0
19.3,496.1916151580286,118.59798210544055,84.29253955244599,27.66829080356134,-0.7929232041949894,34.56637012270586,-2.4778850131093417,418,432,375,435,34.56637012270586,NEUTRAL,program,sonic_drive_three_laps.py,function,ec959a186dbd8278df967871b3a34262848e2c5ecc08c20aa12abb30068f0552,右壁追従 | target_deg=-1.982,,249.57360499461257,74.47560048204546,59.98171022502571,91.8549186188538,111.63913989087106,0,19.3,59.10930120043261,0
19.35,497.56817736179516,118.73479031184668,84.35617218980872,27.66594970704127,-0.7819369591612884,34.57237822545867,-2.443552997379026,418,432,375,435,34.57237822545867,NEUTRAL,program,sonic_drive_three_laps.py,function,ec959a186dbd8278df967871b3a34262848e2c5ecc08c20aa12abb30068f0552,右壁追従 | target_deg=-1.954,,250.0,75.60254764854913,61.40218856594443,95.76026457001679,109.48241233544817,0,19.35,58.986866810525896,0
19.4,498.9447526349932,118.87004327537177,84.42085916435622,27.662851034866595,-0.7949717281629057,34.56524983616091,-2.4842866505090804,418,432,375,435,34.56524983616091,NEUTRAL,program,sonic_drive_three_laps.py,function,ec959a186dbd8278df967871b3a34262848e2c5ecc08c20aa12abb30068f0552,右壁追従 | target_deg=-1.987,,249.7547424092056,76.60701162700245,60.757224017068744,95.0196978557533,111.38125458640103,0,19.4,58.86624014688667,0
19.45,500.32139000003855,119.00374829455077,84.48430837085232,27.661945353495735,-0.7798120556100056,34.573540282088274,-2.436912673781267,418,432,375,435,34.573540282088274,NEUTRAL,program,sonic_drive_three_laps.py,function,ec959a186dbd8278df967871b3a34262848e2c5ecc08c20aa12abb30068f0552,右壁追従 | target_deg=-1.949,,250.0,73.9512740607494,60.74843209196232,92.84016541486763,108.39542850333554,0,19.45,58.74689556702313,0
19.5,501.69820338458294,119.13595478222551,84.54583850654205,27.66357065244385,-0.7562117828403722,34.58644668125917,-2.363161821376163,418,432,375,435,34.58644668125917,NEUTRAL,program,sonic_drive_three_laps.py,function,ec959a186dbd8278df967871b3a34262848e2c5ecc08c20aa12abb30068f0552,右壁追従 | target_deg=-1.890,,250.0,77.1021798799083,61.144530288132636,92.1981921859143,106.70891970637716,0,19.5,58.628628410537914,0
19.55,503.0751742406868,119.26666575062508,84.60888828408338,27.66298928221288,-0.7748778981883884,34.57623864942823,-2.4214934318387136,418,432,375,435,34.57623864942823,NEUTRAL,program,sonic_drive_three_laps.py,function,ec959a186dbd8278df967871b3a34262848e2c5ecc08c20aa12abb30068f0552,右壁追従 | target_deg=-1.937,,250.0,78.36059687386691,60.41999697383696,95.16399942335983,110.19353119207992,0,19.55,58.512214541369815,0
19.6,504.45223127880087,119.39584516176873,84.6728365938643,27.66144703328147,-0.7859524314914634,34.570182264028105,-2.456101348410823,418,432,375,435,34.570182264028105,NEUTRAL,program,sonic_drive_three_laps.py,function,ec959a186dbd8278df967871b3a34262848e2c5ecc08c20aa12abb30068f0552,右壁追従 | target_deg=-1.964,,250.0,75.97665243152758,59.460530705555655,94.90861671061492,109.37974921324003,0,19.6,58.39754992134357,0
19.65,505.8293168419337,119.52346034758342,84.73815121986104,27.658590203934857,-0.8028106693480733,34.56096291520027,-2.508783341712729,418,432,375,435,34.56096291520027,NEUTRAL,program,sonic_drive_three_laps.py,function,ec959a186dbd8278df967871b3a34262848e2c5ecc08c20aa12abb30068f0552,右壁追従 | target_deg=-2.006,,250.0,75.7276097985788,58.744594804460085,93.46567375904954,110.13378858579563,0,19.65,58.284774123708644,0
19.7,507.20648970981995,119.64952292069313,84.80160693173946,27.658626601713742,-0.7799960846295514,34.573439641218215,-2.437487764467348,418,432,375,435,34.573439641218215,NEUTRAL,program,sonic_drive_three_laps.py,function,ec959a186dbd8278df967871b3a34262848e2c5ecc08c20aa12abb30068f0552,右壁追従 | target_deg=-1.949,,250.0,79.02132434106709,61.69296991624454,94.13904589429775,108.80043533058345,0,19.7,58.17314258726958,0
19.75,508.5838095533517,119.77406319452234,84.864875305554,27.65888227771416,-0.7776888660857838,34.574701401359334,-2.4302777065180745,418,432,375,435,34.574701401359334,NEUTRAL,program,sonic_drive_three_laps.py,function,ec959a186dbd8278df967871b3a34262848e2c5ecc08c20aa12abb30068f0552,右壁追従 | target_deg=-1.944,,248.30588974757472,73.5232063007421,61.306098051921055,91.84538842076039,109.74556887633553,0,19.75,58.06300445619445,0
19.8,509.96118658324576,119.8970444574618,84.93069753958207,27.655980892025617,-0.8091248793190308,34.557509831622404,-2.528515247871971,418,432,375,435,34.557509831622404,NEUTRAL,program,sonic_drive_three_laps.py,function,ec959a186dbd8278df967871b3a34262848e2c5ecc08c20aa12abb30068f0552,右壁追従 | target_deg=-2.022,,250.0,74.67923379541244,57.22061543742331,91.33301003596387,110.05381699721323,0,19.8,57.955021197065804,0
19.85,511.3384953058594,120.01839633946054,84.998877510792,27.650863543334435,-0.8382319647701791,34.541591894266304,-2.61947488990681,418,432,375,435,34.541591894266304,NEUTRAL,program,sonic_drive_three_laps.py,function,ec959a186dbd8278df967871b3a34262848e2c5ecc08c20aa12abb30068f0552,右壁追従 | target_deg=-2.095,,248.61246656092345,76.6547502052507,57.28486648709083,91.66237923352888,111.76961485924284,0,19.85,57.84922012594524,0
19.9,512.7157813009842,120.13811332440105,85.06552335284368,27.648749161363643,-0.8194712504427366,34.55185165991413,-2.560847657633552,418,432,375,435,34.55185165991413,NEUTRAL,program,sonic_drive_three_laps.py,function,ec959a186dbd8278df967871b3a34262848e2c5ecc08c20aa12abb30068f0552,右壁追従 | target_deg=-2.048,,247.3861436876172,73.01477695246676,61.93111057536803,91.59274830117471,111.79758851369672,0,19.9,57.744719344603254,0
19.95,514.09315735432,120.25623867095236,85.13096131774756,27.648572707588045,-0.8046487375391979,34.55995772165825,-2.5145273048099934,418,432,375,435,34.55995772165825,NEUTRAL,program,sonic_drive_three_laps.py,function,ec959a186dbd8278df967871b3a34262848e2c5ecc08c20aa12abb30068f0552,右壁追従 | target_deg=-2.011,,250.0,74.13681738637885,59.80768557097568,92.9379004433228,109.03124477418618,0,19.95,57.64154912706539,0
20.0,515.4706391356472,120.37278138894709,85.19698130566996,27.64772881276203,-0.8118215638333607,34.55603508227863,-2.536942386979252,418,432,375,435,34.55603508227863,NEUTRAL,program,sonic_drive_three_laps.py,function,ec959a186dbd8278df967871b3a34262848e2c5ecc08c20aa12abb30068f0552,右壁追従 | target_deg=-2.029,,249.93392466002012,73.06293623986075,58.66783479086446,91.99011019957629,109.92301277022509,0,20.0,57.54010929471684,0
20.05,516.8481611396289,120.48770970236946,85.26459808465853,27.64513380074023,-0.8315111266020834,34.545267352639485,-2.5984722706315106,418,432,375,435,34.545267352639485,NEUTRAL,program,sonic_drive_three_laps.py,function,ec959a186dbd8278df967871b3a34262848e2c5ecc08c20aa12abb30068f0552,右壁追従 | target_deg=-2.078,,250.0,73.08118300106949,57.93262036263435,94.07321450047424,111.31940341157743,0,20.05,57.44066448012478,0
20.1,518.225712996865,120.60100606681742,85.33201542323974,27.643359176056222,-0.8291218255582897,34.54657400164781,-2.5910057048696555,418,432,375,435,34.54657400164781,NEUTRAL,program,sonic_drive_three_laps.py,function,ec959a186dbd8278df967871b3a34262848e2c5ecc08c20aa12abb30068f0552,右壁追従 | target_deg=-2.072,,250.0,76.09268953893351,55.93914951120839,92.43559703255401,107.5872716586721,0,20.1,57.342821365709966,0
20.15,519.6033317601643,120.71267991539023,85.39912119341943,27.642358377106493,-0.8253296033012663,34.548647873194625,-2.579155010316457,418,432,375,435,34.548647873194625,NEUTRAL,program,sonic_drive_three_laps.py,function,ec959a186dbd8278df967871b3a34262848e2c5ecc08c20aa12abb30068f0552,右壁追従 | target_deg=-2.063,,249.33297946187525,76.48845662411459,58.3426253209443,94.08268410736345,109.6527454010372,0,20.15,57.24654462043816,0
20.2,520.981057768059,120.82274537959213,85.46564945694718,27.6422820265623,-0.8182409500091872,34.55252448046373,-2.55700296877871,418,432,375,435,34.55252448046373,NEUTRAL,program,sonic_drive_three_laps.py,function,ec959a186dbd8278df967871b3a34262848e2c5ecc08c20aa12abb30068f0552,右壁追従 | target_deg=-2.045,,249.40290233007877,76.25002220477519,61.09646500513369,93.73033328730334,111.72625326805542,0,20.2,57.15175877133524,0
20.25,522.3589059691346,120.93121020205024,85.5322166161634,27.64217544621401,-0.8187220705352503,34.55226136767603,-2.558506470422657,418,432,375,435,34.55226136767603,NEUTRAL,program,sonic_drive_three_laps.py,function,ec959a186dbd8278df967871b3a34262848e2c5ecc08c20aa12abb30068f0552,右壁追従 | target_deg=-2.046,,250.0,75.14623066933025,58.96586849823925,93.69400911020048,110.17063098804631,0,20.25,57.058597442704496,0
20.3,523.7368330039724,121.03805642106117,85.59995244839928,27.640673079449193,-0.8331224099441776,34.54438618206178,-2.603507531075555,418,432,375,435,34.54438618206178,NEUTRAL,program,sonic_drive_three_laps.py,function,ec959a186dbd8278df967871b3a34262848e2c5ecc08c20aa12abb30068f0552,右壁追従 | target_deg=-2.082,,250.0,74.55455013227733,58.368800294149956,94.84486879797956,111.47554798283278,0,20.3,56.96733871480998,0
20.35,525.1147433093008,121.14323651367918,85.66985455227143,27.636873818000346,-0.8598525853147931,34.52976811740597,-2.6870393291087287,418,432,375,435,34.52976811740597,NEUTRAL,program,sonic_drive_three_laps.py,function,ec959a186dbd8278df967871b3a34262848e2c5ecc08c20aa12abb30068f0552,右壁追従 | target_deg=-2.149,,250.0,76.76810395437256,56.32357123883508,92.86078420124024,111.98850839880707,0,20.35,56.878260804024706,0
20.4,526.4925698237319,121.24670362375831,85.7410774088101,27.632315890508284,-0.8762313619630006,34.52081097392649,-2.7382230061343766,418,432,375,435,34.52081097392649,NEUTRAL,program,sonic_drive_three_laps.py,function,ec959a186dbd8278df967871b3a34262848e2c5ecc08c20aa12abb30068f0552,右壁追従 | target_deg=-2.190,,249.1698865361741,77.49076348424435,56.79350002321689,90.39391062773126,112.73697345630372,0,20.4,56.79121699896393,0
20.45,527.8703795776611,121.34846499522078,85.81083308972552,27.63055575249383,-0.858272975421828,34.53063196656619,-2.6821030481932127,418,432,375,435,34.53063196656619,NEUTRAL,program,sonic_drive_three_laps.py,function,ec959a186dbd8278df967871b3a34262848e2c5ecc08c20aa12abb30068f0552,右壁追従 | target_deg=-2.145,,250.0,74.88747843525455,57.67492669958453,91.91885433163252,110.02426738157992,0,20.45,56.70555711013853,0
20.5,529.2482408165679,121.44854522027009,85.88046050111029,27.629343494205106,-0.8567392922530452,34.53147069954912,-2.6773102882907662,418,432,375,435,34.53147069954912,NEUTRAL,program,sonic_drive_three_laps.py,function,ec959a186dbd8278df967871b3a34262848e2c5ecc08c20aa12abb30068f0552,右壁追従 | target_deg=-2.141,,250.0,72.72451505505602,58.20677944285477,94.88144797595307,111.64258423619403,0,20.5,56.62156501326646,0
20.55,530.6261994064736,121.54695912537979,85.94927467654753,27.62938952038912,-0.8467480510220495,34.53693465959732,-2.646087659443905,418,432,375,435,34.53693465959732,NEUTRAL,program,sonic_drive_three_laps.py,function,ec959a186dbd8278df967871b3a34262848e2c5ecc08c20aa12abb30068f0552,右壁追従 | target_deg=-2.116,,250.0,77.94120420382704,57.679097525862815,92.98816574144294,109.88163910011502,0,20.55,56.53906726179517,0
20.6,532.0042344454897,121.64370068248203,86.01928380070234,27.627973105331538,-0.861475620318035,34.52888052013858,-2.6921113134938595,418,432,375,435,34.52888052013858,NEUTRAL,program,sonic_drive_three_laps.py,function,ec959a186dbd8278df967871b3a34262848e2c5ecc08c20aa12abb30068f0552,右壁追従 | target_deg=-2.153,,250.0,77.21810231482173,56.27702098169541,90.34800792033555,111.17939970390458,0,20.6,56.45853446968911,0
20.65,533.3822785441366,121.73873504659562,86.09060526216416,27.62527711336802,-0.8776912157152742,34.52001261640571,-2.742785049110232,418,432,375,435,34.52001261640571,NEUTRAL,program,sonic_drive_three_laps.py,function,ec959a186dbd8278df967871b3a34262848e2c5ecc08c20aa12abb30068f0552,右壁追従 | target_deg=-2.193,,247.20306798960576,73.36193708660836,57.57417674852625,97.0092347760064,113.59714456756677,0,20.65,56.380029515116235,0
20.7,534.7602665301497,121.83202301340764,86.1635165065307,27.62124886889622,-0.8973658192437736,34.50925306760106,-2.8042681851367925,418,432,375,435,34.50925306760106,NEUTRAL,program,sonic_drive_three_laps.py,function,ec959a186dbd8278df967871b3a34262848e2c5ecc08c20aa12abb30068f0552,右壁追従 | target_deg=-2.242,,248.56465579451296,76.65028117337928,56.3866833709942,92.12188168542619,113.88830788094171,0,20.7,56.303656913197926,0
20.75,536.1382670680557,121.92357360451703,86.2345050532706,27.62045474261616,-0.8737712760974965,34.52215633338418,-2.7305352378046766,418,432,375,435,34.52215633338418,NEUTRAL,program,sonic_drive_three_laps.py,function,ec959a186dbd8278df967871b3a34262848e2c5ecc08c20aa12abb30068f0552,右壁追従 | target_deg=-2.184,,250.0,73.65627419502134,58.39189342540807,96.02866756218538,111.30416361463816,0,20.75,56.22859260377561,0
20.8,537.5163613644924,122.01342087357597,86.3050562747053,27.6203690903812,-0.8684007424278606,34.525093343984764,-2.7137523200870644,418,432,375,435,34.525093343984764,NEUTRAL,program,sonic_drive_three_laps.py,function,ec959a186dbd8278df967871b3a34262848e2c5ecc08c20aa12abb30068f0552,右壁追従 | target_deg=-2.170,,250.0,73.95782210306979,56.87673605299108,92.51937774989706,110.76518882710994,0,20.8,56.15514662741677,0
20.85,538.8945596757063,122.1015701693086,86.37565976339783,27.62023897054842,-0.8690475304114631,34.52473963180623,-2.715773532535822,418,432,375,435,34.52473963180623,NEUTRAL,program,sonic_drive_three_laps.py,function,ec959a186dbd8278df967871b3a34262848e2c5ecc08c20aa12abb30068f0552,右壁追従 | target_deg=-2.172,,249.53161408703426,75.24588275365413,57.49352769659266,96.53762815674551,111.85555686984426,0,20.85,56.083427292175685,0
20.9,540.273036358565,122.1880911789535,86.44134714969493,27.62611359582059,-0.8084419771655028,34.55788329373762,-2.5263811786421964,418,432,375,435,34.55788329373762,NEUTRAL,program,sonic_drive_three_laps.py,function,ec959a186dbd8278df967871b3a34262848e2c5ecc08c20aa12abb30068f0552,右壁追従 | target_deg=-2.020,,249.61763930061312,71.7059279282028,55.82315464470116,94.37203701159898,101.98813529885551,0,20.9,56.012207044759236,0
20.95,541.6542209371657,122.27394470475613,86.44326818768127,27.710372871285312,0.0,35.0,0.0,418,435,375,435,35.0,NEUTRAL,program,sonic_drive_three_laps.py,function,ec959a186dbd8278df967871b3a34262848e2c5ecc08c20aa12abb30068f0552,右壁追従 | target_deg=0.000,,250.0,74.29903553876295,56.21066317998283,95.79436633542728,64.07555301166217,0,20.95,55.92680120688689,0
21.0,543.0390382504816,122.36002015973816,86.44326818768127,27.77564342337716,0.0,35.0,0.0,418,435,375,435,35.0,NEUTRAL,program,sonic_drive_three_laps.py,function,ec959a186dbd8278df967871b3a34262848e2c5ecc08c20aa12abb30068f0552,右壁追従 | target_deg=0.000,,250.0,72.98594071324196,54.89541338085061,92.73553887595037,59.75385347119124,0,21.0,55.84072575190487,0
21.05,544.4266694375316,122.44627051538006,86.44326818768127,27.82620456275177,0.0,35.0,0.0,418,435,375,435,35.0,NEUTRAL,program,sonic_drive_three_laps.py,function,ec959a186dbd8278df967871b3a34262848e2c5ecc08c20aa12abb30068f0552,右壁追従 | target_deg=0.000,,250.0,75.64370826366988,56.620924831568,94.3837712348871,60.53382553018945,0,21.05,55.75447539626296,0
21.1,545.8164803619591,122.53265635595902,86.44326818768127,27.86537121192092,0.0,35.0,0.0,418,435,375,435,35.0,NEUTRAL,program,sonic_drive_three_laps.py,function,ec959a186dbd8278df967871b3a34262848e2c5ecc08c20aa12abb30068f0552,右壁追従 | target_deg=0.000,,249.0735541626815,74.25828293107502,58.07390300585372,93.43874791755034,60.623151267804545,0,21.1,55.66808955568402,0
21.15,547.2079797967762,122.6191471485043,86.44326818768127,27.8957112403719,0.0,35.0,0.0,418,435,375,435,35.0,NEUTRAL,program,sonic_drive_three_laps.py,function,ec959a186dbd8278df967871b3a34262848e2c5ecc08c20aa12abb30068f0552,右壁追従 | target_deg=0.000,,249.11938348262206,75.94923052769309,55.7347236562545,92.51067752495938,62.2460267774068,0,21.15,55.58159876313874,0
21.2,548.6008638319374,122.70447351008917,86.55822305827547,27.919213820907462,-1.6,35.0,-5.0,418,429,375,435,35.0,NEUTRAL,program,sonic_drive_three_laps.py,function,ec959a186dbd8278df967871b3a34262848e2c5ecc08c20aa12abb30068f0552,仕切り壁予防：右壁の向き・離隔を保持 | target_deg=-3.995,,249.0603947748854,75.47965456928611,56.48068837389534,92.96734318670246,62.42106420978219,0,21.2,55.52308422064931,0
21.25,549.9950227988144,122.7854629332711,86.80490393526918,27.937419845095054,-3.2,35.0,-10.0,418,424,375,435,35.0,NEUTRAL,program,sonic_drive_three_laps.py,function,ec959a186dbd8278df967871b3a34262848e2c5ecc08c20aa12abb30068f0552,仕切り壁予防：右壁の向き・離隔を保持 | target_deg=-7.957,,250.0,76.30059346423957,55.84721603548248,96.3564708811421,62.50176612470259,0,21.25,55.49977700598163,0
21.3,551.3874669982954,122.85999071169317,87.06765972438188,27.856871483753807,-3.2,34.475,-10.0,418,424,375,435,34.475,NEUTRAL,program,sonic_drive_three_laps.py,function,ec959a186dbd8278df967871b3a34262848e2c5ecc08c20aa12abb30068f0552,仕切り壁予防：右壁の向き・離隔を保持 | target_deg=-7.957,,249.63754238890255,74.83001029302102,54.36885959567393,91.95667892540973,61.52774033321598,0,21.3,55.486909728388525,0
21.35,552.7767628961991,122.92796997576802,87.32975992051354,27.794475551841977,-3.2,34.475,-10.0,418,424,375,435,34.475,NEUTRAL,program,sonic_drive_three_laps.py,function,ec959a186dbd8278df967871b3a34262848e2c5ecc08c20aa12abb30068f0552,仕切り壁予防：右壁の向き・離隔を保持 | target_deg=-7.957,,249.62905813168268,76.34297954185286,56.23572071703281,90.89727965042832,63.1240386447433,0,21.35,55.480661373650236,0
21.4,554.1636624716992,122.9894799456861,87.59135226851112,27.746141206433602,-3.2,34.475,-10.0,418,424,375,435,34.475,NEUTRAL,program,sonic_drive_three_laps.py,function,ec959a186dbd8278df967871b3a34262848e2c5ecc08c20aa12abb30068f0552,仕切り壁予防：右壁の向き・離隔を保持 | target_deg=-7.957,,250.0,75.98685957410322,56.53301286624737,93.27374678836574,64.63102342126838,0,21.4,55.48098473918074,0
21.45,555.548742130303,123.04457897769669,87.85255121734991,27.708699519540346,-3.2,34.475,-10.0,418,424,375,435,34.475,NEUTRAL,program,sonic_drive_three_laps.py,function,ec959a186dbd8278df967871b3a34262848e2c5ecc08c20aa12abb30068f0552,仕切り壁予防：右壁の向き・離隔を保持 | target_deg=-7.957,,250.0,75.75899011195114,55.37360423384107,95.09286893494625,61.97530668498717,0,21.45,55.48784608865745,0
21.5,556.9324421954215,123.09330994632307,88.11344542371205,27.679695714780646,-3.2,34.475,-10.0,418,424,375,435,34.475,NEUTRAL,program,sonic_drive_three_laps.py,function,ec959a186dbd8278df967871b3a34262848e2c5ecc08c20aa12abb30068f0552,仕切り壁予防：右壁の向き・離隔を保持 | target_deg=-7.957,,249.20633973166784,76.42786472751754,55.520404284024,92.15997115263814,63.439162785947076,0,21.5,55.50122141108662,0
21.55,558.3150975199975,123.1357042611259,88.37410356455388,27.65722822572393,-3.2,34.475,-10.0,418,424,375,435,34.475,NEUTRAL,program,sonic_drive_three_laps.py,function,ec959a186dbd8278df967871b3a34262848e2c5ecc08c20aa12abb30068f0552,仕切り壁予防：右壁の向き・離隔を保持 | target_deg=-7.957,,250.0,74.62123904568072,56.215536956478786,94.3519487181309,62.031117654396,0,21.55,55.521093681373145,0
21.6,559.6969612141461,123.17178486243091,88.63457883974979,27.63982402414777,-3.2,34.475,-10.0,418,424,375,435,34.475,NEUTRAL,program,sonic_drive_three_laps.py,function,ec959a186dbd8278df967871b3a34262848e2c5ecc08c20aa12abb30068f0552,仕切り壁予防：右壁の向き・離隔を保持 | target_deg=-7.957,,249.84070415653247,77.1793268600252,57.143711294593686,93.87462921331121,62.7373746415925,0,21.6,55.5474508585493,0
21.65,561.0782230363643,123.20156845361007,88.89491246001694,27.626342044397425,-3.2,34.475,-10.0,418,424,375,435,34.475,NEUTRAL,program,sonic_drive_three_laps.py,function,ec959a186dbd8278df967871b3a34262848e2c5ecc08c20aa12abb30068f0552,仕切り壁予防：右壁の向き・離隔を保持 | target_deg=-7.957,,248.75607183787272,78.27749296129409,56.31642750559573,89.55481436078745,61.06041070739019,0,21.65,55.5802844268556,0
21.7,562.4590236481259,123.22506716269801,89.15513634879909,27.615898372092598,-3.2,34.475,-10.0,418,424,375,435,34.475,NEUTRAL,program,sonic_drive_three_laps.py,function,ec959a186dbd8278df967871b3a34262848e2c5ecc08c20aa12abb30068f0552,仕切り壁予防：右壁の向き・離隔を保持 | target_deg=-7.957,,249.0205698588083,78.40092817170124,56.444052105994814,91.14722915684273,62.20732583149052,0,21.7,55.61958833579445,0
21.75,563.8394656620284,123.24228977767395,89.41527523525286,27.607808292354274,-3.2,34.475,-10.0,418,424,375,435,34.475,NEUTRAL,program,sonic_drive_three_laps.py,function,ec959a186dbd8278df967871b3a34262848e2c5ecc08c20aa12abb30068f0552,仕切り壁予防：右壁の向き・離隔を保持 | target_deg=-7.957,,248.34751841469372,79.04587636904444,55.583645590664176,88.27557113509484,61.67475429513598,0,21.75,55.66535823290647,0
21.8,565.2196222045704,123.25324266346792,89.67534827555659,27.601541398079725,-3.2,34.475,-10.0,418,424,375,435,34.475,NEUTRAL,program,sonic_drive_three_laps.py,function,ec959a186dbd8278df967871b3a34262848e2c5ecc08c20aa12abb30068f0552,仕切り壁予防：右壁の向き・離隔を保持 | target_deg=-7.957,,250.0,79.61220045172848,58.05937892300446,90.95564995977715,61.43002981631017,0,21.8,55.71759091085764,0
21.85,566.5995435525413,123.25793044157965,89.93537030883999,27.596686815044862,-3.2,34.475,-10.0,418,424,375,435,34.475,NEUTRAL,program,sonic_drive_three_laps.py,function,ec959a186dbd8278df967871b3a34262848e2c5ecc08c20aa12abb30068f0552,仕切り壁予防：右壁の向き・離隔を保持 | target_deg=-7.957,,250.0,76.12155846222531,54.818021341626945,87.0825454016192,63.9069826889225,0,21.85,55.77628391102479,0
21.9,567.9792622763139,123.25635649283362,90.19535283007724,27.59292626389944,-3.2,34.475,-10.0,418,424,375,435,34.475,NEUTRAL,program,sonic_drive_three_laps.py,function,ec959a186dbd8278df967871b3a34262848e2c5ecc08c20aa12abb30068f0552,仕切り壁予防：右壁の向き・離隔を保持 | target_deg=-7.957,,250.0,81.26313236446202,53.64253357550888,88.44124248626355,62.83923056214076,0,21.9,55.74596802352224,0
21.95,569.358801303593,123.24919213454207,90.39948637958759,27.590013192927998,-2.5099882887581786,34.475,-7.843713402369309,418,426,375,435,34.475,NEUTRAL,program,sonic_drive_three_laps.py,function,ec959a186dbd8278df967871b3a34262848e2c5ecc08c20aa12abb30068f0552,仕切り壁予防：右壁の向き・離隔を保持 | target_deg=-6.254,,250.0,79.59887022195338,56.078139961342906,87.44260130899487,65.83256809082226,0,21.95,55.7034387868963,0
22.0,570.7402365325885,123.23729380219797,90.58746886129467,27.65578850821464,-2.3119778657401633,34.85235015458537,-7.22493083043801,418,427,375,435,34.85235015458537,NEUTRAL,program,sonic_drive_three_laps.py,function,ec959a186dbd8278df967871b3a34262848e2c5ecc08c20aa12abb30068f0552,仕切り壁予防：右壁の向き・離隔を保持 | target_deg=-5.764,,250.0,78.35350996373573,54.002704091887274,85.30545227002999,62.56219914034325,0,22.0,55.66968863328199,0
22.05,572.1250505311986,123.22040956434532,90.80961065750898,27.72626354923669,-2.7247561706174337,34.960637104673346,-8.51486303317948,418,426,375,435,34.960637104673346,NEUTRAL,program,sonic_drive_three_laps.py,function,ec959a186dbd8278df967871b3a34262848e2c5ecc08c20aa12abb30068f0552,仕切り壁予防：右壁の向き・離隔を保持 | target_deg=-6.785,,249.10969949691432,79.76534821287873,53.80238233516741,86.8149838590303,61.89745818033774,0,22.05,55.63277013633885,0
22.1,573.51160732197,123.19836038542385,91.01248336682619,27.740158299960356,-2.485462572734236,34.734898969193594,-7.767070539794488,418,426,375,435,34.734898969193594,NEUTRAL,program,sonic_drive_three_laps.py,function,ec959a186dbd8278df967871b3a34262848e2c5ecc08c20aa12abb30068f0552,仕切り壁予防：右壁の向き・離隔を保持 | target_deg=-6.193,,250.0,77.69103336587318,57.02501639393957,85.26251950205503,62.30998721901654,0,22.1,55.605817443235765,0
22.15,574.8993770527728,123.17074958442055,91.2671076084331,27.77451493911437,-3.115420474065732,34.86576265553597,-9.735688981455413,418,424,375,435,34.86576265553597,NEUTRAL,program,sonic_drive_three_laps.py,function,ec959a186dbd8278df967871b3a34262848e2c5ecc08c20aa12abb30068f0552,仕切り壁予防：右壁の向き・離隔を保持 | target_deg=-7.749,,250.0,80.63796017701566,58.43634195235827,88.71183076326896,62.37330741301812,0,22.15,55.57210816685355,0
22.2,576.2866272925133,123.13732428943256,91.49340061951995,27.73901807161745,-2.770131434695656,34.5212544282453,-8.656660733423925,418,425,375,435,34.5212544282453,NEUTRAL,program,sonic_drive_three_laps.py,function,ec959a186dbd8278df967871b3a34262848e2c5ecc08c20aa12abb30068f0552,仕切り壁予防：右壁の向き・離隔を保持 | target_deg=-6.897,,250.0,79.78289663800588,57.6196927248687,87.28478643998012,63.73912576765978,0,22.2,55.55120708266708,0
22.25,577.6732249387078,123.09826668755656,91.73355447534698,27.745564668485,-2.940586391151236,34.710084371650815,-9.189332472347612,418,425,375,435,34.710084371650815,NEUTRAL,program,sonic_drive_three_laps.py,function,ec959a186dbd8278df967871b3a34262848e2c5ecc08c20aa12abb30068f0552,仕切り壁予防：右壁の向き・離隔を保持 | target_deg=-7.318,,250.0,81.36042421946686,58.96772621114095,86.06650336954334,61.378915583844396,0,22.25,55.5327875196941,0
22.3,579.0594261481727,123.05352917905472,91.96342834966345,27.733829866772847,-2.815374618191821,34.61686681733917,-8.798045681849441,418,425,375,435,34.61686681733917,NEUTRAL,program,sonic_drive_three_laps.py,function,ec959a186dbd8278df967871b3a34262848e2c5ecc08c20aa12abb30068f0552,仕切り壁予防：右壁の向き・離隔を保持 | target_deg=-7.009,,250.0,85.59152003404272,60.342777840779114,84.104247349147,60.54783257576154,0,22.3,55.52267966603762,0
22.35,580.4453207769054,123.00372641710018,92.15270092721124,27.737084916610844,-2.318935958544471,34.68534200567635,-7.246674870451472,418,427,375,435,34.68534200567635,NEUTRAL,program,sonic_drive_three_laps.py,function,ec959a186dbd8278df967871b3a34262848e2c5ecc08c20aa12abb30068f0552,仕切り壁予防：右壁の向き・離隔を保持 | target_deg=-5.781,,250.0,81.88713678241275,57.86534105167872,83.64156486492752,61.726782109708644,0,22.35,55.52745060258968,0
22.4,581.832674472342,122.94962588127768,92.31358998825777,27.788552912771355,-1.969187658264641,34.956831897670995,-6.153711432077003,418,428,375,435,34.956831897670995,NEUTRAL,program,sonic_drive_three_laps.py,function,ec959a186dbd8278df967871b3a34262848e2c5ecc08c20aa12abb30068f0552,仕切り壁予防：右壁の向き・離隔を保持 | target_deg=-4.913,,250.0,82.76335045463101,56.50609099472887,85.01556248615147,63.187548576282985,0,22.4,55.5433625722153,0
22.45,583.2223675619157,122.89250207985488,92.38887066207201,27.836204761487583,-0.84360604605986,35.0,-2.6362688939370624,418,432,375,435,35.0,NEUTRAL,program,sonic_drive_three_laps.py,function,ec959a186dbd8278df967871b3a34262848e2c5ecc08c20aa12abb30068f0552,仕切り壁予防：右壁の向き・離隔を保持 | target_deg=-2.108,,249.07230655497753,87.95859378205523,54.17643035391174,81.44585381750322,63.51608291259675,0,22.45,55.58264635058612,0
22.5,584.6140307131445,122.83322919197654,92.48879677148858,27.87311775957297,-1.219367428454528,35.0,-3.8105232139203995,418,430,375,435,35.0,NEUTRAL,program,sonic_drive_three_laps.py,function,ec959a186dbd8278df967871b3a34262848e2c5ecc08c20aa12abb30068f0552,仕切り壁予防：右壁の向き・離隔を保持 | target_deg=-3.046,,248.8254906871407,83.56552670672991,54.03013151617592,82.43867458312864,60.831334949592964,0,22.5,55.61826694101802,0
22.55,586.0071702413084,122.77121296866734,92.6089317629042,27.901712021167445,-1.4641963428068765,35.0,-4.575613571271489,418,430,375,435,35.0,NEUTRAL,program,sonic_drive_three_laps.py,function,ec959a186dbd8278df967871b3a34262848e2c5ecc08c20aa12abb30068f0552,仕切り壁予防：右壁の向き・離隔を保持 | target_deg=-3.656,,245.88182304688303,83.73118206203043,58.01099064791486,82.0467214528464,60.346325225935765,0,22.55,55.65189014976315,0
22.6,587.4014358459991,122.70676238160736,92.68434918281957,27.923862261964512,-0.9184898040030458,35.0,-2.8702806375095182,418,431,375,435,35.0,NEUTRAL,program,sonic_drive_three_laps.py,function,ec959a186dbd8278df967871b3a34262848e2c5ecc08c20aa12abb30068f0552,仕切り壁予防：右壁の向き・離隔を保持 | target_deg=-2.295,,250.0,84.50446006988574,55.97872560055232,81.83987112480263,62.57450706562899,0,22.6,55.69854025159174,0
22.65,588.7965563078302,122.64012263113801,92.78510904257428,27.941020710548578,-1.2262062287706703,35.0,-3.831894464908345,418,430,375,435,35.0,NEUTRAL,program,sonic_drive_three_laps.py,function,ec959a186dbd8278df967871b3a34262848e2c5ecc08c20aa12abb30068f0552,仕切り壁予防：右壁の向き・離隔を保持 | target_deg=-3.063,,250.0,85.23891513563768,56.850750459212584,83.32835190504849,61.72578179017689,0,22.65,55.74142682335719,0
22.7,590.1922511075879,122.57006749004177,92.96606193978602,27.95431232035586,-2.261646533591439,35.0,-7.067645417473246,418,427,375,435,35.0,NEUTRAL,program,sonic_drive_three_laps.py,function,ec959a186dbd8278df967871b3a34262848e2c5ecc08c20aa12abb30068f0552,仕切り壁予防：右壁の向き・離隔を保持 | target_deg=-5.639,,250.0,84.53291212639387,56.79023949192951,84.11276459529272,59.26402594003455,0,22.7,55.76890692065032,0
22.75,591.5882610364088,122.49621888784849,93.0887410383969,27.962474278665375,-1.4708171049425574,34.98816205194218,-4.596303452945492,418,430,375,435,34.98816205194218,NEUTRAL,program,sonic_drive_three_laps.py,function,ec959a186dbd8278df967871b3a34262848e2c5ecc08c20aa12abb30068f0552,仕切り壁予防：右壁の向き・離隔を保持 | target_deg=-3.673,,248.11160283299603,87.2755551917628,57.77680137809957,80.68187498550189,61.15763849589138,0,22.75,55.813952023970984,0
22.8,592.9844913351765,122.41873595156018,93.26393066967478,27.970931098853544,-2.1287883656519826,35.0,-6.652463642662445,418,428,375,435,35.0,NEUTRAL,program,sonic_drive_three_laps.py,function,ec959a186dbd8278df967871b3a34262848e2c5ecc08c20aa12abb30068f0552,仕切り壁予防：右壁の向き・離隔を保持 | target_deg=-5.309,,250.0,83.74435876188451,55.998640112222176,83.75962035859126,59.919158410734724,0,22.8,55.85038804603778,0
22.85,594.380904227079,122.33801039113129,93.34693493712587,27.97748208471924,-0.9180207589478937,35.0,-2.8688148717121678,418,431,375,435,35.0,NEUTRAL,program,sonic_drive_three_laps.py,function,ec959a186dbd8278df967871b3a34262848e2c5ecc08c20aa12abb30068f0552,仕切り壁予防：右壁の向き・離隔を保持 | target_deg=-2.294,,248.66937226129085,85.14608306245484,56.96428487800078,80.45043004586104,62.64851181177331,0,22.85,55.91170088135405,0
22.9,595.7774856779006,122.25532140535044,93.42990619795717,27.982556736285392,-1.0081045732064249,35.0,-3.1503267912700776,418,431,375,435,35.0,NEUTRAL,program,sonic_drive_three_laps.py,function,ec959a186dbd8278df967871b3a34262848e2c5ecc08c20aa12abb30068f0552,仕切り壁予防：右壁の向き・離隔を保持 | target_deg=-2.519,,250.0,86.18982281167033,56.79441276566319,82.04838028757457,61.3972873661985,0,22.9,55.9750075147964,0
22.95,597.1741853812623,122.17093710680008,93.48495782776251,27.986487761179326,-0.6688136530976698,35.0,-2.090042665930218,418,432,375,435,35.0,NEUTRAL,program,sonic_drive_three_laps.py,function,ec959a186dbd8278df967871b3a34262848e2c5ecc08c20aa12abb30068f0552,仕切り壁予防：右壁の向き・離隔を保持 | target_deg=-1.672,,250.0,88.19608586705876,58.567509934857156,80.06074670056678,61.03998267645907,0,22.95,56.04654409535135,0
23.0,598.5709579114376,122.08495832818953,93.55987335460878,27.98953288782798,-0.9099914181204906,35.0,-2.843723181626533,418,432,375,435,35.0,NEUTRAL,program,sonic_drive_three_laps.py,function,ec959a186dbd8278df967871b3a34262848e2c5ecc08c20aa12abb30068f0552,仕切り壁予防：右壁の向き・離隔を保持 | target_deg=-2.274,,248.72404311167838,87.73910687725285,57.568358045333085,80.93970572951832,60.318726449672496,0,23.0,56.11505546966717,0
23.05,599.9677902682155,121.99781693103046,93.57962219536523,27.991891762817723,-0.23919518158874042,35.0,-0.7474849424648138,418,434,375,435,35.0,NEUTRAL,program,sonic_drive_three_laps.py,function,ec959a186dbd8278df967871b3a34262848e2c5ecc08c20aa12abb30068f0552,仕切り壁予防：右壁の向き・離隔を保持 | target_deg=-0.598,,250.0,85.58433074752539,58.03174389071481,80.29353544795462,62.55070319275363,0,23.05,56.197595288975265,0
23.1,601.3647497552242,121.91107879303233,93.5227000684859,27.993719040254497,0.7441047987752859,35.0,2.3253274961727683,418,437,375,435,35.0,NEUTRAL,program,sonic_drive_three_laps.py,function,ec959a186dbd8278df967871b3a34262848e2c5ecc08c20aa12abb30068f0552,仕切り壁予防：右壁の向き・離隔を保持 | target_deg=1.860,,247.86906895750462,85.9296851817264,58.46104102338226,78.31364986997426,62.95216661951902,0,23.1,56.297600061196476,0
23.15,602.7618629225005,121.8255501068472,93.4836396709369,27.995134521297572,0.4743859185900476,35.0,1.4824559955938987,418,436,375,435,35.0,NEUTRAL,program,sonic_drive_three_laps.py,function,ec959a186dbd8278df967871b3a34262848e2c5ecc08c20aa12abb30068f0552,仕切り壁予防：右壁の向き・離隔を保持 | target_deg=1.186,,250.0,89.77540943192788,57.27170185384187,79.00566360630626,60.80437963843308,0,23.15,56.39223860439154,0
23.2,604.1590445003874,121.74013828421926,93.51547617426286,27.99623100864152,-0.4255081006091393,35.0,-1.3297128144035604,418,433,375,435,35.0,NEUTRAL,program,sonic_drive_three_laps.py,function,ec959a186dbd8278df967871b3a34262848e2c5ecc08c20aa12abb30068f0552,仕切り壁予防：右壁の向き・離隔を保持 | target_deg=-1.064,,250.0,89.76166388818044,59.2136210905845,79.9347989328724,59.02852663476802,0,23.2,56.47022498233227,0
23.25,605.5561821351337,121.65324606588597,93.60215224101273,27.99708039090723,-1.0524990977983508,35.0,-3.2890596806198467,418,431,375,435,35.0,NEUTRAL,program,sonic_drive_three_laps.py,function,ec959a186dbd8278df967871b3a34262848e2c5ecc08c20aa12abb30068f0552,仕切り壁予防：右壁の向き・離隔を保持 | target_deg=-2.630,,250.0,87.59279845205245,55.23929838787112,79.61072951345652,58.24654627788722,0,23.25,56.53691811655938,0
23.3,606.953267570344,121.56493324536575,93.63138178034711,27.997738355850718,-0.34878262596758136,35.0,-1.0899457061486917,418,433,375,435,35.0,NEUTRAL,program,sonic_drive_three_laps.py,function,ec959a186dbd8278df967871b3a34262848e2c5ecc08c20aa12abb30068f0552,仕切り壁予防：右壁の向き・離隔を保持 | target_deg=-0.872,,250.0,88.25665337140488,56.97552077731407,75.27789604421419,58.055478480434296,0,23.3,56.618424855090666,0
23.35,608.3503742624173,121.47650615268589,93.61180154180579,27.998248041400252,0.2377752660867543,35.0,0.7430477065211072,418,435,375,435,35.0,NEUTRAL,program,sonic_drive_three_laps.py,function,ec959a186dbd8278df967871b3a34262848e2c5ecc08c20aa12abb30068f0552,仕切り壁予防：右壁の向き・離隔を保持 | target_deg=0.594,,248.43222482583926,89.94795032509356,57.40405688309314,80.76731654416066,63.52858595142596,0,23.35,56.62127154001073,0
23.4,609.7474903186935,121.38787895577678,93.64779219730985,27.99864286389342,-0.4386751490988678,35.0,-1.3708598409339618,418,433,375,435,35.0,NEUTRAL,program,sonic_drive_three_laps.py,function,ec959a186dbd8278df967871b3a34262848e2c5ecc08c20aa12abb30068f0552,仕切り壁予防：右壁の向き・離隔を保持 | target_deg=-1.097,,250.0,87.51646115328603,55.96688374743742,80.80766670848534,60.180943664908646,0,23.4,56.625408525543065,0
23.45,611.144595894189,121.29881786721305,93.64718870645481,27.998948708940922,0.007328410051985088,35.0,0.0229012814124534,418,435,375,435,35.0,NEUTRAL,program,sonic_drive_three_laps.py,function,ec959a186dbd8278df967871b3a34262848e2c5ecc08c20aa12abb30068f0552,仕切り壁予防：右壁の向き・離隔を保持 | target_deg=0.018,,248.79868078810517,90.81465340131005,57.656983275056426,78.88886152296132,61.28202504277632,0,23.45,56.62535410389305,0
23.5,612.5417163893987,121.20978317207505,93.64555847999884,27.999185628555946,0.019796248276983876,35.0,0.06186327586557461,418,435,375,435,35.0,NEUTRAL,program,sonic_drive_three_laps.py,function,ec959a186dbd8278df967871b3a34262848e2c5ecc08c20aa12abb30068f0552,仕切り壁予防：右壁の向き・離隔を保持 | target_deg=0.049,,250.0,87.14788676648857,58.55231775410435,77.08842222824337,58.92327632672679,0,23.5,56.62524688732022,0
23.55,613.9388066960461,121.1201168722622,93.69896184030762,27.999369155817348,-0.6487754914616352,35.0,-2.02742341081761,418,432,375,435,35.0,NEUTRAL,program,sonic_drive_three_laps.py,function,ec959a186dbd8278df967871b3a34262848e2c5ecc08c20aa12abb30068f0552,仕切り壁予防：右壁の向き・離隔を保持 | target_deg=-1.622,,250.0,88.75893311369438,58.61695775837094,80.69495193334757,59.76768025167297,0,23.55,56.627424885471825,0
23.6,615.3357998089792,121.02882809950776,93.77857739737681,27.99951132325956,-0.966687416368706,35.0,-3.0208981761522065,418,431,375,435,35.0,NEUTRAL,program,sonic_drive_three_laps.py,function,ec959a186dbd8278df967871b3a34262848e2c5ecc08c20aa12abb30068f0552,仕切り壁予防：右壁の向き・離隔を保持 | target_deg=-2.416,,250.0,90.04268575198654,57.48581239377783,80.84238723917278,60.01011432445068,0,23.6,56.62861548175028,0
23.65,616.7327332518167,120.93653588422848,93.77683062311138,27.99962145175748,0.08545788811416628,35.0,0.2670559003567696,418,435,375,435,35.0,NEUTRAL,program,sonic_drive_three_laps.py,function,ec959a186dbd8278df967871b3a34262848e2c5ecc08c20aa12abb30068f0552,仕切り壁予防：右壁の向き・離隔を保持 | target_deg=0.214,,250.0,90.0244443119424,58.5854711376034,77.6209472290405,61.41507513831598,0,23.65,56.62868733871161,0
23.7,618.1296190026001,120.84345464383536,93.85228475615742,27.999706761627767,-0.9831450034683635,35.0,-3.072328135838636,418,431,375,435,35.0,NEUTRAL,program,sonic_drive_three_laps.py,function,ec959a186dbd8278df967871b3a34262848e2c5ecc08c20aa12abb30068f0552,仕切り壁予防：右壁の向き・離隔を保持 | target_deg=-2.457,,250.0,89.83157864389145,59.445875755913335,80.00623374289951,57.89903692628114,0,23.7,56.62595178101215,0
23.75,619.5263451884618,120.74795688948673,93.97045947717811,27.999772846011968,-1.4346918091324596,35.0,-4.483411903538936,418,430,375,435,35.0,NEUTRAL,program,sonic_drive_three_laps.py,function,ec959a186dbd8278df967871b3a34262848e2c5ecc08c20aa12abb30068f0552,仕切り壁予防：右壁の向き・離隔を保持 | target_deg=-3.583,,250.0,89.893082948206,57.96155654776843,78.39784737487388,56.93591880163247,0,23.75,56.618626955027054,0
23.8,620.9229142223968,120.65014476297408,94.04215631936802,27.99982403757774,-0.8705436184342199,35.0,-2.720448807606937,418,432,375,435,35.0,NEUTRAL,program,sonic_drive_three_laps.py,function,ec959a186dbd8278df967871b3a34262848e2c5ecc08c20aa12abb30068f0552,仕切り壁予防：右壁の向き・離隔を保持 | target_deg=-2.175,,249.83817649500344,89.22842770921002,55.41771288044957,76.4100083972385,57.973807911280815,0,23.8,56.61228778495705,0
23.85,622.3193533256285,120.55046413635162,94.12376848201427,27.999863692580014,-0.9909114047830576,35.0,-3.096598139947055,418,431,375,435,35.0,NEUTRAL,program,sonic_drive_three_laps.py,function,ec959a186dbd8278df967871b3a34262848e2c5ecc08c20aa12abb30068f0552,仕切り壁予防：右壁の向き・離隔を保持 | target_deg=-2.476,,250.0,91.69872255644603,59.69861974955106,78.51352318116648,58.34214681892574,0,23.85,56.60294608579817,0
23.9,623.7157193175394,120.44973911358402,94.1233267269248,27.999894410906013,0.07128659655901572,35.0,0.22277061424692413,418,435,375,435,35.0,NEUTRAL,program,sonic_drive_three_laps.py,function,ec959a186dbd8278df967871b3a34262848e2c5ecc08c20aa12abb30068f0552,仕切り壁予防：右壁の向き・離隔を保持 | target_deg=0.178,,250.0,91.54785002741876,58.94735609532209,76.06062241332786,60.00189928036912,0,23.9,56.603063094288096,0
23.95,625.1120476838873,120.348476058942,94.17245445830179,27.999918206530715,-0.596761680299586,35.0,-1.8648802509362064,418,433,375,435,35.0,NEUTRAL,program,sonic_drive_three_laps.py,function,ec959a186dbd8278df967871b3a34262848e2c5ecc08c20aa12abb30068f0552,仕切り壁予防：右壁の向き・離隔を保持 | target_deg=-1.492,,250.0,91.93995438432519,59.25472983469216,80.6697014721477,59.844415724636946,0,23.95,56.594971548386006,0
24.0,626.5082974379789,120.24612053906336,94.2129618517672,27.999936639558456,-0.4918646501332961,35.0,-1.5370770316665503,418,433,375,435,35.0,NEUTRAL,program,sonic_drive_three_laps.py,function,ec959a186dbd8278df967871b3a34262848e2c5ecc08c20aa12abb30068f0552,仕切り壁予防：右壁の向き・離隔を保持 | target_deg=-1.230,,246.82698131917405,92.17763070846927,58.831928100668094,76.14504260770423,57.48908668826962,0,24.0,56.58727197763887,0
24.05,627.904521490972,120.14340381646298,94.20209404140104,27.99995091850746,0.13196629334842158,35.0,0.4123946667138174,418,435,375,435,35.0,NEUTRAL,program,sonic_drive_three_laps.py,function,ec959a186dbd8278df967871b3a34262848e2c5ecc08c20aa12abb30068f0552,仕切り壁予防：右壁の向き・離隔を保持 | target_deg=0.330,,250.0,93.9027347710972,59.50576573950709,77.27233223782467,60.35682122895951,0,24.05,56.58960665080039,0
24.1,629.300828943078,120.04182039664676,94.11667449570353,27.99996197954352,1.0848200979650948,35.0,3.3900628061409215,418,438,375,435,35.0,NEUTRAL,program,sonic_drive_three_laps.py,function,ec959a186dbd8278df967871b3a34262848e2c5ecc08c20aa12abb30068f0552,仕切り壁予防：右壁の向き・離隔を保持 | target_deg=2.710,,250.0,91.71042476994556,62.04783105000781,75.77066588039038,61.0896524598019,0,24.1,56.61075357893539,0
24.15,630.6972574406278,119.94190673447916,94.0683379457202,27.99997054785753,0.5869239793443802,35.0,1.8341374354511881,418,436,375,435,35.0,NEUTRAL,program,sonic_drive_three_laps.py,function,ec959a186dbd8278df967871b3a34262848e2c5ecc08c20aa12abb30068f0552,仕切り壁予防：右壁の向き・離隔を保持 | target_deg=1.467,,249.49691080426243,90.03112398712851,59.913775161470745,78.29112472533123,59.96016272008599,0,24.15,56.64538640336724,0
24.2,632.0938099048122,119.84373740105822,93.9735389740631,27.999977185210906,1.1509765690526392,35.0,3.596801778289498,418,438,375,435,35.0,NEUTRAL,program,sonic_drive_three_laps.py,function,ec959a186dbd8278df967871b3a34262848e2c5ecc08c20aa12abb30068f0552,仕切り壁予防：右壁の向き・離隔を保持 | target_deg=2.875,,250.0,93.74367821473756,58.80920966318894,73.82289732598106,58.75558999778983,0,24.2,56.72190893001768,0
24.25,633.4904367526689,119.74662587464027,93.99404712757132,27.999982326766137,-0.4490234309473607,35.0,-1.4031982217105021,418,433,375,435,35.0,NEUTRAL,program,sonic_drive_three_laps.py,function,ec959a186dbd8278df967871b3a34262848e2c5ecc08c20aa12abb30068f0552,仕切り壁予防：右壁の向き・離隔を保持 | target_deg=-1.122,,250.0,89.01272771613854,60.4097733267692,79.4819142126751,55.72688239626364,0,24.25,56.80293326303628,0
24.3,634.8870622851912,119.64949234432429,93.96018020044164,27.99998630961725,0.44995166941075637,35.0,1.4060989669086137,418,436,375,435,35.0,NEUTRAL,program,sonic_drive_three_laps.py,function,ec959a186dbd8278df967871b3a34262848e2c5ecc08c20aa12abb30068f0552,仕切り壁予防：右壁の向き・離隔を保持 | target_deg=1.125,,250.0,90.07377375768819,60.373107614741436,77.92024860513011,62.82920810010129,0,24.3,56.92934314561698,0
24.35,636.2837077412473,119.55264294642647,93.97339067638171,27.999989394890523,-0.16041257075599105,35.0,-0.501289283612472,418,434,375,435,35.0,NEUTRAL,program,sonic_drive_three_laps.py,function,ec959a186dbd8278df967871b3a34262848e2c5ecc08c20aa12abb30068f0552,仕切り壁予防：右壁の向き・離隔を保持 | target_deg=-0.401,,249.9036438092371,89.18010671362651,59.13344145331098,74.97961736376934,55.70095083850627,0,24.35,57.07738887245415,0
24.4,637.6803443275495,119.45566375863011,93.97082842459446,27.999991784864672,0.031113064538470212,35.0,0.09722832668271941,418,435,375,435,35.0,NEUTRAL,program,sonic_drive_three_laps.py,function,ec959a186dbd8278df967871b3a34262848e2c5ecc08c20aa12abb30068f0552,仕切り壁予防：右壁の向き・離隔を保持 | target_deg=0.078,,247.70608485480517,92.25737098049063,55.8126019225484,74.76848933218007,57.24486083112964,0,24.4,57.26153480385913,0
24.45,639.0769888424584,119.35879733905017,93.96413768752251,27.999993636232745,0.08124463058509888,35.0,0.25388947057843403,418,435,375,435,35.0,NEUTRAL,program,sonic_drive_three_laps.py,function,ec959a186dbd8278df967871b3a34262848e2c5ecc08c20aa12abb30068f0552,仕切り壁予防：右壁の向き・離隔を保持 | target_deg=0.203,,248.10647582785373,94.29721108833974,59.96732897068733,75.89719697209424,58.05035960984088,0,24.45,57.464873202579795,0
24.5,640.4737245526024,119.26325715125088,93.85319911409795,27.99999507037534,1.479633445624607,35.0,4.623854517576897,418,439,375,435,35.0,NEUTRAL,program,sonic_drive_three_laps.py,function,ec959a186dbd8278df967871b3a34262848e2c5ecc08c20aa12abb30068f0552,仕切り壁予防：右壁の向き・離隔を保持 | target_deg=3.695,,249.6252339309717,93.33574461669535,58.974419991140806,73.46852398189618,60.376720218342676,0,24.5,57.39505750140417,0
24.55,641.8706113160918,119.16994805413366,93.79065714161413,27.999996181318657,0.7486791416696952,35.0,2.3396223177177973,418,437,375,435,35.0,NEUTRAL,program,sonic_drive_three_laps.py,function,ec959a186dbd8278df967871b3a34262848e2c5ecc08c20aa12abb30068f0552,仕切り壁予防：右壁の向き・離隔を保持 | target_deg=1.871,,250.0,94.1889374392609,60.35631903571132,74.18842221952511,56.209254948511344,0,24.55,57.31626871391799,0
24.6,643.2676303697434,119.07864201024042,93.68815429601443,27.99999704189909,1.2444818168106822,35.0,3.8890056775333814,418,439,375,435,35.0,NEUTRAL,program,sonic_drive_three_laps.py,function,ec959a186dbd8278df967871b3a34262848e2c5ecc08c20aa12abb30068f0552,仕切り壁予防：右壁の向き・離隔を保持 | target_deg=3.109,,250.0,89.97058116114556,58.24334284077166,75.67672360665148,60.39587950467504,0,24.6,57.24878874460185,0
24.65,644.6647398319757,118.98872653951956,93.68380264009096,27.999997708538572,-0.052157082972195214,35.0,-0.16299088428811004,418,434,375,435,35.0,NEUTRAL,program,sonic_drive_three_laps.py,function,ec959a186dbd8278df967871b3a34262848e2c5ecc08c20aa12abb30068f0552,仕切り壁予防：右壁の向き・離隔を保持 | target_deg=-0.130,,248.7879897118773,94.28488827196573,61.642212379640874,77.53355592575714,56.92462013625057,0,24.65,57.15988555715687,0
24.7,646.06182519604,118.89843716606413,93.7116163627166,27.999998224943763,-0.33773417264096794,35.0,-1.0554192895030248,418,433,375,435,35.0,NEUTRAL,program,sonic_drive_three_laps.py,function,ec959a186dbd8278df967871b3a34262848e2c5ecc08c20aa12abb30068f0552,仕切り壁予防：右壁の向き・離隔を保持 | target_deg=-0.844,,250.0,92.29140545674748,60.56445388229936,77.26717833741266,58.003487624347606,0,24.7,57.06312723018806,0
24.75,647.4588184206293,118.80673479507934,93.80077641403477,27.999998624971553,-1.0981541535890862,35.0,-3.431731729965894,418,431,375,435,35.0,NEUTRAL,program,sonic_drive_three_laps.py,function,ec959a186dbd8278df967871b3a34262848e2c5ecc08c20aa12abb30068f0552,仕切り壁予防：右壁の向き・離隔を保持 | target_deg=-2.744,,244.94277845206503,91.71366314666092,60.74437227250915,76.33305849057791,55.19570801939302,0,24.75,56.950705191677926,0
24.8,648.85568665354,118.7131464810874,93.86524887649426,27.999998934848826,-0.7828312186522126,35.0,-2.4463475582881644,418,432,375,435,35.0,NEUTRAL,program,sonic_drive_three_laps.py,function,ec959a186dbd8278df967871b3a34262848e2c5ecc08c20aa12abb30068f0552,仕切り壁予防：右壁の向き・離隔を保持 | target_deg=-1.956,,247.3433983460447,90.38755851761746,63.353955346708474,75.45799589141286,56.83116103200098,0,24.8,56.84215074362233,0
24.85,650.2525049230786,118.61881414311868,93.85921224486196,27.999999174891965,0.11119515199848592,35.0,0.3474848499952685,418,435,375,435,35.0,NEUTRAL,program,sonic_drive_three_laps.py,function,ec959a186dbd8278df967871b3a34262848e2c5ecc08c20aa12abb30068f0552,仕切り壁予防：右壁の向き・離隔を保持 | target_deg=0.278,,249.09936680360408,92.40556785562123,61.29098762813263,73.3341352389524,57.35182618423405,0,24.85,56.749219115722,0
24.9,651.6492917217937,118.52401735021645,93.90615159214383,27.99999936083883,-0.5728564906591765,35.0,-1.7901765333099267,418,433,375,435,35.0,NEUTRAL,program,sonic_drive_three_laps.py,function,ec959a186dbd8278df967871b3a34262848e2c5ecc08c20aa12abb30068f0552,仕切り壁予防：右壁の向き・離隔を保持 | target_deg=-1.432,,248.24342055057232,93.62336583160409,62.33984192755507,77.7870967825971,57.40324675407203,0,24.9,56.64353394380437,0
24.95,653.0459996974743,118.4280660923898,93.95372762099265,27.999999504880595,-0.5776893566644674,35.0,-1.8052792395764605,418,433,375,435,35.0,NEUTRAL,program,sonic_drive_three_laps.py,function,ec959a186dbd8278df967871b3a34262848e2c5ecc08c20aa12abb30068f0552,仕切り壁予防：右壁の向き・離隔を保持 | target_deg=-1.444,,250.0,92.06548644906272,59.10400489427351,75.69776315254619,56.78203855131803,0,24.95,56.53655410397526,0
25.0,654.442695787981,118.33194177476672,93.91514009995046,27.999999616461015,0.5444634496361851,35.0,1.7014482801130786,418,436,375,435,35.0,NEUTRAL,program,sonic_drive_three_laps.py,function,ec959a186dbd8278df967871b3a34262848e2c5ecc08c20aa12abb30068f0552,仕切り壁予防：右壁の向き・離隔を保持 | target_deg=1.361,,248.7867756762997,93.97592023906775,57.48776892103371,73.59206481800454,58.61506893972804,0,25.0,56.44937416795814,0
25.05,655.8394421533665,118.23655031026692,93.89881178596278,27.9999997028956,0.19827159504359826,35.0,0.6195987345112446,418,435,375,435,35.0,NEUTRAL,program,sonic_drive_three_laps.py,function,ec959a186dbd8278df967871b3a34262848e2c5ecc08c20aa12abb30068f0552,仕切り壁予防：右壁の向き・離隔を保持 | target_deg=0.496,,249.96639645199565,95.70160922527697,61.154459956422464,74.70730178508951,56.507530549272374,0,25.05,56.35776901289282,0
25.1,657.2361296782618,118.14030387722349,93.99779519270265,27.999999769851236,-1.4017284049564018,35.0,-4.380401265488755,418,430,375,435,35.0,NEUTRAL,program,sonic_drive_three_laps.py,function,ec959a186dbd8278df967871b3a34262848e2c5ecc08c20aa12abb30068f0552,仕切り壁予防：右壁の向き・離隔を保持 | target_deg=-3.501,,250.0,93.31672362126949,60.96107620364286,79.01122066919413,54.82585225445706,0,25.1,56.23858333094539,0
25.15,658.6326379224181,118.04148980777364,94.0969779982135,27.999999821717704,-1.2041853136371987,35.0,-3.7630791051162458,418,431,375,435,35.0,NEUTRAL,program,sonic_drive_three_laps.py,function,ec959a186dbd8278df967871b3a34262848e2c5ecc08c20aa12abb30068f0552,仕切り壁予防：右壁の向き・離隔を保持 | target_deg=-3.008,,249.8898466030782,93.70236412670093,60.00839895528436,73.14013200780568,54.43510792630153,0,25.15,56.11681658711936,0
25.2,660.029019855255,117.94090465450412,94.1431286008488,27.999999861895514,-0.5603823088116795,35.0,-1.7511947150364984,418,433,375,435,35.0,NEUTRAL,program,sonic_drive_three_laps.py,function,ec959a186dbd8278df967871b3a34262848e2c5ecc08c20aa12abb30068f0552,仕切り壁予防：右壁の向き・離隔を保持 | target_deg=-1.401,,246.39937260765208,92.1600873741751,59.762682631179,72.8446585915371,55.49868433035074,0,25.2,56.005562566528184,0
25.25,661.4252957478147,117.8388588204309,94.21685099723481,27.99999989301883,-0.8951276979103188,35.0,-2.797274055969746,418,432,375,435,35.0,NEUTRAL,program,sonic_drive_three_laps.py,function,ec959a186dbd8278df967871b3a34262848e2c5ecc08c20aa12abb30068f0552,仕切り壁予防：右壁の向き・離隔を保持 | target_deg=-2.237,,250.0,95.59782035442475,62.84289946642704,74.27570741396276,54.537608561833856,0,25.25,55.886488743807575,0
25.3,662.8214931032214,117.73574274889367,94.23002403296692,27.99999991712817,-0.14625718379318187,35.0,-0.45705369935369333,418,434,375,435,35.0,NEUTRAL,program,sonic_drive_three_laps.py,function,ec959a186dbd8278df967871b3a34262848e2c5ecc08c20aa12abb30068f0552,仕切り壁予防：右壁の向き・離隔を保持 | target_deg=-0.366,,250.0,93.55963649907711,64.08727394037099,72.16351652209731,55.68703397251874,0,25.3,55.78033195520857,0
25.35,664.2177452728216,117.63337318168416,94.15039632105362,27.999999935804222,1.0560851445156714,35.0,3.3002660766114733,418,438,375,435,35.0,NEUTRAL,program,sonic_drive_three_laps.py,function,ec959a186dbd8278df967871b3a34262848e2c5ecc08c20aa12abb30068f0552,仕切り壁予防：右壁の向き・離隔を保持 | target_deg=2.639,,250.0,95.61291224577774,64.14982290163101,71.93366646954195,57.98099553334606,0,25.35,55.696351627607214,0
25.4,665.614096776146,117.53236603615603,94.12554338521164,27.99999995027142,0.2842555530882606,35.0,0.8882986034008145,418,435,375,435,35.0,NEUTRAL,program,sonic_drive_three_laps.py,function,ec959a186dbd8278df967871b3a34262848e2c5ecc08c20aa12abb30068f0552,仕切り壁予防：右壁の向き・離隔を保持 | target_deg=0.711,,250.0,93.75991204160047,63.804980747457854,74.85826771377248,56.06714808210971,0,25.4,55.60108837097279,0
25.45,667.0105043264665,117.43213695244586,94.0853431924046,27.999999961478284,0.4881333888013438,35.0,1.5254168400041994,418,436,375,435,35.0,NEUTRAL,program,sonic_drive_three_laps.py,function,ec959a186dbd8278df967871b3a34262848e2c5ecc08c20aa12abb30068f0552,仕切り壁予防：右壁の向き・離隔を保持 | target_deg=1.220,,250.0,94.49015929022988,61.11861803507622,74.6160425460846,57.807242809477394,0,25.45,55.51015453255191,0
25.5,668.4069345124651,117.33222338445086,94.09965169752434,27.99999997015956,-0.17374560123333993,35.0,-0.5429550038541873,418,434,375,435,35.0,NEUTRAL,program,sonic_drive_three_laps.py,function,ec959a186dbd8278df967871b3a34262848e2c5ecc08c20aa12abb30068f0552,仕切り壁予防：右壁の向き・離隔を保持 | target_deg=-0.434,,247.46387767844263,96.35707761734078,63.56798606017782,76.50502864420866,56.963656913161884,0,25.5,55.40693187688338,0
25.55,669.803382160257,117.23255440133353,94.06527269221249,27.999999976884418,0.41745196370023735,35.0,1.3045373865632417,418,436,375,435,35.0,NEUTRAL,program,sonic_drive_three_laps.py,function,ec959a186dbd8278df967871b3a34262848e2c5ecc08c20aa12abb30068f0552,仕切り壁予防：右壁の向き・離隔を保持 | target_deg=1.044,,249.19699747849626,96.16614002198101,61.65883570329272,72.85891327300044,56.85019652103237,0,25.55,55.315214782520925,0
25.6,671.1999680985767,117.13484679230787,93.93125862135224,27.999999982093755,1.7353959863419959,35.0,5.423112457318737,418,440,375,435,35.0,NEUTRAL,program,sonic_drive_three_laps.py,function,ec959a186dbd8278df967871b3a34262848e2c5ecc08c20aa12abb30068f0552,仕切り壁予防：右壁の向き・離隔を保持 | target_deg=4.332,,250.0,94.34503504101775,64.49300311369235,69.94242368112083,57.4135777019049,0,25.6,55.248542394905215,0
25.65,672.5967234200433,117.03958688588328,93.87763311718072,27.999999986129115,0.5676109776438171,35.0,1.7737843051369282,418,436,375,435,35.0,NEUTRAL,program,sonic_drive_three_laps.py,function,ec959a186dbd8278df967871b3a34262848e2c5ecc08c20aa12abb30068f0552,仕切り壁予防：右壁の向き・離隔を保持 | target_deg=1.419,,249.7544959339609,97.46993199867588,67.14402229388857,73.30779298990838,54.484720437355286,0,25.65,55.1657179501001,0
25.7,673.9935582597262,116.94550013931608,93.82928089406442,27.999999989255063,0.5871135877948171,35.0,1.8347299618588035,418,436,375,435,35.0,NEUTRAL,program,sonic_drive_three_laps.py,function,ec959a186dbd8278df967871b3a34262848e2c5ecc08c20aa12abb30068f0552,仕切り壁予防：右壁の向き・離隔を保持 | target_deg=1.468,,250.0,93.41627727711803,61.89793515600183,73.21836626394932,56.42122563118915,0,25.7,55.08285202432357,0
25.75,675.3904569974981,116.85236651461979,93.7994439079909,27.99999999167655,0.3623014306585583,35.0,1.1321919708079946,418,436,375,435,35.0,NEUTRAL,program,sonic_drive_three_laps.py,function,ec959a186dbd8278df967871b3a34262848e2c5ecc08c20aa12abb30068f0552,仕切り壁予防：右壁の向き・離隔を保持 | target_deg=0.906,,250.0,98.06106110191455,62.065246269905806,73.68415842730307,56.083447274425595,0,25.75,54.99664637448602,0
25.8,676.7873717880439,116.75947376982417,93.80952087247522,27.99999999355233,-0.12236295416751887,35.0,-0.38238423177349645,418,434,375,435,35.0,NEUTRAL,program,sonic_drive_three_laps.py,function,ec959a186dbd8278df967871b3a34262848e2c5ecc08c20aa12abb30068f0552,仕切り壁予防：右壁の向き・離隔を保持 | target_deg=-0.306,,246.94006652791188,96.79286346394441,65.06288510598375,74.01809518834446,55.214308935903944,0,25.8,54.90141348622804,0
25.85,678.1843235320559,116.6671393113256,93.75143816708436,27.99999999500538,0.7374432517877938,35.0,2.3045101618368555,418,437,375,435,35.0,NEUTRAL,program,sonic_drive_three_laps.py,function,ec959a186dbd8278df967871b3a34262848e2c5ecc08c20aa12abb30068f0552,仕切り壁予防：右壁の向き・離隔を保持 | target_deg=1.843,,249.68770508631084,95.36398053410235,61.88076853708481,71.38561733838088,56.469460988756936,0,25.85,54.82257203171149,0
25.9,679.5813789021846,116.57638657655471,93.68198685383868,27.99999999613097,0.8432764803350006,35.0,2.6352390010468767,418,437,375,435,35.0,NEUTRAL,program,sonic_drive_three_laps.py,function,ec959a186dbd8278df967871b3a34262848e2c5ecc08c20aa12abb30068f0552,仕切り壁予防：右壁の向き・離隔を保持 | target_deg=2.107,,249.80394703298097,97.02052541484342,61.96082532108302,74.20749305898964,57.809329478999345,0,25.9,54.7479680013946,0
25.95,680.9784628325224,116.48607404767633,93.72783724526204,27.999999997002895,-0.7567235196649995,35.0,-2.3647609989531233,418,432,375,435,35.0,NEUTRAL,program,sonic_drive_three_laps.py,function,ec959a186dbd8278df967871b3a34262848e2c5ecc08c20aa12abb30068f0552,仕切り壁予防：右壁の向き・離隔を保持 | target_deg=-1.891,,247.6958177777867,93.63621046954826,63.505384941577674,74.41111635229785,50.87376332455845,0,25.95,54.64699262095863,0
26.0,682.3754253074085,116.39390346932393,93.82188868787387,27.999999997678323,-1.1419020188625444,35.0,-3.5684438089454513,418,431,375,435,35.0,NEUTRAL,program,sonic_drive_three_laps.py,function,ec959a186dbd8278df967871b3a34262848e2c5ecc08c20aa12abb30068f0552,仕切り壁予防：右壁の向き・離隔を保持 | target_deg=-2.853,,250.0,96.19219547561937,63.769599595730426,74.29023005543127,55.08882525389638,0,26.0,54.53297150597592,0
26.05,683.7723107652128,116.30057067687653,93.8156039748136,27.999999998201538,0.18662583760892346,35.0,0.5832057425278858,418,435,375,435,35.0,NEUTRAL,program,sonic_drive_three_laps.py,function,ec959a186dbd8278df967871b3a34262848e2c5ecc08c20aa12abb30068f0552,仕切り壁予防：右壁の向き・離隔を保持 | target_deg=0.467,,249.31604475224736,94.67062856981792,61.082641393921236,71.73858711267934,56.78814870428568,0,26.05,54.44109789585001,0
26.1,685.1691634427668,116.20674941210714,93.87240973643998,27.999999998606842,-0.7316909075310207,35.0,-2.2865340860344396,418,432,375,435,35.0,NEUTRAL,program,sonic_drive_three_laps.py,function,ec959a186dbd8278df967871b3a34262848e2c5ecc08c20aa12abb30068f0552,仕切り壁予防：右壁の向き・離隔を保持 | target_deg=-1.829,,250.0,97.65068156710662,63.86102469137828,73.84293015590337,53.44036500750871,0,26.1,54.33409226140884,0
26.15,686.5659705424129,116.11225113944342,93.86636456581374,27.999999998920803,0.10109152084112737,35.0,0.315911002628523,418,435,375,435,35.0,NEUTRAL,program,sonic_drive_three_laps.py,function,ec959a186dbd8278df967871b3a34262848e2c5ecc08c20aa12abb30068f0552,仕切り壁予防：右壁の向き・離隔を保持 | target_deg=0.253,,250.0,96.26165257166352,64.873959157394,71.78245557692404,55.847246424689594,0,26.15,54.24099653623411,0
26.2,687.9628418425106,116.01870802532028,93.79451634230975,27.999999999164014,0.8932980404807455,35.0,2.7915563765023297,418,437,375,435,35.0,NEUTRAL,program,sonic_drive_three_laps.py,function,ec959a186dbd8278df967871b3a34262848e2c5ecc08c20aa12abb30068f0552,仕切り壁予防：右壁の向き・離隔を保持 | target_deg=2.232,,250.0,96.73203805227965,63.20761772775676,70.99304693286663,56.219684728434125,0,26.2,54.16413232190948,0
26.25,689.3598369931459,115.92703338590523,93.71452841961434,27.99999999935241,0.971188894575368,35.0,3.034965295548025,418,438,375,435,35.0,NEUTRAL,program,sonic_drive_three_laps.py,function,ec959a186dbd8278df967871b3a34262848e2c5ecc08c20aa12abb30068f0552,仕切り壁予防：右壁の向き・離隔を保持 | target_deg=2.427,,248.69408626032828,100.02119796849895,63.97098937941074,71.94461697899645,55.965282785499156,0,26.25,54.09104630818439,0
26.3,690.7569054885165,115.83648165403446,93.70500112657112,27.999999999498353,0.07792120294985352,35.0,0.24350375921829226,418,435,375,435,35.0,NEUTRAL,program,sonic_drive_three_laps.py,function,ec959a186dbd8278df967871b3a34262848e2c5ecc08c20aa12abb30068f0552,仕切り壁予防：右壁の向き・離隔を保持 | target_deg=0.195,,249.81454953472675,96.0364983288756,65.07177111651859,72.22172296423645,53.30246359144964,0,26.3,54.00271006635734,0
26.35,692.1539562251402,115.7456565608694,93.73435863758954,27.9999999996114,-0.35647946252269946,35.0,-1.1139983203834358,418,433,375,435,35.0,NEUTRAL,program,sonic_drive_three_laps.py,function,ec959a186dbd8278df967871b3a34262848e2c5ecc08c20aa12abb30068f0552,仕切り壁予防：右壁の向き・離隔を保持 | target_deg=-0.891,,250.0,96.98036856117459,62.98026921710724,72.32652586245385,53.5262531896942,0,26.35,53.905059101856935,0
26.4,693.5509215924197,115.65352908265444,93.81183156835442,27.99999999969898,-0.94065820754248,35.0,-2.93955689857025,418,431,375,435,35.0,NEUTRAL,program,sonic_drive_three_laps.py,function,ec959a186dbd8278df967871b3a34262848e2c5ecc08c20aa12abb30068f0552,仕切り壁予防：右壁の向き・離隔を保持 | target_deg=-2.351,,250.0,97.73528195309896,65.86271202083346,71.2840426260617,51.5626231479729,0,26.4,53.79493224058666,0
26.45,694.9478292973088,115.56052988006505,93.80016026687542,27.999999999766814,0.22486510720518083,35.0,0.7027034600161901,418,435,375,435,35.0,NEUTRAL,program,sonic_drive_three_laps.py,function,ec959a186dbd8278df967871b3a34262848e2c5ecc08c20aa12abb30068f0552,仕切り壁予防：右壁の向き・離隔を保持 | target_deg=0.562,,250.0,96.86293723637534,63.94118605424696,70.52716596942581,55.4665716354947,0,26.45,53.70464337090117,0
26.5,696.3448406319536,115.46910462289695,93.6807202428098,27.99999999981937,1.5625805982375238,35.0,4.883064369492262,418,440,375,435,35.0,NEUTRAL,program,sonic_drive_three_laps.py,function,ec959a186dbd8278df967871b3a34262848e2c5ecc08c20aa12abb30068f0552,仕切り壁予防：右壁の向き・離隔を保持 | target_deg=3.901,,249.04334925803118,98.09703476436646,68.69778490409809,66.29590543740372,53.9069489778382,0,26.5,53.64098070651991,0
26.55,697.7419763119084,115.3795955126567,93.66114535727354,27.999999999860076,0.07523365340505733,35.0,0.23510516689080418,418,435,375,435,35.0,NEUTRAL,program,sonic_drive_three_laps.py,function,ec959a186dbd8278df967871b3a34262848e2c5ecc08c20aa12abb30068f0552,仕切り壁予防：右壁の向き・離隔を保持 | target_deg=0.188,,250.0,97.88374422476083,63.87527852415987,72.55912915983748,52.69462333489118,0,26.55,53.55602608685196,0
26.6,699.1391681715388,115.29096871355503,93.59748455870397,27.999999999891607,0.7791923821747918,35.0,2.4349761942962243,418,437,375,435,35.0,NEUTRAL,program,sonic_drive_three_laps.py,function,ec959a186dbd8278df967871b3a34262848e2c5ecc08c20aa12abb30068f0552,仕切り壁予防：右壁の向き・離隔を保持 | target_deg=1.947,,250.0,93.4073223906077,61.9993102316932,72.79291558301557,57.441089830532746,0,26.6,53.48222002498355,0
26.65,700.5365027740904,115.20462487381104,93.47353540621765,27.999999999916035,1.516528766699207,35.0,4.739152395935022,418,439,375,435,35.0,NEUTRAL,program,sonic_drive_three_laps.py,function,ec959a186dbd8278df967871b3a34262848e2c5ecc08c20aa12abb30068f0552,仕切り壁予防：右壁の向き・離隔を保持 | target_deg=3.787,,250.0,94.44737555017656,65.88737685076244,69.05295349908265,55.29023945461842,0,26.65,53.42477097086622,0
26.7,701.9340031873758,115.1210059542769,93.37484305073968,27.99999999993496,1.1982324576532613,35.0,3.7444764301664417,418,438,375,435,35.0,NEUTRAL,program,sonic_drive_three_laps.py,function,ec959a186dbd8278df967871b3a34262848e2c5ecc08c20aa12abb30068f0552,仕切り壁予防：右壁の向き・離隔を保持 | target_deg=2.993,,250.0,97.84144458593602,63.18094825815835,70.24803976805212,54.15593991442289,0,26.7,53.36419527214187,0
26.75,703.3316245217503,115.03943159722388,93.3058932324866,27.99999999994962,0.8371882076714485,35.0,2.6162131489732765,418,437,375,435,35.0,NEUTRAL,program,sonic_drive_three_laps.py,function,ec959a186dbd8278df967871b3a34262848e2c5ecc08c20aa12abb30068f0552,仕切り壁予防：右壁の向き・離隔を保持 | target_deg=2.092,,250.0,97.6951832251742,64.81004912538889,72.98821648436983,55.96183419344187,0,26.75,53.29873871837681,0
26.8,704.7293226921797,114.95918355814159,93.26610042212792,27.999999999960973,0.4831869565954088,35.0,1.5099592393606525,418,436,375,435,35.0,NEUTRAL,program,sonic_drive_three_laps.py,function,ec959a186dbd8278df967871b3a34262848e2c5ecc08c20aa12abb30068f0552,仕切り壁予防：右壁の向き・離隔を保持 | target_deg=1.208,,248.25889694984318,99.05077603458969,64.23181401131038,71.22129367848997,53.921217746759915,0,26.8,53.22779981404362,0
26.85,706.1270448068723,114.87935318419578,93.2716507432483,27.99999999996977,-0.0673967253784025,35.0,-0.2106147668075078,418,434,375,435,35.0,NEUTRAL,program,sonic_drive_three_laps.py,function,ec959a186dbd8278df967871b3a34262848e2c5ecc08c20aa12abb30068f0552,仕切り壁予防：右壁の向き・離隔を保持 | target_deg=-0.168,,247.53079007158414,100.22520516561912,65.05836467887663,71.42381378963012,52.98823154165957,0,26.85,53.14667068512581,0
26.9,707.5247711424984,114.79959677900831,93.26003614747287,27.999999999976588,0.14103409242872147,35.0,0.4407315388397546,418,435,375,435,35.0,NEUTRAL,program,sonic_drive_three_laps.py,function,ec959a186dbd8278df967871b3a34262848e2c5ecc08c20aa12abb30068f0552,仕切り壁予防：右壁の向き・離隔を保持 | target_deg=0.353,,250.0,95.61426314841022,64.58021053927706,69.85546755281625,53.1931994115245,0,26.9,53.06963216880102,0
26.95,708.9224690404484,114.71934443908212,93.31410733269462,27.999999999981867,-0.6827326335998234,35.0,-2.133539479999448,418,432,375,435,35.0,NEUTRAL,program,sonic_drive_three_laps.py,function,ec959a186dbd8278df967871b3a34262848e2c5ecc08c20aa12abb30068f0552,仕切り壁予防：右壁の向き・離隔を保持 | target_deg=-1.706,,250.0,97.86869626839464,62.505256729568764,73.83144178726172,53.69942432297649,0,26.95,52.97673060060934,0
27.0,710.3200849140842,114.63767624229595,93.37432283143977,27.999999999985953,-0.7311485092794399,35.0,-2.2848390914982497,418,432,375,435,35.0,NEUTRAL,program,sonic_drive_three_laps.py,function,ec959a186dbd8278df967871b3a34262848e2c5ecc08c20aa12abb30068f0552,仕切り壁予防：右壁の向き・離隔を保持 | target_deg=-1.827,,250.0,97.63000326134099,63.886352556963836,72.26486174013489,53.57370467598137,0,27.0,52.88098710876737,0
27.05,711.717599535368,114.55429416213003,93.45463520699906,27.999999999989118,-0.975127542869169,35.0,-3.047273571466153,418,431,375,435,35.0,NEUTRAL,program,sonic_drive_three_laps.py,function,ec959a186dbd8278df967871b3a34262848e2c5ecc08c20aa12abb30068f0552,仕切り壁予防：右壁の向き・離隔を保持 | target_deg=-2.437,,250.0,98.1589098706151,65.26299465486143,71.60396067262047,52.3452968586434,0,27.05,52.77885069367001,0
27.1,713.1150239797777,114.46941286683399,93.49725705457485,27.99999999999157,-0.5175369305223103,35.0,-1.6173029078822196,418,433,375,435,35.0,NEUTRAL,program,sonic_drive_three_laps.py,function,ec959a186dbd8278df967871b3a34262848e2c5ecc08c20aa12abb30068f0552,仕切り壁予防：右壁の向き・離隔を保持 | target_deg=-1.294,,250.0,99.35162281203225,65.09415486379308,72.70139398574979,55.087410951875285,0,27.1,52.68402509340916,0
27.15,714.512383358012,114.38346711912637,93.54192444635459,27.99999999999347,-0.5423735562231287,35.0,-1.694917363197277,418,433,375,435,35.0,NEUTRAL,program,sonic_drive_three_laps.py,function,ec959a186dbd8278df967871b3a34262848e2c5ecc08c20aa12abb30068f0552,仕切り壁予防：右壁の向き・離隔を保持 | target_deg=-1.356,,250.0,95.89601995464051,65.72679220335479,71.94422483791273,53.61418660654339,0,27.15,52.58766421981652,0
27.2,715.9096289147615,114.29569298705314,93.64834104465194,27.99999999999494,-1.3085703487544733,35.0,-4.089282339857729,418,430,375,435,35.0,NEUTRAL,program,sonic_drive_three_laps.py,function,ec959a186dbd8278df967871b3a34262848e2c5ecc08c20aa12abb30068f0552,仕切り壁予防：右壁の向き・離隔を保持 | target_deg=-3.268,,250.0,97.20559710351773,67.429487361739,74.69583894872189,53.571267451001056,0,27.2,52.475103428602125,0
27.25,717.306760863147,114.20612592013605,93.6851590551529,27.999999999996078,-0.4080980008709389,35.0,-1.275306252721684,418,433,375,435,35.0,NEUTRAL,program,sonic_drive_three_laps.py,function,ec959a186dbd8278df967871b3a34262848e2c5ecc08c20aa12abb30068f0552,仕切り壁予防：右壁の向き・離隔を保持 | target_deg=-1.020,,250.0,249.52860033693167,68.80778219001975,68.90540868922535,52.79147968768474,0,27.25,52.37696940143451,0
27.3,718.7038374512804,114.11569946938361,93.7215028457581,27.99999999999696,-0.441308730222151,35.0,-1.3790897819442218,418,433,375,435,35.0,NEUTRAL,program,sonic_drive_three_laps.py,function,ec959a186dbd8278df967871b3a34262848e2c5ecc08c20aa12abb30068f0552,仕切り壁予防：右壁の向き・離隔を保持 | target_deg=-1.103,,248.52057440945217,250.0,65.43087402728449,73.22205842854396,54.82686496201407,0,27.3,52.27809073967616,0
27.35,720.1007966174951,114.02348004521141,93.83612454347337,27.999999999997645,-1.4482706482098007,35.0,-4.525845775655627,418,430,375,435,35.0,NEUTRAL,program,sonic_drive_three_laps.py,function,ec959a186dbd8278df967871b3a34262848e2c5ecc08c20aa12abb30068f0552,仕切り壁予防：右壁の向き・離隔を保持 | target_deg=-3.617,,250.0,250.0,65.66131229026035,71.62070981606148,50.418954463717846,0,27.35,52.159243291743124,0
27.4,721.4975779380643,113.92860399766788,93.93554298103459,27.99999999999817,-1.2070452847440876,35.0,-3.772016514825274,418,431,375,435,35.0,NEUTRAL,program,sonic_drive_three_laps.py,function,ec959a186dbd8278df967871b3a34262848e2c5ecc08c20aa12abb30068f0552,仕切り壁予防：右壁の向き・離隔を保持 | target_deg=-3.015,,248.22539767892414,250.0,66.31585096882147,70.56006267400986,51.95188561040593,0,27.4,52.04130649377352,0
27.45,722.8942552725343,113.83220687217597,93.95709127626839,27.999999999998582,-0.2059096301506628,35.0,-0.6434675942208212,418,434,375,435,35.0,NEUTRAL,program,sonic_drive_three_laps.py,function,ec959a186dbd8278df967871b3a34262848e2c5ecc08c20aa12abb30068f0552,仕切り壁予防：右壁の向き・離隔を保持 | target_deg=-0.515,,247.59381530410568,248.9289013785178,64.99061886302279,67.85659264938923,52.31601012726809,0,27.45,51.93991544150394,0
27.5,724.2909453356555,113.73599452746625,93.92420842527207,27.999999999998902,0.39928529823775816,35.0,1.2477665569929943,418,436,375,435,35.0,NEUTRAL,program,sonic_drive_three_laps.py,function,ec959a186dbd8278df967871b3a34262848e2c5ecc08c20aa12abb30068f0552,仕切り壁予防：右壁の向き・離隔を保持 | target_deg=0.998,,248.09667058092748,250.0,66.49634374854537,70.41224942839929,54.661357959371585,0,27.5,51.85132448531884,0
27.55,725.6877064151131,113.64081913596429,93.87201668508254,27.999999999999147,0.6337310005705211,35.0,1.9804093767828785,418,437,375,435,35.0,NEUTRAL,program,sonic_drive_three_laps.py,function,ec959a186dbd8278df967871b3a34262848e2c5ecc08c20aa12abb30068f0552,仕切り壁予防：右壁の向き・離隔を保持 | target_deg=1.584,,250.0,249.89116926353677,67.6848555316585,69.00544398728461,53.18697536358061,0,27.55,51.76825317390028,0
27.6,727.084562022362,113.54704161401051,93.80952992946186,27.99999999999934,0.7587233947026152,35.0,2.3710106084456726,418,437,375,435,35.0,NEUTRAL,program,sonic_drive_three_laps.py,function,ec959a186dbd8278df967871b3a34262848e2c5ecc08c20aa12abb30068f0552,仕切り壁予防：右壁の向き・離隔を保持 | target_deg=1.896,,248.17005595532936,250.0,64.03194920625758,70.88586788292085,54.807631858399105,0,27.6,51.688979227289096,0
27.65,728.4815080291029,113.45462008353554,93.76078089383907,27.99999999999949,0.5919315150302844,35.0,1.849785984469639,418,436,375,435,35.0,NEUTRAL,program,sonic_drive_three_laps.py,function,ec959a186dbd8278df967871b3a34262848e2c5ecc08c20aa12abb30068f0552,仕切り壁予防：右壁の向き・離隔を保持 | target_deg=1.480,,249.89134886770097,250.0,64.30266054442943,67.90455857533696,51.53374705050987,0,27.65,51.60788166955429,0
27.7,729.8785828995163,113.36417035154318,93.64592705435655,27.999999999999606,1.4215326361176017,35.0,4.442289487867505,418,439,375,435,35.0,NEUTRAL,program,sonic_drive_three_laps.py,function,ec959a186dbd8278df967871b3a34262848e2c5ecc08c20aa12abb30068f0552,仕切り壁予防：右壁の向き・離隔を保持 | target_deg=3.550,,249.4541240850339,250.0,66.73332120988009,66.90069377077768,53.383445303683494,0,27.7,51.54414264673957,0
27.75,731.2757604877585,113.27531776574726,93.64415320965679,27.999999999999694,-0.17846736388239834,35.0,-0.5577105121324948,418,434,375,435,35.0,NEUTRAL,program,sonic_drive_three_laps.py,function,ec959a186dbd8278df967871b3a34262848e2c5ecc08c20aa12abb30068f0552,仕切り壁予防：右壁の向き・離隔を保持 | target_deg=-0.446,,249.80155934680602,250.0,66.1672523379885,71.35901273993277,49.74333080729681,0,27.75,51.455702933690304,0
27.8,732.6729161098449,113.18612049676399,93.66169103240463,27.999999999999762,-0.21295829556201454,35.0,-0.6654946736312954,418,434,375,435,35.0,NEUTRAL,program,sonic_drive_three_laps.py,function,ec959a186dbd8278df967871b3a34262848e2c5ecc08c20aa12abb30068f0552,仕切り壁予防：右壁の向き・離隔を保持 | target_deg=-0.532,,247.64081474033398,248.33874131175114,65.94001842637145,69.51725950132658,52.776311589794034,0,27.8,51.36242409147256,0
27.85,734.0701176278222,113.09764723111297,93.57643784581319,27.999999999999815,1.159108817489855,35.0,3.622215054655797,418,438,375,435,35.0,NEUTRAL,program,sonic_drive_three_laps.py,function,ec959a186dbd8278df967871b3a34262848e2c5ecc08c20aa12abb30068f0552,仕切り壁予防：右壁の向き・離隔を保持 | target_deg=2.896,,250.0,250.0,65.00957586491386,66.19498987058944,53.29272931136111,0,27.85,51.29380133316896,0
27.9,735.4674179607695,113.01074657067637,93.54208776643691,27.999999999999858,0.40203227453272805,35.0,1.256350857914775,418,436,375,435,35.0,NEUTRAL,program,sonic_drive_three_laps.py,function,ec959a186dbd8278df967871b3a34262848e2c5ecc08c20aa12abb30068f0552,仕切り壁予防：右壁の向き・離隔を保持 | target_deg=1.005,,250.0,250.0,67.16801965443526,70.69960272666937,52.74848239262418,0,27.9,51.21490560200374,0
27.95,736.8647251649817,112.92395632585666,93.566842001635,27.99999999999989,-0.3077743549395456,35.0,-0.9617948591860799,418,433,375,435,35.0,NEUTRAL,program,sonic_drive_three_laps.py,function,ec959a186dbd8278df967871b3a34262848e2c5ecc08c20aa12abb30068f0552,仕切り壁予防：右壁の向き・離隔を保持 | target_deg=-0.769,,250.0,250.0,67.5792241485735,72.59820499494941,53.408478133052554,0,27.95,51.12234624718647,0
28.0,738.2619713062421,112.83618916174419,93.62171231000684,27.99999999999991,-0.6662522847144209,35.0,-2.082038389732565,418,432,375,435,35.0,NEUTRAL,program,sonic_drive_three_laps.py,function,ec959a186dbd8278df967871b3a34262848e2c5ecc08c20aa12abb30068f0552,仕切り壁予防：右壁の向き・離隔を保持 | target_deg=-1.665,,249.97695575880834,250.0,65.30354383840367,69.0178214259372,50.441712344746016,0,28.0,51.02179848004705,0
28.05,739.6591578026399,112.74747687689519,93.64435508345582,27.999999999999932,-0.2749458528411984,35.0,-0.8592057901287449,418,434,375,435,35.0,NEUTRAL,program,sonic_drive_three_laps.py,function,ec959a186dbd8278df967871b3a34262848e2c5ecc08c20aa12abb30068f0552,仕切り壁予防：右壁の向き・離隔を保持 | target_deg=-0.687,,249.88739733425078,250.0,67.75553400765705,68.33927948838931,51.623564662198824,0,28.05,50.92781505700337,0
28.1,741.0562735698567,112.65765867767944,93.71241757585517,27.999999999999954,-0.8264158073674406,35.0,-2.582549398023252,418,432,375,435,35.0,NEUTRAL,program,sonic_drive_three_laps.py,function,ec959a186dbd8278df967871b3a34262848e2c5ecc08c20aa12abb30068f0552,仕切り壁予防：右壁の向き・離隔を保持 | target_deg=-2.065,,248.34403510333286,250.0,66.15499007215202,69.52153132784076,50.348776961377204,0,28.1,50.82216243256312,0
28.15,742.4533283644271,112.56689581227259,93.72109086615228,27.999999999999957,-0.09443223360806825,35.0,-0.2951007300252133,418,434,375,435,35.0,NEUTRAL,program,sonic_drive_three_laps.py,function,ec959a186dbd8278df967871b3a34262848e2c5ecc08c20aa12abb30068f0552,仕切り壁予防：右壁の向き・離隔を保持 | target_deg=-0.236,,247.30521866225905,247.61049054000972,65.87792363562203,67.97410669853471,52.10007616958593,0,28.15,50.72938286912384,0
28.2,743.8504321999554,112.47689260174621,93.64623513996594,27.999999999999957,0.9762097010426521,35.0,3.050655315758288,418,438,375,435,35.0,NEUTRAL,program,sonic_drive_three_laps.py,function,ec959a186dbd8278df967871b3a34262848e2c5ecc08c20aa12abb30068f0552,仕切り壁予防：右壁の向き・離隔を保持 | target_deg=2.439,,250.0,250.0,64.26120316137518,64.9079674139933,51.44026573530713,0,28.2,50.656793189273884,0
28.25,745.247641247559,112.38853691435102,93.5905860470798,27.999999999999957,0.67570765693649,35.0,2.1115864279265315,418,437,375,435,35.0,NEUTRAL,program,sonic_drive_three_laps.py,function,ec959a186dbd8278df967871b3a34262848e2c5ecc08c20aa12abb30068f0552,仕切り壁予防：右壁の向き・離隔を保持 | target_deg=1.689,,249.42839409095436,249.48734613542592,65.34237597960343,65.11677658440013,49.077050487683664,0,28.25,50.581395059188566,0
28.3,746.6449530952904,112.30182302664727,93.51158882131097,27.999999999999957,0.9591624167503813,35.0,2.9973825523449413,418,438,375,435,35.0,NEUTRAL,program,sonic_drive_three_laps.py,function,ec959a186dbd8278df967871b3a34262848e2c5ecc08c20aa12abb30068f0552,仕切り壁予防：右壁の向き・離隔を保持 | target_deg=2.397,,248.50123276833068,249.2611044153279,64.98940286210829,64.81040797742115,50.08183541784318,0,28.3,50.51309278769715,0
28.35,748.0423412183676,112.21634548309584,93.48953684463544,27.999999999999957,0.2628273012566379,35.0,0.8213353164269934,418,435,375,435,35.0,NEUTRAL,program,sonic_drive_three_laps.py,function,ec959a186dbd8278df967871b3a34262848e2c5ecc08c20aa12abb30068f0552,仕切り壁予防：右壁の向き・離隔を保持 | target_deg=0.657,,250.0,248.72127221053378,66.7537492181375,69.6442363871395,51.778119031124945,0,28.35,50.432758503871895,0
28.4,749.4397711256933,112.1315539954108,93.45499097670387,27.999999999999957,0.41947804418954576,35.0,1.3108688880923305,418,436,375,435,35.0,NEUTRAL,program,sonic_drive_three_laps.py,function,ec959a186dbd8278df967871b3a34262848e2c5ecc08c20aa12abb30068f0552,仕切り壁予防：右壁の向き・離隔を保持 | target_deg=1.049,,250.0,250.0,67.44404838565272,66.28716716632547,50.441750644443815,0,28.4,50.356027495836486,0
28.45,750.8372772474543,112.04802910546954,93.3856768858048,27.999999999999957,0.8416105690583628,35.0,2.630033028307384,418,437,375,435,35.0,NEUTRAL,program,sonic_drive_three_laps.py,function,ec959a186dbd8278df967871b3a34262848e2c5ecc08c20aa12abb30068f0552,仕切り壁予防：右壁の向き・離隔を保持 | target_deg=2.103,,250.0,250.0,66.81797113235525,67.01504217317841,52.0336950248198,0,28.45,50.2886873134361,0
28.5,752.2348599003589,111.96579368638605,93.3492606153556,27.999999999999957,0.4421887902953813,35.0,1.3818399696730665,418,436,375,435,35.0,NEUTRAL,program,sonic_drive_three_laps.py,function,ec959a186dbd8278df967871b3a34262848e2c5ecc08c20aa12abb30068f0552,仕切り壁予防：右壁の向き・離隔を保持 | target_deg=1.105,,247.0142893756831,248.98887811759292,68.17250766811856,66.25816924931208,49.58853094467822,0,28.5,50.214961364271545,0
28.55,753.6325140657729,111.88478359153515,93.28521206378917,27.999999999999957,0.7776846505851148,35.0,2.430264533078484,418,437,375,435,35.0,NEUTRAL,program,sonic_drive_three_laps.py,function,ec959a186dbd8278df967871b3a34262848e2c5ecc08c20aa12abb30068f0552,仕切り壁予防：右壁の向き・離隔を保持 | target_deg=1.944,,247.32993812140742,247.4925545433583,66.73144267132261,67.03879818873338,51.83246102996745,0,28.55,50.148928218414795,0
28.6,755.0302072745764,111.80444877092204,93.29746174782224,27.999999999999957,-0.20069819962824056,35.0,-0.6271818738382517,418,434,375,435,35.0,NEUTRAL,program,sonic_drive_three_laps.py,function,ec959a186dbd8278df967871b3a34262848e2c5ecc08c20aa12abb30068f0552,仕切り壁予防：右壁の向き・離隔を保持 | target_deg=-0.502,,246.96399227115936,247.67566135121325,67.72559609711763,69.1280297105591,50.25290216581699,0,28.6,50.06572792016051,0
28.65,756.4278555720632,111.72333696166933,93.3453502110143,27.999999999999957,-0.5814828026703606,35.0,-1.8171337583448768,418,433,375,435,35.0,NEUTRAL,program,sonic_drive_three_laps.py,function,ec959a186dbd8278df967871b3a34262848e2c5ecc08c20aa12abb30068f0552,仕切り壁予防：右壁の向き・離隔を保持 | target_deg=-1.453,,243.195830063523,250.0,67.26362071363765,66.79811226180529,48.703706792500704,0,28.65,49.97341865180444,0
28.7,757.8254734712518,111.64170236945517,93.34032439395276,27.999999999999957,0.06102775552445735,35.0,0.1907117360139292,418,435,375,435,35.0,NEUTRAL,program,sonic_drive_three_laps.py,function,ec959a186dbd8278df967871b3a34262848e2c5ecc08c20aa12abb30068f0552,仕切り壁予防：右壁の向き・離隔を保持 | target_deg=0.153,,243.7783825514292,249.3042304087343,67.51004325102319,66.14985976419943,50.60330487841619,0,28.7,49.89295886067015,0
28.75,759.2230613346733,111.55955581049182,93.38732731408868,27.999999999999957,-0.5707308669938723,35.0,-1.783533959355851,418,433,375,435,35.0,NEUTRAL,program,sonic_drive_three_laps.py,function,ec959a186dbd8278df967871b3a34262848e2c5ecc08c20aa12abb30068f0552,仕切り壁予防：右壁の向き・離隔を保持 | target_deg=-1.427,,241.32655729932355,250.0,68.67373192077393,67.75036975247002,49.13278545784848,0,28.75,49.79982846266414,0
28.8,760.6205135734342,111.47513942062066,93.53388348145955,27.999999999999957,-1.8873318192867203,35.0,-5.897911935271001,418,428,375,435,35.0,NEUTRAL,program,sonic_drive_three_laps.py,function,ec959a186dbd8278df967871b3a34262848e2c5ecc08c20aa12abb30068f0552,仕切り壁予防：右壁の向き・離隔を保持 | target_deg=-4.709,,238.15008323837816,250.0,67.9345126958451,70.8407824283979,48.787492142076175,0,28.8,49.6812109521985,0
28.85,762.0177817417041,111.3877249864099,93.62400709340534,27.999999999999957,-1.0689357642692485,35.0,-3.3404242633414016,418,431,375,435,35.0,NEUTRAL,program,sonic_drive_three_laps.py,function,ec959a186dbd8278df967871b3a34262848e2c5ecc08c20aa12abb30068f0552,仕切り壁予防：右壁の向き・離隔を保持 | target_deg=-2.671,,236.7307119410465,250.0,66.48705499195208,66.96563523648791,50.07742592726747,0,28.85,49.57280001193739,0
28.9,763.4149368757643,111.29852091442407,93.68239539572028,27.999999999999957,-0.7089646283905,35.0,-2.2155144637203126,418,432,375,435,35.0,NEUTRAL,program,sonic_drive_three_laps.py,function,ec959a186dbd8278df967871b3a34262848e2c5ecc08c20aa12abb30068f0552,仕切り壁予防：右壁の向き・離隔を保持 | target_deg=-1.772,,237.97967411239486,250.0,67.37905967472248,66.38256233603053,49.34558464138709,0,28.9,49.47000729902295,0
28.95,764.8120748600211,111.20904841133081,93.63753386630049,27.999999999999957,0.6715660959989941,35.0,2.0986440499968566,418,437,375,435,35.0,NEUTRAL,program,sonic_drive_three_laps.py,function,ec959a186dbd8278df967871b3a34262848e2c5ecc08c20aa12abb30068f0552,仕切り壁予防：右壁の向き・離隔を保持 | target_deg=1.679,,233.34822136200782,249.79872605838315,69.37966477338253,62.843818791269285,49.735890659788524,0,28.95,49.39097436219629,0
29.0,766.2092987150858,111.12092725034545,93.58005284852868,27.999999999999957,0.6979492624592538,35.0,2.181091445185168,418,437,375,435,35.0,NEUTRAL,program,sonic_drive_three_laps.py,function,ec959a186dbd8278df967871b3a34262848e2c5ecc08c20aa12abb30068f0552,仕切り壁予防：右壁の向き・離隔を保持 | target_deg=1.744,,233.26981013554203,248.43038178004434,68.15856387747688,65.63387488908296,50.05167900942493,0,29.0,49.31623914039335,0
29.05,767.6065912256929,111.03390087893928,93.54774808459717,27.999999999999957,0.3922660045358572,35.0,1.2258312641745537,418,436,375,435,35.0,NEUTRAL,program,sonic_drive_three_laps.py,function,ec959a186dbd8278df967871b3a34262848e2c5ecc08c20aa12abb30068f0552,仕切り壁予防：右壁の向き・離隔を保持 | target_deg=0.981,,232.37707172930226,250.0,67.51393864103086,65.36870365558512,48.92682901091966,0,29.05,49.236740563565306,0
29.1,769.0039382246571,110.94775398237324,93.50792882464145,27.999999999999957,0.4835081074179152,35.0,1.510962835680985,418,436,375,435,35.0,NEUTRAL,program,sonic_drive_three_laps.py,function,ec959a186dbd8278df967871b3a34262848e2c5ecc08c20aa12abb30068f0552,仕切り壁予防：右壁の向き・離隔を保持 | target_deg=1.209,,228.8076621099882,250.0,70.58062571907561,64.91180558454255,49.25734832025942,0,29.1,49.15987726615572,0
29.15,770.4013250959787,110.86225589356725,93.49454225855607,27.999999999999957,0.16255072349180152,35.0,0.5079710109118798,418,435,375,435,35.0,NEUTRAL,program,sonic_drive_three_laps.py,function,ec959a186dbd8278df967871b3a34262848e2c5ecc08c20aa12abb30068f0552,仕切り壁予防：右壁の向き・離隔を保持 | target_deg=0.406,,232.67266353871682,249.59855988181312,66.70928207363433,66.09143291772806,49.212775485235476,0,29.15,49.077501343312164,0
29.2,771.7987033762844,110.77661763235386,93.51942362083082,27.999999999999957,-0.30212802728042587,35.0,-0.9441500852513309,418,434,375,435,35.0,NEUTRAL,program,sonic_drive_three_laps.py,function,ec959a186dbd8278df967871b3a34262848e2c5ecc08c20aa12abb30068f0552,仕切り壁予防：右壁の向き・離隔を保持 | target_deg=-0.755,,229.2653147782114,249.06015084353038,67.8009679748757,66.21958138202623,48.487687020880045,0,29.2,48.986060442195836,0
29.25,773.1961186426649,110.69158727744933,93.43377719894227,27.999999999999957,1.2108430516062219,35.0,3.7838845362694435,418,438,375,435,35.0,NEUTRAL,program,sonic_drive_three_laps.py,function,ec959a186dbd8278df967871b3a34262848e2c5ecc08c20aa12abb30068f0552,仕切り壁予防：右壁の向き・離隔を保持 | target_deg=3.025,,226.31674545632663,246.84802454760643,68.58492828304104,63.274448352920444,50.95176383408279,0,29.25,48.921012473028426,0
29.3,774.5936885285653,110.60913867048991,93.31864122303932,27.999999999999957,1.39780232801826,35.0,4.368132275057063,418,439,375,435,35.0,NEUTRAL,program,sonic_drive_three_laps.py,function,ec959a186dbd8278df967871b3a34262848e2c5ecc08c20aa12abb30068f0552,仕切り壁予防：右壁の向き・離隔を保持 | target_deg=3.491,,225.09144670842977,250.0,69.88510497031886,63.64429779509021,49.49526934194323,0,29.3,48.7424516107117,0
29.35,775.9913731094964,110.5286543216808,93.27558656702695,27.999999999999957,0.48112146631747377,35.0,1.5035045822421056,418,436,375,435,35.0,NEUTRAL,program,sonic_drive_three_laps.py,function,ec959a186dbd8278df967871b3a34262848e2c5ecc08c20aa12abb30068f0552,仕切り壁予防：右壁の向き・離隔を保持 | target_deg=1.203,,222.63738300521916,248.30036986061222,65.13360558004204,65.37770728678065,48.15300985618643,0,29.35,48.36247413552945,0
29.4,777.3890414332727,110.44788970586164,93.35126759816478,27.999999999999957,-1.1188785336825262,35.0,-3.4964954177578944,418,431,375,435,35.0,NEUTRAL,program,sonic_drive_three_laps.py,function,ec959a186dbd8278df967871b3a34262848e2c5ecc08c20aa12abb30068f0552,仕切り壁予防：右壁の向き・離隔を保持 | target_deg=-2.795,,221.88993601631321,249.3820357805606,68.62703708655819,67.40963856800242,46.685342806354036,0,29.4,47.99537018549477,0
29.45,778.7865794183256,110.36490084351944,93.4454483576659,27.999999999999957,-1.1434716707773998,35.0,-3.5733489711793744,418,431,375,435,35.0,NEUTRAL,program,sonic_drive_three_laps.py,function,ec959a186dbd8278df967871b3a34262848e2c5ecc08c20aa12abb30068f0552,仕切り壁予防：右壁の向き・離隔を保持 | target_deg=-2.857,,218.76152708657102,250.0,69.05627194091595,65.27294196354593,47.277667093907276,0,29.45,47.65806322450779,0
29.5,780.1840301385894,110.28045285150557,93.46815176429607,27.999999999999957,-0.235456540355425,35.0,-0.735801688610703,418,434,375,435,35.0,NEUTRAL,program,sonic_drive_three_laps.py,function,ec959a186dbd8278df967871b3a34262848e2c5ecc08c20aa12abb30068f0552,仕切り壁予防：右壁の向き・離隔を保持 | target_deg=-0.589,,220.21102514373837,250.0,67.48526751011352,65.30435573789042,49.882529112439045,0,29.5,47.37027111945434,0
29.55,781.5814979732477,110.19628902697352,93.4233609691172,27.999999999999957,0.5664037676435089,35.0,1.7700117738859653,418,436,375,435,35.0,NEUTRAL,program,sonic_drive_three_laps.py,function,ec959a186dbd8278df967871b3a34262848e2c5ecc08c20aa12abb30068f0552,仕切り壁予防：右壁の向き・離隔を保持 | target_deg=1.416,,217.61703677348117,250.0,67.74296434604204,64.45939914763026,50.052076355738514,0,29.55,47.13475739847848,0
29.6,782.9790352351391,110.11328609823842,93.374507820796,27.999999999999957,0.593195605435121,35.0,1.853736266984753,418,436,375,435,35.0,NEUTRAL,program,sonic_drive_three_laps.py,function,ec959a186dbd8278df967871b3a34262848e2c5ecc08c20aa12abb30068f0552,仕切り壁予防：右壁の向き・離隔を保持 | target_deg=1.483,,218.72917546067933,248.7244015295924,70.5258398568259,66.38499635495229,50.551717720384374,0,29.6,46.940279032275726,0
29.65,784.3765974949274,110.03070452737232,93.39046238326938,27.999999999999957,-0.21778549829594993,35.0,-0.6805796821748435,418,434,375,435,35.0,NEUTRAL,program,sonic_drive_three_laps.py,function,ec959a186dbd8278df967871b3a34262848e2c5ecc08c20aa12abb30068f0552,仕切り壁予防：右壁の向き・離隔を保持 | target_deg=-0.544,,216.76642712233198,249.8078684739479,70.0878924125606,67.15652556613355,48.85638975083381,0,29.65,46.77115794068434,0
29.7,785.774161991321,109.94816085609415,93.36974963334086,27.999999999999957,0.2515103479279617,35.0,0.7859698372748802,418,435,375,435,35.0,NEUTRAL,program,sonic_drive_three_laps.py,function,ec959a186dbd8278df967871b3a34262848e2c5ecc08c20aa12abb30068f0552,仕切り壁予防：右壁の向き・離隔を保持 | target_deg=0.629,,215.71120424474165,247.6341190883579,67.6975058455553,63.75670171743038,48.561845514127704,0,29.7,46.64968195979351,0
29.75,787.1717517747487,109.86604638040035,93.35527132662486,27.999999999999957,0.17580745836580575,35.0,0.549398307393143,418,435,375,435,35.0,NEUTRAL,program,sonic_drive_three_laps.py,function,ec959a186dbd8278df967871b3a34262848e2c5ecc08c20aa12abb30068f0552,仕切り壁予防：右壁の向き・離隔を保持 | target_deg=0.440,,213.55356304428426,250.0,69.18744614254005,64.6052177304295,48.350717832365824,0,29.75,46.56703335241086,0
29.8,788.5693463632199,109.78401368354457,93.36304439990187,27.999999999999957,-0.094387232981166,35.0,-0.29496010306614373,418,434,375,435,35.0,NEUTRAL,program,sonic_drive_three_laps.py,function,ec959a186dbd8278df967871b3a34262848e2c5ecc08c20aa12abb30068f0552,仕切り壁予防：右壁の向き・離隔を保持 | target_deg=-0.236,,209.8839339195168,248.72110165686578,68.91568599017947,65.25958415773624,48.25791746226638,0,29.8,46.5191048174317,0
29.85,789.9669577883277,109.70226861122048,93.3316886379996,27.999999999999957,0.3807429328881364,35.0,1.189821665275426,418,436,375,435,35.0,NEUTRAL,program,sonic_drive_three_laps.py,function,ec959a186dbd8278df967871b3a34262848e2c5ecc08c20aa12abb30068f0552,仕切り壁予防：右壁の向き・離隔を保持 | target_deg=0.952,,210.14036574598256,249.50230485773542,67.04754716384494,66.00435079013953,50.61915858094916,0,29.85,46.518279436563304,0
29.9,791.3645954024952,109.62097225191847,93.32625423664649,27.999999999999957,0.06598913010841699,35.0,0.20621603158880308,418,435,375,435,35.0,NEUTRAL,program,sonic_drive_three_laps.py,function,ec959a186dbd8278df967871b3a34262848e2c5ecc08c20aa12abb30068f0552,仕切り壁予防：右壁の向き・離隔を保持 | target_deg=0.165,,210.68506066716,249.93676797229045,70.45013334495526,65.14973891759455,48.30367472965806,0,29.9,46.51949187660522,0
29.95,792.7581706644261,109.5401084660936,93.31560323155406,27.86488052309707,0.129711484337696,34.25053747680604,0.4053483885553,417,435,375,435,34.25053747680604,NEUTRAL,program,sonic_drive_three_laps.py,function,ec959a186dbd8278df967871b3a34262848e2c5ecc08c20aa12abb30068f0552,仕切り壁予防：右壁の向き・離隔を保持 | target_deg=0.324,,208.21827012929685,250.0,210.381525853205,65.65244358927333,49.378128596320835,0,29.95,46.52160675107929,0
30.0,794.144161199976,109.45900406564344,93.38693633726615,27.703210746850516,-0.9408569709438177,33.934372504775396,-2.9401780341994304,417,431,375,435,33.934372504775396,NEUTRAL,program,sonic_drive_three_laps.py,function,ec959a186dbd8278df967871b3a34262848e2c5ecc08c20aa12abb30068f0552,仕切り壁予防：右壁の向き・離隔を保持 | target_deg=-2.351,,206.18365844402246,250.0,210.65601648029775,66.85252269714822,47.253768368239186,0,30.0,46.50919270366123,0
30.05,795.5250275934611,109.37678213077558,93.42822576035945,27.64200599498555,-0.5074066898318418,34.2895311559849,-1.5856459057245056,417,433,375,435,34.2895311559849,NEUTRAL,program,sonic_drive_three_laps.py,function,ec959a186dbd8278df967871b3a34262848e2c5ecc08c20aa12abb30068f0552,仕切り壁予防：右壁の向き・離隔を保持 | target_deg=-1.268,,207.67119196560682,249.74335680226156,208.38578533399482,63.183242359712274,47.066641050909865,0,30.05,46.50293182880413,0
30.1,796.9019096535953,109.29384265731466,93.4661143348086,27.55185823466841,-0.46694349143182534,34.05248803350179,-1.4591984107244542,417,433,375,435,34.05248803350179,NEUTRAL,program,sonic_drive_three_laps.py,function,ec959a186dbd8278df967871b3a34262848e2c5ecc08c20aa12abb30068f0552,仕切り壁予防：右壁の向き・離隔を保持 | target_deg=-1.167,,201.73443413590522,250.0,207.207197190616,65.10374892810226,48.107540749172784,0,30.1,46.498073134549415,0
30.15,798.2746794529244,109.20941944530733,93.57510534399796,27.4780367501854,-1.3896363229115065,34.03035972187678,-4.342613509098458,417,430,375,435,34.03035972187678,NEUTRAL,program,sonic_drive_three_laps.py,function,ec959a186dbd8278df967871b3a34262848e2c5ecc08c20aa12abb30068f0552,仕切り壁予防：右壁の向き・離隔を保持 | target_deg=-3.471,,201.25491841245525,248.39963183627904,210.33517979843327,64.82277781374341,45.25045975105562,0,30.15,46.48660735805233,0
30.2,799.6468259414827,109.12210187475097,93.70719510850813,27.511824875824477,-1.6327600596376703,34.53495736409223,-5.10237518636772,418,429,375,435,34.53495736409223,NEUTRAL,program,sonic_drive_three_laps.py,function,ec959a186dbd8278df967871b3a34262848e2c5ecc08c20aa12abb30068f0552,仕切り壁予防：右壁の向き・離隔を保持 | target_deg=-4.076,,197.91542218632281,247.4961710367124,208.57946683103472,65.1256773601698,46.19219504424529,0,30.2,46.47555386787344,0
30.25,801.0210010981622,109.03231139774144,93.76660404926281,27.561969339991347,-0.686837694565269,34.66791565761435,-2.1463677955164657,418,432,375,435,34.66791565761435,NEUTRAL,program,sonic_drive_three_laps.py,function,ec959a186dbd8278df967871b3a34262848e2c5ecc08c20aa12abb30068f0552,仕切り壁予防：右壁の向き・離隔を保持 | target_deg=-1.717,,200.32339387153638,248.03821878841225,211.64986405172954,60.8319075265954,45.674878461598226,0,30.25,46.471869255782664,0
30.3,802.3945115347049,108.94232625433533,93.72228938055997,27.507549739979208,0.6644931060524093,34.15061436421538,2.076540956413779,417,437,375,435,34.15061436421538,NEUTRAL,program,sonic_drive_three_laps.py,function,ec959a186dbd8278df967871b3a34262848e2c5ecc08c20aa12abb30068f0552,仕切り壁予防：右壁の向き・離隔を保持 | target_deg=1.661,,194.9967031580713,249.60723912743086,209.8439815933958,62.68778585221806,49.43411172526185,0,30.3,46.473436698053305,0
30.35,803.7626084887744,108.85333775151702,93.72088655947834,27.36220384844702,0.01739472322820603,33.578252151908295,0.05435851008814385,416,435,375,435,33.578252151908295,NEUTRAL,program,sonic_drive_three_laps.py,function,ec959a186dbd8278df967871b3a34262848e2c5ecc08c20aa12abb30068f0552,仕切り壁予防：右壁の向き・離隔を保持 | target_deg=0.043,,194.54393325388068,247.3370041974537,211.05905973498946,64.67771979500225,47.38206988728316,0,30.35,46.47345508273072,0
30.4,805.125502468057,108.76537954448956,93.66404676853767,27.283369536162713,0.7121714608992644,33.765487260734574,2.2255358153102014,417,437,375,435,33.765487260734574,NEUTRAL,program,sonic_drive_three_laps.py,function,ec959a186dbd8278df967871b3a34262848e2c5ecc08c20aa12abb30068f0552,仕切り壁予防：右壁の向き・離隔を保持 | target_deg=1.780,,194.32686997005644,245.92530415541006,210.80616780260067,62.73867800775174,48.59626492270177,0,30.4,46.47280905046712,0
30.45,806.4840895608232,108.67941838521848,93.57679168423323,27.18851887184438,1.0895124456273984,33.57810702521681,3.40472639258562,416,438,375,435,33.57810702521681,NEUTRAL,program,sonic_drive_three_laps.py,function,ec959a186dbd8278df967871b3a34262848e2c5ecc08c20aa12abb30068f0552,仕切り壁予防：右壁の向き・離隔を保持 | target_deg=2.722,,190.06313852825852,244.12471492619434,210.58495929013782,61.932343175230486,47.91630268474419,0,30.45,46.46963365271177,0
30.5,807.8388520000456,108.59684504781752,93.39129453498907,27.117366823511606,2.4385106022974816,33.590991987395576,7.62034563217963,416,443,375,435,33.590991987395576,NEUTRAL,program,sonic_drive_three_laps.py,function,ec959a186dbd8278df967871b3a34262848e2c5ecc08c20aa12abb30068f0552,仕切り壁予防：右壁の向き・離隔を保持 | target_deg=6.077,,191.1800503113338,241.96361174659683,208.86427574942996,60.253130199743936,49.5308138897057,0,30.5,46.457936804254444,0
30.55,809.1906730858402,108.5181032058863,93.28116194896813,27.05923090298629,1.3043798861756475,33.57424803232572,4.076187144298898,416,439,375,435,33.57424803232572,NEUTRAL,program,sonic_drive_three_laps.py,function,ec959a186dbd8278df967871b3a34262848e2c5ecc08c20aa12abb30068f0552,仕切り壁予防：右壁の向き・離隔を保持 | target_deg=3.258,,192.30113669282818,241.12839675395233,212.55538504413144,63.56178988872548,47.40832516662046,0,30.55,46.448209200372,0
30.6,810.5400677425034,108.4411460021826,93.25034382044748,27.013727954182777,0.33755506054672507,33.57164899842403,1.054859564208516,416,436,375,435,33.57164899842403,NEUTRAL,program,sonic_drive_three_laps.py,function,ec959a186dbd8278df967871b3a34262848e2c5ecc08c20aa12abb30068f0552,仕切り壁予防：右壁の向き・離隔を保持 | target_deg=0.844,,190.0346629865416,242.3568240130139,209.26117387474355,62.69308484484027,45.6789530698494,0,30.6,46.44474247207889,0
30.65,811.8876248996705,108.36469631163219,93.24371000650717,26.981860092195333,0.08355393983046128,33.59039957626351,0.2611060619701915,416,435,375,435,33.59039957626351,NEUTRAL,program,sonic_drive_three_laps.py,function,ec959a186dbd8278df967871b3a34262848e2c5ecc08c20aa12abb30068f0552,仕切り壁予防：右壁の向き・離隔を保持 | target_deg=0.209,,188.3508090822888,240.9902263825781,211.69429282779166,63.722131848883386,47.24214456325146,0,30.65,46.443829202436056,0
30.7,813.2345648633341,108.28831715100353,93.24733203144467,26.98221730211865,-0.04564097385511104,33.729306439155216,-0.142628043297222,417,434,375,435,33.729306439155216,NEUTRAL,program,sonic_drive_three_laps.py,function,ec959a186dbd8278df967871b3a34262848e2c5ecc08c20aa12abb30068f0552,仕切り壁予防：右壁の向き・離隔を保持 | target_deg=-0.114,,186.2355601346032,239.85852454816677,211.5223776070118,62.68327867581152,46.395604253191266,0,30.7,46.44441324533851,0
30.75,814.5819203749718,108.21219954048566,93.21953870828304,26.995232019093308,0.3501142973659654,33.79995990757701,1.0941071792686419,417,436,375,435,33.79995990757701,NEUTRAL,program,sonic_drive_three_laps.py,function,ec959a186dbd8278df967871b3a34262848e2c5ecc08c20aa12abb30068f0552,仕切り壁予防：右壁の向き・離隔を保持 | target_deg=0.875,,188.20884171813995,239.68626443321799,212.33781306683167,63.03545688052961,47.94507768914836,0,30.75,46.439271079991364,0
30.8,815.9287171847011,108.13712510597476,93.16152967526244,26.96629413126972,0.7310468192047196,33.58353124362799,2.284521310014749,416,437,375,435,33.58353124362799,NEUTRAL,program,sonic_drive_three_laps.py,function,ec959a186dbd8278df967871b3a34262848e2c5ecc08c20aa12abb30068f0552,仕切り壁予防：右壁の向き・離隔を保持 | target_deg=1.827,,183.62838548925998,233.20090986573132,208.90028741017784,63.06045284269578,48.42580626184865,0,30.8,46.427127901852394,0
30.85,817.2742607833617,108.06324153642353,93.12436085410911,26.9416535415904,0.46888517132936613,33.57119455864492,1.4652661604042692,416,436,375,435,33.57119455864492,NEUTRAL,program,sonic_drive_three_laps.py,function,ec959a186dbd8278df967871b3a34262848e2c5ecc08c20aa12abb30068f0552,仕切り壁予防：右壁の向き・離隔を保持 | target_deg=1.172,,181.6879047145944,237.00140228868014,211.39048260390285,63.19684132985671,47.277327924709894,0,30.85,46.36505858413126,0
30.9,818.6186738437655,107.99017771415384,93.09714156704706,26.918948356620156,0.3436745156447023,33.551128863820274,1.0739828613896947,416,436,375,435,33.551128863820274,NEUTRAL,program,sonic_drive_three_laps.py,function,ec959a186dbd8278df967871b3a34262848e2c5ecc08c20aa12abb30068f0552,仕切り壁予防：右壁の向き・離隔を保持 | target_deg=0.859,,182.87965667898482,236.62547720881534,213.50443603380037,60.753931506850385,45.277950608910714,0,30.9,46.29837808793074,0
30.95,819.9623576473601,107.91817130724255,93.03781472134563,26.90783673505658,0.7494723346456237,33.587052999256805,2.342101045767574,416,437,375,435,33.587052999256805,NEUTRAL,program,sonic_drive_three_laps.py,function,ec959a186dbd8278df967871b3a34262848e2c5ecc08c20aa12abb30068f0552,仕切り壁予防：右壁の向き・離隔を保持 | target_deg=1.873,,181.69931266084723,234.5382959608414,214.23575012917598,63.28844761925528,48.667483946166705,0,30.95,46.24029310371296,0
31.0,821.3045002860366,107.84902074031531,92.83719227036812,26.85921948777416,2.989472334645624,33.365132316990675,9.342101045767574,416,444,375,435,33.365132316990675,NEUTRAL,program,sonic_drive_three_laps.py,function,ec959a186dbd8278df967871b3a34262848e2c5ecc08c20aa12abb30068f0552,左回避 | target_deg=7.438,,177.96794041604966,231.4246099853761,210.8705176717221,61.61629015018671,47.35754041417458,0,31.0,46.21830499963596,0
31.05,822.6382118564976,107.78703093165245,92.46128551239241,26.60070523689098,5.2294723346456236,32.14013231699067,16.342101045767574,415,452,375,435,32.14013231699067,NEUTRAL,program,sonic_drive_three_laps.py,function,ec959a186dbd8278df967871b3a34262848e2c5ecc08c20aa12abb30068f0552,左回避 | target_deg=12.888,,179.03008532147425,232.96876388556694,211.8559401609172,62.95284335089912,45.888468951001464,0,31.05,46.24503570824231,0
31.1,823.9545536720793,107.73646223011127,91.91500554492575,26.17959650330088,7.469472334645624,30.915132316990675,23.342101045767574,413,459,375,435,30.915132316990675,NEUTRAL,program,sonic_drive_three_laps.py,function,ec959a186dbd8278df967871b3a34262848e2c5ecc08c20aa12abb30068f0552,左回避 | target_deg=18.148,,179.15778752762154,235.66506082693257,211.85659440519746,66.36159133532057,47.24803486996382,0,31.1,46.32421023361266,0
31.15,825.2465176808564,107.70100839616337,91.20527227796947,25.63253568200485,9.709472334645623,29.690132316990674,30.342101045767574,412,466,375,435,29.690132316990674,NEUTRAL,program,sonic_drive_three_laps.py,function,ec959a186dbd8278df967871b3a34262848e2c5ecc08c20aa12abb30068f0552,左回避 | target_deg=23.159,,178.27364993634978,231.72931829913836,211.9098434053192,57.05650821883971,47.462011049250414,0,31.15,46.4587390195442,0
31.2,826.5085465371036,107.6837285912694,90.34030311500305,24.98790741479446,11.949472334645625,28.465132316990672,37.34210104576758,410,474,375,435,28.465132316990672,NEUTRAL,program,sonic_drive_three_laps.py,function,ec959a186dbd8278df967871b3a34262848e2c5ecc08c20aa12abb30068f0552,左回避 | target_deg=27.883,,180.7389567504095,232.4693764293245,212.81557657584216,65.63240849156419,46.22709099545494,0,31.2,46.65075372521717,0
31.25,827.7361714881415,107.6870226153559,89.32912516181727,24.26769956271465,14.189472334645625,27.24013231699067,44.34210104576758,409,481,375,435,27.24013231699067,NEUTRAL,program,sonic_drive_three_laps.py,function,ec959a186dbd8278df967871b3a34262848e2c5ecc08c20aa12abb30068f0552,左回避 | target_deg=32.297,,176.0801324839757,226.3485092656268,212.67568479676078,65.241612583844,47.13915684245853,0,31.25,46.57378620652466,0
31.3,828.9257427984344,107.71263401019408,88.18124754931165,23.48894478860054,16.429472334645624,26.015132316990673,51.34210104576758,407,488,375,435,26.015132316990673,NEUTRAL,program,sonic_drive_three_laps.py,function,ec959a186dbd8278df967871b3a34262848e2c5ecc08c20aa12abb30068f0552,左回避 | target_deg=36.397,,177.28579770741615,227.4531490851644,211.73942601229865,68.34533549186487,47.7899132462845,0,31.3,46.323341316197116,0
31.35,830.0742323084634,107.76167037190233,86.9064483245798,22.664837263666044,18.669472334645626,24.79013231699067,58.34210104576758,405,496,375,435,24.79013231699067,NEUTRAL,program,sonic_drive_three_laps.py,function,ec959a186dbd8278df967871b3a34262848e2c5ecc08c20aa12abb30068f0552,左回避 | target_deg=40.188,,178.94620716869608,227.6624850691619,209.06704496577635,70.4803668424475,47.634417930716324,0,31.35,46.07071280943295,0
31.4,831.1790918068084,107.83463382879486,85.51464334410696,21.805597712392554,20.909472334645624,23.565132316990674,65.34210104576758,404,503,375,435,23.565132316990674,NEUTRAL,program,sonic_drive_three_laps.py,function,ec959a186dbd8278df967871b3a34262848e2c5ecc08c20aa12abb30068f0552,左回避 | target_deg=43.685,,178.89591143016236,225.8492678661481,209.92729715279003,71.70782535216634,46.70050757610175,0,31.4,45.82040000523973,0
31.45,832.2381542414787,107.93145725339951,84.01581404435308,20.919143510356832,23.149472334645626,22.340132316990676,72.34210104576758,402,510,375,435,22.340132316990676,NEUTRAL,program,sonic_drive_three_laps.py,function,ec959a186dbd8278df967871b3a34262848e2c5ecc08c20aa12abb30068f0552,左回避 | target_deg=46.907,,182.29323176967378,224.71587011437106,206.972357529687,75.37146991644045,49.81597344268651,0,31.45,45.57639467449856,0
31.5,833.2495674946633,108.05154358303967,82.41997785171236,20.01160776839045,25.389472334645625,21.115132316990675,79.34210104576758,401,518,375,435,21.115132316990675,NEUTRAL,program,sonic_drive_three_laps.py,function,ec959a186dbd8278df967871b3a34262848e2c5ecc08c20aa12abb30068f0552,左回避 | target_deg=49.876,,186.18957450009736,224.860456584892,210.59733566911206,79.84819882110617,48.47916697187584,0,31.5,45.34217690992472,0
31.55,834.2117525887523,108.1938068175626,80.73719004428347,19.087741435606244,27.629472334645627,19.890132316990673,86.34210104576758,399,525,375,435,19.890132316990673,NEUTRAL,program,sonic_drive_three_laps.py,function,ec959a186dbd8278df967871b3a34262848e2c5ecc08c20aa12abb30068f0552,左回避 | target_deg=52.614,,187.25725765029145,221.76349054563323,212.32848606121794,79.42088903560122,48.56533615487713,0,31.55,45.12071755762679,0
31.6,835.12337987599,108.35671401319148,78.97756962019241,18.151224784233534,29.869472334645625,18.665132316990675,93.34210104576758,398,533,375,435,18.665132316990675,NEUTRAL,program,sonic_drive_three_laps.py,function,ec959a186dbd8278df967871b3a34262848e2c5ecc08c20aa12abb30068f0552,左回避 | target_deg=55.144,,183.46749367682244,224.6626956859839,210.4903616347342,87.32361255147293,47.043838338938265,0,31.6,44.91448410869913,0
31.65,835.9955095077324,108.53945401186856,77.37458145462568,17.6060506188178,27.629472334645627,19.665132316990675,86.34210104576758,399,525,375,435,19.665132316990675,NEUTRAL,program,sonic_drive_three_laps.py,function,ec959a186dbd8278df967871b3a34262848e2c5ecc08c20aa12abb30068f0552,右壁追従 | target_deg=52.614,,187.9533576257894,223.48851736974046,212.69506231748437,90.72055285848394,50.29092995111589,0,31.65,44.771188695616914,0
31.7,836.8448996196404,108.74098830851422,75.94918909427247,17.36402575031365,25.389472334645625,20.665132316990675,79.34210104576758,400,518,375,435,20.665132316990675,NEUTRAL,program,sonic_drive_three_laps.py,function,ec959a186dbd8278df967871b3a34262848e2c5ecc08c20aa12abb30068f0552,右壁追従 | target_deg=49.876,,186.40604429366743,223.7569701074634,214.9010216030447,94.65597202923733,47.20454935533506,0,31.7,44.69122840724536,0
31.75,837.6844589320854,108.96123000016719,74.67077231844638,17.356832262290105,23.149472334645626,21.665132316990675,72.34210104576758,402,510,375,435,21.665132316990675,NEUTRAL,program,sonic_drive_three_laps.py,function,ec959a186dbd8278df967871b3a34262848e2c5ecc08c20aa12abb30068f0552,右壁追従 | target_deg=46.907,,186.10470624995898,222.01903017467225,214.56574365577657,101.68169249485898,49.64676877409429,0,31.75,44.6658923686128,0
31.8,838.5241018728404,109.20062547210333,73.5196861318475,17.531548406979677,20.909472334645624,22.665132316990675,65.34210104576758,403,503,375,435,22.665132316990675,NEUTRAL,program,sonic_drive_three_laps.py,function,ec959a186dbd8278df967871b3a34262848e2c5ecc08c20aa12abb30068f0552,右壁追従 | target_deg=43.685,,185.90536429601764,223.2272153556524,218.13854944949344,104.97040409020944,51.315754633780045,0,31.8,44.68985039895112,0
31.85,839.3714506183726,109.45979634526634,72.48421892384317,17.847178915014126,18.669472334645626,23.665132316990675,58.34210104576758,404,496,375,435,23.665132316990675,NEUTRAL,program,sonic_drive_three_laps.py,function,ec959a186dbd8278df967871b3a34262848e2c5ecc08c20aa12abb30068f0552,右壁追従 | target_deg=40.188,,184.06437330767193,223.81278928098305,219.9787755037951,109.42040563977937,53.28096996413169,0,31.85,44.75989683056703,0
31.9,840.2323875706954,109.7393226320604,71.55841192542573,18.271967236742828,16.429472334645624,24.665132316990675,51.34210104576758,405,488,375,435,24.665132316990675,NEUTRAL,program,sonic_drive_three_laps.py,function,ec959a186dbd8278df967871b3a34262848e2c5ecc08c20aa12abb30068f0552,右壁追従 | target_deg=36.397,,183.6920125759121,225.2962799740081,216.41067788231337,115.01416480919826,51.75185875866848,0,31.9,44.874128429953686,0
31.95,841.1114889114704,110.0396087547903,70.74049819883626,18.781313498540058,14.189472334645625,25.665132316990675,44.34210104576758,407,481,375,435,25.665132316990675,NEUTRAL,program,sonic_drive_three_laps.py,function,ec959a186dbd8278df967871b3a34262848e2c5ecc08c20aa12abb30068f0552,右壁追従 | target_deg=32.297,,186.33305375455095,227.84506408666252,220.52684927918006,118.4268647485485,52.878390216204856,0,31.95,45.03140454399208,0
32.0,842.0123645885152,110.36079825653641,70.03178821915157,19.35616166978978,11.949472334645625,26.665132316990675,37.34210104576758,408,474,375,435,26.665132316990675,NEUTRAL,program,sonic_drive_three_laps.py,function,ec959a186dbd8278df967871b3a34262848e2c5ecc08c20aa12abb30068f0552,右壁追従 | target_deg=27.883,,186.8831089752194,228.0512202579578,217.84866613396014,126.14310461116501,53.29784867127268,0,32.0,45.230993566278144,0
32.05,842.9379248776797,110.70271685528094,69.43587808403242,19.981750198934282,9.709472334645625,27.665132316990675,30.342101045767578,409,466,375,435,27.665132316990675,NEUTRAL,program,sonic_drive_three_laps.py,function,ec959a186dbd8278df967871b3a34262848e2c5ecc08c20aa12abb30068f0552,右壁追従 | target_deg=23.159,,186.00535013006035,225.18165235527698,218.20061140237178,128.36048962745116,54.8295865752761,0,32.05,45.47234414592354,0
32.1,843.8905891759969,111.06483145369124,68.95809136500299,20.646644206969558,7.469472334645625,28.665132316990675,23.342101045767578,410,459,375,435,28.665132316990675,NEUTRAL,program,sonic_drive_three_laps.py,function,ec959a186dbd8278df967871b3a34262848e2c5ecc08c20aa12abb30068f0552,右壁追従 | target_deg=18.148,,187.22111165652174,220.7129396149696,218.97543737737792,132.47549656920282,55.492470683994945,0,32.1,45.754940934005106,0
32.15,844.8724490173986,111.44621734709919,68.60509067469621,21.341985786423955,5.229472334645624,29.665132316990675,16.342101045767578,412,452,375,435,29.665132316990675,NEUTRAL,program,sonic_drive_three_laps.py,function,ec959a186dbd8278df967871b3a34262848e2c5ecc08c20aa12abb30068f0552,右壁追従 | target_deg=12.888,,186.61229549246144,220.54698630149045,220.36323419007988,135.47641417487677,57.529783232799026,0,32.15,46.07821820290353,0
32.2,845.8853943684348,111.84552859546547,68.38461303694135,22.060913253431032,2.9894723346456247,30.665132316990675,9.342101045767578,413,444,375,435,30.665132316990675,NEUTRAL,program,sonic_drive_three_laps.py,function,ec959a186dbd8278df967871b3a34262848e2c5ecc08c20aa12abb30068f0552,右壁追従 | target_deg=7.438,,186.43285076204847,223.38187777444773,221.7363377192026,136.40805692170156,58.73980124391981,0,32.2,46.441513408418714,0
32.25,846.9309501114774,112.2616206938353,68.21397397182898,22.798111277520995,2.5761005222571747,31.665132316990675,8.050314132053671,414,443,375,435,31.665132316990675,NEUTRAL,program,sonic_drive_three_laps.py,function,ec959a186dbd8278df967871b3a34262848e2c5ecc08c20aa12abb30068f0552,右壁追従 | target_deg=6.418,,184.04119637146115,221.57087554691898,219.13570206128233,137.21948127997186,60.72582483036431,0,32.25,46.82987772366077,0
32.3,848.0098411864941,112.69477566123881,68.03691600009944,23.549462394445527,2.5872603385134165,32.66513231699068,8.085188557854426,415,443,375,435,32.66513231699068,NEUTRAL,program,sonic_drive_three_laps.py,function,ec959a186dbd8278df967871b3a34262848e2c5ecc08c20aa12abb30068f0552,右壁追従 | target_deg=6.445,,182.61487125901786,220.28089828171747,221.69051474008836,135.62760232295742,59.18341301745608,0,32.3,47.23439766702511,0
32.35,849.1221568811404,113.14539290616561,67.85573814505955,24.29957087884515,2.5647017209522702,33.597428746354225,8.014692877975845,416,443,375,435,33.597428746354225,NEUTRAL,program,sonic_drive_three_laps.py,function,ec959a186dbd8278df967871b3a34262848e2c5ecc08c20aa12abb30068f0552,右壁追従 | target_deg=6.389,,183.17425568773842,222.15425239809943,218.6351463353486,135.12884412897264,59.96515305703304,0,32.35,47.65585703674651,0
32.4,850.2630378889694,113.61183758332697,67.67025421312024,24.88143367118122,2.556595568955888,33.60186179822725,7.98936115298715,417,443,375,435,33.60186179822725,NEUTRAL,program,sonic_drive_three_laps.py,function,ec959a186dbd8278df967871b3a34262848e2c5ecc08c20aa12abb30068f0552,右壁追従 | target_deg=6.369,,182.9627858280065,218.717134084094,222.14666789378865,133.9268258360803,62.94295978788684,0,32.4,48.09260144978606,1
32.45,851.4256845756609,114.09160633224401,67.4825439038973,25.334249363118577,2.5354803091826295,33.61340920591575,7.923375966195717,417,443,375,435,33.61340920591575,NEUTRAL,program,sonic_drive_three_laps.py,function,ec959a186dbd8278df967871b3a34262848e2c5ecc08c20aa12abb30068f0552,右壁追従 | target_deg=6.317,,180.95488941294695,217.49860283809076,218.7111796734692,134.7224435268597,61.763625659536395,0,32.45,48.54246888905291,1
32.5,852.604752224464,114.58272615456383,67.29084121322848,25.68360414053857,2.549822629934106,33.60556574925479,7.968195718544081,417,443,375,435,33.60556574925479,NEUTRAL,program,sonic_drive_three_laps.py,function,ec959a186dbd8278df967871b3a34262848e2c5ecc08c20aa12abb30068f0552,右壁追従 | target_deg=6.353,,179.3013907512229,217.66994089471262,220.43206640993205,133.42816120097794,60.03573139914526,0,32.5,49.0032131682585,1
32.55,853.7961314865007,115.08366785059711,67.09837205537261,25.95617897472542,2.5300359883401073,33.6163865688765,7.906362463562836,417,443,375,435,33.6163865688765,NEUTRAL,program,sonic_drive_three_laps.py,function,ec959a186dbd8278df967871b3a34262848e2c5ecc08c20aa12abb30068f0552,右壁追従 | target_deg=6.304,,181.44586318740423,216.33833384579953,218.9023100665529,133.392041391477,62.19938657422898,0,32.55,49.47382262976528,1
32.6,854.9966921320774,115.59323190939195,66.90516232776662,26.168632767655975,2.5167838827250146,33.623633814134756,7.86494963351567,417,443,375,435,33.623633814134756,NEUTRAL,program,sonic_drive_three_laps.py,function,ec959a186dbd8278df967871b3a34262848e2c5ecc08c20aa12abb30068f0552,右壁追従 | target_deg=6.271,,177.20503933333782,214.55862034414704,218.47822047074027,130.5082979707699,62.13317016417004,0,32.6,49.95310412701528,1
32.65,856.2039499712616,116.11046890511201,66.71042520620054,26.332992711562618,2.518965817668572,33.6224405684625,7.871768180214288,417,443,375,435,33.6224405684625,NEUTRAL,program,sonic_drive_three_laps.py,function,ec959a186dbd8278df967871b3a34262848e2c5ecc08c20aa12abb30068f0552,右壁追従 | target_deg=6.276,,177.59500912072602,212.40963769839527,221.04389543840693,127.55118798216864,63.45146696925771,0,32.65,50.43998820007555,1
32.7,857.4159753695287,116.63463778537505,66.5151669877022,26.46098960210396,2.512097262557294,33.62619680953898,7.850303945491544,417,443,375,435,33.62619680953898,NEUTRAL,program,sonic_drive_three_laps.py,function,ec959a186dbd8278df967871b3a34262848e2c5ecc08c20aa12abb30068f0552,右壁追従 | target_deg=6.259,,177.2998413550428,211.79738613531427,221.51555321554977,126.86265536763821,65.0039018245345,0,32.7,50.933893668675864,1
32.75,858.6313252683888,117.16516110209601,66.3204663034231,26.56188552467623,2.494403799370256,33.63587292221939,7.79501187303205,417,443,375,435,33.63587292221939,NEUTRAL,program,sonic_drive_three_laps.py,function,ec959a186dbd8278df967871b3a34262848e2c5ecc08c20aa12abb30068f0552,右壁追従 | target_deg=6.215,,173.169529306268,208.99335173453687,219.1685682828179,129.18240235589693,64.54198080548386,0,32.75,51.434410565210996,1
32.8,859.8489183662978,117.7015833603184,66.1268369148952,26.642207129469554,2.4724590271586915,33.64787396952259,7.7264344598709105,417,443,375,435,33.64787396952259,NEUTRAL,program,sonic_drive_three_laps.py,function,ec959a186dbd8278df967871b3a34262848e2c5ecc08c20aa12abb30068f0552,右壁追従 | target_deg=6.161,,174.38660232222958,210.52023577183914,219.1225306337523,126.78102003571962,66.17351854451093,0,32.8,51.9411607811591,1
32.85,861.0679065131407,118.2435379662666,65.93389147982504,26.705926619412995,2.4572533028082075,33.656189600026764,7.678916571275649,417,443,375,435,33.656189600026764,NEUTRAL,program,sonic_drive_three_laps.py,function,ec959a186dbd8278df967871b3a34262848e2c5ecc08c20aa12abb30068f0552,右壁追従 | target_deg=6.123,,174.18437145215358,206.92674477439766,216.14793604540287,125.58497865868753,63.66417668644562,0,32.85,52.45371640628727,1
32.9,862.287576061407,118.79072581415447,65.74065170831707,26.75541679036261,2.4559292496991874,33.65691369157076,7.674778905309961,417,443,375,435,33.65691369157076,NEUTRAL,program,sonic_drive_three_laps.py,function,ec959a186dbd8278df967871b3a34262848e2c5ecc08c20aa12abb30068f0552,右壁追従 | target_deg=6.120,,170.20104390595665,208.67285335140735,220.6643881973558,127.51658614879544,67.26412100922697,0,32.9,52.97162909849662,1
32.95,863.5073751112092,119.3429135359834,65.54801631310531,26.794901379707923,2.444290208405812,33.66327879227807,7.638406901268162,417,443,375,435,33.66327879227807,NEUTRAL,program,sonic_drive_three_laps.py,function,ec959a186dbd8278df967871b3a34262848e2c5ecc08c20aa12abb30068f0552,右壁追従 | target_deg=6.091,,173.52134005119598,207.5676964724412,218.43169340872083,125.32343331339143,66.50138258498066,0,32.95,53.49480156696535,1
33.0,864.7268734275849,119.89991204658733,65.35545411149369,26.825887408279463,2.440236148606622,33.665495856230756,7.625737964395694,417,443,375,435,33.665495856230756,NEUTRAL,program,sonic_drive_three_laps.py,function,ec959a186dbd8278df967871b3a34262848e2c5ecc08c20aa12abb30068f0552,右壁追従 | target_deg=6.081,,170.77067218569042,205.75287117675023,219.43827072276494,123.79739836838291,67.21533972991008,0,33.0,54.02296415888085,1
33.05,865.9457811062815,120.46157789593813,65.16457346436732,26.852239059557995,2.416414990797006,33.67852305190789,7.551296846240644,417,442,375,435,33.67852305190789,NEUTRAL,program,sonic_drive_three_laps.py,function,ec959a186dbd8278df967871b3a34262848e2c5ecc08c20aa12abb30068f0552,右壁追従 | target_deg=6.022,,170.8364746307333,207.34087445590447,216.64500866743302,123.36739307552742,67.33381898717299,0,33.05,54.55621230077897,1
33.1,867.1638907531284,121.027789495443,64.97476801945498,26.874201270786088,2.4007024258017524,33.68711586088967,7.502195080630476,417,442,375,435,33.68711586088967,NEUTRAL,program,sonic_drive_three_laps.py,function,ec959a186dbd8278df967871b3a34262848e2c5ecc08c20aa12abb30068f0552,右壁追従 | target_deg=5.983,,166.91112522641112,206.99117840783848,217.22685050593455,124.7050808431255,68.31400548368062,0,33.1,55.09433085252995,1
33.15,868.3810184440645,121.59844322240127,64.7859045921212,26.89256058041442,2.3870454209938603,33.694584535393986,7.4595169406058135,417,442,375,435,33.694584535393986,NEUTRAL,program,sonic_drive_three_laps.py,function,ec959a186dbd8278df967871b3a34262848e2c5ecc08c20aa12abb30068f0552,右壁追従 | target_deg=5.950,,168.41662967206295,204.66051912867428,217.76386026993163,124.42847574676075,69.55661017039357,0,33.15,55.637194167892616,1
33.2,869.5971138340824,122.17346567929017,64.6004791456773,26.911220897953502,2.342028319846911,33.71920326258372,7.318838499521597,417,442,375,435,33.71920326258372,NEUTRAL,program,sonic_drive_three_laps.py,function,ec959a186dbd8278df967871b3a34262848e2c5ecc08c20aa12abb30068f0552,右壁追従 | target_deg=5.838,,163.6921620993771,201.23279375108044,213.3702641804445,121.87641687757508,70.23401468722886,0,33.2,56.185090773235814,1
33.25,870.8121285386073,122.75277742560702,64.4164667614807,26.927580532735305,2.3227107800994817,33.7297675421331,7.258471187810881,417,442,375,435,33.7297675421331,NEUTRAL,program,sonic_drive_three_laps.py,function,ec959a186dbd8278df967871b3a34262848e2c5ecc08c20aa12abb30068f0552,右壁追従 | target_deg=5.790,,167.13407518809632,203.61044575601682,216.78327883672569,123.80978699252034,73.00441293324481,0,33.25,56.73763909287999,1
33.3,872.0258999490178,123.33629364252414,64.23202839035699,26.939841971604775,2.3268831739087465,33.72748576426866,7.271509918464833,417,442,375,435,33.72748576426866,NEUTRAL,program,sonic_drive_three_laps.py,function,ec959a186dbd8278df967871b3a34262848e2c5ecc08c20aa12abb30068f0552,右壁追従 | target_deg=5.801,,162.56436528934117,203.41685284283406,216.45799809153752,120.51813694241933,70.72745324685935,0,33.3,57.29448585573388,1
33.35,873.2383684477126,123.92396165386718,64.05021931225724,26.95271305722825,2.2926737016810677,33.74619406939317,7.164605317753336,417,442,375,435,33.74619406939317,NEUTRAL,program,sonic_drive_three_laps.py,function,ec959a186dbd8278df967871b3a34262848e2c5ecc08c20aa12abb30068f0552,右壁追従 | target_deg=5.716,,160.25541592231042,200.46383718172584,215.13925300005062,121.48711952101148,74.30968850415148,0,33.35,57.856017660656775,1
33.4,874.4495960552067,124.51573896124857,63.871688179356255,26.966867041577544,2.250242310661997,33.76939873635672,7.032007220818741,417,442,375,435,33.76939873635672,NEUTRAL,program,sonic_drive_three_laps.py,function,ec959a186dbd8278df967871b3a34262848e2c5ecc08c20aa12abb30068f0552,右壁追従 | target_deg=5.610,,162.9740861812836,200.9858646718274,214.5778478793059,115.7278102625263,76.99209365731205,0,33.4,58.42227811573193,1
33.45,875.6595531639999,125.11156334620782,63.6938782884138,26.9788316648662,2.240095883669178,33.77494756361842,7.000299636466181,417,442,375,435,33.77494756361842,NEUTRAL,program,sonic_drive_three_laps.py,function,ec959a186dbd8278df967871b3a34262848e2c5ecc08c20aa12abb30068f0552,右壁追従 | target_deg=5.585,,161.84596966608765,196.58864283072887,214.00135487228985,118.38982928069754,74.7257446821797,0,33.45,58.99283487346172,1
33.5,876.8682008006579,125.71138342760912,63.51812672954702,26.99075055865283,2.21321198357209,33.78964969648401,6.91628744866278,417,442,375,435,33.78964969648401,NEUTRAL,program,sonic_drive_three_laps.py,function,ec959a186dbd8278df967871b3a34262848e2c5ecc08c20aa12abb30068f0552,右壁追従 | target_deg=5.519,,158.45426843544314,198.43191758300344,211.47734306146884,116.98514109662149,75.08681041912162,0,33.5,59.56782338683841,1
33.55,878.0755534398988,126.31515375851313,63.344632942746784,27.0028799266315,2.1838340687921276,33.80571574362931,6.824481464975398,417,442,375,435,33.80571574362931,NEUTRAL,program,sonic_drive_three_laps.py,function,ec959a186dbd8278df967871b3a34262848e2c5ecc08c20aa12abb30068f0552,右壁追従 | target_deg=5.446,,157.56886128002694,199.15161708966045,211.9365645714235,116.60783675353386,77.56168128141941,0,33.55,60.14722136090505,1
33.6,879.2815523486789,126.92281574422066,63.1713936917283,27.012676657415607,2.1797685107977243,33.807939095657495,6.811776596242888,417,442,375,435,33.807939095657495,NEUTRAL,program,sonic_drive_three_laps.py,function,ec959a186dbd8278df967871b3a34262848e2c5ecc08c20aa12abb30068f0552,右壁追従 | target_deg=5.436,,158.4434493560362,197.04718002510785,212.06998864894146,117.04616512832571,76.12711270765043,0,33.6,60.730685973175056,1
33.65,880.4860824013742,127.53431301105215,62.998021544665505,27.02016772273699,2.180761134878409,33.80739625436337,6.814878546495027,417,442,375,435,33.80739625436337,NEUTRAL,program,sonic_drive_three_laps.py,function,ec959a186dbd8278df967871b3a34262848e2c5ecc08c20aa12abb30068f0552,右壁追従 | target_deg=5.438,,157.38756385579543,191.96786336440564,214.81310164540557,116.05127611716469,78.44407745446566,0,33.65,61.31810681002105,1
33.7,881.6891419381635,128.1496166731701,62.8271178135017,27.02909447487685,2.149077283891773,33.824723360371685,6.71586651216179,417,442,375,435,33.824723360371685,NEUTRAL,program,sonic_drive_three_laps.py,function,ec959a186dbd8278df967871b3a34262848e2c5ecc08c20aa12abb30068f0552,右壁追従 | target_deg=5.360,,154.75094210069247,193.65940691472335,211.57960772161766,116.35624617049302,79.54301448580902,0,33.7,61.90981364215172,1
33.75,882.8907587878626,128.7686928470978,62.657595668994645,27.037789060033017,2.131028026553989,33.834594047978285,6.659462582981215,417,441,375,435,33.834594047978285,NEUTRAL,program,sonic_drive_three_laps.py,function,ec959a186dbd8278df967871b3a34262848e2c5ecc08c20aa12abb30068f0552,右壁追従 | target_deg=5.315,,152.67944623235144,191.37925140473538,211.74222038228928,115.65146423564664,79.85223026710999,0,33.75,62.50561813501821,1
33.8,884.090850458224,129.391491276419,62.487476272301194,27.04383995919634,2.1379682050178617,33.830798637880854,6.681150640680818,417,442,375,435,33.830798637880854,NEUTRAL,program,sonic_drive_three_laps.py,function,ec959a186dbd8278df967871b3a34262848e2c5ecc08c20aa12abb30068f0552,右壁追従 | target_deg=5.332,,152.59909647422242,191.97473743709554,213.51762771944428,114.61284342444175,79.39503163650305,0,33.8,63.10519765400346,1
33.85,885.2893965189608,130.0179854858916,62.3193214851799,27.051011113130528,2.1127754236766187,33.84457594017685,6.602423198989434,417,441,375,435,33.84457594017685,NEUTRAL,program,sonic_drive_three_laps.py,function,ec959a186dbd8278df967871b3a34262848e2c5ecc08c20aa12abb30068f0552,右壁追従 | target_deg=5.269,,151.9126340459135,190.23666029810164,209.4545456534031,113.62341817335309,79.21956415556501,0,33.85,63.70887396277941,1
33.9,886.4864176501699,130.64814743976345,62.15229080328015,27.058011467941345,2.098116540320985,33.85259251701196,6.556614188503078,417,441,375,435,33.85259251701196,NEUTRAL,program,sonic_drive_three_laps.py,function,ec959a186dbd8278df967871b3a34262848e2c5ecc08c20aa12abb30068f0552,右壁追従 | target_deg=5.233,,152.0285353782987,187.62354284804948,212.64814610094172,111.84663647695808,82.57107048000492,0,33.9,64.3165015219354,1
33.95,887.6753248123533,131.28002844510152,61.84420818142996,26.842580801323862,4.338116540320985,32.62759251701196,13.556614188503078,415,449,375,435,32.62759251701196,NEUTRAL,program,sonic_drive_three_laps.py,function,ec959a186dbd8278df967871b3a34262848e2c5ecc08c20aa12abb30068f0552,左回避 | target_deg=10.739,,146.21936635995772,188.28858847172563,210.12671043673558,113.24112986694247,82.07622861686751,0,33.95,64.90716163400515,1
34.0,888.8457953436388,131.912487312445,61.36317004896196,26.454846308321606,6.578116540320984,31.40259251701196,20.556614188503076,414,456,375,435,31.40259251701196,NEUTRAL,program,sonic_drive_three_laps.py,function,ec959a186dbd8278df967871b3a34262848e2c5ecc08c20aa12abb30068f0552,左回避 | target_deg=16.082,,147.64366727260233,185.94109382941795,211.7077758254414,109.40033926406998,83.74567645360341,0,34.0,65.47615060331992,1
34.05,889.9894850200046,132.5451085418849,60.715620614966554,25.93363848774035,8.818116540320984,30.17759251701196,27.556614188503076,412,463,375,435,30.17759251701196,NEUTRAL,program,sonic_drive_three_laps.py,function,ec959a186dbd8278df967871b3a34262848e2c5ecc08c20aa12abb30068f0552,左回避 | target_deg=21.198,,147.5029644943682,184.42892838379385,210.46767148231655,110.57577761275672,88.32200008331365,0,34.05,66.02505640833773,1
34.1,891.0996979452124,133.17773944278466,59.90946978094351,25.309036972725224,11.058116540320984,28.952592517011965,34.556614188503076,411,471,375,435,28.952592517011965,NEUTRAL,program,sonic_drive_three_laps.py,function,ec959a186dbd8278df967871b3a34262848e2c5ecc08c20aa12abb30068f0552,左回避 | target_deg=26.039,,148.5110911383924,185.37876755143054,211.96198074546223,108.64190892567393,85.12735648927962,0,34.1,66.5562481170319,1
34.15,892.1710715631651,133.81026002585182,58.95355194608962,24.604342631356037,13.298116540320985,27.727592517011963,41.556614188503076,409,478,375,435,27.727592517011963,NEUTRAL,program,sonic_drive_three_laps.py,function,ec959a186dbd8278df967871b3a34262848e2c5ecc08c20aa12abb30068f0552,左回避 | target_deg=30.578,,144.80561516182306,188.04606332162393,211.726955324416,108.78473428408911,90.03758634900703,0,34.15,67.07250608829827,1
34.2,893.1993295496786,134.4424305383382,57.85725976243788,23.837605233410663,15.538116540320985,26.502592517011962,48.556614188503076,408,485,375,435,26.502592517011962,NEUTRAL,program,sonic_drive_three_laps.py,function,ec959a186dbd8278df967871b3a34262848e2c5ecc08c20aa12abb30068f0552,左回避 | target_deg=34.803,,148.08168515337954,185.04187829119974,212.28999292153185,109.3537848377002,91.92288388279876,0,34.2,67.57675280636047,1
34.25,894.1810903282793,135.0737954174882,56.630303119162704,23.022806841184735,17.778116540320983,25.277592517011964,55.556614188503076,406,493,375,435,25.277592517011964,NEUTRAL,program,sonic_drive_three_laps.py,function,ec959a186dbd8278df967871b3a34262848e2c5ecc08c20aa12abb30068f0552,左回避 | target_deg=38.716,,145.4270905493792,185.73547786388218,214.08902833796978,112.11067631770612,92.6600234957266,0,34.25,68.07185882411922,1
34.3,895.1137205587924,135.70362798963407,55.28255774434143,22.170778510611086,20.018116540320985,24.05259251701196,62.556614188503076,405,500,375,435,24.05259251701196,NEUTRAL,program,sonic_drive_three_laps.py,function,ec959a186dbd8278df967871b3a34262848e2c5ecc08c20aa12abb30068f0552,左回避 | target_deg=42.328,,152.7501216989671,181.71295968127444,217.14278433620848,112.04313311782052,96.1094666315818,0,34.3,68.56050409519854,1
34.35,895.9952244626263,136.33090451371837,53.82397807004196,21.28991040403772,22.258116540320984,22.82759251701196,69.55661418850308,403,508,375,435,22.82759251701196,NEUTRAL,program,sonic_drive_three_laps.py,function,ec959a186dbd8278df967871b3a34262848e2c5ecc08c20aa12abb30068f0552,左回避 | target_deg=45.657,,151.09686330042038,182.07795511827922,219.83951689754386,110.7195095087385,97.86202089173386,0,34.35,69.04507975189699,1
34.4,896.8241612424415,136.95429935545351,52.26455648066698,20.38670187154299,24.498116540320986,21.60259251701196,76.55661418850308,402,515,375,435,21.60259251701196,NEUTRAL,program,sonic_drive_three_laps.py,function,ec959a186dbd8278df967871b3a34262848e2c5ecc08c20aa12abb30068f0552,左回避 | target_deg=48.723,,152.17551275000068,182.27322132402395,223.04597773488416,112.599059738369,100.47691784999829,0,34.4,69.52761917904503,1
34.45,897.5995840994728,137.5721954004873,50.614316534161134,19.466187565579265,26.738116540320984,20.37759251701196,83.55661418850308,400,522,375,435,20.37759251701196,NEUTRAL,program,sonic_drive_three_laps.py,function,ec959a186dbd8278df967871b3a34262848e2c5ecc08c20aa12abb30068f0552,左回避 | target_deg=51.551,,156.8264807868615,175.92153554331395,224.88297920272396,113.2145683727324,103.58658342710848,0,34.45,70.00975016225048,1
34.5,898.3209954379937,138.18270547226513,48.88333178231966,18.532267526152154,28.978116540320983,19.152592517011964,90.55661418850308,398,530,375,435,19.152592517011964,NEUTRAL,program,sonic_drive_three_laps.py,function,ec959a186dbd8278df967871b3a34262848e2c5ecc08c20aa12abb30068f0552,左回避 | target_deg=54.161,,158.69499644765241,177.23218689154845,249.55348779672104,113.84528311999415,107.04711555934496,0,34.5,70.49266209803528,1
34.55,898.9883137760937,138.7837016806003,47.081764842712374,17.587962877795935,31.218116540320985,17.927592517011963,97.55661418850308,397,537,375,435,17.927592517011963,NEUTRAL,program,sonic_drive_three_laps.py,function,ec959a186dbd8278df967871b3a34262848e2c5ecc08c20aa12abb30068f0552,左回避 | target_deg=56.575,,161.4170290229902,175.28473828626127,250.0,112.42716317071597,109.99295847171025,0,34.55,70.97708388359057,1
34.6,899.6052003170253,139.37563197078725,45.282528089502705,16.77937730448279,32.0,17.5,100.0,396,540,375,435,17.5,NEUTRAL,program,sonic_drive_three_laps.py,function,ec959a186dbd8278df967871b3a34262848e2c5ecc08c20aa12abb30068f0552,左回避 | target_deg=57.375,,163.4094458549453,174.3844388373911,248.23677896074753,117.59933433116161,112.44414904688105,0,34.6,71.46922258929587,1
34.65,900.1791343424196,139.96132537217022,43.55547881251465,16.153015085100158,32.0,17.5,100.0,396,540,375,435,17.5,NEUTRAL,program,sonic_drive_three_laps.py,function,ec959a186dbd8278df967871b3a34262848e2c5ecc08c20aa12abb30068f0552,左回避 | target_deg=57.375,,160.63583542048409,172.98265579829973,250.0,113.24278081562295,109.70047793748198,0,34.65,71.97485405185667,1
34.7,900.717102720815,140.54389890569945,41.88540831300895,15.667810249868703,32.0,17.5,100.0,396,540,375,435,17.5,NEUTRAL,program,sonic_drive_three_laps.py,function,ec959a186dbd8278df967871b3a34262848e2c5ecc08c20aa12abb30068f0552,左回避 | target_deg=57.375,,161.1979008019842,172.10307303681012,246.98362085545264,114.81403189591937,109.11291265327958,0,34.7,72.49472671394817,1
34.75,901.2243260120752,141.12590473465386,40.259475817815314,15.291951481815884,32.0,17.5,100.0,396,540,375,435,17.5,NEUTRAL,program,sonic_drive_three_laps.py,function,ec959a186dbd8278df967871b3a34262848e2c5ecc08c20aa12abb30068f0552,左回避 | target_deg=57.375,,157.09854581652604,173.4863987669525,249.6623058939946,110.63905850494386,105.91057392235231,0,34.75,73.02964435164158,1
34.8,901.7046913565812,141.70938924551126,38.66773435849029,15.000796482392204,32.0,17.5,100.0,396,540,375,435,17.5,NEUTRAL,program,sonic_drive_three_laps.py,function,ec959a186dbd8278df967871b3a34262848e2c5ecc08c20aa12abb30068f0552,左回避 | target_deg=57.375,,158.1070177728885,171.30038772210196,247.6441874756008,112.33347364555358,107.24811370051302,0,34.8,73.58040522944353,1
34.85,902.1610793781766,142.2959599683827,37.10247862166213,14.775256356965382,32.0,17.5,100.0,396,540,375,435,17.5,NEUTRAL,program,sonic_drive_three_laps.py,function,ec959a186dbd8278df967871b3a34262848e2c5ecc08c20aa12abb30068f0552,左回避 | target_deg=57.375,,157.0065442942653,171.968001880242,250.0,112.18955419130239,105.73945812549638,0,34.85,74.14772539559857,1
34.9,902.5956108527771,142.8868518239058,35.55773976823204,14.600544096216858,32.0,17.5,100.0,396,540,375,435,17.5,NEUTRAL,program,sonic_drive_three_laps.py,function,ec959a186dbd8278df967871b3a34262848e2c5ecc08c20aa12abb30068f0552,左回避 | target_deg=57.375,,154.89846937690643,174.6872729027256,250.0,113.94722616944148,105.41366717419476,0,34.9,74.73220234449398,1
34.95,903.0098331644352,143.48298798598347,34.02889410043895,14.46520510055879,32.0,17.5,100.0,396,540,375,435,17.5,NEUTRAL,program,sonic_drive_three_laps.py,function,ec959a186dbd8278df967871b3a34262848e2c5ecc08c20aa12abb30068f0552,左回避 | target_deg=57.375,,153.46196471171513,173.55488456686305,250.0,111.58118391548734,104.99460449888753,0,34.95,75.33430230099076,1
35.0,903.4048614604773,144.08503346854644,32.51235991996043,14.360366186178886,32.0,17.5,100.0,396,540,375,435,17.5,NEUTRAL,program,sonic_drive_three_laps.py,function,ec959a186dbd8278df967871b3a34262848e2c5ecc08c20aa12abb30068f0552,左回避 | target_deg=57.375,,155.76695400739112,172.0560928816756,248.1495834864392,111.34239470684491,107.73595430985301,0,35.0,75.95436086604221,1
35.05,903.781485643466,144.6934410609245,31.00536270226334,14.279153835555816,32.0,17.5,100.0,396,540,375,435,17.5,NEUTRAL,program,sonic_drive_three_laps.py,function,ec959a186dbd8278df967871b3a34262848e2c5ecc08c20aa12abb30068f0552,左回避 | target_deg=57.375,,155.22309897617635,172.0461921803361,248.83519450173338,111.60844436074395,105.36421376242973,0,35.05,76.59259077875802,1
35.1,904.1402515453524,145.30849000616476,29.505753191410292,14.216243551404794,32.0,17.5,100.0,396,540,375,435,17.5,NEUTRAL,program,sonic_drive_three_laps.py,function,ec959a186dbd8278df967871b3a34262848e2c5ecc08c20aa12abb30068f0552,左回避 | target_deg=57.375,,157.0599393507031,173.18608317567947,249.694814376045,114.78409701321782,107.39769261502084,0,35.1,77.24909303970632,1
35.15,904.4815225562254,145.93031816475118,28.0118664891352,14.167510768501721,32.0,17.5,100.0,396,540,375,435,17.5,NEUTRAL,program,sonic_drive_three_laps.py,function,ec959a186dbd8278df967871b3a34262848e2c5ecc08c20aa12abb30068f0552,左回避 | target_deg=57.375,,157.11255193547652,172.99035560822364,246.87274113111303,114.87542600337082,105.4170558236033,0,35.15,77.92386918305424,1
35.2,904.8055264352744,146.5589485220325,26.522412899693535,14.129760436238447,32.0,17.5,100.0,396,540,375,435,17.5,NEUTRAL,program,sonic_drive_three_laps.py,function,ec959a186dbd8278df967871b3a34262848e2c5ecc08c20aa12abb30068f0552,左回避 | target_deg=57.375,,157.39517060929697,174.27854627178425,250.0,118.41108603462715,105.75168189775721,0,35.2,78.61683343852606,1
35.25,905.1123908759146,147.19431089084685,25.036393373985902,14.10051754262365,32.0,17.5,100.0,396,540,375,435,17.5,NEUTRAL,program,sonic_drive_three_laps.py,function,ec959a186dbd8278df967871b3a34262848e2c5ecc08c20aa12abb30068f0552,左回避 | target_deg=57.375,,158.84034179693904,173.13688865265462,250.0,116.48812718020993,106.16918975645068,0,35.25,79.32782410953475,1
35.3,905.4021705293003,147.83625959405225,23.553034009246858,14.077864845926772,32.0,17.5,100.0,396,540,375,435,17.5,NEUTRAL,program,sonic_drive_three_laps.py,function,ec959a186dbd8278df967871b3a34262848e2c5ecc08c20aa12abb30068f0552,左回避 | target_deg=57.375,,156.56250666425893,178.51625622448404,249.12668125576732,117.25686078770778,105.5664625678952,0,35.3,80.05661384904433,1
35.35,905.6748675368258,148.48458782015615,22.071735309925543,14.06031717522085,32.0,17.5,100.0,396,540,375,435,17.5,NEUTRAL,program,sonic_drive_three_laps.py,function,ec959a186dbd8278df967871b3a34262848e2c5ecc08c20aa12abb30068f0552,左回避 | target_deg=57.375,,160.07563188631158,177.43222752748966,250.0,122.39906938081211,105.67771556678554,0,35.35,80.80291872592166,1
35.4,905.9304471284709,149.13903924817524,20.592032883165956,14.046724058634164,32.0,17.5,100.0,396,540,375,435,17.5,NEUTRAL,program,sonic_drive_three_laps.py,function,ec959a186dbd8278df967871b3a34262848e2c5ecc08c20aa12abb30068f0552,左回避 | target_deg=57.375,,156.90048570077056,177.71464771270973,247.87306979785654,120.98218348092377,109.74789119225571,0,35.4,81.56640609587326,1
35.45,906.1688494700406,149.79931744514786,19.113566991978473,14.036194295360405,32.0,17.5,100.0,396,540,375,435,17.5,NEUTRAL,program,sonic_drive_three_laps.py,function,ec959a186dbd8278df967871b3a34262848e2c5ecc08c20aa12abb30068f0552,左回避 | target_deg=57.375,,161.59900064654227,179.7068726876043,250.0,122.04200211002713,109.0232083705888,0,35.45,82.34670135663875,1
35.5,906.3899986588082,150.46509345597914,17.636058969927973,14.028037526168124,32.0,17.5,100.0,396,540,375,435,17.5,NEUTRAL,program,sonic_drive_three_laps.py,function,ec959a186dbd8278df967871b3a34262848e2c5ecc08c20aa12abb30068f0552,左回避 | target_deg=57.375,,162.01519927161917,180.66261406448464,249.1487534087232,120.81747966976725,108.92932569087586,0,35.5,83.14339369849772,1
35.55,906.5938095517001,151.13601193216817,16.159292951022564,14.021718971616952,32.0,17.5,100.0,396,540,375,435,17.5,NEUTRAL,program,sonic_drive_three_laps.py,function,ec959a186dbd8278df967871b3a34262848e2c5ecc08c20aa12abb30068f0552,左回避 | target_deg=57.375,,162.51589152694152,183.22051569331543,102.73220545663591,119.70769814272391,109.45079662772737,0,35.55,83.95604097196362,1
35.6,906.7801929464072,151.8116960835067,14.683101716966348,14.016824370497933,32.0,17.5,100.0,396,540,375,435,17.5,NEUTRAL,program,sonic_drive_three_laps.py,function,ec959a186dbd8278df967871b3a34262848e2c5ecc08c20aa12abb30068f0552,左回避 | target_deg=57.375,,161.91712919554365,185.0132516150244,101.43855233569334,125.24146002391441,109.20015412545843,0,35.6,84.78417379339056,1
35.65,906.9490595111868,152.49175168431398,13.207355733883787,14.013032819768997,32.0,17.5,100.0,396,540,375,435,17.5,NEUTRAL,program,sonic_drive_three_laps.py,function,ec959a186dbd8278df967871b3a34262848e2c5ecc08c20aa12abb30068f0552,左回避 | target_deg=57.375,,166.41975094540138,187.85463203358907,109.26506719284215,128.66172054994558,114.76770125482346,0,35.65,85.62729900151136,1
35.7,907.1003227642805,153.17577032209104,11.731954659735095,14.010095735299696,32.0,17.5,100.0,396,540,375,435,17.5,NEUTRAL,program,sonic_drive_three_laps.py,function,ec959a186dbd8278df967871b3a34262848e2c5ecc08c20aa12abb30068f0552,左回避 | target_deg=57.375,,165.79875530861133,189.13045422151194,120.09859522472252,131.05451203660508,112.006773398134,0,35.7,86.48490256699797,1
35.75,907.2339013316381,153.86333204045894,10.256820765625719,14.007820554035742,32.0,17.5,100.0,396,540,375,435,17.5,NEUTRAL,program,sonic_drive_three_laps.py,function,ec959a186dbd8278df967871b3a34262848e2c5ecc08c20aa12abb30068f0552,左回避 | target_deg=57.375,,168.25183455494883,191.34627649799648,134.64312574436713,128.25119181259294,110.3480002193727,0,35.75,87.3564520450444,1
35.8,907.349720656663,154.55400749873735,8.781893839693794,14.00605810905401,32.0,17.5,100.0,396,540,375,435,17.5,NEUTRAL,program,sonic_drive_three_laps.py,function,ec959a186dbd8278df967871b3a34262848e2c5ecc08c20aa12abb30068f0552,左回避 | target_deg=57.375,,166.77718751344227,195.28337359357428,147.16928215887899,136.74138985693196,111.29043180236391,0,35.8,88.24139864891002,1
35.85,907.4477142938345,155.24735974647024,7.307127239460556,14.004692849783089,32.0,17.5,100.0,396,540,375,435,17.5,NEUTRAL,program,sonic_drive_three_laps.py,function,ec959a186dbd8278df967871b3a34262848e2c5ecc08c20aa12abb30068f0552,左回避 | target_deg=57.375,,165.68996270531173,198.7012831846637,170.27412086413682,140.24611016416307,109.62681044502082,0,35.85,89.1391790110119,1
35.9,907.5278248862193,155.9429456916897,5.832484833825561,14.003635266201105,32.0,17.5,100.0,396,540,375,435,17.5,NEUTRAL,program,sonic_drive_three_laps.py,function,ec959a186dbd8278df967871b3a34262848e2c5ecc08c20aa12abb30068f0552,左回避 | target_deg=57.375,,165.25306608341825,199.700383902166,199.50378437771926,137.7631732750449,111.25553091977477,0,35.9,90.04921668785308,1
35.95,907.5900049026601,156.640317325926,4.357938634215969,14.002816020321065,32.0,17.5,100.0,396,540,375,435,17.5,NEUTRAL,program,sonic_drive_three_laps.py,function,ec959a186dbd8278df967871b3a34262848e2c5ecc08c20aa12abb30068f0552,左回避 | target_deg=57.375,,159.79006476116814,205.66562065510962,247.47790046959284,138.67518751494134,114.78928368316737,0,35.95,90.97092345595381,1
36.0,907.6342171920195,157.3390227562475,2.8834669595813125,14.002181400208391,32.0,17.5,100.0,396,540,375,435,17.5,NEUTRAL,program,sonic_drive_three_laps.py,function,ec959a186dbd8278df967871b3a34262848e2c5ecc08c20aa12abb30068f0552,左回避 | target_deg=57.375,,160.80072057080847,207.78177175757028,250.0,137.33878403587144,113.67854589089518,0,36.0,91.90370043802501,1
36.05,907.660435397879,158.0386070843833,1.409053014926343,14.001689798483902,32.0,17.5,100.0,396,540,375,435,17.5,NEUTRAL,program,sonic_drive_three_laps.py,function,ec959a186dbd8278df967871b3a34262848e2c5ecc08c20aa12abb30068f0552,左回避 | target_deg=57.375,,162.1351029969208,212.7402036102846,250.0,136.67433574641808,112.25505099332369,0,36.05,92.84693909182711,1
36.1,907.6686442664761,158.73861316477226,-0.0653162098136022,14.001308984433583,32.0,17.5,100.0,396,540,375,435,17.5,NEUTRAL,program,sonic_drive_three_laps.py,function,ec959a186dbd8278df967871b3a34262848e2c5ecc08c20aa12abb30068f0552,左回避 | target_deg=57.375,,156.64453473810457,250.0,250.0,135.57655075910492,109.80299211249441,0,36.1,93.77722243500604,1
36.15,907.6588398726199,159.4385822668099,-1.5396507927466416,14.001013990877423,32.0,17.5,100.0,396,540,375,435,17.5,NEUTRAL,program,sonic_drive_three_laps.py,function,ec959a186dbd8278df967871b3a34262848e2c5ecc08c20aa12abb30068f0552,左回避 | target_deg=57.375,,162.34303077989668,247.21862443939858,250.0,137.29293879924114,109.69279549854343,0,36.15,94.22494926692995,1
36.2,907.6310297822341,160.13805466131328,-3.013958540772194,14.000785477254823,32.0,17.5,100.0,396,540,375,435,17.5,NEUTRAL,program,sonic_drive_three_laps.py,function,ec959a186dbd8278df967871b3a34262848e2c5ecc08c20aa12abb30068f0552,左回避 | target_deg=57.375,,155.2361634653236,248.85335935059896,250.0,136.1096700636121,112.08228431459223,0,36.2,94.68162765960402,1
36.25,907.5852331655615,160.83657014703516,-4.488245501421943,14.000608461606099,32.0,17.5,100.0,396,540,375,435,17.5,NEUTRAL,program,sonic_drive_three_laps.py,function,ec959a186dbd8278df967871b3a34262848e2c5ecc08c20aa12abb30068f0552,左回避 | target_deg=57.375,,157.0763102353872,250.0,250.0,136.5771273171696,113.33633948177011,0,36.25,95.14695670295474,1
36.3,907.5214808715805,161.53366852972064,-5.96251635935198,14.000471338315426,32.0,17.5,100.0,396,540,375,435,17.5,NEUTRAL,program,sonic_drive_three_laps.py,function,ec959a186dbd8278df967871b3a34262848e2c5ecc08c20aa12abb30068f0552,左回避 | target_deg=57.375,,157.4185044431542,250.0,250.0,135.29748090349185,111.29997712917213,0,36.3,94.87589741814395,1
36.35,907.4398154715606,162.2288900635468,-7.436774743481379,14.000365117215884,32.0,17.5,100.0,396,540,375,435,17.5,NEUTRAL,program,sonic_drive_three_laps.py,function,ec959a186dbd8278df967871b3a34262848e2c5ecc08c20aa12abb30068f0552,左回避 | target_deg=57.375,,158.4136841675538,247.01082303372732,248.73353181221387,135.63943427097968,110.15109280227843,0,36.35,94.40868932456011,1
36.4,907.3402912776933,162.9217758626772,-8.911023464913654,14.000282834170214,32.0,17.5,100.0,396,540,375,435,17.5,NEUTRAL,program,sonic_drive_three_laps.py,function,ec959a186dbd8278df967871b3a34262848e2c5ecc08c20aa12abb30068f0552,左回避 | target_deg=57.375,,156.64950279593685,248.308584394961,247.1755194466855,133.7038649477593,115.81495906503201,0,36.4,93.93425845965847,1
36.45,907.2229743412526,163.61186828899315,-10.385264701240345,14.000219094483526,32.0,17.5,100.0,396,540,375,435,17.5,NEUTRAL,program,sonic_drive_three_laps.py,function,ec959a186dbd8278df967871b3a34262848e2c5ecc08c20aa12abb30068f0552,左回避 | target_deg=57.375,,157.77901963152928,250.0,248.55422584128507,135.3607496996162,116.4430064063125,0,36.45,93.4528135011623,1
36.5,907.0879424336125,164.29871132073748,-11.859500139309546,14.000169719212764,32.0,17.5,100.0,396,540,375,435,17.5,NEUTRAL,program,sonic_drive_three_laps.py,function,ec959a186dbd8278df967871b3a34262848e2c5ecc08c20aa12abb30068f0552,左回避 | target_deg=57.375,,159.91066927068513,248.8473705026453,249.5502993289854,134.53929638843775,113.78376806828187,0,36.5,92.96456899350243,1
36.55,906.9352850126144,164.98185090576047,-13.333731085820261,14.000131471184112,32.0,17.5,100.0,396,540,375,435,17.5,NEUTRAL,program,sonic_drive_three_laps.py,function,ec959a186dbd8278df967871b3a34262848e2c5ecc08c20aa12abb30068f0552,左回避 | target_deg=57.375,,156.08530537796702,250.0,250.0,138.86506824330144,117.13732236126906,0,36.55,92.46974541254446,1
36.6,906.7651031761463,165.66083530222937,-14.807958552992858,14.000101842755278,32.0,17.5,100.0,396,540,375,435,17.5,NEUTRAL,program,sonic_drive_three_laps.py,function,ec959a186dbd8278df967871b3a34262848e2c5ecc08c20aa12abb30068f0552,左回避 | target_deg=57.375,,156.71187912625695,250.0,250.0,135.05844481526916,115.5685540372513,0,36.6,91.96856923711405,1
36.65,906.5775096043295,166.33521540900944,-16.282183324933214,14.00007889140782,32.0,17.5,100.0,396,540,375,435,17.5,NEUTRAL,program,sonic_drive_three_laps.py,function,ec959a186dbd8278df967871b3a34262848e2c5ecc08c20aa12abb30068f0552,左回避 | target_deg=57.375,,155.71077319522678,246.91661852066756,248.22844210221035,136.38062731060225,119.20517918422058,0,36.65,91.4612730262611,1
36.7,906.3726284913561,167.0045450874094,-17.756406009040575,14.000061112390478,32.0,17.5,100.0,396,540,375,435,17.5,NEUTRAL,program,sonic_drive_three_laps.py,function,ec959a186dbd8278df967871b3a34262848e2c5ecc08c20aa12abb30068f0552,左回避 | target_deg=57.375,,154.60871776508466,248.05215257086704,249.82966667772294,135.4902849868016,120.02857660634936,0,36.7,90.94809550135697,1
36.75,906.1505954677673,167.6683814755792,-19.230627075830284,14.000047340063679,32.0,17.5,100.0,396,540,375,435,17.5,NEUTRAL,program,sonic_drive_three_laps.py,function,ec959a186dbd8278df967871b3a34262848e2c5ecc08c20aa12abb30068f0552,左回避 | target_deg=57.375,,158.33707674220994,249.31238576764756,249.16528952959416,135.56028121576563,120.90825675355474,0,36.75,90.42928163223088,1
36.8,905.9115575137669,168.32628529652806,-20.70484688978206,14.000036671477119,32.0,17.5,100.0,396,540,375,435,17.5,NEUTRAL,program,sonic_drive_three_laps.py,function,ec959a186dbd8278df967871b3a34262848e2c5ecc08c20aa12abb30068f0552,左回避 | target_deg=57.375,,156.25339975477394,250.0,250.0,135.83242567376246,120.67934581692246,0,36.8,89.90508272664253,1
36.85,905.6556728640253,168.97782116048168,-22.179065733236257,14.000028407169946,32.0,17.5,100.0,396,540,375,435,17.5,NEUTRAL,program,sonic_drive_three_laps.py,function,ec959a186dbd8278df967871b3a34262848e2c5ecc08c20aa12abb30068f0552,左回避 | target_deg=57.375,,159.54832757033205,249.43166790318065,248.54239315301783,136.984267042872,124.9844346402807,0,36.85,89.37575652244311,1
36.9,905.38311090433,169.62255786209988,-23.653283824904832,14.00002200531224,32.0,17.5,100.0,396,540,375,435,17.5,NEUTRAL,program,sonic_drive_three_laps.py,function,ec959a186dbd8278df967871b3a34262848e2c5ecc08c20aa12abb30068f0552,左回避 | target_deg=57.375,,160.37744608102514,249.9223411962469,250.0,136.8023045150545,128.89099237204687,0,36.9,88.84156728182164,1
36.95,905.0940520603573,170.26006867292327,-25.12750133421065,14.000017046181217,32.0,17.5,100.0,396,540,375,435,17.5,NEUTRAL,program,sonic_drive_three_laps.py,function,ec959a186dbd8278df967871b3a34262848e2c5ecc08c20aa12abb30068f0552,左回避 | target_deg=57.375,,160.13840137964343,249.52972170304093,248.29897574431902,139.67849929859253,126.94225921801667,0,36.95,88.30278588704572,1
37.0,904.788687678792,170.88993162929657,-26.601718392395327,14.000013204643084,32.0,17.5,100.0,396,540,375,435,17.5,NEUTRAL,program,sonic_drive_three_laps.py,function,ec959a186dbd8278df967871b3a34262848e2c5ecc08c20aa12abb30068f0552,左回避 | target_deg=57.375,,164.46089477158716,247.78328159512938,247.11742456153172,140.61571584505185,130.76670832881825,0,37.0,87.75968993711717,1
37.05,904.4672199009852,171.5117298159232,-28.075935101123804,14.000010228836404,32.0,17.5,100.0,396,540,375,435,17.5,NEUTRAL,program,sonic_drive_three_laps.py,function,ec959a186dbd8278df967871b3a34262848e2c5ecc08c20aa12abb30068f0552,左回避 | target_deg=57.375,,168.41658183680357,249.45309887082934,250.0,140.3107541700311,130.6963156426822,0,37.05,87.21256384475116,1
37.1,904.1298615293059,172.12505164513266,-29.550151539149795,14.00000792365939,32.0,17.5,100.0,396,540,375,435,17.5,NEUTRAL,program,sonic_drive_three_laps.py,function,ec959a186dbd8278df967871b3a34262848e2c5ecc08c20aa12abb30068f0552,左回避 | target_deg=57.375,,165.0827571590296,250.0,247.85133969748372,144.8702460816279,135.45094985357503,0,37.1,86.6616989330597,1
37.15,903.7768358863327,172.72949113188645,-31.024367767478964,14.00000613797852,32.0,17.5,100.0,396,540,375,435,17.5,NEUTRAL,program,sonic_drive_three_laps.py,function,ec959a186dbd8278df967871b3a34262848e2c5ecc08c20aa12abb30068f0552,左回避 | target_deg=57.375,,165.2965545506833,248.921373505646,245.63034801357645,145.6592916958704,137.40309514049503,0,37.15,86.10739353129304,1
37.2,903.4083766670166,173.32464816450306,-32.49858383336874,14.000004754719816,32.0,17.5,100.0,396,540,375,435,17.5,NEUTRAL,program,sonic_drive_three_laps.py,function,ec959a186dbd8278df967871b3a34262848e2c5ecc08c20aa12abb30068f0552,左回避 | target_deg=57.375,,169.09198158592716,246.6062251817972,240.63959345620734,145.34331134077559,137.72120805584927,0,37.2,85.5499530689445,1
37.25,903.0247277839371,173.91012877105177,-33.972799773426516,14.000003683193166,32.0,17.5,100.0,396,540,375,435,17.5,NEUTRAL,program,sonic_drive_three_laps.py,function,ec959a186dbd8278df967871b3a34262848e2c5ecc08c20aa12abb30068f0552,左回避 | target_deg=57.375,,170.54115969262932,250.0,228.13169666763267,142.69285926362525,137.77423421624897,0,37.25,84.98969016747085,1
37.3,902.6261432057732,174.48554538133737,-35.44701561600988,14.000002853146434,32.0,17.5,100.0,396,540,375,435,17.5,NEUTRAL,program,sonic_drive_three_laps.py,function,ec959a186dbd8278df967871b3a34262848e2c5ecc08c20aa12abb30068f0552,左回避 | target_deg=57.375,,177.23141728135468,250.0,219.0439259097329,140.2867271549982,139.18919037986552,0,37.3,84.42692472881717,1
37.35,902.2128867891083,175.05051708437998,-36.92123138308574,14.000002210159558,32.0,17.5,100.0,396,540,375,435,17.5,NEUTRAL,program,sonic_drive_three_laps.py,function,ec959a186dbd8278df967871b3a34262848e2c5ecc08c20aa12abb30068f0552,左回避 | target_deg=57.375,,175.12055839862205,250.0,211.84871896625046,143.61243170355692,136.6639402686821,0,37.35,83.86198401986809,1
37.4,901.7852321036856,175.60466988127925,-38.39544709167052,14.000001712076608,32.0,17.5,100.0,396,540,375,435,17.5,NEUTRAL,program,sonic_drive_three_laps.py,function,ec959a186dbd8278df967871b3a34262848e2c5ecc08c20aa12abb30068f0552,左回避 | target_deg=57.375,,178.3449859872336,84.48186481974895,203.70781673623154,136.7472145723353,133.74249870003604,0,37.4,83.29520275186141,1
37.45,901.3434622512376,176.14763693334285,-39.869662754945864,14.000001326241946,32.0,17.5,100.0,396,540,375,435,17.5,NEUTRAL,program,sonic_drive_three_laps.py,function,ec959a186dbd8278df967871b3a34262848e2c5ecc08c20aa12abb30068f0552,左回避 | target_deg=57.375,,184.1398791022686,84.83421510473053,198.10715491123747,139.12265640372564,131.6156923116152,0,37.45,82.72692315372123,1
37.5,900.8878696780092,176.67905880535042,-41.34387838312267,14.000001027359225,32.0,17.5,100.0,396,540,375,435,17.5,NEUTRAL,program,sonic_drive_three_laps.py,function,ec959a186dbd8278df967871b3a34262848e2c5ecc08c20aa12abb30068f0552,左回避 | target_deg=57.375,,186.69316021079572,102.43116870232595,196.12546158321595,137.37727251540989,137.2089439870929,0,37.5,82.15749503816893,1
37.55,900.4154384285139,177.20292680081263,-42.72850432766219,14.180289299555628,29.76,18.5,93.0,398,532,375,435,18.5,NEUTRAL,program,sonic_drive_three_laps.py,function,ec959a186dbd8278df967871b3a34262848e2c5ecc08c20aa12abb30068f0552,右壁追従 | target_deg=55.024,,188.34383073631193,145.13683335176006,189.6308994854533,135.87789638556401,130.89359669569052,0,37.55,81.58599653078639,1
37.6,899.9218378963795,177.72526197086896,-44.01495617583922,14.500236196933452,27.52,19.5,86.0,399,525,375,435,19.5,NEUTRAL,program,sonic_drive_three_laps.py,function,ec959a186dbd8278df967871b3a34262848e2c5ecc08c20aa12abb30068f0552,右壁追従 | target_deg=52.485,,194.30882350065772,228.26664855634004,182.05226301007957,138.02876134622338,131.3702624613137,0,37.6,81.00576849318783,1
37.65,899.4034944860878,178.2504842726931,-45.213633893060575,14.928368163785281,25.28,20.5,79.0,400,517,375,435,20.5,NEUTRAL,program,sonic_drive_three_laps.py,function,ec959a186dbd8278df967871b3a34262848e2c5ecc08c20aa12abb30068f0552,右壁追従 | target_deg=49.736,,198.2253480814927,245.0889596579274,179.42062028698604,137.73256802350616,132.25311029210684,0,37.65,80.41072471256874,1
37.7,898.857492534948,178.78182561263537,-46.32966220390216,15.440304544735357,23.04,21.5,72.0,401,510,375,435,21.5,NEUTRAL,program,sonic_drive_three_laps.py,function,ec959a186dbd8278df967871b3a34262848e2c5ecc08c20aa12abb30068f0552,右壁追従 | target_deg=46.756,,250.0,250.0,174.7610567521109,135.59704842518107,132.00866978071713,0,37.7,79.79602934443736,1
37.75,898.2815071585958,179.32167197707503,-47.36435503985285,16.017159124254764,20.8,22.5,65.0,403,503,375,435,22.5,NEUTRAL,program,sonic_drive_three_laps.py,function,ec959a186dbd8278df967871b3a34262848e2c5ecc08c20aa12abb30068f0552,右壁追従 | target_deg=43.521,,249.2801892558153,247.89467019314526,175.16573955505376,135.81673710301683,131.941837887688,0,37.75,79.15781012175952,1
37.8,897.6737392012147,179.87182780779514,-48.31625755531675,16.64430189623795,18.56,23.5,58.0,404,495,375,435,23.5,NEUTRAL,program,sonic_drive_three_laps.py,function,ec959a186dbd8278df967871b3a34262848e2c5ecc08c20aa12abb30068f0552,右壁追従 | target_deg=40.010,,248.89377999112725,250.0,169.25476999378517,135.59354081949303,134.74463505641057,0,37.8,78.49296181154185,1
37.85,897.0328573349437,180.4337225486887,-49.18188505574514,17.310399881967143,16.32,24.5,51.0,405,488,375,435,24.5,NEUTRAL,program,sonic_drive_three_laps.py,function,ec959a186dbd8278df967871b3a34262848e2c5ecc08c20aa12abb30068f0552,右壁追従 | target_deg=36.204,,250.0,250.0,168.19494320561506,130.4459038197515,131.63869525777883,0,37.85,77.7990165542435,1
37.9,896.357949204654,181.00857377875678,-49.95624386572857,18.006674109944267,14.08,25.5,44.0,406,481,375,435,25.5,NEUTRAL,program,sonic_drive_three_laps.py,function,ec959a186dbd8278df967871b3a34262848e2c5ecc08c20aa12abb30068f0552,右壁追従 | target_deg=32.089,,250.0,249.1969264450962,166.99048544849649,131.9895304579483,133.80754667975933,0,37.9,77.07406545035923,1
37.95,895.6484820664144,181.5975174739076,-50.63319483913557,18.726324043215755,11.84,26.5,37.0,408,473,375,435,26.5,NEUTRAL,program,sonic_drive_three_laps.py,function,ec959a186dbd8278df967871b3a34262848e2c5ecc08c20aa12abb30068f0552,右壁追従 | target_deg=27.659,,247.61001021107634,250.0,165.64494362238287,135.2224865808504,134.25136669981538,0,37.95,76.31672112428495,1
38.0,894.9042727953082,182.20171317286696,-51.205702898892554,19.464081718117875,9.6,27.5,30.0,409,466,375,435,27.5,NEUTRAL,program,sonic_drive_three_laps.py,function,ec959a186dbd8278df967871b3a34262848e2c5ecc08c20aa12abb30068f0552,右壁追従 | target_deg=22.921,,250.0,249.75486627600898,166.06168383031155,134.31695219085893,133.10155960657403,0,38.0,75.5261148669077,1
38.05,894.1254670074267,182.82242980634916,-51.666003622404105,20.215866362595143,7.36,28.5,23.0,410,459,375,435,28.5,NEUTRAL,program,sonic_drive_three_laps.py,function,ec959a186dbd8278df967871b3a34262848e2c5ecc08c20aa12abb30068f0552,右壁追従 | target_deg=17.896,,250.0,250.0,164.81108936925557,129.67281576788412,134.11259883005656,0,38.05,74.70192486975239,1
38.1,893.3125271263714,183.46111644709688,-52.00570901494355,20.97851684995198,5.12,29.5,16.0,411,451,375,435,29.5,NEUTRAL,program,sonic_drive_three_laps.py,function,ec959a186dbd8278df967871b3a34262848e2c5ecc08c20aa12abb30068f0552,右壁追従 | target_deg=12.626,,248.7018955242779,249.20119321652473,161.31336402861297,130.73666463097547,134.33848734811812,0,38.1,73.84443435222168,1
38.15,892.4662294107669,184.11946109075888,-52.21586822241386,21.749584446995325,2.88,30.5,9.0,413,444,375,435,30.5,NEUTRAL,program,sonic_drive_three_laps.py,function,ec959a186dbd8278df967871b3a34262848e2c5ecc08c20aa12abb30068f0552,右壁追従 | target_deg=7.168,,249.0843940721713,247.5922762961571,163.59834506105162,129.74092781517714,136.61209991208042,0,38.15,72.9546202633549,1
38.2,891.5876701881397,184.7994396713621,-52.286994309563156,22.52717226858637,0.64,31.5,2.0,414,437,375,435,31.5,NEUTRAL,program,sonic_drive_three_laps.py,function,ec959a186dbd8278df967871b3a34262848e2c5ecc08c20aa12abb30068f0552,右壁追従 | target_deg=1.600,,250.0,250.0,163.43264722887426,129.1617725319827,137.0167932118171,0,38.2,72.03427483885348,1
38.25,890.6779273231994,185.50289877990502,-52.286994309563156,23.309810912815557,0.0,32.5,0.0,415,435,375,435,32.5,NEUTRAL,program,sonic_drive_three_laps.py,function,ec959a186dbd8278df967871b3a34262848e2c5ecc08c20aa12abb30068f0552,右壁追従 | target_deg=0.000,,250.0,249.76379027500042,161.58047186396243,128.4439247195161,131.62789063954406,0,38.25,71.08614835566316,1
38.3,889.7371343113668,186.23036742948935,-52.286994309563156,24.09636212311289,0.0,33.5,0.0,416,435,375,435,33.5,NEUTRAL,program,sonic_drive_three_laps.py,function,ec959a186dbd8278df967871b3a34262848e2c5ecc08c20aa12abb30068f0552,右壁追従 | target_deg=0.000,,246.75903568052854,249.06250087762405,165.26814442059242,128.1490434541859,133.64022065403623,0,38.3,70.11179692568889,1
38.35,888.7651574594457,186.9819489984436,-52.286994309563156,24.885944161125696,0.0,34.5,0.0,418,435,375,435,34.5,NEUTRAL,program,sonic_drive_three_laps.py,function,ec959a186dbd8278df967871b3a34262848e2c5ecc08c20aa12abb30068f0552,右壁追従 | target_deg=0.000,,250.0,250.0,167.27906781569902,126.25507829933521,133.34227446902395,0,38.35,69.11196852264796,1
38.4,887.7640468142234,187.75605828710195,-52.286994309563156,25.58772974575028,0.0,35.0,0.0,418,435,375,435,35.0,NEUTRAL,program,sonic_drive_three_laps.py,function,ec959a186dbd8278df967871b3a34262848e2c5ecc08c20aa12abb30068f0552,右壁追従 | target_deg=0.000,,249.01612724137055,248.60170246560116,165.24656922245617,126.69769186826751,133.42846773903383,0,38.4,68.08972420513103,1
38.45,886.7389560095778,188.54871024558562,-52.286994309563156,26.131360489142182,0.0,35.0,0.0,418,435,375,435,35.0,NEUTRAL,program,sonic_drive_three_laps.py,function,ec959a186dbd8278df967871b3a34262848e2c5ecc08c20aa12abb30068f0552,右壁追従 | target_deg=0.000,,250.0,249.91427867588044,169.24004175578966,126.29399523960828,134.81581224762644,0,38.45,67.05128483593661,1
38.5,885.695289229336,189.35572608614734,-52.286994309563156,26.552478265904334,0.0,35.0,0.0,418,435,375,435,35.0,NEUTRAL,program,sonic_drive_three_laps.py,function,ec959a186dbd8278df967871b3a34262848e2c5ecc08c20aa12abb30068f0552,右壁追従 | target_deg=0.000,,250.0,247.76823527320943,167.82410806022816,125.50597482679925,131.7528002941142,0,38.5,66.00303772087175,1
38.55,884.6372327670546,190.17386875527765,-52.286994309563156,26.878692675337124,0.0,35.0,0.0,418,435,375,435,35.0,NEUTRAL,program,sonic_drive_three_laps.py,function,ec959a186dbd8278df967871b3a34262848e2c5ecc08c20aa12abb30068f0552,右壁追従 | target_deg=0.000,,244.99101827026527,249.6769932162486,169.97373311731772,124.89352446719867,134.8113088562376,0,38.55,64.9500497318045,1
38.6,883.5680294905386,191.00063070388438,-52.286994309563156,27.13139120005813,0.0,35.0,0.0,418,435,375,435,35.0,NEUTRAL,program,sonic_drive_three_laps.py,function,ec959a186dbd8278df967871b3a34262848e2c5ecc08c20aa12abb30068f0552,右壁追従 | target_deg=0.000,,248.0886658671554,249.23837705850252,171.10997842764863,124.76349438293063,134.29996661950437,0,38.6,63.89637395221227,1
38.65,882.4901914528625,191.8340694857175,-52.286994309563156,27.327141426135526,0.0,35.0,0.0,418,435,375,435,35.0,NEUTRAL,program,sonic_drive_three_laps.py,function,ec959a186dbd8278df967871b3a34262848e2c5ecc08c20aa12abb30068f0552,右壁追従 | target_deg=0.000,,249.25870731726218,249.78717471583175,174.7319963113604,124.6917824759642,133.80846585894432,0,38.65,62.84528774028007,1
38.7,881.4056645892384,192.67268040543703,-52.286994309563156,27.478777258009316,0.0,35.0,0.0,418,435,375,435,35.0,NEUTRAL,program,sonic_drive_three_laps.py,function,ec959a186dbd8278df967871b3a34262848e2c5ecc08c20aa12abb30068f0552,右壁追従 | target_deg=0.000,,249.66846119975375,249.60179848807553,171.85221147958706,121.13305278958056,134.86327731136302,0,38.7,61.79947746173717,1
38.75,880.3159562976936,193.51529786679225,-52.286994309563156,27.596240343334014,0.0,35.0,0.0,418,435,375,435,35.0,NEUTRAL,program,sonic_drive_three_laps.py,function,ec959a186dbd8278df967871b3a34262848e2c5ecc08c20aa12abb30068f0552,右壁追従 | target_deg=0.000,,250.0,250.0,176.67024228105342,123.3212103202016,134.5966937310697,0,38.75,60.76118180976363,1
38.8,879.2233689284376,194.35934283725229,-52.33943893829243,27.623565799965704,0.6457314868033328,34.64686559315442,2.017910896260415,418,437,375,435,34.64686559315442,NEUTRAL,program,sonic_drive_three_laps.py,function,ec959a186dbd8278df967871b3a34262848e2c5ecc08c20aa12abb30068f0552,右壁追従 | target_deg=1.614,,249.6479123898205,249.37076366615383,176.15650685497053,119.311148234754,135.01916879629852,0,38.8,59.731444803142345,1
38.85,878.1291014438572,195.20306781827037,-52.39317551712739,27.643218485149788,0.6610941837302967,34.638464118272495,2.065919324157177,418,437,375,435,34.638464118272495,NEUTRAL,program,sonic_drive_three_laps.py,function,ec959a186dbd8278df967871b3a34262848e2c5ecc08c20aa12abb30068f0552,右壁追従 | target_deg=1.652,,250.0,250.0,176.65511614778234,118.59647787193812,134.2308580510526,0,38.85,58.71337780423856,1
38.9,877.0322064426479,196.0479988405301,-52.39317551712739,27.723622991985128,0.0,35.0,0.0,418,435,375,435,35.0,NEUTRAL,program,sonic_drive_three_laps.py,function,ec959a186dbd8278df967871b3a34262848e2c5ecc08c20aa12abb30068f0552,右壁追従 | target_deg=0.000,,247.4924550398544,250.0,175.84839770611202,121.36954494448312,137.91012895915395,0,38.9,57.709275284373646,1
38.95,875.9337535974669,196.8932901451251,-52.4483024411318,27.719060312574808,0.6779957319185337,34.62922108410705,2.118736662245418,418,437,375,435,34.62922108410705,NEUTRAL,program,sonic_drive_three_laps.py,function,ec959a186dbd8278df967871b3a34262848e2c5ecc08c20aa12abb30068f0552,右壁追従 | target_deg=1.695,,247.75529165629268,58.921299878862115,180.746710691244,120.24654444613698,135.34608619118129,0,38.95,56.716340483839105,1
39.0,874.8347118454805,197.73729903700777,-52.506790854980636,27.711631606085973,0.7174933180314516,34.607620841701554,2.242166618848286,418,437,375,435,34.607620841701554,NEUTRAL,program,sonic_drive_three_laps.py,function,ec959a186dbd8278df967871b3a34262848e2c5ecc08c20aa12abb30068f0552,右壁追従 | target_deg=1.793,,250.0,59.322173733493244,182.3018131641301,117.35374099795983,134.61527822350592,0,39.0,55.73808357192684,1
39.05,873.7350495476885,198.58001157231482,-52.56460489826806,27.70667762815269,0.7093733489976658,34.6120614497669,2.2167917156177057,418,437,375,435,34.6120614497669,NEUTRAL,program,sonic_drive_three_laps.py,function,ec959a186dbd8278df967871b3a34262848e2c5ecc08c20aa12abb30068f0552,右壁追従 | target_deg=1.773,,249.55974832264047,57.76636581510038,179.86900508499411,117.84072157980685,136.11768033501392,0,39.05,54.7753950563827,1
39.1,872.634731238033,199.4214494123876,-52.62350184948036,27.70151710496961,0.7227916069190624,34.60472333996614,2.25872377162207,418,437,375,435,34.60472333996614,NEUTRAL,program,sonic_drive_three_laps.py,function,ec959a186dbd8278df967871b3a34262848e2c5ecc08c20aa12abb30068f0552,右壁追従 | target_deg=1.806,,249.98932197747334,53.32205641247938,181.09871619581423,116.93251814770576,134.95833805699283,0,39.1,53.82891823845225,1
39.15,871.5337129988594,200.26163936326986,-52.68179978414811,27.698234026982686,0.7155451497349309,34.60868624623871,2.236078592921659,418,437,375,435,34.60868624623871,NEUTRAL,program,sonic_drive_three_laps.py,function,ec959a186dbd8278df967871b3a34262848e2c5ecc08c20aa12abb30068f0552,右壁追従 | target_deg=1.788,,250.0,52.27524327707504,179.52636456915727,114.09515973401953,135.3264232120024,0,39.15,52.89952822140641,1
39.2,870.4320460935493,201.1004874646135,-52.74434692534612,27.690532969067124,0.7678585737423501,34.58007734248465,2.399558042944844,418,437,375,435,34.58007734248465,NEUTRAL,program,sonic_drive_three_laps.py,function,ec959a186dbd8278df967871b3a34262848e2c5ecc08c20aa12abb30068f0552,右壁追従 | target_deg=1.919,,250.0,68.35862297647927,185.66863774296272,111.85896559869173,133.91173634421548,0,39.2,51.987768527713705,1
39.25,869.3296526980427,201.9380424396247,-52.80338243055266,27.68880689378354,0.7248598869313518,34.60359224933441,2.2651871466604745,418,437,375,435,34.60359224933441,NEUTRAL,program,sonic_drive_three_laps.py,function,ec959a186dbd8278df967871b3a34262848e2c5ecc08c20aa12abb30068f0552,右壁追従 | target_deg=1.812,,250.0,74.02530250547734,179.3283229856761,113.46219566398602,137.11980658670268,0,39.25,51.0950056591483,1
39.3,868.2264854217544,202.7743738908359,-52.86374394792709,27.68585822490534,0.7412053253878621,34.594653337678515,2.316266641837069,418,437,375,435,34.594653337678515,NEUTRAL,program,sonic_drive_three_laps.py,function,ec959a186dbd8278df967871b3a34262848e2c5ecc08c20aa12abb30068f0552,右壁追従 | target_deg=1.852,,250.0,81.46599540350617,183.27965202049498,110.36813660777469,135.7777056967722,0,39.3,50.221800028738755,1
39.35,867.1225921019969,203.60938946619368,-52.92650884850656,27.680652817651428,0.7708340498547873,34.578450128985665,2.4088564057962105,418,437,375,435,34.578450128985665,NEUTRAL,program,sonic_drive_three_laps.py,function,ec959a186dbd8278df967871b3a34262848e2c5ecc08c20aa12abb30068f0552,右壁追従 | target_deg=1.926,,250.0,85.98374178102596,185.84036365735824,107.86311288336353,135.53043519456074,0,39.35,49.36903767438285,1
39.4,866.017982382003,204.44303377774577,-52.990088306192774,27.67562010962972,0.780980526137123,34.57290127476876,2.4405641441785093,418,437,375,435,34.57290127476876,NEUTRAL,program,sonic_drive_three_laps.py,function,ec959a186dbd8278df967871b3a34262848e2c5ecc08c20aa12abb30068f0552,右壁追従 | target_deg=1.952,,248.4936199919018,89.4585196925712,187.46585246267747,108.43476187257617,137.92418349182682,0,39.4,48.537838858413515,1
39.45,864.9126503132035,205.27528040432014,-53.0549440541817,27.67016104564452,0.7968081629547424,34.564245535884126,2.49002550923357,418,437,375,435,34.564245535884126,NEUTRAL,program,sonic_drive_three_laps.py,function,ec959a186dbd8278df967871b3a34262848e2c5ecc08c20aa12abb30068f0552,右壁追従 | target_deg=1.991,,249.701863277744,95.40493821883706,187.94551631014454,109.37800494674673,137.00566618080265,0,39.45,47.729182114626916,1
39.5,863.8066075539122,206.1060734400112,-53.121695260006774,27.663618665046656,0.8202735338721401,34.55141291116367,2.5633547933504377,418,437,375,435,34.55141291116367,NEUTRAL,program,sonic_drive_three_laps.py,function,ec959a186dbd8278df967871b3a34262848e2c5ecc08c20aa12abb30068f0552,右壁追従 | target_deg=2.050,,248.42125222267856,101.73627332642018,190.07642236688602,108.7495839942712,137.12019029396313,0,39.5,46.94406069434913,1
39.55,862.6997969571013,206.93544658495995,-53.187213871537836,27.660030226844434,0.8052672632616669,34.55961946540378,2.516460197692709,418,437,375,435,34.55961946540378,NEUTRAL,program,sonic_drive_three_laps.py,function,ec959a186dbd8278df967871b3a34262848e2c5ecc08c20aa12abb30068f0552,右壁追従 | target_deg=2.012,,249.04654213405223,106.07880070970683,186.21535290377665,109.16636375264459,136.9663634964184,0,39.55,46.183874044691564,1
39.6,861.5922182854396,207.763381678432,-53.255227563866754,27.654212655897453,0.836078328222871,34.54276966425312,2.6127447756964717,418,437,375,435,34.54276966425312,NEUTRAL,program,sonic_drive_three_laps.py,function,ec959a186dbd8278df967871b3a34262848e2c5ecc08c20aa12abb30068f0552,右壁追従 | target_deg=2.089,,250.0,109.32977130584355,191.0327793893629,105.75500696338844,136.5599736812181,0,39.6,45.44935275255465,1
39.65,860.4839193076185,208.58976562799367,-53.32594144544916,27.646412226902754,0.8694867190769761,34.52449945050478,2.71714599711555,418,437,375,435,34.52449945050478,NEUTRAL,program,sonic_drive_three_laps.py,function,ec959a186dbd8278df967871b3a34262848e2c5ecc08c20aa12abb30068f0552,右壁追従 | target_deg=2.173,,250.0,117.4940646343678,192.8237578003282,107.92119785902268,136.0759612092888,0,39.65,44.741610457167496,1
39.7,859.3749216490055,209.41450935213592,-53.39888189313281,27.637644029238643,0.8971318394555725,34.509381025297735,2.803536998298664,418,437,375,435,34.509381025297735,NEUTRAL,program,sonic_drive_three_laps.py,function,ec959a186dbd8278df967871b3a34262848e2c5ecc08c20aa12abb30068f0552,右壁追従 | target_deg=2.242,,250.0,120.07999509977068,192.34285991085764,103.25999850973486,134.28210777278954,0,39.7,44.0618438209677,1
39.75,858.2652044072883,210.23757962105583,-53.47292911166015,27.6294826131746,0.9110191676248965,34.501786392705135,2.8469348988278016,418,437,375,435,34.501786392705135,NEUTRAL,program,sonic_drive_three_laps.py,function,ec959a186dbd8278df967871b3a34262848e2c5ecc08c20aa12abb30068f0552,右壁追従 | target_deg=2.277,,248.7239116682896,124.46025262239365,192.69547272713825,104.23226281729828,134.75710639260947,0,39.75,43.4113482791272,1
39.8,857.1547528900991,211.05894217071554,-53.548969030079974,27.620715191049168,0.9358202335248926,34.488223309791074,2.9244382297652893,418,438,375,435,34.488223309791074,NEUTRAL,program,sonic_drive_three_laps.py,function,ec959a186dbd8278df967871b3a34262848e2c5ecc08c20aa12abb30068f0552,右壁追従 | target_deg=2.338,,250.0,128.6053824937494,192.79207205289234,105.5967965368668,132.51802230252065,0,39.8,42.7911729371807,1
39.85,856.0435538929419,211.8785540740096,-53.62662616960935,27.611931667805553,0.9560233606955068,34.477174724619644,2.9875730021734586,418,438,375,435,34.477174724619644,NEUTRAL,program,sonic_drive_three_laps.py,function,ec959a186dbd8278df967871b3a34262848e2c5ecc08c20aa12abb30068f0552,右壁追従 | target_deg=2.389,,250.0,133.47656134654594,193.74383325069778,101.59646510660355,132.53806704276604,0,39.85,42.20253603089052,1
39.9,854.9315883494396,212.696381962209,-53.70593295708673,27.603094930452958,0.9766397079594112,34.4659001597097,3.05199908737316,418,438,375,435,34.4659001597097,NEUTRAL,program,sonic_drive_three_laps.py,function,ec959a186dbd8278df967871b3a34262848e2c5ecc08c20aa12abb30068f0552,右壁追従 | target_deg=2.440,,249.81345337287593,137.39299334204296,194.1414196655365,102.38823548906132,131.6173864313209,0,39.9,41.64659572920175,1
39.95,853.8188556578655,213.5123664318411,-53.78769773809145,27.59323181297564,1.0072479983069285,34.4491612509259,3.1476499947091514,418,438,375,435,34.4491612509259,NEUTRAL,program,sonic_drive_three_laps.py,function,ec959a186dbd8278df967871b3a34262848e2c5ecc08c20aa12abb30068f0552,右壁追従 | target_deg=2.517,,249.99167214031024,138.15069451747635,194.34208419845896,101.52181715961989,129.18577068059093,0,39.95,41.12436890934869,1
40.0,852.7053547435067,214.32643994304323,-53.87169675775726,27.582840726493917,1.0351471786300714,34.43390388668668,3.234834933218973,418,438,375,435,34.43390388668668,NEUTRAL,program,sonic_drive_three_laps.py,function,ec959a186dbd8278df967871b3a34262848e2c5ecc08c20aa12abb30068f0552,右壁追従 | target_deg=2.586,,248.54709976165998,144.5629716776364,194.06444636969908,102.91297754872711,127.35944722862833,0,40.0,40.63699750370264,1
40.05,851.5911385202393,215.13845788586548,-53.960706122537474,27.56865541984227,1.0973810121760303,34.39986975896623,3.4293156630500947,417,438,375,435,34.39986975896623,NEUTRAL,program,sonic_drive_three_laps.py,function,ec959a186dbd8278df967871b3a34262848e2c5ecc08c20aa12abb30068f0552,右壁追従 | target_deg=2.742,,247.65567290793663,150.8887262475955,198.44015866174368,99.81398256205067,125.37399200974448,0,40.05,40.1850497887608,1
40.1,850.476191662779,215.94833795740215,-54.05115001352044,27.555870403503615,1.115602162400745,34.38990506743709,3.486256757502328,417,438,375,435,34.38990506743709,NEUTRAL,program,sonic_drive_three_laps.py,function,ec959a186dbd8278df967871b3a34262848e2c5ecc08c20aa12abb30068f0552,右壁追従 | target_deg=2.787,,248.94725367379397,150.32587971598736,197.32001993551728,96.31052146837852,126.28324966722306,0,40.1,39.770129274178665,1
40.15,849.3605156237908,216.75599560916916,-54.14595961267659,27.540598939117267,1.170043791111002,34.36013230173617,3.656386847221881,417,438,375,435,34.36013230173617,NEUTRAL,program,sonic_drive_three_laps.py,function,ec959a186dbd8278df967871b3a34262848e2c5ecc08c20aa12abb30068f0552,右壁追従 | target_deg=2.923,,250.0,155.40019005857167,199.8230733119442,97.14277455993835,122.77639869176544,0,40.15,39.39262806917416,1
40.2,848.244052461459,217.5614033643844,-54.241271968236546,27.528100242883575,1.1768272670328157,34.35642258834143,3.6775852094775487,417,438,375,435,34.35642258834143,NEUTRAL,program,sonic_drive_three_laps.py,function,ec959a186dbd8278df967871b3a34262848e2c5ecc08c20aa12abb30068f0552,右壁追従 | target_deg=2.940,,250.0,160.6538830827311,199.7710499261479,98.68622304964632,125.73104257608784,0,40.2,39.054140957402616,1
40.25,847.1267152982022,218.36460302378381,-54.33766538932886,27.517053050050244,1.190673880333008,34.348850221692885,3.72085587604065,417,438,375,435,34.348850221692885,NEUTRAL,program,sonic_drive_three_laps.py,function,ec959a186dbd8278df967871b3a34262848e2c5ecc08c20aa12abb30068f0552,右壁追従 | target_deg=2.974,,250.0,163.49846464859084,199.08983730419646,99.4698120263941,123.67598225313175,0,40.25,38.75539928216962,1
40.3,846.0085618695388,219.16544687573304,-54.4403429295879,27.50078008483041,1.2689268664145994,34.306055619929516,3.965396457545623,417,439,375,435,34.306055619929516,NEUTRAL,program,sonic_drive_three_laps.py,function,ec959a186dbd8278df967871b3a34262848e2c5ecc08c20aa12abb30068f0552,右壁追従 | target_deg=3.170,,249.07991995114187,164.5408999045326,202.88407103501328,97.96697119958125,117.94316244062178,0,40.3,38.496020460531625,1
40.35,844.8895552606438,219.96386756966967,-54.54329902855285,27.487769859986457,1.2730299566534549,34.303811742455146,3.978218614542046,417,439,375,435,34.303811742455146,NEUTRAL,program,sonic_drive_three_laps.py,function,ec959a186dbd8278df967871b3a34262848e2c5ecc08c20aa12abb30068f0552,右壁追従 | target_deg=3.180,,249.0327222044584,170.4004514403814,201.55346781222454,94.68883935732627,121.69373780882152,0,40.35,38.27783316044893,1
40.4,843.7696507614372,220.7598478348798,-54.64952438629214,27.47364295038954,1.3140935593088259,34.28135508475299,4.106542372840081,417,439,375,435,34.28135508475299,NEUTRAL,program,sonic_drive_three_laps.py,function,ec959a186dbd8278df967871b3a34262848e2c5ecc08c20aa12abb30068f0552,右壁追従 | target_deg=3.282,,249.6341669746699,173.64270024522887,203.2216050039362,96.44090568154512,118.13482651861484,0,40.4,38.10070609383437,1
40.45,842.6488463842353,221.5532970516923,-54.75895572574578,27.458719812919405,1.354459358744151,34.259280038186795,4.232685496075471,417,439,375,435,34.259280038186795,NEUTRAL,program,sonic_drive_three_laps.py,function,ec959a186dbd8278df967871b3a34262848e2c5ecc08c20aa12abb30068f0552,右壁追従 | target_deg=3.383,,247.13839302657533,170.6837780110287,202.76364673974984,95.83034308315571,115.20423660378847,0,40.45,37.96500080643742,1
40.5,841.5270686780672,222.3442160220791,-54.86888886737603,27.446482647198657,1.3613269891051254,34.25552430283314,4.254146840953517,417,439,375,435,34.25552430283314,NEUTRAL,program,sonic_drive_three_laps.py,function,ec959a186dbd8278df967871b3a34262848e2c5ecc08c20aa12abb30068f0552,右壁追従 | target_deg=3.400,,250.0,175.56446001885774,203.66455159912687,93.3654196323666,118.08725382866169,0,40.5,37.87161157385513,1
40.55,840.404260646251,223.1326084527485,-54.98101446848784,27.434266494998226,1.3890845245300232,34.24034440064764,4.340889139156323,417,439,375,435,34.24034440064764,NEUTRAL,program,sonic_drive_three_laps.py,function,ec959a186dbd8278df967871b3a34262848e2c5ecc08c20aa12abb30068f0552,右壁追従 | target_deg=3.469,,247.28812515810637,178.71883691503763,205.43214881491787,94.65668140726046,116.61626175130992,0,40.55,37.82031545187921,1
40.6,839.2803618463521,223.91847739418367,-55.09383005315533,27.42390520325494,1.3981942845096964,34.23536250065876,4.369357139092801,417,439,375,435,34.23536250065876,NEUTRAL,program,sonic_drive_three_laps.py,function,ec959a186dbd8278df967871b3a34262848e2c5ecc08c20aa12abb30068f0552,右壁追従 | target_deg=3.492,,250.0,183.08577405380373,203.3713818845372,92.97331790897435,115.3284802202403,0,40.6,37.793778915133764,1
40.65,838.1553466636907,224.70179585720703,-55.20921181821765,27.412688558876923,1.4305526287680734,34.217666531142456,4.47047696490023,417,439,375,435,34.217666531142456,NEUTRAL,program,sonic_drive_three_laps.py,function,ec959a186dbd8278df967871b3a34262848e2c5ecc08c20aa12abb30068f0552,右壁追従 | target_deg=3.572,,250.0,184.17051653009128,205.9430590669957,91.90463207697087,114.2042298957279,0,40.65,37.76927241213474,1
40.7,837.0291516259698,225.482575655326,-55.324419939689136,27.40416261779375,1.4289002853425514,34.218570156453296,4.4653133916954735,417,439,375,435,34.218570156453296,NEUTRAL,program,sonic_drive_three_laps.py,function,ec959a186dbd8278df967871b3a34262848e2c5ecc08c20aa12abb30068f0552,右壁追従 | target_deg=3.568,,250.0,185.27921493259112,202.9233747230719,90.2817510254121,113.73604952656962,0,40.7,37.74735537211222,1
40.75,835.9018446415388,226.26068177503808,-55.44603006438726,27.389667065813864,1.508934772894978,34.17480129607306,4.7154211652968065,417,439,375,435,34.17480129607306,NEUTRAL,program,sonic_drive_three_laps.py,function,ec959a186dbd8278df967871b3a34262848e2c5ecc08c20aa12abb30068f0552,右壁追従 | target_deg=3.768,,250.0,188.73741528192238,210.128079499563,90.86600364396816,110.0584367727842,0,40.75,37.726907995854724,1
40.8,834.7703624207498,227.0395445047047,-55.459711903143415,27.527212080160265,0.0,35.0,0.0,418,435,375,435,35.0,NEUTRAL,program,sonic_drive_three_laps.py,function,ec959a186dbd8278df967871b3a34262848e2c5ecc08c20aa12abb30068f0552,右壁追従 | target_deg=0.000,,248.7391938109175,189.2612034786441,36.33286002834933,88.84364955258309,110.74354788481917,0,40.8,37.724793631606346,1
40.85,833.6339655116905,227.82174554376456,-55.459711903143415,27.633759863467873,0.0,35.0,0.0,418,435,375,435,35.0,NEUTRAL,program,sonic_drive_three_laps.py,function,ec959a186dbd8278df967871b3a34262848e2c5ecc08c20aa12abb30068f0552,右壁追従 | target_deg=0.000,,250.0,195.44584163399682,38.48915014542813,86.82034860768529,109.89784325916267,0,40.85,37.72479363160634,1
40.9,832.4959864078155,228.6058882125261,-55.400672188777946,27.64352018303386,-0.738126526426763,34.59633705586037,-2.3066453950836343,418,432,375,435,34.59633705586037,NEUTRAL,program,sonic_drive_three_laps.py,function,ec959a186dbd8278df967871b3a34262848e2c5ecc08c20aa12abb30068f0552,右壁追従 | target_deg=-1.845,,247.40839561207292,197.427329509565,36.761285574606696,84.44122849102267,107.60631252490396,0,40.9,37.73049662061738,1
40.95,831.3589167811175,229.3913320378433,-55.32888803933662,27.636800516094453,-0.882965056202379,34.51712848488933,-2.759265800632434,418,432,375,435,34.51712848488933,NEUTRAL,program,sonic_drive_three_laps.py,function,ec959a186dbd8278df967871b3a34262848e2c5ecc08c20aa12abb30068f0552,右壁追従 | target_deg=-2.206,,250.0,197.63459735992726,41.17878803591502,85.60418545622663,106.7901913035483,0,40.95,37.7356392144228,1
41.0,830.223190212724,230.17799895639075,-55.25388962433249,27.627670852240705,-0.9227676255245371,34.49536145479127,-2.8836488297641782,418,431,375,435,34.49536145479127,NEUTRAL,program,sonic_drive_three_laps.py,function,ec959a186dbd8278df967871b3a34262848e2c5ecc08c20aa12abb30068f0552,右壁追従 | target_deg=-2.306,,247.96112127286838,211.06523569819498,44.295580291342034,85.6062059551266,104.8337134258993,0,41.0,37.73911915527554,1
41.05,829.0889268046728,230.96589421436425,-55.175976550992345,27.617029173619876,-0.9589709988053494,34.475562735028326,-2.996784371266717,418,431,375,435,34.475562735028326,NEUTRAL,program,sonic_drive_three_laps.py,function,ec959a186dbd8278df967871b3a34262848e2c5ecc08c20aa12abb30068f0552,右壁追従 | target_deg=-2.396,,250.0,215.61420512688886,42.84513973111428,83.78774892194801,105.38689840927952,0,41.05,37.740764809834474,1
41.1,827.9561407354413,231.7550597833021,-55.09733594271779,27.60786930997196,-0.9682655660880647,34.47047976854559,-3.025829894025202,418,431,375,435,34.47047976854559,NEUTRAL,program,sonic_drive_three_laps.py,function,ec959a186dbd8278df967871b3a34262848e2c5ecc08c20aa12abb30068f0552,右壁追従 | target_deg=-2.419,,250.0,218.60459635712573,41.757552381407265,82.67864286551838,102.94321235220619,0,41.1,37.74043639750038,1
41.15,826.8247865425313,232.54554548340644,-55.0180836928554,27.600002155644283,-0.9760911268493752,34.466200165004246,-3.0502847714042973,418,431,375,435,34.466200165004246,NEUTRAL,program,sonic_drive_three_laps.py,function,ec959a186dbd8278df967871b3a34262848e2c5ecc08c20aa12abb30068f0552,右壁追従 | target_deg=-2.439,,250.0,227.22299598072817,43.346558631779544,83.39743973034835,104.9155708751011,0,41.15,37.73810033934607,1
41.2,825.6947285054032,233.33742333371947,-54.94091770706109,27.596422964542942,-0.9505826391312792,34.48015011922508,-2.9705707472852474,418,431,375,435,34.48015011922508,NEUTRAL,program,sonic_drive_three_laps.py,function,ec959a186dbd8278df967871b3a34262848e2c5ecc08c20aa12abb30068f0552,右壁追従 | target_deg=-2.375,,247.28329870596272,234.22143235427998,44.23060269600932,83.54689634134093,101.80580928539094,0,41.2,37.7338748023766,1
41.25,824.5656875060197,234.13078739096923,-54.86854293384991,27.59946998890089,-0.8915574305591586,34.51242953016296,-2.7861169704973707,418,432,375,435,34.51242953016296,NEUTRAL,program,sonic_drive_three_laps.py,function,ec959a186dbd8278df967871b3a34262848e2c5ecc08c20aa12abb30068f0552,右壁追従 | target_deg=-2.228,,250.0,241.77448396069133,49.21796569973696,82.09341928035163,100.69142205508574,0,41.25,37.728085757850714,1
41.3,823.4374845260069,234.92567046822955,-54.79771645353131,27.603722294583083,-0.8723682691816889,34.52292360279126,-2.7261508411927777,418,432,375,435,34.52292360279126,NEUTRAL,program,sonic_drive_three_laps.py,function,ec959a186dbd8278df967871b3a34262848e2c5ecc08c20aa12abb30068f0552,右壁追従 | target_deg=-2.180,,248.4041130105886,245.63696237675381,47.23779822635879,80.33942745946223,100.37949841311905,0,41.3,37.72063706180304,1
41.35,822.3100641573579,235.7220692800442,-54.72825784287889,27.608691497544353,-0.8553776014539224,34.53221537420489,-2.6730550045435075,418,432,375,435,34.53221537420489,NEUTRAL,program,sonic_drive_three_laps.py,function,ec959a186dbd8278df967871b3a34262848e2c5ecc08c20aa12abb30068f0552,右壁追従 | target_deg=-2.138,,250.0,250.0,49.79366431216648,76.49458521355993,102.03170459619808,0,41.35,37.71158447607136,1
41.4,821.1833042176647,236.5199987516251,-54.662329202306765,27.616846295958403,-0.8117096047842983,34.556096309883586,-2.5365925149509323,418,432,375,435,34.556096309883586,NEUTRAL,program,sonic_drive_three_laps.py,function,ec959a186dbd8278df967871b3a34262848e2c5ecc08c20aa12abb30068f0552,右壁追従 | target_deg=-2.029,,250.0,250.0,50.64583951017553,76.43026395629272,98.2342835330244,0,41.4,37.70133517905774,1
41.45,820.0571137465483,237.31944757635713,-54.59807225295263,27.625215718936918,-0.7908932415265082,34.567480258540186,-2.471541379770338,418,432,375,435,34.567480258540186,NEUTRAL,program,sonic_drive_three_laps.py,function,ec959a186dbd8278df967871b3a34262848e2c5ecc08c20aa12abb30068f0552,右壁追従 | target_deg=-1.977,,249.94501351105131,250.0,50.237840418633766,78.9468697732451,98.1702185338269,0,41.45,37.689733142437944,1
41.5,818.9313591445424,238.12042050518374,-54.538325137217214,27.63719892559036,-0.7351104255569741,34.59798648602353,-2.297220079865544,418,432,375,435,34.59798648602353,NEUTRAL,program,sonic_drive_three_laps.py,function,ec959a186dbd8278df967871b3a34262848e2c5ecc08c20aa12abb30068f0552,右壁追従 | target_deg=-1.837,,250.0,247.72907717913304,53.79050041638925,76.73848787374592,95.71942003160518,0,41.5,37.67744829251783,1
41.55,817.8060087209061,238.92287088513982,-54.47883769603112,27.646824124292916,-0.7316362728234235,34.59988641329969,-2.2863633525731983,418,432,375,435,34.59988641329969,NEUTRAL,program,sonic_drive_three_laps.py,function,ec959a186dbd8278df967871b3a34262848e2c5ecc08c20aa12abb30068f0552,右壁追従 | target_deg=-1.829,,250.0,249.79443567064726,51.12497324548022,74.75907480654593,96.60215615432509,0,41.55,37.6637278816076,1
41.6,816.6811065754737,239.7267459123016,-54.42061728099162,27.65584007868889,-0.7158150630739809,34.608538637381415,-2.23692207210619,418,432,375,435,34.608538637381415,NEUTRAL,program,sonic_drive_three_laps.py,function,ec959a186dbd8278df967871b3a34262848e2c5ecc08c20aa12abb30068f0552,右壁追従 | target_deg=-1.789,,249.16341415717204,247.94241873903758,53.31912794317447,74.56255612194755,96.91869208805805,0,41.6,37.67206085668273,1
41.65,815.5566274398687,240.53201487722183,-54.364496299441015,27.665391885389127,-0.6897722993458716,34.62278077379523,-2.1555384354558487,418,432,375,435,34.62278077379523,NEUTRAL,program,sonic_drive_three_laps.py,function,ec959a186dbd8278df967871b3a34262848e2c5ecc08c20aa12abb30068f0552,右壁追従 | target_deg=-1.724,,250.0,249.37328631539972,53.88319875357836,72.93407734021604,95.11929966945783,0,41.65,37.73049472006836,1
41.7,814.4305422586411,241.33927714415626,-54.364182795246734,27.740799380784974,0.0,35.0,0.0,418,435,375,435,35.0,NEUTRAL,program,sonic_drive_three_laps.py,function,ec959a186dbd8278df967871b3a34262848e2c5ecc08c20aa12abb30068f0552,右壁追従 | target_deg=0.000,,250.0,248.66319335413107,57.75592155810949,74.05684501259758,91.94967148888047,0,41.7,37.85046846279092,1
41.75,813.30181023124,242.14843764710812,-54.364182795246734,27.79921299553783,0.0,35.0,0.0,418,435,375,435,35.0,NEUTRAL,program,sonic_drive_three_laps.py,function,ec959a186dbd8278df967871b3a34262848e2c5ecc08c20aa12abb30068f0552,右壁追従 | target_deg=0.000,,250.0,250.0,56.031417346192235,72.32542262889281,91.83181962331771,0,41.75,38.018015356939564,1
41.8,812.1710275677742,242.95906820111657,-54.364182795246734,27.84446248128965,0.0,35.0,0.0,418,435,375,435,35.0,NEUTRAL,program,sonic_drive_three_laps.py,function,ec959a186dbd8278df967871b3a34262848e2c5ecc08c20aa12abb30068f0552,右壁追従 | target_deg=0.000,,249.29080567448904,247.34776020800592,56.36403969070339,71.61851963365213,91.75665549504042,0,41.8,38.23268367902919,1
41.85,811.0386564008784,243.77083751454987,-54.364182795246734,27.879514514440945,0.0,35.0,0.0,418,435,375,435,35.0,NEUTRAL,program,sonic_drive_three_laps.py,function,ec959a186dbd8278df967871b3a34262848e2c5ecc08c20aa12abb30068f0552,右壁追従 | target_deg=0.000,,248.8268217586856,250.0,58.995344713263584,69.09981602086808,91.01478997264003,0,41.85,38.49387414773706,1
41.9,809.9050547166856,244.58348895586707,-54.364182795246734,27.906667199330634,0.0,35.0,0.0,418,435,375,435,35.0,NEUTRAL,program,sonic_drive_three_laps.py,function,ec959a186dbd8278df967871b3a34262848e2c5ecc08c20aa12abb30068f0552,右壁追従 | target_deg=0.000,,250.0,250.0,61.35611687465109,69.55263098134353,93.0677023031799,0,41.9,38.80079793941556,1
41.95,808.7704998253491,245.39682372817273,-54.364182795246734,27.927700738056796,0.0,35.0,0.0,418,435,375,435,35.0,NEUTRAL,program,sonic_drive_three_laps.py,function,ec959a186dbd8278df967871b3a34262848e2c5ecc08c20aa12abb30068f0552,右壁追従 | target_deg=0.000,,250.0,250.0,59.358281585789555,67.71755915724617,89.23920665250539,0,41.95,39.15250486158654,1
42.0,807.6352065422307,246.21068783556507,-54.364182795246734,27.943994145251793,0.0,35.0,0.0,418,435,375,435,35.0,NEUTRAL,program,sonic_drive_three_laps.py,function,ec959a186dbd8278df967871b3a34262848e2c5ecc08c20aa12abb30068f0552,右壁追従 | target_deg=0.000,,248.5594493399152,250.0,61.47718365251644,69.44216430046333,86.35320676560656,0,42.0,39.54790912831392,1
42.05,806.4993412717673,247.02496198675567,-54.364182795246734,27.956615659942127,0.0,35.0,0.0,418,435,375,435,35.0,NEUTRAL,program,sonic_drive_three_laps.py,function,ec959a186dbd8278df967871b3a34262848e2c5ecc08c20aa12abb30068f0552,右壁追従 | target_deg=0.000,,250.0,248.67185818568007,62.23459782225876,69.06463499529421,85.1023342469987,0,42.05,39.98581314030696,1
42.1,805.3630329173872,247.83955377401597,-54.364182795246734,27.96639278213467,0.0,35.0,0.0,418,435,375,435,35.0,NEUTRAL,program,sonic_drive_three_laps.py,function,ec959a186dbd8278df967871b3a34262848e2c5ecc08c20aa12abb30068f0552,右壁追従 | target_deg=0.000,,250.0,248.26220573890328,62.9516256935846,70.52756657201354,86.07215223617122,0,42.1,40.4649294779042,1
42.15,804.2263813327608,248.65439161468126,-54.364182795246734,27.9739665259137,0.0,35.0,0.0,418,435,375,435,35.0,NEUTRAL,program,sonic_drive_three_laps.py,function,ec959a186dbd8278df967871b3a34262848e2c5ecc08c20aa12abb30068f0552,右壁追従 | target_deg=0.000,,248.64677514448175,250.0,65.2935624756746,69.8353845045315,85.13378492968567,0,42.15,40.98390119121788,1
42.2,803.0894638684724,249.46942005800128,-54.364182795246734,27.979833446025854,0.0,35.0,0.0,418,435,375,435,35.0,NEUTRAL,program,sonic_drive_three_laps.py,function,ec959a186dbd8278df967871b3a34262848e2c5ecc08c20aa12abb30068f0552,右壁追従 | target_deg=0.000,,247.37288287425275,249.6086953059625,66.02222930223883,66.61383002560726,83.97912499749053,0,42.2,41.541320402361954,1
42.25,801.9523404433303,250.2845961496418,-54.364182795246734,27.98437819332741,0.0,35.0,0.0,418,435,375,435,35.0,NEUTRAL,program,sonic_drive_three_laps.py,function,ec959a186dbd8278df967871b3a34262848e2c5ecc08c20aa12abb30068f0552,右壁追従 | target_deg=0.000,,250.0,250.0,70.27274095266843,64.40002774606542,84.23572076794265,0,42.25,42.13574520527044,1
42.3,800.815057472802,251.0998866154843,-54.364182795246734,27.98789873351547,0.0,35.0,0.0,418,435,375,435,35.0,NEUTRAL,program,sonic_drive_three_laps.py,function,ec959a186dbd8278df967871b3a34262848e2c5ecc08c20aa12abb30068f0552,右壁追従 | target_deg=0.000,,249.28513146417012,250.0,67.85864104315493,64.55019047139999,82.35876463329912,0,42.3,42.76571484658601,1
42.35,799.6776509121364,251.9152656800866,-54.364182795246734,27.990625882550024,0.0,35.0,0.0,418,435,375,435,35.0,NEUTRAL,program,sonic_drive_three_laps.py,function,ec959a186dbd8278df967871b3a34262848e2c5ecc08c20aa12abb30068f0552,右壁追従 | target_deg=0.000,,250.0,250.0,67.94570823217776,61.89143756890776,80.82890578391977,0,42.35,43.429763186123715,1
42.4,798.5401486136846,252.7307133767765,-54.364182795246734,27.992738439560995,0.0,35.0,0.0,418,435,375,435,35.0,NEUTRAL,program,sonic_drive_three_laps.py,function,ec959a186dbd8278df967871b3a34262848e2c5ecc08c20aa12abb30068f0552,右壁追従 | target_deg=0.000,,249.66221323911915,248.91629594814228,70.4595309082922,60.85016417274466,77.8957449351037,0,42.4,44.126430459364485,1
42.45,797.4025721529741,253.54621423858336,-54.364182795246734,27.994374909393798,0.0,35.0,0.0,418,435,375,435,35.0,NEUTRAL,program,sonic_drive_three_laps.py,function,ec959a186dbd8278df967871b3a34262848e2c5ecc08c20aa12abb30068f0552,右壁追従 | target_deg=0.000,,249.9384709992349,249.61995368185322,71.5813230353613,58.760577664285144,79.20780822923618,0,42.45,44.8542733912905,1
42.5,796.2649382432585,254.36175628418306,-54.364182795246734,27.995642583354666,0.0,35.0,0.0,418,435,375,435,35.0,NEUTRAL,program,sonic_drive_three_laps.py,function,ec959a186dbd8278df967871b3a34262848e2c5ecc08c20aa12abb30068f0552,右壁追従 | target_deg=0.000,,249.97994167689126,248.56182096061366,71.97095628293995,59.241652827896786,81.11815155752342,0,42.5,45.61187373648509,1
42.55,795.1272598312815,255.17733023237005,-54.364182795246734,27.99662457351352,0.0,35.0,0.0,418,435,375,435,35.0,NEUTRAL,program,sonic_drive_three_laps.py,function,ec959a186dbd8278df967871b3a34262848e2c5ecc08c20aa12abb30068f0552,右壁追従 | target_deg=0.000,,250.0,250.0,75.1348988989876,60.523517057463124,78.10876651436075,0,42.55,46.397845342196284,1
42.6,793.9895469461011,255.99292889355723,-54.364182795246734,27.997385261751866,0.0,35.0,0.0,418,435,375,435,35.0,NEUTRAL,program,sonic_drive_three_laps.py,function,ec959a186dbd8278df967871b3a34262848e2c5ecc08c20aa12abb30068f0552,右壁追従 | target_deg=0.000,,249.6746215096613,248.91140528183575,76.01114006637651,59.61447604430277,75.80999669154176,0,42.6,47.2108398476783,1
42.65,792.8518073566199,256.8085466984073,-54.364182795246734,27.99797452080984,0.0,35.0,0.0,418,435,375,435,35.0,NEUTRAL,program,sonic_drive_three_laps.py,function,ec959a186dbd8278df967871b3a34262848e2c5ecc08c20aa12abb30068f0552,右壁追従 | target_deg=0.000,,250.0,250.0,73.38145089618972,61.226077380725094,76.6584060360844,0,42.65,48.049551144153455,1
42.7,791.7140470809359,257.6241793326923,-54.364182795246734,27.998430984075487,0.0,35.0,0.0,418,435,375,435,35.0,NEUTRAL,program,sonic_drive_three_laps.py,function,ec959a186dbd8278df967871b3a34262848e2c5ecc08c20aa12abb30068f0552,右壁追従 | target_deg=0.000,,250.0,250.0,77.37060024974772,55.99849371518054,74.61156137249876,0,42.7,48.91271872541371,1
42.75,790.5762707809048,258.4398234544414,-54.364182795246734,27.99878457849217,0.0,35.0,0.0,418,435,375,435,35.0,NEUTRAL,program,sonic_drive_three_laps.py,function,ec959a186dbd8278df967871b3a34262848e2c5ecc08c20aa12abb30068f0552,右壁追従 | target_deg=0.000,,250.0,247.66688766822944,77.47150938702399,56.058689369878294,71.85941917698743,0,42.75,49.799130060018584,1
42.8,789.4384820677836,259.25547647483256,-54.364182795246734,27.99905848664847,0.0,35.0,0.0,418,435,375,435,35.0,NEUTRAL,program,sonic_drive_three_laps.py,function,ec959a186dbd8278df967871b3a34262848e2c5ecc08c20aa12abb30068f0552,右壁追従 | target_deg=0.000,,250.0,250.0,76.9124921384961,56.50001211708414,70.93182369828072,0,42.8,50.70762211306937,1
42.85,788.3006837389943,260.07113638846215,-54.364182795246734,27.999270666690197,0.0,35.0,0.0,418,435,375,435,35.0,NEUTRAL,program,sonic_drive_three_laps.py,function,ec959a186dbd8278df967871b3a34262848e2c5ecc08c20aa12abb30068f0552,右壁追従 | target_deg=0.000,,248.27741069361764,250.0,77.98243393723843,56.45841364307299,71.63487034823157,0,42.85,51.63708213954303,1
42.9,787.1628779615296,260.88680164186565,-54.364182795246734,27.999435029704124,0.0,35.0,0.0,418,435,375,435,35.0,NEUTRAL,program,sonic_drive_three_laps.py,function,ec959a186dbd8278df967871b3a34262848e2c5ecc08c20aa12abb30068f0552,右壁追従 | target_deg=0.000,,250.0,250.0,78.17122479989413,51.83741318682186,70.86195345017086,0,42.9,51.87899527092327,1
42.95,786.025066414028,261.7024710316682,-54.364182795246734,27.99956235176574,0.0,35.0,0.0,418,435,375,435,35.0,NEUTRAL,program,sonic_drive_three_laps.py,function,ec959a186dbd8278df967871b3a34262848e2c5ecc08c20aa12abb30068f0552,右壁追従 | target_deg=0.000,,248.67569982101077,248.53294938432404,83.099860892633,55.045049503941165,69.41091149542142,0,42.95,51.063325881120704,1
43.0,784.8872503968283,262.5181436256883,-54.364182795246734,27.99966098044738,0.0,35.0,0.0,418,435,375,435,35.0,NEUTRAL,program,sonic_drive_three_laps.py,function,ec959a186dbd8278df967871b3a34262848e2c5ecc08c20aa12abb30068f0552,右壁追従 | target_deg=0.000,,248.24284400035614,249.4977137188646,83.16547192323816,54.0795793475546,69.51562533758467,0,43.0,50.247653287100604,1
43.05,783.7494309172248,263.3338187018215,-54.364182795246734,27.999737382107224,0.0,35.0,0.0,418,435,375,435,35.0,NEUTRAL,program,sonic_drive_three_laps.py,function,ec959a186dbd8278df967871b3a34262848e2c5ecc08c20aa12abb30068f0552,右壁追従 | target_deg=0.000,,248.6045814060168,250.0,80.19955528948181,49.794663173958895,68.10399977310976,0,43.05,49.43197821096743,1
43.1,782.611608755507,264.14949570069723,-54.364182795246734,27.999796565840896,0.0,35.0,0.0,418,435,375,435,35.0,NEUTRAL,program,sonic_drive_three_laps.py,function,ec959a186dbd8278df967871b3a34262848e2c5ecc08c20aa12abb30068f0552,右壁追従 | target_deg=0.000,,250.0,248.3218377547062,85.39853463913046,51.16696316224134,68.08303617951135,0,43.1,48.616301212091685,1
43.15,781.4737845161176,264.96517418900504,-54.364182795246734,27.999842411891084,0.0,35.0,0.0,418,435,375,435,35.0,NEUTRAL,program,sonic_drive_three_laps.py,function,ec959a186dbd8278df967871b3a34262848e2c5ecc08c20aa12abb30068f0552,右壁追従 | target_deg=0.000,,249.90968294518905,249.59540119345152,83.98841948472818,48.85701855053532,64.0343503207127,0,43.15,47.800622723783874,1
43.2,780.3405182892585,265.7757645068299,-54.51058288457992,27.779024508986197,2.24,33.775,7.0,417,442,375,435,33.775,NEUTRAL,program,sonic_drive_three_laps.py,function,ec959a186dbd8278df967871b3a34262848e2c5ecc08c20aa12abb30068f0552,右壁追従 | target_deg=5.585,,249.73326209762095,250.0,86.03307292896626,47.52147728093326,65.61117983528241,0,43.2,47.00427182330117,1
43.25,779.2171374883984,266.57229306915946,-54.83716913985104,27.38711685065836,4.48,32.55,14.0,415,449,375,435,32.55,NEUTRAL,program,sonic_drive_three_laps.py,function,ec959a186dbd8278df967871b3a34262848e2c5ecc08c20aa12abb30068f0552,右壁追従 | target_deg=11.083,,248.61554623424271,247.9314310370946,85.79546167498668,47.883017786703824,62.319125555103305,0,43.25,46.23989090399692,1
43.3,778.1073835037333,267.3471767147352,-55.33793205528582,26.862676331916937,6.72,31.325,21.0,414,457,375,435,31.325,NEUTRAL,program,sonic_drive_three_laps.py,function,ec959a186dbd8278df967871b3a34262848e2c5ecc08c20aa12abb30068f0552,右壁追従 | target_deg=16.413,,249.31136069717834,249.099925018445,86.36525472526085,48.46999804142462,62.534382150867735,0,43.3,45.51532432383931,1
43.35,777.0118339954668,268.09605980794936,-55.95832442937052,26.330222106088936,8.0,30.625,25.0,413,461,375,435,30.625,NEUTRAL,program,sonic_drive_three_laps.py,function,ec959a186dbd8278df967871b3a34262848e2c5ecc08c20aa12abb30068f0552,右壁追従 | target_deg=19.359,,250.0,250.0,85.91470614447802,48.83973769271729,59.881909465953925,0,43.35,44.83049320935805,1
43.4,775.9273400646731,268.8202254744458,-56.57601659508134,25.917762099855146,8.0,30.625,25.0,413,461,375,435,30.625,NEUTRAL,program,sonic_drive_three_laps.py,function,ec959a186dbd8278df967871b3a34262848e2c5ecc08c20aa12abb30068f0552,右壁追従 | target_deg=19.359,,250.0,249.67297454187295,86.26813981082948,47.17228046079226,59.41062786621939,0,43.4,44.17197877399303,1
43.45,774.8500758908139,269.5230038721744,-57.185269921409855,25.598254340333057,8.0,30.625,25.0,413,461,375,435,30.625,NEUTRAL,program,sonic_drive_three_laps.py,function,ec959a186dbd8278df967871b3a34262848e2c5ecc08c20aa12abb30068f0552,右壁追従 | target_deg=19.359,,249.446880587826,249.77943698422365,90.04437607047335,46.943497692176635,56.575677074567444,0,43.45,43.5357829475729,1
43.5,773.8530709819589,270.15774740362696,-57.87098936828703,22.353454676285697,10.24,14.0,32.0,392,468,375,435,14.0,NEUTRAL,program,sonic_drive_three_laps.py,function,ec959a186dbd8278df967871b3a34262848e2c5ecc08c20aa12abb30068f0552,仕切り端：検出側から離れて通過 | target_deg=24.305,,249.5851029110373,250.0,88.31111263489232,44.389850743918196,56.011278839743355,0,43.5,42.97814100719097,1
43.55,772.9673581545024,270.70617159344494,-58.61793491760912,19.839905107627214,12.48,14.0,39.0,392,475,375,435,14.0,NEUTRAL,program,sonic_drive_three_laps.py,function,ec959a186dbd8278df967871b3a34262848e2c5ecc08c20aa12abb30068f0552,仕切り端：検出側から離れて通過 | target_deg=28.957,,248.3343069582526,249.09886038825118,85.97662537043506,44.43278743078312,54.67922104456946,0,43.55,42.51629602042823,1
43.6,772.1634185893265,271.1906450080705,-59.2161816301188,18.07309915614938,10.24,15.0,32.0,393,468,375,435,15.0,NEUTRAL,program,sonic_drive_three_laps.py,function,ec959a186dbd8278df967871b3a34262848e2c5ecc08c20aa12abb30068f0552,右壁追従 | target_deg=24.305,,250.0,250.0,87.82614873647151,45.43261548265164,53.17201363426158,0,43.6,42.10310667457338,1
43.65,771.4161751400156,271.63182882366357,-59.6514246009058,16.884750210094708,8.0,16.0,25.0,395,461,375,435,16.0,NEUTRAL,program,sonic_drive_three_laps.py,function,ec959a186dbd8278df967871b3a34262848e2c5ecc08c20aa12abb30068f0552,右壁追従 | target_deg=19.359,,249.7151420762444,250.0,89.16659603814111,46.849592184852504,53.81660755779326,0,43.65,41.71486414508121,1
43.7,770.7198185714433,272.03585406977834,-60.1189234239054,15.588113784950682,10.24,13.913929407287068,32.0,392,468,375,435,13.913929407287068,NEUTRAL,program,sonic_drive_three_laps.py,function,ec959a186dbd8278df967871b3a34262848e2c5ecc08c20aa12abb30068f0552,仕切り端：検出側から離れて通過 | target_deg=24.305,,250.0,249.1476319181548,88.27087551680312,42.919843127304595,50.78609853852126,0,43.7,41.36871296539772,1
43.75,770.0682230628122,272.4063004078571,-60.656720530531686,14.599205699383397,12.48,14.0,39.0,392,475,375,435,14.0,NEUTRAL,program,sonic_drive_three_laps.py,function,ec959a186dbd8278df967871b3a34262848e2c5ecc08c20aa12abb30068f0552,仕切り端：検出側から離れて通過 | target_deg=28.957,,250.0,250.0,87.8416515335454,44.05090812113593,50.87035592985582,0,43.75,40.87323054226655,1
43.8,769.4514825061771,272.7488386940082,-61.2610100047707,13.788690884033258,14.72,13.75335266698961,46.0,392,483,375,435,13.75335266698961,NEUTRAL,program,sonic_drive_three_laps.py,function,ec959a186dbd8278df967871b3a34262848e2c5ecc08c20aa12abb30068f0552,仕切り端：検出側から離れて通過 | target_deg=33.297,,250.0,250.0,88.5702703803388,42.56300592664358,51.538826830589244,0,43.8,40.42867504364971,1
43.85,768.8621283376145,273.0676472146472,-61.930016576533006,13.147193984327822,16.96,13.677694967223022,53.0,392,490,375,435,13.677694967223022,NEUTRAL,program,sonic_drive_three_laps.py,function,ec959a186dbd8278df967871b3a34262848e2c5ecc08c20aa12abb30068f0552,仕切り端：検出側から離れて通過 | target_deg=37.323,,250.0,249.57037561245747,85.8442352762284,42.39487770494005,52.52965424891362,0,43.85,40.03107191729764,1
43.9,768.2918856966483,273.3671333685294,-62.666656640922355,12.708373121962376,19.2,14.0,60.0,392,498,375,435,14.0,NEUTRAL,program,sonic_drive_three_laps.py,function,ec959a186dbd8278df967871b3a34262848e2c5ecc08c20aa12abb30068f0552,仕切り端：検出側から離れて通過 | target_deg=41.043,,250.0,250.0,89.30699001439618,189.07993475521877,49.98093947456712,0,43.9,39.675509539816034,1
43.95,767.7345564188864,273.65031844586247,-63.474814972500226,12.368445205444658,21.44,14.0,67.0,392,505,375,435,14.0,NEUTRAL,program,sonic_drive_three_laps.py,function,ec959a186dbd8278df967871b3a34262848e2c5ecc08c20aa12abb30068f0552,仕切り端：検出側から離れて通過 | target_deg=44.472,,249.44961468546003,250.0,85.76984446394385,186.9953893704922,48.97359377565313,0,43.95,39.35948887662412,1
44.0,767.1816802616178,273.92174753066564,-64.21629948122714,12.285412161952872,19.2,15.0,60.0,393,498,375,435,15.0,NEUTRAL,program,sonic_drive_three_laps.py,function,ec959a186dbd8278df967871b3a34262848e2c5ecc08c20aa12abb30068f0552,右壁追従 | target_deg=41.043,,250.0,248.80033650861225,88.00383691655044,187.28406063637124,46.59816023812928,0,44.0,39.06514979150738,1
44.05,766.6238640310594,274.18722890875745,-64.86934586291608,12.401380001147158,16.96,16.0,53.0,395,490,375,435,16.0,NEUTRAL,program,sonic_drive_three_laps.py,function,ec959a186dbd8278df967871b3a34262848e2c5ecc08c20aa12abb30068f0552,右壁追従 | target_deg=37.323,,250.0,242.96042264284551,86.51317399268237,190.4134170776399,49.10271107521133,0,44.05,38.78140066567516,1
44.1,766.05347380572,274.45051322528377,-65.5881648686628,12.671501758803801,19.2,17.0,60.0,396,498,375,435,17.0,NEUTRAL,program,sonic_drive_three_laps.py,function,ec959a186dbd8278df967871b3a34262848e2c5ecc08c20aa12abb30068f0552,左回避 | target_deg=41.043,,123.27667567061754,232.91870173028553,87.85400184620997,194.9827223672251,49.731642514488584,0,44.1,38.51947018329444,1
44.15,765.4639370331786,274.7130044097448,-66.42279057266472,13.061037210794584,21.44,18.0,67.0,397,505,375,435,18.0,NEUTRAL,program,sonic_drive_three_laps.py,function,ec959a186dbd8278df967871b3a34262848e2c5ecc08c20aa12abb30068f0552,左回避 | target_deg=44.472,,122.18225791828846,226.05693490767706,86.92583263685998,192.1036766577103,47.198402490388084,0,44.15,38.285926378443676,1
44.2,764.8498679105595,274.9749414677782,-67.38878350500367,13.543075211775125,23.68,19.0,74.0,398,512,375,435,19.0,NEUTRAL,program,sonic_drive_three_laps.py,function,ec959a186dbd8278df967871b3a34262848e2c5ecc08c20aa12abb30068f0552,左回避 | target_deg=47.632,,124.46709446779033,220.33772006433443,84.2527464107848,192.4479191664112,46.02407339436642,0,44.2,38.08658600929107,1
44.25,764.2068074923035,275.2355586529711,-68.50300953910455,14.096769329060548,25.92,20.0,81.0,400,520,375,435,20.0,NEUTRAL,program,sonic_drive_three_laps.py,function,ec959a186dbd8278df967871b3a34262848e2c5ecc08c20aa12abb30068f0552,左回避 | target_deg=50.544,,127.84498706372345,208.99864316549525,84.4099135084411,196.96483927070068,46.072288653419186,0,44.25,37.929978934627805,1
44.3,763.5381644170188,275.49050763145095,-69.76999441169951,14.453567189950048,28.16,19.6,88.0,399,527,375,435,19.6,NEUTRAL,program,sonic_drive_three_laps.py,function,ec959a186dbd8278df967871b3a34262848e2c5ecc08c20aa12abb30068f0552,左回避 | target_deg=53.231,,135.61280198793511,202.1350669376347,81.66229273147854,196.77953794851288,45.9288085245576,0,44.3,37.828218478290495,1
44.35,762.8555220789731,275.73271527522826,-71.17669727523237,14.509103443190163,30.4,18.375,95.0,397,534,375,435,18.375,NEUTRAL,program,sonic_drive_three_laps.py,function,ec959a186dbd8278df967871b3a34262848e2c5ecc08c20aa12abb30068f0552,左回避 | target_deg=55.714,,142.9498116001838,190.38384777217595,84.172760418218,200.54814748988946,42.3497339501589,0,44.35,37.79355947705551,1
44.4,762.1691741727043,275.95669526021493,-72.68547824684634,14.39437157067411,32.0,17.5,100.0,396,540,375,435,17.5,NEUTRAL,program,sonic_drive_three_laps.py,function,ec959a186dbd8278df967871b3a34262848e2c5ecc08c20aa12abb30068f0552,左回避 | target_deg=57.375,,152.96527953163474,179.407388451902,82.52779088134783,197.93186428254492,44.032267146189334,0,44.4,37.83041627015635,1
44.45,761.4818984216257,276.1610518831618,-74.19556885871118,14.305495745189589,32.0,17.5,100.0,396,540,375,435,17.5,NEUTRAL,program,sonic_drive_three_laps.py,function,ec959a186dbd8278df967871b3a34262848e2c5ecc08c20aa12abb30068f0552,左回避 | target_deg=57.375,,166.19154525166036,171.31357165199262,80.72714286056936,202.34250662256494,41.02701044911833,0,44.45,37.923821227379136,1
44.5,760.7931959542668,276.3462776485876,-75.69757463447458,14.236649031697224,32.0,17.5,100.0,396,540,375,435,17.5,NEUTRAL,program,sonic_drive_three_laps.py,function,ec959a186dbd8278df967871b3a34262848e2c5ecc08c20aa12abb30068f0552,左回避 | target_deg=57.375,,180.19699756356303,161.75492283799008,80.97989458626267,208.62960136052214,44.27234697865873,0,44.5,38.07049754598902,1
44.55,760.1027748313533,276.5127285252783,-77.193317577891,14.183317656907066,32.0,17.5,100.0,396,540,375,435,17.5,NEUTRAL,program,sonic_drive_three_laps.py,function,ec959a186dbd8278df967871b3a34262848e2c5ecc08c20aa12abb30068f0552,左回避 | target_deg=57.375,,202.0161412755726,152.77855128787556,79.63751357755822,210.4248955405083,42.18682505079521,0,44.55,38.26918007801587,1
44.6,759.4105029903099,276.6606489392279,-78.68420908480158,14.142005074319902,32.0,17.5,100.0,396,540,375,435,17.5,NEUTRAL,program,sonic_drive_three_laps.py,function,ec959a186dbd8278df967871b3a34262848e2c5ecc08c20aa12abb30068f0552,左回避 | target_deg=57.375,,224.10349617196073,146.33117552813033,82.31258631744367,212.0129652117039,41.65301115426592,0,44.6,38.518578153701796,1
44.65,758.7163751873953,276.79020317450824,-80.17134247799198,14.11000272135719,32.0,17.5,100.0,396,540,375,435,17.5,NEUTRAL,program,sonic_drive_three_laps.py,function,ec959a186dbd8278df967871b3a34262848e2c5ecc08c20aa12abb30068f0552,左回避 | target_deg=57.375,,249.0295808636104,142.1775949458487,78.17537238331826,215.83370342851404,43.018761627381416,0,44.65,38.81733893794919,1
44.7,758.0204866187336,276.9014988770608,-81.65556468833651,14.085212438808547,32.0,17.5,100.0,396,540,375,435,17.5,NEUTRAL,program,sonic_drive_three_laps.py,function,ec959a186dbd8278df967871b3a34262848e2c5ecc08c20aa12abb30068f0552,左回避 | target_deg=57.375,,248.84290403593278,138.40223621138898,80.89772630851432,219.49490120857627,40.5578646634309,0,44.7,39.16266126006376,1
44.75,757.3176729497254,276.9957746941842,-83.04742677562318,14.246297413667078,29.76,18.5,93.0,398,532,375,435,18.5,NEUTRAL,program,sonic_drive_three_laps.py,function,ec959a186dbd8278df967871b3a34262848e2c5ecc08c20aa12abb30068f0552,右壁追従 | target_deg=55.024,,250.0,131.25606462171845,76.99059262493599,222.60074825124585,44.80279785214648,0,44.75,39.47077659450496,1
44.8,756.6005149737833,277.0749319861402,-84.33899141859854,14.55136868088651,27.52,19.5,86.0,399,525,375,435,19.5,NEUTRAL,program,sonic_drive_three_laps.py,function,ec959a186dbd8278df967871b3a34262848e2c5ecc08c20aa12abb30068f0552,右壁追従 | target_deg=52.485,,249.6230815844962,125.73803319964162,76.89973549359594,229.5031871367543,39.610339831182614,0,44.8,39.713142136532824,1
44.85,755.8632531267608,277.1401059247029,-85.54126367968792,14.967977398958936,25.28,20.5,79.0,400,517,375,435,20.5,NEUTRAL,program,sonic_drive_three_laps.py,function,ec959a186dbd8278df967871b3a34262848e2c5ecc08c20aa12abb30068f0552,右壁追従 | target_deg=49.736,,250.0,122.85667444945189,75.68634783598169,235.48601643296033,43.05642396243067,0,44.85,39.89958427647664,1
44.9,755.1014355383379,277.19192730935373,-86.65980344141845,15.470987417730186,23.04,21.5,72.0,401,510,375,435,21.5,NEUTRAL,program,sonic_drive_three_laps.py,function,ec959a186dbd8278df967871b3a34262848e2c5ecc08c20aa12abb30068f0552,右壁追従 | target_deg=46.756,,250.0,120.88430971006073,76.24404219265426,239.49895748561934,42.36682681024203,0,44.9,40.037658289832464,1
44.95,754.3116378509505,277.23074768397396,-87.69623733814659,16.040927285671902,20.8,22.5,65.0,403,503,375,435,22.5,NEUTRAL,program,sonic_drive_three_laps.py,function,ec959a186dbd8278df967871b3a34262848e2c5ecc08c20aa12abb30068f0552,右壁追従 | target_deg=43.521,,248.62833748407596,115.22217938953308,76.92620391539032,240.54694187772137,38.89863045248454,0,44.95,40.13368010675959,1
45.0,753.4912363273519,277.2568039618995,-88.64933496241379,16.662713649832423,18.56,23.5,58.0,404,495,375,435,23.5,NEUTRAL,program,sonic_drive_three_laps.py,function,ec959a186dbd8278df967871b3a34262848e2c5ecc08c20aa12abb30068f0552,右壁追従 | target_deg=40.010,,250.0,110.50809697352663,77.67980062186007,244.40521581279455,250.0,0,45.0,40.193391212645224,1
45.05,752.6382250403356,277.2703419300646,-89.51577244051116,17.32466235117855,16.32,24.5,51.0,405,488,375,435,24.5,NEUTRAL,program,sonic_drive_three_laps.py,function,ec959a186dbd8278df967871b3a34262848e2c5ecc08c20aa12abb30068f0552,右壁追従 | target_deg=36.204,,250.0,111.32742629606595,77.7743999573458,248.62367588273926,179.64406353343972,0,45.05,40.222381149372154,1
45.1,751.7510690693719,277.27171141603884,-90.2906710837228,18.017722380113774,14.08,25.5,44.0,406,481,375,435,25.5,NEUTRAL,program,sonic_drive_three_laps.py,function,ec959a186dbd8278df967871b3a34262848e2c5ecc08c20aa12abb30068f0552,右壁追従 | target_deg=32.089,,247.52434830111935,111.7313935470788,76.5681815444936,248.24509950611656,181.96799418474174,0,45.1,40.22634718781911,1
45.15,750.8285870382044,277.26144180436876,-90.96797373585844,18.73488246826328,11.84,26.5,37.0,408,473,375,435,26.5,NEUTRAL,program,sonic_drive_three_laps.py,function,ec959a186dbd8278df967871b3a34262848e2c5ecc08c20aa12abb30068f0552,右壁追従 | target_deg=27.659,,250.0,106.08611503788525,76.72784171863393,250.0,183.10299650697812,0,45.15,40.21124280436674,1
45.2,749.8698577044524,277.24030398174415,-91.54070358220078,19.470711411107846,9.6,27.5,30.0,409,466,375,435,27.5,NEUTRAL,program,sonic_drive_three_laps.py,function,ec959a186dbd8278df967871b3a34262848e2c5ecc08c20aa12abb30068f0552,右壁追従 | target_deg=22.921,,250.0,107.18696814582337,74.06888115082472,250.0,181.05755434206023,0,45.2,40.18334876892045,1
45.25,748.874146543711,277.20936309022943,-92.00113742705533,20.221001983798484,7.36,28.5,23.0,410,459,375,435,28.5,NEUTRAL,program,sonic_drive_three_laps.py,function,ec959a186dbd8278df967871b3a34262848e2c5ecc08c20aa12abb30068f0552,右壁追従 | target_deg=17.896,,250.0,105.46772050263688,78.28093589120253,248.40496948123408,178.12539438589,0,45.25,40.14928896681116,1
45.3,747.8408493325417,277.17002532859976,-92.34091629671634,20.98249510432727,5.12,29.5,16.0,411,451,375,435,29.5,NEUTRAL,program,sonic_drive_three_laps.py,function,ec959a186dbd8278df967871b3a34262848e2c5ecc08c20aa12abb30068f0552,右壁追従 | target_deg=12.626,,249.25780236157013,102.84077707136042,76.1043956161585,250.0,182.9867686582506,0,45.3,40.11600518144792,1
45.35,746.7694506411194,277.12408125505596,-92.5511096350346,21.75266615945968,2.88,30.5,9.0,413,444,375,435,30.5,NEUTRAL,program,sonic_drive_three_laps.py,function,ec959a186dbd8278df967871b3a34262848e2c5ecc08c20aa12abb30068f0552,右壁追従 | target_deg=7.168,,250.0,102.03038679235078,75.40404461434721,250.0,181.5555064840755,0,45.35,40.09069953420738,1
45.4,745.6594959253551,277.0737474803529,-92.62224459046169,22.529559484389345,0.64,31.5,2.0,414,437,375,435,31.5,NEUTRAL,program,sonic_drive_three_laps.py,function,ec959a186dbd8278df967871b3a34262848e2c5ecc08c20aa12abb30068f0552,右壁追従 | target_deg=1.600,,250.0,103.72071166014106,77.46350648139621,250.0,181.9970791890669,0,45.4,40.080749224768276,1
45.45,744.5105765916335,277.0217082139582,-92.54430842134872,23.31166014416206,-1.6,32.5,-5.0,415,429,375,435,32.5,NEUTRAL,program,sonic_drive_three_laps.py,function,ec959a186dbd8278df967871b3a34262848e2c5ecc08c20aa12abb30068f0552,右壁追従 | target_deg=-3.995,,250.0,102.93637418125921,74.66420299865163,250.0,184.70680983121062,0,45.45,40.09359506710065,1
45.5,743.3223703376029,276.97015715291616,-92.4242011655215,24.09779461051878,-1.7162793510413437,33.5,-5.363372972004199,416,429,375,435,33.5,NEUTRAL,program,sonic_drive_three_laps.py,function,ec959a186dbd8278df967871b3a34262848e2c5ecc08c20aa12abb30068f0552,右壁追従 | target_deg=-4.284,,249.6098884538247,103.06815885584565,74.55660510146596,249.57465488458206,181.8936720355122,0,45.5,40.11534044283906,1
45.55,742.0970784928003,276.91961109714606,-92.30028068996336,24.807877717344745,-1.7173272854253616,34.060836640783,-5.366647766954255,417,429,375,435,34.060836640783,NEUTRAL,program,sonic_drive_three_laps.py,function,ec959a186dbd8278df967871b3a34262848e2c5ecc08c20aa12abb30068f0552,右壁追従 | target_deg=-4.287,,250.0,105.46129309780932,75.38334040194185,248.8620806809536,182.79173047059922,0,45.55,40.14014617940085,1
45.6,740.841029848179,276.87055098934354,-92.17328643218195,25.357970224590847,-1.71698065136486,34.06102620628484,-5.365564535515188,417,429,375,435,34.06102620628484,NEUTRAL,program,sonic_drive_three_laps.py,function,ec959a186dbd8278df967871b3a34262848e2c5ecc08c20aa12abb30068f0552,右壁追従 | target_deg=-4.286,,250.0,103.58178421646093,74.89750387923527,250.0,182.18384241026783,0,45.6,40.16806385271036,1
45.65,739.5610257069382,276.823393497452,-92.0465496081,25.787582543483175,-1.6815935049719766,34.08037855196845,-5.254979703037427,417,429,375,435,34.08037855196845,NEUTRAL,program,sonic_drive_three_laps.py,function,ec959a186dbd8278df967871b3a34262848e2c5ecc08c20aa12abb30068f0552,右壁追従 | target_deg=-4.198,,248.66070422257974,103.15093728231743,77.76545165183046,249.38125574422276,180.31772990808489,0,45.65,40.199749448337876,1
45.7,738.2624237675255,276.7784623942842,-91.91669109795464,26.118713879330745,-1.6984632823962351,34.07115289243956,-5.307697757488235,417,429,375,435,34.07115289243956,NEUTRAL,program,sonic_drive_three_laps.py,function,ec959a186dbd8278df967871b3a34262848e2c5ecc08c20aa12abb30068f0552,右壁追従 | target_deg=-4.240,,247.88376869843924,102.96921523198615,75.7910176998904,248.81894537285342,183.1593304634059,0,45.7,40.25895841573355,1
45.75,736.9494822761467,276.73604706902705,-91.78396766890688,26.373384183172867,-1.7170956727622309,34.060963303958154,-5.365923977381971,417,429,375,435,34.060963303958154,NEUTRAL,program,sonic_drive_three_laps.py,function,ec959a186dbd8278df967871b3a34262848e2c5ecc08c20aa12abb30068f0552,右壁追従 | target_deg=-4.286,,248.990944902986,103.35062655916948,76.10233293007278,250.0,184.7620503929669,0,45.75,40.354824366539454,1
45.8,735.6254462717687,276.69635499186717,-91.65024046496094,26.570798441464976,-1.7157100639973022,34.06172105875147,-5.361593949991569,417,429,375,435,34.06172105875147,NEUTRAL,program,sonic_drive_three_laps.py,function,ec959a186dbd8278df967871b3a34262848e2c5ecc08c20aa12abb30068f0552,右壁追従 | target_deg=-4.283,,250.0,103.14410704938088,76.02304885981724,249.97436253491213,183.15518590626925,0,45.8,40.487513694557315,1
45.85,734.2927689122902,276.659518222423,-91.5163986764389,26.724664292532008,-1.7061660536816703,34.06694043939284,-5.33176891775522,417,429,375,435,34.06694043939284,NEUTRAL,program,sonic_drive_three_laps.py,function,ec959a186dbd8278df967871b3a34262848e2c5ecc08c20aa12abb30068f0552,右壁追従 | target_deg=-4.259,,248.57216706414317,103.02617225033991,75.9655683843868,250.0,181.91392868933968,0,45.85,40.65711350895964,1
45.9,732.9534009727051,276.62564645334385,-91.38093190156457,26.842653161586195,-1.7183540305239513,34.06027513955721,-5.369856345387348,417,429,375,435,34.06027513955721,NEUTRAL,program,sonic_drive_three_laps.py,function,ec959a186dbd8278df967871b3a34262848e2c5ecc08c20aa12abb30068f0552,右壁追従 | target_deg=-4.289,,250.0,103.694473835626,76.56497197456609,249.7922011107145,184.83944077618764,0,45.9,40.86394428631498,1
45.95,731.6088880047726,276.59483966758927,-91.24424174671934,26.933166929699144,-1.727330678896144,34.05536603497867,-5.39790837155045,417,429,375,435,34.05536603497867,NEUTRAL,program,sonic_drive_three_laps.py,function,ec959a186dbd8278df967871b3a34262848e2c5ecc08c20aa12abb30068f0552,右壁追従 | target_deg=-4.311,,249.98483830092349,105.44226469074967,74.64495855722045,250.0,183.24930293666154,0,45.95,41.107634872139954,1
46.0,730.2603128809658,276.56713698158813,-91.10938876973684,27.006067283998103,-1.6990856545085835,34.07081253269062,-5.309642670339324,417,429,375,435,34.07081253269062,NEUTRAL,program,sonic_drive_three_laps.py,function,ec959a186dbd8278df967871b3a34262848e2c5ecc08c20aa12abb30068f0552,右壁追従 | target_deg=-4.241,,249.3911778772783,103.75109502950701,77.77239456364913,248.60720626993398,181.9320521817177,0,46.0,41.38715221785396,1
46.05,728.9086180645616,276.54258501120796,-90.97180528456423,27.059535212003603,-1.7295491481422676,34.0541528096097,-5.404841087944586,417,429,375,435,34.0541528096097,NEUTRAL,program,sonic_drive_three_laps.py,function,ec959a186dbd8278df967871b3a34262848e2c5ecc08c20aa12abb30068f0552,右壁追従 | target_deg=-4.317,,250.0,106.72875085592186,73.83403906457032,250.0,184.12375136997966,0,46.05,41.70286488074971,1
46.1,727.5545163443929,276.52123112538834,-90.83512858043645,27.102370859081514,-1.7151743721989567,34.062014015203694,-5.35991991312174,417,429,375,435,34.062014015203694,NEUTRAL,program,sonic_drive_three_laps.py,function,ec959a186dbd8278df967871b3a34262848e2c5ecc08c20aa12abb30068f0552,右壁追従 | target_deg=-4.281,,250.0,102.18600095905121,75.96922420265115,250.0,182.1328655638112,0,46.1,42.05332465581233,1
46.15,726.1984520725941,276.5030632723286,-90.7000184639209,27.137726239859767,-1.693132726826011,34.074068040017025,-5.291039771331285,417,429,375,435,34.074068040017025,NEUTRAL,program,sonic_drive_three_laps.py,function,ec959a186dbd8278df967871b3a34262848e2c5ecc08c20aa12abb30068f0552,右壁追従 | target_deg=-4.226,,250.0,105.97601441374006,77.6658844925147,250.0,181.9000294728967,0,46.15,42.437710513461106,1
46.2,724.8408811609172,276.4880977469707,-90.56315932306121,27.163136849586635,-1.713185007912207,34.063101948798014,-5.353703149725647,417,429,375,435,34.063101948798014,NEUTRAL,program,sonic_drive_three_laps.py,function,ec959a186dbd8278df967871b3a34262848e2c5ecc08c20aa12abb30068f0552,右壁追従 | target_deg=-4.276,,247.38512362795723,105.19964359137026,74.60670654790385,250.0,183.1242171705448,0,46.2,42.85579857366795,1
46.25,723.4821358817987,276.4763521592875,-90.42739549295935,27.184312771350232,-1.698053826042787,34.07137681388285,-5.30641820638371,417,429,375,435,34.07137681388285,NEUTRAL,program,sonic_drive_three_laps.py,function,ec959a186dbd8278df967871b3a34262848e2c5ecc08c20aa12abb30068f0552,右壁追従 | target_deg=-4.239,,250.0,104.98498603681304,78.01247308072575,248.26882413457017,183.05163102351244,0,46.25,43.30615363032795,1
46.3,722.1224295202853,276.46781425435086,-90.29214146506716,27.201459666725626,-1.690516013806203,34.07549905494973,-5.282862543144384,417,429,375,435,34.07549905494973,NEUTRAL,program,sonic_drive_three_laps.py,function,ec959a186dbd8278df967871b3a34262848e2c5ecc08c20aa12abb30068f0552,右壁追従 | target_deg=-4.220,,250.0,105.27856121919982,75.30097194711084,249.04044390400293,180.41561934521556,0,46.3,43.787983561591425,1
46.35,720.7619123040312,276.4624667386712,-90.15825857087317,27.216527342252476,-1.6724115429653572,34.08539993744082,-5.226286071766741,417,429,375,435,34.08539993744082,NEUTRAL,program,sonic_drive_three_laps.py,function,ec959a186dbd8278df967871b3a34262848e2c5ecc08c20aa12abb30068f0552,右壁追従 | target_deg=-4.175,,250.0,105.01305536655146,78.7021576983318,250.0,181.92464308877987,0,46.35,44.30022426250454,1
46.4,719.4008485388472,276.46033427869645,-90.02127872883175,27.224453969619248,-1.7103990357528986,34.06462552732263,-5.344996986727808,417,429,375,435,34.06462552732263,NEUTRAL,program,sonic_drive_three_laps.py,function,ec959a186dbd8278df967871b3a34262848e2c5ecc08c20aa12abb30068f0552,右壁追従 | target_deg=-4.269,,250.0,107.24958880156164,72.47974574332886,250.0,182.11418516532717,0,46.4,44.84254380005283,1
46.45,718.0393886747433,276.46143979401376,-89.88567211177453,27.232332241676936,-1.6927714727994956,34.07426560081278,-5.289910852498424,417,429,375,435,34.07426560081278,NEUTRAL,program,sonic_drive_three_laps.py,function,ec959a186dbd8278df967871b3a34262848e2c5ecc08c20aa12abb30068f0552,右壁追従 | target_deg=-4.225,,250.0,107.5667787530611,77.2971011742167,250.0,181.82641201718602,0,46.45,45.41317370936016,1
46.5,716.6775984896123,276.46577018278265,-89.74993671178156,27.238317940291974,-1.6939593703998972,34.073615969312556,-5.293623032499679,417,429,375,435,34.073615969312556,NEUTRAL,program,sonic_drive_three_laps.py,function,ec959a186dbd8278df967871b3a34262848e2c5ecc08c20aa12abb30068f0552,右壁追従 | target_deg=-4.228,,250.0,103.5489350787699,74.84324702325881,250.0,180.80121754449289,0,46.5,46.011363949542755,1
46.55,715.315587432666,276.473335796818,-89.61354379274424,27.242175063996203,-1.701866788866615,34.06929159983857,-5.318333715208172,417,429,375,435,34.06929159983857,NEUTRAL,program,sonic_drive_three_laps.py,function,ec959a186dbd8278df967871b3a34262848e2c5ecc08c20aa12abb30068f0552,右壁追従 | target_deg=-4.248,,250.0,106.97181483386821,74.19183240005071,250.0,181.12771598176892,0,46.55,46.636147740520784,1
46.6,713.9534360188885,276.4841465379335,-89.47701717081037,27.245018547248684,-1.7033313278561115,34.06849068007869,-5.322910399550349,417,429,375,435,34.06849068007869,NEUTRAL,program,sonic_drive_three_laps.py,function,ec959a186dbd8278df967871b3a34262848e2c5ecc08c20aa12abb30068f0552,右壁追従 | target_deg=-4.252,,249.2036785451047,107.6204386565676,75.8799861313712,249.99002231221618,182.44361780567897,0,46.6,47.28641843826423,1
46.65,712.5911993802723,276.49820689616365,-89.34026529515448,27.246958479770697,-1.7059961771911185,34.067033340598606,-5.331238053722245,417,429,375,435,34.067033340598606,NEUTRAL,program,sonic_drive_three_laps.py,function,ec959a186dbd8278df967871b3a34262848e2c5ecc08c20aa12abb30068f0552,右壁追従 | target_deg=-4.258,,250.0,106.89199216851321,76.14732779549313,249.2759932857618,182.96391594613942,0,46.65,47.961182427688065,1
46.7,711.2289081791412,276.5155172156011,-89.20372460896692,27.24873216646383,-1.7032481896788356,34.06853614626939,-5.322650592746362,417,429,375,435,34.06853614626939,NEUTRAL,program,sonic_drive_three_laps.py,function,ec959a186dbd8278df967871b3a34262848e2c5ecc08c20aa12abb30068f0552,右壁追従 | target_deg=-4.252,,250.0,107.89731905211782,74.65490118420774,250.0,180.9101013268575,0,46.7,48.65940791460721,1
46.75,709.8665409168328,276.536061697569,-89.06836702694824,27.251575167970632,-1.6883485511659075,34.07668438608114,-5.276089222393461,417,429,375,435,34.07668438608114,NEUTRAL,program,sonic_drive_three_laps.py,function,ec959a186dbd8278df967871b3a34262848e2c5ecc08c20aa12abb30068f0552,右壁追従 | target_deg=-4.214,,250.0,109.10375756190368,77.5678066513606,250.0,182.0170523801184,0,46.75,49.38006927156916,1
46.8,708.504088740977,276.5598225686213,-88.93338355641357,27.25425399070919,-1.6835154408657889,34.07932749327652,-5.26098575270559,417,429,375,435,34.07932749327652,NEUTRAL,program,sonic_drive_three_laps.py,function,ec959a186dbd8278df967871b3a34262848e2c5ecc08c20aa12abb30068f0552,右壁追従 | target_deg=-4.202,,248.85572167314004,107.58345899856418,73.35590288612133,247.98607051949102,178.22771030971472,0,46.8,50.122376520238085,1
46.85,707.1416366985136,276.58681228553877,-88.79689304988474,27.254484407887887,-1.7022253067484723,34.06909553537193,-5.319454083588976,417,429,375,435,34.06909553537193,NEUTRAL,program,sonic_drive_three_laps.py,function,ec959a186dbd8278df967871b3a34262848e2c5ecc08c20aa12abb30068f0552,右壁追従 | target_deg=-4.249,,249.67760630321996,110.8826747546443,75.61886294128472,249.38441596118827,183.3547595422417,0,46.85,50.88558120822867,1
46.9,705.7792972509607,276.6170638383774,-88.65895174559475,27.252874555051086,-1.7203635293603998,34.05917619488103,-5.376136029251249,417,429,375,435,34.05917619488103,NEUTRAL,program,sonic_drive_three_laps.py,function,ec959a186dbd8278df967871b3a34262848e2c5ecc08c20aa12abb30068f0552,右壁追従 | target_deg=-4.294,,248.04319476485293,110.24054651966418,75.37217286688536,249.62413799223472,184.20055909140052,0,46.9,51.668690152724956,1
46.95,704.4170969548778,276.65059129174415,-88.52120770529272,27.2518621621343,-1.7179834713917057,34.06047778908266,-5.36869834809908,417,429,375,435,34.06047778908266,NEUTRAL,program,sonic_drive_three_laps.py,function,ec959a186dbd8278df967871b3a34262848e2c5ecc08c20aa12abb30068f0552,右壁追従 | target_deg=-4.288,,249.62029425409872,112.07078735391384,74.77072850531817,248.31303575745366,181.97336887283652,0,46.95,52.47064947616156,1
47.0,703.0551390851218,276.6874253199494,-88.38042913947696,27.24732872040757,-1.7560096577087412,34.03968221844053,-5.487530180339816,417,429,375,435,34.03968221844053,NEUTRAL,program,sonic_drive_three_laps.py,function,ec959a186dbd8278df967871b3a34262848e2c5ecc08c20aa12abb30068f0552,右壁追従 | target_deg=-4.383,,250.0,108.9422999322755,73.58976921979011,250.0,186.07765783721115,0,47.0,53.29085022277555,1
47.05,701.6933122489257,276.72755392289014,-88.2439075014778,27.249044447668734,-1.7029897773872125,34.06867746549137,-5.321843054335039,417,429,375,435,34.06867746549137,NEUTRAL,program,sonic_drive_three_laps.py,function,ec959a186dbd8278df967871b3a34262848e2c5ecc08c20aa12abb30068f0552,右壁追従 | target_deg=-4.251,,249.39235157825615,111.50720876631853,79.41408486369804,250.0,182.03435171033382,0,47.05,54.127908436344505,1
47.1,700.3314192716446,276.77090371509297,-88.10981213419748,27.253375788697888,-1.672539320917958,34.08533005887299,-5.226685377868619,417,429,375,435,34.08533005887299,NEUTRAL,program,sonic_drive_three_laps.py,function,ec959a186dbd8278df967871b3a34262848e2c5ecc08c20aa12abb30068f0552,右壁追従 | target_deg=-4.175,,250.0,110.21179378887793,78.14302896819476,249.94264616876518,180.48478444904163,0,47.1,54.98146056398557,1
47.15,698.9694497406683,276.81744885164466,-87.97555934105735,27.25655955663586,-1.6742783428820918,34.08437903123636,-5.2321198215065365,417,429,375,435,34.08437903123636,NEUTRAL,program,sonic_drive_three_laps.py,function,ec959a186dbd8278df967871b3a34262848e2c5ecc08c20aa12abb30068f0552,右壁追従 | target_deg=-4.179,,250.0,109.97394171058488,77.06182949652377,250.0,181.8294080502544,0,47.15,55.851044137692654,1
47.2,697.607376383862,276.8671681994067,-87.84339632331499,27.261619689717275,-1.6479701746847653,34.09876631071927,-5.149906795889891,417,429,375,435,34.09876631071927,NEUTRAL,program,sonic_drive_three_laps.py,function,ec959a186dbd8278df967871b3a34262848e2c5ecc08c20aa12abb30068f0552,右壁追従 | target_deg=-4.114,,250.0,112.67188707651883,77.81084015787378,244.97989520112964,178.91520335118267,0,47.2,56.735833681695084,1
47.25,696.2453008391103,276.9200651402415,-87.70861372651815,27.26233556846805,-1.6804656420172623,34.08099535202181,-5.251455131303945,417,429,375,435,34.08099535202181,NEUTRAL,program,sonic_drive_three_laps.py,function,ec959a186dbd8278df967871b3a34262848e2c5ecc08c20aa12abb30068f0552,右壁追従 | target_deg=-4.195,,250.0,110.8566276006206,76.13284011582486,246.2081824189843,183.50110331143577,0,47.25,56.33521422118847,1
47.3,694.883398153061,276.9761881306666,-87.5718242697063,27.260419175578726,-1.705527093919521,34.06728987051276,-5.329772168498503,417,429,375,435,34.06728987051276,NEUTRAL,program,sonic_drive_three_laps.py,function,ec959a186dbd8278df967871b3a34262848e2c5ecc08c20aa12abb30068f0552,右壁追従 | target_deg=-4.257,,249.27963925811622,111.22739403115479,72.90634702502166,56.77547732454396,181.3058192309261,0,47.3,55.354629067114786,1
47.35,693.5216638914392,277.0355445163707,-87.43642503664637,27.26063886554285,-1.6882422561109434,34.07674251618933,-5.275757050346698,417,429,375,435,34.07674251618933,NEUTRAL,program,sonic_drive_three_laps.py,function,ec959a186dbd8278df967871b3a34262848e2c5ecc08c20aa12abb30068f0552,右壁追従 | target_deg=-4.214,,247.737339185962,114.04001232354996,78.48805441126247,54.59719414139295,182.75896001025853,0,47.35,54.38656261464486,1
47.4,692.1599421432948,277.09808628007625,-87.30425870005,27.264796657530923,-1.6477980109537476,34.09886046275967,-5.149368784230461,417,429,375,435,34.09886046275967,NEUTRAL,program,sonic_drive_three_laps.py,function,ec959a186dbd8278df967871b3a34262848e2c5ecc08c20aa12abb30068f0552,右壁追従 | target_deg=-4.114,,250.0,113.11920682431553,80.23473044100956,54.84594622111285,180.3107590577897,0,47.4,53.431714923042044,1
47.45,690.7982650305315,277.1637982028564,-87.17005951896337,27.265532632165517,-1.6730001793248943,34.0850780269317,-5.2281255603902945,417,429,375,435,34.0850780269317,NEUTRAL,program,sonic_drive_three_laps.py,function,ec959a186dbd8278df967871b3a34262848e2c5ecc08c20aa12abb30068f0552,右壁追従 | target_deg=-4.176,,248.37507001003434,113.79535881263335,74.06161333980474,53.265190026407936,180.43828274750024,0,47.45,52.49052951628232,1
47.5,689.4367280239134,277.23270468939614,-87.03548129216702,27.265639269486112,-1.6777009888181607,34.08250727174007,-5.242815590056752,417,429,375,435,34.08250727174007,NEUTRAL,program,sonic_drive_three_laps.py,function,ec959a186dbd8278df967871b3a34262848e2c5ecc08c20aa12abb30068f0552,右壁追従 | target_deg=-4.188,,249.35083709215277,111.66242497809098,78.52757488036607,55.730507886188924,183.722270742854,0,47.5,51.563855868167224,1
47.55,688.0752955501627,277.30479445366984,-86.90239602370438,27.26756309553891,-1.6590264572335718,34.09271990620039,-5.184457678854912,417,429,375,435,34.09271990620039,NEUTRAL,program,sonic_drive_three_laps.py,function,ec959a186dbd8278df967871b3a34262848e2c5ecc08c20aa12abb30068f0552,右壁追従 | target_deg=-4.141,,250.0,113.04643551193497,77.71763693158739,51.40140309070742,180.0625190910696,0,47.55,50.65256876488864,1
47.6,686.7139856587714,277.3800599461187,-86.7683927112316,27.267931598968488,-1.6704039595249771,34.08649783463478,-5.220012373515553,417,429,375,435,34.08649783463478,NEUTRAL,program,sonic_drive_three_laps.py,function,ec959a186dbd8278df967871b3a34262848e2c5ecc08c20aa12abb30068f0552,右壁追従 | target_deg=-4.170,,250.0,114.2728376157564,74.81316661172939,54.74314515409926,180.0324146050211,0,47.6,49.757330767529425,1
47.65,685.3528683125835,277.45851736984355,-86.63363025710902,27.26728309033433,-1.6798766841999535,34.08131743832815,-5.2496146381248545,417,429,375,435,34.08131743832815,NEUTRAL,program,sonic_drive_three_laps.py,function,ec959a186dbd8278df967871b3a34262848e2c5ecc08c20aa12abb30068f0552,右壁追従 | target_deg=-4.193,,249.7754523738501,115.85786598712987,76.84967677405635,52.9238017805235,182.52385614612314,0,47.65,48.8790151302596,1
47.7,683.9918504634018,277.54014454128696,-86.50195296951456,27.27058070297668,-1.6413355579225237,34.10239461676112,-5.1291736185078864,417,429,375,435,34.10239461676112,NEUTRAL,program,sonic_drive_three_laps.py,function,ec959a186dbd8278df967871b3a34262848e2c5ecc08c20aa12abb30068f0552,右壁追従 | target_deg=-4.097,,250.0,114.99523648838748,80.61343470835455,55.26419360891074,180.42255452124465,0,47.7,48.018787568068994,1
47.75,682.6308544684307,277.6249015464185,-86.37097926130191,27.274019329413704,-1.6323679288767923,34.107298788895505,-5.101149777739976,417,429,375,435,34.107298788895505,NEUTRAL,program,sonic_drive_three_laps.py,function,ec959a186dbd8278df967871b3a34262848e2c5ecc08c20aa12abb30068f0552,右壁追従 | target_deg=-4.075,,250.0,116.19471401920272,79.00592305342944,53.771496765417986,180.38339090889383,0,47.75,47.17740654441522,1
47.8,681.2699998577003,277.7128022670065,-86.23755716717686,27.273683021314746,-1.6627953859997586,34.09065877328138,-5.196235581249246,417,429,375,435,34.09065877328138,NEUTRAL,program,sonic_drive_three_laps.py,function,ec959a186dbd8278df967871b3a34262848e2c5ecc08c20aa12abb30068f0552,右壁追従 | target_deg=-4.151,,250.0,113.97648899939455,76.3185773552105,57.27497596841171,182.4335854669301,0,47.8,46.355618135914526,1
47.85,679.9093880725546,277.8038756569942,-86.10361058925265,27.272774289181584,-1.6693698860052744,34.08706334359086,-5.216780893766482,417,429,375,435,34.08706334359086,NEUTRAL,program,sonic_drive_three_laps.py,function,ec959a186dbd8278df967871b3a34262848e2c5ecc08c20aa12abb30068f0552,右壁追従 | target_deg=-4.167,,249.05702332078602,119.34295617566694,75.71810343194443,54.340619807176736,180.52698150137846,0,47.85,45.55462541367794,1
47.9,678.5489500175979,277.8981067866117,-85.97182940855679,27.27473458546002,-1.6423479424781482,34.10184096895726,-5.132337320244213,417,429,375,435,34.10184096895726,NEUTRAL,program,sonic_drive_three_laps.py,function,ec959a186dbd8278df967871b3a34262848e2c5ecc08c20aa12abb30068f0552,右壁追従 | target_deg=-4.100,,249.02187604496783,118.03226573944505,79.58211876329766,52.53122036640262,180.2837118899103,0,47.9,44.77574385514692,1
47.95,677.1886023858756,277.99546180651663,-85.84123701491936,27.27772825178021,-1.6273863366781791,34.11002309712912,-5.08558230211931,417,429,375,435,34.11002309712912,NEUTRAL,program,sonic_drive_three_laps.py,function,ec959a186dbd8278df967871b3a34262848e2c5ecc08c20aa12abb30068f0552,右壁追従 | target_deg=-4.063,,249.7716038494661,118.5979592241838,78.49236295892298,53.883971439763634,179.12700961594658,0,47.95,44.019995335440555,1
48.0,675.8283365342076,278.09592330481604,-85.71101927330777,27.280524182301587,-1.6225492009657057,34.11266840572188,-5.07046625301783,417,429,375,435,34.11266840572188,NEUTRAL,program,sonic_drive_three_laps.py,function,ec959a186dbd8278df967871b3a34262848e2c5ecc08c20aa12abb30068f0552,右壁追従 | target_deg=-4.051,,248.9928953298867,120.13362100425798,77.53788685490595,50.94743239465053,178.5990145186128,0,48.0,43.288466892136746,1
48.05,674.4682711215801,278.1995065378702,-85.5784483288849,27.279804653597736,-1.6518139557788813,34.09666424293342,-5.161918611809004,417,429,375,435,34.09666424293342,NEUTRAL,program,sonic_drive_three_laps.py,function,ec959a186dbd8278df967871b3a34262848e2c5ecc08c20aa12abb30068f0552,右壁追従 | target_deg=-4.124,,249.2320379356065,119.49399158917404,76.81574686140165,53.9730419729698,182.1607193761857,0,48.05,42.5820501011417,1
48.1,673.1084683873395,278.3062312075924,-85.44618575249181,27.279623546490555,-1.647997665869311,34.09875127647772,-5.149992705841597,417,429,375,435,34.09875127647772,NEUTRAL,program,sonic_drive_three_laps.py,function,ec959a186dbd8278df967871b3a34262848e2c5ecc08c20aa12abb30068f0552,右壁追従 | target_deg=-4.114,,250.0,121.37141260885188,77.65928892072057,51.44997903395903,180.38443042034257,0,48.1,41.902273881075054,1
48.15,671.7488977701784,278.4160879631147,-85.31459840109137,27.280314361260608,-1.6395681801608653,34.10336115147453,-5.123650563002704,417,429,375,435,34.10336115147453,NEUTRAL,program,sonic_drive_three_laps.py,function,ec959a186dbd8278df967871b3a34262848e2c5ecc08c20aa12abb30068f0552,右壁追従 | target_deg=-4.093,,250.0,119.89665297527515,78.49136547525244,54.99354008780749,180.35758685938703,0,48.15,41.250430699206625,1
48.2,670.3896457348055,278.52909067638376,-85.18058072210378,27.277858238488705,-1.6699069065961938,34.086769660455204,-5.218459083113106,417,429,375,435,34.086769660455204,NEUTRAL,program,sonic_drive_three_laps.py,function,ec959a186dbd8278df967871b3a34262848e2c5ecc08c20aa12abb30068f0552,右壁追従 | target_deg=-4.169,,250.0,121.70369436228465,75.8903330881973,49.769561842695026,182.44342402867343,0,48.2,40.62736559442983,1
48.25,669.0307054465583,278.64524914074985,-85.04820030589919,27.277960512142922,-1.6495724327371364,34.09789007584688,-5.154913852303551,417,429,375,435,34.09789007584688,NEUTRAL,program,sonic_drive_three_laps.py,function,ec959a186dbd8278df967871b3a34262848e2c5ecc08c20aa12abb30068f0552,右壁追従 | target_deg=-4.118,,248.99947629375473,123.77181111902736,77.52745241429041,53.057692817348936,179.16196840819396,0,48.25,40.034909784147786,1
48.3,667.672073846033,278.76455674847693,-84.91474181942124,27.276711693396248,-1.6630420836855109,34.09052386048449,-5.1970065115172215,417,429,375,435,34.09052386048449,NEUTRAL,program,sonic_drive_three_laps.py,function,ec959a186dbd8278df967871b3a34262848e2c5ecc08c20aa12abb30068f0552,右壁追従 | target_deg=-4.151,,249.15460707905237,121.9032682452829,77.64872245766614,53.8131306083289,182.55845488087667,0,48.3,39.47395362088531,1
48.35,666.3137403241227,278.8870154632786,-84.78226462873045,27.276947165877484,-1.6508421416186696,34.09719570380229,-5.158881692558342,417,429,375,435,34.09719570380229,NEUTRAL,program,sonic_drive_three_laps.py,function,ec959a186dbd8278df967871b3a34262848e2c5ecc08c20aa12abb30068f0552,右壁追従 | target_deg=-4.121,,248.28165032999146,124.90628617923174,77.88145589855914,50.613663738922675,180.18088654860472,0,48.35,38.94609352201135,1
48.4,664.9555742592494,279.01259137751276,-84.65264802827161,27.280655906581348,-1.6150763867958753,34.116755100971005,-5.04711370873711,417,429,375,435,34.116755100971005,NEUTRAL,program,sonic_drive_three_laps.py,function,ec959a186dbd8278df967871b3a34262848e2c5ecc08c20aa12abb30068f0552,右壁追従 | target_deg=-4.032,,250.0,121.87680331773365,79.3391148756302,48.93977793356366,177.70681941686027,0,48.4,38.452947836207535,1
48.45,663.5944674051749,279.1401158299064,-84.6664906178376,27.381153228617965,0.6249236132041247,34.65824489902899,1.9528862912628897,418,437,375,435,34.65824489902899,NEUTRAL,program,sonic_drive_three_laps.py,function,ec959a186dbd8278df967871b3a34262848e2c5ecc08c20aa12abb30068f0552,右壁追従 | target_deg=1.562,,250.0,123.86286979468682,79.27193729980195,48.119204295725396,178.24925455041745,0,48.45,38.02161290691364,1
48.5,662.2354516707712,279.26496254744217,-84.86016085253556,27.238148993821586,2.8649236132041245,33.43324489902899,8.952886291262889,416,444,375,435,33.43324489902899,NEUTRAL,program,sonic_drive_three_laps.py,function,ec959a186dbd8278df967871b3a34262848e2c5ecc08c20aa12abb30068f0552,右壁追従 | target_deg=7.131,,248.34862032368815,125.21468429585688,80.09561820642881,48.742944151461714,180.68373662350703,0,48.5,37.66931317941079,1
48.55,660.8886377144281,279.3820021466469,-85.230776451244,26.906518866361687,5.104923613204124,32.208244899029,15.952886291262889,415,451,375,435,32.208244899029,NEUTRAL,program,sonic_drive_three_laps.py,function,ec959a186dbd8278df967871b3a34262848e2c5ecc08c20aa12abb30068f0552,右壁追従 | target_deg=12.590,,250.0,124.33216247391553,77.58020635844586,50.849771211763375,179.64297207674346,0,48.55,37.407737819328155,1
48.6,659.5618660130722,279.48665901683677,-85.77276796942762,26.428771696177847,7.3449236132041245,30.983244899028996,22.95288629126289,413,459,375,435,30.983244899028996,NEUTRAL,program,sonic_drive_three_laps.py,function,ec959a186dbd8278df967871b3a34262848e2c5ecc08c20aa12abb30068f0552,右壁追従 | target_deg=17.862,,248.05727327092893,124.5815211740447,78.7331257512838,48.43832820147676,181.6962678196734,0,48.6,37.24591401900489,1
48.65,658.2566173352803,279.5760396744458,-86.39247643768749,25.99410249226954,8.0,30.625,25.0,413,461,375,435,30.625,NEUTRAL,program,sonic_drive_three_laps.py,function,ec959a186dbd8278df967871b3a34262848e2c5ecc08c20aa12abb30068f0552,右壁追従 | target_deg=19.359,,247.99251250878035,121.16032556679556,78.47958845753222,48.85538639510326,179.19681803838208,0,48.65,37.17001237978085,1
48.7,656.9638634536761,279.65189844346975,-86.8677664832689,25.837679117567678,5.76,31.625,18.0,414,453,375,435,31.625,NEUTRAL,program,sonic_drive_three_laps.py,function,ec959a186dbd8278df967871b3a34262848e2c5ecc08c20aa12abb30068f0552,右壁追従 | target_deg=14.154,,248.29123116271643,120.76754278754537,80.2745846329939,54.98198135190107,178.60998288283514,0,48.7,37.12766575819407,1
48.75,655.6719323990155,279.718911654883,-87.17062387123862,25.896795916803864,3.52,32.625,11.0,415,446,375,435,32.625,NEUTRAL,program,sonic_drive_three_laps.py,function,ec959a186dbd8278df967871b3a34262848e2c5ecc08c20aa12abb30068f0552,右壁追従 | target_deg=8.743,,250.0,117.93978592194976,77.52565203072794,49.077294903721494,179.51455159596952,0,48.75,37.10263373209873,1
48.8,654.3717658533077,279.781397902461,-87.30329987328291,26.122878620663812,1.28,33.625,4.0,417,439,375,435,33.625,NEUTRAL,program,sonic_drive_three_laps.py,function,ec959a186dbd8278df967871b3a34262848e2c5ecc08c20aa12abb30068f0552,右壁追従 | target_deg=3.197,,248.02770901842158,118.02435181163793,79.91539429362768,52.41758127130044,179.38909341529262,0,48.8,37.08747365738995,1
48.85,653.0571711320786,279.84350232433536,-87.26392818288289,26.451256412192457,-0.96,34.475,-3.0,418,431,375,435,34.475,NEUTRAL,program,sonic_drive_three_laps.py,function,ec959a186dbd8278df967871b3a34262848e2c5ecc08c20aa12abb30068f0552,右壁追従 | target_deg=-2.399,,248.27789156378927,119.03674482825528,79.46234785644603,51.69202244192737,179.7655967516854,0,48.85,37.071502736155836,1
48.9,651.7304630838046,279.9083706238233,-87.13767014593554,26.64100453246772,-1.6154700017826906,34.11653984277509,-5.048343755570908,417,429,375,435,34.11653984277509,NEUTRAL,program,sonic_drive_three_laps.py,function,ec959a186dbd8278df967871b3a34262848e2c5ecc08c20aa12abb30068f0552,右壁追従 | target_deg=-4.033,,249.7144871067661,119.21802263458052,80.53347268070573,50.38322874180162,182.30269107102038,0,48.9,37.04323193445229,1
48.95,650.3957270278615,279.9765923838534,-87.01035588673078,26.78764231363292,-1.61900549826168,34.11460636813815,-5.05939218206775,417,429,375,435,34.11460636813815,NEUTRAL,program,sonic_drive_three_laps.py,function,ec959a186dbd8278df967871b3a34262848e2c5ecc08c20aa12abb30068f0552,右壁追従 | target_deg=-4.042,,249.54054054491766,119.59482585792864,79.1419886871075,49.43608986096685,180.58433225218266,0,48.95,37.01744165647148,1
49.0,649.0547646078203,280.0481099387721,-86.88391664672316,26.90308417044456,-1.6002372729899577,34.12487024133362,-5.000741478093618,417,429,375,435,34.12487024133362,NEUTRAL,program,sonic_drive_three_laps.py,function,ec959a186dbd8278df967871b3a34262848e2c5ecc08c20aa12abb30068f0552,右壁追従 | target_deg=-3.995,,249.04349758938014,120.07924179187424,80.58127801273464,51.456514686339624,179.2450916908685,0,49.0,36.994543019022124,1
49.05,647.7089567645986,280.1228615031734,-86.75774205833551,26.993425438090195,-1.5909522401217089,34.12994799368344,-4.97172575038034,417,429,375,435,34.12994799368344,NEUTRAL,program,sonic_drive_three_laps.py,function,ec959a186dbd8278df967871b3a34262848e2c5ecc08c20aa12abb30068f0552,右壁追従 | target_deg=-3.972,,249.71428788317374,119.9329905379332,78.47907638109774,50.13055455473556,177.24521562571016,0,49.05,36.9744147682344,1
49.1,646.3546247431145,280.19990970591925,-86.74207255362585,27.220267715155295,0.0,35.0,0.0,418,435,375,435,35.0,NEUTRAL,program,sonic_drive_three_laps.py,function,ec959a186dbd8278df967871b3a34262848e2c5ecc08c20aa12abb30068f0552,右壁追従 | target_deg=0.000,,250.0,122.80135696849551,81.16280774472894,51.75926545810115,38.9700686997453,0,49.1,36.972126883841476,1
49.15,644.9905128169463,280.27755894322735,-86.74207255362585,27.395988673828988,0.0,35.0,0.0,418,435,375,435,35.0,NEUTRAL,program,sonic_drive_three_laps.py,function,ec959a186dbd8278df967871b3a34262848e2c5ecc08c20aa12abb30068f0552,右壁追従 | target_deg=0.000,,250.0,121.25962704779054,81.26077170216843,50.83198931700875,38.000790596503414,0,49.15,36.972126883841504,1
49.2,643.6254021418919,280.3538369541428,-86.88579004638218,27.311255629552335,2.24,33.775,7.0,417,442,375,435,33.775,NEUTRAL,program,sonic_drive_three_laps.py,function,ec959a186dbd8278df967871b3a34262848e2c5ecc08c20aa12abb30068f0552,右壁追従 | target_deg=5.585,,247.05920582714833,121.34517856231243,79.87381061357704,48.525132215176086,36.020887004172636,0,49.2,36.984544615148906,1
49.25,642.2703101347454,280.42403306157695,-87.20762864203158,27.024764660425983,4.48,32.55,14.0,415,449,375,435,32.55,NEUTRAL,program,sonic_drive_three_laps.py,function,ec959a186dbd8278df967871b3a34262848e2c5ecc08c20aa12abb30068f0552,右壁追従 | target_deg=11.083,,249.65645188134386,116.9034057953465,77.98627860249083,47.38701174241289,37.06599186100239,0,49.25,37.00393341052491,1
49.3,640.921799312485,280.4869987198993,-87.42170871215134,26.983125980214687,2.24,33.55,7.0,416,442,375,435,33.55,NEUTRAL,program,sonic_drive_three_laps.py,function,ec959a186dbd8278df967871b3a34262848e2c5ecc08c20aa12abb30068f0552,右壁追従 | target_deg=5.585,,248.64424479061043,118.81132936842064,80.8610489011122,53.31137534724011,38.279881820735504,0,49.3,37.011380860132256,1
49.35,639.5695110426801,280.5471832934781,-87.45774666626222,27.13115952291647,0.0,34.55,0.0,418,435,375,435,34.55,NEUTRAL,program,sonic_drive_three_laps.py,function,ec959a186dbd8278df967871b3a34262848e2c5ecc08c20aa12abb30068f0552,右壁追従 | target_deg=0.000,,248.20319610293518,117.76150161840961,78.42916486481259,52.433896190718464,38.81547647122138,0,49.35,37.011951465003605,1
49.4,638.2083808112692,280.6076172476687,-87.45774666626222,27.326961959900384,0.0,35.0,0.0,418,435,375,435,35.0,NEUTRAL,program,sonic_drive_three_laps.py,function,ec959a186dbd8278df967871b3a34262848e2c5ecc08c20aa12abb30068f0552,右壁追従 | target_deg=0.000,,250.0,116.13772529003519,79.1670085236901,51.33699077320399,39.36891903374365,0,49.4,37.01195146500354,1
49.45,636.8407039775107,280.66771699631494,-87.51000009214509,27.41466492652904,0.6488476203525425,34.64516145761971,2.0276488136016955,418,437,375,435,34.64516145761971,NEUTRAL,program,sonic_drive_three_laps.py,function,ec959a186dbd8278df967871b3a34262848e2c5ecc08c20aa12abb30068f0552,右壁追従 | target_deg=1.622,,249.47329213787756,118.73456042747559,79.8520522621874,51.46056114033123,37.16679232031785,0,49.45,37.00985013185526,1
49.5,635.4691993272339,280.726726338215,-87.56270740049399,27.482224981480833,0.6526826509169676,34.64306417527978,2.039633284115524,418,437,375,435,34.64306417527978,NEUTRAL,program,sonic_drive_three_laps.py,function,ec959a186dbd8278df967871b3a34262848e2c5ecc08c20aa12abb30068f0552,右壁追従 | target_deg=1.631,,250.0,119.83998504975214,80.89791588116039,49.40209339990152,39.82918855039094,0,49.5,37.00642772988848,1
49.55,634.0947604849518,280.78458227615397,-87.61649574285298,27.533377513649732,0.6646725384025894,34.63650720556108,2.077101682508092,418,437,375,435,34.63650720556108,NEUTRAL,program,sonic_drive_three_laps.py,function,ec959a186dbd8278df967871b3a34262848e2c5ecc08c20aa12abb30068f0552,右壁追従 | target_deg=1.661,,249.930103188445,117.16759695794238,80.40945384522368,50.270320052858885,38.004337607188276,0,49.55,37.00160185138881,1
49.6,632.7180288396797,280.84124942771217,-87.66950363629974,27.57405810863676,0.6539638135574353,34.64236353946078,2.0436369173669853,418,437,375,435,34.64236353946078,NEUTRAL,program,sonic_drive_three_laps.py,function,ec959a186dbd8278df967871b3a34262848e2c5ecc08c20aa12abb30068f0552,右壁追従 | target_deg=1.635,,249.10680883100812,118.54445431710985,81.48116523241765,52.351647576114054,41.379285991409446,0,49.6,36.99552957119469,1
49.65,631.3395221913253,280.89670052410116,-87.72347928499507,27.604475886507817,0.6650699503348934,34.6362898709106,2.0783435947965416,418,437,375,435,34.6362898709106,NEUTRAL,program,sonic_drive_three_laps.py,function,ec959a186dbd8278df967871b3a34262848e2c5ecc08c20aa12abb30068f0552,右壁追従 | target_deg=1.662,,250.0,116.08884358342219,80.48159885409851,52.38603481177613,38.115260467538704,0,49.65,36.988004034746666,1
49.7,629.9596412098399,280.9509075819638,-87.77723492145813,27.628368553548054,0.661724366672053,34.63811948697622,2.0678886458501657,418,437,375,435,34.63811948697622,NEUTRAL,program,sonic_drive_three_laps.py,function,ec959a186dbd8278df967871b3a34262848e2c5ecc08c20aa12abb30068f0552,右壁追従 | target_deg=1.654,,250.0,118.1138240166859,79.23125270193111,49.08605094005932,38.11430898446236,0,49.7,36.979170523232156,1
49.75,628.5786832450863,281.00385736092403,-87.83115647745336,27.64672404593239,0.6632732052637295,34.6372724658714,2.0727287664491545,418,437,375,435,34.6372724658714,NEUTRAL,program,sonic_drive_three_laps.py,function,ec959a186dbd8278df967871b3a34262848e2c5ecc08c20aa12abb30068f0552,右壁追従 | target_deg=1.658,,247.15465691142128,120.0250288341407,79.31138689915326,51.10607629545355,37.74531964653822,0,49.75,36.96896588804931,1
49.8,627.1968920657362,281.0555336581233,-87.8853387830776,27.66066400087552,0.6661022669863845,34.63572532274182,2.0815695843324518,418,437,375,435,34.63572532274182,NEUTRAL,program,sonic_drive_three_laps.py,function,ec959a186dbd8278df967871b3a34262848e2c5ecc08c20aa12abb30068f0552,右壁追従 | target_deg=1.665,,250.0,117.89288439366206,79.26844228848547,52.256970348938616,37.433402826511525,0,49.8,36.95736052718714,1
49.85,625.8144952122924,281.10590846655776,-87.94076949831708,27.669976441760067,0.6811739530090738,34.627482994448165,2.1286686031533555,418,437,375,435,34.627482994448165,NEUTRAL,program,sonic_drive_three_laps.py,function,ec959a186dbd8278df967871b3a34262848e2c5ecc08c20aa12abb30068f0552,右壁追従 | target_deg=1.703,,249.7302379704292,119.91574512439195,81.34419392391753,50.58001125200201,37.68589843753394,0,49.85,36.94632044623489,1
49.9,624.4316842361411,281.1549466338714,-87.99721025476374,27.675984643764558,0.6934015301715216,34.62079603818745,2.166879781786005,418,437,375,435,34.62079603818745,NEUTRAL,program,sonic_drive_three_laps.py,function,ec959a186dbd8278df967871b3a34262848e2c5ecc08c20aa12abb30068f0552,右壁追従 | target_deg=1.733,,249.22428436557564,116.89841912086739,80.91724845270737,51.740518754016215,36.69946032531921,0,49.9,36.97259747617431,1
49.95,623.0485796141941,281.20262649516326,-88.05403073524052,27.68019115601328,0.6979420881932716,34.6183129205193,2.181069025603974,418,437,375,435,34.6183129205193,NEUTRAL,program,sonic_drive_three_laps.py,function,ec959a186dbd8278df967871b3a34262848e2c5ecc08c20aa12abb30068f0552,右壁追従 | target_deg=1.744,,250.0,118.10381698255183,80.56291157030576,53.209687822143124,36.614682572575205,0,49.95,37.0493025790466,1
50.0,621.6652629504813,281.2489347556741,-88.11130510921384,27.68290832806879,0.7034327969680493,34.615310189158095,2.198227490525154,418,437,375,435,34.615310189158095,NEUTRAL,program,sonic_drive_three_laps.py,function,ec959a186dbd8278df967871b3a34262848e2c5ecc08c20aa12abb30068f0552,右壁追従 | target_deg=1.758,,247.53648444828465,120.28019867794075,80.77329287714234,50.1527341137332,36.413498728919,0,50.0,37.17616091135028,1
50.05,620.2818371977139,281.2938442350956,-88.170070553222,27.68321100195254,0.7217111024730631,34.60531424083504,2.2553471952283224,418,437,375,435,34.60531424083504,NEUTRAL,program,sonic_drive_three_laps.py,function,ec959a186dbd8278df967871b3a34262848e2c5ecc08c20aa12abb30068f0552,右壁追従 | target_deg=1.804,,250.0,118.21831587647026,81.51751694355012,51.122893494649205,35.09482364299234,0,50.05,37.31419550284335,1
50.1,618.8982241668124,281.3373822379893,-88.22527856478277,27.68775956010979,0.67795550637772,34.62924308244968,2.118610957430375,418,437,375,435,34.62924308244968,NEUTRAL,program,sonic_drive_three_laps.py,function,ec959a186dbd8278df967871b3a34262848e2c5ecc08c20aa12abb30068f0552,右壁追従 | target_deg=1.694,,250.0,116.70324070634827,77.9603742048815,50.99314107071208,38.7378671079681,0,50.1,37.283837634962765,1
50.15,617.5144007942491,281.3795829600963,-88.28124938294152,27.690367833872216,0.6872380856909319,34.62416667188777,2.1476190177841623,418,437,375,435,34.62416667188777,NEUTRAL,program,sonic_drive_three_laps.py,function,ec959a186dbd8278df967871b3a34262848e2c5ecc08c20aa12abb30068f0552,右壁追従 | target_deg=1.718,,250.0,117.97464077058001,81.66511695694025,49.483312897399834,38.04453745548553,0,50.15,37.25500904135066,1
50.2,616.130470558796,281.4204182925486,-88.33850285436951,27.69083897318528,0.7029521472878599,34.61557304445195,2.1967254602745623,418,437,375,435,34.61557304445195,NEUTRAL,program,sonic_drive_three_laps.py,function,ec959a186dbd8278df967871b3a34262848e2c5ecc08c20aa12abb30068f0552,右壁追従 | target_deg=1.757,,250.0,117.83392415924698,80.04377558497103,51.70570770384641,34.97810205743379,0,50.2,37.22786256273554,1
50.25,614.746424507036,281.4598913041372,-88.3942300392933,27.693055107819806,0.6841766880701311,34.625840873711645,2.13805215021916,418,437,375,435,34.625840873711645,NEUTRAL,program,sonic_drive_three_laps.py,function,ec959a186dbd8278df967871b3a34262848e2c5ecc08c20aa12abb30068f0552,右壁追従 | target_deg=1.710,,248.77469872254082,116.56472552548055,79.42556100956112,50.47579916518413,38.01605461881042,0,50.25,37.201723456752575,1
50.3,613.3622123822412,281.4980325154243,-88.4490607025162,27.695863100194387,0.6731083358448899,34.63189387883483,2.103463549515281,418,437,375,435,34.63189387883483,NEUTRAL,program,sonic_drive_three_laps.py,function,ec959a186dbd8278df967871b3a34262848e2c5ecc08c20aa12abb30068f0552,右壁追従 | target_deg=1.682,,250.0,117.55046636405632,79.5749672311821,52.32931372143831,38.30244284033482,0,50.3,37.17671123087575,1
50.35,611.9778930844196,281.5348342443951,-88.50527314564981,27.696369461264,0.6900343028079354,34.62263749065191,2.156357196274798,418,437,375,435,34.62263749065191,NEUTRAL,program,sonic_drive_three_laps.py,function,ec959a186dbd8278df967871b3a34262848e2c5ecc08c20aa12abb30068f0552,右壁追従 | target_deg=1.725,,250.0,118.44453095867782,80.11260855041134,51.25359633085659,35.767062251561484,0,50.35,37.15337921281986,1
50.4,610.5935238007686,281.5702757341494,-88.56168819450505,27.696517232188718,0.69251389723305,34.621281462450675,2.164105928853281,418,437,375,435,34.621281462450675,NEUTRAL,program,sonic_drive_three_laps.py,function,ec959a186dbd8278df967871b3a34262848e2c5ecc08c20aa12abb30068f0552,右壁追従 | target_deg=1.731,,250.0,120.76058101880707,80.33622864259345,49.82619527050625,36.875618417806244,0,50.4,37.13146601029507,1
50.45,609.209097801981,281.6043600334745,-88.61765967488228,27.69716960316744,0.6870582422834819,34.62426502375122,2.147057007135881,418,437,375,435,34.62426502375122,NEUTRAL,program,sonic_drive_three_laps.py,function,ec959a186dbd8278df967871b3a34262848e2c5ecc08c20aa12abb30068f0552,右壁追従 | target_deg=1.717,,250.0,118.01277555540335,80.21972923538522,51.51287733789541,37.671310108445695,0,50.45,37.11081354538885,1
50.5,607.8245963039607,281.63709778128157,-88.67322761056455,27.698165395264734,0.6820839689144168,34.626985329499924,2.1315124028575525,418,437,375,435,34.626985329499924,NEUTRAL,program,sonic_drive_three_laps.py,function,ec959a186dbd8278df967871b3a34262848e2c5ecc08c20aa12abb30068f0552,右壁追従 | target_deg=1.705,,250.0,117.0495245013184,79.7554717381251,51.65848289018361,37.48329282360042,0,50.5,37.09142054702369,1
50.55,606.4401098679974,281.66846202020406,-88.7312522765533,27.695961478985794,0.7122608311209886,34.61048235798071,2.2258150972530895,418,437,375,435,34.61048235798071,NEUTRAL,program,sonic_drive_three_laps.py,function,ec959a186dbd8278df967871b3a34262848e2c5ecc08c20aa12abb30068f0552,右壁追従 | target_deg=1.780,,250.0,115.358617629737,83.10993438726143,50.03690771547525,36.42137483274457,0,50.55,37.074001407640765,1
50.6,605.0556600426983,281.69843187963323,-88.78851582800966,27.695171923264947,0.7029532391156159,34.615572447358645,2.1967288722363,418,437,375,435,34.615572447358645,NEUTRAL,program,sonic_drive_three_laps.py,function,ec959a186dbd8278df967871b3a34262848e2c5ecc08c20aa12abb30068f0552,右壁追従 | target_deg=1.757,,247.40515072577273,116.08584404579113,80.4114014901006,51.68228176042382,37.1468237100505,0,50.6,37.05780409311012,1
50.65,603.671155707594,281.72703832665354,-88.8441452500178,27.696539197685208,0.6828823446714766,34.626548717757785,2.1340073270983644,418,437,375,435,34.626548717757785,NEUTRAL,program,sonic_drive_three_laps.py,function,ec959a186dbd8278df967871b3a34262848e2c5ecc08c20aa12abb30068f0552,右壁追従 | target_deg=1.707,,249.9978350680786,117.776462569609,79.13490860399914,51.62797857992065,37.899549558041166,0,50.65,37.04258701036383,1
50.7,602.2866218348986,281.7542817144403,-88.9013346365748,27.695710586768048,0.702028855537322,34.61607796962803,2.1938401735541313,418,437,375,435,34.61607796962803,NEUTRAL,program,sonic_drive_three_laps.py,function,ec959a186dbd8278df967871b3a34262848e2c5ecc08c20aa12abb30068f0552,右壁追従 | target_deg=1.755,,250.0,118.84943127658292,81.95132127956329,50.965048908550564,36.696271334803576,0,50.7,37.02911855485564,1
50.75,600.9021596178258,281.78012058636426,-88.96023726818144,27.692990302520684,0.7231090705704769,34.60454972703177,2.25971584553274,418,437,375,435,34.60454972703177,NEUTRAL,program,sonic_drive_three_laps.py,function,ec959a186dbd8278df967871b3a34262848e2c5ecc08c20aa12abb30068f0552,右壁追従 | target_deg=1.807,,249.1539715441596,116.4759581790059,83.47913807520686,50.92601566362309,36.76737852252855,0,50.75,37.01747796888077,1
50.8,599.517779379717,281.8045375265521,-89.01886912991513,27.691205242551824,0.7198413753777728,34.60633674784028,2.24950429805554,418,437,375,435,34.60633674784028,NEUTRAL,program,sonic_drive_three_laps.py,function,ec959a186dbd8278df967871b3a34262848e2c5ecc08c20aa12abb30068f0552,右壁追従 | target_deg=1.799,,250.0,117.2234983177843,80.91223411806104,51.99825610035308,36.15737061643395,0,50.8,37.0072048073942,1
50.85,598.133424963002,281.82754596444244,-89.07675580165233,27.690721885374142,0.7107190259720518,34.611325532671536,2.220996956162662,418,437,375,435,34.611325532671536,NEUTRAL,program,sonic_drive_three_laps.py,function,ec959a186dbd8278df967871b3a34262848e2c5ecc08c20aa12abb30068f0552,右壁追従 | target_deg=1.776,,250.0,115.33649610966559,81.222744238192,54.33857717934057,37.45947023727778,0,50.85,36.99817090368356,1
50.9,596.749104846678,281.84914295097485,-89.13562905851568,27.689150357501262,0.7228605851630011,34.60468561748898,2.2589393286343786,418,437,375,435,34.60468561748898,NEUTRAL,program,sonic_drive_three_laps.py,function,ec959a186dbd8278df967871b3a34262848e2c5ecc08c20aa12abb30068f0552,右壁追従 | target_deg=1.807,,250.0,117.99912755257903,82.55869117438289,51.81362692638446,36.50590404581761,0,50.9,36.99079732926015,1
50.95,595.3648437226952,281.86931218402754,-89.19484466078619,27.6875144298964,0.7271058214679207,34.60236400388473,2.272205692087252,418,437,375,435,34.60236400388473,NEUTRAL,program,sonic_drive_three_laps.py,function,ec959a186dbd8278df967871b3a34262848e2c5ecc08c20aa12abb30068f0552,右壁追従 | target_deg=1.817,,249.5933714523699,115.6263092057075,82.37248832647747,51.140137414309045,36.62278449979066,0,50.95,36.98494509102363,1
51.0,593.9806679706958,281.88803783066885,-89.25501248507663,27.685088939669612,0.7388532027847151,34.595939654727104,2.3089162587022347,418,437,375,435,34.595939654727104,NEUTRAL,program,sonic_drive_three_laps.py,function,ec959a186dbd8278df967871b3a34262848e2c5ecc08c20aa12abb30068f0552,右壁追従 | target_deg=1.847,,249.24867699720295,116.86443351702431,82.1295142284819,49.293369419986014,35.10556308173351,0,51.0,36.98077781943243,1
51.05,592.5965096818012,281.90533216642996,-89.31330026068937,27.68548422447983,0.7157875434885692,34.60855368715469,2.2368360734017787,418,437,375,435,34.60855368715469,NEUTRAL,program,sonic_drive_three_laps.py,function,ec959a186dbd8278df967871b3a34262848e2c5ecc08c20aa12abb30068f0552,右壁追従 | target_deg=1.789,,250.0,117.23405620304628,80.71876030765338,51.27103265062776,37.64240211994056,0,51.05,36.9775976637556,1
51.1,591.2122387323471,281.9212455313167,-89.36943091323698,27.688406673932466,0.6892523341331427,34.623065129770936,2.153913544166071,418,437,375,435,34.623065129770936,NEUTRAL,program,sonic_drive_three_laps.py,function,ec959a186dbd8278df967871b3a34262848e2c5ecc08c20aa12abb30068f0552,右壁追従 | target_deg=1.723,,250.0,115.96404921812996,80.02073398026977,49.77432586546047,38.852579200015384,0,51.1,36.975286084622155,1
51.15,589.8278945597092,281.9357808239929,-89.4274285117997,27.68841339258954,0.7121451729223576,34.610545608558084,2.2254536653823673,418,437,375,435,34.610545608558084,NEUTRAL,program,sonic_drive_three_laps.py,function,ec959a186dbd8278df967871b3a34262848e2c5ecc08c20aa12abb30068f0552,右壁追従 | target_deg=1.780,,249.16145031224846,115.82286039130358,82.69885216802231,52.095821149558525,36.541855927848516,0,51.15,36.97481521904149,1
51.2,588.4435581613834,281.94890729674927,-89.48603074488683,27.68768556011746,0.7195799815867803,34.606479697569725,2.2486874424586882,418,437,375,435,34.606479697569725,NEUTRAL,program,sonic_drive_three_laps.py,function,ec959a186dbd8278df967871b3a34262848e2c5ecc08c20aa12abb30068f0552,右壁追従 | target_deg=1.798,,250.0,114.06988139926865,79.22981353200201,52.716615274414444,33.72087584889384,0,51.2,36.975910349651144,1
51.25,587.0592174253436,281.9606254407172,-89.54399973756618,27.68788788910695,0.7118094603959605,34.61072920134596,2.2244045637373766,418,437,375,435,34.61072920134596,NEUTRAL,program,sonic_drive_three_laps.py,function,ec959a186dbd8278df967871b3a34262848e2c5ecc08c20aa12abb30068f0552,右壁追従 | target_deg=1.779,,248.63630155649096,115.11110986688605,83.17795944265855,51.02589895846371,39.24922300310371,0,51.25,36.97827055530121,1
51.3,585.6747830698887,281.970967974173,-89.59995029434586,27.690492076547574,0.6869862076808003,34.62430441767456,2.146831899002501,418,437,375,435,34.62430441767456,NEUTRAL,program,sonic_drive_three_laps.py,function,ec959a186dbd8278df967871b3a34262848e2c5ecc08c20aa12abb30068f0552,右壁追従 | target_deg=1.717,,249.94755383635118,117.67559261966193,80.22175283821919,53.71487024164287,39.071997113614195,0,51.3,36.98152599008324,1
51.35,584.2902161158039,281.9799628491144,-89.6556131586143,27.692863623846556,0.6833933257904998,34.626269274958325,2.135604143095312,418,437,375,435,34.626269274958325,NEUTRAL,program,sonic_drive_three_laps.py,function,ec959a186dbd8278df967871b3a34262848e2c5ecc08c20aa12abb30068f0552,右壁追従 | target_deg=1.708,,250.0,113.37246087762071,80.69805121447231,51.71038779087306,38.244599119829175,0,51.35,36.98606871870771,1
51.4,582.9055892590985,281.9875961104715,-89.71266541115897,27.693021622105917,0.7004235094276418,34.616955893281755,2.1888234669613804,418,437,375,435,34.616955893281755,NEUTRAL,program,sonic_drive_three_laps.py,function,ec959a186dbd8278df967871b3a34262848e2c5ecc08c20aa12abb30068f0552,右壁追従 | target_deg=1.751,,250.0,114.62170465065388,82.60524968431538,52.20296913124628,37.60287601669999,0,51.4,36.9923208465774,1
51.45,581.5209199421366,281.99386027852586,-89.76893219656664,27.69409643376432,0.6907636146540004,34.62223864823609,2.1586362957937513,418,437,375,435,34.62223864823609,NEUTRAL,program,sonic_drive_three_laps.py,function,ec959a186dbd8278df967871b3a34262848e2c5ecc08c20aa12abb30068f0552,右壁追従 | target_deg=1.726,,248.5398250050172,116.6299838906905,81.96497824514408,52.10493245996886,39.48761223067086,0,51.45,36.99976068006663,1
51.5,580.1362087372444,281.99876143630223,-89.82547495251809,27.694596818109005,0.6941330162812407,34.620396006721194,2.1691656758788773,418,437,375,435,34.620396006721194,NEUTRAL,program,sonic_drive_three_laps.py,function,ec959a186dbd8278df967871b3a34262848e2c5ecc08c20aa12abb30068f0552,右壁追従 | target_deg=1.735,,249.80937962144134,116.87332090687782,79.625333926082,52.376554550771075,35.99947669160041,0,51.5,37.00864050742433,1
51.55,578.751476337706,282.00229459874265,-89.88214385247404,27.694832611701404,0.6956728854136809,34.6195538907894,2.1739777669177527,418,437,375,435,34.6195538907894,NEUTRAL,program,sonic_drive_three_laps.py,function,ec959a186dbd8278df967871b3a34262848e2c5ecc08c20aa12abb30068f0552,右壁追従 | target_deg=1.739,,249.5837982218393,113.6733212052055,79.87692399488951,49.18177561766757,36.28652239234667,0,51.55,37.018928887893935,1
51.6,577.3668184133652,282.0044291628667,-89.9412039703011,27.692117330775968,0.7250651246611339,34.60348000995094,2.2658285145660435,418,437,375,435,34.60348000995094,NEUTRAL,program,sonic_drive_three_laps.py,function,ec959a186dbd8278df967871b3a34262848e2c5ecc08c20aa12abb30068f0552,右壁追従 | target_deg=1.812,,250.0,116.5941268119089,82.33310731301773,54.47601343843474,34.900759876706,0,51.6,37.03120952465059,1
51.65,575.9822833260882,282.00513411047694,-90.00045078482471,27.689781570945993,0.7274221982882788,34.6021909853111,2.2731943696508714,418,437,375,435,34.6021909853111,NEUTRAL,program,sonic_drive_three_laps.py,function,ec959a186dbd8278df967871b3a34262848e2c5ecc08c20aa12abb30068f0552,右壁追従 | target_deg=1.818,,250.0,116.15887285285356,81.9280116423364,52.54394795591425,36.29445216454217,0,51.65,37.04475574232083,1
51.7,574.5978314723915,282.00441330147186,-90.05921082057394,27.688557124428936,0.721489611720525,34.605435368590335,2.2546550366266405,418,437,375,435,34.605435368590335,NEUTRAL,program,sonic_drive_three_laps.py,function,ec959a186dbd8278df967871b3a34262848e2c5ecc08c20aa12abb30068f0552,右壁追従 | target_deg=1.803,,250.0,110.65392694406526,82.6900321549022,49.83157419160462,38.023983984273855,0,51.7,37.03112410812082,1
51.75,573.2134453246958,282.0022690437176,-90.11827841747491,27.687233005674788,0.7252992696716977,34.60335196189829,2.2665602177240554,418,437,375,435,34.60335196189829,NEUTRAL,program,sonic_drive_three_laps.py,function,ec959a186dbd8278df967871b3a34262848e2c5ecc08c20aa12abb30068f0552,右壁追従 | target_deg=1.813,,250.0,113.77212928728127,82.20718741099424,52.5057366439353,36.60174783559431,0,51.75,37.01885141499565,1
51.8,571.8291027022423,281.99870320131515,-90.17689022776803,27.686756957277858,0.7197242954307417,34.606400775936315,2.249138423221068,418,437,375,435,34.606400775936315,NEUTRAL,program,sonic_drive_three_laps.py,function,ec959a186dbd8278df967871b3a34262848e2c5ecc08c20aa12abb30068f0552,右壁追従 | target_deg=1.799,,250.0,113.18877160438595,81.69115317335621,52.03639613483068,37.109694829733144,0,51.8,37.0081220884893,1
51.85,570.4446800451013,281.99375552218316,-90.23263777916199,27.689859724252948,0.6845143648445666,34.62565620672563,2.1391073901392708,418,437,375,435,34.62565620672563,NEUTRAL,program,sonic_drive_three_laps.py,function,ec959a186dbd8278df967871b3a34262848e2c5ecc08c20aa12abb30068f0552,右壁追従 | target_deg=1.711,,248.42995708932204,112.3418353160381,80.3304050429317,52.32607912749346,40.08281630465853,0,51.85,36.95950077699562,1
51.9,569.0601520442777,281.9874526158433,-90.28902366364474,27.69149600152101,0.6922961595011761,34.62140053777279,2.163425498441175,418,437,375,435,34.62140053777279,NEUTRAL,program,sonic_drive_three_laps.py,function,ec959a186dbd8278df967871b3a34262848e2c5ecc08c20aa12abb30068f0552,右壁追従 | target_deg=1.730,,249.23138302087912,114.43893771650836,82.89088463933344,51.669203113963995,39.06220832377971,0,51.9,36.63458180727055,1
51.95,567.6755133634423,281.97980193165955,-90.34413422699974,27.69431286207019,0.6765820621562962,34.629994184758274,2.1143189442384256,418,437,375,435,34.629994184758274,NEUTRAL,program,sonic_drive_three_laps.py,function,ec959a186dbd8278df967871b3a34262848e2c5ecc08c20aa12abb30068f0552,右壁追従 | target_deg=1.691,,249.41996017653565,114.99323735129575,80.87999775162301,53.995226908857404,39.72478576218859,0,51.95,36.358065484274526,1
52.0,566.2908594792698,281.9707867770898,-90.40193382077972,27.693241522906774,0.7095794875396852,34.61194871775174,2.2174358985615163,418,437,375,435,34.61194871775174,NEUTRAL,program,sonic_drive_three_laps.py,function,ec959a186dbd8278df967871b3a34262848e2c5ecc08c20aa12abb30068f0552,右壁追従 | target_deg=1.773,,250.0,114.4795767553448,81.71367473504252,51.10294981736295,34.989663140147044,0,52.0,36.13186103814743,1
52.05,564.906156394826,281.96040904482896,-90.4568627457128,27.695888797217165,0.6743123229755319,34.631235448372756,2.1072260092985373,418,437,375,435,34.631235448372756,NEUTRAL,program,sonic_drive_three_laps.py,function,ec959a186dbd8278df967871b3a34262848e2c5ecc08c20aa12abb30068f0552,右壁追従 | target_deg=1.685,,249.51495480392245,113.24049371335832,79.05946043333647,51.80408401179206,39.45361925461194,0,52.05,35.95567123865757,1
52.1,563.5215102097955,281.9486512625509,-90.51617299001354,27.692634660231256,0.728116319824034,34.601811387596236,2.275363499450106,418,437,375,435,34.601811387596236,NEUTRAL,program,sonic_drive_three_laps.py,function,ec959a186dbd8278df967871b3a34262848e2c5ecc08c20aa12abb30068f0552,右壁追従 | target_deg=1.820,,250.0,113.39166484154353,82.42802000526873,53.402785330009046,33.047711766855706,0,52.1,35.831826234965995,1
52.15,562.1369713344822,281.93547631620766,-90.57422042699002,27.691637416758084,0.7126638638589392,34.61026194945214,2.227074574559185,418,437,375,435,34.61026194945214,NEUTRAL,program,sonic_drive_three_laps.py,function,ec959a186dbd8278df967871b3a34262848e2c5ecc08c20aa12abb30068f0552,右壁追従 | target_deg=1.781,,250.0,112.66957427849049,80.98430761971962,51.60678528357594,37.55514897564141,0,52.15,35.759621317323536,1
52.2,560.7524649564939,281.9209069928194,-90.63159551309683,27.69167776860012,0.7044194941944757,34.614770589112396,2.2013109193577365,418,437,375,435,34.614770589112396,NEUTRAL,program,sonic_drive_three_laps.py,function,ec959a186dbd8278df967871b3a34262848e2c5ecc08c20aa12abb30068f0552,右壁追従 | target_deg=1.761,,250.0,112.97065033263574,79.70685408605794,51.767098290987995,36.27410014249575,0,52.2,35.739433195415096,1
52.25,559.3678755925698,281.9049818658202,-90.68634373568156,27.69489322682218,0.6721238280860511,34.63243228151544,2.10038696276891,418,437,375,435,34.63243228151544,NEUTRAL,program,sonic_drive_three_laps.py,function,ec959a186dbd8278df967871b3a34262848e2c5ecc08c20aa12abb30068f0552,右壁追従 | target_deg=1.680,,249.8515680156035,113.03542015304798,80.15323035564519,54.05997469901137,40.47026913637332,0,52.25,35.75169685809098,1
52.3,557.9832258892486,281.88771209053374,-90.74280319134282,27.695316711853923,0.6930917242742383,34.620965463287526,2.1659116383569947,418,437,375,435,34.620965463287526,NEUTRAL,program,sonic_drive_three_laps.py,function,ec959a186dbd8278df967871b3a34262848e2c5ecc08c20aa12abb30068f0552,右壁追従 | target_deg=1.732,,247.03342988136865,112.13866470598228,81.04465368582325,52.989820497893696,36.217063460069454,0,52.3,35.763595256866324,1
52.35,556.5985701670616,281.8690793385076,-90.79911600590981,27.695823395228306,0.6912799214755714,34.62195629294305,2.1602497546111605,418,437,375,435,34.62195629294305,NEUTRAL,program,sonic_drive_three_laps.py,function,ec959a186dbd8278df967871b3a34262848e2c5ecc08c20aa12abb30068f0552,右壁追従 | target_deg=1.728,,248.66668618900144,111.84740721816658,80.13505548466658,55.85748578064654,37.06048158697627,0,52.35,35.77405505756113,1
52.4,555.2138418831671,281.84910725848323,-90.85353537354496,27.698511709303897,0.6679946557822904,34.63469042261906,2.0874832993196577,418,437,375,435,34.63469042261906,NEUTRAL,program,sonic_drive_three_laps.py,function,ec959a186dbd8278df967871b3a34262848e2c5ecc08c20aa12abb30068f0552,右壁追従 | target_deg=1.670,,250.0,112.69908981595779,77.33262361037076,52.78011521194166,37.259129097478144,0,52.4,35.78280355010913,1
52.45,553.8290949854666,281.82779373550545,-90.91007716211284,27.698027674433266,0.6940254040217149,34.62045485717562,2.168829387567859,418,437,375,435,34.62045485717562,NEUTRAL,program,sonic_drive_three_laps.py,function,ec959a186dbd8278df967871b3a34262848e2c5ecc08c20aa12abb30068f0552,右壁追従 | target_deg=1.735,,248.6431462760612,111.89163682057139,80.91335340738996,51.47939702305624,35.6629627882653,0,52.45,35.7904804395219,1
52.5,552.4444230314432,281.80510396075505,-90.96749678276306,27.696587801633836,0.7048263306067183,34.61454810044945,2.2025822831459947,418,437,375,435,34.61454810044945,NEUTRAL,program,sonic_drive_three_laps.py,function,ec959a186dbd8278df967871b3a34262848e2c5ecc08c20aa12abb30068f0552,右壁追従 | target_deg=1.762,,250.0,113.39516837998623,79.6537200046007,53.56013557960493,34.82457816587464,0,52.5,35.79684050904824,1
52.55,551.0598945802496,281.78100964697603,-91.02648629923067,27.69356646692418,0.7241574044515581,34.603976419440556,2.262991888911119,418,437,375,435,34.603976419440556,NEUTRAL,program,sonic_drive_three_laps.py,function,ec959a186dbd8278df967871b3a34262848e2c5ecc08c20aa12abb30068f0552,右壁追従 | target_deg=1.810,,250.0,114.2325542966427,82.94511705418185,52.87093257815154,36.29374718190212,0,52.55,35.80189822006249,1
52.6,549.6755103208594,281.7554960253057,-91.08514905513618,27.691615389380043,0.7202082570802574,34.606136109409235,2.2506508033758044,418,437,375,435,34.606136109409235,NEUTRAL,program,sonic_drive_three_laps.py,function,ec959a186dbd8278df967871b3a34262848e2c5ecc08c20aa12abb30068f0552,右壁追従 | target_deg=1.800,,249.7263297191536,113.54379676211009,83.35469857309509,54.48598122574617,38.6259587623165,0,52.6,35.80545942506034,1
52.65,548.2912584165889,281.72856012982635,-91.14438500355989,27.689404795827528,0.7272999972156032,34.602257814022714,2.27281249129876,418,437,375,435,34.602257814022714,NEUTRAL,program,sonic_drive_three_laps.py,function,ec959a186dbd8278df967871b3a34262848e2c5ecc08c20aa12abb30068f0552,右壁追従 | target_deg=1.818,,250.0,109.82531210286935,81.95606966388117,53.67095776723391,35.989326521277185,0,52.65,35.80757259275435,1
52.7,546.9071540546954,281.70018790861724,-91.20425422186118,27.686919639232173,0.7351375309516907,34.59797166276079,2.2973047842240333,418,437,375,435,34.59797166276079,NEUTRAL,program,sonic_drive_three_laps.py,function,ec959a186dbd8278df967871b3a34262848e2c5ecc08c20aa12abb30068f0552,右壁追従 | target_deg=1.837,,250.0,111.87321571625137,81.7958141407834,53.37047570977295,35.285539775927255,0,52.7,35.808209248790725,1
52.75,545.5230964190881,281.6703996619753,-91.26165082765789,27.687986864224786,0.7047879516388467,34.614569088947505,2.202462348871396,418,437,375,435,34.614569088947505,NEUTRAL,program,sonic_drive_three_laps.py,function,ec959a186dbd8278df967871b3a34262848e2c5ecc08c20aa12abb30068f0552,右壁追従 | target_deg=1.762,,250.0,111.552130834936,79.55787323027921,53.216587496286365,37.693316766887826,0,52.75,35.80738326544302,1
52.8,544.1390361326905,281.6392199396573,-91.31939913854285,27.688389501787476,0.7090891408344345,34.61221687610617,2.2159035651076078,418,437,375,435,34.61221687610617,NEUTRAL,program,sonic_drive_three_laps.py,function,ec959a186dbd8278df967871b3a34262848e2c5ecc08c20aa12abb30068f0552,右壁追従 | target_deg=1.772,,250.0,111.66523133350192,80.26804026872207,55.87714750446389,35.6403512569531,0,52.8,35.8051079678266,1
52.85,542.7550018137656,281.6066414105872,-91.37745246296964,27.688332492150845,0.7128307860898044,34.61017066385714,2.227596206530639,418,437,375,435,34.61017066385714,NEUTRAL,program,sonic_drive_three_laps.py,function,ec959a186dbd8278df967871b3a34262848e2c5ecc08c20aa12abb30068f0552,右壁追従 | target_deg=1.782,,249.49113918995334,111.45297395158883,81.74917802360333,55.658144547081335,36.92791451230144,0,52.85,35.80136847322816,1
52.9,541.3709568439904,281.5726748150885,-91.43423651805531,27.689826991479528,0.6972249547726216,34.61870510285872,2.1788279836644424,418,437,375,435,34.61870510285872,NEUTRAL,program,sonic_drive_three_laps.py,function,ec959a186dbd8278df967871b3a34262848e2c5ecc08c20aa12abb30068f0552,右壁追従 | target_deg=1.743,,250.0,111.4335145513569,80.8911584870898,55.68442225919141,38.437972264578065,0,52.9,35.79629069086633,1
52.95,539.9868595021348,281.5373415712143,-91.49042217206357,27.691713298618495,0.6898350558498164,34.62274645383213,2.1557345495306763,418,437,375,435,34.62274645383213,NEUTRAL,program,sonic_drive_three_laps.py,function,ec959a186dbd8278df967871b3a34262848e2c5ecc08c20aa12abb30068f0552,右壁追従 | target_deg=1.724,,250.0,113.0526586463855,79.14773178707667,54.64362591513017,36.56499683809133,0,52.95,35.78986204922545,1
53.0,538.6028164877619,281.50061863914374,-91.54933229725212,27.689875857455487,0.7232915163301233,34.604449952006966,2.2602859885316353,418,437,375,435,34.604449952006966,NEUTRAL,program,sonic_drive_three_laps.py,function,ec959a186dbd8278df967871b3a34262848e2c5ecc08c20aa12abb30068f0552,右壁追従 | target_deg=1.808,,249.30325176646878,107.97956291215284,84.02282161976356,54.930102378745936,36.408764946298334,0,53.0,35.78164826123128,1
53.05,537.2188918330718,281.46247475451395,-91.60825353347629,27.688434938410122,0.7234696666493617,34.60435252605113,2.2608427082792555,418,437,375,435,34.60435252605113,NEUTRAL,program,sonic_drive_three_laps.py,function,ec959a186dbd8278df967871b3a34262848e2c5ecc08c20aa12abb30068f0552,右壁追従 | target_deg=1.808,,249.48684072592536,112.57340781024725,83.9293634389352,52.76354263502328,38.69968526322128,0,53.05,35.771958101391775,1
53.1,535.8349681603105,281.4229397268214,-91.66443321022093,27.690639247551687,0.689791564451818,34.62277023819041,2.1555986389119313,418,437,375,435,34.62277023819041,NEUTRAL,program,sonic_drive_three_laps.py,function,ec959a186dbd8278df967871b3a34262848e2c5ecc08c20aa12abb30068f0552,右壁追従 | target_deg=1.724,,248.93474404826287,111.48052477228968,79.45125692970723,57.1087813064225,38.76357575839015,0,53.1,35.76131377482273,1
53.15,534.4510392357319,281.38202987046566,-91.72198307481375,27.69069050546005,0.7065904093168843,34.61358336990483,2.2080950291152637,418,437,375,435,34.61358336990483,NEUTRAL,program,sonic_drive_three_laps.py,function,ec959a186dbd8278df967871b3a34262848e2c5ecc08c20aa12abb30068f0552,右壁追従 | target_deg=1.766,,249.3102007875422,108.76129228035677,80.66112565984506,52.92307281861924,35.289973488080335,0,53.15,35.74897107849504,1
53.2,533.0671089037418,281.33974205066403,-91.77842425525871,27.692074299515575,0.6929580354002728,34.621038574390475,2.1654938606258525,418,437,375,435,34.621038574390475,NEUTRAL,program,sonic_drive_three_laps.py,function,ec959a186dbd8278df967871b3a34262848e2c5ecc08c20aa12abb30068f0552,右壁追従 | target_deg=1.732,,250.0,109.92540176950618,79.82009471381572,55.257671963229946,37.49153317860749,0,53.2,35.737949912811324,1
53.25,531.6831178346512,281.29610185052303,-91.83369599535115,27.694566682115617,0.6785512472721235,34.628917286648054,2.1204726477253857,418,437,375,435,34.628917286648054,NEUTRAL,program,sonic_drive_three_laps.py,function,ec959a186dbd8278df967871b3a34262848e2c5ecc08c20aa12abb30068f0552,右壁追従 | target_deg=1.696,,250.0,112.67212209002571,78.71915435349082,55.095248893198,37.34676267211851,0,53.25,35.766459091406716,1
53.3,530.2990591544027,281.2511238338425,-91.88889750190638,27.696587709466424,0.6776350810317642,34.629418315060754,2.117609628224263,418,437,375,435,34.629418315060754,NEUTRAL,program,sonic_drive_three_laps.py,function,ec959a186dbd8278df967871b3a34262848e2c5ecc08c20aa12abb30068f0552,右壁追従 | target_deg=1.694,,249.36292093309615,111.46154567568212,80.28198311220709,56.44108891511734,37.99574005146821,0,53.3,35.84705177830856,1
53.35,528.9148524767013,281.20484014915013,-91.94127065272441,27.701584941897508,0.6428295078425531,34.6484526128986,2.0088422120079783,418,437,375,435,34.6484526128986,NEUTRAL,program,sonic_drive_three_laps.py,function,ec959a186dbd8278df967871b3a34262848e2c5ecc08c20aa12abb30068f0552,右壁追従 | target_deg=1.607,,248.36500493204662,107.62428778122045,77.6352040975055,55.383023067820105,39.96381157376872,0,53.35,35.97999622146847,1
53.4,527.5304824851833,281.157280907031,-91.99390940482316,27.705144094190594,0.6459929524326745,34.64672260413838,2.0187279763521078,418,437,375,435,34.64672260413838,NEUTRAL,program,sonic_drive_three_laps.py,function,ec959a186dbd8278df967871b3a34262848e2c5ecc08c20aa12abb30068f0552,右壁追従 | target_deg=1.615,,249.4084013645158,109.39234815376356,78.50965196179206,57.14879201394919,37.907374372615394,0,53.4,36.16402915533986,1
53.45,526.1459944465421,281.10967447997245,-91.93246081722548,27.706771926179233,-0.9540070475673255,34.64045915705593,-2.9812720236478922,418,431,375,435,34.64045915705593,NEUTRAL,program,sonic_drive_three_laps.py,function,ec959a186dbd8278df967871b3a34262848e2c5ecc08c20aa12abb30068f0552,仕切り壁予防：右壁の向き・離隔を保持 | target_deg=-2.384,,250.0,108.75929322096626,80.72331512880305,57.90262875034618,38.808486367322516,0,53.45,36.42077788433423,1
53.5,524.7613039828856,281.06512631719727,-91.74050716755268,27.709055341811375,-2.5540070475673256,34.646130250133524,-7.981272023647892,418,426,375,435,34.646130250133524,NEUTRAL,program,sonic_drive_three_laps.py,function,ec959a186dbd8278df967871b3a34262848e2c5ecc08c20aa12abb30068f0552,仕切り壁予防：右壁の向き・離隔を保持 | target_deg=-6.363,,250.0,111.12822931760816,77.85360776922312,56.015778772503275,38.15782681880282,0,53.5,36.74709395034844,1
53.55,523.3753607166117,281.0259477351226,-91.49796557904384,27.743663201819583,-2.9711623541281655,34.82827739586162,-9.284882356650517,418,425,375,435,34.82827739586162,NEUTRAL,program,sonic_drive_three_laps.py,function,ec959a186dbd8278df967871b3a34262848e2c5ecc08c20aa12abb30068f0552,仕切り壁予防：右壁の向き・離隔を保持 | target_deg=-7.393,,250.0,107.40681285354412,80.02685904805122,55.96161759753391,37.691194553689705,0,53.55,37.121889371456284,1
53.6,521.9890093411608,280.992716382323,-91.24831036994543,27.72934227033984,-3.057585651619111,34.60014558758616,-9.554955161309723,418,424,375,435,34.60014558758616,NEUTRAL,program,sonic_drive_three_laps.py,function,ec959a186dbd8278df967871b3a34262848e2c5ecc08c20aa12abb30068f0552,仕切り壁予防：右壁の向き・離隔を保持 | target_deg=-7.606,,250.0,112.25405497083845,81.01571852523477,55.157725798535935,37.00053307757198,0,53.6,37.53433592358486,1
53.65,520.6034102587053,280.96511475671997,-91.03409229578487,27.70972778417216,-2.6258918181253796,34.5528828467708,-8.205911931641811,418,426,375,435,34.5528828467708,NEUTRAL,program,sonic_drive_three_laps.py,function,ec959a186dbd8278df967871b3a34262848e2c5ecc08c20aa12abb30068f0552,仕切り壁予防：右壁の向き・離隔を保持 | target_deg=-6.541,,249.26278071165407,112.4908009533857,80.46407902878983,55.14952538601636,38.13762913644889,0,53.65,37.83385121051725,1
53.7,519.2172708508725,280.9432553285869,-90.77286760670728,27.737096603391024,-3.2,34.788965411962685,-10.0,418,424,375,435,34.788965411962685,NEUTRAL,program,sonic_drive_three_laps.py,function,ec959a186dbd8278df967871b3a34262848e2c5ecc08c20aa12abb30068f0552,仕切り壁予防：右壁の向き・離隔を保持 | target_deg=-7.957,,249.90165881168514,108.72710831554691,79.08511635549034,56.92978350763099,36.09853357394467,0,53.7,37.91881297965256,1
53.75,517.8315809547177,280.92702467635286,-90.5699005887648,27.701693213934412,-2.4793038960859923,34.475,-7.747824675268726,418,426,375,435,34.475,NEUTRAL,program,sonic_drive_three_laps.py,function,ec959a186dbd8278df967871b3a34262848e2c5ecc08c20aa12abb30068f0552,仕切り壁予防：右壁の向き・離隔を保持 | target_deg=-6.178,,248.84814179990786,108.38417901042617,79.25256923838732,55.588339741826715,39.78618154353701,0,53.75,37.98421931058067,1
53.8,516.4452286789891,280.9152995392084,-90.39923960316537,27.745325585515587,-2.091707165945931,34.869130681827976,-6.5365848935810344,418,428,375,435,34.869130681827976,NEUTRAL,program,sonic_drive_three_laps.py,function,ec959a186dbd8278df967871b3a34262848e2c5ecc08c20aa12abb30068f0552,仕切り壁予防：右壁の向き・離隔を保持 | target_deg=-5.217,,247.8128222343911,111.81526447588574,78.31428736376087,54.562006750309706,38.21908778866581,0,53.8,38.0373913794121,1
53.85,515.0562487397534,280.9080464890733,-90.19913532285119,27.80271917192041,-2.447591300846669,35.0,-7.64872281514584,418,426,375,435,35.0,NEUTRAL,program,sonic_drive_three_laps.py,function,ec959a186dbd8278df967871b3a34262848e2c5ecc08c20aa12abb30068f0552,仕切り壁予防：右壁の向き・離隔を保持 | target_deg=-6.100,,249.96993732845152,111.99906202861968,77.2126273708805,56.579847820362566,38.417002661562776,0,53.85,38.09335606808742,1
53.9,513.6653915518672,280.90523243180536,-90.03271218264165,27.82671098206212,-2.0332776800125396,34.88647350734948,-6.353992750039186,418,428,375,435,34.88647350734948,NEUTRAL,program,sonic_drive_three_laps.py,function,ec959a186dbd8278df967871b3a34262848e2c5ecc08c20aa12abb30068f0552,仕切り壁予防：右壁の向き・離隔を保持 | target_deg=-5.072,,250.0,112.68740648523438,80.66899006078893,55.293972276189685,38.880286884644875,0,53.9,38.13677610436781,1
53.95,512.2734922816363,280.90549746694234,-89.9504005631096,27.845381660170965,-0.9329460411223124,34.88694873125686,-2.9154563785072263,418,431,375,435,34.88694873125686,NEUTRAL,program,sonic_drive_three_laps.py,function,ec959a186dbd8278df967871b3a34262848e2c5ecc08c20aa12abb30068f0552,仕切り壁予防：右壁の向き・離隔を保持 | target_deg=-2.331,,250.0,111.33531934942806,80.17983562548133,51.29168792621888,37.81611612672763,0,53.95,38.1323868527918,1
54.0,510.8821640797048,280.9077471586713,-89.86431212830945,27.814291042806058,-1.0517554062240464,34.63427782457972,-3.286735644450145,418,431,375,435,34.63427782457972,NEUTRAL,program,sonic_drive_three_laps.py,function,ec959a186dbd8278df967871b3a34262848e2c5ecc08c20aa12abb30068f0552,仕切り壁予防：右壁の向き・離隔を保持 | target_deg=-2.628,,250.0,114.12870661841639,80.231301631831,53.75925858165191,38.07918924117891,0,54.0,38.109126112540935,1
54.05,509.49214825147374,280.91205050613064,-89.78092520718623,27.791378973831197,-1.019715776982945,34.64077822399611,-3.1866118030717034,418,431,375,435,34.64077822399611,NEUTRAL,program,sonic_drive_three_laps.py,function,ec959a186dbd8278df967871b3a34262848e2c5ecc08c20aa12abb30068f0552,仕切り壁予防：右壁の向き・離隔を保持 | target_deg=-2.548,,247.50086236063555,113.30369736834403,77.87253915283462,52.96101535127759,37.674258232029516,0,54.05,38.084492652698714,1
54.1,508.1032457502697,280.9193797723691,-89.6086307758155,27.769969110505716,-2.192188060685487,34.6204703698298,-6.850587689642148,418,427,375,435,34.6204703698298,NEUTRAL,program,sonic_drive_three_laps.py,function,ec959a186dbd8278df967871b3a34262848e2c5ecc08c20aa12abb30068f0552,仕切り壁予防：右壁の向き・離隔を保持 | target_deg=-5.466,,250.0,115.38986964866062,82.02559096477937,54.30985587172776,35.97768835407187,0,54.1,38.03522471968313,1
54.15,506.7133677636049,280.930364959941,-89.48605283696091,27.817094985274256,-1.4935767236927022,34.973852845687375,-4.667427261539695,418,430,375,435,34.973852845687375,NEUTRAL,program,sonic_drive_three_laps.py,function,ec959a186dbd8278df967871b3a34262848e2c5ecc08c20aa12abb30068f0552,仕切り壁予防：右壁の向き・離隔を保持 | target_deg=-3.730,,250.0,116.38323410289146,79.3646910023826,52.23840936266801,37.43868185831068,0,54.15,37.994458049767275,1
54.2,505.3233575076524,280.94533520058934,-89.27396149098524,27.791827382196637,-2.6783356999255603,34.631217792648414,-8.369799062267376,418,426,375,435,34.631217792648414,NEUTRAL,program,sonic_drive_three_laps.py,function,ec959a186dbd8278df967871b3a34262848e2c5ecc08c20aa12abb30068f0552,仕切り壁予防：右壁の向き・離隔を保持 | target_deg=-6.670,,247.62382841538874,116.15659459345477,77.43715782828991,54.95970919517356,35.929794703849055,0,54.2,37.928067729500924,1
54.25,503.9337928092301,280.96490850856605,-89.11253105788832,27.79552346533743,-1.9664300311917733,34.76028516410321,-6.145093847474292,418,428,375,435,34.76028516410321,NEUTRAL,program,sonic_drive_three_laps.py,function,ec959a186dbd8278df967871b3a34262848e2c5ecc08c20aa12abb30068f0552,仕切り壁予防：右壁の向き・離隔を保持 | target_deg=-4.906,,250.0,116.83323608030915,80.79206778124295,52.18389870364096,36.92122519150409,0,54.25,37.86945015275393,1
54.3,502.5436175993546,280.98715585174546,-89.0662059089785,27.814631719502447,-0.36643003119177336,34.850391423308004,-1.1450938474742918,418,433,375,435,34.850391423308004,NEUTRAL,program,sonic_drive_three_laps.py,function,ec959a186dbd8278df967871b3a34262848e2c5ecc08c20aa12abb30068f0552,仕切り壁予防：右壁の向き・離隔を保持 | target_deg=-0.916,,250.0,115.75773427755342,80.61533260288967,52.102513162411206,40.19266985262112,0,54.3,37.83601336813524,1
54.35,501.1537960148069,281.0098830561322,-89.06009051032112,27.790651919975232,-0.07479220494036554,34.6352817257886,-0.2337256404386423,418,434,375,435,34.6352817257886,NEUTRAL,program,sonic_drive_three_laps.py,function,ec959a186dbd8278df967871b3a34262848e2c5ecc08c20aa12abb30068f0552,仕切り壁予防：右壁の向き・離隔を保持 | target_deg=-0.187,,250.0,114.02557981619452,80.75572159976038,53.590129795617166,39.17985923304409,0,54.35,37.8118095411474,1
54.4,499.7650687371927,281.0324721785246,-89.07612058353386,27.770068834545565,0.19620420731335245,34.62414741283229,0.6131381478542264,418,435,375,435,34.62414741283229,NEUTRAL,program,sonic_drive_three_laps.py,function,ec959a186dbd8278df967871b3a34262848e2c5ecc08c20aa12abb30068f0552,仕切り壁予防：右壁の向き・離隔を保持 | target_deg=0.491,,250.0,114.346803677471,81.28827999582272,49.99040491510597,36.868108240654344,0,54.4,37.79309128369931,1
54.45,498.3772117450639,281.0548692865186,-89.07477192862748,27.75464695036055,-0.016517658523493992,34.62704601225057,-0.051617682885918725,418,434,375,435,34.62704601225057,NEUTRAL,program,sonic_drive_three_laps.py,function,ec959a186dbd8278df967871b3a34262848e2c5ecc08c20aa12abb30068f0552,仕切り壁予防：右壁の向き・離隔を保持 | target_deg=-0.041,,248.00344176475303,116.76078322038252,80.07976356875479,52.203199746333915,37.837988313208065,0,54.45,37.770368478169644,1
54.5,496.9900473703752,281.07805206850526,-89.00857056750763,27.74225655995281,-0.8367413616360554,34.62458333856959,-2.614816755112673,418,432,375,435,34.62458333856959,NEUTRAL,program,sonic_drive_three_laps.py,function,ec959a186dbd8278df967871b3a34262848e2c5ecc08c20aa12abb30068f0552,仕切り壁予防：右壁の向き・離隔を保持 | target_deg=-2.091,,250.0,117.51653610482683,80.91818964417193,54.03588412603304,37.689270858875105,0,54.5,37.73120516402963,1
54.55,495.60352150108025,281.1036281457815,-88.87629300243367,27.730641171279828,-1.6446751032648184,34.613394025842894,-5.139609697702557,418,429,375,435,34.613394025842894,NEUTRAL,program,sonic_drive_three_laps.py,function,ec959a186dbd8278df967871b3a34262848e2c5ecc08c20aa12abb30068f0552,仕切り壁予防：右壁の向き・離隔を保持 | target_deg=-4.106,,248.36674263450996,114.05784624328541,81.29309256835961,52.505667899820786,35.63672277542724,0,54.55,37.67373920599556,1
54.6,494.21723472683726,281.13273139498244,-88.71836277692819,27.73264782433315,-1.9355305618527905,34.67443169709795,-6.04853300578997,418,428,375,435,34.67443169709795,NEUTRAL,program,sonic_drive_three_laps.py,function,ec959a186dbd8278df967871b3a34262848e2c5ecc08c20aa12abb30068f0552,仕切り壁予防：右壁の向き・離隔を保持 | target_deg=-4.829,,249.5143671503543,113.12716744169984,79.88219058821178,53.20255919378398,36.49534349871863,0,54.6,37.606633378566414,1
54.65,492.8301075859326,281.1667506334197,-88.46505523397255,27.762879230853297,-3.2,34.83349327601324,-10.0,418,424,375,435,34.83349327601324,NEUTRAL,program,sonic_drive_three_laps.py,function,ec959a186dbd8278df967871b3a34262848e2c5ecc08c20aa12abb30068f0552,仕切り壁予防：右壁の向き・離隔を保持 | target_deg=-7.957,,250.0,116.95670858825753,80.524950216224,55.14739524784801,35.14021858529098,0,54.65,37.511824730824515,1
54.7,491.4437812408752,281.20658304865947,-88.24336544901446,27.72166545223767,-2.7153409207455326,34.475,-8.48544037732979,418,426,375,435,34.475,NEUTRAL,program,sonic_drive_three_laps.py,function,ec959a186dbd8278df967871b3a34262848e2c5ecc08c20aa12abb30068f0552,仕切り壁予防：右壁の向き・離隔を保持 | target_deg=-6.762,,249.26142773636496,118.69219502512344,78.71103516832322,52.373697993616645,36.13767193447068,0,54.7,37.4189569193955,1
54.75,490.0579356650503,281.251141619428,-88.07348417194058,27.737524732151016,-2.0819192408665,34.74004793396729,-6.5059976277078135,418,428,375,435,34.74004793396729,NEUTRAL,program,sonic_drive_three_laps.py,function,ec959a186dbd8278df967871b3a34262848e2c5ecc08c20aa12abb30068f0552,仕切り壁予防：右壁の向き・離隔を保持 | target_deg=-5.193,,250.0,118.92296595691157,81.24321736736344,53.099893732470946,37.39254094988995,0,54.75,37.33386280530152,1
54.8,488.6705591241839,281.2987121467062,-88.00808631274484,27.7810903077881,-0.6603685767788511,34.913549584848866,-2.0636518024339097,418,432,375,435,34.913549584848866,NEUTRAL,program,sonic_drive_three_laps.py,function,ec959a186dbd8278df967871b3a34262848e2c5ecc08c20aa12abb30068f0552,仕切り壁予防：右壁の向き・離隔を保持 | target_deg=-1.651,,249.12406065813485,116.0802192483198,80.26798392087301,50.541863443061,37.85145473368903,0,54.8,37.270712134333166,1
54.85,487.2828819031313,281.3470828850975,-87.99917319570112,27.763391229895767,-0.10912540408029131,34.62819202232919,-0.3410168877509103,418,434,375,435,34.62819202232919,NEUTRAL,program,sonic_drive_three_laps.py,function,ec959a186dbd8278df967871b3a34262848e2c5ecc08c20aa12abb30068f0552,仕切り壁予防：右壁の向き・離隔を保持 | target_deg=-0.273,,248.59051966569444,119.74544887592313,79.5544764403287,51.11047440018752,37.78545815501917,0,54.85,37.22021902479196,1
54.9,485.896115903101,281.3964560004045,-87.92011707948635,27.74601335905244,-1.0069578783618254,34.60784980297874,-3.1467433698807046,418,431,375,435,34.60784980297874,NEUTRAL,program,sonic_drive_three_laps.py,function,ec959a186dbd8278df967871b3a34262848e2c5ecc08c20aa12abb30068f0552,仕切り壁予防：右壁の向き・離隔を保持 | target_deg=-2.516,,247.8370234676913,116.0043439047424,83.06518946153452,51.66859995461495,35.57041292378674,0,54.9,37.1520323564763,1
54.95,484.5101381333213,281.4477642634336,-87.83969210222752,27.733648820670428,-0.9856967749887873,34.61393474197027,-3.0803024218399604,418,431,375,435,34.61393474197027,NEUTRAL,program,sonic_drive_three_laps.py,function,ec959a186dbd8278df967871b3a34262848e2c5ecc08c20aa12abb30068f0552,仕切り壁予防：右壁の向き・離隔を保持 | target_deg=-2.463,,249.14309070274706,119.79404231198063,79.97530567783834,51.627525377292876,36.65451190235168,0,54.95,37.081605298176726,1
55.0,483.12465528385155,281.4998160951267,-87.86762244483518,27.726293303453375,0.50655977762202,34.62626243322025,1.5829993050688125,418,436,375,435,34.62626243322025,NEUTRAL,program,sonic_drive_three_laps.py,function,ec959a186dbd8278df967871b3a34262848e2c5ecc08c20aa12abb30068f0552,仕切り壁予防：右壁の向き・離隔を保持 | target_deg=1.266,,249.09404951213673,120.52956327571354,80.4259366865051,50.8630595576652,39.33574459783944,0,55.0,37.03619077896741,1
55.05,481.7394646252788,281.5506599459043,-87.92814641674248,27.719964206310642,0.742249838008831,34.62276124537905,2.319530743777597,418,437,375,435,34.62276124537905,NEUTRAL,program,sonic_drive_three_laps.py,function,ec959a186dbd8278df967871b3a34262848e2c5ecc08c20aa12abb30068f0552,仕切り壁予防：右壁の向き・離隔を保持 | target_deg=1.855,,250.0,119.4388713991752,82.03705819729332,51.33849746136491,38.46320236677506,0,55.05,36.99973829858163,1
55.1,480.3545476364801,281.60031477521477,-87.96504571382269,27.71362903902102,0.45264243197072207,34.614816204877094,1.4145075999085064,418,436,375,435,34.614816204877094,NEUTRAL,program,sonic_drive_three_laps.py,function,ec959a186dbd8278df967871b3a34262848e2c5ecc08c20aa12abb30068f0552,仕切り壁予防：右壁の向き・離隔を保持 | target_deg=1.131,,250.0,118.60015501239874,81.36167013233147,49.79031926236894,36.294873030158165,0,55.1,36.95886312199258,1
55.15,478.9699074862281,281.64929431045596,-87.98314193760054,27.7078250981016,0.2220374547271939,34.609843780675696,0.693867046022481,418,435,375,435,34.609843780675696,NEUTRAL,program,sonic_drive_three_laps.py,function,ec959a186dbd8278df967871b3a34262848e2c5ecc08c20aa12abb30068f0552,仕切り壁予防：右壁の向き・離隔を保持 | target_deg=0.555,,247.42214187161684,122.43440066589379,82.26966240883388,50.89975017302608,37.02586859942523,0,55.15,36.914190911232424,1
55.2,477.5855239722462,281.6986580165129,-87.92966067151619,27.703590859004315,-0.6986297316570451,34.611295465262685,-2.183217911428266,418,432,375,435,34.611295465262685,NEUTRAL,program,sonic_drive_three_laps.py,function,ec959a186dbd8278df967871b3a34262848e2c5ecc08c20aa12abb30068f0552,仕切り壁予防：右壁の向き・離隔を保持 | target_deg=-1.746,,249.71398502757495,119.54964771617155,79.71119833656942,51.159163557376694,35.47890567042003,0,55.2,36.85210043727818,1
55.25,476.20138938461605,281.7492951060406,-87.87999796510758,27.699651418858252,-0.609528692352387,34.607637817524584,-1.9047771636012096,418,432,375,435,34.607637817524584,NEUTRAL,program,sonic_drive_three_laps.py,function,ec959a186dbd8278df967871b3a34262848e2c5ecc08c20aa12abb30068f0552,仕切り壁予防：右壁の向き・離隔を保持 | target_deg=-1.524,,250.0,119.15338715073779,82.3810596317162,51.54519115806238,37.0582175006706,0,55.25,36.78965346157315,1
55.3,474.81738808565876,281.7999734153756,-87.93513231909705,27.69787430091933,0.8198654102474963,34.61470719504464,2.562079407023426,418,437,375,435,34.61470719504464,NEUTRAL,program,sonic_drive_three_laps.py,function,ec959a186dbd8278df967871b3a34262848e2c5ecc08c20aa12abb30068f0552,仕切り壁予防：右壁の向き・離隔を保持 | target_deg=2.049,,248.90315392207575,118.69995001038002,80.93247462707562,48.71762836675045,37.82954114448127,0,55.3,36.75208668921067,1
55.35,473.44045407000124,281.84990235471724,-87.90424538467211,27.46427326566385,-0.48838947971291347,33.3266361037709,-1.5262171241028546,416,433,375,435,33.3266361037709,NEUTRAL,program,sonic_drive_three_laps.py,function,ec959a186dbd8278df967871b3a34262848e2c5ecc08c20aa12abb30068f0552,仕切り壁予防：右壁の向き・離隔を保持 | target_deg=-1.221,,250.0,117.01132539328826,82.98695584332353,49.61945455336301,34.04873643340259,0,55.35,36.69481130942518,1
55.4,472.0682159692381,281.9011139701344,-87.82120730587346,27.46360521052396,-1.027892939652434,34.3266361037709,-3.212165436413856,417,431,375,435,34.3266361037709,NEUTRAL,program,sonic_drive_three_laps.py,function,ec959a186dbd8278df967871b3a34262848e2c5ecc08c20aa12abb30068f0552,仕切り壁予防：右壁の向き・離隔を保持 | target_deg=-2.568,,250.0,119.5435527147232,80.74565602042502,52.06999007856754,36.30488267258686,0,55.4,36.62386427500326,1
55.45,470.6944554220743,281.9532412182603,-87.84182190384035,27.515556479052574,0.3961571561201711,34.61766281517028,1.2379911128755348,418,436,375,435,34.61766281517028,NEUTRAL,program,sonic_drive_three_laps.py,function,ec959a186dbd8278df967871b3a34262848e2c5ecc08c20aa12abb30068f0552,仕切り壁予防：右壁の向き・離隔を保持 | target_deg=0.990,,249.97953406573816,120.211561806594,81.92059699026868,52.25263351637422,40.23721530076183,0,55.45,36.57663437724631,1
55.5,469.3184519140098,282.00504339242934,-87.84620514662271,27.55530598727164,0.05411494681366534,34.61492281948311,0.1691092087927042,418,435,375,435,34.61492281948311,NEUTRAL,program,sonic_drive_three_laps.py,function,ec959a186dbd8278df967871b3a34262848e2c5ecc08c20aa12abb30068f0552,仕切り壁予防：右壁の向き・離隔を保持 | target_deg=0.135,,250.0,120.37820840767309,80.78695497020792,50.524696141605745,36.4174734445219,0,55.5,36.525873692966286,1
55.55,467.9454303992103,282.0558403401345,-87.91860626387506,27.429333614834544,0.9308165453397916,33.74540588846128,2.908801704186849,417,438,375,435,33.74540588846128,NEUTRAL,program,sonic_drive_three_laps.py,function,ec959a186dbd8278df967871b3a34262848e2c5ecc08c20aa12abb30068f0552,仕切り壁予防：右壁の向き・離隔を保持 | target_deg=2.326,,248.74812956034467,118.94264966386997,81.84801633904337,47.94165403681602,36.65283807517515,0,55.55,36.49228867165715,1
55.6,466.5730064253439,282.10431694761826,-88.03548543697991,27.489380089777978,1.4465539700727004,34.61972472163325,4.520481156477189,418,439,375,435,34.61972472163325,NEUTRAL,program,sonic_drive_three_laps.py,function,ec959a186dbd8278df967871b3a34262848e2c5ecc08c20aa12abb30068f0552,仕切り壁予防：右壁の向き・離隔を保持 | target_deg=3.612,,249.2380964071076,121.34079842406818,81.16131684526607,50.689042880223376,38.96836259161262,0,55.6,36.47163313849808,1
55.65,465.20678526265226,282.1494636059057,-88.17922396499038,27.24097691003243,1.7869942516104709,32.98391579761649,5.5843570362827215,416,440,375,435,32.98391579761649,NEUTRAL,program,sonic_drive_three_laps.py,function,ec959a186dbd8278df967871b3a34262848e2c5ecc08c20aa12abb30068f0552,仕切り壁予防：右壁の向き・離隔を保持 | target_deg=4.460,,250.0,120.23344820241303,82.3701260724934,48.8155590544904,37.56818711533075,0,55.65,36.4607607100279,1
55.7,463.84575807037334,282.1916959263872,-88.26560968496226,27.228842531004975,1.0699644744750105,33.98391579761649,3.343638982734408,417,438,375,435,33.98391579761649,NEUTRAL,program,sonic_drive_three_laps.py,function,ec959a186dbd8278df967871b3a34262848e2c5ecc08c20aa12abb30068f0552,仕切り壁予防：右壁の向き・離隔を保持 | target_deg=2.673,,250.0,120.26010591815138,81.85791162734688,52.14882405966587,38.35593605145092,0,55.7,36.43915855443504,1
55.75,462.48176720373556,282.23199142398755,-88.35007052802011,27.332946758779862,1.0520940981070221,34.61348447870568,3.287794056584444,418,438,375,435,34.61348447870568,NEUTRAL,program,sonic_drive_three_laps.py,function,ec959a186dbd8278df967871b3a34262848e2c5ecc08c20aa12abb30068f0552,仕切り壁予防：右壁の向き・離隔を保持 | target_deg=2.629,,247.40348946889287,118.91425323205937,82.28809942977766,50.38072294062011,37.70041832010939,0,55.75,36.41905643259008,1
55.8,461.1132720887482,282.2715236171087,-88.33155423173865,27.41303492626914,-0.37067673561346726,34.61040571354199,-1.158364798792085,418,433,375,435,34.61040571354199,NEUTRAL,program,sonic_drive_three_laps.py,function,ec959a186dbd8278df967871b3a34262848e2c5ecc08c20aa12abb30068f0552,仕切り壁予防：右壁の向き・離隔を保持 | target_deg=-0.927,,250.0,118.69685975527874,79.98241929385053,50.933590732388375,35.05210544867406,0,55.8,36.375095323208484,1
55.85,459.74474781874113,282.3105416034847,-88.41444966068455,27.361007302668725,1.2293232643865328,33.97771383978861,3.841635201207915,417,439,375,435,33.97771383978861,NEUTRAL,program,sonic_drive_three_laps.py,function,ec959a186dbd8278df967871b3a34262848e2c5ecc08c20aa12abb30068f0552,仕切り壁予防：右壁の向き・離隔を保持 | target_deg=3.071,,248.70089967787433,119.91315277414394,79.23591639632893,47.208049104364726,39.27957826491579,0,55.85,36.35591355911339,1
55.9,458.38314248952895,282.3460590058821,-88.60327542005955,27.162952216324882,2.4475939730595933,33.10271383978861,7.6487311658112285,416,443,375,435,33.10271383978861,NEUTRAL,program,sonic_drive_three_laps.py,function,ec959a186dbd8278df967871b3a34262848e2c5ecc08c20aa12abb30068f0552,仕切り壁予防：右壁の向き・離隔を保持 | target_deg=6.100,,250.0,119.2804788070346,82.59849366474401,48.62112093386279,37.93498507947375,0,55.9,36.36566174914611,1
55.95,457.0336153181906,282.3772006230587,-88.75288507734219,26.889415212822794,1.8834527276830755,32.43647204598304,5.885789774009611,415,441,375,435,32.43647204598304,NEUTRAL,program,sonic_drive_three_laps.py,function,ec959a186dbd8278df967871b3a34262848e2c5ecc08c20aa12abb30068f0552,仕切り壁予防：右壁の向き・離隔を保持 | target_deg=4.700,,250.0,118.48494338478868,81.54471864059076,49.231471509538544,36.96973787012694,0,55.95,36.370464533653546,1
56.0,455.6904045746933,282.4058529315569,-88.79110234130124,26.857811184386176,0.2834527276830755,33.43647204598304,0.885789774009611,416,435,375,435,33.43647204598304,NEUTRAL,program,sonic_drive_three_laps.py,function,ec959a186dbd8278df967871b3a34262848e2c5ecc08c20aa12abb30068f0552,仕切り壁予防：右壁の向き・離隔を保持 | target_deg=0.709,,247.1521624339037,119.41748768447671,78.43903453364555,53.29930260315751,35.91258476387236,0,56.0,36.35100537028734,1
56.05,454.3431046345727,282.4340949603775,-88.80718729863246,27.013617963420337,0.2029118137163347,34.43647204598304,0.634099417863546,418,435,375,435,34.43647204598304,NEUTRAL,program,sonic_drive_three_laps.py,function,ec959a186dbd8278df967871b3a34262848e2c5ecc08c20aa12abb30068f0552,仕切り壁予防：右壁の向き・離隔を保持 | target_deg=0.507,,247.75210066239018,117.96565914078722,83.05775173017949,49.69532164535092,37.04402520099423,0,56.05,36.326633940070224,1
56.1,452.9932581778058,282.4612732145234,-88.88783011612159,26.99505007703224,1.0444594538408554,33.66403260187388,3.263935793252673,417,438,375,435,33.66403260187388,NEUTRAL,program,sonic_drive_three_laps.py,function,ec959a186dbd8278df967871b3a34262848e2c5ecc08c20aa12abb30068f0552,仕切り壁予防：右壁の向き・離隔を保持 | target_deg=2.610,,250.0,120.4540789232369,82.27118022476036,47.1173468818277,36.04329560375798,0,56.1,36.31887336293056,1
56.15,451.6466765893779,282.4861944284357,-88.99166355546669,26.897694039809856,1.310398348728652,33.20381123618078,4.094994839777037,416,439,375,435,33.20381123618078,NEUTRAL,program,sonic_drive_three_laps.py,function,ec959a186dbd8278df967871b3a34262848e2c5ecc08c20aa12abb30068f0552,仕切り壁予防：右壁の向き・離隔を保持 | target_deg=3.273,,250.0,118.87638657534589,79.28001213292205,50.15570009386608,38.09978017812215,0,56.15,36.318983763848905,1
56.2,450.3050536370437,282.5089074077391,-89.0685462118934,26.79605790183593,0.9739636068921165,33.05837590303902,3.043636271537864,416,438,375,435,33.05837590303902,NEUTRAL,program,sonic_drive_three_laps.py,function,ec959a186dbd8278df967871b3a34262848e2c5ecc08c20aa12abb30068f0552,仕切り壁予防：右壁の向き・離隔を保持 | target_deg=2.434,,248.93911531079303,119.10477328173417,81.88056190389533,49.62012304330103,36.63803624820828,0,56.2,36.31482693191168,1
56.25,448.9668038324209,282.53068381905973,-89.06178674888648,26.75049742396153,-0.1645530429544057,33.242363652480876,-0.5142282592325178,416,434,375,435,33.242363652480876,NEUTRAL,program,sonic_drive_three_laps.py,function,ec959a186dbd8278df967871b3a34262848e2c5ecc08c20aa12abb30068f0552,仕切り壁予防：右壁の向き・離隔を保持 | target_deg=-0.411,,248.91828556950264,117.0695520378224,82.98892261568766,49.816494165829816,34.73635783104713,0,56.25,36.29141833987461,1
56.3,447.6250988037127,282.5537651980185,-88.96128602793992,26.895492987790945,-1.3610886427680935,34.242363652480876,-4.253402008650292,417,430,375,435,34.242363652480876,NEUTRAL,program,sonic_drive_three_laps.py,function,ec959a186dbd8278df967871b3a34262848e2c5ecc08c20aa12abb30068f0552,仕切り壁予防：右壁の向き・離隔を保持 | target_deg=-3.399,,248.82892718848547,117.48281575145825,82.07617421644788,54.78501515471437,37.29973698107478,0,56.3,36.244086255547984,1
56.35,446.27528412010173,282.5796348553746,-88.84279661620458,27.070597452583527,-1.4916823706207336,34.59061210553409,-4.6615074081897925,418,430,375,435,34.59061210553409,NEUTRAL,program,sonic_drive_three_laps.py,function,ec959a186dbd8278df967871b3a34262848e2c5ecc08c20aa12abb30068f0552,仕切り壁予防：右壁の向き・離隔を保持 | target_deg=-3.725,,247.87070641159104,117.25450697927097,82.3373329750437,49.17110541293718,34.05939654763833,0,56.35,36.189665766266955,1
56.4,444.91790471054014,282.6081760957022,-88.74807346029883,27.208005585002464,-1.1858937161221188,34.60040374521542,-3.705917862881621,418,431,375,435,34.60040374521542,NEUTRAL,program,sonic_drive_three_laps.py,function,ec959a186dbd8278df967871b3a34262848e2c5ecc08c20aa12abb30068f0552,仕切り壁予防：右壁の向き・離隔を保持 | target_deg=-2.963,,248.77990911672012,118.86595934927414,81.5051324258859,52.07416737353063,37.125845624638565,0,56.4,36.13833195354738,1
56.45,443.55558640461516,282.63832207428743,-88.71863604721474,27.28256004561115,-0.33689156381387747,34.42353562600429,-1.052786136918367,418,433,375,435,34.42353562600429,NEUTRAL,program,sonic_drive_three_laps.py,function,ec959a186dbd8278df967871b3a34262848e2c5ecc08c20aa12abb30068f0552,仕切り壁予防：右壁の向き・離隔を保持 | target_deg=-0.842,,250.0,118.1695851681559,83.31651642109449,47.99599203075349,35.44071048581824,0,56.45,36.101108388418766,1
56.5,442.19258776657506,282.6690144658187,-88.70139460823206,27.256605264949275,-0.21498833070570256,33.95923757396071,-0.6718385334553205,417,434,375,435,33.95923757396071,NEUTRAL,program,sonic_drive_three_laps.py,function,ec959a186dbd8278df967871b3a34262848e2c5ecc08c20aa12abb30068f0552,仕切り壁予防：右壁の向き・離隔を保持 | target_deg=-0.537,,250.0,116.57545307313906,82.60715209859491,48.84346621897134,35.365565783518704,0,56.5,36.066271931145025,1
56.55,440.8310699654027,282.69954596244037,-88.7293657359735,27.224480587150484,0.34915721924836446,33.89257174335468,1.091116310151139,417,436,375,435,33.89257174335468,NEUTRAL,program,sonic_drive_three_laps.py,function,ec959a186dbd8278df967871b3a34262848e2c5ecc08c20aa12abb30068f0552,仕切り壁予防：右壁の向き・離隔を保持 | target_deg=0.873,,250.0,117.92509536016114,82.06446125761957,48.73601747886608,36.339040212027314,0,56.55,36.04246390573718,1
56.6,439.4670702732243,282.73047898258443,-88.66605834280888,27.328005505052964,-0.8828306788530537,34.604818810880474,-2.758845871415793,418,432,375,435,34.604818810880474,NEUTRAL,program,sonic_drive_three_laps.py,function,ec959a186dbd8278df967871b3a34262848e2c5ecc08c20aa12abb30068f0552,仕切り壁予防：右壁の向き・離隔を保持 | target_deg=-2.206,,248.88678668097134,120.91727206091993,80.19556522180127,53.04257135484064,36.43316167958702,0,56.6,35.99631708617699,1
56.65,438.09860389470407,282.76227967717114,-88.67608587360381,27.408653057213233,0.1925734009706329,34.60733186596582,0.6017918780332279,418,435,375,435,34.60733186596582,NEUTRAL,program,sonic_drive_three_laps.py,function,ec959a186dbd8278df967871b3a34262848e2c5ecc08c20aa12abb30068f0552,仕切り壁予防：右壁の向き・離隔を保持 | target_deg=0.481,,247.94820450036073,121.58325568832903,82.182271420404,49.780951963602476,37.63670234118765,0,56.65,35.966925331281004,1
56.7,436.726607525684,282.7937610889665,-88.69499234758825,27.472390125017277,0.23420155866498077,34.61434450821706,0.7318798708280649,418,435,375,435,34.61434450821706,NEUTRAL,program,sonic_drive_three_laps.py,function,ec959a186dbd8278df967871b3a34262848e2c5ecc08c20aa12abb30068f0552,仕切り壁予防：右壁の向き・離隔を保持 | target_deg=0.585,,250.0,120.68450529533163,81.01935305445299,51.53789078499304,37.86750168336139,0,56.7,35.93998673055086,1
56.75,435.3518527076204,282.82495067564736,-88.7056711781674,27.521697271168872,0.13201851932077233,34.613977896267315,0.4125578728774135,418,435,375,435,34.613977896267315,NEUTRAL,program,sonic_drive_three_laps.py,function,ec959a186dbd8278df967871b3a34262848e2c5ecc08c20aa12abb30068f0552,仕切り壁予防：右壁の向き・離隔を保持 | target_deg=0.330,,248.52507609269074,116.50930371402993,81.48629304296936,51.197122770718416,37.321224690686606,0,56.75,35.91136352911184,1
56.8,433.9750032805734,282.85645469762534,-88.672789314412,27.558947674340224,-0.4058802977236438,34.608737110207194,-1.2683759303863869,418,433,375,435,34.608737110207194,NEUTRAL,program,sonic_drive_three_laps.py,function,ec959a186dbd8278df967871b3a34262848e2c5ecc08c20aa12abb30068f0552,仕切り壁予防：右壁の向き・離隔を保持 | target_deg=-1.015,,249.32149234922005,120.432102343651,80.33547633156421,49.516590296927944,34.92988188968583,0,56.8,35.87195833499163,1
56.85,432.5999032110861,282.8891132177256,-88.6061815677725,27.477507966863946,-0.8231652032236684,33.99696578781762,-2.572391260073964,417,432,375,435,33.99696578781762,NEUTRAL,program,sonic_drive_three_laps.py,function,ec959a186dbd8278df967871b3a34262848e2c5ecc08c20aa12abb30068f0552,仕切り壁予防：右壁の向き・離隔を保持 | target_deg=-2.057,,248.6993729054335,118.54774806693214,82.39035188276453,49.33020921634185,34.51982881582073,0,56.85,35.823305081999365,1
56.9,431.22708904163886,282.9221928701635,-88.64170698101559,27.45556388335196,0.5713167268276342,34.22516847051295,1.785364771336357,417,436,375,435,34.22516847051295,NEUTRAL,program,sonic_drive_three_laps.py,function,ec959a186dbd8278df967871b3a34262848e2c5ecc08c20aa12abb30068f0552,仕切り壁予防：右壁の向き・離隔を保持 | target_deg=1.428,,248.50813614644534,120.01284063244756,82.13462896767744,46.52156165147803,35.74559259611783,0,56.9,35.79875452433731,1
56.95,429.85932148327265,282.9529003345877,-88.79726116595857,27.301075802281368,2.1130946414046528,33.46256116501614,6.60342075438954,416,441,375,435,33.46256116501614,NEUTRAL,program,sonic_drive_three_laps.py,function,ec959a186dbd8278df967871b3a34262848e2c5ecc08c20aa12abb30068f0552,仕切り壁予防：右壁の向き・離隔を保持 | target_deg=5.270,,248.45470590168947,122.64993426261121,81.61782546708814,47.08261587035931,37.79018299684962,0,56.95,35.80543989824946,1
57.0,428.50275028565756,282.9803471910787,-88.87891992307516,27.029391234228317,0.9378681467603428,32.61940136798183,2.9308379586260713,415,438,375,435,32.61940136798183,NEUTRAL,program,sonic_drive_three_laps.py,function,ec959a186dbd8278df967871b3a34262848e2c5ecc08c20aa12abb30068f0552,仕切り壁予防：右壁の向き・離隔を保持 | target_deg=2.344,,246.39890500292384,118.47245448693616,83.09668239354879,50.45925159790237,36.35789232473961,0,57.0,35.79765293446064,1
57.05,427.1543780859949,283.00583003717315,-88.9556753934763,26.934805451481868,0.9674524215550053,33.262103357240434,3.0232888173593917,416,438,375,435,33.262103357240434,NEUTRAL,program,sonic_drive_three_laps.py,function,ec959a186dbd8278df967871b3a34262848e2c5ecc08c20aa12abb30068f0552,仕切り壁予防：右壁の向き・離隔を保持 | target_deg=2.417,,246.99357023870252,115.9510110220885,80.48201032287415,49.55463798425996,36.99811303036353,0,57.05,35.79066850586344,1
57.1,425.80463494286215,283.0306974804366,-88.92130143766323,27.04182408401415,-0.6325475784449947,34.262103357240434,-1.9767111826406083,417,432,375,435,34.262103357240434,NEUTRAL,program,sonic_drive_three_laps.py,function,ec959a186dbd8278df967871b3a34262848e2c5ecc08c20aa12abb30068f0552,仕切り壁予防：右壁の向き・離隔を保持 | target_deg=-1.581,,244.87260394037835,116.96076973541523,81.86293517976108,52.393043926490044,33.669556267389474,0,57.1,35.757514505801225,1
57.15,424.4510439786942,283.05592943712367,-88.94663964394212,27.099271997445904,0.37491656735821594,34.12092445696211,1.1716142729944248,417,436,375,435,34.12092445696211,NEUTRAL,program,sonic_drive_three_laps.py,function,ec959a186dbd8278df967871b3a34262848e2c5ecc08c20aa12abb30068f0552,仕切り壁予防：右壁の向き・離隔を保持 | target_deg=0.937,,243.30609887211355,118.80290161198117,81.73355613001465,48.20610491189252,37.59546772511658,0,57.15,35.7383904929323,1
57.2,423.0979535879555,283.0801805048753,-88.99978715729557,27.044442207949402,0.6675989575815866,33.56996750222598,2.0862467424424582,416,437,375,435,33.56996750222598,NEUTRAL,program,sonic_drive_three_laps.py,function,ec959a186dbd8278df967871b3a34262848e2c5ecc08c20aa12abb30068f0552,仕切り壁予防：右壁の向き・離隔を保持 | target_deg=1.669,,240.431992853194,116.39567475789083,82.25536187394098,49.31649271793025,36.80980673923014,0,57.2,35.72695750246976,1
57.25,421.7480810648062,283.10314755239085,-89.05071329936035,26.973111793447316,0.6412331160634335,33.40990682007257,2.0038534876982297,416,437,375,435,33.40990682007257,NEUTRAL,program,sonic_drive_three_laps.py,function,ec959a186dbd8278df967871b3a34262848e2c5ecc08c20aa12abb30068f0552,仕切り壁予防：右壁の向き・離隔を保持 | target_deg=1.603,,240.038027147326,118.80565972750426,82.88762640158444,50.11330064813779,37.058846555163136,0,57.25,35.716281052248064,1
57.3,420.40117301818964,283.1237047293397,-89.21252083615343,26.92045599347843,2.2412331160634333,33.42432563965281,7.00385348769823,416,442,375,435,33.42432563965281,NEUTRAL,program,sonic_drive_three_laps.py,function,ec959a186dbd8278df967871b3a34262848e2c5ecc08c20aa12abb30068f0552,仕切り壁予防：右壁の向き・離隔を保持 | target_deg=5.588,,239.8199039582673,118.29963690050073,83.67067686877135,47.54304528741482,39.08468923291622,0,57.3,35.73482835689259,1
57.35,419.0612494306064,283.1403081698355,-89.3676095689323,26.721914296988054,1.9667313890893285,32.54932563965281,6.146035590904152,415,441,375,435,32.54932563965281,NEUTRAL,program,sonic_drive_three_laps.py,function,ec959a186dbd8278df967871b3a34262848e2c5ecc08c20aa12abb30068f0552,仕切り壁予防：右壁の向き・離隔を保持 | target_deg=4.907,,240.98955324031482,116.88326724809576,84.038703480296,47.53889148136102,35.62069617805384,0,57.35,35.75578193822588,1
57.4,417.72905489469184,283.1543309271527,-89.41545404412084,26.595180655620126,0.4318301290066961,32.699443771591774,1.3494691531459253,415,436,375,435,32.699443771591774,NEUTRAL,program,sonic_drive_three_laps.py,function,ec959a186dbd8278df967871b3a34262848e2c5ecc08c20aa12abb30068f0552,仕切り壁予防：右壁の向き・離隔を保持 | target_deg=1.079,,237.7079801509483,116.22932721700093,81.978011449361,49.58448803094961,34.73381779808287,0,57.4,35.75336045396648,1
57.45,416.39776279255574,283.16821352206006,-89.38815546552351,26.64834180003141,-0.3712903009786527,33.53884289819946,-1.1602821905582896,416,433,375,435,33.53884289819946,NEUTRAL,program,sonic_drive_three_laps.py,function,ec959a186dbd8278df967871b3a34262848e2c5ecc08c20aa12abb30068f0552,仕切り壁予防：右壁の向き・離隔を保持 | target_deg=-0.928,,233.3156070274589,118.56146610371664,79.85368434133841,48.9797736860239,34.27023668798133,0,57.45,35.73285766432997,1
57.5,415.06179325906885,283.1830625996977,-89.33823099135053,26.768706395497766,-0.6352157160859455,33.9780493833477,-1.9850491127685799,417,432,375,435,33.9780493833477,NEUTRAL,program,sonic_drive_three_laps.py,function,ec959a186dbd8278df967871b3a34262848e2c5ecc08c20aa12abb30068f0552,仕切り壁予防：右壁の向き・離隔を保持 | target_deg=-1.588,,235.77292008205822,119.36596859561641,80.14533394785147,48.32572539602782,34.110807555229165,0,57.5,35.70590733291942,1
57.55,413.71984008014124,283.19805615230285,-89.39089676749703,26.887967348948774,0.8178460015641607,34.1223835947345,2.555768754888002,417,437,375,435,34.1223835947345,NEUTRAL,program,sonic_drive_three_laps.py,function,ec959a186dbd8278df967871b3a34262848e2c5ecc08c20aa12abb30068f0552,仕切り壁予防：右壁の向き・離隔を保持 | target_deg=2.044,,231.7609815999746,120.06590501137768,81.38297149967136,47.803193108284404,37.041628584152384,0,57.55,35.703679724844335,1
57.6,412.377058529553,283.21272977164625,-89.34491996408704,26.83708655850548,-0.7821539984358394,33.3277404678946,-2.444231245111998,416,432,375,435,33.3277404678946,NEUTRAL,program,sonic_drive_three_laps.py,function,ec959a186dbd8278df967871b3a34262848e2c5ecc08c20aa12abb30068f0552,仕切り壁予防：右壁の向き・離隔を保持 | target_deg=-1.955,,228.88938554987715,120.32652526199095,81.57709424272471,51.83483138095843,32.9985056904989,0,57.6,35.6778610618054,1
57.65,411.0310455005035,283.22877593562293,-89.289069597286,26.97796079875647,-0.7052983625358448,34.3277404678946,-2.204057382924515,417,432,375,435,34.3277404678946,NEUTRAL,program,sonic_drive_three_laps.py,function,ec959a186dbd8278df967871b3a34262848e2c5ecc08c20aa12abb30068f0552,仕切り壁予防：右壁の向き・離隔を保持 | target_deg=-1.763,,229.45997468912674,116.47636928246953,82.32688375695419,50.23815310802632,37.0998325023166,0,57.65,35.64828524582026,1
57.7,409.677561480122,283.2473081061161,-89.13422590049906,27.134029801783328,-2.062774501739855,34.58811353268503,-6.446170317937048,418,428,375,435,34.58811353268503,NEUTRAL,program,sonic_drive_three_laps.py,function,ec959a186dbd8278df967871b3a34262848e2c5ecc08c20aa12abb30068f0552,仕切り壁予防：右壁の向き・離隔を保持 | target_deg=-5.145,,229.78125903501876,119.83178431240813,82.74003378523747,52.40995706284653,34.53397508895737,0,57.7,35.592293054422214,1
57.75,408.3156733508364,283.269394318167,-89.00756594311572,27.31171179409266,-1.580445296157405,34.90307980563898,-4.93889155049189,418,429,375,435,34.90307980563898,NEUTRAL,program,sonic_drive_three_laps.py,function,ec959a186dbd8278df967871b3a34262848e2c5ecc08c20aa12abb30068f0552,仕切り壁予防：右壁の向き・離隔を保持 | target_deg=-3.946,,227.79797464747145,121.47849582040175,83.06270342890195,49.72337289812511,35.12398261328251,0,57.75,35.5396205105252,1
57.8,406.94757863594737,283.2934461714366,-88.98887919727174,27.401795879843835,-0.0583398055739417,34.63930602133608,-0.18231189241856782,418,434,375,435,34.63930602133608,NEUTRAL,program,sonic_drive_three_laps.py,function,ec959a186dbd8278df967871b3a34262848e2c5ecc08c20aa12abb30068f0552,仕切り壁予防：右壁の向き・離隔を保持 | target_deg=-0.146,,226.2925926036252,117.88733480283784,80.83057346040098,50.033982122373644,38.09811044662193,0,57.8,35.51106034315285,1
57.85,405.58012890985094,283.31771395174957,-88.97770718703264,27.321506149164776,-0.13886719004260684,33.80690458117325,-0.43395996888314636,417,434,375,435,33.80690458117325,NEUTRAL,program,sonic_drive_three_laps.py,function,ec959a186dbd8278df967871b3a34262848e2c5ecc08c20aa12abb30068f0552,仕切り壁予防：右壁の向き・離隔を保持 | target_deg=-0.347,,222.86734655806026,119.53533596044036,81.15738740815057,46.520858930240884,33.373006459592396,0,57.85,35.48409775417889,1
57.9,404.21589100465786,283.3409975532361,-89.07893429471541,27.26725018240109,1.4611328099573933,33.85094299455455,4.566040031116854,417,439,375,435,33.85094299455455,NEUTRAL,program,sonic_drive_three_laps.py,function,ec959a186dbd8278df967871b3a34262848e2c5ecc08c20aa12abb30068f0552,仕切り壁予防：右壁の向き・離隔を保持 | target_deg=3.649,,224.5029786962105,120.91947654929012,80.44410715955435,47.50232563878693,38.62764953872208,0,57.9,35.48524543300124,1
57.95,402.8499401991633,283.36222619651926,-89.13981405781159,27.35841949467933,0.7501743632152664,34.58974839511665,2.3442948850477077,418,437,375,435,34.58974839511665,NEUTRAL,program,sonic_drive_three_laps.py,function,ec959a186dbd8278df967871b3a34262848e2c5ecc08c20aa12abb30068f0552,右壁追従 | target_deg=1.875,,220.92978668344284,118.89117864993173,83.41306609736364,233.53336585887052,33.538247771509546,0,57.95,35.47872556403638,1
58.0,401.4800624187955,283.3820604262074,-89.20114998185464,27.427970936964314,0.7610460441149997,34.58380294462461,2.378268887859374,418,437,375,435,34.58380294462461,NEUTRAL,program,sonic_drive_three_laps.py,function,ec959a186dbd8278df967871b3a34262848e2c5ecc08c20aa12abb30068f0552,右壁追従 | target_deg=1.902,,220.06357592742327,118.38895252409651,84.18735682348522,233.4865454478547,35.839389696987176,0,58.0,35.47372197484566,1
58.05,400.1071323557831,283.40047629683437,-89.26186220488276,27.48277514351678,0.7516447711870831,34.588944265757064,2.3488899099596345,418,437,375,435,34.588944265757064,NEUTRAL,program,sonic_drive_three_laps.py,function,ec959a186dbd8278df967871b3a34262848e2c5ecc08c20aa12abb30068f0552,右壁追従 | target_deg=1.879,,217.60935533925553,117.44415024274325,81.97971844678472,230.5704784384154,35.67866345954147,0,58.05,35.46999744277326,1
58.1,398.7318912873567,283.4174399682385,-89.32471652917344,27.522742040446982,0.7768650377161328,34.57515193249899,2.427703242862915,418,437,375,435,34.57515193249899,NEUTRAL,program,sonic_drive_three_laps.py,function,ec959a186dbd8278df967871b3a34262848e2c5ecc08c20aa12abb30068f0552,右壁追従 | target_deg=1.942,,214.5374794008625,117.30497290691874,83.67246707090071,230.7939757924763,33.302941232139766,0,58.1,35.468255503971704,1
58.15,397.3548334658087,283.4329380730842,-89.38566658537178,27.556119304694896,0.7523473073929863,34.58856006626946,2.351085335603082,418,437,375,435,34.58856006626946,NEUTRAL,program,sonic_drive_three_laps.py,function,ec959a186dbd8278df967871b3a34262848e2c5ecc08c20aa12abb30068f0552,右壁追従 | target_deg=1.880,,215.7441945589024,119.11402508305912,82.3958170822469,230.27320314492636,37.13899983736862,0,58.15,35.4675296480587,1
58.2,395.9762492341635,283.44700858726674,-89.44479575780215,27.584269331304405,0.7290735385678867,34.60128790859569,2.278354808024646,418,437,375,435,34.60128790859569,NEUTRAL,program,sonic_drive_three_laps.py,function,ec959a186dbd8278df967871b3a34262848e2c5ecc08c20aa12abb30068f0552,右壁追従 | target_deg=1.822,,215.20970100477513,118.79034522977217,82.59694391162922,231.5569297614443,38.70519163165449,0,58.2,35.46780103773477,1
58.25,394.596441774186,283.4596647513465,-89.50415259563353,27.60586195005738,0.7312389580976638,34.60010369479034,2.2851217440551994,418,437,375,435,34.60010369479034,NEUTRAL,program,sonic_drive_three_laps.py,function,ec959a186dbd8278df967871b3a34262848e2c5ecc08c20aa12abb30068f0552,右壁追従 | target_deg=1.828,,213.30648965832575,118.39442259265354,82.46804879927898,228.8469755756529,36.60973790233805,0,58.25,35.46955285482596,1
58.3,393.2157576818999,283.4708755105443,-89.56541722831247,27.62031800334062,0.7542668293703746,34.58751032768808,2.3570838417824205,418,437,375,435,34.58751032768808,NEUTRAL,program,sonic_drive_three_laps.py,function,ec959a186dbd8278df967871b3a34262848e2c5ecc08c20aa12abb30068f0552,右壁追従 | target_deg=1.885,,210.27338663435893,114.11589841875792,82.83716805483282,225.81437486272353,34.037848079905196,0,58.3,35.47322455647867,1
58.35,391.8344226111572,283.48061917980874,-89.62628957942653,27.632026575978358,0.7490906723763942,34.59034103854416,2.340908351176232,418,437,375,435,34.59034103854416,NEUTRAL,program,sonic_drive_three_laps.py,function,ec959a186dbd8278df967871b3a34262848e2c5ecc08c20aa12abb30068f0552,右壁追従 | target_deg=1.872,,211.4072002109888,116.24482549493878,82.75742374591742,227.77591364440696,36.311858298426074,0,58.35,35.4782794984157,1
58.4,390.45250473947016,283.48892068076384,-89.68534064583909,27.64333575592864,0.7263790505084267,34.60276145675321,2.269934532838833,418,437,375,435,34.60276145675321,NEUTRAL,program,sonic_drive_three_laps.py,function,ec959a186dbd8278df967871b3a34262848e2c5ecc08c20aa12abb30068f0552,右壁追従 | target_deg=1.815,,208.02906156197406,116.7519695965789,81.380042949811,227.25656030085494,37.61623046850663,0,58.4,35.48434472243679,1
58.45,389.0700984327417,283.4957974697298,-89.744627616816,27.65183521101618,0.7290270571905334,34.601313328098925,2.278209553720417,418,437,375,435,34.601313328098925,NEUTRAL,program,sonic_drive_three_laps.py,function,ec959a186dbd8278df967871b3a34262848e2c5ecc08c20aa12abb30068f0552,右壁追従 | target_deg=1.822,,209.8891982946473,118.34751542133178,81.11866281716502,228.94317700443628,35.36385707163153,0,58.45,35.49190282024017,1
58.5,387.6872704325995,283.50126113813906,-89.80261396130635,27.660017034004262,0.712821306528445,34.61017584799225,2.2275665829013906,418,437,375,435,34.61017584799225,NEUTRAL,program,sonic_drive_three_laps.py,function,ec959a186dbd8278df967871b3a34262848e2c5ecc08c20aa12abb30068f0552,右壁追従 | target_deg=1.782,,206.02089129530532,117.70999021800586,80.64274803372174,226.90382765240116,37.257974547039765,0,58.5,35.50056779076158,1
58.55,386.30407153653084,283.5053303831712,-89.86026909305448,27.666774885594666,0.7085625894589695,34.61250483388962,2.21425809205928,418,437,375,435,34.61250483388962,NEUTRAL,program,sonic_drive_three_laps.py,function,ec959a186dbd8278df967871b3a34262848e2c5ecc08c20aa12abb30068f0552,右壁追従 | target_deg=1.771,,204.2247467313833,117.92018576825119,79.9023447375116,225.86161642378383,35.92374328346491,0,58.55,35.51055668701531,1
58.6,384.9206565879731,283.5079818921555,-89.92010036403423,27.669384372904904,0.7351907476343463,34.597942559887464,2.297471086357332,418,437,375,435,34.597942559887464,NEUTRAL,program,sonic_drive_three_laps.py,function,ec959a186dbd8278df967871b3a34262848e2c5ecc08c20aa12abb30068f0552,右壁追従 | target_deg=1.837,,202.19042078382355,114.41277837875735,83.2337639913455,223.78246289155274,35.3675353136857,0,58.6,35.522504673422816,1
58.65,383.5371825125969,283.5091704306474,-89.98145439028353,27.669564225187585,0.7538687148635441,34.587728046559,2.3558397339485753,418,437,375,435,34.587728046559,NEUTRAL,program,sonic_drive_three_laps.py,function,ec959a186dbd8278df967871b3a34262848e2c5ecc08c20aa12abb30068f0552,右壁追従 | target_deg=1.884,,204.03579434437603,117.53804138213637,82.61931659500641,223.3856102169937,34.15800318625321,0,58.65,35.212989759634084,1
58.7,382.15363172786357,283.5089000404422,-90.04094047595923,27.671970199823534,0.7308792362495323,34.60030041767604,2.2839976132797886,418,437,375,435,34.60030041767604,NEUTRAL,program,sonic_drive_three_laps.py,function,ec959a186dbd8278df967871b3a34262848e2c5ecc08c20aa12abb30068f0552,右壁追従 | target_deg=1.827,,203.24901779043032,117.10520066233815,81.55258833555607,225.66393831156597,37.52751554400368,0,58.7,34.89914500926194,1
58.75,380.7699793490567,283.5071925994821,-90.10046658931313,27.673790825945225,0.7313167476329784,34.600061153638215,2.2853648363530574,418,437,375,435,34.600061153638215,NEUTRAL,program,sonic_drive_three_laps.py,function,ec959a186dbd8278df967871b3a34262848e2c5ecc08c20aa12abb30068f0552,右壁追従 | target_deg=1.828,,199.85519713549832,117.7465130307709,82.22343756123956,226.0820550498883,36.48464692253816,0,58.75,34.63642701792104,1
58.8,379.3862385707669,283.50405144356006,-90.15966113230368,27.67560745503686,0.7271958562703317,34.60231476610216,2.2724870508447865,418,437,375,435,34.60231476610216,NEUTRAL,program,sonic_drive_three_laps.py,function,ec959a186dbd8278df967871b3a34262848e2c5ecc08c20aa12abb30068f0552,右壁追従 | target_deg=1.817,,200.78143493261013,115.48359482513342,81.20488953970316,223.79224137421764,36.05178763521646,0,58.8,34.42585755719032,1
58.85,378.00253147172845,283.49944513685386,-90.22180826779199,27.673437230118218,0.7634801236164905,34.58247180739723,2.385875386301533,418,437,375,435,34.58247180739723,NEUTRAL,program,sonic_drive_three_laps.py,function,ec959a186dbd8278df967871b3a34262848e2c5ecc08c20aa12abb30068f0552,右壁追従 | target_deg=1.908,,193.7522832025448,115.55166151075093,85.28542613442414,222.75855572516707,34.95602406011262,0,58.85,34.2691190372957,1
58.9,376.6189103726678,283.49334282838555,-90.28358190556635,27.67220409628785,0.7589362158890325,34.58495675693569,2.3716756746532264,418,437,375,435,34.58495675693569,NEUTRAL,program,sonic_drive_three_laps.py,function,ec959a186dbd8278df967871b3a34262848e2c5ecc08c20aa12abb30068f0552,右壁追従 | target_deg=1.897,,194.16477741930115,117.13780235859213,80.64088981623615,221.6572759009179,33.5344659347444,0,58.9,34.166221342134854,1
58.95,375.23528537567586,283.485769967933,-90.34359469393135,27.673382158444177,0.7372993153377745,34.59678943692466,2.304060360430545,418,437,375,435,34.59678943692466,NEUTRAL,program,sonic_drive_three_laps.py,function,ec959a186dbd8278df967871b3a34262848e2c5ecc08c20aa12abb30068f0552,右壁追従 | target_deg=1.843,,195.50394845709747,111.77894868998294,81.94875417318916,225.13485582628536,37.42506217426947,0,58.95,34.117240602608824,1
59.0,373.85176504823767,283.47670018065173,-90.4076094306823,27.669442351892734,0.7865144512066382,34.56987490949637,2.4578576600207445,418,437,375,435,34.56987490949637,NEUTRAL,program,sonic_drive_three_laps.py,function,ec959a186dbd8278df967871b3a34262848e2c5ecc08c20aa12abb30068f0552,右壁追従 | target_deg=1.966,,191.7469992025673,114.13794726959941,86.97793346947957,223.89096125064694,34.2780675556063,0,59.0,34.12066491300216,1
59.05,372.46832795701965,283.4661174705964,-90.46895055066048,27.669624931730485,0.7537085273069158,34.587815649129034,2.355339147834112,418,437,375,435,34.587815649129034,NEUTRAL,program,sonic_drive_three_laps.py,function,ec959a186dbd8278df967871b3a34262848e2c5ecc08c20aa12abb30068f0552,右壁追従 | target_deg=1.884,,192.9549875164991,115.11118616629383,81.04089227760726,221.16848846693742,36.29561786142716,0,59.05,34.13437266249795,1
59.1,371.08491004908257,283.45404879946784,-90.53069876004874,27.669272872225356,0.758713767500383,34.58507840839823,2.3709805234386967,418,437,375,435,34.58507840839823,NEUTRAL,program,sonic_drive_three_laps.py,function,ec959a186dbd8278df967871b3a34262848e2c5ecc08c20aa12abb30068f0552,右壁追従 | target_deg=1.896,,188.88620819950341,112.64051521769323,84.08299846561987,223.44457664959404,36.30308973180494,0,59.1,34.14662641477201,1
59.15,369.70158147279324,283.4404701532721,-90.5940869863805,27.667009395968456,0.7789049692994736,34.57403634491435,2.434078029060855,418,437,375,435,34.57403634491435,NEUTRAL,program,sonic_drive_three_laps.py,function,ec959a186dbd8278df967871b3a34262848e2c5ecc08c20aa12abb30068f0552,右壁追従 | target_deg=1.947,,188.23345175614367,115.88778443451686,85.70631341564803,220.84743871052243,35.57130510842562,0,59.15,34.15761873014572,1
59.2,368.31836138381254,283.4253638475057,-90.6573308654838,27.66542574589283,0.7771835100713668,34.574977767929724,2.428698468973021,418,437,375,435,34.574977767929724,NEUTRAL,program,sonic_drive_three_laps.py,function,ec959a186dbd8278df967871b3a34262848e2c5ecc08c20aa12abb30068f0552,右壁追従 | target_deg=1.942,,183.78066977424655,114.66490131298124,81.93792873952538,219.89918102726688,33.48787724397298,0,59.2,34.16700214145818,1
59.25,366.9352129651083,283.4087360967256,-90.72018443034636,27.66466885316946,0.7724179168742367,34.5775839517094,2.4138059902319897,418,437,375,435,34.5775839517094,NEUTRAL,program,sonic_drive_three_laps.py,function,ec959a186dbd8278df967871b3a34262848e2c5ecc08c20aa12abb30068f0552,右壁追従 | target_deg=1.930,,187.16581838688305,115.56943260131145,81.47615554473279,217.13965109898086,33.54308320523926,0,59.25,34.174753852954105,1
59.3,365.55208211000513,283.390602255652,-90.78210731744574,27.665210133624996,0.7609812699074037,34.583838368019386,2.3780664684606365,418,437,375,435,34.583838368019386,NEUTRAL,program,sonic_drive_three_laps.py,function,ec959a186dbd8278df967871b3a34262848e2c5ecc08c20aa12abb30068f0552,右壁追従 | target_deg=1.902,,184.8674117523748,115.7892036461851,79.95099167232335,216.9121748428502,33.21292030887319,0,59.3,34.18084089892805,1
59.35,364.16898406660226,283.370962025717,-90.84500315576076,27.664450017606597,0.7729434371004945,34.577296557835666,2.415448240939045,418,437,375,435,34.577296557835666,NEUTRAL,program,sonic_drive_three_laps.py,function,ec959a186dbd8278df967871b3a34262848e2c5ecc08c20aa12abb30068f0552,右壁追従 | target_deg=1.932,,181.74151485364564,114.78850499592363,83.87574991655154,220.74346711567148,34.70569793327726,0,59.35,34.18544932855572,1
59.4,362.78362900012604,283.3504972370785,-90.84644510559376,27.740069772918964,0.0,35.0,0.0,418,435,375,435,35.0,NEUTRAL,program,sonic_drive_three_laps.py,function,ec959a186dbd8278df967871b3a34262848e2c5ecc08c20aa12abb30068f0552,右壁追従 | target_deg=0.000,,182.01468086246925,116.48827511223432,85.23251081140525,218.3176716716389,175.64835425445133,0,59.4,34.18553401354222,1
59.45,361.397375837979,283.33076479785456,-90.78308454832859,27.71987691502043,-0.7989317658608255,34.563084190544856,-2.4966617683150796,418,432,375,435,34.563084190544856,NEUTRAL,program,sonic_drive_three_laps.py,function,ec959a186dbd8278df967871b3a34262848e2c5ecc08c20aa12abb30068f0552,右壁追従 | target_deg=-1.997,,181.0712136539592,115.51182201101585,85.65244129685667,215.96828743777098,174.4818335360111,0,59.45,34.183974316977064,1
59.5,360.01295781281254,283.31295538983085,-90.69096102820893,27.67149509083784,-1.1309927221021838,34.381488355100366,-3.534352256569324,417,431,375,435,34.381488355100366,NEUTRAL,program,sonic_drive_three_laps.py,function,ec959a186dbd8278df967871b3a34262848e2c5ecc08c20aa12abb30068f0552,右壁追従 | target_deg=-2.826,,177.73923543855855,114.32013160686515,80.99303997742373,218.78105841962855,175.58323097137534,0,59.5,34.18380600314265,1
59.55,358.6311478596196,283.2975797441136,-90.58406705962292,27.615896804026356,-1.3147725320725103,34.28098377152285,-4.108664162726595,417,430,375,435,34.28098377152285,NEUTRAL,program,sonic_drive_three_laps.py,function,ec959a186dbd8278df967871b3a34262848e2c5ecc08c20aa12abb30068f0552,右壁追従 | target_deg=-3.284,,176.374498934443,114.3296110328216,81.44258669509655,218.12282661139105,176.84511452580261,0,59.55,34.186040034256244,1
59.6,357.2519660977096,283.2848874931025,-90.47045948252241,27.564424592396318,-1.4000057210026549,34.23437187132667,-4.3750178781332965,417,430,375,435,34.23437187132667,NEUTRAL,program,sonic_drive_three_laps.py,function,ec959a186dbd8278df967871b3a34262848e2c5ecc08c20aa12abb30068f0552,右壁追従 | target_deg=-3.496,,175.99885071749307,115.67552947510845,83.49896732555457,212.29178427436688,177.1347687247671,0,59.6,34.190973674599014,1
59.65,355.8750947635428,283.2749804132697,-90.35405338498036,27.520913815685084,-1.4369078452304973,34.21419102213957,-4.490337016345304,417,430,375,435,34.21419102213957,NEUTRAL,program,sonic_drive_three_laps.py,function,ec959a186dbd8278df967871b3a34262848e2c5ecc08c20aa12abb30068f0552,右壁追従 | target_deg=-3.588,,175.07468306106398,118.38928239290075,83.75869829729223,212.27175123677029,176.221808912476,0,59.65,34.19863822723385,1
59.7,354.5001671323297,283.2679054890817,-90.23559178538518,27.48450252847814,-1.4643546627283217,34.19918104382045,-4.576108321026005,417,430,375,435,34.19918104382045,NEUTRAL,program,sonic_drive_three_laps.py,function,ec959a186dbd8278df967871b3a34262848e2c5ecc08c20aa12abb30068f0552,右壁追従 | target_deg=-3.657,,174.50058844084563,115.84354865061482,81.80766198873656,213.13817862615184,175.3055659049857,0,59.7,34.209085017057504,1
59.75,353.12692864885895,283.26371848941,-90.11379642287231,27.452051859422028,-1.507409996163189,34.17563515834826,-4.710656238009966,417,430,375,435,34.17563515834826,NEUTRAL,program,sonic_drive_three_laps.py,function,ec959a186dbd8278df967871b3a34262848e2c5ecc08c20aa12abb30068f0552,右壁追従 | target_deg=-3.764,,170.77441400230293,116.40833771173709,81.61200366887334,213.53656093554505,178.92443262582066,0,59.75,34.22253857974134,1
59.8,351.7551289340754,283.26246435779416,-89.99096585072868,27.42549388284342,-1.5218164748391945,34.16775661532232,-4.755676483872483,417,430,375,435,34.16775661532232,NEUTRAL,program,sonic_drive_three_laps.py,function,ec959a186dbd8278df967871b3a34262848e2c5ecc08c20aa12abb30068f0552,右壁追従 | target_deg=-3.800,,170.4545181702265,117.47498114081533,80.58741259926235,213.14186116166894,176.7379812741791,0,59.8,34.23883507661889,1
59.85,350.3843801234923,283.26411733978,-89.87084859001581,27.408121573288692,-1.4893550340202648,34.18550896577017,-4.654234481313328,417,430,375,435,34.18550896577017,NEUTRAL,program,sonic_drive_three_laps.py,function,ec959a186dbd8278df967871b3a34262848e2c5ecc08c20aa12abb30068f0552,右壁追従 | target_deg=-3.719,,168.4684194404126,116.5888819558821,83.1492049890095,210.30993605678793,173.8971834174684,0,59.85,34.25743864383192,1
59.9,349.0143982573179,283.2686439669247,-89.75052495747872,27.39433050894444,-1.4927404843646834,34.183657547613066,-4.664814013639636,417,430,375,435,34.183657547613066,NEUTRAL,program,sonic_drive_three_laps.py,function,ec959a186dbd8278df967871b3a34262848e2c5ecc08c20aa12abb30068f0552,右壁追従 | target_deg=-3.727,,166.95285149462856,116.0870910225125,86.1845794641407,211.68924335694874,179.72455870807738,0,59.9,34.27874597685403,1
59.95,347.64502078279565,283.2760425515165,-89.63035642160092,27.383773530041147,-1.4914612902436613,34.184357106898,-4.660816532011442,417,430,375,435,34.184357106898,NEUTRAL,program,sonic_drive_three_laps.py,function,ec959a186dbd8278df967871b3a34262848e2c5ecc08c20aa12abb30068f0552,右壁追従 | target_deg=-3.724,,164.6864107245502,116.40788063394584,83.43171928886225,208.86275845368698,176.55596814986768,0,59.95,34.30269264840679,1
60.0,346.2761045511309,283.2863050992389,-89.51058494122316,27.376033957023328,-1.4870160623106934,34.18678809092384,-4.646925194720917,417,430,375,435,34.18678809092384,NEUTRAL,program,sonic_drive_three_laps.py,function,ec959a186dbd8278df967871b3a34262848e2c5ecc08c20aa12abb30068f0552,右壁追従 | target_deg=-3.713,,166.1560573863632,116.40344750508243,83.05878659433701,209.40249643026584,175.6773042643079,0,60.0,34.32921747352925,1
60.05,344.9075870334459,283.2994381150122,-89.38976778558822,27.368718731427062,-1.5004025823102753,34.17946733779907,-4.6887580697196105,417,430,375,435,34.17946733779907,NEUTRAL,program,sonic_drive_three_laps.py,function,ec959a186dbd8278df967871b3a34262848e2c5ecc08c20aa12abb30068f0552,右壁追従 | target_deg=-3.747,,162.64593101002544,117.03705594361456,80.46939868655957,208.98653734485308,175.20817815807848,0,60.05,34.36344173047523,1
60.1,343.539406196391,283.31544971085293,-89.26924721823988,27.363382068707573,-1.4970555757853494,34.18129773199239,-4.678298674329217,417,430,375,435,34.18129773199239,NEUTRAL,program,sonic_drive_three_laps.py,function,ec959a186dbd8278df967871b3a34262848e2c5ecc08c20aa12abb30068f0552,右壁追従 | target_deg=-3.738,,161.96466024079535,118.51679912376397,82.87622271577924,206.06291951590538,176.20126457922478,0,60.1,34.437741184244956,1
60.15,342.17152250350904,283.3343449693887,-89.14794318867945,27.358260749572565,-1.5070695453339993,34.17582134239547,-4.709592329168748,417,430,375,435,34.17582134239547,NEUTRAL,program,sonic_drive_three_laps.py,function,ec959a186dbd8278df967871b3a34262848e2c5ecc08c20aa12abb30068f0552,右壁追従 | target_deg=-3.763,,160.12073283743865,114.820210864857,80.43402335913513,203.2543215571398,175.34671763714442,0,60.15,34.55825193738043,1
60.2,340.80390474519544,283.35613295980323,-89.0266135705569,27.35423803683419,-1.5076328310291558,34.17551329553093,-4.711352596966112,417,430,375,435,34.17551329553093,NEUTRAL,program,sonic_drive_three_laps.py,function,ec959a186dbd8278df967871b3a34262848e2c5ecc08c20aa12abb30068f0552,右壁追従 | target_deg=-3.765,,158.78022036161795,113.16277561649973,80.26911027914684,206.3583556794296,174.53670989467298,0,60.2,34.72431068720909,1
60.25,339.43650775881383,283.3808129973172,-88.90535720026551,27.35119295001383,-1.5069120577259858,34.175907468431106,-4.709100180393706,417,430,375,435,34.175907468431106,NEUTRAL,program,sonic_drive_three_laps.py,function,ec959a186dbd8278df967871b3a34262848e2c5ecc08c20aa12abb30068f0552,右壁追従 | target_deg=-3.763,,157.58517988842303,112.29687703405145,81.58692575340585,204.88556626686625,175.71704506390714,0,60.25,34.9352741285126,1
60.3,338.0692615449847,283.4083732542678,-88.78507694705509,27.350019276048567,-1.4948915002882601,34.182481210779855,-4.671535938400813,417,430,375,435,34.182481210779855,NEUTRAL,program,sonic_drive_three_laps.py,function,ec959a186dbd8278df967871b3a34262848e2c5ecc08c20aa12abb30068f0552,右壁追従 | target_deg=-3.733,,159.30491612845756,110.89630150741391,82.72068109712632,202.3949753153249,175.28610952497243,0,60.3,35.190209366316125,1
60.35,336.70216137468634,283.43881275678234,-88.66387824249496,27.347975943246826,-1.5063946756164472,34.176190411772254,-4.7074833613013976,417,430,375,435,34.176190411772254,NEUTRAL,program,sonic_drive_three_laps.py,function,ec959a186dbd8278df967871b3a34262848e2c5ecc08c20aa12abb30068f0552,右壁追従 | target_deg=-3.761,,154.55645164166995,110.03191615163756,82.6180616759273,201.84000344654672,177.5957758993037,0,60.35,35.488620053227656,1
60.4,335.3351221732835,283.47211387284693,-88.5452198962476,27.349505408221397,-1.4748281426910095,34.193453359465856,-4.608837945909404,417,430,375,435,34.193453359465856,NEUTRAL,program,sonic_drive_three_laps.py,function,ec959a186dbd8278df967871b3a34262848e2c5ecc08c20aa12abb30068f0552,右壁追従 | target_deg=-3.683,,152.92452134732858,111.89190757832758,84.41919806900064,202.61999663259897,174.3236650278059,0,60.4,35.8288373403597,1
60.45,333.9680552434389,283.50823800983335,-88.42745349274232,27.351793237740353,-1.4636405302137125,34.19957158503938,-4.573876656917852,417,430,375,435,34.19957158503938,NEUTRAL,program,sonic_drive_three_laps.py,function,ec959a186dbd8278df967871b3a34262848e2c5ecc08c20aa12abb30068f0552,右壁追従 | target_deg=-3.655,,154.67917058693035,110.59458696625306,86.33450306966525,200.73688401014812,177.0067047534435,0,60.45,36.210171839830274,1
60.5,332.60102726471473,283.5471924669528,-88.30806004136417,27.35157676637685,-1.4838110117299967,34.18854085296016,-4.63690941165624,417,430,375,435,34.18854085296016,NEUTRAL,program,sonic_drive_three_laps.py,function,ec959a186dbd8278df967871b3a34262848e2c5ecc08c20aa12abb30068f0552,右壁追従 | target_deg=-3.705,,150.6620242396531,110.77321555203133,82.67015298994042,204.96253530520175,176.86029741586574,0,60.5,36.63186783875634,1
60.55,331.2340798389652,283.5889914397171,-88.18901268971285,27.35183334701106,-1.47950788591699,34.19089412488915,-4.623462143490594,417,430,375,435,34.19089412488915,NEUTRAL,program,sonic_drive_three_laps.py,function,ec959a186dbd8278df967871b3a34262848e2c5ecc08c20aa12abb30068f0552,右壁追従 | target_deg=-3.694,,150.39646556972068,110.53242574836993,84.93657307661898,201.6405722232961,177.09605883093758,0,60.55,37.09224714804022,1
60.6,329.8739249884026,283.6348192061848,-87.9273274122614,27.131178687411644,-3.71950788591699,32.96589412488915,-11.623462143490594,416,422,375,435,32.96589412488915,NEUTRAL,program,sonic_drive_three_laps.py,function,ec959a186dbd8278df967871b3a34262848e2c5ecc08c20aa12abb30068f0552,右回避 | target_deg=-9.231,,149.27651018734315,108.07570823789906,83.70081594238891,202.53576565248596,177.76835637469247,0,60.6,37.60980908361081,1
60.65,328.53026478191845,283.6882935347072,-87.49056214840803,26.739397483775175,-5.959507885916989,31.740894124889145,-18.623462143490592,414,415,375,435,31.740894124889145,NEUTRAL,program,sonic_drive_three_laps.py,function,ec959a186dbd8278df967871b3a34262848e2c5ecc08c20aa12abb30068f0552,右回避 | target_deg=-14.626,,144.9240266530607,108.4212190214333,83.32539888599263,201.2786401394815,172.66332907958687,0,60.65,38.17779979872541,1
60.7,327.21071372616626,283.7528363440438,-86.88505227306375,26.215054921816254,-8.19950788591699,30.515894124889147,-25.623462143490592,413,408,375,435,30.515894124889147,NEUTRAL,program,sonic_drive_three_laps.py,function,ec959a186dbd8278df967871b3a34262848e2c5ecc08c20aa12abb30068f0552,右回避 | target_deg=-19.811,,144.62797763508243,105.28990806979472,81.91617567263623,196.78531629305314,176.58148775800868,0,60.7,38.783741934084944,1
60.75,325.9212975507815,283.83139186978616,-86.11863251396228,25.588025112714135,-10.439507885916989,29.290894124889146,-32.62346214349059,411,400,375,435,29.290894124889146,NEUTRAL,program,sonic_drive_three_laps.py,function,ec959a186dbd8278df967871b3a34262848e2c5ecc08c20aa12abb30068f0552,右回避 | target_deg=-24.732,,142.91473852607265,108.31608829890666,81.70668836720239,197.80789455703368,176.94518745322378,0,60.75,39.41656082446451,1
60.8,324.6668372527775,283.92635267656055,-85.20008542216337,24.881449719142385,-12.679507885916989,28.065894124889144,-39.62346214349059,410,393,375,435,28.065894124889144,NEUTRAL,program,sonic_drive_three_laps.py,function,ec959a186dbd8278df967871b3a34262848e2c5ecc08c20aa12abb30068f0552,右回避 | target_deg=-29.356,,146.3585776679992,107.86004135769949,85.18192172220795,191.90020925639683,179.10172521281208,0,60.8,40.066768352431026,1
60.85,323.45123847035444,284.0395272367341,-84.13876715628815,24.113255184103227,-14.919507885916989,26.84089412488915,-46.62346214349059,408,386,375,435,26.84089412488915,NEUTRAL,program,sonic_drive_three_laps.py,function,ec959a186dbd8278df967871b3a34262848e2c5ecc08c20aa12abb30068f0552,右回避 | target_deg=-33.668,,142.00652823164398,105.66754470128271,84.93807233359067,193.37085254600697,175.65800137977143,0,60.85,40.72647123696427,1
60.9,322.2777062475315,284.1721349058003,-82.94436022845852,23.29732803611646,-17.15950788591699,25.615894124889145,-53.62346214349059,407,378,375,435,25.615894124889145,NEUTRAL,program,sonic_drive_three_laps.py,function,ec959a186dbd8278df967871b3a34262848e2c5ecc08c20aa12abb30068f0552,右回避 | target_deg=-37.666,,142.93209212439555,103.73051505656142,83.68667621613967,191.39875263707077,176.22137591194107,0,60.9,41.38927489670873,1
60.95,321.14890147700197,284.3248185339951,-81.62671712211805,22.444425326890965,-19.39950788591699,24.390894124889147,-60.62346214349059,405,371,375,435,24.390894124889147,NEUTRAL,program,sonic_drive_three_laps.py,function,ec959a186dbd8278df967871b3a34262848e2c5ecc08c20aa12abb30068f0552,右回避 | target_deg=-41.360,,140.34847943694785,103.78356472925442,84.71827097099151,185.38917550086535,176.57440794509486,0,60.95,42.050132262644055,1
61.0,320.06705213949095,284.49766822568864,-80.19576905898921,21.562879892189283,-21.63950788591699,23.165894124889146,-67.6234621434906,403,363,375,435,23.165894124889146,NEUTRAL,program,sonic_drive_three_laps.py,function,ec959a186dbd8278df967871b3a34262848e2c5ecc08c20aa12abb30068f0552,右回避 | target_deg=-44.765,,140.8266896695259,105.46482713070203,84.82650876192768,187.8592947593159,175.60035987485224,0,61.0,42.70516962807472,1
61.05,319.0340298483399,284.6902520869598,-78.66148174353091,20.659146674659716,-23.879507885916993,21.940894124889144,-74.6234621434906,402,356,375,435,21.940894124889144,NEUTRAL,program,sonic_drive_three_laps.py,function,ec959a186dbd8278df967871b3a34262848e2c5ecc08c20aa12abb30068f0552,右回避 | target_deg=-47.901,,142.4972301824735,104.17313369338913,88.1748402003939,186.69606737259596,175.66575828577038,0,61.05,43.35150896079372,2
61.1,318.0514000950261,284.9016513995993,-77.03384543522414,19.738225927010976,-26.119507885916992,20.715894124889147,-81.6234621434906,400,349,375,435,20.715894124889147,NEUTRAL,program,sonic_drive_three_laps.py,function,ec959a186dbd8278df967871b3a34262848e2c5ecc08c20aa12abb30068f0552,右回避 | target_deg=-50.792,,138.9766118969423,105.02136578810398,86.35576909278701,184.23081383949264,175.67159902337988,0,61.1,43.9870973864725,2
61.15,317.12045290306094,285.130498715306,-75.32289076820518,18.803991041852907,-28.35950788591699,19.490894124889145,-88.6234621434906,399,341,375,435,19.490894124889145,NEUTRAL,program,sonic_drive_three_laps.py,function,ec959a186dbd8278df967871b3a34262848e2c5ecc08c20aa12abb30068f0552,右回避 | target_deg=-53.460,,138.25344462396964,105.26283099741632,87.21141381763006,182.96647540665296,178.89092016685774,0,61.15,44.610548866016636,2
61.2,316.2422192620458,285.3750180298468,-73.53872477981123,17.8594425015979,-30.599507885916992,18.265894124889144,-95.6234621434906,397,334,375,435,18.265894124889144,NEUTRAL,program,sonic_drive_three_laps.py,function,ec959a186dbd8278df967871b3a34262848e2c5ecc08c20aa12abb30068f0552,右回避 | target_deg=-55.927,,139.70194377446632,104.65627964361953,88.81028476053667,182.6572185767227,178.2701427205326,0,61.2,45.22099956561876,2
61.25,315.41505116250613,285.6336866183749,-71.7230094925633,16.989676109326677,-32.0,17.5,-100.0,396,330,375,435,17.5,NEUTRAL,program,sonic_drive_three_laps.py,function,ec959a186dbd8278df967871b3a34262848e2c5ecc08c20aa12abb30068f0552,右回避 | target_deg=-57.375,,140.5471458001495,106.80100179165319,91.19312390326685,178.2306446802316,177.71504032461368,0,61.25,45.813192142590026,2
61.3,314.6318265051447,285.9056693857022,-69.97682980119963,16.315920818869067,-32.0,17.5,-100.0,396,330,375,435,17.5,NEUTRAL,program,sonic_drive_three_laps.py,function,ec959a186dbd8278df967871b3a34262848e2c5ecc08c20aa12abb30068f0552,右回避 | target_deg=-57.375,,138.8969620364871,111.25518851515356,91.828245036388,177.22671371928226,180.78731188870918,0,61.3,46.372658518874545,2
61.35,313.8842860533196,286.19061340389953,-68.29194012954754,15.7940034449013,-32.0,17.5,-100.0,396,330,375,435,17.5,NEUTRAL,program,sonic_drive_three_laps.py,function,ec959a186dbd8278df967871b3a34262848e2c5ecc08c20aa12abb30068f0552,右回避 | target_deg=-57.375,,143.90962230150222,109.5767237620075,91.32551758286021,175.56587098254624,182.9813427733299,0,61.35,46.904232136397454,2
61.4,313.1661414162872,286.4884717712887,-66.65452812017338,15.389705698957961,-32.0,17.5,-100.0,396,330,375,435,17.5,NEUTRAL,program,sonic_drive_three_laps.py,function,ec959a186dbd8278df967871b3a34262848e2c5ecc08c20aa12abb30068f0552,右回避 | target_deg=-57.375,,139.10036007356567,112.32808357577261,94.43173088086827,180.2561646677888,183.35560207607074,0,61.4,47.41287217697581,2
61.45,312.47263285168793,286.7993585097607,-65.05389417721172,15.076520747607864,-32.0,17.5,-100.0,396,330,375,435,17.5,NEUTRAL,program,sonic_drive_three_laps.py,function,ec959a186dbd8278df967871b3a34262848e2c5ecc08c20aa12abb30068f0552,右回避 | target_deg=-57.375,,142.4390436586514,112.79215783265457,98.9604566241561,175.28193799089132,185.84971891921398,0,61.45,47.90234238300816,2
61.5,311.8001818496295,287.12345257528466,-63.48174997245839,14.833915354092,-32.0,17.5,-100.0,396,330,375,435,17.5,NEUTRAL,program,sonic_drive_three_laps.py,function,ec959a186dbd8278df967871b3a34262848e2c5ecc08c20aa12abb30068f0552,右回避 | target_deg=-57.375,,142.85725572847812,115.51307586210221,97.61602148648174,176.29729665731296,186.60064827489214,0,61.5,48.37549477058533,2
61.55,311.1461214289258,287.4609412974951,-61.93167504057212,14.64598366481618,-32.0,17.5,-100.0,396,330,375,435,17.5,NEUTRAL,program,sonic_drive_three_laps.py,function,ec959a186dbd8278df967871b3a34262848e2c5ecc08c20aa12abb30068f0552,右回避 | target_deg=-57.375,,145.33137772543367,116.47972974283982,102.04341760571185,173.3926624810762,190.7562786835337,0,61.55,48.83448557897572,2
61.6,310.50848711950425,287.81198843659894,-60.39869583632357,14.50040437936739,-32.0,17.5,-100.0,396,330,375,435,17.5,NEUTRAL,program,sonic_drive_three_laps.py,function,ec959a186dbd8278df967871b3a34262848e2c5ecc08c20aa12abb30068f0552,右回避 | target_deg=-57.375,,145.31626555057687,120.81239841984137,101.76550724837512,173.23117080295015,193.51135545648478,0,61.6,49.280939870546014,2
61.65,309.8858551546462,288.17671748850677,-58.87895965576794,14.387632933351835,-32.0,17.5,-100.0,396,330,375,435,17.5,NEUTRAL,program,sonic_drive_three_laps.py,function,ec959a186dbd8278df967871b3a34262848e2c5ecc08c20aa12abb30068f0552,右回避 | target_deg=-57.375,,148.3471839457532,122.87187809075114,101.48242006533562,172.7593352069488,196.09639777691717,0,61.65,49.71607713885911,2
61.7,309.27721730184936,288.55520430385695,-57.369482042747265,14.300275731417265,-32.0,17.5,-100.0,396,330,375,435,17.5,NEUTRAL,program,sonic_drive_three_laps.py,function,ec959a186dbd8278df967871b3a34262848e2c5ecc08c20aa12abb30068f0552,右回避 | target_deg=-57.375,,150.28543375035287,124.87748512563365,102.6605714004233,170.81545475249013,196.61308445754108,0,61.7,50.140807252441455,2
61.75,308.68188408510775,288.94747526428944,-55.867951120022525,14.232605403515432,-32.0,17.5,-100.0,396,330,375,435,17.5,NEUTRAL,program,sonic_drive_three_laps.py,function,ec959a186dbd8278df967871b3a34262848e2c5ecc08c20aa12abb30068f0552,右回避 | target_deg=-57.375,,153.32496412754477,126.63222537491954,102.76558005129718,165.99253672055787,201.05915353118394,0,61.75,50.55580379318951,2
61.8,308.09940998597506,289.353508645902,-54.37257601646499,14.18018530331841,-32.0,17.5,-100.0,396,330,375,435,17.5,NEUTRAL,program,sonic_drive_three_laps.py,function,ec959a186dbd8278df967871b3a34262848e2c5ecc08c20aa12abb30068f0552,右回避 | target_deg=-57.375,,154.38896790808658,124.36702904553053,103.55515601443746,168.47733102621967,202.11762306170792,0,61.8,50.961560144959144,2
61.85,307.5295356475259,289.77323768567646,-52.88196945279108,14.139578629908286,-32.0,17.5,-100.0,396,330,375,435,17.5,NEUTRAL,program,sonic_drive_three_laps.py,function,ec959a186dbd8278df967871b3a34262848e2c5ecc08c20aa12abb30068f0552,右回避 | target_deg=-57.375,,158.42472979326124,122.43771124918332,101.30208177135258,166.04951990939045,208.48208972542847,0,61.85,51.35843240455376,2
61.9,306.97214322515975,290.206554433747,-51.39505678785011,14.108123101985994,-32.0,17.5,-100.0,396,330,375,435,17.5,NEUTRAL,program,sonic_drive_three_laps.py,function,ec959a186dbd8278df967871b3a34262848e2c5ecc08c20aa12abb30068f0552,右回避 | target_deg=-57.375,,157.7882513065779,120.70278525822182,101.74418559972395,165.17849541644168,250.0,0,61.9,51.7466722173797,2
61.95,306.4272218984827,290.6533138373719,-49.9110055622977,14.08375641164235,-32.0,17.5,-100.0,396,330,375,435,17.5,NEUTRAL,program,sonic_drive_three_laps.py,function,ec959a186dbd8278df967871b3a34262848e2c5ecc08c20aa12abb30068f0552,右回避 | target_deg=-57.375,,161.10905987559798,122.26492958781668,102.4990439848242,165.21759338090274,249.53306373315704,0,61.95,52.12645190482155,2
62.0,305.89484123369255,291.11333773413935,-48.42917092035162,14.06488101397712,-32.0,17.5,-100.0,396,330,375,435,17.5,NEUTRAL,program,sonic_drive_three_laps.py,function,ec959a186dbd8278df967871b3a34262848e2c5ecc08c20aa12abb30068f0552,右回避 | target_deg=-57.375,,166.85327358088952,120.67843342798811,101.2196974821763,161.8088395316506,249.4231004231795,0,62.0,52.49788369167419,2
62.05,305.3751306091635,291.5864185787709,-46.949053331334596,14.050259387814684,-32.0,17.5,-100.0,396,330,375,435,17.5,NEUTRAL,program,sonic_drive_three_laps.py,function,ec959a186dbd8278df967871b3a34262848e2c5ecc08c20aa12abb30068f0552,右回避 | target_deg=-57.375,,171.50844962168085,119.4634956367385,102.21842505094217,163.15330161080843,248.72140666894776,0,62.05,52.86018866348791,2
62.1,304.86826332219846,292.0723228197882,-45.470265839117445,14.038932900530773,-32.0,17.5,-100.0,396,330,375,435,17.5,NEUTRAL,program,sonic_drive_three_laps.py,function,ec959a186dbd8278df967871b3a34262848e2c5ecc08c20aa12abb30068f0552,右回避 | target_deg=-57.375,,173.09428033249532,122.03572470178112,104.14998997478675,159.65977232647026,250.0,0,62.1,53.20087988619581,2
62.15,304.37444430866253,292.57079389862275,-43.99250869224778,14.030158957552924,-32.0,17.5,-100.0,396,330,375,435,17.5,NEUTRAL,program,sonic_drive_three_laps.py,function,ec959a186dbd8278df967871b3a34262848e2c5ecc08c20aa12abb30068f0552,右回避 | target_deg=-57.375,,176.71191195197704,118.16215172340858,102.01689463995447,160.19992469555203,250.0,0,62.15,53.51571877938584,2
62.2,303.8939006500293,293.08155487708194,-42.515549691449394,14.023362315889107,-32.0,17.5,-100.0,396,330,375,435,17.5,NEUTRAL,program,sonic_drive_three_laps.py,function,ec959a186dbd8278df967871b3a34262848e2c5ecc08c20aa12abb30068f0552,右回避 | target_deg=-57.375,,179.75672630114192,115.31865680405578,104.27413103250949,162.36913947340736,250.0,0,62.2,53.804593071150194,2
62.25,303.42687423023773,293.60431071766214,-41.03920896602108,14.018097369670176,-32.0,17.5,-100.0,396,330,375,435,17.5,NEUTRAL,program,sonic_drive_three_laps.py,function,ec959a186dbd8278df967871b3a34262848e2c5ecc08c20aa12abb30068f0552,右回避 | target_deg=-57.375,,180.2606188041651,115.04904688345978,103.604485767304,159.30866723948714,242.15782404748734,0,62.25,54.06738320305369,2
62.3,302.97361605007507,294.1387502504202,-39.563347181036136,14.014018935046234,-32.0,17.5,-100.0,396,330,375,435,17.5,NEUTRAL,program,sonic_drive_three_laps.py,function,ec959a186dbd8278df967871b3a34262848e2c5ecc08c20aa12abb30068f0552,右回避 | target_deg=-57.375,,180.35296204814026,118.95260464705497,105.22921825392585,159.21453766037283,248.63609211021284,0,62.3,54.30396852481649,2
62.35,302.5343818191694,294.6845478635119,-38.08785640217474,14.010859619017145,-32.0,17.5,-100.0,396,330,375,435,17.5,NEUTRAL,program,sonic_drive_three_laps.py,function,ec959a186dbd8278df967871b3a34262848e2c5ecc08c20aa12abb30068f0552,右回避 | target_deg=-57.375,,177.08635642442093,117.39075440024321,108.74332554674554,159.0665842203384,250.0,0,62.35,54.51423198415728,2
62.4,302.10942853254045,295.24136495440086,-36.61265301926315,14.008412288437645,-32.0,17.5,-100.0,396,330,375,435,17.5,NEUTRAL,program,sonic_drive_three_laps.py,function,ec959a186dbd8278df967871b3a34262848e2c5ecc08c20aa12abb30068f0552,右回避 | target_deg=-57.375,,172.73673145818813,117.11797778448928,109.58419849634559,158.06951633827956,250.0,0,62.4,54.69806367494131,2
62.45,301.69901180577824,295.808851176625,-35.13767226456923,14.006516489818512,-32.0,17.5,-100.0,396,330,375,435,17.5,NEUTRAL,program,sonic_drive_three_laps.py,function,ec959a186dbd8278df967871b3a34262848e2c5ecc08c20aa12abb30068f0552,右回避 | target_deg=-57.375,,172.02280501512604,114.98785198890168,106.69030757450452,159.84553486571835,250.0,0,62.45,54.85536351926741,2
62.5,301.30338379476837,296.38664551385875,-33.662863966457735,14.005047929569884,-32.0,17.5,-100.0,396,330,375,435,17.5,NEUTRAL,program,sonic_drive_three_laps.py,function,ec959a186dbd8278df967871b3a34262848e2c5ecc08c20aa12abb30068f0552,右回避 | target_deg=-57.375,,174.52740237017537,116.51601022009865,110.50153943471803,162.08160870100033,250.0,0,62.5,54.986043292566876,2
62.55,300.9227915659107,296.97437720943316,-32.18818926000455,14.003910324983567,-32.0,17.5,-100.0,396,330,375,435,17.5,NEUTRAL,program,sonic_drive_three_laps.py,function,ec959a186dbd8278df967871b3a34262848e2c5ecc08c20aa12abb30068f0552,右回避 | target_deg=-57.375,,170.0002571175549,117.48125728288325,111.7059666091375,162.89070496209794,250.0,0,62.55,55.0900281501749,2
62.6,300.5574758136709,297.5716665758422,-30.713618038909487,14.00302909168312,-32.0,17.5,-100.0,396,330,375,435,17.5,NEUTRAL,program,sonic_drive_three_laps.py,function,ec959a186dbd8278df967871b3a34262848e2c5ecc08c20aa12abb30068f0552,右回避 | target_deg=-57.375,,169.31533881695145,121.44290415948272,109.42735957170387,160.1297416409403,250.0,0,62.6,55.167257775373955,2
62.65,300.207669846129,298.1781257053028,-29.239126981647104,14.002346453674134,-32.0,17.5,-100.0,396,330,375,435,17.5,NEUTRAL,program,sonic_drive_three_laps.py,function,ec959a186dbd8278df967871b3a34262848e2c5ecc08c20aa12abb30068f0552,右回避 | target_deg=-57.375,,166.0872966024506,117.38573599231995,111.519753524947,162.58442491243326,249.7891481261666,0,62.65,55.21768723969291,2
62.7,299.87359877755836,298.79335909925504,-27.764698022445515,14.001817655396678,-32.0,17.5,-100.0,396,330,375,435,17.5,NEUTRAL,program,sonic_drive_three_laps.py,function,ec959a186dbd8278df967871b3a34262848e2c5ecc08c20aa12abb30068f0552,右回避 | target_deg=-57.375,,164.27729194392893,116.21624714559366,114.95293244668198,160.41937831708142,250.0,0,62.7,55.24128764407016,2
62.75,299.55547888121316,299.41696423184715,-26.290317166846734,14.00140802743199,-32.0,17.5,-100.0,396,330,375,435,17.5,NEUTRAL,program,sonic_drive_three_laps.py,function,ec959a186dbd8278df967871b3a34262848e2c5ecc08c20aa12abb30068f0552,右回避 | target_deg=-57.375,,164.93928682623107,121.55673243847258,115.42889649162811,160.90113451745873,248.94049895011182,0,62.75,55.23804659267913,2
62.8,299.25351706640515,300.04853205996136,-24.815973574192498,14.00109071348335,-32.0,17.5,-100.0,396,330,375,435,17.5,NEUTRAL,program,sonic_drive_three_laps.py,function,ec959a186dbd8278df967871b3a34262848e2c5ecc08c20aa12abb30068f0552,右回避 | target_deg=-57.375,,166.3346689589609,119.30397311690835,119.6806963531818,162.60114556814628,247.83986836236494,0,62.8,55.20796853846484,2
62.85,298.9679104523242,300.6876474901835,-23.341658846882183,14.00084490960597,-32.0,17.5,-100.0,396,330,375,435,17.5,NEUTRAL,program,sonic_drive_three_laps.py,function,ec959a186dbd8278df967871b3a34262848e2c5ecc08c20aa12abb30068f0552,右回避 | target_deg=-57.375,,161.7276198800668,121.77157898726634,119.91038080543007,161.31220383308965,250.0,0,62.85,55.1510750298057,2
62.9,298.6988460175087,301.333889811286,-21.867366479803678,14.000654500245169,-32.0,17.5,-100.0,396,330,375,435,17.5,NEUTRAL,program,sonic_drive_three_laps.py,function,ec959a186dbd8278df967871b3a34262848e2c5ecc08c20aa12abb30068f0552,右回避 | target_deg=-57.375,,161.53318653073745,120.67599971346351,120.57023237399578,159.15385129226792,250.0,0,62.9,55.06740488041792,2
62.95,298.4465003088211,301.9868330992409,-20.39309143384108,14.000507001657809,-32.0,17.5,-100.0,396,330,375,435,17.5,NEUTRAL,program,sonic_drive_three_laps.py,function,ec959a186dbd8278df967871b3a34262848e2c5ecc08c20aa12abb30068f0552,右回避 | target_deg=-57.375,,161.71091953743874,123.9730873213787,121.57214525818641,164.0893697681338,247.30635306532653,0,62.95,54.957014279116905,2
63.0,298.21103919758764,302.6460466004769,-18.918829805496813,14.00039274344497,-32.0,17.5,-100.0,396,330,375,435,17.5,NEUTRAL,program,sonic_drive_three_laps.py,function,ec959a186dbd8278df967871b3a34262848e2c5ecc08c20aa12abb30068f0552,右回避 | target_deg=-57.375,,159.93807982931384,125.80499769365943,120.43195166265788,167.82365387278276,57.09785009865512,0,63.0,54.81997685189773,2
63.05,297.9926176734759,303.3110950980115,-17.444578570967906,14.000304234534918,-32.0,17.5,-100.0,396,330,375,435,17.5,NEUTRAL,program,sonic_drive_three_laps.py,function,ec959a186dbd8278df967871b3a34262848e2c5ecc08c20aa12abb30068f0552,右回避 | target_deg=-57.375,,159.70766752451462,125.03926360423239,122.60529599302598,167.03116624535386,53.057245968802704,0,63.05,54.65638368567091,2
63.1,297.79137966892176,303.98153926418803,-15.970335387897649,14.000235672048566,-32.0,17.5,-100.0,396,330,375,435,17.5,NEUTRAL,program,sonic_drive_three_laps.py,function,ec959a186dbd8278df967871b3a34262848e2c5ecc08c20aa12abb30068f0552,右回避 | target_deg=-57.375,,159.2938256622203,129.1523798035181,122.51854777027737,171.19777135515767,54.547741782145046,0,63.1,54.466343320639425,2
63.15,297.6074579086289,304.656936003008,-14.496098441804236,14.000182560847309,-32.0,17.5,-100.0,396,330,375,435,17.5,NEUTRAL,program,sonic_drive_three_laps.py,function,ec959a186dbd8278df967871b3a34262848e2c5ecc08c20aa12abb30068f0552,右回避 | target_deg=-57.375,,156.09639780800396,130.2489909506774,119.12933079926967,169.4202919781878,54.893659669925114,0,63.15,54.249981716538166,2
63.2,297.4409737799719,305.33683878443935,-13.021866327118659,14.000141418819808,-32.0,17.5,-100.0,396,330,375,435,17.5,NEUTRAL,program,sonic_drive_three_laps.py,function,ec959a186dbd8278df967871b3a34262848e2c5ecc08c20aa12abb30068f0552,右回避 | target_deg=-57.375,,161.3917266759259,132.58881696292116,119.39751211104462,173.28781407043195,55.18818682873674,0,63.2,54.00744219663702,2
63.25,297.2920372211385,306.0207979725832,-11.547637955031774,14.000109548585531,-32.0,17.5,-100.0,396,330,375,435,17.5,NEUTRAL,program,sonic_drive_three_laps.py,function,ec959a186dbd8278df967871b3a34262848e2c5ecc08c20aa12abb30068f0552,右回避 | target_deg=-57.375,,156.05000030124424,133.89134626512381,118.85717715365149,175.6989666855335,65.35420338765948,0,63.25,53.73888537242102,2
63.3,297.16074662460665,306.7083611491773,-10.073412482109177,14.000084860647316,-32.0,17.5,-100.0,396,330,375,435,17.5,NEUTRAL,program,sonic_drive_three_laps.py,function,ec959a186dbd8278df967871b3a34262848e2c5ecc08c20aa12abb30068f0552,右回避 | target_deg=-57.375,,154.4846722399146,132.21485656210893,117.79487396166358,178.0967279460566,68.96179544928046,0,63.3,53.44448905112471,2
63.35,297.0471887541371,307.39907343358243,-8.599189254993377,14.000065736398405,-32.0,17.5,-100.0,396,330,375,435,17.5,NEUTRAL,program,sonic_drive_three_laps.py,function,ec959a186dbd8278df967871b3a34262848e2c5ecc08c20aa12abb30068f0552,右回避 | target_deg=-57.375,,151.84554408964314,139.44430520773687,117.28999604102563,180.57733245817045,76.61244758140474,0,63.35,53.12444812775192,2
63.4,296.9514386739054,308.0924778001326,-7.124967767567966,14.000050922002268,-32.0,17.5,-100.0,396,330,375,435,17.5,NEUTRAL,program,sonic_drive_three_laps.py,function,ec959a186dbd8278df967871b3a34262848e2c5ecc08c20aa12abb30068f0552,右回避 | target_deg=-57.375,,151.4830820554822,140.77738845272367,116.33114698909296,185.75920036925453,91.26016395477247,0,63.4,52.778974462804804,2
63.45,296.8735596887321,308.7881153935128,-5.650747627775189,14.000039446187774,-32.0,17.5,-100.0,396,330,375,435,17.5,NEUTRAL,program,sonic_drive_three_laps.py,function,ec959a186dbd8278df967871b3a34262848e2c5ecc08c20aa12abb30068f0552,右回避 | target_deg=-57.375,,149.51869682234113,146.946759093263,117.0246179703677,185.9411230328722,103.29304950211792,0,63.45,52.415559591712025,2
63.5,296.81360329462746,309.4855258426538,-4.1765285319117424,14.000030556570058,-32.0,17.5,-100.0,396,330,375,435,17.5,NEUTRAL,program,sonic_drive_three_laps.py,function,ec959a186dbd8278df967871b3a34262848e2c5ecc08c20aa12abb30068f0552,右回避 | target_deg=-57.375,,147.42648737046824,148.4316479194412,118.73370927290381,187.9926124963264,126.79720006067058,0,63.5,52.04432026398223,2
63.55,296.77160913905755,310.18424757349425,-2.70231024471704,14.000023670322191,-32.0,17.5,-100.0,396,330,375,435,17.5,NEUTRAL,program,sonic_drive_three_laps.py,function,ec959a186dbd8278df967871b3a34262848e2c5ecc08c20aa12abb30068f0552,右回避 | target_deg=-57.375,,147.96195440382346,151.57262660918641,114.47731664708992,192.36348371877986,163.91523846085337,0,63.55,51.66540564468273,2
63.6,296.747604990488,310.8838181208464,-1.2280925839490067,14.00001833596348,-32.0,17.5,-100.0,396,330,375,435,17.5,NEUTRAL,program,sonic_drive_three_laps.py,function,ec959a186dbd8278df967871b3a34262848e2c5ecc08c20aa12abb30068f0552,右回避 | target_deg=-57.375,,144.7410675962632,156.689491001838,115.47465272224441,250.0,237.74564860740566,0,63.6,51.278906984377514,2
63.65,296.7416067168664,311.5837744395126,0.24612459156429622,14.000014203759203,-32.0,17.5,-100.0,396,330,375,435,17.5,NEUTRAL,program,sonic_drive_three_laps.py,function,ec959a186dbd8278df967871b3a34262848e2c5ecc08c20aa12abb30068f0552,右回避 | target_deg=-57.375,,148.75645860917786,158.33051195750596,117.02364971312583,250.0,249.44258711270348,0,63.65,50.88491820354925,2
63.7,296.753618272789,312.28365321472745,1.7203413911801704,14.000011002791087,-32.0,17.5,-100.0,396,330,375,435,17.5,NEUTRAL,program,sonic_drive_three_laps.py,function,ec959a186dbd8278df967871b3a34262848e2c5ecc08c20aa12abb30068f0552,右回避 | target_deg=-57.375,,143.26028126222315,160.4744482777036,114.59814934851076,247.86315770732145,249.42770142236338,0,63.7,50.48353594939398,2
63.75,296.783631695158,312.9829911719428,3.1945578996111124,14.000008523195158,-32.0,17.5,-100.0,396,330,375,435,17.5,NEUTRAL,program,sonic_drive_three_laps.py,function,ec959a186dbd8278df967871b3a34262848e2c5ecc08c20aa12abb30068f0552,右回避 | target_deg=-57.375,,143.37630866296632,153.57282514038116,118.61166693647148,249.21936323832324,249.36189662024182,0,63.75,50.07485965748105,2
63.8,296.8316271071777,313.6813253859263,4.6687741824787,14.00000660240253,-32.0,17.5,-100.0,396,330,375,435,17.5,NEUTRAL,program,sonic_drive_three_laps.py,function,ec959a186dbd8278df967871b3a34262848e2c5ecc08c20aa12abb30068f0552,右回避 | target_deg=-57.375,,144.5085164739931,155.13160098326856,117.86381774983357,249.36839529013926,249.88520306823804,0,63.8,49.65899161859394,2
63.85,296.8975727305739,314.37819358911,6.142990290616098,14.000005114480938,-32.0,17.5,-100.0,396,330,375,435,17.5,NEUTRAL,program,sonic_drive_three_laps.py,function,ec959a186dbd8278df967871b3a34262848e2c5ecc08c20aa12abb30068f0552,右回避 | target_deg=-57.375,,142.74511178080192,148.3874332081972,116.35173646882785,249.11411673609075,250.0,0,63.85,49.23603705111245,2
63.9,296.98142490594194,315.0731344790942,7.617206263400561,14.000003961878292,-32.0,17.5,-100.0,396,330,375,435,17.5,NEUTRAL,program,sonic_drive_three_laps.py,function,ec959a186dbd8278df967871b3a34262848e2c5ecc08c20aa12abb30068f0552,右回避 | target_deg=-57.375,,146.2355638888798,150.48540164365488,115.78488444394138,227.99529591454652,250.0,0,63.9,48.80610417933506,2
63.95,297.08312812114394,315.76568802519085,9.09142213133535,14.000003069026906,-32.0,17.5,-100.0,396,330,375,435,17.5,NEUTRAL,program,sonic_drive_three_laps.py,function,ec959a186dbd8278df967871b3a34262848e2c5ecc08c20aa12abb30068f0552,右回避 | target_deg=-57.375,,144.01959176047023,146.96271303326543,117.28385993941427,231.54965063816948,250.0,0,63.95,48.36930431818962,2
64.0,297.20261504769053,316.45539577387245,10.565637918049418,14.000002377389071,-32.0,17.5,-100.0,396,330,375,435,17.5,NEUTRAL,program,sonic_drive_three_laps.py,function,ec959a186dbd8278df967871b3a34262848e2c5ecc08c20aa12abb30068f0552,右回避 | target_deg=-57.375,,143.25405863664076,145.11540221000985,117.80560913828177,242.07746377739443,250.0,0,64.0,47.925751964821934,2
64.05,297.33980658504544,317.1418011529781,12.03985364184669,14.000001841619174,-32.0,17.5,-100.0,396,330,375,435,17.5,NEUTRAL,program,sonic_drive_three_laps.py,function,ec959a186dbd8278df967871b3a34262848e2c5ecc08c20aa12abb30068f0552,右回避 | target_deg=-57.375,,142.4467941344469,143.74753797725316,120.698550455194,247.1501460361995,250.0,0,64.05,47.475564897604144,2
64.1,297.4946119127975,317.8244497745185,13.514069316906188,14.000001426590718,-32.0,17.5,-100.0,396,330,375,435,17.5,NEUTRAL,program,sonic_drive_three_laps.py,function,ec959a186dbd8278df967871b3a34262848e2c5ecc08c20aa12abb30068f0552,右回避 | target_deg=-57.375,,144.87065701600918,142.53682751199688,118.01378328866873,250.0,249.63088368847124,0,64.1,47.01886428315792,2
64.15,297.66692855064565,318.50288973591324,14.98828495421148,14.000001105093334,-32.0,17.5,-100.0,396,330,375,435,17.5,NEUTRAL,program,sonic_drive_three_laps.py,function,ec959a186dbd8278df967871b3a34262848e2c5ecc08c20aa12abb30068f0552,右回避 | target_deg=-57.375,,142.45100245397626,144.54843742847348,121.26983061500886,249.84893665107947,250.0,0,64.15,46.555774792041504,2
64.2,297.8566424261422,319.1766719194868,16.46250056227086,14.000000856048807,-32.0,17.5,-100.0,396,330,375,435,17.5,NEUTRAL,program,sonic_drive_three_laps.py,function,ec959a186dbd8278df967871b3a34262848e2c5ecc08c20aa12abb30068f0552,右回避 | target_deg=-57.375,,145.1033293162916,139.81818761751404,124.26758656605462,247.85350212045915,250.0,0,64.2,46.08642472381526,2
64.25,298.06362795013854,319.8453502900466,17.936716147675213,14.000000663129109,-32.0,17.5,-100.0,396,330,375,435,17.5,NEUTRAL,program,sonic_drive_three_laps.py,function,ec959a186dbd8278df967871b3a34262848e2c5ecc08c20aa12abb30068f0552,右回避 | target_deg=-57.375,,144.51120147294094,140.6549338188224,122.24588308195574,249.53338469325905,250.0,0,64.25,45.61094614226126,2
64.3,298.2877480998768,320.5084821903613,19.41093171553007,14.000000513685915,-32.0,17.5,-100.0,396,330,375,435,17.5,NEUTRAL,program,sonic_drive_three_laps.py,function,ec959a186dbd8278df967871b3a34262848e2c5ecc08c20aa12abb30068f0552,右回避 | target_deg=-57.375,,145.091326916739,139.36596491408082,125.45606903881095,248.07678565345316,250.0,0,64.3,45.12947502160811,2
64.35,298.528854509664,321.1656286343577,20.88514726979045,14.000000397921333,-32.0,17.5,-100.0,396,330,375,435,17.5,NEUTRAL,program,sonic_drive_three_laps.py,function,ec959a186dbd8278df967871b3a34262848e2c5ecc08c20aa12abb30068f0552,右回避 | target_deg=-57.375,,147.1157942850762,137.3131075463584,127.6162568605227,250.0,250.0,0,64.35,44.642151404690026,2
64.4,298.7867875690667,321.8163545978515,22.359362813519994,14.000000308245529,-32.0,17.5,-100.0,396,330,375,435,17.5,NEUTRAL,program,sonic_drive_three_laps.py,function,ec959a186dbd8278df967871b3a34262848e2c5ecc08c20aa12abb30068f0552,右回避 | target_deg=-57.375,,146.04906768480876,139.69217019035716,128.4564708766389,250.0,250.0,0,64.4,44.14911957405104,2
64.45,299.06137652855756,322.46022930662747,23.83357834909191,14.000000238779123,-32.0,17.5,-100.0,396,330,375,435,17.5,NEUTRAL,program,sonic_drive_three_laps.py,function,ec959a186dbd8278df967871b3a34262848e2c5ecc08c20aa12abb30068f0552,右回避 | target_deg=-57.375,,146.81051140787005,136.87319850635254,132.1037627349613,250.0,249.90883029293101,0,64.45,43.650528237100055,2
64.5,299.35243961253957,323.09682652168436,25.307793878344597,14.000000184967709,-32.0,17.5,-100.0,396,330,375,435,17.5,NEUTRAL,program,sonic_drive_three_laps.py,function,ec959a186dbd8278df967871b3a34262848e2c5ecc08c20aa12abb30068f0552,右回避 | target_deg=-57.375,,151.3088388561365,136.65828566052687,131.8538949105522,250.0,250.0,0,64.5,43.14653072652372,2
64.55,299.6597841396747,323.7257248214607,26.782009402702244,14.00000014328327,-32.0,17.5,-100.0,396,330,375,435,17.5,NEUTRAL,program,sonic_drive_three_laps.py,function,ec959a186dbd8278df967871b3a34262848e2c5ecc08c20aa12abb30068f0552,右回避 | target_deg=-57.375,,148.30388106607685,135.5258119814575,134.46726092371284,250.0,248.65134151760583,0,64.55,42.63728521726931,2
64.6,299.983206650434,324.3465078808584,28.256224923267922,14.000000110992861,-32.0,17.5,-100.0,396,330,375,435,17.5,NEUTRAL,program,sonic_drive_three_laps.py,function,ec959a186dbd8278df967871b3a34262848e2c5ecc08c20aa12abb30068f0552,右回避 | target_deg=-57.375,,153.35930696218492,136.93061914707755,138.92439591879463,250.0,250.0,0,64.6,42.12295496153243,2
64.65,300.32249304178436,324.95876474688197,29.73044044089619,14.00000008597944,-32.0,17.5,-100.0,396,330,375,435,17.5,NEUTRAL,program,sonic_drive_three_laps.py,function,ec959a186dbd8278df967871b3a34262848e2c5ecc08c20aa12abb30068f0552,右回避 | target_deg=-57.375,,153.08986144404776,135.7800013976831,140.20656855319268,249.28452639560658,250.0,0,64.65,41.60370854331276,2
64.7,300.67741870892246,325.56209011071365,31.204655956249013,14.000000066603059,-32.0,17.5,-100.0,396,330,375,435,17.5,NEUTRAL,program,sonic_drive_three_laps.py,function,ec959a186dbd8278df967871b3a34262848e2c5ecc08c20aa12abb30068f0552,右回避 | target_deg=-57.375,,154.62379475716662,134.26452766655137,143.97081814306046,247.37101363278424,250.0,0,64.7,41.07972015423791,2
64.75,301.0477486939614,326.15608457604617,32.678871469839265,14.000000051593352,-32.0,17.5,-100.0,396,330,375,435,17.5,NEUTRAL,program,sonic_drive_three_laps.py,function,ec959a186dbd8278df967871b3a34262848e2c5ecc08c20aa12abb30068f0552,右回避 | target_deg=-57.375,,157.23028724705298,131.79960240372876,143.40426027964472,249.86645403661907,250.0,0,64.75,40.551169892512476,2
64.8,301.43323784147117,326.74035492349594,34.15308698206408,14.000000039966242,-32.0,17.5,-100.0,396,330,375,435,17.5,NEUTRAL,program,sonic_drive_three_laps.py,function,ec959a186dbd8278df967871b3a34262848e2c5ecc08c20aa12abb30068f0552,右回避 | target_deg=-57.375,,157.33509275662652,130.34346025325624,148.8813945454104,250.0,250.0,0,64.8,40.018244087008796,2
64.85,301.8336309607707,327.31451437092454,35.62730249323124,14.000000030959423,-32.0,17.5,-100.0,396,330,375,435,17.5,NEUTRAL,program,sonic_drive_three_laps.py,function,ec959a186dbd8278df967871b3a34262848e2c5ecc08c20aa12abb30068f0552,右回避 | target_deg=-57.375,,159.87615014985738,129.0049043726679,154.76285129594532,249.21113017270198,242.2914816383533,0,64.85,39.48113564869352,2
64.9,302.24866299486257,327.87818282949473,37.10151800357903,14.000000023982388,-32.0,17.5,-100.0,396,330,375,435,17.5,NEUTRAL,program,sonic_drive_three_laps.py,function,ec959a186dbd8278df967871b3a34262848e2c5ecc08c20aa12abb30068f0552,右回避 | target_deg=-57.375,,160.02812584759477,128.14109645937765,155.9491352775012,250.0,234.19245812999281,0,64.9,38.940044451776835,2
64.95,302.6780591958994,328.4309871552942,38.575733513292136,14.000000018577703,-32.0,17.5,-100.0,396,330,375,435,17.5,NEUTRAL,program,sonic_drive_three_laps.py,function,ec959a186dbd8278df967871b3a34262848e2c5ecc08c20aa12abb30068f0552,右回避 | target_deg=-57.375,,164.82873218104058,126.76817146930674,155.39738469195646,250.0,224.81449556028937,0,64.95,38.395177747171225,2
65.0,303.1215353070657,328.9725613963596,40.0499490225136,14.000000014391022,-32.0,17.5,-100.0,396,330,375,435,17.5,NEUTRAL,program,sonic_drive_three_laps.py,function,ec959a186dbd8278df967871b3a34262848e2c5ecc08c20aa12abb30068f0552,右回避 | target_deg=-57.375,,168.68017456311574,123.11542578711784,158.03180836980255,250.0,218.47470839028804,0,65.0,37.84675061106359,2
65.05,303.57879775075406,329.5025470349383,41.524164531354245,14.000000011147852,-32.0,17.5,-100.0,396,330,375,435,17.5,NEUTRAL,program,sonic_drive_three_laps.py,function,ec959a186dbd8278df967871b3a34262848e2c5ecc08c20aa12abb30068f0552,右回避 | target_deg=-57.375,,169.5477104921382,123.325743344478,151.5199455489404,248.93564890042967,209.62617936866698,0,65.05,37.294986431637625,2
65.1,304.04954382291214,330.02059322482796,42.99838003989987,14.000000008635563,-32.0,17.5,-100.0,396,330,375,435,17.5,NEUTRAL,program,sonic_drive_three_laps.py,function,ec959a186dbd8278df967871b3a34262848e2c5ecc08c20aa12abb30068f0552,右回避 | target_deg=-57.375,,176.95849978101296,123.36192156323875,153.1776475733964,249.55190312764805,207.8255800922272,0,65.1,36.74011743721858,2
65.15,304.5369034589967,330.5306025239663,44.38300589792948,14.180288510412174,-29.76,18.5,-93.0,398,337,375,435,18.5,NEUTRAL,program,sonic_drive_three_laps.py,function,ec959a186dbd8278df967871b3a34262848e2c5ecc08c20aa12abb30068f0552,右壁追従 | target_deg=-55.024,,250.0,122.48180903501184,146.44951708638234,248.20150719703534,199.8874905275929,0,65.15,36.186427615157214,2
65.2,305.0453793014529,331.03846843525537,45.66945768498172,14.500235585631863,-27.52,19.5,-86.0,399,344,375,435,19.5,NEUTRAL,program,sonic_drive_three_laps.py,function,ec959a186dbd8278df967871b3a34262848e2c5ecc08c20aa12abb30068f0552,右壁追従 | target_deg=-52.485,,247.0802940676832,121.22682043066425,146.98417190949056,250.0,200.18660579217834,0,65.2,35.62904975816096,2
65.25,305.578671070076,331.5485058925834,46.868135359229456,14.928367690247,-25.28,20.5,-79.0,400,352,375,435,20.5,NEUTRAL,program,sonic_drive_three_laps.py,function,ec959a186dbd8278df967871b3a34262848e2c5ecc08c20aa12abb30068f0552,右壁追従 | target_deg=-49.736,,248.43609739118827,123.99116271478718,147.87638261601154,172.05548181612264,193.8485548186493,0,65.25,35.06255237684734,2
65.3,306.1397865243105,332.06386127097204,47.98416364004612,15.44030417791396,-23.04,21.5,-72.0,401,359,375,435,21.5,NEUTRAL,program,sonic_drive_three_laps.py,function,ec959a186dbd8278df967871b3a34262848e2c5ecc08c20aa12abb30068f0552,右壁追従 | target_deg=-46.756,,250.0,121.75846136783477,144.42572226397954,36.74911273694711,191.44298673652088,0,65.3,34.482908886762786,2
65.35,306.7311184679097,332.5868524357486,49.01885645518195,16.017158840100468,-20.8,22.5,-65.0,403,366,375,435,22.5,NEUTRAL,program,sonic_drive_three_laps.py,function,ec959a186dbd8278df967871b3a34262848e2c5ecc08c20aa12abb30068f0552,右壁追従 | target_deg=-43.521,,249.22849960381225,120.15373425969688,143.17427264583048,33.98107361342613,187.0555930702676,0,65.35,33.88723119803378,2
65.4,307.3545174047493,333.11923112946073,49.970758956358054,16.644301676120847,-18.56,23.5,-58.0,404,374,375,435,23.5,NEUTRAL,program,sonic_drive_three_laps.py,function,ec959a186dbd8278df967871b3a34262848e2c5ecc08c20aa12abb30068f0552,右壁追従 | target_deg=-40.010,,249.1185272614003,118.04682830840859,143.2219516954609,34.62339509135392,185.88622219135297,0,65.4,33.2736048901915,2
65.45,308.0113553787772,333.6623877606701,50.83638644710291,17.310399711455776,-16.32,24.5,-51.0,405,381,375,435,24.5,NEUTRAL,program,sonic_drive_three_laps.py,function,ec959a186dbd8278df967871b3a34262848e2c5ecc08c20aa12abb30068f0552,右壁追従 | target_deg=-36.204,,250.0,119.5384057852334,141.7847995954165,32.668854411098124,180.5825172117918,0,65.45,32.64100360693828,2
65.5,308.7025795189059,334.2175130583161,51.61074525063253,18.006673977859457,-14.08,25.5,-44.0,406,388,375,435,25.5,NEUTRAL,program,sonic_drive_three_laps.py,function,ec959a186dbd8278df967871b3a34262848e2c5ecc08c20aa12abb30068f0552,右壁追従 | target_deg=-32.089,,248.40753249133377,118.53396479117357,142.55228850190204,34.13395343158602,178.93419633525102,0,65.5,31.98926858536094,2
65.55,309.4287551451011,334.78572714270564,52.287696219835084,18.72632394089766,-11.84,26.5,-37.0,408,396,375,435,26.5,NEUTRAL,program,sonic_drive_three_laps.py,function,ec959a186dbd8278df967871b3a34262848e2c5ecc08c20aa12abb30068f0552,右壁追従 | target_deg=-27.659,,204.5309192657907,119.54510645192565,141.3010410242029,32.235745324426304,176.82221704832736,0,65.55,31.31914524393003,2
65.6,310.19009878444905,335.36818378160064,52.86020427694055,19.46408163885825,-9.6,27.5,-30.0,409,403,375,435,27.5,NEUTRAL,program,sonic_drive_three_laps.py,function,ec959a186dbd8278df967871b3a34262848e2c5ecc08c20aa12abb30068f0552,右壁追従 | target_deg=-22.921,,207.3546038108875,121.05439963203813,138.85870791379025,29.341905430384696,176.81636901027758,0,65.6,30.632373229783198,2
65.65,310.9865015185477,335.96615558078554,53.320504998860656,20.21586630119752,-7.36,28.5,-23.0,410,410,375,435,28.5,NEUTRAL,program,sonic_drive_three_laps.py,function,ec959a186dbd8278df967871b3a34262848e2c5ecc08c20aa12abb30068f0552,右壁追従 | target_deg=-17.896,,209.3820915038689,118.72943064505704,137.3453882465297,31.486033601803364,177.84120254117371,0,65.65,29.93182964673018,2
65.7,311.81754295474906,336.581104360045,53.6602103905216,20.97851680239096,-5.12,29.5,-16.0,411,418,375,435,29.5,NEUTRAL,program,sonic_drive_three_laps.py,function,ec959a186dbd8278df967871b3a34262848e2c5ecc08c20aa12abb30068f0552,右壁追従 | target_deg=-12.626,,210.6121432719055,119.67113643617232,138.68179672247743,29.103294068556895,174.46413905927145,0,65.7,29.221727432312072,2
65.75,312.68249589454973,337.21473982369935,53.870369597583874,21.74958441015269,-2.88,30.5,-9.0,413,425,375,435,30.5,NEUTRAL,program,sonic_drive_three_laps.py,function,ec959a186dbd8278df967871b3a34262848e2c5ecc08c20aa12abb30068f0552,右壁追従 | target_deg=-7.168,,210.93145274926601,116.8382137502614,138.34208133063842,31.622213506864586,177.17692805121757,0,65.75,28.507871792711153,2
65.8,313.5803215175023,337.86906873562106,53.94149568462714,22.527172240046614,-0.64,31.5,-2.0,414,432,375,435,31.5,NEUTRAL,program,sonic_drive_three_laps.py,function,ec959a186dbd8278df967871b3a34262848e2c5ecc08c20aa12abb30068f0552,右壁追従 | target_deg=-1.600,,210.97456096905913,115.84368757843552,137.9306538246704,29.283671930461647,176.48940894962507,0,65.8,27.79797661520343,2
65.85,314.5096546343916,338.5464360693634,53.86356623588901,23.309810890707542,1.6,32.5,5.0,415,440,375,435,32.5,NEUTRAL,program,sonic_drive_three_laps.py,function,ec959a186dbd8278df967871b3a34262848e2c5ecc08c20aa12abb30068f0552,右壁追従 | target_deg=3.995,,211.31258852060654,116.74989604132368,136.36544131059327,41.18560025867435,173.93227666229348,0,65.85,27.10203872918902,2
65.9,315.466147652913,339.247622001896,53.62670234761919,23.98818900375352,3.84,32.9,12.0,416,447,375,435,32.9,NEUTRAL,program,sonic_drive_three_laps.py,function,ec959a186dbd8278df967871b3a34262848e2c5ecc08c20aa12abb30068f0552,右壁追従 | target_deg=9.526,,209.72201790635864,115.03498865300476,136.25248584170717,47.00287537130463,178.21025824957252,0,65.9,26.434536087862373,2
65.95,316.4369002174084,339.96760174783395,53.22520813934216,24.292833981040026,6.08,31.675,19.0,414,454,375,435,31.675,NEUTRAL,program,sonic_drive_three_laps.py,function,ec959a186dbd8278df967871b3a34262848e2c5ecc08c20aa12abb30068f0552,右壁追従 | target_deg=14.911,,208.62367606444352,115.18631061007106,136.88507934876216,52.3740098919005,178.70004857427105,0,65.95,25.817401762318866,2
66.0,317.417756982702,340.70514432904724,52.91484409074417,24.70911247814723,3.84,32.675,12.0,415,447,375,435,32.675,NEUTRAL,program,sonic_drive_three_laps.py,function,ec959a186dbd8278df967871b3a34262848e2c5ecc08c20aa12abb30068f0552,右壁追従 | target_deg=9.526,,204.27789222585636,112.89572694285226,135.97494115907816,59.83539089230037,183.6787803285904,0,66.0,25.232729359538624,2
66.05,318.41430188414995,341.46078631469373,52.76392522335544,25.211866694757898,1.6,33.675,5.0,417,440,375,435,33.675,NEUTRAL,program,sonic_drive_three_laps.py,function,ec959a186dbd8278df967871b3a34262848e2c5ecc08c20aa12abb30068f0552,右壁追従 | target_deg=3.995,,198.5407816255481,113.4061506954623,135.5946363576378,69.232045605825,183.73457118962907,0,66.05,24.668029193453368,2
66.1,319.4314568649089,342.2339741591915,52.77820278176927,25.77710119568194,-0.64,34.65,-2.0,418,432,375,435,34.65,NEUTRAL,program,sonic_drive_three_laps.py,function,ec959a186dbd8278df967871b3a34262848e2c5ecc08c20aa12abb30068f0552,右壁追従 | target_deg=-1.600,,198.72048738918124,114.50983815228157,136.21925665174237,78.39273377123939,185.4207396081494,0,66.1,24.117970116299436,2
66.15,320.4684414321145,343.0208945884925,52.83537876345872,26.204440645598755,-0.7466323708380733,34.591685422197926,-2.333226158868979,418,432,375,435,34.591685422197926,NEUTRAL,program,sonic_drive_three_laps.py,function,ec959a186dbd8278df967871b3a34262848e2c5ecc08c20aa12abb30068f0552,右壁追従 | target_deg=-1.866,,197.0300102816446,111.10421243105097,135.31133889950686,81.92595510180878,181.08039811398194,0,66.15,23.601790877895205,2
66.2,321.5208926834643,343.8178626781867,52.895011733961866,26.533381305492057,-0.7678636367833224,34.58007457363412,-2.3995738649478824,418,432,375,435,34.58007457363412,NEUTRAL,program,sonic_drive_three_laps.py,function,ec959a186dbd8278df967871b3a34262848e2c5ecc08c20aa12abb30068f0552,右壁追従 | target_deg=-1.919,,195.8829842654274,110.95598581738184,138.58449695406745,87.04708869501536,188.1042901757418,0,66.2,23.13270811549399,2
66.25,322.58544400667455,344.6221987749008,52.95826395029968,26.784445643262952,-0.8058578294285104,34.559296499531285,-2.518305716964095,418,432,375,435,34.559296499531285,NEUTRAL,program,sonic_drive_three_laps.py,function,ec959a186dbd8278df967871b3a34262848e2c5ecc08c20aa12abb30068f0552,右壁追従 | target_deg=-2.014,,196.79621639281666,110.6941932706608,136.85773330672987,93.41808099947755,189.95882961741887,0,66.25,22.717034206835915,2
66.3,323.6595056809261,345.4318262435825,53.02377709224626,26.97674969693769,-0.8279711288956847,34.54720328888517,-2.5874097777990146,418,432,375,435,34.54720328888517,NEUTRAL,program,sonic_drive_three_laps.py,function,ec959a186dbd8278df967871b3a34262848e2c5ecc08c20aa12abb30068f0552,右壁追従 | target_deg=-2.069,,197.4148757662234,106.02467336555779,134.99833233934243,98.17411767888017,188.33833630498788,0,66.3,22.360539959746273,2
66.35,324.7410850007476,346.24514511344125,53.09183884822306,27.123056157867754,-0.8549483862831777,34.532450101251385,-2.67171370713493,418,432,375,435,34.532450101251385,NEUTRAL,program,sonic_drive_three_laps.py,function,ec959a186dbd8278df967871b3a34262848e2c5ecc08c20aa12abb30068f0552,右壁追従 | target_deg=-2.137,,193.07995332711576,109.09130704472717,133.0200729956229,100.51520989412272,188.3962837200993,0,66.35,22.067815815022108,2
66.4,325.82868388103276,347.0609628430552,53.16037094701116,27.236202584384927,-0.8568583992571877,34.53140556290623,-2.6776824976787115,418,432,375,435,34.53140556290623,NEUTRAL,program,sonic_drive_three_laps.py,function,ec959a186dbd8278df967871b3a34262848e2c5ecc08c20aa12abb30068f0552,右壁追従 | target_deg=-2.141,,192.0082654474156,110.16069201962445,134.9116047487411,106.28960573421544,188.60274547880988,0,66.4,21.8430989126748,2
66.45,326.921141060268,347.87836029025897,53.230546103419385,27.322131641113828,-0.874289456243224,34.521872953616985,-2.732154550760075,418,432,375,435,34.521872953616985,NEUTRAL,program,sonic_drive_three_laps.py,function,ec959a186dbd8278df967871b3a34262848e2c5ecc08c20aa12abb30068f0552,右壁追従 | target_deg=-2.185,,193.27789263963712,108.380238682531,133.7790431135919,113.72336326235235,189.6768950088201,0,66.45,21.689125316888855,2
66.5,328.017560591798,348.69661767721203,53.30152788314598,27.38794005732866,-0.8819532533216244,34.517681814589736,-2.7561039166300763,418,432,375,435,34.517681814589736,NEUTRAL,program,sonic_drive_three_laps.py,function,ec959a186dbd8278df967871b3a34262848e2c5ecc08c20aa12abb30068f0552,右壁追従 | target_deg=-2.204,,189.87488208581186,107.45846946583004,134.09350440182433,114.34842336483399,189.7672551186159,0,66.5,21.608200333161893,2
66.55,329.11723882717286,349.5151622273895,53.37422821046749,27.436993745860942,-0.9014684030957428,34.50700946705702,-2.8170887596741965,418,432,375,435,34.50700946705702,NEUTRAL,program,sonic_drive_three_laps.py,function,ec959a186dbd8278df967871b3a34262848e2c5ecc08c20aa12abb30068f0552,右壁追従 | target_deg=-2.253,,186.26249653645337,107.2456475835106,135.15675791523347,120.2623870766351,192.90331576326562,0,66.55,21.586098648652747,2
66.6,330.21958486012113,350.3334715119714,53.450238941779105,27.471081609822807,-0.9411361703105717,34.48531615686141,-2.9410505322205367,418,431,375,435,34.48531615686141,NEUTRAL,program,sonic_drive_three_laps.py,function,ec959a186dbd8278df967871b3a34262848e2c5ecc08c20aa12abb30068f0552,右壁追従 | target_deg=-2.352,,188.5742098913675,107.23755769956334,129.77253168161758,126.27157962492845,191.44899524199573,0,66.6,21.569544028297493,2
66.65,331.3241127601365,351.15107123775624,53.53018295511839,27.492781165356647,-0.9888691465555991,34.459212185477405,-3.090216082986247,418,431,375,435,34.459212185477405,NEUTRAL,program,sonic_drive_three_laps.py,function,ec959a186dbd8278df967871b3a34262848e2c5ecc08c20aa12abb30068f0552,右壁追従 | target_deg=-2.471,,187.16759232109928,106.37452757549137,131.1669644951964,129.82703350487105,196.4073067776227,0,66.65,21.553984557806928,2
66.7,332.4304890004296,351.96762088729815,53.612216614887274,27.507105258787288,-1.0140755937505765,34.44542740966765,-3.1689862304705514,418,431,375,435,34.44542740966765,NEUTRAL,program,sonic_drive_three_laps.py,function,ec959a186dbd8278df967871b3a34262848e2c5ecc08c20aa12abb30068f0552,右壁追従 | target_deg=-2.534,,188.19622735683998,102.95549102002684,132.13581238682832,135.74319187287915,197.3300032038854,0,66.7,21.539917612913378,2
66.75,333.5404397760854,352.78545345699416,53.616904588397574,27.61818432801984,0.0,35.0,0.0,418,435,375,435,35.0,NEUTRAL,program,sonic_drive_three_laps.py,function,ec959a186dbd8278df967871b3a34262848e2c5ecc08c20aa12abb30068f0552,右壁追従 | target_deg=0.000,,186.24192190739092,100.39185636794082,132.5693893320748,139.59021167289836,23.70536165998568,0,66.75,21.539177261132703,2
66.8,334.6515038221472,353.60513705066114,53.54415294912778,27.611403898474787,0.9414918650855012,34.48512163628136,2.942162078392191,418,438,375,435,34.48512163628136,NEUTRAL,program,sonic_drive_three_laps.py,function,ec959a186dbd8278df967871b3a34262848e2c5ecc08c20aa12abb30068f0552,右壁追従 | target_deg=2.353,,183.4626637959409,103.36866726371149,128.9206654869247,144.6576514306956,21.502880686941648,0,66.8,21.548122016905083,2
66.85,335.76026421953276,354.4257979684495,53.44106367618667,27.573737071159307,1.2702544704577803,34.3053295864684,3.969545220180563,417,439,375,435,34.3053295864684,NEUTRAL,program,sonic_drive_three_laps.py,function,ec959a186dbd8278df967871b3a34262848e2c5ecc08c20aa12abb30068f0552,右壁追従 | target_deg=3.173,,181.83020448047182,97.80759236807219,128.05039062029803,151.78355573141553,24.993769538274893,0,66.85,21.558272612237953,2
66.9,336.86567012436274,355.24728951427716,53.32255351486853,27.52560209830412,1.4625229678027114,34.200182751982894,4.570384274383473,417,439,375,435,34.200182751982894,NEUTRAL,program,sonic_drive_three_laps.py,function,ec959a186dbd8278df967871b3a34262848e2c5ecc08c20aa12abb30068f0552,右壁追従 | target_deg=3.652,,179.5326781603283,98.1010768828992,125.79525866972118,159.0424094693383,20.54727714474335,0,66.9,21.56695444792567,2
66.95,337.9675041821505,356.0697507407081,53.19863456877681,27.481486249975895,1.5317818976169935,34.162306774740706,4.7868184300531045,417,440,375,435,34.162306774740706,NEUTRAL,program,sonic_drive_three_laps.py,function,ec959a186dbd8278df967871b3a34262848e2c5ecc08c20aa12abb30068f0552,右壁追従 | target_deg=3.825,,177.7551577543975,100.24443502488694,125.29528167272944,166.7631593807459,24.57336367021156,0,66.95,21.57290044566587,2
67.0,339.0659609834676,356.8934234409098,53.07291442773203,27.44489755081549,1.556274209013594,34.14891254194569,4.863356903167481,417,440,375,435,34.14891254194569,NEUTRAL,program,sonic_drive_three_laps.py,function,ec959a186dbd8278df967871b3a34262848e2c5ecc08c20aa12abb30068f0552,右壁追従 | target_deg=3.886,,177.98077027924782,99.27611064849474,125.98515126608709,175.45501507113292,26.954953496920183,0,67.0,21.57575521572277,2
67.05,340.1613158807841,357.71854155287315,52.946505795157066,27.415533437836668,1.5666303451925416,34.14324902997283,4.895719828726692,417,440,375,435,34.14324902997283,NEUTRAL,program,sonic_drive_three_laps.py,function,ec959a186dbd8278df967871b3a34262848e2c5ecc08c20aa12abb30068f0552,右壁追従 | target_deg=3.911,,174.45605476640299,96.45610166295103,124.36282591227861,184.64354693150642,25.70295104827658,0,67.05,21.575432876102308,2
67.1,341.25391253211075,358.54533408094835,52.82226505070912,27.39530250573277,1.5411152698228046,34.15720258681566,4.815985218196264,417,440,375,435,34.15720258681566,NEUTRAL,program,sonic_drive_three_laps.py,function,ec959a186dbd8278df967871b3a34262848e2c5ecc08c20aa12abb30068f0552,右壁追従 | target_deg=3.848,,177.3206206946168,97.0547131083713,123.93316431570261,189.7208229194988,29.450142515004863,0,67.1,21.571982071238576,2
67.15,342.34403539542393,359.3739701679568,52.69855852997969,27.380189229759484,1.5354517070352076,34.16029984771512,4.798286584485024,417,440,375,435,34.16029984771512,NEUTRAL,program,sonic_drive_three_laps.py,function,ec959a186dbd8278df967871b3a34262848e2c5ecc08c20aa12abb30068f0552,右壁追従 | target_deg=3.834,,171.0950449229243,96.33666709939574,123.73612369544973,201.43513051804283,28.17807910316077,0,67.15,21.565429550434676,2
67.2,343.4319217955868,360.20458734210547,52.576915081090846,27.370942548847832,1.5104945510219097,34.1739482924099,4.7202954719434675,417,439,375,435,34.1739482924099,NEUTRAL,program,sonic_drive_three_laps.py,function,ec959a186dbd8278df967871b3a34262848e2c5ecc08c20aa12abb30068f0552,右壁追従 | target_deg=3.772,,169.37417094011562,94.75783959930207,123.22005456911654,212.97426789970027,30.610666308928177,0,67.2,21.555924921124614,2
67.25,344.51789194094727,361.0373282709051,52.45983967152614,27.36934567540335,1.4540418497337961,34.20482086342683,4.543880780418113,417,439,375,435,34.20482086342683,NEUTRAL,program,sonic_drive_three_laps.py,function,ec959a186dbd8278df967871b3a34262848e2c5ecc08c20aa12abb30068f0552,右壁追従 | target_deg=3.631,,168.55662151749777,91.5177898640576,120.01144673373742,221.99396772312554,33.197534273434464,0,67.25,21.54383568906351,2
67.3,345.6022047589783,361.87228064399534,52.345527976801804,27.37149491136084,1.4196970296518883,34.22360318690912,4.4365532176621505,417,439,375,435,34.22360318690912,NEUTRAL,program,sonic_drive_three_laps.py,function,ec959a186dbd8278df967871b3a34262848e2c5ecc08c20aa12abb30068f0552,右壁追従 | target_deg=3.545,,166.3493456818343,93.03341610339122,118.55405938809193,232.3127739979361,32.295279802482696,0,67.3,21.529164343695577,2
67.35,346.6849528810286,362.70946234157583,52.23202465658153,27.374161748198212,1.4095347369485223,34.22916069073128,4.404796052964132,417,439,375,435,34.22916069073128,NEUTRAL,program,sonic_drive_three_laps.py,function,ec959a186dbd8278df967871b3a34262848e2c5ecc08c20aa12abb30068f0552,右壁追従 | target_deg=3.520,,163.77560019729296,92.43049992472902,120.76148546460547,245.55619600510954,33.39708902518837,0,67.35,21.51175153753819,2
67.4,347.76612636477637,363.54885625128674,52.11837600324114,27.37606090540136,1.4112252804819194,34.22823617473645,4.4100790015059985,417,439,375,435,34.22823617473645,NEUTRAL,program,sonic_drive_three_laps.py,function,ec959a186dbd8278df967871b3a34262848e2c5ecc08c20aa12abb30068f0552,右壁追従 | target_deg=3.524,,159.96448532240004,91.60438125512779,121.2827949656192,250.0,32.959522493475276,0,67.4,21.491467808567155,2
67.45,348.8458578163399,364.39050218986034,52.00910584949537,27.382914516006025,1.3566339358278319,34.25809081634416,4.239481049461975,417,439,375,435,34.25809081634416,NEUTRAL,program,sonic_drive_three_laps.py,function,ec959a186dbd8278df967871b3a34262848e2c5ecc08c20aa12abb30068f0552,右壁追従 | target_deg=3.388,,159.54008344017498,89.27502003522122,117.33997875129869,250.0,36.480072621856664,0,67.45,21.469228796458374,2
67.5,349.92429937998804,365.2344193902324,51.90211692259143,27.39105150040882,1.3279519550146184,34.27377627460138,4.149849859420683,417,439,375,435,34.27377627460138,NEUTRAL,program,sonic_drive_three_laps.py,function,ec959a186dbd8278df967871b3a34262848e2c5ecc08c20aa12abb30068f0552,右壁追従 | target_deg=3.317,,159.44357506445454,91.00115140506468,119.24722679670363,248.1731447967159,38.31487936044938,0,67.5,21.444777638114914,2
67.55,351.00157276642136,366.0806155203614,51.79875308673971,27.401834428355926,1.2825167204023402,34.29862366852997,4.007864751257313,417,439,375,435,34.29862366852997,NEUTRAL,program,sonic_drive_three_laps.py,function,ec959a186dbd8278df967871b3a34262848e2c5ecc08c20aa12abb30068f0552,右壁追従 | target_deg=3.203,,156.68616184428197,87.84550923716687,115.57135025230733,250.0,38.684674731875646,0,67.55,21.450786660546488,2
67.6,352.07767210260994,366.92903825050297,51.695046535686714,27.40981024201654,1.2863411111047602,34.29653220486458,4.019815972202376,417,439,375,435,34.29653220486458,NEUTRAL,program,sonic_drive_three_laps.py,function,ec959a186dbd8278df967871b3a34262848e2c5ecc08c20aa12abb30068f0552,右壁追従 | target_deg=3.213,,153.47824335040139,87.19836522569929,119.29918824003198,249.6130640257583,38.62757304959464,0,67.6,21.53882043255724,2
67.65,353.1526724736295,367.779684202977,51.59593695347115,27.42165426,1.2288775188159813,34.327957606897506,3.8402422462999413,417,439,375,435,34.327957606897506,NEUTRAL,program,sonic_drive_three_laps.py,function,ec959a186dbd8278df967871b3a34262848e2c5ecc08c20aa12abb30068f0552,右壁追従 | target_deg=3.070,,150.01578769227012,87.70117437493487,113.01178242040798,250.0,40.34340883332588,0,67.65,21.70981800135036,2
67.7,354.22800025831805,368.6317853893856,51.64097216993724,27.452298720554115,-1.0111224811840187,34.44704239310249,-3.1597577537000587,418,431,375,435,34.44704239310249,NEUTRAL,program,sonic_drive_three_laps.py,function,ec959a186dbd8278df967871b3a34262848e2c5ecc08c20aa12abb30068f0552,右回避 | target_deg=-2.526,,149.04230284906558,87.38529350014166,116.82698608445719,249.62473633871898,42.84024572979793,0,67.7,21.98844297594714,2
67.75,355.3011347883083,369.47803887192487,51.866006548884656,27.255183709122026,-3.251122481184019,33.22204239310249,-10.15975775370006,416,424,375,435,33.22204239310249,NEUTRAL,program,sonic_drive_three_laps.py,function,ec959a186dbd8278df967871b3a34262848e2c5ecc08c20aa12abb30068f0552,右回避 | target_deg=-8.082,,149.79448068891273,85.39944230506869,110.33863588933679,250.0,43.258748136501346,0,67.75,22.368233105540874,2
67.8,356.366904866481,370.3090741218363,52.26741625823061,26.88163724372007,-5.491122481184019,31.99704239310249,-17.15975775370006,414,416,375,435,31.99704239310249,NEUTRAL,program,sonic_drive_three_laps.py,function,ec959a186dbd8278df967871b3a34262848e2c5ecc08c20aa12abb30068f0552,右回避 | target_deg=-13.514,,148.06248480603608,85.07810000373406,112.18508864185601,250.0,45.14337437394637,0,67.8,22.831937382657706,2
67.85,357.4215907075717,371.1171557276533,52.83914068454433,26.371420027905565,-7.731122481184019,30.772042393102492,-24.15975775370006,413,409,375,435,30.772042393102492,NEUTRAL,program,sonic_drive_three_laps.py,function,ec959a186dbd8278df967871b3a34262848e2c5ecc08c20aa12abb30068f0552,右回避 | target_deg=-18.747,,148.57904715479745,85.5135558152516,108.26730251743962,250.0,48.6527190868693,0,67.85,23.362278881915174,2
67.9,358.4624314028572,371.89596062464415,53.573523231913896,25.755332268046686,-9.971122481184018,29.54704239310249,-31.15975775370006,411,402,375,435,29.54704239310249,NEUTRAL,program,sonic_drive_three_laps.py,function,ec959a186dbd8278df967871b3a34262848e2c5ecc08c20aa12abb30068f0552,右回避 | target_deg=-23.726,,148.841739920748,84.04951984157161,106.99293175350618,248.0994625722762,44.46680829240655,0,67.9,23.943181862208057,2
67.95,359.48726782873945,372.6403844973054,54.46189314149399,25.057233016611022,-12.21112248118402,28.32204239310249,-38.15975775370006,410,394,375,435,28.32204239310249,NEUTRAL,program,sonic_drive_three_laps.py,function,ec959a186dbd8278df967871b3a34262848e2c5ecc08c20aa12abb30068f0552,右回避 | target_deg=-28.415,,150.63355562965185,84.89857883750385,105.8706116255034,249.1946852980499,46.558224350454275,0,67.95,24.56043693448539,2
68.0,360.49428853457084,373.3463771613395,55.49496157288419,24.295604434979136,-14.45112248118402,27.097042393102488,-45.15975775370006,408,387,375,435,27.097042393102488,NEUTRAL,program,sonic_drive_three_laps.py,function,ec959a186dbd8278df967871b3a34262848e2c5ecc08c20aa12abb30068f0552,右回避 | target_deg=-32.792,,154.0059156510079,81.09572242179912,102.0942786994133,246.68980737951773,46.24883593207835,0,68.0,25.201960785205095,2
68.05,361.48185328706086,374.0108051467028,56.66308466137036,23.484763533005502,-16.69112248118402,25.872042393102486,-52.15975775370006,407,380,375,435,25.872042393102486,NEUTRAL,program,sonic_drive_three_laps.py,function,ec959a186dbd8278df967871b3a34262848e2c5ecc08c20aa12abb30068f0552,右回避 | target_deg=-36.856,,156.98068664323762,81.18196559731341,102.80579174030058,230.31872900022194,46.132398200907545,0,68.05,25.85779317848866,2
68.1,362.448374836086,374.63133864850454,57.95643136203722,22.635800830189044,-18.93112248118402,24.64704239310249,-59.15975775370006,405,372,375,435,24.64704239310249,NEUTRAL,program,sonic_drive_three_laps.py,function,ec959a186dbd8278df967871b3a34262848e2c5ecc08c20aa12abb30068f0552,右回避 | target_deg=-40.612,,162.3005825565408,81.82496598624645,99.35363656025002,204.749050984264,42.3075494601479,0,68.1,26.519942580636158,2
68.15,363.3922441468006,375.2063594626885,59.365083061318956,21.75730747957122,-21.17112248118402,23.422042393102487,-66.15975775370006,404,365,375,435,23.422042393102487,NEUTRAL,program,sonic_drive_three_laps.py,function,ec959a186dbd8278df967871b3a34262848e2c5ecc08c20aa12abb30068f0552,右回避 | target_deg=-44.075,,165.30173446121174,81.61005234452544,97.34625347317093,186.81700346017803,41.868160160724536,0,68.15,27.182158009753987,2
68.2,364.311787966153,375.7348863603628,60.87908405137708,20.855938526534622,-23.41112248118402,22.19704239310249,-73.15975775370006,402,358,375,435,22.19704239310249,NEUTRAL,program,sonic_drive_three_laps.py,function,ec959a186dbd8278df967871b3a34262848e2c5ecc08c20aa12abb30068f0552,右回避 | target_deg=-47.267,,169.70397614701366,81.6093896211217,93.06268182923048,168.52243130423085,44.8335273087323,0,68.2,27.839676255046907,2
68.25,365.2052503409686,376.2165144523717,62.4884562013591,19.93684923124405,-25.65112248118402,20.97204239310249,-80.15975775370006,401,350,375,435,20.97204239310249,NEUTRAL,program,sonic_drive_three_laps.py,function,ec959a186dbd8278df967871b3a34262848e2c5ecc08c20aa12abb30068f0552,右回避 | target_deg=-50.207,,176.6430766104698,81.48132638726058,91.63953976990662,154.41233979722398,46.665083218214875,0,68.25,28.48897265432597,2
68.3,366.07079175761766,376.65136535063294,64.18318692100979,19.00403306118752,-27.89112248118402,19.74704239310249,-87.15975775370006,399,343,375,435,19.74704239310249,NEUTRAL,program,sonic_drive_three_laps.py,function,ec959a186dbd8278df967871b3a34262848e2c5ecc08c20aa12abb30068f0552,右回避 | target_deg=-52.920,,188.85356466731304,83.20034217887334,93.18715115577353,139.95242565964472,44.9922081542089,0,68.3,29.12752957364306,2
68.35,366.9168568856032,377.04652397908916,65.72584402649488,18.46172543428854,-25.65112248118402,20.74704239310249,-80.15975775370006,400,350,375,435,20.74704239310249,NEUTRAL,program,sonic_drive_three_laps.py,function,ec959a186dbd8278df967871b3a34262848e2c5ecc08c20aa12abb30068f0552,右壁追従 | target_deg=-50.207,,200.63888171962543,80.21237227761789,90.43411643454576,129.26647985649484,44.13394932017523,0,68.35,29.72190086633939,2
68.4,367.75620171023434,377.4129017169364,67.09169816055709,18.221921099376086,-23.41112248118402,21.74704239310249,-73.15975775370006,402,358,375,435,21.74704239310249,NEUTRAL,program,sonic_drive_three_laps.py,function,ec959a186dbd8278df967871b3a34262848e2c5ecc08c20aa12abb30068f0552,右壁追従 | target_deg=-47.267,,211.3519615963799,82.34006437570872,88.59604963813477,117.30003990948985,43.73262766468493,0,68.4,30.27573938237176,2
68.45,368.59904678633995,377.7584115344268,68.30892762693287,18.216447724095843,-21.17112248118402,22.74704239310249,-66.15975775370006,403,365,375,435,22.74704239310249,NEUTRAL,program,sonic_drive_three_laps.py,function,ec959a186dbd8278df967871b3a34262848e2c5ecc08c20aa12abb30068f0552,右壁追従 | target_deg=-44.075,,219.47802913743112,84.94043783813078,86.4625339958736,111.68848529482763,41.11836390533367,0,68.45,30.79972897655061,2
68.5,369.4535265419133,378.08879155218153,69.3953830689311,18.392496335837812,-18.93112248118402,23.74704239310249,-59.15975775370006,404,372,375,435,23.74704239310249,NEUTRAL,program,sonic_drive_three_laps.py,function,ec959a186dbd8278df967871b3a34262848e2c5ecc08c20aa12abb30068f0552,右壁追従 | target_deg=-40.612,,233.32159701766417,81.36775294953121,85.62451136714763,107.12649810623567,44.29795258413563,0,68.5,31.301897404496238,2
68.55,370.3260415474119,378.4083041855175,70.36143680160444,18.70915902531073,-16.69112248118402,24.74704239310249,-52.15975775370006,405,380,375,435,24.74704239310249,NEUTRAL,program,sonic_drive_three_laps.py,function,ec959a186dbd8278df967871b3a34262848e2c5ecc08c20aa12abb30068f0552,右壁追従 | target_deg=-36.856,,247.17093730413805,85.10335609904014,83.12035378024626,106.76724608931414,44.87014795049214,0,68.55,31.788455948374548,2
68.6,371.2215724542832,378.7202364610727,71.21202623790168,19.134746915419015,-14.45112248118402,25.74704239310249,-45.15975775370006,407,387,375,435,25.74704239310249,NEUTRAL,program,sonic_drive_three_laps.py,function,ec959a186dbd8278df967871b3a34262848e2c5ecc08c20aa12abb30068f0552,右壁追従 | target_deg=-32.792,,250.0,84.03454977846937,84.11204530502133,95.3445727375382,41.150277884515475,0,68.6,32.264441442718066,2
68.65,372.1439465834204,379.02726479754034,71.94811656423371,19.644712554362357,-12.21112248118402,26.74704239310249,-38.15975775370006,408,394,375,435,26.74704239310249,NEUTRAL,program,sonic_drive_three_laps.py,function,ec959a186dbd8278df967871b3a34262848e2c5ecc08c20aa12abb30068f0552,右壁追従 | target_deg=-28.415,,249.2747539876829,87.95330194863327,84.15149853943994,95.12876027007697,42.49017135168873,0,68.65,32.73420951027673,2
68.7,373.09605758962715,379.33172584342043,72.56774407315302,20.22004051953455,-9.97112248118402,27.74704239310249,-31.159757753700063,409,402,375,435,27.74704239310249,NEUTRAL,program,sonic_drive_three_laps.py,function,ec959a186dbd8278df967871b3a34262848e2c5ecc08c20aa12abb30068f0552,右壁追従 | target_deg=-23.726,,249.53485210482242,86.63550237338032,84.5138100970847,95.43453735506118,45.321580070295376,0,68.7,33.201817144123005,2
68.75,374.08004235048304,379.6358212272374,73.06675605442078,20.846000715941052,-7.73112248118402,28.74704239310249,-24.159757753700063,410,409,375,435,28.74704239310249,NEUTRAL,program,sonic_drive_three_laps.py,function,ec959a186dbd8278df967871b3a34262848e2c5ecc08c20aa12abb30068f0552,右壁追従 | target_deg=-18.747,,250.0,87.63194302090997,79.3210669134877,92.55136943281067,41.67456122301065,0,68.75,33.67132361361806,2
68.8,375.0974202198712,379.9417752473962,73.43933055537673,21.511182632070142,-5.4911224811840205,29.74704239310249,-17.159757753700063,412,416,375,435,29.74704239310249,NEUTRAL,program,sonic_drive_three_laps.py,function,ec959a186dbd8278df967871b3a34262848e2c5ecc08c20aa12abb30068f0552,右壁追従 | target_deg=-13.514,,247.23345159511405,85.22832991597483,81.0989658058159,90.74570540078477,43.2175005346994,0,68.8,34.1470313429783,2
68.85,376.1491995339272,380.25195873721833,73.67833591031172,22.206747236469045,-3.2511224811840203,30.74704239310249,-10.159757753700063,413,424,375,435,30.74704239310249,NEUTRAL,program,sonic_drive_three_laps.py,function,ec959a186dbd8278df967871b3a34262848e2c5ecc08c20aa12abb30068f0552,右壁追従 | target_deg=-8.082,,250.0,86.37975982382166,79.70730742051542,90.46668307065765,44.13562161219363,0,68.85,34.63368266073406,2
68.9,377.23595548913636,380.568988442947,73.77557307087739,22.925847467378713,-1.0111224811840203,31.74704239310249,-3.159757753700063,414,431,375,435,31.74704239310249,NEUTRAL,program,sonic_drive_three_laps.py,function,ec959a186dbd8278df967871b3a34262848e2c5ecc08c20aa12abb30068f0552,右壁追従 | target_deg=-2.526,,250.0,83.51700751513019,79.5141738786675,88.30429534367173,45.9753594590856,0,68.9,35.13662378366362,2
68.95,378.35799731528397,380.8954146153331,73.7794671860311,23.663179321189393,0.0,32.74704239310249,0.0,415,435,375,435,32.74704239310249,NEUTRAL,program,sonic_drive_three_laps.py,function,ec959a186dbd8278df967871b3a34262848e2c5ecc08c20aa12abb30068f0552,右壁追従 | target_deg=0.000,,247.64891832476889,83.15225184434424,79.30411476729967,93.08693589482364,41.953761659113724,0,68.95,35.669303453472885,2
69.0,379.51584956776674,381.2322517944978,73.7794671860311,24.414634107884513,0.0,33.74704239310249,0.0,417,435,375,435,33.74704239310249,NEUTRAL,program,sonic_drive_three_laps.py,function,ec959a186dbd8278df967871b3a34262848e2c5ecc08c20aa12abb30068f0552,右壁追従 | target_deg=0.000,,250.0,83.38529900296409,79.52891261136759,91.25868814628039,44.927953172679736,0,69.0,36.24770393184835,2
69.05,380.71009616684745,381.579676653584,73.7794671860311,25.177029074416676,0.0,34.74704239310249,0.0,418,435,375,435,34.74704239310249,NEUTRAL,program,sonic_drive_three_laps.py,function,ec959a186dbd8278df967871b3a34262848e2c5ecc08c20aa12abb30068f0552,右壁追従 | target_deg=0.000,,250.0,82.94893677086597,80.37863349113857,94.21016473982986,46.421117657200504,0,69.05,36.87408425354732,2
69.1,381.9372853384678,381.93668501797913,73.7794671860311,25.813215579699396,0.0,35.0,0.0,418,435,375,435,35.0,NEUTRAL,program,sonic_drive_three_laps.py,function,ec959a186dbd8278df967871b3a34262848e2c5ecc08c20aa12abb30068f0552,右壁追従 | target_deg=0.000,,249.5736284046761,81.56248123473814,78.36410002090682,92.4216495164237,46.44677840532863,0,69.1,37.47405544938391,2
69.15,383.1908601673318,382.3013693793223,73.7794671860311,26.306030693574606,0.0,35.0,0.0,418,435,375,435,35.0,NEUTRAL,program,sonic_drive_three_laps.py,function,ec959a186dbd8278df967871b3a34262848e2c5ecc08c20aa12abb30068f0552,右壁追従 | target_deg=0.000,,248.792645998342,82.71863131113629,79.15258022832066,93.95235980732298,45.679974864302665,0,69.15,37.83873981072708,2
69.2,384.4648743651091,382.6719998701081,73.7794671860311,26.68778468308418,0.0,35.0,0.0,418,435,375,435,35.0,NEUTRAL,program,sonic_drive_three_laps.py,function,ec959a186dbd8278df967871b3a34262848e2c5ecc08c20aa12abb30068f0552,右壁追従 | target_deg=0.000,,249.7674529970421,161.00089098643824,80.50555716083937,92.9930747971536,48.2530445668381,0,69.2,38.20937030151288,2
69.25,385.7547217027517,383.0472364668612,73.7794671860311,26.983506353145174,0.0,35.0,0.0,418,435,375,435,35.0,NEUTRAL,program,sonic_drive_three_laps.py,function,ec959a186dbd8278df967871b3a34262848e2c5ecc08c20aa12abb30068f0552,右壁追従 | target_deg=0.000,,250.0,164.60340832516115,78.26338477476186,95.82233627058261,42.80203474505495,0,69.25,38.584606898265974,2
69.3,387.0568340138901,383.4260411346406,73.7794671860311,27.212584001439065,0.0,35.0,0.0,418,435,375,435,35.0,NEUTRAL,program,sonic_drive_three_laps.py,function,ec959a186dbd8278df967871b3a34262848e2c5ecc08c20aa12abb30068f0552,右壁追従 | target_deg=0.000,,248.8447402446717,164.4870808124368,78.57618357036468,93.61875038126915,42.868213394754804,0,69.3,38.96341156604541,2
69.35,388.3684472563748,383.80760977071327,73.7794671860311,27.390036566673924,0.0,35.0,0.0,418,435,375,435,35.0,NEUTRAL,program,sonic_drive_three_laps.py,function,ec959a186dbd8278df967871b3a34262848e2c5ecc08c20aa12abb30068f0552,右壁追従 | target_deg=0.000,,246.5322570936045,162.650770390585,77.17466801440392,96.9089449693833,44.80049967626151,0,69.35,39.34498020211805,2
69.4,389.6874202943351,384.1913194854442,73.7794671860311,27.527498310073838,0.0,35.0,0.0,418,435,375,435,35.0,NEUTRAL,program,sonic_drive_three_laps.py,function,ec959a186dbd8278df967871b3a34262848e2c5ecc08c20aa12abb30068f0552,右壁追従 | target_deg=0.000,,250.0,163.15261229861352,77.00293758916288,96.84689381186641,47.090329435672146,0,69.4,39.728689916848964,2
69.45,391.0120945196286,384.5766877639989,73.7794671860311,27.633981588427893,0.0,35.0,0.0,418,435,375,435,35.0,NEUTRAL,program,sonic_drive_three_laps.py,function,ec959a186dbd8278df967871b3a34262848e2c5ecc08c20aa12abb30068f0552,右壁追従 | target_deg=0.000,,250.0,161.8048625735661,75.41370621724201,98.56401698938397,46.64894550822428,0,69.45,40.114058195403686,2
69.5,392.34118510908803,384.96334083138976,73.7794671860311,27.71646772812452,0.0,35.0,0.0,418,435,375,435,35.0,NEUTRAL,program,sonic_drive_three_laps.py,function,ec959a186dbd8278df967871b3a34262848e2c5ecc08c20aa12abb30068f0552,右壁追従 | target_deg=0.000,,247.52092208531224,161.46673423174164,73.21519748218353,99.23140533604388,49.81259287134258,0,69.5,40.50071126279454,2
69.55,393.6736967881042,385.3509891467956,73.7794671860311,27.78036473944144,0.0,35.0,0.0,418,435,375,435,35.0,NEUTRAL,program,sonic_drive_three_laps.py,function,ec959a186dbd8278df967871b3a34262848e2c5ecc08c20aa12abb30068f0552,右壁追従 | target_deg=0.000,,250.0,160.11717868280917,75.1282451208367,101.25573922049858,45.91199603400966,0,69.55,40.88835957820038,2
69.6,395.00885857778064,385.7394084204971,73.7794671860311,27.82986188005501,0.0,35.0,0.0,418,435,375,435,35.0,NEUTRAL,program,sonic_drive_three_laps.py,function,ec959a186dbd8278df967871b3a34262848e2c5ecc08c20aa12abb30068f0552,右壁追従 | target_deg=0.000,,249.01595293565833,160.5562701688358,74.86677834120218,98.15788934813389,48.60087901465329,0,69.6,41.276778851901895,2
69.65,396.3460732475102,386.1284249088475,73.7794671860311,27.868204313893855,0.0,35.0,0.0,418,435,375,435,35.0,NEUTRAL,program,sonic_drive_three_laps.py,function,ec959a186dbd8278df967871b3a34262848e2c5ecc08c20aa12abb30068f0552,右壁追従 | target_deg=0.000,,250.0,158.38201674175914,73.61626853412466,98.7985732314114,47.68078316143236,0,69.65,41.66579534025226,2
69.7,397.6848781589515,386.5179040231772,73.7794671860311,27.89790587270034,0.0,35.0,0.0,418,435,375,435,35.0,NEUTRAL,program,sonic_drive_three_laps.py,function,ec959a186dbd8278df967871b3a34262848e2c5ecc08c20aa12abb30068f0552,右壁追従 | target_deg=0.000,,250.0,159.03100975191333,72.69798083488914,104.2234414940443,48.741771592337265,0,69.7,42.05527445458199,2
69.75,399.024914934231,386.90774150580444,73.7794671860311,27.920913869512503,0.0,35.0,0.0,418,435,375,435,35.0,NEUTRAL,program,sonic_drive_three_laps.py,function,ec959a186dbd8278df967871b3a34262848e2c5ecc08c20aa12abb30068f0552,右壁追従 | target_deg=0.000,,250.0,161.0937470385221,73.62447885887613,104.34750372119555,47.72048576456384,0,69.75,42.44511193720922,2
69.8,400.36590595973854,387.29785659462385,73.7794671860311,27.93873676967602,0.0,35.0,0.0,418,435,375,435,35.0,NEUTRAL,program,sonic_drive_three_laps.py,function,ec959a186dbd8278df967871b3a34262848e2c5ecc08c20aa12abb30068f0552,右壁追従 | target_deg=0.000,,248.37581236339466,159.5025445465467,74.2892987782838,102.83470014720756,49.1342808794598,0,69.8,42.83522702602863,2
69.85,401.7076361850421,387.68818672812927,73.7794671860311,27.952543089836432,0.0,35.0,0.0,418,435,375,435,35.0,NEUTRAL,program,sonic_drive_three_laps.py,function,ec959a186dbd8278df967871b3a34262848e2c5ecc08c20aa12abb30068f0552,右壁追従 | target_deg=0.000,,250.0,158.1951813824677,76.9986465412578,103.88608550410346,51.72099483566996,0,69.85,43.22555715953405,2
69.9,403.0499390236099,388.07868344371485,73.7794671860311,27.963238008992295,0.0,35.0,0.0,418,435,375,435,35.0,NEUTRAL,program,sonic_drive_three_laps.py,function,ec959a186dbd8278df967871b3a34262848e2c5ecc08c20aa12abb30068f0552,右壁追従 | target_deg=0.000,,250.0,159.08529327670598,72.0432746249417,106.25679669271891,51.143440494641695,0,69.9,43.61605387511963,2
69.95,404.39268543095636,388.4693092003381,73.7794671860311,27.971522714433107,0.0,35.0,0.0,418,435,375,435,35.0,NEUTRAL,program,sonic_drive_three_laps.py,function,ec959a186dbd8278df967871b3a34262848e2c5ecc08c20aa12abb30068f0552,右壁追従 | target_deg=0.000,,249.69850709387555,155.02386651743595,74.73425078912723,107.92304086999444,52.11510931485621,0,69.95,44.006679631742884,2
70.0,405.735775444142,388.86003491722954,73.7794671860311,27.97794037343928,0.0,35.0,0.0,418,435,375,435,35.0,NEUTRAL,program,sonic_drive_three_laps.py,function,ec959a186dbd8278df967871b3a34262848e2c5ecc08c20aa12abb30068f0552,右壁追従 | target_deg=0.000,,250.0,155.44705208092185,71.73114488301007,108.75198306719516,50.91716478453757,0,70.0,44.39740534863432,2
70.05,407.0791316279388,389.2508380672802,73.7794671860311,27.982911744770927,0.0,35.0,0.0,418,435,375,435,35.0,NEUTRAL,program,sonic_drive_three_laps.py,function,ec959a186dbd8278df967871b3a34262848e2c5ecc08c20aa12abb30068f0552,右壁追従 | target_deg=0.000,,250.0,156.78039298942466,69.93655740109253,108.06579458983325,53.22264075361064,0,70.05,44.78820849868498,2
70.1,408.4226939979701,389.64170120010454,73.7794671860311,27.98676276472903,0.0,35.0,0.0,418,435,375,435,35.0,NEUTRAL,program,sonic_drive_three_laps.py,function,ec959a186dbd8278df967871b3a34262848e2c5ecc08c20aa12abb30068f0552,右壁追従 | target_deg=0.000,,250.0,154.80469299135657,68.31060521702285,107.69741951783173,51.6015854147978,0,70.1,45.179071631509316,2
70.15,409.7664160879764,390.0326107979469,73.7794671860311,27.98974591640457,0.0,35.0,0.0,418,435,375,435,35.0,NEUTRAL,program,sonic_drive_three_laps.py,function,ec959a186dbd8278df967871b3a34262848e2c5ecc08c20aa12abb30068f0552,右壁追従 | target_deg=0.000,,250.0,234.76382425060663,71.52607229908364,110.13284974306772,51.063606175249234,0,70.15,45.5699812293517,2
70.2,411.11026190336344,390.4235563894217,73.7794671860311,27.992056783140157,0.0,35.0,0.0,418,435,375,435,35.0,NEUTRAL,program,sonic_drive_three_laps.py,function,ec959a186dbd8278df967871b3a34262848e2c5ecc08c20aa12abb30068f0552,右壁追従 | target_deg=0.000,,250.0,236.06644250106845,70.68222979892192,111.62616285210024,53.447909042630386,0,70.2,45.9609268208265,2
70.25,412.4542035613015,390.81452986298103,73.7794671860311,27.99384687149316,0.0,35.0,0.0,418,435,375,435,35.0,NEUTRAL,program,sonic_drive_three_laps.py,function,ec959a186dbd8278df967871b3a34262848e2c5ecc08c20aa12abb30068f0552,右壁追従 | target_deg=0.000,,250.0,234.32358710853876,70.23040383648842,111.65392087900553,54.21232130196893,0,70.25,46.351900294385814,2
70.3,413.798219462653,391.20552493510087,73.7794671860311,27.9952335444078,0.0,35.0,0.0,418,435,375,435,35.0,NEUTRAL,program,sonic_drive_three_laps.py,function,ec959a186dbd8278df967871b3a34262848e2c5ecc08c20aa12abb30068f0552,右壁追従 | target_deg=0.000,,249.27143345725474,235.74174788151706,70.40476492408825,114.29900392357419,53.87965235820029,0,70.3,46.74289536650565,2
70.35,415.14229287587546,391.596536738316,73.7794671860311,27.996307715841272,0.0,35.0,0.0,418,435,375,435,35.0,NEUTRAL,program,sonic_drive_three_laps.py,function,ec959a186dbd8278df967871b3a34262848e2c5ecc08c20aa12abb30068f0552,右壁追従 | target_deg=0.000,,250.0,234.02270208332388,68.99040948755473,112.08573911041356,54.479527950754814,0,70.35,47.13390716972077,2
70.4,416.48641084005743,391.9875615020963,73.7794671860311,27.997139811324143,0.0,35.0,0.0,418,435,375,435,35.0,NEUTRAL,program,sonic_drive_three_laps.py,function,ec959a186dbd8278df967871b3a34262848e2c5ecc08c20aa12abb30068f0552,右壁追従 | target_deg=0.000,,250.0,234.07034880851188,66.75410062315244,115.44076208370117,57.24558309428847,0,70.4,47.52493193350108,2
70.45,417.8305633151667,392.37859630564066,73.7794671860311,27.997784385245062,0.0,35.0,0.0,418,435,375,435,35.0,NEUTRAL,program,sonic_drive_three_laps.py,function,ec959a186dbd8278df967871b3a34262848e2c5ecc08c20aa12abb30068f0552,右壁追従 | target_deg=0.000,,250.0,233.9536492768444,67.94677441664385,113.20149564274078,54.68181929584608,0,70.45,47.91596673704544,2
70.5,419.174742523799,392.7696388863816,73.7794671860311,27.998283697581304,0.0,35.0,0.0,418,435,375,435,35.0,NEUTRAL,program,sonic_drive_three_laps.py,function,ec959a186dbd8278df967871b3a34262848e2c5ecc08c20aa12abb30068f0552,右壁追従 | target_deg=0.000,,249.06614614511082,230.74085159185623,68.97904375217769,115.17305702218495,54.53713072375252,0,70.5,48.30700931778637,2
70.55,420.51894244127067,393.160687491645,73.7794671860311,27.998670484575054,0.0,35.0,0.0,418,435,375,435,35.0,NEUTRAL,program,sonic_drive_three_laps.py,function,ec959a186dbd8278df967871b3a34262848e2c5ecc08c20aa12abb30068f0552,右壁追従 | target_deg=0.000,,250.0,230.95301534250282,69.56831149537541,115.39553583496222,58.15581578366154,0,70.55,48.69805792304976,2
70.6,421.86315840062457,393.5517407637408,73.7794671860311,27.998970105008354,0.0,35.0,0.0,418,435,375,435,35.0,NEUTRAL,program,sonic_drive_three_laps.py,function,ec959a186dbd8278df967871b3a34262848e2c5ecc08c20aa12abb30068f0552,右壁追従 | target_deg=0.000,,250.0,232.32416391973737,66.23235136663122,118.28061722868993,57.52906050970399,0,70.6,49.08911119514556,2
70.65,423.2073867866521,393.9427976509487,73.7794671860311,27.99920220279215,0.0,35.0,0.0,418,435,375,435,35.0,NEUTRAL,program,sonic_drive_three_laps.py,function,ec959a186dbd8278df967871b3a34262848e2c5ecc08c20aa12abb30068f0552,右壁追従 | target_deg=0.000,,250.0,231.7016475153781,65.11814952138435,118.21864482590667,56.96371478991903,0,70.65,49.48016808235349,2
70.7,424.55162479887025,394.3338573385648,73.7794671860311,27.999381994873247,0.0,35.0,0.0,418,435,375,435,35.0,NEUTRAL,program,sonic_drive_three_laps.py,function,ec959a186dbd8278df967871b3a34262848e2c5ecc08c20aa12abb30068f0552,右壁追従 | target_deg=0.000,,249.61324193700864,230.41628946811758,65.50715705050789,116.62130850224038,58.14349702794297,0,70.7,49.87122776996961,2
70.75,425.8958702679146,394.7249191954873,73.7794671860311,27.99952126889774,0.0,35.0,0.0,418,435,375,435,35.0,NEUTRAL,program,sonic_drive_three_laps.py,function,ec959a186dbd8278df967871b3a34262848e2c5ecc08c20aa12abb30068f0552,右壁追従 | target_deg=0.000,,250.0,232.87427246346914,66.4804361820922,117.96710979228442,58.125925424958346,0,70.75,50.262289626892084,2
70.8,427.2401215133102,395.11598273283994,73.7794671860311,27.999629156040378,0.0,35.0,0.0,418,435,375,435,35.0,NEUTRAL,program,sonic_drive_three_laps.py,function,ec959a186dbd8278df967871b3a34262848e2c5ecc08c20aa12abb30068f0552,右壁追従 | target_deg=0.000,,250.0,227.52306901133446,65.73632987932852,119.14466791265146,57.55294124245601,0,70.8,50.65335316424472,2
70.85,428.5843772332949,395.50704757191994,73.7794671860311,27.999712729668623,0.0,35.0,0.0,418,435,375,435,35.0,NEUTRAL,program,sonic_drive_three_laps.py,function,ec959a186dbd8278df967871b3a34262848e2c5ecc08c20aa12abb30068f0552,右壁追従 | target_deg=0.000,,249.37248574563236,227.38239212953195,62.31484642222361,117.7339018696277,57.149252602071776,0,70.85,51.04441800332472,2
70.9,429.92863641947235,395.8981134193692,73.7794671860311,27.999777469091384,0.0,35.0,0.0,418,435,375,435,35.0,NEUTRAL,program,sonic_drive_three_laps.py,function,ec959a186dbd8278df967871b3a34262848e2c5ecc08c20aa12abb30068f0552,右壁追従 | target_deg=0.000,,248.59960192983252,226.9607819536881,63.866814286707665,121.70587723839918,60.99459081463892,0,70.9,51.435483850774006,2
70.95,431.27289829069923,396.289180047941,73.7794671860311,27.999827618797067,0.0,35.0,0.0,418,435,375,435,35.0,NEUTRAL,program,sonic_drive_three_laps.py,function,ec959a186dbd8278df967871b3a34262848e2c5ecc08c20aa12abb30068f0552,右壁追従 | target_deg=0.000,,249.42468429818308,226.05574543000844,64.33265840936896,119.97251447155804,59.26741100590542,0,70.95,51.82655047934577,2
71.0,432.61716224187114,396.680247281601,73.7794671860311,27.9998664667335,0.0,35.0,0.0,418,435,375,435,35.0,NEUTRAL,program,sonic_drive_three_laps.py,function,ec959a186dbd8278df967871b3a34262848e2c5ecc08c20aa12abb30068f0552,右壁追従 | target_deg=0.000,,248.81932619003646,229.66563427016214,65.08639844966514,123.60543546675594,60.375008847446786,0,71.0,52.21761771300578,2
71.05,433.96142780425026,397.07131498398627,73.7794671860311,27.999896559874518,0.0,35.0,0.0,418,435,375,435,35.0,NEUTRAL,program,sonic_drive_three_laps.py,function,ec959a186dbd8278df967871b3a34262848e2c5ecc08c20aa12abb30068f0552,右壁追従 | target_deg=0.000,,246.17956212449883,227.31724042349362,66.06725496128298,124.08955723983178,60.86931801722255,0,71.05,52.60868541539105,2
71.1,435.30569461473414,397.4623830494644,73.7794671860311,27.99991987120633,0.0,35.0,0.0,418,435,375,435,35.0,NEUTRAL,program,sonic_drive_three_laps.py,function,ec959a186dbd8278df967871b3a34262848e2c5ecc08c20aa12abb30068f0552,右壁追従 | target_deg=0.000,,243.52945872960922,227.03146227251798,64.71910845477082,125.40758177599554,61.291068964065374,0,71.1,52.999753480869174,2
71.15,436.6499623920489,397.8534513962087,73.7794671860311,27.999937929081725,0.0,35.0,0.0,418,435,375,435,35.0,NEUTRAL,program,sonic_drive_three_laps.py,function,ec959a186dbd8278df967871b3a34262848e2c5ecc08c20aa12abb30068f0552,右壁追従 | target_deg=0.000,,243.516444776482,224.37570374925824,61.85253670860901,125.57446423655561,59.78249845682413,0,71.15,53.39082182761348,2
71.2,437.994230918309,398.2445199608328,73.7794671860311,27.99995191742295,0.0,35.0,0.0,418,435,375,435,35.0,NEUTRAL,program,sonic_drive_three_laps.py,function,ec959a186dbd8278df967871b3a34262848e2c5ecc08c20aa12abb30068f0552,右壁追従 | target_deg=0.000,,242.37722544365306,225.4428311018358,62.23637155690342,125.8862502955997,63.22978496572522,0,71.2,53.781890392237585,2
71.25,439.3385000247316,398.63558869423525,73.7794671860311,27.99996275334279,0.0,35.0,0.0,418,435,375,435,35.0,NEUTRAL,program,sonic_drive_three_laps.py,function,ec959a186dbd8278df967871b3a34262848e2c5ecc08c20aa12abb30068f0552,右壁追従 | target_deg=0.000,,242.77715785262188,66.69434088001981,63.38770614389367,125.6651036116157,60.52043707099946,0,71.25,54.172959125640034,2
71.3,440.682769580571,399.02665755838,73.7794671860311,27.999971147272905,0.0,35.0,0.0,418,435,375,435,35.0,NEUTRAL,program,sonic_drive_three_laps.py,function,ec959a186dbd8278df967871b3a34262848e2c5ecc08c20aa12abb30068f0552,右壁追従 | target_deg=0.000,,239.46994744269074,65.37492991269221,60.637945704901256,127.91470413699713,64.0556264989973,0,71.3,54.56402798978479,2
71.35,442.02703948454626,399.41772652380286,73.7794671860311,27.999977649541652,0.0,35.0,0.0,418,435,375,435,35.0,NEUTRAL,program,sonic_drive_three_laps.py,function,ec959a186dbd8278df967871b3a34262848e2c5ecc08c20aa12abb30068f0552,右壁追従 | target_deg=0.000,,241.69202277393236,63.360253980421824,59.83219730307705,129.28041638005885,61.33891662240646,0,71.35,54.95509695520764,2
71.4,443.3713096582013,399.80879556767974,73.7794671860311,27.99998268645502,0.0,35.0,0.0,418,435,375,435,35.0,NEUTRAL,program,sonic_drive_three_laps.py,function,ec959a186dbd8278df967871b3a34262848e2c5ecc08c20aa12abb30068f0552,右壁追従 | target_deg=0.000,,237.77270946082092,61.464828915270324,59.24418798983696,128.10762276943913,65.11810763754116,0,71.4,55.34616599908452,2
71.45,444.7155800407609,400.1998646723302,73.7794671860311,27.99998658824642,0.0,35.0,0.0,418,435,375,435,35.0,NEUTRAL,program,sonic_drive_three_laps.py,function,ec959a186dbd8278df967871b3a34262848e2c5ecc08c20aa12abb30068f0552,右壁追従 | target_deg=0.000,,236.68588176465755,62.64647545064925,58.445555337327,129.48555860448474,64.24604489355056,0,71.45,55.737235103734974,2
71.5,446.0598505851462,400.5909338240583,73.7794671860311,27.99998961072765,0.0,35.0,0.0,418,435,375,435,35.0,NEUTRAL,program,sonic_drive_three_laps.py,function,ec959a186dbd8278df967871b3a34262848e2c5ecc08c20aa12abb30068f0552,右壁追従 | target_deg=0.000,,234.84256983405376,63.48472240919384,59.3034978756196,130.7657067630532,62.092788307627075,0,71.5,56.12830425546309,2
71.55,447.40412125488814,400.98200301225455,73.7794671860311,27.999991952060604,0.0,35.0,0.0,418,435,375,435,35.0,NEUTRAL,program,sonic_drive_three_laps.py,function,ec959a186dbd8278df967871b3a34262848e2c5ecc08c20aa12abb30068f0552,右壁追従 | target_deg=0.000,,234.28015578393385,63.41536179126455,130.79197215970495,131.5603633032775,64.68327176434484,0,71.55,56.51937344365933,2
71.6,448.7461115807867,401.3731497467626,73.72044320033922,27.928213203530934,0.728032472892169,34.601857241387094,2.275101477788028,418,437,375,435,34.601857241387094,NEUTRAL,program,sonic_drive_three_laps.py,function,ec959a186dbd8278df967871b3a34262848e2c5ecc08c20aa12abb30068f0552,右壁追従 | target_deg=1.820,,232.3546240388591,65.16535274290578,131.07703428892597,133.7294604144879,66.29084955575692,0,71.6,56.89955677596657,2
71.65,450.08422741494655,401.7648433687915,73.64791091410814,27.857203220794936,0.8843009968831835,34.51639789232951,2.7634406152599484,418,437,375,435,34.51639789232951,NEUTRAL,program,sonic_drive_three_laps.py,function,ec959a186dbd8278df967871b3a34262848e2c5ecc08c20aa12abb30068f0552,右壁追従 | target_deg=2.210,,226.9905047937049,61.58561563886964,130.96104084528534,135.20308173453427,64.44336217240068,0,71.65,57.10736984440839,2
71.7,451.4186980340669,402.15737068050254,73.57016693169768,27.795713267082178,0.9500528837428354,34.480439829203135,2.9689152616963606,418,438,375,435,34.480439829203135,NEUTRAL,program,sonic_drive_three_laps.py,function,ec959a186dbd8278df967871b3a34262848e2c5ecc08c20aa12abb30068f0552,右壁追従 | target_deg=2.374,,226.04595019966885,59.653569611940895,126.8306279599231,135.26556068568314,62.719225043765654,0,71.7,56.29042737550528,2
71.75,452.7500459838345,402.550955067355,73.4914718003464,27.74675083519135,0.9635412872971872,34.47306335850935,3.01106652280371,418,438,375,435,34.47306335850935,NEUTRAL,program,sonic_drive_three_laps.py,function,ec959a186dbd8278df967871b3a34262848e2c5ecc08c20aa12abb30068f0552,右壁追従 | target_deg=2.408,,223.65525732101557,61.780013834835074,127.93312392708552,136.6499429174568,66.74084138660406,0,71.75,55.49551777161091,2
71.8,454.07868707668354,402.94576813937863,73.40931021593099,27.70447805971645,1.0076057522879323,34.44896560421754,3.148767975899788,418,438,375,435,34.44896560421754,NEUTRAL,program,sonic_drive_three_laps.py,function,ec959a186dbd8278df967871b3a34262848e2c5ecc08c20aa12abb30068f0552,右壁追従 | target_deg=2.518,,223.34621274796623,60.06678141320459,130.626876086463,140.49683639307358,64.47957083310627,0,71.8,54.72282785927883,2
71.85,455.40512004282164,403.34195912510575,73.3300723324219,27.675147175343888,0.972966447435641,34.46790897405864,3.040520148236378,418,438,375,435,34.46790897405864,NEUTRAL,program,sonic_drive_three_laps.py,function,ec959a186dbd8278df967871b3a34262848e2c5ecc08c20aa12abb30068f0552,右壁追従 | target_deg=2.431,,218.60196202468035,59.40884730570485,128.259989487163,138.37873626491188,69.943069543849,0,71.85,53.973566327101516,2
71.9,456.7298045627906,403.73961866719407,73.25126749856372,27.652864027686274,0.9685269837558836,34.4703368057585,3.0266468242371363,418,438,375,435,34.4703368057585,NEUTRAL,program,sonic_drive_three_laps.py,function,ec959a186dbd8278df967871b3a34262848e2c5ecc08c20aa12abb30068f0552,右壁追従 | target_deg=2.420,,216.45280811155754,59.42297033884335,127.65977528743595,139.14474912708496,67.44641009192264,0,71.9,53.248123852744776,2
71.95,458.0529307246728,404.13882335456543,73.17021588368112,27.632806229711772,0.9968893417922507,34.45482614120736,3.1152791931007835,418,438,375,435,34.45482614120736,NEUTRAL,program,sonic_drive_three_laps.py,function,ec959a186dbd8278df967871b3a34262848e2c5ecc08c20aa12abb30068f0552,右壁追従 | target_deg=2.491,,214.72514443672637,58.03430689162295,131.32861347879972,142.5295622198456,66.98138765796003,0,71.95,52.54693740267794,2
72.0,459.37473187156,404.53964575328393,73.09102547586167,27.619469649461045,0.9745659623786419,34.46703423932418,3.045518632433256,418,438,375,435,34.46703423932418,NEUTRAL,program,sonic_drive_three_laps.py,function,ec959a186dbd8278df967871b3a34262848e2c5ecc08c20aa12abb30068f0552,右壁追従 | target_deg=2.435,,211.84667061103266,57.48843847512055,130.35171575486606,142.95338692212042,71.04827395500884,0,72.0,51.87130954283492,2
72.05,460.695556535029,404.9421236141716,73.01522403572082,27.613219795363694,0.9331726399191973,34.48967121254419,2.9161644997474916,418,438,375,435,34.48967121254419,NEUTRAL,program,sonic_drive_three_laps.py,function,ec959a186dbd8278df967871b3a34262848e2c5ecc08c20aa12abb30068f0552,右壁追従 | target_deg=2.332,,210.4468444092025,58.165433844700644,126.3221592871482,144.7824068065869,70.97853494058953,0,72.05,51.22232592948279,2
72.1,462.0155612975716,405.3462699108262,72.93870793178448,27.60749116125412,0.9421715606340695,34.48474992777824,2.944286126981467,418,438,375,435,34.48474992777824,NEUTRAL,program,sonic_drive_three_laps.py,function,ec959a186dbd8278df967871b3a34262848e2c5ecc08c20aa12abb30068f0552,右壁追従 | target_deg=2.354,,208.19826466787174,57.96640565278268,128.14418542165131,144.3191709477477,68.61068267658011,0,72.1,50.60038804816941,2
72.15,463.3347963316783,405.7521056031483,72.86240279326813,27.603293492063298,0.9397378098522929,34.48608088523702,2.9366806557884155,418,438,375,435,34.48608088523702,NEUTRAL,program,sonic_drive_three_laps.py,function,ec959a186dbd8278df967871b3a34262848e2c5ecc08c20aa12abb30068f0552,右壁追従 | target_deg=2.348,,207.356223431157,55.257494569454956,126.77051962943482,147.93341580188178,68.21209814290356,0,72.15,50.00658414031895,2
72.2,464.6533541140139,406.1596435647245,72.78708001551527,27.601224789835584,0.9277394906072025,34.49264246607419,2.899185908147508,418,438,375,435,34.49264246607419,NEUTRAL,program,sonic_drive_three_laps.py,function,ec959a186dbd8278df967871b3a34262848e2c5ecc08c20aa12abb30068f0552,右壁追従 | target_deg=2.318,,201.078690409046,55.320298647900444,127.26406155371949,147.81348408531102,70.14403293219365,0,72.2,49.44200993924426,2
72.25,465.97133452306025,406.56888733389206,72.71292202593415,27.601033500175877,0.9134263450266366,34.50046996756356,2.8544573282082393,418,437,375,435,34.50046996756356,NEUTRAL,program,sonic_drive_three_laps.py,function,ec959a186dbd8278df967871b3a34262848e2c5ecc08c20aa12abb30068f0552,右壁追従 | target_deg=2.283,,202.92770670688014,53.75836031352139,129.21427961506478,150.6237862412591,73.15545353915317,0,72.25,48.90769754712183,2
72.3,467.28876407491714,406.9798343326152,72.63844939313816,27.600501973387985,0.9173144246988442,34.49834367399282,2.866607577183888,418,438,375,435,34.49834367399282,NEUTRAL,program,sonic_drive_three_laps.py,function,ec959a186dbd8278df967871b3a34262848e2c5ecc08c20aa12abb30068f0552,右壁追従 | target_deg=2.292,,199.2876936897336,54.460700164881565,129.05064112000323,148.69391006878297,71.43860922971075,0,72.3,48.40441172486321,2
72.35,468.605709968045,407.392485529029,72.565879086899,27.6024031157344,0.8938560600701851,34.511172467149116,2.7933001877193284,418,437,375,435,34.511172467149116,NEUTRAL,program,sonic_drive_three_laps.py,function,ec959a186dbd8278df967871b3a34262848e2c5ecc08c20aa12abb30068f0552,右壁追従 | target_deg=2.234,,197.4015075564462,55.7256548663902,126.25309755401183,153.45763233234769,72.07572566337413,0,72.35,47.933510825849815,2
72.4,469.9222794392737,407.8068283077296,72.4950887373189,27.606046267778833,0.8718423040981845,34.523211239946306,2.7245072003068267,418,437,375,435,34.523211239946306,NEUTRAL,program,sonic_drive_three_laps.py,function,ec959a186dbd8278df967871b3a34262848e2c5ecc08c20aa12abb30068f0552,右壁追従 | target_deg=2.179,,195.32088190656137,53.32782735085067,123.56599408291903,150.8496086047456,70.66049292651032,0,72.4,47.495234294355726,2
72.45,471.23860626462255,408.22284364307086,72.42740191805132,27.612652588261184,0.8334612411272825,34.54420088375852,2.6045663785227577,418,437,375,435,34.54420088375852,NEUTRAL,program,sonic_drive_three_laps.py,function,ec959a186dbd8278df967871b3a34262848e2c5ecc08c20aa12abb30068f0552,右壁追従 | target_deg=2.083,,192.8677092309215,57.88004972111718,122.9954208194232,154.6886989701258,73.66692377544206,0,72.45,47.06700882473791,2
72.5,472.5547050243569,408.6405002891347,72.35950391546604,27.6175303537972,0.8358929033098437,34.54287106850243,2.6121653228432615,418,437,375,435,34.54287106850243,NEUTRAL,program,sonic_drive_three_laps.py,function,ec959a186dbd8278df967871b3a34262848e2c5ecc08c20aa12abb30068f0552,右壁追従 | target_deg=2.089,,187.22668387329534,53.28243711966576,124.8050841414953,156.23857507370548,72.38673640155916,0,72.5,46.6371232424313,2
72.55,473.87056092643854,409.0597799070417,72.29294909642044,27.622954233584828,0.8192047754435535,34.55199738842931,2.5600149232611047,418,437,375,435,34.55199738842931,NEUTRAL,program,sonic_drive_three_laps.py,function,ec959a186dbd8278df967871b3a34262848e2c5ecc08c20aa12abb30068f0552,右壁追従 | target_deg=2.047,,188.37616949695325,52.39277475415167,125.79453357807077,157.84191297517916,75.79551682653239,0,72.55,46.205875376346285,2
72.6,475.1861794357691,409.48065904570564,72.22709307865654,27.6280187845458,0.8104518191450797,34.556784161405034,2.532661934828374,418,437,375,435,34.556784161405034,NEUTRAL,program,sonic_drive_three_laps.py,function,ec959a186dbd8278df967871b3a34262848e2c5ecc08c20aa12abb30068f0552,右壁追従 | target_deg=2.025,,185.6472664843955,52.50594785233803,123.94571013213974,159.5277598580678,73.9225460866222,0,72.6,45.773171959213926,2
72.65,476.5014457163212,409.90311759899595,72.15926332285125,27.629556213457466,0.8346494456984521,34.54355108438366,2.608279517807663,418,437,375,435,34.54355108438366,NEUTRAL,program,sonic_drive_three_laps.py,function,ec959a186dbd8278df967871b3a34262848e2c5ecc08c20aa12abb30068f0552,右壁追従 | target_deg=2.086,,182.42266263523106,50.41812770658126,126.63641526414835,161.34315187184657,72.72897785804342,0,72.65,45.338553802142485,2
72.7,477.81639742434066,410.32715268347175,72.09462205047808,27.634625408882133,0.7953144730848255,34.56506239753174,2.48535772839008,418,437,375,435,34.56506239753174,NEUTRAL,program,sonic_drive_three_laps.py,function,ec959a186dbd8278df967871b3a34262848e2c5ecc08c20aa12abb30068f0552,右壁追従 | target_deg=1.988,,178.9270972632609,51.50674073394709,122.29609098102665,160.84633682565806,75.42043337247645,0,72.7,44.90294871123359,2
72.75,479.13116043397054,410.75273821204195,72.03210057318955,27.641139651799506,0.769071384326002,34.579414086696715,2.403348076018756,418,437,375,435,34.579414086696715,NEUTRAL,program,sonic_drive_three_laps.py,function,ec959a186dbd8278df967871b3a34262848e2c5ecc08c20aa12abb30068f0552,右壁追従 | target_deg=1.922,,178.99991873894336,50.61450487828872,123.83736360098513,162.03444651448243,77.65949011308095,0,72.75,44.466189328504754,2
72.8,480.44578753011905,411.17984503377136,71.97116473741113,27.648126879860285,0.7493844467961579,34.59018038065835,2.3418263962379933,418,437,375,435,34.59018038065835,NEUTRAL,program,sonic_drive_three_laps.py,function,ec959a186dbd8278df967871b3a34262848e2c5ecc08c20aa12abb30068f0552,右壁追従 | target_deg=1.873,,177.32652195622248,50.62038855431786,122.18447300765365,166.54744253831922,76.76509374345785,0,72.8,44.02820788660085,2
72.85,481.76020664091277,411.60844358032745,71.90918222820721,27.652284845398437,0.7621093608581668,34.58322144328069,2.3815917526817714,418,437,375,435,34.58322144328069,NEUTRAL,program,sonic_drive_three_laps.py,function,ec959a186dbd8278df967871b3a34262848e2c5ecc08c20aa12abb30068f0552,右壁追従 | target_deg=1.905,,176.8979795979585,50.30073508501332,124.06893757936403,161.40281224004676,75.52110962985881,0,72.85,43.58856399271565,2
72.9,483.07275806239903,412.0364740702757,71.99237372704025,27.58493311689378,-1.4778906391418332,34.19177855671931,-4.618408247318229,417,430,375,435,34.19177855671931,NEUTRAL,program,sonic_drive_three_laps.py,function,ec959a186dbd8278df967871b3a34262848e2c5ecc08c20aa12abb30068f0552,右壁追従 | target_deg=-3.690,,172.65350034327636,49.15592690556372,121.13398734822619,163.2892950708777,75.77153169260252,0,72.9,43.17536203447435,2
72.95,484.3774816590494,412.4575884652567,72.25584273901836,27.31190639927284,-3.7178906391418334,32.96677855671931,-11.618408247318229,416,422,375,435,32.96677855671931,NEUTRAL,program,sonic_drive_three_laps.py,function,ec959a186dbd8278df967871b3a34262848e2c5ecc08c20aa12abb30068f0552,右壁追従 | target_deg=-9.227,,170.99276626368402,48.072382218835116,124.10144784734425,250.0,75.3334906263906,0,72.95,42.801402226463665,2
73.0,485.6671565620202,412.86512932247166,72.69499822231921,26.879555737586816,-5.957890639141834,31.741778556719307,-18.61840824731823,414,415,375,435,31.741778556719307,NEUTRAL,program,sonic_drive_three_laps.py,function,ec959a186dbd8278df967871b3a34262848e2c5ecc08c20aa12abb30068f0552,右壁追従 | target_deg=-14.623,,173.1589250712178,49.952782416821,119.90603357229847,247.4238614331243,77.46511372875143,0,73.0,42.473107223369425,2
73.05,486.936815878527,413.2536602097177,73.29557656168416,26.343297558268873,-8.0,30.625,-25.0,413,408,375,435,30.625,NEUTRAL,program,sonic_drive_three_laps.py,function,ec959a186dbd8278df967871b3a34262848e2c5ecc08c20aa12abb30068f0552,右壁追従 | target_deg=-19.359,,179.27631970084403,47.53049845854606,116.70780788909725,250.0,78.72767062172863,0,73.05,42.19425419469928,2
73.1,488.18837909971444,413.62190714883224,73.91353624821912,25.92789085989881,-8.0,30.625,-25.0,413,408,375,435,30.625,NEUTRAL,program,sonic_drive_three_laps.py,function,ec959a186dbd8278df967871b3a34262848e2c5ecc08c20aa12abb30068f0552,右壁追従 | target_deg=-19.359,,185.08442734160764,51.411126906371244,116.5835996150804,156.3097393701027,81.46805967227554,0,73.1,41.9404191834181,2
73.15,489.42654832341805,413.9718474114172,74.52299680671041,25.60610047663567,-8.0,30.625,-25.0,413,408,375,435,30.625,NEUTRAL,program,sonic_drive_three_laps.py,function,ec959a186dbd8278df967871b3a34262848e2c5ecc08c20aa12abb30068f0552,右壁追従 | target_deg=-19.359,,187.06870238653275,47.60596655965841,116.86890477568771,153.70322453583717,77.18047787920278,0,73.15,41.70485406708019,2
73.2,490.654935855496,414.30503043475983,75.12587360600543,25.356828976761122,-8.0,30.625,-25.0,413,408,375,435,30.625,NEUTRAL,program,sonic_drive_three_laps.py,function,ec959a186dbd8278df967871b3a34262848e2c5ecc08c20aa12abb30068f0552,右壁追従 | target_deg=-19.359,,195.86707603487812,46.75679455763707,43.97587417605571,158.21591038750307,79.3584782852087,0,73.2,41.486299401122324,2
73.25,491.8763264629809,414.62261524764443,75.72365036622216,25.16373345905295,-8.0,30.625,-25.0,413,408,375,435,30.625,NEUTRAL,program,sonic_drive_three_laps.py,function,ec959a186dbd8278df967871b3a34262848e2c5ecc08c20aa12abb30068f0552,右壁追従 | target_deg=-19.359,,200.7082795474172,48.98166228351558,43.49353847579891,152.14058118489697,76.78867367487732,0,73.25,41.283822646072,2
73.3,493.0928599861487,414.9254674083278,76.31747643537852,25.01415406879874,-8.0,30.625,-25.0,413,408,375,435,30.625,NEUTRAL,program,sonic_drive_three_laps.py,function,ec959a186dbd8278df967871b3a34262848e2c5ecc08c20aa12abb30068f0552,右壁追従 | target_deg=-19.359,,206.00049869823283,49.486123284094255,46.258161146085804,151.92906988356964,79.58442348789823,0,73.3,41.096734351026555,2
73.35,494.30617387967055,415.21423179790486,76.90824214369945,24.89828398411539,-8.0,30.625,-25.0,413,408,375,435,30.625,NEUTRAL,program,sonic_drive_three_laps.py,function,ec959a186dbd8278df967871b3a34262848e2c5ecc08c20aa12abb30068f0552,右壁追従 | target_deg=-19.359,,214.66648861644768,48.293038121767204,45.261031617169365,148.6831190226315,79.38122401704805,0,73.35,40.924525840018646,2
73.4,495.5175143886788,415.48938736845577,77.49663717602971,24.808526454674276,-8.0,30.625,-25.0,413,408,375,435,30.625,NEUTRAL,program,sonic_drive_three_laps.py,function,ec959a186dbd8278df967871b3a34262848e2c5ecc08c20aa12abb30068f0552,右壁追従 | target_deg=-19.359,,225.79187695242496,46.459721906397625,42.83397430189945,145.08646036171018,78.50361483338652,0,73.4,40.76682280523994,2
73.45,496.72782320838166,415.75128836611987,78.08319578940336,24.738996738584145,-8.0,30.625,-25.0,413,408,375,435,30.625,NEUTRAL,program,sonic_drive_three_laps.py,function,ec959a186dbd8278df967871b3a34262848e2c5ecc08c20aa12abb30068f0552,右壁追従 | target_deg=-19.359,,235.90529982635667,51.015813436131815,44.32061954813209,142.8091889885049,78.41880267385724,0,73.45,40.62335070594861,2
73.5,497.93780500091384,416.0001953945466,78.66833184035272,24.685136283091712,-8.0,30.625,-25.0,413,408,375,435,30.625,NEUTRAL,program,sonic_drive_three_laps.py,function,ec959a186dbd8278df967871b3a34262848e2c5ecc08c20aa12abb30068f0552,右壁追従 | target_deg=-19.359,,246.51964195376172,48.2502519711686,45.09341369660268,142.88090149530638,79.10801464654459,0,73.5,40.49390895133479,2
73.55,499.1531031173647,416.2384815748335,79.1227422420464,24.823702357485196,-5.76,31.625,-18.0,414,416,375,435,31.625,NEUTRAL,program,sonic_drive_three_laps.py,function,ec959a186dbd8278df967871b3a34262848e2c5ecc08c20aa12abb30068f0552,右壁追従 | target_deg=-14.154,,250.0,51.88810344716462,43.38765091253645,138.70339205389024,76.93792015643872,0,73.55,40.349302230438354,2
73.6,500.37089071397605,416.4666435734428,79.67598244979007,24.75075259038204,-8.0,30.625,-25.0,413,408,375,435,30.625,NEUTRAL,program,sonic_drive_three_laps.py,function,ec959a186dbd8278df967871b3a34262848e2c5ecc08c20aa12abb30068f0552,右壁追従 | target_deg=-19.359,,250.0,48.655237643082266,42.22484161756092,136.37987776209107,80.17499612814717,0,73.6,40.23625161031475,2
73.65,501.58782403067283,416.68190792344456,80.26135902283522,24.69424282872632,-8.0,30.625,-25.0,413,408,375,435,30.625,NEUTRAL,program,sonic_drive_three_laps.py,function,ec959a186dbd8278df967871b3a34262848e2c5ecc08c20aa12abb30068f0552,右壁追従 | target_deg=-19.359,,248.81618533097074,47.30112121688895,38.26134505257324,137.56035856623146,80.68142657081316,0,73.65,40.144038376221715,2
73.7,502.8044832934762,416.8843398420326,80.84557941880882,24.650468142538895,-8.0,30.625,-25.0,413,408,375,435,30.625,NEUTRAL,program,sonic_drive_three_laps.py,function,ec959a186dbd8278df967871b3a34262848e2c5ecc08c20aa12abb30068f0552,右壁追従 | target_deg=-19.359,,250.0,48.664297237723794,43.68077735979353,136.5981057964077,79.11046048225612,0,73.7,40.06568672556779,2
73.75,504.0264764664897,417.07605772526864,81.29943682041437,24.796847050916274,-5.76,31.625,-18.0,414,416,375,435,31.625,NEUTRAL,program,sonic_drive_three_laps.py,function,ec959a186dbd8278df967871b3a34262848e2c5ecc08c20aa12abb30068f0552,右壁追従 | target_deg=-14.154,,249.62313149561172,53.23525718731388,41.2479856842878,136.12251194968073,80.11716361038474,0,73.75,39.97123076433263,2
73.8,505.26133061452464,417.2615635713673,81.59166475202255,25.09052642005648,-3.52,32.625,-11.0,415,423,375,435,32.625,NEUTRAL,program,sonic_drive_three_laps.py,function,ec959a186dbd8278df967871b3a34262848e2c5ecc08c20aa12abb30068f0552,右壁追従 | target_deg=-8.743,,250.0,50.36825293713988,40.554496552044924,130.3882419119583,79.01402011645294,0,73.8,39.84874850701448,2
73.85,506.51479825807934,417.445153770289,81.72070843820416,25.49831052537376,-1.28,33.625,-4.0,417,430,375,435,33.625,NEUTRAL,program,sonic_drive_three_laps.py,function,ec959a186dbd8278df967871b3a34262848e2c5ecc08c20aa12abb30068f0552,右壁追従 | target_deg=-3.197,,249.9023707848419,50.36274397974069,41.982760211004184,130.75459457259026,77.97305342891205,0,73.85,39.693087582228486,2
73.9,507.7912776206831,417.630740247067,81.72840247189094,25.99448465167681,0.0,34.625,0.0,418,435,375,435,34.625,NEUTRAL,program,sonic_drive_three_laps.py,function,ec959a186dbd8278df967871b3a34262848e2c5ecc08c20aa12abb30068f0552,右壁追従 | target_deg=0.000,,250.0,50.01235885037557,39.4586378313232,128.15163298302014,80.49872799512008,0,73.9,39.50916825610517,2
73.95,509.08457471998133,417.8174390156019,81.86589383792932,26.22559543629416,-2.24,33.775,-7.0,417,427,375,435,33.775,NEUTRAL,program,sonic_drive_three_laps.py,function,ec959a186dbd8278df967871b3a34262848e2c5ecc08c20aa12abb30068f0552,右壁追従 | target_deg=-5.585,,248.5254319799345,48.03566041447702,42.40196074148295,131.5310600668989,76.83038605662192,0,73.95,39.35229743192002,2
74.0,510.3817963393628,418.00007827294746,82.10896129680259,26.18376953191011,-3.2,32.55,-10.0,415,424,375,435,32.55,NEUTRAL,program,sonic_drive_three_laps.py,function,ec959a186dbd8278df967871b3a34262848e2c5ecc08c20aa12abb30068f0552,仕切り壁予防：右壁の向き・離隔を保持 | target_deg=-7.957,,250.0,48.869539777447486,40.92793806078018,134.33095166123744,79.9186616118947,0,74.0,39.22255750272848,2
74.05,511.6751681566799,418.17651356627897,82.35493032798252,26.056718075219436,-3.2,32.025,-10.0,415,424,375,435,32.025,NEUTRAL,program,sonic_drive_three_laps.py,function,ec959a186dbd8278df967871b3a34262848e2c5ecc08c20aa12abb30068f0552,仕切り壁予防：右壁の向き・離隔を保持 | target_deg=-7.957,,249.7366849851105,48.14911808984956,40.98860168863916,129.15556235522592,80.19834147032617,0,74.05,39.0998696969624,2
74.1,512.9638433114708,418.346688067162,82.59986527179103,25.95829901480696,-3.2,32.025,-10.0,415,424,375,435,32.025,NEUTRAL,program,sonic_drive_three_laps.py,function,ec959a186dbd8278df967871b3a34262848e2c5ecc08c20aa12abb30068f0552,仕切り壁予防：右壁の向き・離隔を保持 | target_deg=-7.957,,247.31897104648567,47.95181414538732,38.47640610085427,131.50496027293764,77.64174748547899,0,74.1,38.98343233939494,2
74.15,514.2490161561429,418.51082250631356,82.84399917080941,25.882059735818938,-3.2,32.025,-10.0,415,424,375,435,32.025,NEUTRAL,program,sonic_drive_three_laps.py,function,ec959a186dbd8278df967871b3a34262848e2c5ecc08c20aa12abb30068f0552,仕切り壁予防：右壁の向き・離隔を保持 | target_deg=-7.957,,249.8216897780642,50.693033168216914,41.98606404514264,130.27255084865507,78.93069447327463,0,74.15,38.87307243093511,2
74.2,515.5316075452695,418.66908311113093,83.0875125489959,25.823001788747977,-3.2,32.025,-10.0,415,424,375,435,32.025,NEUTRAL,program,sonic_drive_three_laps.py,function,ec959a186dbd8278df967871b3a34262848e2c5ecc08c20aa12abb30068f0552,仕切り壁予防：右壁の向き・離隔を保持 | target_deg=-7.957,,250.0,50.648147795862215,39.8897323027797,129.88945770017315,78.8490848995323,0,74.2,38.768660675780154,2
74.25,516.8123262789703,418.8215948876124,83.33054524731585,25.777253177814963,-3.2,32.025,-10.0,415,424,375,435,32.025,NEUTRAL,program,sonic_drive_three_laps.py,function,ec959a186dbd8278df967871b3a34262848e2c5ecc08c20aa12abb30068f0552,仕切り壁予防：右壁の向き・離隔を保持 | target_deg=-7.957,,250.0,49.15898222493352,41.16570971741002,129.81700821640072,78.32348875717108,0,74.25,38.67010059168882,2
74.3,518.0917167480445,418.9684516746271,83.57320559208677,25.741814502647586,-3.2,32.025,-10.0,415,424,375,435,32.025,NEUTRAL,program,sonic_drive_three_laps.py,function,ec959a186dbd8278df967871b3a34262848e2c5ecc08c20aa12abb30068f0552,仕切り壁予防：右壁の向き・離隔を保持 | target_deg=-7.957,,250.0,46.399831399442526,40.958233246845964,128.8527997651273,78.7773748006865,0,74.3,38.57732031875025,2
74.35,519.3701958776434,419.1097237564876,83.8155774971388,25.714362309630012,-3.2,32.025,-10.0,415,424,375,435,32.025,NEUTRAL,program,sonic_drive_three_laps.py,function,ec959a186dbd8278df967871b3a34262848e2c5ecc08c20aa12abb30068f0552,仕切り壁予防：右壁の向き・離隔を保持 | target_deg=-7.957,,249.96613857454594,50.30165683751043,38.62190014514073,129.8896129402815,79.96116019321374,0,74.35,38.49026645743078,2
74.4,520.6534972247365,419.2460272493577,84.05875191775147,25.87338526383897,-3.2,33.025,-10.0,416,424,375,435,33.025,NEUTRAL,program,sonic_drive_three_laps.py,function,ec959a186dbd8278df967871b3a34262848e2c5ecc08c20aa12abb30068f0552,仕切り壁予防：右壁の向き・離隔を保持 | target_deg=-7.957,,249.12157922160142,51.8090694687674,38.39914493277561,126.01418098269214,81.23286758085968,0,74.4,38.40856661602169,2
74.45,521.9496182536732,419.3781052704406,84.30424659799337,26.17685920868077,-3.2,34.025,-10.0,417,424,375,435,34.025,NEUTRAL,program,sonic_drive_three_laps.py,function,ec959a186dbd8278df967871b3a34262848e2c5ecc08c20aa12abb30068f0552,仕切り壁予防：右壁の向き・離隔を保持 | target_deg=-7.957,,250.0,49.71249120356435,37.49333280508793,126.40283815974172,77.58403851684211,0,74.45,38.33182146085164,2
74.5,523.2485021495683,419.50483936368005,84.55015938520592,26.051365066784175,-3.2,32.025,-10.0,415,424,375,435,32.025,NEUTRAL,program,sonic_drive_three_laps.py,function,ec959a186dbd8278df967871b3a34262848e2c5ecc08c20aa12abb30068f0552,仕切り壁予防：右壁の向き・離隔を保持 | target_deg=-7.957,,249.2634081153407,48.412135393368516,41.30304813398171,126.74343427864906,82.65265017991369,0,74.5,38.26072319086313,2
74.55,524.5425197592081,419.6255058108847,84.79505076022315,25.954152363723207,-3.2,32.025,-10.0,415,424,375,435,32.025,NEUTRAL,program,sonic_drive_three_laps.py,function,ec959a186dbd8278df967871b3a34262848e2c5ecc08c20aa12abb30068f0552,仕切り壁予防：右壁の向き・離隔を保持 | target_deg=-7.957,,249.32171998419415,50.62029135661745,38.19384295729919,125.00199623606855,78.99368839716237,0,74.55,38.19566806067456,2
74.6,525.8328580046807,419.74027725219275,85.03915090914046,25.87884757663437,-3.2,32.025,-10.0,415,424,375,435,32.025,NEUTRAL,program,sonic_drive_three_laps.py,function,ec959a186dbd8278df967871b3a34262848e2c5ecc08c20aa12abb30068f0552,仕切り壁予防：右壁の向き・離隔を保持 | target_deg=-7.957,,247.92466201236434,49.53621681289134,36.189155587057456,126.1073860382644,82.23125036192377,0,74.6,38.136532401240856,2
74.65,527.1204317980172,419.849282885966,85.28263814316983,25.82051352377979,-3.2,32.025,-10.0,415,424,375,435,32.025,NEUTRAL,program,sonic_drive_three_laps.py,function,ec959a186dbd8278df967871b3a34262848e2c5ecc08c20aa12abb30068f0552,仕切り壁予防：右壁の向き・離隔を保持 | target_deg=-7.957,,248.55820693238906,49.482159981768234,38.26296965530121,120.76466655531372,81.25526227338645,0,74.65,38.08322488997595,2
74.7,528.4113733037974,419.95304395929855,85.52667654151924,25.955614173529476,-3.2,33.025,-10.0,416,424,375,435,33.025,NEUTRAL,program,sonic_drive_three_laps.py,function,ec959a186dbd8278df967871b3a34262848e2c5ecc08c20aa12abb30068f0552,仕切り壁予防：右壁の向き・離隔を保持 | target_deg=-7.957,,250.0,51.05881119922805,36.93210898638302,123.93905897009056,77.17339912421843,0,74.7,38.03548947711005,2
74.75,529.7139946015534,420.052137322128,85.77284049293115,26.240556959507717,-3.2,34.025,-10.0,417,424,375,435,34.025,NEUTRAL,program,sonic_drive_three_laps.py,function,ec959a186dbd8278df967871b3a34262848e2c5ecc08c20aa12abb30068f0552,仕切り壁予防：右壁の向き・離隔を保持 | target_deg=-7.957,,249.98480354310672,52.582411229974554,39.816202367140434,122.52923653082736,78.80593826195658,0,74.75,37.993113049995316,2
74.8,531.0317520039282,420.14665746615486,86.02178530713229,26.542414686497935,-3.2,34.475,-10.0,418,424,375,435,34.475,NEUTRAL,program,sonic_drive_three_laps.py,function,ec959a186dbd8278df967871b3a34262848e2c5ecc08c20aa12abb30068f0552,仕切り壁予防：右壁の向き・離隔を保持 | target_deg=-7.957,,249.816619874808,49.58041014855412,39.036136747451025,122.93865288568675,82.98403190188192,0,74.8,37.95615714640354,2
74.85,532.349607240854,420.23543162238855,86.27067339516367,26.33453873194721,-3.2,32.025,-10.0,415,424,375,435,32.025,NEUTRAL,program,sonic_drive_three_laps.py,function,ec959a186dbd8278df967871b3a34262848e2c5ecc08c20aa12abb30068f0552,仕切り壁予防：右壁の向き・離隔を保持 | target_deg=-7.957,,250.0,48.76990861778622,37.75493569432282,122.64402845443134,76.14000513465174,0,74.85,37.925140706079276,2
74.9,533.6588732198637,420.3179350773086,86.51786955533373,26.173509833403838,-3.2,32.025,-10.0,415,424,375,435,32.025,NEUTRAL,program,sonic_drive_three_laps.py,function,ec959a186dbd8278df967871b3a34262848e2c5ecc08c20aa12abb30068f0552,仕切り壁予防：右壁の向き・離隔を保持 | target_deg=-7.957,,249.45565009200553,50.32045228549313,40.177940615259885,120.02953243893035,80.64548548275214,0,74.9,37.900205724109355,2
74.95,534.966974573599,420.3947038434243,86.76478103389331,26.229059012551325,-3.2,33.025,-10.0,416,424,375,435,33.025,NEUTRAL,program,sonic_drive_three_laps.py,function,ec959a186dbd8278df967871b3a34262848e2c5ecc08c20aa12abb30068f0552,仕切り壁予防：右壁の向き・離隔を保持 | target_deg=-7.957,,250.0,51.207523434307554,38.89611456070801,119.33716020823759,76.70229650025061,0,74.95,37.881140408093074,2
75.0,536.2832280493502,420.4662435872387,87.01317058635027,26.452378097432128,-3.2,34.025,-10.0,417,424,375,435,34.025,NEUTRAL,program,sonic_drive_three_laps.py,function,ec959a186dbd8278df967871b3a34262848e2c5ecc08c20aa12abb30068f0552,仕切り壁予防：右壁の向き・離隔を保持 | target_deg=-7.957,,250.0,51.41197502649652,36.73907979514835,119.4049584124534,78.27051918054522,0,75.0,37.867851427213,2
75.05,537.6118616825199,420.532654108592,87.26383943874356,26.706499679405802,-3.2,34.475,-10.0,418,424,375,435,34.475,NEUTRAL,program,sonic_drive_three_laps.py,function,ec959a186dbd8278df967871b3a34262848e2c5ecc08c20aa12abb30068f0552,仕切り壁予防：右壁の向き・離隔を保持 | target_deg=-7.957,,250.0,51.43396153506168,38.388914042393544,119.5852252695458,80.02364435261407,0,75.05,37.86043036852857,2
75.1,538.9517393864211,420.59372706103795,87.51657661782536,26.903352261657364,-3.2,34.475,-10.0,418,424,375,435,34.475,NEUTRAL,program,sonic_drive_three_laps.py,function,ec959a186dbd8278df967871b3a34262848e2c5ecc08c20aa12abb30068f0552,仕切り壁予防：右壁の向き・離隔を保持 | target_deg=-7.957,,250.0,51.746405770730036,38.86621038690652,119.06702764000953,78.85526710540454,0,75.1,37.85904012226791,2
75.15,540.300369888642,420.6492199478748,87.77091600419095,27.05584202202381,-3.2,34.475,-10.0,418,424,375,435,34.475,NEUTRAL,program,sonic_drive_three_laps.py,function,ec959a186dbd8278df967871b3a34262848e2c5ecc08c20aa12abb30068f0552,仕切り壁予防：右壁の向き・離隔を保持 | target_deg=-7.957,,249.6205002152231,52.18906703181704,37.534156583859485,117.32304096071427,77.89944244358699,0,75.15,37.86381645597396,2
75.2,541.6558161910544,420.6989525545886,88.02649652339801,27.17396659397838,-3.2,34.475,-10.0,418,424,375,435,34.475,NEUTRAL,program,sonic_drive_three_laps.py,function,ec959a186dbd8278df967871b3a34262848e2c5ecc08c20aa12abb30068f0552,仕切り壁予防：右壁の向き・離隔を保持 | target_deg=-7.957,,250.0,52.98272798125382,38.170197310755434,118.87260656564037,81.4273512500891,0,75.2,37.87485632683911,2
75.25,543.016570846039,420.74279133628767,88.28303847296792,27.26547053801973,-3.2,34.475,-10.0,418,424,375,435,34.475,NEUTRAL,program,sonic_drive_three_laps.py,function,ec959a186dbd8278df967871b3a34262848e2c5ecc08c20aa12abb30068f0552,仕切り壁予防：右壁の向き・離隔を保持 | target_deg=-7.957,,248.1211724640053,53.603722895749435,36.833039890267884,115.2348667829982,78.65377654054721,0,75.25,37.89222826514151,2
75.3,544.381459297853,420.78063762512164,88.5403251843486,27.336353095616147,-3.2,34.475,-10.0,418,424,375,435,34.475,NEUTRAL,program,sonic_drive_three_laps.py,function,ec959a186dbd8278df967871b3a34262848e2c5ecc08c20aa12abb30068f0552,仕切り壁予防：右壁の向き・離隔を保持 | target_deg=-7.957,,250.0,53.04370274274491,36.51612202223301,118.76150721711727,82.51799230937527,0,75.3,37.91598010425497,2
75.35,545.7495649728048,420.8124187528527,88.79818881754954,27.39126151540119,-3.2,34.475,-10.0,418,424,375,435,34.475,NEUTRAL,program,sonic_drive_three_laps.py,function,ec959a186dbd8278df967871b3a34262848e2c5ecc08c20aa12abb30068f0552,仕切り壁予防：右壁の向き・離隔を保持 | target_deg=-7.957,,249.04200273777082,54.170546965291756,38.58504573639404,112.49158785668402,76.57984754963141,0,75.35,37.946144701002424,2
75.4,547.1201712242577,420.8380813880118,89.05649935710596,27.43379573913021,-3.2,34.475,-10.0,418,424,375,435,34.475,NEUTRAL,program,sonic_drive_three_laps.py,function,ec959a186dbd8278df967871b3a34262848e2c5ecc08c20aa12abb30068f0552,仕切り壁予防：右壁の向き・離隔を保持 | target_deg=-7.957,,249.59689523691503,52.143783712662405,38.20441721653085,116.43214138869207,77.33553780517738,0,75.4,37.9827441446302,2
75.45,548.4927163401416,420.85758654902577,89.31515608792023,27.466744423417836,-3.2,34.475,-10.0,418,424,375,435,34.475,NEUTRAL,program,sonic_drive_three_laps.py,function,ec959a186dbd8278df967871b3a34262848e2c5ecc08c20aa12abb30068f0552,仕切り壁予防：右壁の向き・離隔を保持 | target_deg=-7.957,,250.0,53.773849651817464,40.074564850052326,112.13769940310293,80.10187586994743,0,75.45,38.025792836122434,2
75.5,549.8667586740999,420.8709058815392,89.57408099211261,27.492267771468153,-3.2,34.475,-10.0,418,424,375,435,34.475,NEUTRAL,program,sonic_drive_three_laps.py,function,ec959a186dbd8278df967871b3a34262848e2c5ecc08c20aa12abb30068f0552,仕切り壁予防：右壁の向き・離隔を保持 | target_deg=-7.957,,250.0,52.89182986048942,37.3421831510783,112.25456752947882,81.46237282317759,0,75.5,38.07529972786182,2
75.55,551.2419496226656,420.8780188865548,89.83321363396163,27.512039161730982,-3.2,34.475,-10.0,418,424,375,435,34.475,NEUTRAL,program,sonic_drive_three_laps.py,function,ec959a186dbd8278df967871b3a34262848e2c5ecc08c20aa12abb30068f0552,仕切り壁予防：右壁の向き・離隔を保持 | target_deg=-7.957,,250.0,52.78516234386229,35.35563953151128,111.05928636296629,79.25770874728997,0,75.55,38.13126994245164,2
75.6,552.6180119322263,420.8803578564556,89.94764633140278,27.52735485903506,-0.96,34.475,-3.0,418,431,375,435,34.475,NEUTRAL,program,sonic_drive_three_laps.py,function,ec959a186dbd8278df967871b3a34262848e2c5ecc08c20aa12abb30068f0552,右壁追従 | target_deg=-2.399,,250.0,53.4279104890423,36.561301524616276,250.0,81.26553821699464,0,75.6,38.156853905468495,2
75.65,553.9955680968895,420.8809530329195,90.00284411218172,27.566712611357403,-0.6811467783391533,34.62749785559578,-2.128583682309854,418,432,375,435,34.62749785559578,NEUTRAL,program,sonic_drive_three_laps.py,function,ec959a186dbd8278df967871b3a34262848e2c5ecc08c20aa12abb30068f0552,右壁追従 | target_deg=-1.702,,249.86215930695744,52.46349283729178,37.20130591429927,250.0,78.4488328561816,0,75.65,38.16835203169484,2
75.7,555.3747858182867,420.88020681879317,90.0591546791826,27.59592943846189,-0.6940402701077953,34.6204467272848,-2.1688758440868603,418,432,375,435,34.6204467272848,NEUTRAL,program,sonic_drive_three_laps.py,function,ec959a186dbd8278df967871b3a34262848e2c5ecc08c20aa12abb30068f0552,右壁追従 | target_deg=-1.735,,247.9938360408159,55.221120217153356,36.83604102236114,248.55031746510403,81.14168573313351,0,75.7,38.15534429860071,2
75.75,556.7552557690223,420.8780998297656,90.11574443391459,27.618285148923846,-0.6968476469162888,34.61891144309266,-2.177648896613402,418,432,375,435,34.61891144309266,NEUTRAL,program,sonic_drive_three_laps.py,function,ec959a186dbd8278df967871b3a34262848e2c5ecc08c20aa12abb30068f0552,右壁追従 | target_deg=-1.742,,250.0,54.4404675698955,36.843747065717416,250.0,80.59881180187885,0,75.75,38.143638893439515,2
75.8,558.1368004634504,420.8746629252885,90.16932736389765,27.639303759911247,-0.6593103765579376,34.639439637819876,-2.060344926743555,418,432,375,435,34.639439637819876,NEUTRAL,program,sonic_drive_three_laps.py,function,ec959a186dbd8278df967871b3a34262848e2c5ecc08c20aa12abb30068f0552,右壁追従 | target_deg=-1.648,,247.25513436726234,53.63413317164873,38.92044063059305,250.0,77.4252483842582,0,75.8,38.134006324296195,2
75.85,559.5191932700336,420.86991227707915,90.22446956494088,27.653735351918435,-0.6780765046991529,34.62917691149265,-2.1189890771848527,418,432,375,435,34.62917691149265,NEUTRAL,program,sonic_drive_three_laps.py,function,ec959a186dbd8278df967871b3a34262848e2c5ecc08c20aa12abb30068f0552,右壁追従 | target_deg=-1.695,,249.14894038921216,54.95997473965931,37.409384315455604,250.0,81.1400307826067,0,75.85,38.12531634458634,2
75.9,560.9022147924819,420.8638315874921,90.27934848750488,27.665264298232046,-0.6745300166307456,34.63111639715506,-2.10790630197108,418,432,375,435,34.63111639715506,NEUTRAL,program,sonic_drive_three_laps.py,function,ec959a186dbd8278df967871b3a34262848e2c5ecc08c20aa12abb30068f0552,右壁追従 | target_deg=-1.686,,249.05573205795062,54.13255815389111,38.88350808949517,250.0,80.78634298430725,0,75.9,38.11802982553519,2
75.95,562.2857514978143,420.85643097273186,90.33360228696137,27.674977350775585,-0.6665957943604585,34.635455424959126,-2.0831118573764327,418,432,375,435,34.635455424959126,NEUTRAL,program,sonic_drive_three_laps.py,function,ec959a186dbd8278df967871b3a34262848e2c5ecc08c20aa12abb30068f0552,右壁追従 | target_deg=-1.666,,250.0,54.910264866811126,36.8584540258752,248.90326972287914,77.9495524452035,0,75.95,38.1122245762669,2
76.0,563.6696762027968,420.84770972244945,90.38852402074309,27.681711421206042,-0.674608779488043,34.63107332371748,-2.1081524359001342,418,432,375,435,34.63107332371748,NEUTRAL,program,sonic_drive_three_laps.py,function,ec959a186dbd8278df967871b3a34262848e2c5ecc08c20aa12abb30068f0552,右壁追従 | target_deg=-1.686,,250.0,56.222067226760075,37.78200938547069,250.0,80.5218665137943,0,76.0,38.107586588217316,2
76.05,565.0538810402304,420.8376590846861,90.443504577888,27.686870572462663,-0.6751901949892236,34.630755362115266,-2.109969359341324,418,432,375,435,34.630755362115266,NEUTRAL,program,sonic_drive_three_laps.py,function,ec959a186dbd8278df967871b3a34262848e2c5ecc08c20aa12abb30068f0552,右壁追従 | target_deg=-1.688,,247.3065652481089,56.28182486500168,37.85996208426599,249.2792665680692,80.10120200707438,0,76.05,38.10427296977173,2
76.1,566.4382790698752,420.82627202809635,90.4990214252777,27.69022765533291,-0.6816752806855126,34.62720883087511,-2.130235252142227,418,432,375,435,34.62720883087511,NEUTRAL,program,sonic_drive_three_laps.py,function,ec959a186dbd8278df967871b3a34262848e2c5ecc08c20aa12abb30068f0552,右壁追従 | target_deg=-1.704,,250.0,54.72639783684053,35.85958903829557,250.0,78.93111785676328,0,76.1,38.10217485713309,2
76.15,567.8228621520559,420.81355870969395,90.55313503600519,27.69453612013436,-0.664352582083284,34.63668218167321,-2.0761018190102623,418,432,375,435,34.63668218167321,NEUTRAL,program,sonic_drive_three_laps.py,function,ec959a186dbd8278df967871b3a34262848e2c5ecc08c20aa12abb30068f0552,右壁追従 | target_deg=-1.660,,250.0,52.101746843292624,37.83722372822862,246.05603634112094,78.11229932114588,0,76.15,38.10175300114497,2
76.2,569.2076490125537,420.7995454102827,90.60643042667999,27.69887403314933,-0.6542059848024208,34.642231102061174,-2.044393702507565,418,432,375,435,34.642231102061174,NEUTRAL,program,sonic_drive_three_laps.py,function,ec959a186dbd8278df967871b3a34262848e2c5ecc08c20aa12abb30068f0552,右壁追従 | target_deg=-1.635,,250.0,50.922766941671526,39.98184857228298,250.0,80.13932782517033,0,76.2,38.10283857154565,2
76.25,570.5925464102588,420.78422176177116,90.66145347584461,27.700149596468194,-0.6753505566661725,34.630667664323184,-2.110470489581789,418,432,375,435,34.630667664323184,NEUTRAL,program,sonic_drive_three_laps.py,function,ec959a186dbd8278df967871b3a34262848e2c5ecc08c20aa12abb30068f0552,右壁追従 | target_deg=-1.688,,250.0,52.962955319924454,36.52072429153713,250.0,80.25220940085458,0,76.25,38.104824629009215,2
76.3,571.9775220602231,420.76757967742026,90.71543038093398,27.70240798692679,-0.6624666848342667,34.637713531731265,-2.0702083901070836,418,432,375,435,34.637713531731265,NEUTRAL,program,sonic_drive_three_laps.py,function,ec959a186dbd8278df967871b3a34262848e2c5ecc08c20aa12abb30068f0552,右壁追従 | target_deg=-1.656,,248.7653335300326,55.853207826669184,38.91307491409695,249.20887074559792,79.38980737075708,0,76.3,38.10839181291851,2
76.35,573.3626308133798,420.74964792927943,90.76799984439901,27.705867239047286,-0.6451249415362886,34.647197297597344,-2.016015442300902,418,432,375,435,34.647197297597344,NEUTRAL,program,sonic_drive_three_laps.py,function,ec959a186dbd8278df967871b3a34262848e2c5ecc08c20aa12abb30068f0552,右壁追従 | target_deg=-1.612,,250.0,54.95997633693304,39.32934082276789,248.92084566028728,78.40131796410506,0,76.35,38.11359826645685,2
76.4,574.7498013811977,420.7310530066218,90.76799984439901,27.772153183257288,0.0,35.0,0.0,418,435,375,435,35.0,NEUTRAL,program,sonic_drive_three_laps.py,function,ec959a186dbd8278df967871b3a34262848e2c5ecc08c20aa12abb30068f0552,右壁追従 | target_deg=0.000,,250.0,53.98290690855434,39.820381685981765,250.0,78.89571297422641,0,76.4,38.1321931891145,2
76.45,576.137862194528,420.71179360350703,90.8218609153306,27.758471370089143,-0.6595601558146966,34.639303039788835,-2.061125486920927,418,432,375,435,34.639303039788835,NEUTRAL,program,sonic_drive_three_laps.py,function,ec959a186dbd8278df967871b3a34262848e2c5ecc08c20aa12abb30068f0552,右壁追従 | target_deg=-1.649,,250.0,54.76290965479501,37.372816784515614,250.0,80.30082249610905,0,76.45,38.138423537194285,2
76.5,577.52533423567,420.691244961582,90.87513095685699,27.748559992730705,-0.652591325147776,34.64311411905981,-2.0393478910867997,418,432,375,435,34.64311411905981,NEUTRAL,program,sonic_drive_three_laps.py,function,ec959a186dbd8278df967871b3a34262848e2c5ecc08c20aa12abb30068f0552,右壁追従 | target_deg=-1.631,,249.92240240907273,56.278949152598955,38.600440379418515,249.44356368345464,78.88575242560647,0,76.5,38.14609496046171,2
76.55,578.9143114708957,420.6700281892246,90.87513095685699,27.80522467108897,0.0,35.0,0.0,418,435,375,435,35.0,NEUTRAL,program,sonic_drive_three_laps.py,function,ec959a186dbd8278df967871b3a34262848e2c5ecc08c20aa12abb30068f0552,右壁追従 | target_deg=0.000,,250.0,54.97611186723721,40.32643054954563,248.9760663848447,79.24460272922636,0,76.55,38.167311732819144,2
76.6,580.3038203661594,420.648168620026,90.92745951537785,27.786007550208797,-0.6401098971680113,34.649939899986244,-2.000343428650035,418,432,375,435,34.649939899986244,NEUTRAL,program,sonic_drive_three_laps.py,function,ec959a186dbd8278df967871b3a34262848e2c5ecc08c20aa12abb30068f0552,右壁追従 | target_deg=-1.600,,250.0,57.02345513795961,37.68075921637575,250.0,77.78945091933278,0,76.6,38.176530267718135,2
76.65,581.6924316375674,420.6250394208761,90.98104143099636,27.769568905779106,-0.6558541202430755,34.64132977799207,-2.049544125759611,418,432,375,435,34.64132977799207,NEUTRAL,program,sonic_drive_three_laps.py,function,ec959a186dbd8278df967871b3a34262848e2c5ecc08c20aa12abb30068f0552,右壁追従 | target_deg=-1.639,,250.0,54.80368771155077,38.50951403086667,248.40505977570217,80.63373201830419,0,76.65,38.186724496677584,2
76.7,583.0802021385038,420.60059053844054,91.03755296695334,27.75325948311436,-0.6921175362862523,34.621498222343455,-2.1628673008945385,418,432,375,435,34.621498222343455,NEUTRAL,program,sonic_drive_three_laps.py,function,ec959a186dbd8278df967871b3a34262848e2c5ecc08c20aa12abb30068f0552,右壁追従 | target_deg=-1.730,,250.0,58.50623091287352,36.234444575590686,250.0,82.10218397717362,0,76.7,38.197540884338764,2
76.75,584.4673730102198,420.5748266023424,91.09051233440834,27.74488800672013,-0.6488858044508473,34.645140575690945,-2.0277681389088977,418,432,375,435,34.645140575690945,NEUTRAL,program,sonic_drive_three_laps.py,function,ec959a186dbd8278df967871b3a34262848e2c5ecc08c20aa12abb30068f0552,右壁追従 | target_deg=-1.622,,248.12275302537606,57.466532376912404,40.25951494054653,249.58460134179836,77.70287562233264,0,76.75,38.21053828116993,2
76.8,585.8541696427355,420.5477913323647,91.14313987527464,27.73878791763288,-0.6449831213475881,34.64727485551304,-2.0155722542112127,418,432,375,435,34.64727485551304,NEUTRAL,program,sonic_drive_three_laps.py,function,ec959a186dbd8278df967871b3a34262848e2c5ecc08c20aa12abb30068f0552,右壁追従 | target_deg=-1.612,,248.8950232324187,56.927610415652914,38.5672418645303,249.59476933921158,78.59775538568105,0,76.8,38.22489569037259,2
76.85,587.2406249887533,420.51947158417204,91.19718280124277,27.73233756403927,-0.6624787307033722,34.63770694414659,-2.070246033448038,418,432,375,435,34.63770694414659,NEUTRAL,program,sonic_drive_three_laps.py,function,ec959a186dbd8278df967871b3a34262848e2c5ecc08c20aa12abb30068f0552,右壁追従 | target_deg=-1.656,,248.74164282477994,55.6070278049764,38.016830990742335,247.0231568638538,80.68115929111941,0,76.85,38.240205638435896,2
76.9,588.6267779501695,420.48985126502026,91.25111991717381,27.727455803029375,-0.6613129868497656,34.63834446031653,-2.0666030839055174,418,432,375,435,34.63834446031653,NEUTRAL,program,sonic_drive_three_laps.py,function,ec959a186dbd8278df967871b3a34262848e2c5ecc08c20aa12abb30068f0552,右壁追従 | target_deg=-1.653,,246.63398115530626,54.23568000665817,37.348590858832324,247.82077036536242,78.59673738568081,0,76.9,38.25685075738744,2
76.95,590.0126572637702,420.4589203469933,91.30598137073395,27.722545188992395,-0.6727639388013386,34.632082220968016,-2.102387308754183,418,432,375,435,34.632082220968016,NEUTRAL,program,sonic_drive_three_laps.py,function,ec959a186dbd8278df967871b3a34262848e2c5ecc08c20aa12abb30068f0552,右壁追従 | target_deg=-1.682,,250.0,52.13287270665969,36.258249155992466,250.0,79.13028306987526,0,76.95,38.27459348192497,2
77.0,591.3983674259068,420.4266898046144,91.35884883198287,27.721145468232365,-0.6483790563204046,34.64541770357478,-2.0261845510012644,418,432,375,435,34.64541770357478,NEUTRAL,program,sonic_drive_three_laps.py,function,ec959a186dbd8278df967871b3a34262848e2c5ecc08c20aa12abb30068f0552,右壁追従 | target_deg=-1.621,,249.79842916159,55.843881268091906,40.38820726556296,249.95325290252816,79.15657176547907,0,77.0,38.29412411731295,2
77.05,592.7859322284461,420.3937756106619,91.35884883198287,27.783988301093228,0.0,35.0,0.0,418,435,375,435,35.0,NEUTRAL,program,sonic_drive_three_laps.py,function,ec959a186dbd8278df967871b3a34262848e2c5ecc08c20aa12abb30068f0552,右壁追従 | target_deg=0.000,,250.0,57.11820299796586,41.08249877275881,250.0,79.27175582284161,0,77.05,38.327038311265426,2
77.1,594.1762107085361,420.3607970460155,91.35884883198287,27.83266883357136,0.0,35.0,0.0,418,435,375,435,35.0,NEUTRAL,program,sonic_drive_three_laps.py,function,ec959a186dbd8278df967871b3a34262848e2c5ecc08c20aa12abb30068f0552,右壁追従 | target_deg=0.000,,249.8815045824008,56.415554129541285,40.39336843846869,250.0,79.34599582833015,0,77.1,38.36001687591187,2
77.15,595.5685913100956,420.32776861729525,91.35884883198287,27.870378690598358,0.0,35.0,0.0,418,435,375,435,35.0,NEUTRAL,program,sonic_drive_three_laps.py,function,ec959a186dbd8278df967871b3a34262848e2c5ecc08c20aa12abb30068f0552,右壁追従 | target_deg=0.000,,250.0,57.054021205220245,40.37230376012675,250.0,79.66263531325227,0,77.15,38.393045304632096,2
77.2,596.9626002977063,420.2947015619003,91.35884883198287,27.899590230501612,0.0,35.0,0.0,418,435,375,435,35.0,NEUTRAL,program,sonic_drive_three_laps.py,function,ec959a186dbd8278df967871b3a34262848e2c5ecc08c20aa12abb30068f0552,右壁追従 | target_deg=0.000,,250.0,54.83037983741289,39.410610477364095,250.0,77.39936096893493,0,77.2,38.42611236002705,2
77.25,598.355928715469,420.2610051084784,91.41190969896354,27.858409862335773,-0.6471788504773336,34.64607406614521,-2.0224339077416675,418,432,375,435,34.64607406614521,NEUTRAL,program,sonic_drive_three_laps.py,function,ec959a186dbd8278df967871b3a34262848e2c5ecc08c20aa12abb30068f0552,右壁追従 | target_deg=-1.618,,249.9747065977328,56.397474782504645,36.85749799690488,250.0,79.36255199347951,0,77.25,38.26463262925071,2
77.3,599.7474380620766,420.22606101697863,91.46515074417738,27.82621104631966,-0.6502102487674821,34.644416270205284,-2.0319070273983817,418,432,375,435,34.644416270205284,NEUTRAL,program,sonic_drive_three_laps.py,function,ec959a186dbd8278df967871b3a34262848e2c5ecc08c20aa12abb30068f0552,右壁追従 | target_deg=-1.625,,247.3778399358137,56.9390845557486,39.88718521244628,246.03716821859962,80.74353857385977,0,77.3,38.08139388521782,2
77.35,601.1394761417446,420.1904564694331,91.46515074417738,27.865376234347867,0.0,35.0,0.0,418,435,375,435,35.0,NEUTRAL,program,sonic_drive_three_laps.py,function,ec959a186dbd8278df967871b3a34262848e2c5ecc08c20aa12abb30068f0552,右壁追従 | target_deg=0.000,,249.2702012651877,56.74147979212754,41.1741909366292,249.6612940258816,76.85514935492672,0,77.35,37.9343673519744,2
77.4,602.5332053741874,420.15480866679974,91.46515074417738,27.895715130941543,0.0,35.0,0.0,418,435,375,435,35.0,NEUTRAL,program,sonic_drive_three_laps.py,function,ec959a186dbd8278df967871b3a34262848e2c5ecc08c20aa12abb30068f0552,右壁追従 | target_deg=0.000,,247.93999145045478,57.64357744719564,39.15012922652536,250.0,78.58960319344973,0,77.4,37.83481462733845,2
77.45,603.9262967614794,420.1185301750062,91.51833590116848,27.855250704975916,-0.6487747958800163,34.64520128350312,-2.027421237125051,418,432,375,435,34.64520128350312,NEUTRAL,program,sonic_drive_three_laps.py,function,ec959a186dbd8278df967871b3a34262848e2c5ecc08c20aa12abb30068f0552,右壁追従 | target_deg=-1.622,,249.69138281304907,59.45224579259144,37.237565576187976,250.0,79.74451682103454,0,77.45,37.79677135113828,2
77.5,605.3175948680871,420.0810028898999,91.57177660996263,27.823516790797825,-0.6527159251559401,34.643045978430344,-2.0397372661123128,418,432,375,435,34.643045978430344,NEUTRAL,program,sonic_drive_three_laps.py,function,ec959a186dbd8278df967871b3a34262848e2c5ecc08c20aa12abb30068f0552,右壁追従 | target_deg=-1.631,,250.0,58.05888688431064,38.6627975980643,250.0,79.74124200078046,0,77.5,37.80294213356062,2
77.55,606.7074899662796,420.0422176457921,91.6250894722325,27.799025236075654,-0.6517951449772013,34.643549530090596,-2.0368598280537538,418,432,375,435,34.643549530090596,NEUTRAL,program,sonic_drive_three_laps.py,function,ec959a186dbd8278df967871b3a34262848e2c5ecc08c20aa12abb30068f0552,右壁追従 | target_deg=-1.629,,249.6927590564633,56.93398045849823,36.125144579114504,250.0,76.79605950573041,0,77.55,37.81465602557837,2
77.6,608.0982494390892,420.00276072847,91.6250894722325,27.844317035418086,0.0,35.0,0.0,418,435,375,435,35.0,NEUTRAL,program,sonic_drive_three_laps.py,function,ec959a186dbd8278df967871b3a34262848e2c5ecc08c20aa12abb30068f0552,右壁追従 | target_deg=0.000,,249.6142319790284,61.292170537421704,38.67117258762317,248.29064175375316,77.42763939206085,0,77.6,37.81465602557841,2
77.65,609.4909644644911,419.9632483306148,91.6250894722325,27.87940184634257,0.0,35.0,0.0,418,435,375,435,35.0,NEUTRAL,program,sonic_drive_three_laps.py,function,ec959a186dbd8278df967871b3a34262848e2c5ecc08c20aa12abb30068f0552,右壁追従 | target_deg=0.000,,250.0,57.68179544108153,37.55202396455109,248.86636911750676,77.5613373184227,0,77.65,37.814656025578394,2
77.7,610.8851943379218,419.9236929553544,91.6250894722325,27.90657992218585,0.0,35.0,0.0,418,435,375,435,35.0,NEUTRAL,program,sonic_drive_three_laps.py,function,ec959a186dbd8278df967871b3a34262848e2c5ecc08c20aa12abb30068f0552,右壁追従 | target_deg=0.000,,248.67143843238247,54.97035851035425,40.38050291365846,249.3419125146968,77.09117270068096,0,77.7,37.81465602557841,2
77.75,612.2805976722756,419.88410428810386,91.6250894722325,27.927633129744315,0.0,35.0,0.0,418,435,375,435,35.0,NEUTRAL,program,sonic_drive_three_laps.py,function,ec959a186dbd8278df967871b3a34262848e2c5ecc08c20aa12abb30068f0552,右壁追従 | target_deg=0.000,,250.0,56.345495621733825,39.63453484796894,250.0,77.57682527529076,0,77.75,37.81465602557844,2
77.8,613.6769100156603,419.844489831567,91.6250894722325,27.943941773191185,0.0,35.0,0.0,418,435,375,435,35.0,NEUTRAL,program,sonic_drive_three_laps.py,function,ec959a186dbd8278df967871b3a34262848e2c5ecc08c20aa12abb30068f0552,右壁追従 | target_deg=0.000,,249.39998727658008,57.10947927823141,39.68116123909545,250.0,77.60316855634707,0,77.8,37.814656025578515,2
77.85,615.0739265132281,419.80485539763373,91.6250894722325,27.956575090482076,0.0,35.0,0.0,418,435,375,435,35.0,NEUTRAL,program,sonic_drive_three_laps.py,function,ec959a186dbd8278df967871b3a34262848e2c5ecc08c20aa12abb30068f0552,右壁追従 | target_deg=0.000,,250.0,56.400851731579145,38.53367671703782,250.0,79.97243516892311,0,77.85,37.814656025578515,2
77.9,616.471488476349,419.7652054884226,91.6250894722325,27.96636135543368,0.0,35.0,0.0,418,435,375,435,35.0,NEUTRAL,program,sonic_drive_three_laps.py,function,ec959a186dbd8278df967871b3a34262848e2c5ecc08c20aa12abb30068f0552,右壁追従 | target_deg=0.000,,250.0,55.4489847655593,40.237744472783454,250.0,78.01927515001469,0,77.9,37.814656025578536,2
77.95,617.8694729785625,419.72554359145204,91.6250894722325,27.97394218155383,0.0,35.0,0.0,418,435,375,435,35.0,NEUTRAL,program,sonic_drive_three_laps.py,function,ec959a186dbd8278df967871b3a34262848e2c5ecc08c20aa12abb30068f0552,右壁追従 | target_deg=0.000,,250.0,56.56140658187274,39.82312153545255,245.71042228099145,81.12661229094273,0,77.95,37.814656025578564,2
78.0,619.2677847961926,419.6858724082911,91.6250894722325,27.979814587926256,0.0,35.0,0.0,418,435,375,435,35.0,NEUTRAL,program,sonic_drive_three_laps.py,function,ec959a186dbd8278df967871b3a34262848e2c5ecc08c20aa12abb30068f0552,右壁追従 | target_deg=0.000,,249.9468214427728,57.674067586097244,38.82286607996082,248.40221133406106,75.89355436379871,0,78.0,37.814656025578486,2
78.05,620.6663501652308,419.64619403168143,91.6250894722325,27.984363585101008,0.0,35.0,0.0,418,435,375,435,35.0,NEUTRAL,program,sonic_drive_three_laps.py,function,ec959a186dbd8278df967871b3a34262848e2c5ecc08c20aa12abb30068f0552,右壁追従 | target_deg=0.000,,249.9918794449419,59.187280609103595,39.39870034896708,246.98887890363193,75.2892615553901,0,78.05,37.81465602557845,2
78.1,622.0651119451725,419.6065100827431,91.6250894722325,27.987887417408167,0.0,35.0,0.0,418,435,375,435,35.0,NEUTRAL,program,sonic_drive_three_laps.py,function,ec959a186dbd8278df967871b3a34262848e2c5ecc08c20aa12abb30068f0552,右壁追従 | target_deg=0.000,,247.75532054463926,58.27448437351307,39.150637766054295,250.0,74.68400346356418,0,78.1,37.81465602557845,2
78.15,623.4640258727323,419.5668218172597,91.6250894722325,27.99061711664779,0.0,35.0,0.0,418,435,375,435,35.0,NEUTRAL,program,sonic_drive_three_laps.py,function,ec959a186dbd8278df967871b3a34262848e2c5ecc08c20aa12abb30068f0552,右壁追従 | target_deg=0.000,,249.4373420975863,57.96853345106227,41.3973248041317,250.0,79.05043377305725,0,78.15,37.81465602557842,2
78.2,624.8630576598277,419.5271302080105,91.6250894722325,27.99273164914801,0.0,35.0,0.0,418,435,375,435,35.0,NEUTRAL,program,sonic_drive_three_laps.py,function,ec959a186dbd8278df967871b3a34262848e2c5ecc08c20aa12abb30068f0552,右壁追従 | target_deg=0.000,,250.0,60.2688488078028,38.56058110657188,249.33690689329896,77.7122439149095,0,78.2,37.81465602557846,2
78.25,626.2621807455594,419.4874360085487,91.6250894722325,27.994369649272556,0.0,35.0,0.0,418,435,375,435,35.0,NEUTRAL,program,sonic_drive_three_laps.py,function,ec959a186dbd8278df967871b3a34262848e2c5ecc08c20aa12abb30068f0552,右壁追従 | target_deg=0.000,,248.67594125431106,60.389800150991775,39.8297253065216,249.91624870902274,76.30765031484226,0,78.25,37.814656025578415,2
78.3,627.661374554809,419.44773980260624,91.6250894722325,27.99563850865766,0.0,35.0,0.0,418,435,375,435,35.0,NEUTRAL,program,sonic_drive_three_laps.py,function,ec959a186dbd8278df967871b3a34262848e2c5ecc08c20aa12abb30068f0552,右壁追従 | target_deg=0.000,,250.0,59.42836553375568,38.852240429752236,250.0,77.50599856169168,0,78.3,37.81465602557836,2
78.35,629.0606231492801,419.4080420423648,91.6250894722325,27.996621417092797,0.0,35.0,0.0,418,435,375,435,35.0,NEUTRAL,program,sonic_drive_three_laps.py,function,ec959a186dbd8278df967871b3a34262848e2c5ecc08c20aa12abb30068f0552,右壁追従 | target_deg=0.000,,249.01206869877353,57.583190234485386,39.060109979807905,250.0,75.8288953763889,0,78.35,37.814656025578365,2
78.4,630.4599141825407,419.3683430781022,91.6250894722325,27.997382816664096,0.0,35.0,0.0,418,435,375,435,35.0,NEUTRAL,program,sonic_drive_three_laps.py,function,ec959a186dbd8278df967871b3a34262848e2c5ecc08c20aa12abb30068f0552,右壁追従 | target_deg=0.000,,250.0,58.96225693527486,40.79582125545357,250.0,79.1595123856286,0,78.4,37.81465602557838,2
78.45,631.8592380905585,419.3286431811575,91.6250894722325,27.997972626748595,0.0,35.0,0.0,418,435,375,435,35.0,NEUTRAL,program,sonic_drive_three_laps.py,function,ec959a186dbd8278df967871b3a34262848e2c5ecc08c20aa12abb30068f0552,右壁追従 | target_deg=0.000,,246.56037125158767,56.817990523293886,40.30914494545465,247.17940484398252,77.34646446363827,0,78.45,37.814656025578365,2
78.5,633.2585874646576,419.28894256172043,91.6250894722325,27.998429516861076,0.0,35.0,0.0,418,435,375,435,35.0,NEUTRAL,program,sonic_drive_three_laps.py,function,ec959a186dbd8278df967871b3a34262848e2c5ecc08c20aa12abb30068f0552,右壁追従 | target_deg=0.000,,250.0,59.37302224937717,40.70725569437353,250.0,78.28830921343896,0,78.5,37.82058416771987,2
78.55,634.6579565657856,419.24924138261235,91.6250894722325,27.998783441930122,0.0,35.0,0.0,418,435,375,435,35.0,NEUTRAL,program,sonic_drive_three_laps.py,function,ec959a186dbd8278df967871b3a34262848e2c5ecc08c20aa12abb30068f0552,右壁追従 | target_deg=0.000,,250.0,59.61208514772729,39.77040338213679,248.5444015788619,75.5769893504215,0,78.55,37.86886312348162,2
78.6,636.0573409482472,419.2095397699611,91.6250894722325,27.99905760622276,0.0,35.0,0.0,418,435,375,435,35.0,NEUTRAL,program,sonic_drive_three_laps.py,function,ec959a186dbd8278df967871b3a34262848e2c5ecc08c20aa12abb30068f0552,右壁追従 | target_deg=0.000,,250.0,59.94933555214417,38.31890848264969,250.0,75.98830019567838,0,78.6,37.96554632046103,2
78.65,637.4567371682311,419.16983782147025,91.6250894722325,27.99926998467778,0.0,35.0,0.0,418,435,375,435,35.0,NEUTRAL,program,sonic_drive_three_laps.py,function,ec959a186dbd8278df967871b3a34262848e2c5ecc08c20aa12abb30068f0552,右壁追従 | target_deg=0.000,,250.0,60.83535818290942,39.218214474263235,250.0,76.51336627596935,0,78.65,38.110289210084126,2
78.7,638.8561425580262,419.13013561282474,91.6250894722325,27.99943450139045,0.0,35.0,0.0,418,435,375,435,35.0,NEUTRAL,program,sonic_drive_three_laps.py,function,ec959a186dbd8278df967871b3a34262848e2c5ecc08c20aa12abb30068f0552,右壁追従 | target_deg=0.000,,250.0,59.97519893698778,40.43166995499298,249.541146733737,78.0636028791944,0,78.7,38.3025811428015,2
78.75,640.2555550511177,419.09043320265323,91.6250894722325,27.99956194251316,0.0,35.0,0.0,418,435,375,435,35.0,NEUTRAL,program,sonic_drive_three_laps.py,function,ec959a186dbd8278df967871b3a34262848e2c5ecc08c20aa12abb30068f0552,右壁追従 | target_deg=0.000,,250.0,58.16491954414679,37.599371971090825,250.0,78.37385136220682,0,78.75,38.54175433425197,2
78.8,641.6500513882578,419.04960487445396,91.74222580148779,27.83784209906528,-1.6412405521667335,34.102446573033816,-5.128876725521042,417,429,375,435,34.102446573033816,NEUTRAL,program,sonic_drive_three_laps.py,function,ec959a186dbd8278df967871b3a34262848e2c5ecc08c20aa12abb30068f0552,右壁追従 | target_deg=-4.097,,249.2923709605859,58.62493128929977,40.073680843879636,249.14298654322593,215.90445148640146,0,78.8,38.80376281807071,2
78.85,643.0358152154955,419.00529036140654,91.92098081698191,27.658392836213892,-2.19070608071537,33.80195761210878,-6.845956502235531,417,427,375,435,33.80195761210878,NEUTRAL,program,sonic_drive_three_laps.py,function,ec959a186dbd8278df967871b3a34262848e2c5ecc08c20aa12abb30068f0552,右壁追従 | target_deg=-5.463,,250.0,59.07764043233934,40.91640769365912,250.0,217.3883801562632,0,78.85,39.1020231297581,2
78.9,644.4127364477008,418.9566627149694,92.12427809506056,27.488216970899103,-2.5068206326631186,33.62908246651236,-7.833814477072245,417,426,375,435,33.62908246651236,NEUTRAL,program,sonic_drive_three_laps.py,function,ec959a186dbd8278df967871b3a34262848e2c5ecc08c20aa12abb30068f0552,右壁追従 | target_deg=-6.246,,249.62019972491967,59.34659391513603,40.85084760523056,249.03866057353738,220.28239368154578,0,78.9,39.443691703775826,2
78.95,645.7816111322576,418.9033024156605,92.34037133729373,27.339350930968074,-2.679659693090552,33.534561105341105,-8.373936540907975,416,426,375,435,33.534561105341105,NEUTRAL,program,sonic_drive_three_laps.py,function,ec959a186dbd8278df967871b3a34262848e2c5ecc08c20aa12abb30068f0552,右壁追従 | target_deg=-6.674,,250.0,58.74799261932001,38.002723446750444,250.0,217.92313762000674,0,78.95,39.58333730045382,2
79.0,647.14362767422,418.8450055689812,92.56136911014727,27.216729958280656,-2.7537350198664825,33.49405116101052,-8.605421937082758,416,425,375,435,33.49405116101052,NEUTRAL,program,sonic_drive_three_laps.py,function,ec959a186dbd8278df967871b3a34262848e2c5ecc08c20aa12abb30068f0552,右壁追従 | target_deg=-6.857,,250.0,61.64006950037801,41.439494917193365,250.0,218.88018759434362,0,79.0,39.58933304988358,2
79.05,648.4999275864537,418.7816618400591,92.7865527996654,27.11549269436273,-2.8171278225545797,33.459383222040465,-8.803524445483061,416,425,375,435,33.459383222040465,NEUTRAL,program,sonic_drive_three_laps.py,function,ec959a186dbd8278df967871b3a34262848e2c5ecc08c20aa12abb30068f0552,右壁追従 | target_deg=-7.013,,250.0,60.540932854666465,39.681222193414406,250.0,220.31499197307653,0,79.05,39.59954750202212,2
79.1,649.8515865347916,418.7132139894504,93.01139761007016,27.03659003626532,-2.821999128183618,33.45671922677458,-8.818747275573806,416,425,375,435,33.45671922677458,NEUTRAL,program,sonic_drive_three_laps.py,function,ec959a186dbd8278df967871b3a34262848e2c5ecc08c20aa12abb30068f0552,右壁追従 | target_deg=-7.025,,250.0,60.11843993831095,41.20730489241248,250.0,217.93290749501438,0,79.1,39.61511045261187,2
79.15,651.1995045281344,418.6396397230818,93.23722570576626,26.973537714956297,-2.8415864351058,33.44600741830152,-8.879957609705624,416,425,375,435,33.44600741830152,NEUTRAL,program,sonic_drive_three_laps.py,function,ec959a186dbd8278df967871b3a34262848e2c5ecc08c20aa12abb30068f0552,右壁追従 | target_deg=-7.074,,249.96533622744704,61.8521289054694,37.62053497819726,247.49018462358822,216.62966400221268,0,79.15,39.635734743508806,2
79.2,652.5445559545228,418.56095569312055,93.45862349283533,26.929658653491373,-2.7912417407078522,33.47353967305039,-8.722630439712038,416,425,375,435,33.47353967305039,NEUTRAL,program,sonic_drive_three_laps.py,function,ec959a186dbd8278df967871b3a34262848e2c5ecc08c20aa12abb30068f0552,右壁追従 | target_deg=-6.949,,250.0,62.38111641901432,42.99356951722135,249.58506252922365,213.82215521876907,0,79.2,39.662670058440085,2
79.25,653.8873858469295,418.47719255838814,93.68012717410289,26.895146316039124,-2.7965349852893695,33.47064492991988,-8.73917182902928,416,425,375,435,33.47064492991988,NEUTRAL,program,sonic_drive_three_laps.py,function,ec959a186dbd8278df967871b3a34262848e2c5ecc08c20aa12abb30068f0552,右壁追従 | target_deg=-6.962,,249.4281196057005,62.308166037169535,43.15082569230328,249.72726896524722,218.3152923065019,0,79.25,39.69482149594097,2
79.3,655.2283106053521,418.388320085207,93.90356666605715,26.865680834167353,-2.8242327274525807,33.45549772717437,-8.825727273289315,416,425,375,435,33.45549772717437,NEUTRAL,program,sonic_drive_three_laps.py,function,ec959a186dbd8278df967871b3a34262848e2c5ecc08c20aa12abb30068f0552,右壁追従 | target_deg=-7.031,,250.0,60.828845687900206,41.38458725119462,249.07850608835307,219.89293282671056,0,79.3,39.731795935091725,2
79.35,656.5676566410759,418.2943217407289,94.12556365622265,26.844398258906306,-2.808587484253498,33.464053719548865,-8.776835888292181,416,425,375,435,33.464053719548865,NEUTRAL,program,sonic_drive_three_laps.py,function,ec959a186dbd8278df967871b3a34262848e2c5ecc08c20aa12abb30068f0552,右壁追従 | target_deg=-6.992,,250.0,63.44370068022481,42.78009474851306,250.0,217.1906020303661,0,79.35,39.774395908308975,2
79.4,657.9058261292699,418.19523067803374,94.34444926917706,26.83162291084635,-2.770949041419416,33.48463724297376,-8.659215754435674,416,425,375,435,33.48463724297376,NEUTRAL,program,sonic_drive_three_laps.py,function,ec959a186dbd8278df967871b3a34262848e2c5ecc08c20aa12abb30068f0552,右壁追従 | target_deg=-6.899,,250.0,62.41011452149999,45.5418506806998,249.45729190021814,216.01679216739012,0,79.4,39.82297037025978,2
79.45,659.2430928490894,418.0910801152366,94.56232405065748,26.822881698256154,-2.7592337236074127,33.49104405740219,-8.622605386273165,416,425,375,435,33.49104405740219,NEUTRAL,program,sonic_drive_three_laps.py,function,ec959a186dbd8278df967871b3a34262848e2c5ecc08c20aa12abb30068f0552,右壁追従 | target_deg=-6.870,,247.44725710194234,66.91841627203942,43.19975263419645,249.43181009142475,214.80854245304297,0,79.45,39.876997510740125,2
79.5,660.5795517084747,417.98187091448443,94.78080603852061,26.815271562944883,-2.767741716412463,33.48639124883693,-8.649192863788947,416,425,375,435,33.48639124883693,NEUTRAL,program,sonic_drive_three_laps.py,function,ec959a186dbd8278df967871b3a34262848e2c5ecc08c20aa12abb30068f0552,右壁追従 | target_deg=-6.891,,250.0,65.586348131002,43.87205511732675,247.9652086707289,217.46835354041409,0,79.5,39.93610451337264,2
79.55,661.9151869644844,417.86757973405344,95.00103956411647,26.807110844375867,-2.790720587685575,33.47382467860945,-8.721001836517422,416,425,375,435,33.47382467860945,NEUTRAL,program,sonic_drive_three_laps.py,function,ec959a186dbd8278df967871b3a34262848e2c5ecc08c20aa12abb30068f0552,右壁追従 | target_deg=-6.948,,247.89059921666015,63.334971619635745,43.91468254202553,249.09467804300036,219.98883518535436,0,79.55,40.000055654945754,2
79.6,663.2500512605448,417.74819380608886,95.22046155574571,26.801735383087586,-2.781124259656196,33.47907267050052,-8.691013311425612,416,425,375,435,33.47907267050052,NEUTRAL,program,sonic_drive_three_laps.py,function,ec959a186dbd8278df967871b3a34262848e2c5ecc08c20aa12abb30068f0552,右壁追従 | target_deg=-6.924,,249.69049797216383,67.82778586562367,43.20168885695603,248.40526630048365,216.3311709859834,0,79.6,40.06945134502183,2
79.65,664.5842022456952,417.6237155615476,95.44023615536628,26.797080840439467,-2.7860991298827855,33.476352038345354,-8.706559780883705,416,425,375,435,33.476352038345354,NEUTRAL,program,sonic_drive_three_laps.py,function,ec959a186dbd8278df967871b3a34262848e2c5ecc08c20aa12abb30068f0552,右壁追従 | target_deg=-6.937,,250.0,66.79538027694517,39.81992367339172,250.0,214.30923139801004,0,79.65,40.14402415056418,2
79.7,665.917608660918,417.49412882853403,95.66144902930557,26.791627484620165,-2.8048400261807402,33.466103110682404,-8.765125081814814,416,425,375,435,33.466103110682404,NEUTRAL,program,sonic_drive_three_laps.py,function,ec959a186dbd8278df967871b3a34262848e2c5ecc08c20aa12abb30068f0552,右壁追従 | target_deg=-6.983,,248.38314041393227,67.2172566137836,41.29847875238262,250.0,217.9500290178095,0,79.7,40.22354648127248,2
79.75,667.2503132792709,417.35942766314383,95.8815241763815,26.788783392352165,-2.790840452230419,33.47375912768649,-8.72137641322006,416,425,375,435,33.47375912768649,NEUTRAL,program,sonic_drive_three_laps.py,function,ec959a186dbd8278df967871b3a34262848e2c5ecc08c20aa12abb30068f0552,右壁追従 | target_deg=-6.948,,250.0,68.74456854497734,44.84573912764865,248.10336110949385,218.26551911011978,0,79.75,40.30860835494457,2
79.8,668.5824349321881,417.2196346603273,96.0998744824613,26.788721635064476,-2.7691214748684168,33.48563669343134,-8.653504608963802,416,425,375,435,33.48563669343134,NEUTRAL,program,sonic_drive_three_laps.py,function,ec959a186dbd8278df967871b3a34262848e2c5ecc08c20aa12abb30068f0552,右壁追従 | target_deg=-6.895,,246.73691385828292,67.46170992320332,43.1413225111122,248.83296321013322,214.64799124625304,0,79.8,40.399317067806635,2
79.85,669.9140140982812,417.0747668508408,96.31815822150156,26.788756868177067,-2.7682789117877826,33.48609747011606,-8.65087159933682,416,425,375,435,33.48609747011606,NEUTRAL,program,sonic_drive_three_laps.py,function,ec959a186dbd8278df967871b3a34262848e2c5ecc08c20aa12abb30068f0552,右壁追従 | target_deg=-6.893,,250.0,68.45032080933707,43.130878214435306,248.9242829912339,216.0876589627883,0,79.85,40.495281490574655,2
79.9,671.2449719393387,416.9248153530588,96.53801245227999,26.786811630475515,-2.7882852523374835,33.47515650262794,-8.713391413554636,416,425,375,435,33.47515650262794,NEUTRAL,program,sonic_drive_three_laps.py,function,ec959a186dbd8278df967871b3a34262848e2c5ecc08c20aa12abb30068f0552,右壁追従 | target_deg=-6.942,,247.43584383262024,72.0176897281244,40.98813674057678,248.62779739191814,216.6961056465355,0,79.9,40.59614618320893,2
79.95,672.5752661229924,416.7697686523681,96.75772561271611,26.785464673156046,-2.7866634668302823,33.47604341657719,-8.708323333844632,416,425,375,435,33.47604341657719,NEUTRAL,program,sonic_drive_three_laps.py,function,ec959a186dbd8278df967871b3a34262848e2c5ecc08c20aa12abb30068f0552,右壁追従 | target_deg=-6.938,,246.7969689931509,70.01726477890499,43.06219535691214,250.0,217.1119190840307,0,79.95,40.702307164792444,2
80.0,673.9049041224238,416.60962993657114,96.97727809380967,26.784611145746883,-2.7847376264717014,33.47709661052329,-8.702305082724067,416,425,375,435,33.47709661052329,NEUTRAL,program,sonic_drive_three_laps.py,function,ec959a186dbd8278df967871b3a34262848e2c5ecc08c20aa12abb30068f0552,右壁追従 | target_deg=-6.933,,250.0,69.10259727199984,41.758345167563235,250.0,215.66581672376307,0,80.0,40.81376597929875,2
80.05,675.2339841468638,416.444420012446,97.19421584375311,26.78722733535743,-2.7514970322381407,33.49527506049477,-8.59842822574419,416,425,375,435,33.49527506049477,NEUTRAL,program,sonic_drive_three_laps.py,function,ec959a186dbd8278df967871b3a34262848e2c5ecc08c20aa12abb30068f0552,右壁追従 | target_deg=-6.851,,250.0,69.27410032544232,46.014369329729966,250.0,215.59013590318514,0,80.05,40.93104342829878,2
80.1,676.5625687272429,416.2741692106171,97.41046761765182,26.790138618302766,-2.7425241938494502,33.50018208148858,-8.570388105779532,416,426,375,435,33.50018208148858,NEUTRAL,program,sonic_drive_three_laps.py,function,ec959a186dbd8278df967871b3a34262848e2c5ecc08c20aa12abb30068f0552,右壁追従 | target_deg=-6.829,,250.0,70.77063383646347,43.378240297751056,248.21687094157414,214.14009972356507,0,80.1,41.0536798927472,2
80.15,677.8906600115977,416.09889423316685,97.62586833736339,26.79348823045341,-2.7314240903433125,33.5062524505935,-8.535700282322852,416,426,375,435,33.5062524505935,NEUTRAL,program,sonic_drive_three_laps.py,function,ec959a186dbd8278df967871b3a34262848e2c5ecc08c20aa12abb30068f0552,右壁追従 | target_deg=-6.802,,249.1459017911517,70.93123346730495,45.351475386452236,247.94597408164597,215.26644884255467,0,80.15,41.18169391898442,2
80.2,679.2182331119686,415.91860899832125,97.84111850730574,26.7963012533323,-2.729210176638426,33.50746318465086,-8.52878180199508,416,426,375,435,33.50746318465086,NEUTRAL,program,sonic_drive_three_laps.py,function,ec959a186dbd8278df967871b3a34262848e2c5ecc08c20aa12abb30068f0552,右壁追従 | target_deg=-6.796,,249.44418422827914,70.4371366896594,45.47190736211527,247.1600773551449,215.88817657125773,0,80.2,41.3149174026737,2
80.25,680.5452161668363,415.7333167305869,98.05699269071533,26.797721253872027,-2.7369091026599635,33.50325283448283,-8.552840945812386,416,426,375,435,33.50325283448283,NEUTRAL,program,sonic_drive_three_laps.py,function,ec959a186dbd8278df967871b3a34262848e2c5ecc08c20aa12abb30068f0552,右壁追従 | target_deg=-6.815,,250.0,71.86637862857496,44.60955044610421,249.66281035746712,216.22057047578895,0,80.25,41.453178987392846,2
80.3,681.8715342392534,415.54301440806523,98.27333930461845,26.798240422874066,-2.7428000474254257,33.50003122406422,-8.571250148204456,416,426,375,435,33.50003122406422,NEUTRAL,program,sonic_drive_three_laps.py,function,ec959a186dbd8278df967871b3a34262848e2c5ecc08c20aa12abb30068f0552,右壁追従 | target_deg=-6.830,,248.1331254947624,250.0,43.030738347774694,250.0,214.87979632149526,0,80.3,41.59651666648182,2
80.35,683.1970792013844,415.3476916644804,98.49140412891268,26.79648954400537,-2.764637276513709,33.48808898940656,-8.63949148910534,416,425,375,435,33.48808898940656,NEUTRAL,program,sonic_drive_three_laps.py,function,ec959a186dbd8278df967871b3a34262848e2c5ecc08c20aa12abb30068f0552,右壁追従 | target_deg=-6.884,,250.0,249.57082615474314,42.82256451416846,248.96702789477507,217.18432999759895,0,80.35,41.744673624561585,2
80.4,684.5217799172043,415.1473343676155,98.70987706216113,26.79460526689184,-2.7699922735619937,33.48516047539578,-8.65622585488123,416,425,375,435,33.48516047539578,NEUTRAL,program,sonic_drive_three_laps.py,function,ec959a186dbd8278df967871b3a34262848e2c5ecc08c20aa12abb30068f0552,右壁追従 | target_deg=-6.897,,250.0,247.5674953860373,44.721235716519615,91.36773398375561,218.23122805034066,0,80.4,41.897950561095854,2
80.45,685.8457547865672,414.94195871479906,98.92507375438356,26.79724344484616,-2.7284303105629113,33.50788967391091,-8.526344720509098,416,426,375,435,33.50788967391091,NEUTRAL,program,sonic_drive_three_laps.py,function,ec959a186dbd8278df967871b3a34262848e2c5ecc08c20aa12abb30068f0552,右壁追従 | target_deg=-6.794,,250.0,250.0,45.93393152165665,88.8983585615547,213.4690208272978,0,80.45,42.05712250783898,2
80.5,687.1691852709324,414.7316113452263,99.13713761405864,26.803243657224844,-2.688300843402491,33.52983547626427,-8.400940135632784,416,426,375,435,33.52983547626427,NEUTRAL,program,sonic_drive_three_laps.py,function,ec959a186dbd8278df967871b3a34262848e2c5ecc08c20aa12abb30068f0552,右壁追従 | target_deg=-6.695,,248.96942938434972,250.0,48.97504082007025,86.1361208773674,214.10515551056247,0,80.5,42.222105106054016,2
80.55,688.4920981693173,414.5163270094253,99.34887899747974,26.808347940794096,-2.683673006743033,33.532366324437405,-8.386478146071978,416,426,375,435,33.532366324437405,NEUTRAL,program,sonic_drive_three_laps.py,function,ec959a186dbd8278df967871b3a34262848e2c5ecc08c20aa12abb30068f0552,右壁追従 | target_deg=-6.684,,250.0,249.09003847592612,46.786960485519394,85.96501819871284,214.1833922374554,0,80.55,42.39225898312014,2
80.6,689.8144210067752,414.29611821596643,99.5607274538495,26.812211250604086,-2.6845926167317784,33.53186341272481,-8.389351927286807,416,426,375,435,33.53186341272481,NEUTRAL,program,sonic_drive_three_laps.py,function,ec959a186dbd8278df967871b3a34262848e2c5ecc08c20aa12abb30068f0552,右壁追従 | target_deg=-6.686,,250.0,250.0,46.14487126619708,88.10426870682949,213.9981072111892,0,80.6,42.567480441538976,2
80.65,691.1361157114588,414.0709974178933,99.7718226164236,26.81618231839706,-2.674669261787858,33.537290247459765,-8.358341443087056,416,426,375,435,33.537290247459765,NEUTRAL,program,sonic_drive_three_laps.py,function,ec959a186dbd8278df967871b3a34262848e2c5ecc08c20aa12abb30068f0552,右壁追従 | target_deg=-6.661,,248.62351583270944,250.0,45.707875006798574,87.54819944303561,212.160378994711,0,80.65,42.74793958495172,2
80.7,692.4570835400726,413.840971560973,99.98440424411444,26.81742721349776,-2.69324267055691,33.52713291453919,-8.416383345490344,416,426,375,435,33.52713291453919,NEUTRAL,program,sonic_drive_three_laps.py,function,ec959a186dbd8278df967871b3a34262848e2c5ecc08c20aa12abb30068f0552,右壁追従 | target_deg=-6.707,,249.31973368552065,249.92193199047884,45.70854400981176,83.06962511626126,215.37320309116737,0,80.7,42.93315707879924,2
80.75,693.7771808169039,413.60602910624993,100.19854225651733,26.81644936085369,-2.7129413568448335,33.51636019547548,-8.477941740140105,416,426,375,435,33.51636019547548,NEUTRAL,program,sonic_drive_three_laps.py,function,ec959a186dbd8278df967871b3a34262848e2c5ecc08c20aa12abb30068f0552,右壁追従 | target_deg=-6.756,,250.0,248.75586829612976,45.498388565607165,84.91368631540537,216.47521775405124,0,80.75,43.12313396342125,2
80.8,695.0963775613291,413.3661655888598,100.41195485679947,26.816593676179092,-2.7037948893536248,33.52136216988474,-8.449359029230077,416,426,375,435,33.52136216988474,NEUTRAL,program,sonic_drive_three_laps.py,function,ec959a186dbd8278df967871b3a34262848e2c5ecc08c20aa12abb30068f0552,右壁追従 | target_deg=-6.733,,250.0,248.5377029603724,45.15224119483331,83.88686682302857,213.4810205357467,0,80.8,43.31835546190774,2
80.85,696.4146313416794,413.12138350434435,100.6265488365201,26.81522428764703,-2.7188177274942276,33.51314655527659,-8.49630539841946,416,426,375,435,33.51314655527659,NEUTRAL,program,sonic_drive_three_laps.py,function,ec959a186dbd8278df967871b3a34262848e2c5ecc08c20aa12abb30068f0552,右壁追従 | target_deg=-6.770,,250.0,249.08308585182564,46.60427953263627,85.35115573046892,217.6117946481022,0,80.85,43.518421388557385,2
80.9,697.7319914393856,412.87168710405183,100.83883867714007,26.81704299055625,-2.689612624454234,33.52911809600159,-8.405039451419482,416,426,375,435,33.52911809600159,NEUTRAL,program,sonic_drive_three_laps.py,function,ec959a186dbd8278df967871b3a34262848e2c5ecc08c20aa12abb30068f0552,右壁追従 | target_deg=-6.698,,250.0,250.0,48.88865462053306,83.9254580135256,214.8871373561323,0,80.9,43.72405304908176,2
80.95,699.0485285586574,412.61710006050566,101.05027551562841,26.819537707317263,-2.67859913644125,33.535141097258695,-8.370622301378907,416,426,375,435,33.535141097258695,NEUTRAL,program,sonic_drive_three_laps.py,function,ec959a186dbd8278df967871b3a34262848e2c5ecc08c20aa12abb30068f0552,右壁追従 | target_deg=-6.671,,250.0,249.20858072611043,47.17366578826353,84.57061395590878,213.7933145734021,0,80.95,43.934922353748334,2
81.0,700.3642807860738,412.35764143187976,101.26026183234012,26.823311292928814,-2.659926032869417,33.545352950774536,-8.312268852716928,416,426,375,435,33.545352950774536,NEUTRAL,program,sonic_drive_three_laps.py,function,ec959a186dbd8278df967871b3a34262848e2c5ecc08c20aa12abb30068f0552,右壁追従 | target_deg=-6.625,,249.35113576163204,250.0,49.62270965639101,81.66742597084482,214.5239180874847,0,81.0,44.151131610209575,2
81.05,701.6793089933196,412.09333769528155,101.46834783634466,26.828650088472422,-2.635425593574205,33.55875162851411,-8.23570497991939,416,426,375,435,33.55875162851411,NEUTRAL,program,sonic_drive_three_laps.py,function,ec959a186dbd8278df967871b3a34262848e2c5ecc08c20aa12abb30068f0552,右壁追従 | target_deg=-6.564,,249.75557159151845,250.0,48.564447755041996,80.64952784157497,211.51490256724574,0,81.05,44.37274353894247,2
81.1,702.9935182915596,411.8242056704106,101.67840011503233,26.830364668653754,-2.6599811417519272,33.54532281310441,-8.312441067974772,416,426,375,435,33.54532281310441,NEUTRAL,program,sonic_drive_three_laps.py,function,ec959a186dbd8278df967871b3a34262848e2c5ecc08c20aa12abb30068f0552,右壁追従 | target_deg=-6.625,,248.7811746275606,249.73240362038726,47.94177591457785,82.70050092181168,215.95820902967137,0,81.1,44.59894868854872,2
81.15,704.3068164033655,411.55024329746294,101.88816409169573,26.83206894607255,-2.656166596836702,33.54740889235493,-8.300520615114694,416,426,375,435,33.54740889235493,NEUTRAL,program,sonic_drive_three_laps.py,function,ec959a186dbd8278df967871b3a34262848e2c5ecc08c20aa12abb30068f0552,右壁追従 | target_deg=-6.616,,250.0,248.99402075532964,50.97224123601806,80.01943061499705,216.7080665331427,0,81.15,44.830212463573446,2
81.2,705.6192005819308,411.27146161195253,102.09728406181165,26.83421115615937,-2.6478293849745858,33.551968305092025,-8.27446682804558,416,426,375,435,33.551968305092025,NEUTRAL,program,sonic_drive_three_laps.py,function,ec959a186dbd8278df967871b3a34262848e2c5ecc08c20aa12abb30068f0552,右壁追従 | target_deg=-6.595,,250.0,250.0,49.21760951047897,80.21910684873598,214.10679845547395,0,81.2,45.06659567577066,2
81.25,706.9307114897183,410.98787754090495,102.30483409732926,26.837857141783406,-2.6276809007627646,33.562987007395364,-8.211502814883639,416,426,375,435,33.562987007395364,NEUTRAL,program,sonic_drive_three_laps.py,function,ec959a186dbd8278df967871b3a34262848e2c5ecc08c20aa12abb30068f0552,右壁追従 | target_deg=-6.545,,248.67675169970082,249.73078593152385,52.47308572538333,81.91118359706883,215.25276928885634,0,81.25,45.30826700876571,2
81.3,708.2413829440784,410.6995139288958,102.5113282464572,26.842035706323873,-2.613945551620847,33.57049852645735,-8.168579848815147,416,426,375,435,33.57049852645735,NEUTRAL,program,sonic_drive_three_laps.py,function,ec959a186dbd8278df967871b3a34262848e2c5ecc08c20aa12abb30068f0552,右壁追従 | target_deg=-6.511,,249.37501941224082,248.76807547337273,50.86581739105823,78.05303356543014,213.24868609972995,0,81.3,45.55509718901703,2
81.35,709.5511999243604,410.40639018123096,102.71741382200287,26.84581951808155,-2.6083983167206704,33.57353217054339,-8.151244739752094,416,426,375,435,33.57353217054339,NEUTRAL,program,sonic_drive_three_laps.py,function,ec959a186dbd8278df967871b3a34262848e2c5ecc08c20aa12abb30068f0552,右壁追従 | target_deg=-6.498,,250.0,250.0,51.93888320582241,79.55043331168267,214.56446467461924,0,81.35,45.80693538756816,2
81.4,710.8601491914303,410.1085232810199,102.92261872469572,26.849885763168285,-2.5968850314866057,33.57982849840576,-8.115265723395643,416,426,375,435,33.57982849840576,NEUTRAL,program,sonic_drive_three_laps.py,function,ec959a186dbd8278df967871b3a34262848e2c5ecc08c20aa12abb30068f0552,右壁追従 | target_deg=-6.469,,249.1585460845397,250.0,50.13208283848225,76.7144100973811,211.60862255545115,0,81.4,46.063858176033875,2
81.45,712.1682591055522,409.8059351377202,103.12621052478806,26.85509054410567,-2.5760431869473153,33.59122638213819,-8.05013495921036,416,426,375,435,33.59122638213819,NEUTRAL,program,sonic_drive_three_laps.py,function,ec959a186dbd8278df967871b3a34262848e2c5ecc08c20aa12abb30068f0552,右壁追従 | target_deg=-6.417,,250.0,247.61156906742997,51.82520088820241,77.05626960033004,211.3276163422578,0,81.45,46.32598730561591,2
81.5,713.475468982644,409.4986464552234,103.33073065881422,26.858002061770136,-2.5874059075064992,33.58501239433238,-8.08564346095781,416,426,375,435,33.58501239433238,NEUTRAL,program,sonic_drive_three_laps.py,function,ec959a186dbd8278df967871b3a34262848e2c5ecc08c20aa12abb30068f0552,右壁追従 | target_deg=-6.446,,250.0,249.65198689715652,52.376386893032695,76.83557769399944,214.90719258384175,0,81.5,46.59279671529316,2
81.55,714.7816793196316,409.18666306067854,103.53568991732828,26.85973133494177,-2.592741893802024,33.58209427682702,-8.102318418131325,416,426,375,435,33.58209427682702,NEUTRAL,program,sonic_drive_three_laps.py,function,ec959a186dbd8278df967871b3a34262848e2c5ecc08c20aa12abb30068f0552,右壁追従 | target_deg=-6.459,,248.7522581781518,248.8684698929571,50.80455428079307,77.03122811099699,213.23502940558248,0,81.55,46.86437957030802,2
81.6,716.0868520095753,408.86999222199836,103.7403018245775,26.86152028570208,-2.588183991029054,33.584586879905984,-8.088074971965794,416,426,375,435,33.584586879905984,NEUTRAL,program,sonic_drive_three_laps.py,function,ec959a186dbd8278df967871b3a34262848e2c5ecc08c20aa12abb30068f0552,右壁追従 | target_deg=-6.448,,246.12911730504274,248.73091783456854,51.0763874520006,78.18792252050257,212.50978985743785,0,81.6,47.140884255139895,2
81.65,717.3910491587792,408.54864904547196,103.94268300781175,26.865714833354666,-2.5596962572248514,33.60016610933016,-7.999050803827661,417,426,375,435,33.60016610933016,NEUTRAL,program,sonic_drive_three_laps.py,function,ec959a186dbd8278df967871b3a34262848e2c5ecc08c20aa12abb30068f0552,右壁追従 | target_deg=-6.377,,244.40754273002418,248.91427480482398,56.04429713503018,77.62394818121314,213.97464617706208,0,81.65,47.422662756100465,2
81.7,718.6943227059511,408.22265933450814,104.14398122096907,26.870354446848534,-2.545594651090985,33.60787792518462,-7.954983284659328,417,426,375,435,33.60787792518462,NEUTRAL,program,sonic_drive_three_laps.py,function,ec959a186dbd8278df967871b3a34262848e2c5ecc08c20aa12abb30068f0552,右壁追従 | target_deg=-6.342,,241.64235618067312,250.0,52.76422679695004,75.54782038155099,210.84879950200082,0,81.7,47.70946137623429,2
81.75,719.9966621320277,407.89204448489716,104.34467544172105,26.87474229241423,-2.5375433698674525,33.61228096960374,-7.929823030835789,417,426,375,435,33.61228096960374,NEUTRAL,program,sonic_drive_three_laps.py,function,ec959a186dbd8278df967871b3a34262848e2c5ecc08c20aa12abb30068f0552,右壁追従 | target_deg=-6.322,,240.1591572414927,250.0,53.3752188890799,73.70091235009181,211.3921143812324,0,81.75,48.00116391779699,2
81.8,721.298101315605,407.55682628131126,104.54331508185595,26.88074864714927,-2.51109832170118,33.62674310531966,-7.847182255316188,417,426,375,435,33.62674310531966,NEUTRAL,program,sonic_drive_three_laps.py,function,ec959a186dbd8278df967871b3a34262848e2c5ecc08c20aa12abb30068f0552,右壁追従 | target_deg=-6.257,,239.0602975965805,250.0,56.37134794051825,75.22491817092538,211.4113671258183,0,81.8,48.298027127145644,2
81.85,722.5986228823351,407.2170321697222,104.74195572592856,26.885448140752725,-2.510624315688259,33.627002327357985,-7.845700986525809,417,426,375,435,33.627002327357985,NEUTRAL,program,sonic_drive_three_laps.py,function,ec959a186dbd8278df967871b3a34262848e2c5ecc08c20aa12abb30068f0552,右壁追従 | target_deg=-6.256,,236.55112717924223,250.0,56.43091005175043,73.21484235394159,213.31080883352624,0,81.85,48.59962465082066,2
81.9,723.8981686920936,406.87267953964397,104.94027300647679,26.88953071670651,-2.5061396871324324,33.62945485859945,-7.831686522288852,417,426,375,435,33.62945485859945,NEUTRAL,program,sonic_drive_three_laps.py,function,ec959a186dbd8278df967871b3a34262848e2c5ecc08c20aa12abb30068f0552,右壁追従 | target_deg=-6.245,,232.22885968657502,250.0,55.98207055168008,70.75696537321981,212.29297855026934,0,81.9,48.90600154376949,2
81.95,725.1966817433666,406.5237846969546,105.13869964981853,26.892588959028192,-2.5071973619961,33.62887644265838,-7.8349917562378115,417,426,375,435,33.62887644265838,NEUTRAL,program,sonic_drive_three_laps.py,function,ec959a186dbd8278df967871b3a34262848e2c5ecc08c20aa12abb30068f0552,右壁追従 | target_deg=-6.247,,230.98446950955338,250.0,56.082997676321014,74.16026882994677,212.8589686913896,0,81.95,49.21705883630682,2
82.0,726.4941130137303,406.1703602504516,105.33697123945313,26.89517635553305,-2.504982635201458,33.6300876213742,-7.828070735004556,417,426,375,435,33.6300876213742,NEUTRAL,program,sonic_drive_three_laps.py,function,ec959a186dbd8278df967871b3a34262848e2c5ecc08c20aa12abb30068f0552,右壁追従 | target_deg=-6.242,,229.90836828870044,250.0,53.915691956563755,70.27063120050174,210.31768129627145,0,82.0,49.53283473877599,2
82.05,727.7904214363632,405.8124182539024,105.5352526460976,26.89718898772008,-2.504898118092167,33.630133841668346,-7.8278066190380216,417,426,375,435,33.630133841668346,NEUTRAL,program,sonic_drive_three_laps.py,function,ec959a186dbd8278df967871b3a34262848e2c5ecc08c20aa12abb30068f0552,右壁追従 | target_deg=-6.241,,227.6682041232257,248.39546241382513,54.01656039879112,71.65073149739128,210.56660888214265,0,82.05,49.853286166979615,2
82.1,729.0889788399561,405.4499503041091,105.65207938997412,27.0077013067125,-1.3998425833393595,34.23446108723629,-4.374508072935498,417,430,375,435,34.23446108723629,NEUTRAL,program,sonic_drive_three_laps.py,function,ec959a186dbd8278df967871b3a34262848e2c5ecc08c20aa12abb30068f0552,右壁追従 | target_deg=-3.496,,225.737262201204,248.5638714251202,203.09998085641737,72.77541095723939,211.04359178892815,0,82.1,50.19373981515872,2
82.15,730.3932286397605,405.08371567583856,105.71750903682289,27.150377884031364,-0.8210178491415168,34.55100586375073,-2.56568077856724,418,432,375,435,34.55100586375073,NEUTRAL,program,sonic_drive_three_laps.py,function,ec959a186dbd8278df967871b3a34262848e2c5ecc08c20aa12abb30068f0552,右壁追従 | target_deg=-2.052,,227.06910725821882,250.0,203.26850044994694,71.99267136256002,212.91587435590608,0,82.15,50.547669521318085,2
82.2,731.7055426140599,404.71436148091243,105.71956598155623,27.34184925905351,0.0,35.0,0.0,418,435,375,435,35.0,NEUTRAL,program,sonic_drive_three_laps.py,function,ec959a186dbd8278df967871b3a34262848e2c5ecc08c20aa12abb30068f0552,右壁追従 | target_deg=0.000,,224.23566147873856,250.0,202.3854705953731,69.90060285601972,210.9599074506846,0,82.2,50.91663716384039,2
82.25,733.0258166040152,404.3427626685749,105.71956598155623,27.49017052444007,0.0,35.0,0.0,418,435,375,435,35.0,NEUTRAL,program,sonic_drive_three_laps.py,function,ec959a186dbd8278df967871b3a34262848e2c5ecc08c20aa12abb30068f0552,右壁追従 | target_deg=0.000,,221.0179640459644,250.0,204.63891005552625,67.74338392244432,210.5899836455914,0,82.25,51.28823597617793,2
82.3,734.3522575889239,403.96942811955097,105.71956598155623,27.605066016068122,0.0,35.0,0.0,418,435,375,435,35.0,NEUTRAL,program,sonic_drive_three_laps.py,function,ec959a186dbd8278df967871b3a34262848e2c5ecc08c20aa12abb30068f0552,右壁追従 | target_deg=0.000,,218.45826552001157,248.98802552211282,203.6309043897768,72.02693159529171,210.96456610137795,0,82.3,51.66157052520185,2
82.35,735.6834757709204,403.5947490005533,105.71956598155623,27.694068587358537,0.0,35.0,0.0,418,435,375,435,35.0,NEUTRAL,program,sonic_drive_three_laps.py,function,ec959a186dbd8278df967871b3a34262848e2c5ecc08c20aa12abb30068f0552,右壁追従 | target_deg=0.000,,217.70035361206874,249.5641680217784,203.9169185098247,69.18767738239916,209.2218423000727,0,82.35,52.03624964419953,2
82.4,737.018394557861,403.21902832471767,105.71956598155623,27.763013483142174,0.0,35.0,0.0,418,435,375,435,35.0,NEUTRAL,program,sonic_drive_three_laps.py,function,ec959a186dbd8278df967871b3a34262848e2c5ecc08c20aa12abb30068f0552,右壁追従 | target_deg=0.000,,218.4903495974745,249.7872981876047,205.41456350165947,67.52576264486568,211.08402721254717,0,82.4,52.41197032003515,2
82.45,738.3561799790854,402.842500817949,105.71956598155623,27.816420913800624,0.0,35.0,0.0,418,435,375,435,35.0,NEUTRAL,program,sonic_drive_three_laps.py,function,ec959a186dbd8278df967871b3a34262848e2c5ecc08c20aa12abb30068f0552,右壁追従 | target_deg=0.000,,217.1632321154034,247.2475447861053,205.22305718879372,68.67045371770871,210.48745923134675,0,82.45,52.78849782680385,2
82.5,739.6961860080863,402.46534830817427,105.71956598155623,27.857792412257712,0.0,35.0,0.0,418,435,375,435,35.0,NEUTRAL,program,sonic_drive_three_laps.py,function,ec959a186dbd8278df967871b3a34262848e2c5ecc08c20aa12abb30068f0552,右壁追従 | target_deg=0.000,,212.06682685994576,250.0,207.52215918116465,67.54188190904328,208.8808687616583,0,82.5,53.16565033657855,2
82.55,741.0379122072972,402.08771164646447,105.71956598155623,27.88984040377281,0.0,35.0,0.0,418,435,375,435,35.0,NEUTRAL,program,sonic_drive_three_laps.py,function,ec959a186dbd8278df967871b3a34262848e2c5ecc08c20aa12abb30068f0552,右壁追従 | target_deg=0.000,,212.76375592794537,249.0357942309357,207.99081236247676,66.64886753327457,207.5354793480346,0,82.55,53.54328699828835,2
82.6,742.3809709180763,401.7096999416047,105.71956598155623,27.914666039740933,0.0,35.0,0.0,418,435,375,435,35.0,NEUTRAL,program,sonic_drive_three_laps.py,function,ec959a186dbd8278df967871b3a34262848e2c5ecc08c20aa12abb30068f0552,右壁追従 | target_deg=0.000,,213.05113742944496,250.0,207.06941842061377,66.69384932294267,206.08578034138114,0,82.6,53.921298703148125,2
82.65,743.7250618447774,401.3313977135552,105.71956598155623,27.933896954755735,0.0,35.0,0.0,418,435,375,435,35.0,NEUTRAL,program,sonic_drive_three_laps.py,function,ec959a186dbd8278df967871b3a34262848e2c5ecc08c20aa12abb30068f0552,右壁追従 | target_deg=0.000,,209.51940370718722,250.0,206.30369977763414,67.12808239117189,203.91380033568657,0,82.65,54.29960093119763,2
82.7,745.0699523665708,400.952870434805,105.71956598155623,27.948793978653992,0.0,35.0,0.0,418,435,375,435,35.0,NEUTRAL,program,sonic_drive_three_laps.py,function,ec959a186dbd8278df967871b3a34262848e2c5ecc08c20aa12abb30068f0552,右壁追従 | target_deg=0.000,,207.26125802059897,249.15013056643056,209.18453197962336,65.5116055592599,207.9670895920785,0,82.7,54.67812820994783,2
82.75,746.4154622862028,400.5741688229218,105.71956598155623,27.960333799866575,0.0,35.0,0.0,418,435,375,435,35.0,NEUTRAL,program,sonic_drive_three_laps.py,function,ec959a186dbd8278df967871b3a34262848e2c5ecc08c20aa12abb30068f0552,右壁追従 | target_deg=0.000,,207.4869786844817,250.0,206.94557327426423,65.06654658484666,206.48808003637896,0,82.75,54.88965151453569,2
82.8,747.7614520157864,400.1953321657301,105.71956598155623,27.969272999704604,0.0,35.0,0.0,418,435,375,435,35.0,NEUTRAL,program,sonic_drive_three_laps.py,function,ec959a186dbd8278df967871b3a34262848e2c5ecc08c20aa12abb30068f0552,右壁追従 | target_deg=0.000,,207.89585318721896,250.0,208.7504866445388,66.86761703916913,208.9645755581627,0,82.8,54.65044800876563,2
82.85,749.1078134250489,399.8163908971258,105.71956598155623,27.976197655838536,0.0,35.0,0.0,418,435,375,435,35.0,NEUTRAL,program,sonic_drive_three_laps.py,function,ec959a186dbd8278df967871b3a34262848e2c5ecc08c20aa12abb30068f0552,右壁追従 | target_deg=0.000,,205.8917217697523,250.0,210.1624818598368,62.40067310895904,204.33021865724365,0,82.85,54.444532481128505,2
82.9,750.4544627520239,399.4373685924025,105.71956598155623,27.98156176710599,0.0,35.0,0.0,418,435,375,435,35.0,NEUTRAL,program,sonic_drive_three_laps.py,function,ec959a186dbd8278df967871b3a34262848e2c5ecc08c20aa12abb30068f0552,右壁追従 | target_deg=0.000,,201.87605027771664,249.00631984405194,209.97354996562913,62.56175523779985,205.87297316476707,0,82.9,54.272305338383184,2
82.95,751.8013351113945,399.05828351391114,105.71956598155623,27.98571701888068,0.0,35.0,0.0,418,435,375,435,35.0,NEUTRAL,program,sonic_drive_three_laps.py,function,ec959a186dbd8278df967871b3a34262848e2c5ecc08c20aa12abb30068f0552,右壁追従 | target_deg=0.000,,201.8762149876752,250.0,211.8785779221373,65.399410740206,205.971378917226,0,82.95,54.13410192443306,2
83.0,753.1483802404392,398.67914980838754,105.71956598155623,27.98893584049906,0.0,35.0,0.0,418,435,375,435,35.0,NEUTRAL,program,sonic_drive_three_laps.py,function,ec959a186dbd8278df967871b3a34262848e2c5ecc08c20aa12abb30068f0552,右壁追従 | target_deg=0.000,,200.19889921178924,250.0,210.20410349577827,62.65895653707129,208.08586916012544,0,83.0,54.030192219717954,2
83.05,754.4955592036758,398.2999784344504,105.71956598155623,27.991429266450773,0.0,35.0,0.0,418,435,375,435,35.0,NEUTRAL,program,sonic_drive_three_laps.py,function,ec959a186dbd8278df967871b3a34262848e2c5ecc08c20aa12abb30068f0552,右壁追従 | target_deg=0.000,,197.99197728022207,250.0,209.47085023417108,62.710816563028786,204.835670939503,0,83.05,53.93097707920322,2
83.1,755.8428418401465,397.920777881077,105.71956598155623,27.993360772360017,0.0,35.0,0.0,418,435,375,435,35.0,NEUTRAL,program,sonic_drive_three_laps.py,function,ec959a186dbd8278df967871b3a34262848e2c5ecc08c20aa12abb30068f0552,右壁追従 | target_deg=0.000,,197.5158897342547,250.0,209.93536747957634,63.421717615451485,201.74725684417817,0,83.1,53.55177652582984,2
83.15,757.1902047859859,397.54155472416363,105.71956598155623,27.994856992881378,0.0,35.0,0.0,418,435,375,435,35.0,NEUTRAL,program,sonic_drive_three_laps.py,function,ec959a186dbd8278df967871b3a34262848e2c5ecc08c20aa12abb30068f0552,右壁追従 | target_deg=0.000,,196.64174188677887,250.0,210.3383899673454,62.33547524495812,201.2658843650955,0,83.15,53.172553368916454,2
83.2,758.537629942624,397.1623140576582,105.71956598155623,27.996016024203943,0.0,35.0,0.0,418,435,375,435,35.0,NEUTRAL,program,sonic_drive_three_laps.py,function,ec959a186dbd8278df967871b3a34262848e2c5ecc08c20aa12abb30068f0552,右壁追従 | target_deg=0.000,,196.1078834137808,250.0,211.10668923293883,62.66009728190002,203.6043315062347,0,83.2,52.793312702411015,2
83.25,759.8851032901963,396.78305982753335,105.71956598155623,27.996913855497866,0.0,35.0,0.0,418,435,375,435,35.0,NEUTRAL,program,sonic_drive_three_laps.py,function,ec959a186dbd8278df967871b3a34262848e2c5ecc08c20aa12abb30068f0552,右壁追従 | target_deg=0.000,,194.78673882796903,248.7314326215814,212.76835470273235,61.63073835700608,203.74782167628646,0,83.25,52.41405847228617,2
83.3,761.2326139683632,396.40379509049495,105.71956598155623,27.99760935096607,0.0,35.0,0.0,418,435,375,435,35.0,NEUTRAL,program,sonic_drive_three_laps.py,function,ec959a186dbd8278df967871b3a34262848e2c5ecc08c20aa12abb30068f0552,右壁追従 | target_deg=0.000,,192.8800224718029,250.0,212.19562766085906,60.490252998172735,204.4601440129949,0,83.3,52.034793735247774,2
83.35,762.5768636503697,396.0265613631115,105.62496507019864,27.87501038789248,1.248921113653314,34.31699626597084,3.9028784801666063,417,439,375,435,34.31699626597084,NEUTRAL,program,sonic_drive_three_laps.py,function,ec959a186dbd8278df967871b3a34262848e2c5ecc08c20aa12abb30068f0552,右壁追従 | target_deg=3.120,,188.2246552955208,250.0,211.82884623688716,56.066203729791155,53.05078741724902,0,83.35,51.67535581823864,2
83.4,763.915080645552,395.6542127454523,105.47267168543897,27.71947607548626,1.86319323323493,33.981066200574645,5.822478853859156,417,441,375,435,33.981066200574645,NEUTRAL,program,sonic_drive_three_laps.py,function,ec959a186dbd8278df967871b3a34262848e2c5ecc08c20aa12abb30068f0552,右壁追従 | target_deg=4.649,,192.61427223624483,250.0,213.9100484990558,57.67995220692226,53.24257769577606,0,83.4,51.331732532255955,2
83.45,765.2470087712046,395.2877245116547,105.29646705933669,27.569004054291298,2.167356076954685,33.81472714541541,6.772987740483391,417,442,375,435,33.81472714541541,NEUTRAL,program,sonic_drive_three_laps.py,function,ec959a186dbd8278df967871b3a34262848e2c5ecc08c20aa12abb30068f0552,右壁追従 | target_deg=5.405,,187.05429177692997,250.0,210.21864979824306,61.49289705065296,52.86397273785041,0,83.45,50.99859760906435,2
83.5,766.5733287790156,394.9273268250942,105.10711461301503,27.435343690656754,2.340780328768087,33.71988575770495,7.3149385274002725,417,442,375,435,33.71988575770495,NEUTRAL,program,sonic_drive_three_laps.py,function,ec959a186dbd8278df967871b3a34262848e2c5ecc08c20aa12abb30068f0552,右壁追従 | target_deg=5.835,,187.29222542045875,250.0,214.56505131209826,56.106845653885934,55.78247286892762,0,83.5,50.674182570654466,2
83.55,767.8950235223489,394.5729493191807,104.91152764231083,27.323165162138412,2.4284107811473206,33.67196285406006,7.588783691085377,417,442,375,435,33.67196285406006,NEUTRAL,program,sonic_drive_three_laps.py,function,ec959a186dbd8278df967871b3a34262848e2c5ecc08c20aa12abb30068f0552,右壁追従 | target_deg=6.052,,188.70265249667386,250.0,211.971138904827,57.857572102646074,53.88745612918244,0,83.55,50.35712500466525,2
83.6,769.2131189433273,394.22438977940135,104.71315154773663,27.23197205286609,2.471974781083803,33.648138791594796,7.724921190886883,417,443,375,435,33.648138791594796,NEUTRAL,program,sonic_drive_three_laps.py,function,ec959a186dbd8278df967871b3a34262848e2c5ecc08c20aa12abb30068f0552,右壁追従 | target_deg=6.160,,184.887836521477,250.0,213.88068623455246,60.97160269190617,56.24634226340288,0,83.6,50.046575503010274,2
83.65,770.5285116004105,393.8814389544958,104.51268367121344,27.158032767090955,2.505419720637418,33.62984859027641,7.8294366269919315,417,443,375,435,33.62984859027641,NEUTRAL,program,sonic_drive_three_laps.py,function,ec959a186dbd8278df967871b3a34262848e2c5ecc08c20aa12abb30068f0552,右壁追従 | target_deg=6.243,,183.95407454750685,250.0,214.2236734618843,60.8052610320562,55.22743334402839,0,83.65,49.742196599341355,2
83.7,771.8419623141106,393.5439065105206,104.31151111380098,27.099298188950733,2.520210453322019,33.62175990833952,7.87565766663131,417,443,375,435,33.62175990833952,NEUTRAL,program,sonic_drive_three_laps.py,function,ec959a186dbd8278df967871b3a34262848e2c5ecc08c20aa12abb30068f0552,右壁追従 | target_deg=6.279,,185.36178181391762,248.3073371891384,213.27177322901943,58.68564034964753,54.69392067738222,0,83.7,49.443533975213654,2
83.75,773.1539659825304,393.2117072828142,104.10582963106089,27.047728302589043,2.581793218869646,33.588081833430664,8.068103808967644,416,443,375,435,33.588081833430664,NEUTRAL,program,sonic_drive_three_laps.py,function,ec959a186dbd8278df967871b3a34262848e2c5ecc08c20aa12abb30068f0552,右壁追従 | target_deg=6.432,,182.4607506131193,250.0,216.7730468321234,59.35358079236959,50.97798387779073,0,83.75,49.1512433701227,2
83.8,774.4650073969647,392.884745424219,103.90096088828415,27.008370654411056,2.5758049388101445,33.5913566740882,8.049390433781701,416,443,375,435,33.5913566740882,NEUTRAL,program,sonic_drive_three_laps.py,function,ec959a186dbd8278df967871b3a34262848e2c5ecc08c20aa12abb30068f0552,右壁追従 | target_deg=6.417,,180.40414097188554,250.0,212.4134542300967,57.88503811401287,51.856707168415696,0,83.8,48.864200389588575,2
83.85,775.7755200043398,392.56289885655866,103.69522899875687,26.976485324857784,2.5899774814968377,33.58360606480642,8.093679629677618,416,443,375,435,33.58360606480642,NEUTRAL,program,sonic_drive_three_laps.py,function,ec959a186dbd8278df967871b3a34262848e2c5ecc08c20aa12abb30068f0552,右壁追従 | target_deg=6.452,,181.03223872409157,249.94445283557013,216.21326248397165,54.68768285542657,53.31947059051356,0,83.85,48.58260905065839,2
83.9,777.0858466853003,392.2460776067257,103.48988815435769,26.952011660858314,2.587685610939265,33.584859431517586,8.086517534185203,416,443,375,435,33.584859431517586,NEUTRAL,program,sonic_drive_three_laps.py,function,ec959a186dbd8278df967871b3a34262848e2c5ecc08c20aa12abb30068f0552,右壁追従 | target_deg=6.446,,180.3390429953956,250.0,215.38204832844636,59.170730974466906,53.81667613801609,0,83.9,48.30613403690978,2
83.95,778.3962148665354,391.93423099751664,103.28303964668021,26.930969303026806,2.6088234813988667,33.57329965861,8.152573379371459,416,443,375,435,33.57329965861,NEUTRAL,program,sonic_drive_three_laps.py,function,ec959a186dbd8278df967871b3a34262848e2c5ecc08c20aa12abb30068f0552,右壁追従 | target_deg=6.499,,179.93461032050925,247.34499132344118,214.616029055765,58.33091430676887,50.04296854594293,0,83.95,48.03509858118986,2
84.0,779.7067770616328,391.6273450327573,103.07521771228431,26.913277969563218,2.622932622386634,33.56558372213231,8.19666444495823,416,443,375,435,33.56558372213231,NEUTRAL,program,sonic_drive_three_laps.py,function,ec959a186dbd8278df967871b3a34262848e2c5ecc08c20aa12abb30068f0552,右壁追従 | target_deg=6.533,,181.51441589749075,247.38097884723388,216.30131859088502,56.26269522573517,51.35239431307336,0,84.0,47.76938579086209,2
84.05,781.0177532560681,391.32535314737737,102.86910749875466,26.901566626833528,2.6027180565713293,33.576638562812555,8.133493926785404,416,443,375,435,33.576638562812555,NEUTRAL,program,sonic_drive_three_laps.py,function,ec959a186dbd8278df967871b3a34262848e2c5ecc08c20aa12abb30068f0552,右壁追従 | target_deg=6.483,,179.1238129381476,247.39888336709603,212.87964060706625,54.61376703723559,51.664891637631136,0,84.05,47.50839568933878,2
84.1,782.3293755884412,391.0281543522416,102.66487942434287,26.894752080644736,2.5798212092487023,33.58916027619212,8.061941278902195,416,443,375,435,33.58916027619212,NEUTRAL,program,sonic_drive_three_laps.py,function,ec959a186dbd8278df967871b3a34262848e2c5ecc08c20aa12abb30068f0552,右壁追従 | target_deg=6.427,,177.25921730531294,246.25244992626415,211.88648759410512,56.55296246976458,52.295873499701635,0,84.1,47.25198849511344,2
84.15,783.6416719560293,390.7357474757247,102.4580876512237,26.886209510662734,2.612923750901407,33.57105732372579,8.165386721566897,416,443,375,435,33.57105732372579,NEUTRAL,program,sonic_drive_three_laps.py,function,ec959a186dbd8278df967871b3a34262848e2c5ecc08c20aa12abb30068f0552,右壁追従 | target_deg=6.509,,176.00575289940969,243.6320802695776,215.93785689942078,57.25237283568969,50.247262132731926,0,84.15,47.001051320692625,2
84.2,784.9546599427101,390.44815406290274,102.25150951062597,26.879788457321748,2.6109321981614495,33.572146454130454,8.15916311925453,416,443,375,435,33.572146454130454,NEUTRAL,program,sonic_drive_three_laps.py,function,ec959a186dbd8278df967871b3a34262848e2c5ecc08c20aa12abb30068f0552,右壁追従 | target_deg=6.504,,174.22694592774664,246.145737368291,215.44970049976934,56.40794716497048,52.40979846687142,0,84.2,46.755051047810696,2
84.25,786.2683588978873,390.1653803085935,102.04363609233337,26.873139485593473,2.6279205477878356,33.56285595042853,8.212251711836986,416,443,375,435,33.56285595042853,NEUTRAL,program,sonic_drive_three_laps.py,function,ec959a186dbd8278df967871b3a34262848e2c5ecc08c20aa12abb30068f0552,右壁追従 | target_deg=6.546,,174.32114467932533,244.85426587845086,215.1180948311686,53.078879239591096,49.6501676542887,0,84.25,46.514298441710764,2
84.3,787.5828108692829,389.88742411858175,101.83629381235647,26.868598402396202,2.6217389932169737,33.56623648808447,8.192934353803043,416,443,375,435,33.56623648808447,NEUTRAL,program,sonic_drive_three_laps.py,function,ec959a186dbd8278df967871b3a34262848e2c5ecc08c20aa12abb30068f0552,右壁追従 | target_deg=6.530,,174.73057251408696,242.15737067346237,215.0071798783239,55.98199736168501,51.59346712937825,0,84.3,46.27842257504034,2
84.35,788.8980112020631,389.6142974281137,101.6273435182971,26.863028854860993,2.6425497845731125,33.55485558656158,8.257968076790977,416,443,375,435,33.55485558656158,NEUTRAL,program,sonic_drive_three_laps.py,function,ec959a186dbd8278df967871b3a34262848e2c5ecc08c20aa12abb30068f0552,右壁追従 | target_deg=6.582,,173.3290222165953,241.82946572114358,214.40335169791163,55.532816584834116,47.74594177082132,0,84.35,46.047870267011604,2
84.4,790.2139263236866,389.34603666029665,101.417373780979,26.85739050613275,2.6559779932383147,33.54751203494779,8.299931228869733,416,443,375,435,33.54751203494779,NEUTRAL,program,sonic_drive_three_laps.py,function,ec959a186dbd8278df967871b3a34262848e2c5ecc08c20aa12abb30068f0552,右壁追従 | target_deg=6.615,,172.34837700469177,242.60944963005014,215.64217770637077,53.11969295549046,48.67693412615672,0,84.4,45.82256062001454,2
84.45,791.53051114877,389.08268306676604,101.2055565689426,26.850660191815514,2.6799408798700366,33.53440733132107,8.374815249593864,416,443,375,435,33.53440733132107,NEUTRAL,program,sonic_drive_three_laps.py,function,ec959a186dbd8278df967871b3a34262848e2c5ecc08c20aa12abb30068f0552,右壁追従 | target_deg=6.674,,169.0738207370756,240.0403824797263,217.22401892266953,57.15118361327228,48.00276444883686,0,84.45,45.602707156165195,2
84.5,792.8478212855407,388.82422918122495,100.99510616213718,26.847102166313746,2.663149599200413,33.54359006293727,8.32234249750129,416,443,375,435,33.54359006293727,NEUTRAL,program,sonic_drive_three_laps.py,function,ec959a186dbd8278df967871b3a34262848e2c5ecc08c20aa12abb30068f0552,右壁追従 | target_deg=6.633,,171.78839186560876,239.38848528780704,215.89151914486058,54.15227056316991,50.65337628165506,0,84.5,45.387642300365144,2
84.55,794.1658620754287,388.5706757061583,100.78299818947914,26.842238096490075,2.6845287492579213,33.531898340249576,8.389152341431004,416,443,375,435,33.531898340249576,NEUTRAL,program,sonic_drive_three_laps.py,function,ec959a186dbd8278df967871b3a34262848e2c5ecc08c20aa12abb30068f0552,右壁追従 | target_deg=6.686,,169.39692246822725,237.91578626398527,215.8106032470487,57.03827225943967,46.48859517460557,0,84.55,45.177990053298174,2
84.6,795.4845294950916,388.32209284672285,100.56817116236584,26.835019551162713,2.719526829290282,33.51275876523188,8.49852134153213,416,443,375,435,33.51275876523188,NEUTRAL,program,sonic_drive_three_laps.py,function,ec959a186dbd8278df967871b3a34262848e2c5ecc08c20aa12abb30068f0552,右壁追従 | target_deg=6.772,,169.34700661421243,237.19009190565478,219.0806455443822,54.29833412417897,46.590909544144814,0,84.6,44.974045013561806,2
84.65,796.8038615225016,388.0784865991899,100.35477640762622,26.83116135994162,2.701944057927329,33.52237434332099,8.443575181022902,416,443,375,435,33.52237434332099,NEUTRAL,program,sonic_drive_three_laps.py,function,ec959a186dbd8278df967871b3a34262848e2c5ecc08c20aa12abb30068f0552,右壁追従 | target_deg=6.729,,170.22938221036947,236.9241187540917,215.29661814522274,51.395073822864646,47.69079644447622,0,84.65,44.77495153847889,2
84.7,798.1239459521391,387.8398156511808,100.14192824763313,26.82882494187772,2.695328236315711,33.52599237076485,8.422900738486597,416,443,375,435,33.52599237076485,NEUTRAL,program,sonic_drive_three_laps.py,function,ec959a186dbd8278df967871b3a34262848e2c5ecc08c20aa12abb30068f0552,右壁追従 | target_deg=6.712,,166.32778790116654,237.6667517560574,215.18188188561277,54.49512062843146,47.200101813188205,0,84.7,44.58085005085417,2
84.75,799.4446675666384,387.6061401612901,99.92510016507237,26.82200271118783,2.7461658575702628,33.49819054664126,8.58176830490707,416,444,375,435,33.49819054664126,NEUTRAL,program,sonic_drive_three_laps.py,function,ec959a186dbd8278df967871b3a34262848e2c5ecc08c20aa12abb30068f0552,右壁追従 | target_deg=6.838,,166.44948494211752,235.98317796993075,219.45404743776058,55.25296971643014,44.159175296186184,0,84.75,44.39275205922826,2
84.8,800.7660297323494,387.37748553187475,99.70990840428459,26.81871125216454,2.7259487685351784,33.50924676720732,8.518589901672433,416,443,375,435,33.50924676720732,NEUTRAL,program,sonic_drive_three_laps.py,function,ec959a186dbd8278df967871b3a34262848e2c5ecc08c20aa12abb30068f0552,右壁追従 | target_deg=6.788,,166.9507645094301,232.9497629845631,216.76824626567793,52.80345605220413,47.85175943048655,0,84.8,44.2095046187913,3
84.85,802.0881030007922,387.1538177929485,99.49479214900003,26.81622767466417,2.7252781862518844,33.509613491893504,8.516494332037139,416,443,375,435,33.509613491893504,NEUTRAL,program,sonic_drive_three_laps.py,function,ec959a186dbd8278df967871b3a34262848e2c5ecc08c20aa12abb30068f0552,右壁追従 | target_deg=6.786,,164.1913776615678,231.41925485641218,215.5344914572091,55.27778499416749,45.25287615288567,0,84.85,44.03140039343606,3
84.9,803.4108633213185,386.9351513609946,99.27863607642558,26.812977319085956,2.7387319614023,33.50225595860812,8.558537379382187,416,443,375,435,33.50225595860812,NEUTRAL,program,sonic_drive_three_laps.py,function,ec959a186dbd8278df967871b3a34262848e2c5ecc08c20aa12abb30068f0552,右壁追従 | target_deg=6.820,,166.11387039402237,232.47874782147204,216.08514296689265,54.99187761894796,43.945935993169236,0,84.9,43.85869054683491,3
84.95,804.7342789720963,386.7215095440947,99.061896381893,26.809698562407107,2.746449403000658,33.49803548273401,8.582654384377056,416,444,375,435,33.49803548273401,NEUTRAL,program,sonic_drive_three_laps.py,function,ec959a186dbd8278df967871b3a34262848e2c5ecc08c20aa12abb30068f0552,右壁追従 | target_deg=6.839,,163.85144280301483,233.71516314229245,217.6306905686321,51.14002446107863,45.422068938469664,0,84.95,43.6913026902231,3
85.0,806.0583137757654,386.5129166669063,98.8440680893728,26.805763498370077,2.7606002841774,33.49029671959048,8.626875888054375,416,444,375,435,33.49029671959048,NEUTRAL,program,sonic_drive_three_laps.py,function,ec959a186dbd8278df967871b3a34262848e2c5ecc08c20aa12abb30068f0552,右壁追従 | target_deg=6.874,,161.1974655087166,229.50822631156674,217.75870158453895,53.9089179652976,44.20254381024364,0,85.0,43.52937025650016,3
85.05,807.3830435954883,386.30934590802997,98.62849696147748,26.805514187357915,2.732212062710232,33.505821528205345,8.538162695969476,416,443,375,435,33.505821528205345,NEUTRAL,program,sonic_drive_three_laps.py,function,ec959a186dbd8278df967871b3a34262848e2c5ecc08c20aa12abb30068f0552,右壁追従 | target_deg=6.804,,162.75623485111356,230.12619128457092,215.75342742937272,53.77149752315228,47.033677227461254,0,85.05,43.372147678576766,3
85.1,808.7085227591859,386.1107606915502,98.41302416552833,26.805442327744057,2.7309821202910944,33.50649415296581,8.53431912590967,416,443,375,435,33.50649415296581,NEUTRAL,program,sonic_drive_three_laps.py,function,ec959a186dbd8278df967871b3a34262848e2c5ecc08c20aa12abb30068f0552,右壁追従 | target_deg=6.801,,163.14856354399063,229.0845632777589,215.2875703131736,52.731197082388576,44.689724229314336,0,85.1,43.220059074286155,3
85.15,810.0347341142209,385.91716309137064,98.19749094485996,26.805310181830404,2.731757823054308,33.50606994051717,8.536743197044713,416,443,375,435,33.50606994051717,NEUTRAL,program,sonic_drive_three_laps.py,function,ec959a186dbd8278df967871b3a34262848e2c5ecc08c20aa12abb30068f0552,右壁追従 | target_deg=6.802,,157.65002796950665,227.78872365006518,215.1087121175154,54.55321885561331,44.31800982541912,0,85.15,43.07314007265438,3
85.2,811.3616241391143,385.7285728225448,97.9809958466962,26.803999143613275,2.744016755178406,33.49936583701181,8.575052359932519,416,444,375,435,33.49936583701181,NEUTRAL,program,sonic_drive_three_laps.py,function,ec959a186dbd8278df967871b3a34262848e2c5ecc08c20aa12abb30068f0552,右壁追従 | target_deg=6.833,,158.64065525093247,226.7429469521938,216.3208147952316,54.87814357995591,43.93731804274506,0,85.2,42.93160615669569,3
85.25,812.6891719808527,385.54500022181037,97.76481028402532,26.80336068273264,2.7401918159349092,33.5014576006606,8.563099424796592,416,443,375,435,33.5014576006606,NEUTRAL,program,sonic_drive_three_laps.py,function,ec959a186dbd8278df967871b3a34262848e2c5ecc08c20aa12abb30068f0552,右壁追従 | target_deg=6.823,,157.17145315356206,225.78958263388512,215.61796718496643,51.43079159880114,44.63131392172092,0,85.25,42.795191411754104,3
85.3,814.0173804039965,385.36643939290525,97.5487603204167,26.803030760385454,2.7385218110935043,33.50237088455824,8.557880659667202,416,443,375,435,33.50237088455824,NEUTRAL,program,sonic_drive_three_laps.py,function,ec959a186dbd8278df967871b3a34262848e2c5ecc08c20aa12abb30068f0552,右壁追従 | target_deg=6.819,,157.43441084918422,221.46768966190118,214.61775958625577,56.1246711040902,43.58036037340234,0,85.3,42.66392669138946,3
85.35,815.3461767799744,385.1929182851362,97.33100073754377,26.80062585799447,2.760321350081318,33.49044926167428,8.626004219004118,416,444,375,435,33.49044926167428,NEUTRAL,program,sonic_drive_three_laps.py,function,ec959a186dbd8278df967871b3a34262848e2c5ecc08c20aa12abb30068f0552,右壁追従 | target_deg=6.873,,156.60512507197342,224.30660447274792,217.03021064333126,51.581394794619946,42.94090365406141,0,85.35,42.538245043170775,3
85.4,816.6755036335995,385.02446892849974,97.11280629205055,26.798195691928413,2.766074505995063,33.48730300453395,8.643982831234572,416,444,375,435,33.48730300453395,NEUTRAL,program,sonic_drive_three_laps.py,function,ec959a186dbd8278df967871b3a34262848e2c5ecc08c20aa12abb30068f0552,右壁追従 | target_deg=6.887,,156.0069901450057,222.381505932878,216.07134379644856,55.654335146172016,42.77755078386946,0,85.4,42.417900257675626,3
85.45,818.0053368294496,384.861105282507,96.89404097255266,26.795574832735422,2.7735632713359903,33.48320758598813,8.66738522292497,416,444,375,435,33.48320758598813,NEUTRAL,program,sonic_drive_three_laps.py,function,ec959a186dbd8278df967871b3a34262848e2c5ecc08c20aa12abb30068f0552,右壁追従 | target_deg=6.906,,153.1921142536147,221.25034421332828,216.6554122976703,55.9113829600837,42.76863497646251,0,85.45,42.302936753724,3
85.5,819.335755097965,384.7027965017669,96.67759401265016,26.796432907537937,2.7442688096726253,33.49922799471028,8.575840030226955,416,444,375,435,33.49922799471028,NEUTRAL,program,sonic_drive_three_laps.py,function,ec959a186dbd8278df967871b3a34262848e2c5ecc08c20aa12abb30068f0552,右壁追従 | target_deg=6.833,,154.72127448894207,221.89737794956034,214.14802589934777,53.89190672742437,44.73996399757805,0,85.5,42.19268174671117,3
85.55,820.6667636871113,384.5495259949876,96.46017647724989,26.79588629217179,2.756554529095443,33.492509241900926,8.61423290342326,416,444,375,435,33.492509241900926,NEUTRAL,program,sonic_drive_three_laps.py,function,ec959a186dbd8278df967871b3a34262848e2c5ecc08c20aa12abb30068f0552,右壁追従 | target_deg=6.864,,154.21224606298745,219.54474795628684,216.68636961846443,54.50864425347574,43.51733373360606,0,85.55,42.08784657858689,3
85.6,821.9983485513559,384.4012978175771,96.24352422734341,26.796419104606624,2.7468558674375134,33.49781319749511,8.58392458574223,416,444,375,435,33.49781319749511,NEUTRAL,program,sonic_drive_three_laps.py,function,ec959a186dbd8278df967871b3a34262848e2c5ecc08c20aa12abb30068f0552,右壁追従 | target_deg=6.840,,154.2000739189068,215.90857980778677,217.3669871922685,52.01707191202945,46.38664598239515,0,85.6,41.98804814036822,3
85.65,823.3304520900651,384.2581271146843,96.02535488248964,26.79493133899175,2.766131670408599,33.4872717427453,8.644161470026871,416,444,375,435,33.4872717427453,NEUTRAL,program,sonic_drive_three_laps.py,function,ec959a186dbd8278df967871b3a34262848e2c5ecc08c20aa12abb30068f0552,右壁追従 | target_deg=6.887,,153.1094503535519,215.89581864086753,214.93561523767357,52.59371951685631,40.6648323733046,0,85.65,41.893811930661855,3
85.7,824.6565296951958,384.1220637181389,95.66765832107046,26.57292544011228,5.006131670408599,32.2622717427453,15.644161470026871,415,451,375,435,32.2622717427453,NEUTRAL,program,sonic_drive_three_laps.py,function,ec959a186dbd8278df967871b3a34262848e2c5ecc08c20aa12abb30068f0552,左回避 | target_deg=12.352,,148.93320489262345,219.28794900896918,217.21583007771397,54.558393456206126,44.13123325245145,0,85.7,41.83833618880499,3
85.75,825.9674309805382,383.9977953727508,95.13914263550521,26.180097513330722,7.246131670408599,31.037271742745297,22.644161470026873,413,458,375,435,31.037271742745297,NEUTRAL,program,sonic_drive_three_laps.py,function,ec959a186dbd8278df967871b3a34262848e2c5ecc08c20aa12abb30068f0552,左回避 | target_deg=17.634,,148.79926610540093,214.92156962409223,217.10546620303478,54.17836933235714,41.875253760907455,0,85.75,41.833947989744104,3
85.8,827.2560245714819,383.88948598928323,94.44645320150914,25.65494411841376,9.4861316704086,29.8122717427453,29.644161470026873,412,466,375,435,29.8122717427453,NEUTRAL,program,sonic_drive_three_laps.py,function,ec959a186dbd8278df967871b3a34262848e2c5ecc08c20aa12abb30068f0552,左回避 | target_deg=22.672,,150.61994634896345,213.1464401494001,218.01847757402786,54.251078071560066,43.48227073169727,0,85.8,41.88420050740473,3
85.85,828.5166744886496,383.80058758265307,93.59763496317265,25.027286206179568,11.726131670408598,28.587271742745298,36.64416147002687,410,473,375,435,28.587271742745298,NEUTRAL,program,sonic_drive_three_laps.py,function,ec959a186dbd8278df967871b3a34262848e2c5ecc08c20aa12abb30068f0552,左回避 | target_deg=27.425,,150.91336420485342,215.5994377184256,219.82482468717922,55.01172797907865,44.61589386096156,0,85.85,41.991803862926645,3
85.9,829.7448573588046,383.7338314254344,92.60161188472449,24.320224259193072,13.966131670408599,27.362271742745296,43.64416147002687,409,480,375,435,27.362271742745296,NEUTRAL,program,sonic_drive_three_laps.py,function,ec959a186dbd8278df967871b3a34262848e2c5ecc08c20aa12abb30068f0552,左回避 | target_deg=31.871,,150.55159942951227,213.70213105454053,213.82158846296494,57.97411314560467,41.323734327575906,0,85.9,42.1586632074642,3
85.95,830.9368780118848,383.6912436915226,91.46783601061043,23.55165282072308,16.2061316704086,26.1372717427453,50.64416147002687,407,488,375,435,26.1372717427453,NEUTRAL,program,sonic_drive_three_laps.py,function,ec959a186dbd8278df967871b3a34262848e2c5ecc08c20aa12abb30068f0552,左回避 | target_deg=36.002,,154.6853647804892,213.3204647770118,218.28537782061633,55.54436702036313,43.62527120372947,0,85.95,42.38590430112282,3
86.0,832.0896615688745,383.67417547416295,90.20605789029685,22.735433708499972,18.4461316704086,24.912271742745293,57.64416147002687,406,495,375,435,24.912271742745293,NEUTRAL,program,sonic_drive_three_laps.py,function,ec959a186dbd8278df967871b3a34262848e2c5ecc08c20aa12abb30068f0552,左回避 | target_deg=39.824,,157.67627103120017,213.7416806865365,215.52510402849398,58.886622927549254,43.75565677032831,0,86.0,42.6738908117905,3
86.05,833.20060457668,383.6833405997267,88.82618384748741,21.88230483228227,20.6861316704086,23.687271742745295,64.64416147002687,404,502,375,435,23.687271742745295,NEUTRAL,program,sonic_drive_three_laps.py,function,ec959a186dbd8278df967871b3a34262848e2c5ecc08c20aa12abb30068f0552,左回避 | target_deg=43.349,,160.56366816477484,211.13238013362195,212.75167275467143,60.81410270018112,43.94418562101207,0,86.05,42.44864177304561,3
86.1,834.2674713860682,383.71885721638944,87.3381955532343,21.00058419972416,22.926131670408598,22.4622717427453,71.64416147002687,403,510,375,435,22.4622717427453,NEUTRAL,program,sonic_drive_three_laps.py,function,ec959a186dbd8278df967871b3a34262848e2c5ecc08c20aa12abb30068f0552,左回避 | target_deg=46.598,,163.5847020994627,212.7507634021597,218.1327138781427,63.91278759782928,42.02896460249206,0,86.1,42.12947906626164,3
86.15,835.2883248909005,383.78029089550625,85.75211463794676,20.0967152670374,25.1661316704086,21.237271742745296,78.64416147002687,401,517,375,435,21.237271742745296,NEUTRAL,program,sonic_drive_three_laps.py,function,ec959a186dbd8278df967871b3a34262848e2c5ecc08c20aa12abb30068f0552,左回避 | target_deg=49.591,,170.2701140869359,209.89866551484124,214.56297344518032,63.45461625768943,44.99472882193752,0,86.15,41.82075812044758,3
86.2,836.2614830582978,383.8666981345793,84.07800040745019,19.175689389084745,27.406131670408598,20.0122717427453,85.64416147002687,400,524,375,435,20.0122717427453,NEUTRAL,program,sonic_drive_three_laps.py,function,ec959a186dbd8278df967871b3a34262848e2c5ecc08c20aa12abb30068f0552,左回避 | target_deg=52.351,,168.78646905554808,209.5816935275088,214.7510192147728,68.28310516106569,40.107032195429404,0,86.2,41.52562293607565,3
86.25,837.1854944868976,383.9766698612302,82.3259726702974,18.241373065854248,29.6461316704086,18.787271742745297,92.64416147002687,398,532,375,435,18.787271742745297,NEUTRAL,program,sonic_drive_three_laps.py,function,ec959a186dbd8278df967871b3a34262848e2c5ecc08c20aa12abb30068f0552,左回避 | target_deg=54.900,,180.86584250895402,213.64108520920882,217.56131814972852,69.64204777823521,44.04000351456308,0,86.25,41.2467142050873,3
86.3,838.059127632311,384.1083749400715,80.50625465078969,17.296761440462085,31.8861316704086,17.562271742745295,99.64416147002687,396,539,375,435,17.562271742745295,NEUTRAL,program,sonic_drive_three_laps.py,function,ec959a186dbd8278df967871b3a34262848e2c5ecc08c20aa12abb30068f0552,左回避 | target_deg=57.260,,183.01601568359146,211.919520384655,215.06939487516826,73.83119669454258,44.96025273942559,0,86.3,40.98617968199062,3
86.35,838.887707662658,384.26016087685264,78.73214009009735,16.55380120642247,32.0,17.5,100.0,396,540,375,435,17.5,NEUTRAL,program,sonic_drive_three_laps.py,function,ec959a186dbd8278df967871b3a34262848e2c5ecc08c20aa12abb30068f0552,左回避 | target_deg=57.375,,183.2322627599099,214.03833490330317,218.9432281501784,80.28900813398238,41.83145541496731,0,86.35,40.7673721519144,3
86.4,839.6799232643492,384.4303027170529,77.02561096885785,15.97827495853347,32.0,17.5,100.0,396,540,375,435,17.5,NEUTRAL,program,sonic_drive_three_laps.py,function,ec959a186dbd8278df967871b3a34262848e2c5ecc08c20aa12abb30068f0552,左回避 | target_deg=57.375,,179.2837631614653,213.59793724251023,216.6974709154937,84.78964547089608,47.735663194913634,0,86.4,40.59238062428619,3
86.45,840.4426699531964,384.6176721135582,75.37143618988054,15.5324496682508,32.0,17.5,100.0,396,540,375,435,17.5,NEUTRAL,program,sonic_drive_three_laps.py,function,ec959a186dbd8278df967871b3a34262848e2c5ecc08c20aa12abb30068f0552,左回避 | target_deg=57.375,,182.86296110894972,213.5600735083291,216.93705342299359,90.72309379216478,47.736129017389466,0,86.45,40.45611359934048,3
86.5,841.1812034386616,384.82158876106695,73.75781714562831,15.187095846101645,32.0,17.5,100.0,396,540,375,435,17.5,NEUTRAL,program,sonic_drive_three_laps.py,function,ec959a186dbd8278df967871b3a34262848e2c5ecc08c20aa12abb30068f0552,左回避 | target_deg=57.375,,184.7957889279671,208.42605138328133,221.61238557486232,92.29192355829618,47.76294069900996,0,86.5,40.354936142744464,3
86.55,841.8995019198609,385.04165100440287,72.17561417018737,14.919571178765235,32.0,17.5,100.0,396,540,375,435,17.5,NEUTRAL,program,sonic_drive_three_laps.py,function,ec959a186dbd8278df967871b3a34262848e2c5ecc08c20aa12abb30068f0552,左回避 | target_deg=57.375,,182.7548603881892,206.96108566365072,221.09510605320904,98.18356927568807,50.81247886446924,0,86.55,40.286251795314286,3
86.6,842.6005505678323,385.27762515407517,70.61774731850917,14.712336038907576,32.0,17.5,100.0,396,540,375,435,17.5,NEUTRAL,program,sonic_drive_three_laps.py,function,ec959a186dbd8278df967871b3a34262848e2c5ecc08c20aa12abb30068f0552,左回避 | target_deg=57.375,,184.95033538603786,209.0185189375393,222.54519728444973,101.80304279027449,49.63634393470925,0,86.6,40.248204811211,3
86.65,843.286564076978,385.5293734103066,69.07873218641922,14.55180354065455,32.0,17.5,100.0,396,540,375,435,17.5,NEUTRAL,program,sonic_drive_three_laps.py,function,ec959a186dbd8278df967871b3a34262848e2c5ecc08c20aa12abb30068f0552,左回避 | target_deg=57.375,,184.47093894935472,205.72812500001194,224.56778276003857,102.50157151499208,46.536954323362316,0,86.65,40.23946706505444,3
86.7,843.9591603247661,385.7968072663064,67.55432033852105,14.42744874728766,32.0,17.5,100.0,396,540,375,435,17.5,NEUTRAL,program,sonic_drive_three_laps.py,function,ec959a186dbd8278df967871b3a34262848e2c5ecc08c20aa12abb30068f0552,左回避 | target_deg=57.375,,185.5533232440558,205.3041085513366,226.36922693057517,101.24864978125268,50.61678660000426,0,86.7,40.25908496307352,3
86.75,844.6246886239068,386.0815685145485,66.13339558533909,14.511407132177078,29.76,18.5,93.0,398,532,375,435,18.5,NEUTRAL,program,sonic_drive_three_laps.py,function,ec959a186dbd8278df967871b3a34262848e2c5ecc08c20aa12abb30068f0552,右壁追従 | target_deg=55.024,,188.77164779290135,201.5415479937393,229.35277045700863,104.30815740151479,50.51654314589085,0,86.75,40.32214822959668,3
86.8,845.2914928297506,386.38588419676665,64.8212963216123,14.756733106305859,27.52,19.5,86.0,399,525,375,435,19.5,NEUTRAL,program,sonic_drive_three_laps.py,function,ec959a186dbd8278df967871b3a34262848e2c5ecc08c20aa12abb30068f0552,右壁追従 | target_deg=52.485,,188.7628785654292,203.3968573330455,232.56197269706317,106.19425176501025,54.92396230055968,0,86.8,40.429830468031696,3
86.85,845.9658650854221,386.7118190512736,63.60458722156986,15.127060768157367,25.28,20.5,79.0,400,517,375,435,20.5,NEUTRAL,program,sonic_drive_three_laps.py,function,ec959a186dbd8278df967871b3a34262848e2c5ecc08c20aa12abb30068f0552,右壁追従 | target_deg=49.736,,192.3490565379876,204.76073673312504,230.81420883275797,106.60489137369251,52.80431664730608,0,86.85,40.58045698075034,3
86.9,846.6525367684044,387.061209982212,62.47596066903833,15.594219658678673,23.04,21.5,72.0,401,510,375,435,21.5,NEUTRAL,program,sonic_drive_three_laps.py,function,ec959a186dbd8278df967871b3a34262848e2c5ecc08c20aa12abb30068f0552,右壁追従 | target_deg=46.756,,189.8261881000466,204.81909525985097,235.15172285197025,109.61322547763979,55.04526347946757,0,86.9,40.77334952500763,3
86.95,847.3550768042712,387.43560428750015,61.43253411483417,16.136387831206637,20.8,22.5,65.0,403,503,375,435,22.5,NEUTRAL,program,sonic_drive_three_laps.py,function,ec959a186dbd8278df967871b3a34262848e2c5ecc08c20aa12abb30068f0552,右壁追従 | target_deg=43.521,,194.08141461572987,202.20921173075146,239.1032544732763,108.31118878447991,54.896793262463,0,86.95,41.00835247336448,3
87.0,848.0762031086892,387.83622905964256,60.474636551003584,16.736661146718387,18.56,23.5,58.0,404,495,375,435,23.5,NEUTRAL,program,sonic_drive_three_laps.py,function,ec959a186dbd8278df967871b3a34262848e2c5ecc08c20aa12abb30068f0552,右壁追従 | target_deg=40.010,,197.8563139980838,200.2151455018282,239.25040969913903,111.36788178769604,57.82705105229549,0,87.0,41.285529632198745,3
87.05,848.8180274470451,388.2639767924202,59.60494594327639,17.381944993604996,16.32,24.5,51.0,405,488,375,435,24.5,NEUTRAL,program,sonic_drive_three_laps.py,function,ec959a186dbd8278df967871b3a34262848e2c5ecc08c20aa12abb30068f0552,右壁追従 | target_deg=36.204,,195.06809473753972,200.49463396999636,240.39035483037773,114.15363031458031,57.96183377809539,0,87.05,41.60497300436367,3
87.1,849.5822490535619,388.71939867563015,58.82787915699487,18.06209577017479,14.08,25.5,44.0,406,481,375,435,25.5,NEUTRAL,program,sonic_drive_three_laps.py,function,ec959a186dbd8278df967871b3a34262848e2c5ecc08c20aa12abb30068f0552,右壁追従 | target_deg=32.089,,198.0236409340148,201.39821590587945,244.56615408631694,115.54965132572386,60.2099130269331,0,87.1,41.966686062917006,3
87.15,850.3703085807173,389.2027006146708,58.14916405049621,18.769255843200288,11.84,26.5,37.0,408,473,375,435,26.5,NEUTRAL,program,sonic_drive_three_laps.py,function,ec959a186dbd8278df967871b3a34262848e2c5ecc08c20aa12abb30068f0552,右壁追従 | target_deg=27.659,,195.04264199660292,197.8859906433871,242.6100304329983,116.88252306492917,62.5188723877226,0,87.15,42.37051723977271,3
87.2,851.1835110858405,389.71373896437575,57.575543438223036,19.497338380625738,9.6,27.5,30.0,409,466,375,435,27.5,NEUTRAL,program,sonic_drive_three_laps.py,function,ec959a186dbd8278df967871b3a34262848e2c5ecc08c20aa12abb30068f0552,右壁追従 | target_deg=22.921,,198.97630001304094,200.2698920185733,244.41158529477732,114.74383664022687,63.42965263964614,0,87.2,42.81612760570761,3
87.25,852.0231245758623,390.25201402802765,57.11457493543688,20.241628282700063,7.36,28.5,23.0,410,459,375,435,28.5,NEUTRAL,program,sonic_drive_three_laps.py,function,ec959a186dbd8278df967871b3a34262848e2c5ecc08c20aa12abb30068f0552,右壁追従 | target_deg=17.896,,196.05779706787595,200.97091842513532,246.16572809910505,113.18397547183402,65.35210289685165,0,87.25,43.30298203277101,3
87.3,852.8904589440809,390.81665993539013,56.77450095813205,20.998473047520974,5.12,29.5,16.0,411,451,375,435,29.5,NEUTRAL,program,sonic_drive_three_laps.py,function,ec959a186dbd8278df967871b3a34262848e2c5ecc08c20aa12abb30068f0552,右壁追従 | target_deg=12.626,,195.4002507043643,198.21734912128497,244.74050984396095,116.66192554608568,68.48565045451274,0,87.3,43.83035661097159,3
87.35,853.7869284094135,391.40643040047723,56.56401721005409,21.765043303314684,2.8848039711043,30.5,9.015012409700937,413,444,375,435,30.5,NEUTRAL,program,sonic_drive_three_laps.py,function,ec959a186dbd8278df967871b3a34262848e2c5ecc08c20aa12abb30068f0552,右壁追従 | target_deg=7.180,,190.46065624552617,198.71056661397887,247.4688615250161,116.57347772187414,65.49455493937822,0,87.35,44.39734149740838,3
87.4,854.7135787412291,392.02046581212164,56.37590180940228,22.53914730731187,2.8744081005367157,31.5,8.982525314177236,414,444,375,435,31.5,NEUTRAL,program,sonic_drive_three_laps.py,function,ec959a186dbd8278df967871b3a34262848e2c5ecc08c20aa12abb30068f0552,右壁追従 | target_deg=7.155,,191.9502394992538,198.35052787415847,249.30557820654403,119.23500750649559,70.40341046107395,0,87.4,44.99119617338175,3
87.45,855.6705092840278,392.65918282989,56.18070453984461,23.319087249273757,2.881809375702431,32.5,9.005654299070097,415,444,375,435,32.5,NEUTRAL,program,sonic_drive_three_laps.py,function,ec959a186dbd8278df967871b3a34262848e2c5ecc08c20aa12abb30068f0552,右壁追従 | target_deg=7.173,,191.86914302740277,197.73211952794645,246.84461592935983,117.41850726580556,66.19875499646226,0,87.45,45.60915596502076,3
87.5,856.6574990843782,393.3228724789814,55.98250806074776,24.09490284011424,2.830539827349389,33.4520485319183,8.84543696046684,416,444,375,435,33.4520485319183,NEUTRAL,program,sonic_drive_three_laps.py,function,ec959a186dbd8278df967871b3a34262848e2c5ecc08c20aa12abb30068f0552,右壁追従 | target_deg=7.046,,190.95037580445023,195.976281357375,244.83880661712706,117.75996936694055,71.62066538251828,0,87.5,46.25196064810797,3
87.55,857.6699695045194,394.008843013688,55.780518845223696,24.698346365543227,2.8055262085587604,33.46572785469443,8.767269401746127,416,444,375,435,33.46572785469443,NEUTRAL,program,sonic_drive_three_laps.py,function,ec959a186dbd8278df967871b3a34262848e2c5ecc08c20aa12abb30068f0552,右壁追従 | target_deg=6.985,,190.72899570100967,194.66088138992376,246.34700541750908,117.15178906390454,72.80220298973147,0,87.55,46.916845032621325,3
87.6,858.7015957172636,394.71314142782046,55.57622888788279,25.16849854730807,2.778130685052842,33.48070978161173,8.681658390790131,416,444,375,435,33.48070978161173,NEUTRAL,program,sonic_drive_three_laps.py,function,ec959a186dbd8278df967871b3a34262848e2c5ecc08c20aa12abb30068f0552,右壁追従 | target_deg=6.917,,188.67119383872358,192.9209968821971,243.2170295199974,117.00746548165468,71.5559068423993,0,87.6,47.60002117525681,3
87.65,859.7474781193752,395.4326760447979,55.37024287196297,25.534851771635836,2.756275334803785,33.492661926279176,8.613360421261829,416,444,375,435,33.492661926279176,NEUTRAL,program,sonic_drive_three_laps.py,function,ec959a186dbd8278df967871b3a34262848e2c5ecc08c20aa12abb30068f0552,右壁追従 | target_deg=6.863,,186.25748731477398,191.52435907972855,245.19766010947038,116.94077306895849,74.50369182301402,0,87.65,48.29846620778909,3
87.7,860.80385855904,396.16504101011617,55.164346252385855,25.822122306377107,2.7209906448745755,33.511958241084216,8.503095765233049,416,443,375,435,33.511958241084216,NEUTRAL,program,sonic_drive_three_laps.py,function,ec959a186dbd8278df967871b3a34262848e2c5ecc08c20aa12abb30068f0552,右壁追従 | target_deg=6.776,,182.80404130591688,192.3575298696957,242.35928259472644,120.77113153274685,74.8373078468837,0,87.7,49.00995978570825,3
87.75,861.8677106479371,396.90830550401535,54.95519745609914,26.043013563631867,2.7376223636711785,33.50286276986733,8.555069886472433,416,443,375,435,33.50286276986733,NEUTRAL,program,sonic_drive_three_laps.py,function,ec959a186dbd8278df967871b3a34262848e2c5ecc08c20aa12abb30068f0552,右壁追従 | target_deg=6.817,,183.55760505727199,191.7617190927872,244.64720620304556,119.73956805432309,72.34858732227492,0,87.75,49.73223747885646,3
87.8,862.9367725796174,397.6610029910513,54.74812966462588,26.21878222387995,2.690382820084291,33.52869689526641,8.40744631276341,416,443,375,435,33.52869689526641,NEUTRAL,program,sonic_drive_three_laps.py,function,ec959a186dbd8278df967871b3a34262848e2c5ecc08c20aa12abb30068f0552,右壁追従 | target_deg=6.700,,184.60282433603638,191.20445564820955,241.93802717215348,121.97923494689532,77.18960217912235,0,87.8,50.46436997536017,3
87.85,864.0092947191087,398.42196475854325,54.539949232274466,26.35505440422453,2.6892178956719346,33.52933396330441,8.403805923974796,416,443,375,435,33.52933396330441,NEUTRAL,program,sonic_drive_three_laps.py,function,ec959a186dbd8278df967871b3a34262848e2c5ecc08c20aa12abb30068f0552,右壁追従 | target_deg=6.697,,181.13463615936595,189.06332173814434,245.0936058177165,119.90584682963365,77.10134350265072,0,87.85,51.204870162676514,3
87.9,865.0839691561737,399.1902993264868,54.33458287818564,26.46538738149941,2.640826314289392,33.55579810937299,8.25258223215435,416,443,375,435,33.55579810937299,NEUTRAL,program,sonic_drive_three_laps.py,function,ec959a186dbd8278df967871b3a34262848e2c5ecc08c20aa12abb30068f0552,右壁追従 | target_deg=6.578,,180.78808530210648,188.58317492230586,242.5736417835841,123.09307258556618,81.00542693423164,0,87.9,51.95323015917154,3
87.95,866.1596897895198,399.9652546379052,54.127028388815546,26.549018967682052,2.659454811985885,33.54561064969522,8.31079628745589,416,443,375,435,33.54561064969522,NEUTRAL,program,sonic_drive_three_laps.py,function,ec959a186dbd8278df967871b3a34262848e2c5ecc08c20aa12abb30068f0552,右壁追従 | target_deg=6.624,,179.43317578713632,188.4947040566767,245.78872161768876,119.88421976951781,78.23183816405816,0,87.95,52.708210676621206,3
88.0,867.2355626376699,400.7462453858418,53.92015495549984,26.6153809412457,2.6434534945346924,33.554361370176345,8.260792170420913,416,443,375,435,33.554361370176345,NEUTRAL,program,sonic_drive_three_laps.py,function,ec959a186dbd8278df967871b3a34262848e2c5ecc08c20aa12abb30068f0552,右壁追従 | target_deg=6.584,,178.58369625316584,186.23077307837949,241.8834635606223,120.29575627590378,77.81946236020828,0,88.0,53.46950511235292,3
88.05,868.3110230443563,401.5328482918544,53.71559485843375,26.67027195361243,2.608112907131231,33.57368825391261,8.150352834785096,416,443,375,435,33.57368825391261,NEUTRAL,program,sonic_drive_three_laps.py,function,ec959a186dbd8278df967871b3a34262848e2c5ecc08c20aa12abb30068f0552,右壁追従 | target_deg=6.497,,176.5065219323869,185.8974148440079,242.11216379629374,118.02725479260894,81.6490713929782,0,88.05,54.236841244783875,3
88.1,869.3855550836879,402.32468898030896,53.51015586380706,26.71214369473051,2.614695353767308,33.5700884784085,8.170922980522837,416,443,375,435,33.5700884784085,NEUTRAL,program,sonic_drive_three_laps.py,function,ec959a186dbd8278df967871b3a34262848e2c5ecc08c20aa12abb30068f0552,右壁追従 | target_deg=6.513,,175.02229120205865,186.79799986710546,244.9256932329312,119.32992625298742,81.0334013964408,0,88.1,55.009542081430425,3
88.15,870.4588459186572,403.1215130503961,53.30856685040354,26.749775324718996,2.5619937330404157,33.59890967724352,8.006230415751299,416,443,375,435,33.59890967724352,NEUTRAL,program,sonic_drive_three_laps.py,function,ec959a186dbd8278df967871b3a34262848e2c5ecc08c20aa12abb30068f0552,右壁追従 | target_deg=6.383,,174.71781524229388,185.25710970044224,242.25294138451915,118.37746527600969,85.92201764381828,0,88.15,55.7877895039137,3
88.2,871.5306046933466,403.92307642078197,53.1061482319499,26.778191566329312,2.5694454141230163,33.59483453915148,8.029516919134426,416,443,375,435,33.59483453915148,NEUTRAL,program,sonic_drive_three_laps.py,function,ec959a186dbd8278df967871b3a34262848e2c5ecc08c20aa12abb30068f0552,右壁追従 | target_deg=6.401,,172.7549997544557,184.0709289378962,241.09649020792324,119.6577821120141,79.96974844359397,0,88.2,56.570903846948966,3
88.25,872.600686249399,404.72922734236613,52.908426673993546,26.80633544524353,2.5072564362420406,33.62884413643013,7.835176363256378,417,443,375,435,33.62884413643013,NEUTRAL,program,sonic_drive_three_laps.py,function,ec959a186dbd8278df967871b3a34262848e2c5ecc08c20aa12abb30068f0552,右壁追従 | target_deg=6.247,,168.61312700540032,185.4326184498058,239.45231872724656,122.07304603796862,87.22541595347398,0,88.25,57.359231491103,3
88.3,873.6690308923421,405.5398333883272,52.71278660861782,26.830972999669996,2.478490374464397,33.64457557646478,7.745282420201241,417,443,375,435,33.64457557646478,NEUTRAL,program,sonic_drive_three_laps.py,function,ec959a186dbd8278df967871b3a34262848e2c5ecc08c20aa12abb30068f0552,右壁追従 | target_deg=6.176,,170.88846448246116,181.3192961150656,241.4751810354532,122.16381202796875,88.64023488545305,0,88.3,58.15239435450616,3
88.35,874.73540128501,406.35471380239454,52.51579109973389,26.848553859307472,2.493748306480935,33.63623139489324,7.792963457752922,417,443,375,435,33.63623139489324,NEUTRAL,program,sonic_drive_three_laps.py,function,ec959a186dbd8278df967871b3a34262848e2c5ecc08c20aa12abb30068f0552,右壁追従 | target_deg=6.214,,169.58268841418322,183.41211912642524,245.84470951711657,121.38868788993919,88.88711016786537,0,88.35,58.9499043799143,3
88.4,875.799729968387,407.17378139279407,52.32313654719343,26.86774997784686,2.4371807633316234,33.667166770053015,7.616189885411322,417,442,375,435,33.667166770053015,NEUTRAL,program,sonic_drive_three_laps.py,function,ec959a186dbd8278df967871b3a34262848e2c5ecc08c20aa12abb30068f0552,右壁追従 | target_deg=6.074,,165.22993568172387,177.04823849906919,239.67194133208466,120.65298236730642,91.42011357265932,0,88.4,59.752172486548545,3
88.45,876.861965195286,407.99693662680824,52.130689117802575,26.88302820129952,2.4330410692919626,33.66943066523096,7.603253341537384,417,442,375,435,33.66943066523096,NEUTRAL,program,sonic_drive_three_laps.py,function,ec959a186dbd8278df967871b3a34262848e2c5ecc08c20aa12abb30068f0552,右壁追従 | target_deg=6.064,,166.69755206627192,178.14858260435446,240.85453081890185,122.84297651335518,89.0874565964284,0,88.45,60.55873222734141,3
88.5,877.922015347236,408.82408696730954,51.93993496461218,26.897099982919993,2.410355720380976,33.68183671541665,7.53236162619055,417,442,375,435,33.68183671541665,NEUTRAL,program,sonic_drive_three_laps.py,function,ec959a186dbd8278df967871b3a34262848e2c5ecc08c20aa12abb30068f0552,右壁追従 | target_deg=6.007,,163.00624991004895,173.04427075288754,239.14821116822574,121.72784888765786,90.13396558181417,0,88.5,61.36961666075325,3
88.55,878.9798985621924,409.6551822840294,51.752218417099925,26.911906587576713,2.370738724700109,33.70350225992963,7.40855851468784,417,442,375,435,33.70350225992963,NEUTRAL,program,sonic_drive_three_laps.py,function,ec959a186dbd8278df967871b3a34262848e2c5ecc08c20aa12abb30068f0552,右壁追従 | target_deg=5.909,,164.56116149046642,176.01450120196074,237.88456278829216,122.15330704251618,92.56519066170098,0,88.55,62.18488368236399,3
88.6,880.0356542764157,410.49017515256196,51.567125824986874,26.9267669535457,2.3363497842112495,33.722308711759474,7.301093075660154,417,442,375,435,33.722308711759474,NEUTRAL,program,sonic_drive_three_laps.py,function,ec959a186dbd8278df967871b3a34262848e2c5ecc08c20aa12abb30068f0552,右壁追従 | target_deg=5.824,,161.01415147669974,175.53098719884596,237.8354015759516,122.04554774005356,94.28900080305557,0,88.6,63.00444313466687,3
88.65,881.0892110211788,411.3289758127716,51.382011256909095,26.93836117193758,2.335510049709338,33.7227679415652,7.298468905341682,417,442,375,435,33.7227679415652,NEUTRAL,program,sonic_drive_three_laps.py,function,ec959a186dbd8278df967871b3a34262848e2c5ecc08c20aa12abb30068f0552,右壁追従 | target_deg=5.822,,160.85371624919924,176.11876285831386,237.1378362235975,124.38453756267724,91.22890574214027,0,88.65,63.8279811432331,3
88.7,882.1403925950165,412.17147025248886,51.1954709297556,26.94564830887177,2.3526934400129766,33.7133707749929,7.352167000040552,417,442,375,435,33.7133707749929,NEUTRAL,program,sonic_drive_three_laps.py,function,ec959a186dbd8278df967871b3a34262848e2c5ecc08c20aa12abb30068f0552,右壁追従 | target_deg=5.864,,159.23570556092108,172.93362852257866,238.72210264966617,124.762347562904,90.44182985949486,0,88.7,64.65527014587633,3
88.75,883.1891281260507,413.0176035110258,51.01046137814782,26.953258433515238,2.332761232635912,33.72427120090224,7.289878851987225,417,442,375,435,33.72427120090224,NEUTRAL,program,sonic_drive_three_laps.py,function,ec959a186dbd8278df967871b3a34262848e2c5ecc08c20aa12abb30068f0552,右壁追従 | target_deg=5.815,,157.4546648390169,172.60266901571953,236.60412943030875,122.87704032558138,92.24135660750623,0,88.75,65.48649618851414,3
88.8,884.2354440859962,413.8673516247072,50.82713140100623,26.96130576418789,2.310932311318501,33.736208892247696,7.221663472870316,417,442,375,435,33.736208892247696,NEUTRAL,program,sonic_drive_three_laps.py,function,ec959a186dbd8278df967871b3a34262848e2c5ecc08c20aa12abb30068f0552,右壁追従 | target_deg=5.761,,156.71348159519758,171.2464183648462,234.77724093415642,122.33812675160024,91.91530914974427,0,88.8,66.32164295562262,3
88.85,885.2793258846298,414.7206723185938,50.64433771981811,26.968267552499636,2.3035484976112333,33.74024691536886,7.198589055035104,417,442,375,435,33.74024691536886,NEUTRAL,program,sonic_drive_three_laps.py,function,ec959a186dbd8278df967871b3a34262848e2c5ecc08c20aa12abb30068f0552,右壁追従 | target_deg=5.743,,156.33523383348887,170.99185555597336,239.28019010489567,127.3074130999183,95.83992700638404,0,88.85,67.16057418063957,3
88.9,886.3207442570813,415.5775235861909,50.46238846171801,26.974764428913176,2.2923511953678526,33.74637044003321,7.16359748552454,417,442,375,435,33.74637044003321,NEUTRAL,program,sonic_drive_three_laps.py,function,ec959a186dbd8278df967871b3a34262848e2c5ecc08c20aa12abb30068f0552,右壁追従 | target_deg=5.715,,153.35166040129405,169.97379627715858,235.3318174144597,123.31720721623462,92.86589666871174,0,88.9,68.00327034535036,3
88.95,887.3595831460927,416.43782871228314,50.278510086236935,26.9774388600325,2.3162702434516533,33.733289710612375,7.238344510786416,417,442,375,435,33.733289710612375,NEUTRAL,program,sonic_drive_three_laps.py,function,ec959a186dbd8278df967871b3a34262848e2c5ecc08c20aa12abb30068f0552,右壁追従 | target_deg=5.774,,153.84321706826,167.7415545461286,236.28513435343922,124.3038929345385,89.7964503390289,0,88.95,68.84944061270926,3
89.0,888.3958473453005,417.30158000684366,50.097440595039785,26.983032393774792,2.280550336112477,33.75282403493849,7.1267198003514896,417,442,375,435,33.75282403493849,NEUTRAL,program,sonic_drive_three_laps.py,function,ec959a186dbd8278df967871b3a34262848e2c5ecc08c20aa12abb30068f0552,右壁追従 | target_deg=5.686,,150.11306393972606,163.1817841553995,233.91267300622476,124.79009172215056,93.94954633778308,0,89.0,69.69944042895611,3
89.05,889.4296206617188,418.16878205436086,49.91796201799602,26.989388847969114,2.260027215420726,33.76404761656679,7.062585048189769,417,442,375,435,33.76404761656679,NEUTRAL,program,sonic_drive_three_laps.py,function,ec959a186dbd8278df967871b3a34262848e2c5ecc08c20aa12abb30068f0552,右壁追従 | target_deg=5.635,,151.51301935277203,164.51545622690858,233.67299794109329,123.64891247776845,93.89863762283103,0,89.05,70.55317594439941,3
89.1,890.4549014791055,419.0361370961722,49.59781511959477,26.773459390583497,4.500027215420726,32.53904761656679,14.062585048189769,415,449,375,435,32.53904761656679,NEUTRAL,program,sonic_drive_three_laps.py,function,ec959a186dbd8278df967871b3a34262848e2c5ecc08c20aa12abb30068f0552,左回避 | target_deg=11.131,,146.32234157695834,166.2842365889142,234.2924576010777,123.2102276888954,91.84477854085685,0,89.1,71.39691600776149,3
89.15,891.4618633637149,419.9003232650026,49.1052425796463,26.385338514614684,6.740027215420725,31.314047616566793,21.062585048189767,414,457,375,435,31.314047616566793,NEUTRAL,program,sonic_drive_three_laps.py,function,ec959a186dbd8278df967871b3a34262848e2c5ecc08c20aa12abb30068f0552,左回避 | target_deg=16.460,,148.3658751157691,160.31920086671366,235.13223491656422,122.76850926419631,89.19297685949566,0,89.15,72.2257864128594,3
89.2,892.4424611570668,420.75914046564077,48.446730361150884,25.863831386575495,8.980027215420726,30.08904761656679,28.062585048189767,412,464,375,435,30.08904761656679,NEUTRAL,program,sonic_drive_three_laps.py,function,ec959a186dbd8278df967871b3a34262848e2c5ecc08c20aa12abb30068f0552,左回避 | target_deg=21.557,,145.63004667053266,161.84327503056227,237.15856826216066,121.64238504002275,91.22430792678072,0,89.2,73.03932183227437,3
89.25,893.3902052606431,421.6109910566132,47.63021663890552,25.238998016219618,11.220027215420725,28.86404761656679,35.06258504818977,411,471,375,435,28.86404761656679,NEUTRAL,program,sonic_drive_three_laps.py,function,ec959a186dbd8278df967871b3a34262848e2c5ecc08c20aa12abb30068f0552,左回避 | target_deg=26.378,,145.13236613500462,160.5276655435121,234.80493703639166,119.89156442342582,92.64738774099078,0,89.25,73.83810267939975,3
89.3,894.2999022367949,422.4545901198695,46.664554788492325,24.534124070575263,13.460027215420725,27.639047616566792,42.06258504818977,409,479,375,435,27.639047616566792,NEUTRAL,program,sonic_drive_three_laps.py,function,ec959a186dbd8278df967871b3a34262848e2c5ecc08c20aa12abb30068f0552,左回避 | target_deg=30.894,,140.3535185271888,161.9228346244587,239.33698198722644,116.99194877433882,92.19790263926146,0,89.3,74.62334838278309,3
89.35,895.1674455266502,423.2887655311182,45.5591502728397,23.76724754408726,15.700027215420725,26.41404761656679,49.06258504818977,408,486,375,435,26.41404761656679,NEUTRAL,program,sonic_drive_three_laps.py,function,ec959a186dbd8278df967871b3a34262848e2c5ecc08c20aa12abb30068f0552,左回避 | target_deg=35.096,,144.02663553780215,161.52852468283695,237.883983471524,120.21644354815193,89.00588976263973,0,89.35,75.39661312006052,3
89.4,895.9896486932606,424.1123245952606,44.323721994329674,22.95234137741468,17.940027215420727,25.18904761656679,56.06258504818977,406,493,375,435,25.18904761656679,NEUTRAL,program,sonic_drive_three_laps.py,function,ec959a186dbd8278df967871b3a34262848e2c5ecc08c20aa12abb30068f0552,左回避 | target_deg=38.987,,140.38229342773306,161.23828143587448,239.2814856027538,118.06926928774665,93.56114402494849,0,89.4,76.15956004404757,3
89.45,896.7641140272592,424.9239697581346,42.96815271514046,22.100229560511533,20.180027215420726,23.96404761656679,63.06258504818977,404,501,375,435,23.96404761656679,NEUTRAL,program,sonic_drive_three_laps.py,function,ec959a186dbd8278df967871b3a34262848e2c5ecc08c20aa12abb30068f0552,左回避 | target_deg=42.578,,140.76295047181907,160.15993281269917,247.36060615926692,118.2021917612374,88.93045324055203,0,89.45,76.91379497905757,3
89.5,897.4891299550846,425.72225038257,41.50240335268359,21.219296782140447,22.420027215420724,22.73904761656679,70.06258504818976,403,508,375,435,22.73904761656679,NEUTRAL,program,sonic_drive_three_laps.py,function,ec959a186dbd8278df967871b3a34262848e2c5ecc08c20aa12abb30068f0552,左回避 | target_deg=45.887,,138.01284104960794,163.10070620673403,247.4548585873191,116.26640530251119,93.37631523249465,0,89.5,77.66074478784742,3
89.55,898.1635913953979,426.5055409707623,39.93647339299238,20.316038152325056,24.660027215420723,21.514047616566792,77.06258504818976,401,515,375,435,21.514047616566792,NEUTRAL,program,sonic_drive_three_laps.py,function,ec959a186dbd8278df967871b3a34262848e2c5ecc08c20aa12abb30068f0552,左回避 | target_deg=48.936,,138.23821272614805,162.50210875700725,250.0,113.76524253176122,95.31195389255889,0,89.55,78.40156906267572,3
89.6,898.7869379473266,427.27203873478214,38.28039510801065,19.3954850390044,26.900027215420725,20.289047616566794,84.06258504818976,400,523,375,435,20.289047616566794,NEUTRAL,program,sonic_drive_three_laps.py,function,ec959a186dbd8278df967871b3a34262848e2c5ecc08c20aa12abb30068f0552,左回避 | target_deg=51.746,,141.44293750215883,164.18333989069924,250.0,115.30485511668697,92.10852181563696,0,89.6,79.13709652766471,3
89.65,899.3591055130264,428.0197752561296,36.54425328160369,18.461534937870752,29.140027215420723,19.064047616566793,91.06258504818976,398,530,375,435,19.064047616566793,NEUTRAL,program,sonic_drive_three_laps.py,function,ec959a186dbd8278df967871b3a34262848e2c5ecc08c20aa12abb30068f0552,左回避 | target_deg=54.341,,140.25390627100057,165.81729972184937,250.0,117.52573824705222,97.3640789025372,0,89.65,79.86777964625009,3
89.7,899.8804876252975,428.74663829796526,34.738225164718756,17.51720700253311,31.380027215420725,17.83904761656679,98.06258504818976,397,537,375,435,17.83904761656679,NEUTRAL,program,sonic_drive_three_laps.py,function,ec959a186dbd8278df967871b3a34262848e2c5ecc08c20aa12abb30068f0552,左回避 | target_deg=56.742,,139.07376125240606,163.91971946825143,248.20652147835372,113.59383102884098,95.96708142968858,0,89.7,80.59366251014228,3
89.75,900.3548978323716,429.45420421309154,32.94405716172173,16.724567017820878,32.0,17.5,100.0,396,540,375,435,17.5,NEUTRAL,program,sonic_drive_three_laps.py,function,ec959a186dbd8278df967871b3a34262848e2c5ecc08c20aa12abb30068f0552,左回避 | target_deg=57.375,,138.23417538331907,164.82662384912143,248.92390775220352,115.07022335969697,97.73052134717842,0,89.75,81.3171778759646,3
89.8,900.7891935014657,430.1469866835205,31.221993854561987,16.110556879151854,32.0,17.5,100.0,396,540,375,435,17.5,NEUTRAL,program,sonic_drive_three_laps.py,function,ec959a186dbd8278df967871b3a34262848e2c5ecc08c20aa12abb30068f0552,左回避 | target_deg=57.375,,140.05736399013878,165.45088308348502,249.72153050665108,115.50960640515456,97.06336965227334,0,89.8,82.04111870138081,3
89.85,901.1894029801234,430.8294303851869,29.555785683584674,15.634920451946863,32.0,17.5,100.0,396,540,375,435,17.5,NEUTRAL,program,sonic_drive_three_laps.py,function,ec959a186dbd8278df967871b3a34262848e2c5ecc08c20aa12abb30068f0552,左回避 | target_deg=57.375,,141.02409960390025,169.08047792227313,250.0,118.30000053951994,98.53342321094487,0,89.85,82.76846121856704,3
89.9,901.5599829621743,431.5050674496871,27.93284510013035,15.266473749462884,32.0,17.5,100.0,396,540,375,435,17.5,NEUTRAL,program,sonic_drive_three_laps.py,function,ec959a186dbd8278df967871b3a34262848e2c5ecc08c20aa12abb30068f0552,左回避 | target_deg=57.375,,141.03829278988766,166.28067326098827,250.0,117.14531274667871,102.76922712410891,0,89.9,83.50174246023624,3
89.95,901.9042209664389,432.17666490745694,26.34342129343122,14.981060427844417,32.0,17.5,100.0,396,540,375,435,17.5,NEUTRAL,program,sonic_drive_three_laps.py,function,ec959a186dbd8278df967871b3a34262848e2c5ecc08c20aa12abb30068f0552,左回避 | target_deg=57.375,,143.0901556323356,170.91309760559486,249.24714533832116,117.32306257586991,103.89292476711766,0,89.95,84.24305478423787,3
90.0,902.2245337030902,432.84635789118414,24.779960901573844,14.759968032097358,32.0,17.5,100.0,396,540,375,435,17.5,NEUTRAL,program,sonic_drive_three_laps.py,function,ec959a186dbd8278df967871b3a34262848e2c5ecc08c20aa12abb30068f0552,左回避 | target_deg=57.375,,142.92072724645914,168.53233131193446,248.19626551120157,120.59998301078456,107.99147324382028,0,90.0,84.99407450007277,3
90.05,902.5226890121626,433.5157650993102,23.236612793041473,14.588701157867437,32.0,17.5,100.0,396,540,375,435,17.5,NEUTRAL,program,sonic_drive_three_laps.py,function,ec959a186dbd8278df967871b3a34262848e2c5ecc08c20aa12abb30068f0552,左回避 | target_deg=57.375,,144.82633349646534,169.14442192320533,250.0,120.8118967967405,107.86760997090863,0,90.05,85.7561055643472,3
90.1,902.7999714326611,434.1860863293108,21.70884445100026,14.45603109425274,32.0,17.5,100.0,396,540,375,435,17.5,NEUTRAL,program,sonic_drive_three_laps.py,function,ec959a186dbd8278df967871b3a34262848e2c5ecc08c20aa12abb30068f0552,左回避 | target_deg=57.375,,142.51789319008842,174.2128820673964,250.0,118.24849096967658,110.88892926791256,0,90.1,86.53012776291223,3
90.15,903.0573060143616,434.85818346444177,20.19314480946383,14.35325963971041,32.0,17.5,100.0,396,540,375,435,17.5,NEUTRAL,program,sonic_drive_three_laps.py,function,ec959a186dbd8278df967871b3a34262848e2c5ecc08c20aa12abb30068f0552,左回避 | target_deg=57.375,,144.82596318500944,171.24223308523077,250.0,119.42311354739003,114.05143486608905,0,90.15,87.31684375265166,3
90.2,903.29535107701,435.53264692801616,18.686794058487408,14.273648824874135,32.0,17.5,100.0,396,540,375,435,17.5,NEUTRAL,program,sonic_drive_three_laps.py,function,ec959a186dbd8278df967871b3a34262848e2c5ecc08c20aa12abb30068f0552,左回避 | target_deg=57.375,,143.52044701975672,173.13687665669343,250.0,124.23166015024924,112.10115728808566,0,90.2,88.11672220868826,3
90.25,903.5145678016141,436.20984975370317,17.1876853262078,14.211979153396586,32.0,17.5,100.0,396,540,375,435,17.5,NEUTRAL,program,sonic_drive_three_laps.py,function,ec959a186dbd8278df967871b3a34262848e2c5ecc08c20aa12abb30068f0552,左回避 | target_deg=57.375,,143.2179522249168,177.67737212330653,248.99279521852725,122.57345363706384,116.44533495568503,0,90.25,88.9300359577797,3
90.3,903.7152724900378,436.8899913093842,15.694186546731544,14.164207397913737,32.0,17.5,100.0,396,540,375,435,17.5,NEUTRAL,program,sonic_drive_three_laps.py,function,ec959a186dbd8278df967871b3a34262848e2c5ecc08c20aa12abb30068f0552,左回避 | target_deg=57.375,,139.90169823276386,177.52160319797053,250.0,124.13215419148389,116.77460708275052,0,90.3,89.75689488108003,3
90.35,903.8976758314169,437.57313249374596,14.205033457562507,14.12720151532615,32.0,17.5,100.0,396,540,375,435,17.5,NEUTRAL,program,sonic_drive_three_laps.py,function,ec959a186dbd8278df967871b3a34262848e2c5ecc08c20aa12abb30068f0552,左回避 | target_deg=57.375,,140.98986553560957,181.25588329526292,250.0,121.2891565033734,117.6985495744043,0,90.35,90.59727384153064,3
90.4,904.0619124122728,438.25922397296944,12.719246711196803,14.098535301739382,32.0,17.5,100.0,396,540,375,435,17.5,NEUTRAL,program,sonic_drive_three_laps.py,function,ec959a186dbd8278df967871b3a34262848e2c5ecc08c20aa12abb30068f0552,左回避 | target_deg=57.375,,140.9151352928741,181.47470512612642,250.0,119.87265498172731,116.11102451686106,0,90.4,91.00686598876378,3
90.45,904.2080628924388,438.9481287773737,11.236067666500645,14.076329324096307,32.0,17.5,100.0,396,540,375,435,17.5,NEUTRAL,program,sonic_drive_three_laps.py,function,ec959a186dbd8278df967871b3a34262848e2c5ecc08c20aa12abb30068f0552,左回避 | target_deg=57.375,,135.66998858061342,186.44817188692915,250.0,121.89292324884637,114.35106567986541,0,90.45,91.29012321673711,3
90.5,904.3361706634862,439.63964035233766,9.754908650183836,14.059127699556942,32.0,17.5,100.0,396,540,375,435,17.5,NEUTRAL,program,sonic_drive_three_laps.py,function,ec959a186dbd8278df967871b3a34262848e2c5ecc08c20aa12abb30068f0552,左回避 | target_deg=57.375,,139.25382652123605,188.79464438336876,249.33250780416128,118.25670431007322,117.64372462258692,0,90.5,91.59845339002628,3
90.55,904.446254354644,440.3334969609173,8.275314427378902,14.045802643954833,32.0,17.5,100.0,396,540,375,435,17.5,NEUTRAL,program,sonic_drive_three_laps.py,function,ec959a186dbd8278df967871b3a34262848e2c5ecc08c20aa12abb30068f0552,左回避 | target_deg=57.375,,139.88833851435234,190.59439867935708,250.0,120.96410243734191,117.37213799644148,0,90.55,91.93165317808295,3
90.6,904.5383172131261,441.0293931682215,6.7969323552347305,14.03548053127338,32.0,17.5,100.0,396,540,375,435,17.5,NEUTRAL,program,sonic_drive_three_laps.py,function,ec959a186dbd8278df967871b3a34262848e2c5ecc08c20aa12abb30068f0552,左回避 | target_deg=57.375,,138.99438057055772,195.79727097118763,145.81493601110662,117.9990889042134,112.19081564043869,0,90.6,92.28950917106455,3
90.65,904.612354132071,441.72698899788145,5.319489262715138,14.027484616405175,32.0,17.5,100.0,396,540,375,435,17.5,NEUTRAL,program,sonic_drive_three_laps.py,function,ec959a186dbd8278df967871b3a34262848e2c5ecc08c20aa12abb30068f0552,左回避 | target_deg=57.375,,142.57913925855814,195.3182183316788,167.349880397678,117.01683461750399,112.42894558979512,0,90.65,92.6717950810874,3
90.7,904.6683569085247,442.42591723574327,3.8427735407806836,14.021290665946324,32.0,17.5,100.0,396,540,375,435,17.5,NEUTRAL,program,sonic_drive_three_laps.py,function,ec959a186dbd8278df967871b3a34262848e2c5ecc08c20aa12abb30068f0552,左回避 | target_deg=57.375,,141.54697928225823,200.99198787902583,211.34381192966592,117.09751441116882,114.07515650482918,0,90.7,93.07826995879655,3
90.75,904.7063181702517,443.12578926177326,2.3666212687383847,14.01649258806292,32.0,17.5,100.0,396,540,375,435,17.5,NEUTRAL,program,sonic_drive_three_laps.py,function,ec959a186dbd8278df967871b3a34262848e2c5ecc08c20aa12abb30068f0552,左回避 | target_deg=57.375,,140.49584039999797,204.95756164415238,250.0,115.69848198478138,113.92602094058205,0,90.75,93.50867711989463,3
90.8,904.7262343018707,443.82619971476163,0.8909054671657088,14.012775808032446,32.0,17.5,100.0,396,540,375,435,17.5,NEUTRAL,program,sonic_drive_three_laps.py,function,ec959a186dbd8278df967871b3a34262848e2c5ecc08c20aa12abb30068f0552,左回避 | target_deg=57.375,,141.5253905451754,207.27428591271274,250.0,119.22116088133306,114.19823736284813,0,90.8,93.96274356370223,3
90.85,904.7281076191539,444.5267302327168,-0.5844722271971818,14.009896643889922,32.0,17.5,100.0,396,540,375,435,17.5,NEUTRAL,program,sonic_drive_three_laps.py,function,ec959a186dbd8278df967871b3a34262848e2c5ecc08c20aa12abb30068f0552,左回避 | target_deg=57.375,,141.580107943688,212.03975619769426,248.1489267161887,115.57856693684744,116.29709347712154,0,90.85,94.4401797289592,3
90.9,904.711947978716,445.2269524622277,-2.059588010403985,14.007666329991434,32.0,17.5,100.0,396,540,375,435,17.5,NEUTRAL,program,sonic_drive_three_laps.py,function,ec959a186dbd8278df967871b3a34262848e2c5ecc08c20aa12abb30068f0552,左回避 | target_deg=57.375,,141.4246972050083,216.28095824502756,250.0,118.7019698055248,113.4603185231152,0,90.9,94.94067947760674,3
90.95,904.6777739638483,445.92643049031005,-3.534500906917742,14.005938641037433,32.0,17.5,100.0,396,540,375,435,17.5,NEUTRAL,program,sonic_drive_three_laps.py,function,ec959a186dbd8278df967871b3a34262848e2c5ecc08c20aa12abb30068f0552,左回避 | target_deg=57.375,,141.86002694886025,225.54845975107995,248.64396858667305,115.1420298329091,115.70199809172438,0,90.95,95.4639202300396,3
91.0,904.6256137522106,446.6247228204582,-5.009256639411348,14.00460030515395,32.0,17.5,100.0,396,540,375,435,17.5,NEUTRAL,program,sonic_drive_three_laps.py,function,ec959a186dbd8278df967871b3a34262848e2c5ecc08c20aa12abb30068f0552,左回避 | target_deg=57.375,,144.01244656160122,225.52953389300822,248.50898979757625,117.4363798213198,114.75650031044968,0,91.0,96.00956319876481,3
91.05,904.5555057446761,447.3213839892752,-6.483890626467343,14.00356357748786,32.0,17.5,100.0,396,540,375,435,17.5,NEUTRAL,program,sonic_drive_three_laps.py,function,ec959a186dbd8278df967871b3a34262848e2c5ecc08c20aa12abb30068f0552,左回避 | target_deg=57.375,,145.9628210252262,234.90376349738148,249.63822820763747,116.5875354843162,114.72212877750201,0,91.05,96.57725368413476,3
91.1,904.4674990147329,448.01596589987025,-7.95843030471417,14.002760487421376,32.0,17.5,100.0,396,540,375,435,17.5,NEUTRAL,program,sonic_drive_three_laps.py,function,ec959a186dbd8278df967871b3a34262848e2c5ecc08c20aa12abb30068f0552,左回避 | target_deg=57.375,,146.25992714742617,242.52289554806345,250.0,117.0460189395903,115.25169061961284,0,91.1,97.16662140767524,3
91.15,904.3616536228777,448.7080189321764,-9.43289692764452,14.002138382237945,32.0,17.5,100.0,396,540,375,435,17.5,NEUTRAL,program,sonic_drive_three_laps.py,function,ec959a186dbd8278df967871b3a34262848e2c5ecc08c20aa12abb30068f0552,左回避 | target_deg=57.375,,148.91435494500513,248.3464292146105,250.0,116.13769791583626,117.44739650161983,0,91.15,97.77728086685575,3
91.2,904.2380408291884,449.397092877619,-10.90730695905043,14.001656475070362,32.0,17.5,100.0,396,540,375,435,17.5,NEUTRAL,program,sonic_drive_three_laps.py,function,ec959a186dbd8278df967871b3a34262848e2c5ecc08c20aa12abb30068f0552,左回避 | target_deg=57.375,,150.82890758676243,248.9676276668279,250.0,119.90401588815602,115.52662872366955,0,91.2,98.40883170096352,3
91.25,904.0967432288124,450.08273773548325,-12.381673152433535,14.001283170805502,32.0,17.5,100.0,396,540,375,435,17.5,NEUTRAL,program,sonic_drive_three_laps.py,function,ec959a186dbd8278df967871b3a34262848e2c5ecc08c20aa12abb30068f0552,左回避 | target_deg=57.375,,149.16528258561283,248.02207363709422,247.50620692088816,119.87533648806703,118.36188781433422,0,91.25,99.06085906173199,3
91.3,903.9378548287847,450.7645044003546,-13.856005387158234,14.000993994624823,32.0,17.5,100.0,396,540,375,435,17.5,NEUTRAL,program,sonic_drive_three_laps.py,function,ec959a186dbd8278df967871b3a34262848e2c5ecc08c20aa12abb30068f0552,左回避 | target_deg=57.375,,153.82697105856275,250.0,246.9201513837127,121.40502817580533,118.21214790868349,0,91.3,99.73293398508139,3
91.35,903.7614810798426,451.44194526369967,-15.330311316169173,14.0007699873703,32.0,17.5,100.0,396,540,375,435,17.5,NEUTRAL,program,sonic_drive_three_laps.py,function,ec959a186dbd8278df967871b3a34262848e2c5ecc08c20aa12abb30068f0552,左回避 | target_deg=57.375,,152.13542502777452,250.0,249.95057101400042,121.91380977212535,118.89920334274896,0,91.35,100.42461376213039,3
91.4,903.5677388733753,452.11461474768123,-16.80459686773858,14.000596462531705,32.0,17.5,100.0,396,540,375,435,17.5,NEUTRAL,program,sonic_drive_three_laps.py,function,ec959a186dbd8278df967871b3a34262848e2c5ecc08c20aa12abb30068f0552,左回避 | target_deg=57.375,,151.13573317718513,250.0,248.9760874107737,119.19220769814056,123.02121337959521,0,91.4,101.1354423087904,3
91.45,903.3567565109986,452.78206978537446,-18.27886663413949,14.000462043359995,32.0,17.5,100.0,396,540,375,435,17.5,NEUTRAL,program,sonic_drive_three_laps.py,function,ec959a186dbd8278df967871b3a34262848e2c5ecc08c20aa12abb30068f0552,左回避 | target_deg=57.375,,152.70980157326156,250.0,249.88359118567325,123.46898173025704,124.20865837317545,0,91.45,101.86495053397609,3
91.5,903.128673652286,453.44387025846225,-19.75312417272744,14.00035791697746,32.0,17.5,100.0,396,540,375,435,17.5,NEUTRAL,program,sonic_drive_three_laps.py,function,ec959a186dbd8278df967871b3a34262848e2c5ecc08c20aa12abb30068f0552,左回避 | target_deg=57.375,,153.557236705035,249.57454225214212,250.0,120.84786481489942,123.62201352853337,0,91.5,102.61265670688287,3
91.55,902.8836412447333,454.0995794010524,-21.22737223917005,14.000277256582056,32.0,17.5,100.0,396,540,375,435,17.5,NEUTRAL,program,sonic_drive_three_laps.py,function,ec959a186dbd8278df967871b3a34262848e2c5ecc08c20aa12abb30068f0552,左回避 | target_deg=57.375,,152.50324441192072,250.0,250.0,120.96920158517051,126.4177817207345,0,91.55,103.37806682399041,3
91.6,902.6218214389487,454.74876417634914,-22.70161296811594,14.000214773864148,32.0,17.5,100.0,396,540,375,435,17.5,NEUTRAL,program,sonic_drive_three_laps.py,function,ec959a186dbd8278df967871b3a34262848e2c5ecc08c20aa12abb30068f0552,左回避 | target_deg=57.375,,152.63323080426156,250.0,249.56224929357597,119.77472272840203,118.27884090011351,0,91.6,104.16067497653906,3
91.65,902.3433874912715,455.3909956314077,-24.175848013148027,14.00016637229089,32.0,17.5,100.0,396,540,375,435,17.5,NEUTRAL,program,sonic_drive_three_laps.py,function,ec959a186dbd8278df967871b3a34262848e2c5ecc08c20aa12abb30068f0552,左回避 | target_deg=57.375,,153.88701076979567,249.26543503232747,250.0,118.20899276729834,121.9962918914677,0,91.65,104.95996371922008,3
91.7,902.0485236554343,456.0258492340216,-25.650078655196666,14.00012887852666,32.0,17.5,100.0,396,540,375,435,17.5,NEUTRAL,program,sonic_drive_three_laps.py,function,ec959a186dbd8278df967871b3a34262848e2c5ecc08c20aa12abb30068f0552,左回避 | target_deg=57.375,,156.98301596011697,250.0,250.0,119.37690226192737,121.10918377082693,0,91.7,105.77540444076915,3
91.75,901.7374250644552,456.6529051948701,-27.124305886520972,14.000099834380743,32.0,17.5,100.0,396,540,375,435,17.5,NEUTRAL,program,sonic_drive_three_laps.py,function,ec959a186dbd8278df967871b3a34262848e2c5ecc08c20aa12abb30068f0552,左回避 | target_deg=57.375,,158.06036440747405,248.39566529830665,248.98642688073977,118.97569410192938,118.39452007022668,0,91.75,106.60645773707057,3
91.8,901.410297603637,457.2717487773273,-28.598530475763965,14.000077335641837,32.0,17.5,100.0,396,540,375,435,17.5,NEUTRAL,program,sonic_drive_three_laps.py,function,ec959a186dbd8278df967871b3a34262848e2c5ecc08c20aa12abb30068f0552,左回避 | target_deg=57.375,,157.32274498779006,250.0,248.9077731497754,119.42712548932116,117.63231366283193,0,91.8,107.45257378729126,3
91.85,901.0673577753208,457.8819705967703,-30.07275301834676,14.000059907232899,32.0,17.5,100.0,396,540,375,435,17.5,NEUTRAL,program,sonic_drive_three_laps.py,function,ec959a186dbd8278df967871b3a34262848e2c5ecc08c20aa12abb30068f0552,左回避 | target_deg=57.375,,161.86913080933277,248.51685457958203,248.93068788326363,117.30664003898953,120.23701518521463,0,91.85,108.31319273346168,3
91.9,900.7088325558823,458.4831669107795,-31.54697397550595,14.000046406501173,32.0,17.5,100.0,396,540,375,435,17.5,NEUTRAL,program,sonic_drive_three_laps.py,function,ec959a186dbd8278df967871b3a34262848e2c5ecc08c20aa12abb30068f0552,左回避 | target_deg=57.375,,164.07368945710496,250.0,247.4934164083145,116.66526827189765,117.9318444039345,0,91.9,109.18774506383126,3
91.95,900.3349592453384,459.0749399012805,-33.02119370453363,14.000035948302848,32.0,17.5,100.0,396,540,375,435,17.5,NEUTRAL,program,sonic_drive_three_laps.py,function,ec959a186dbd8278df967871b3a34262848e2c5ecc08c20aa12abb30068f0552,左回避 | target_deg=57.375,,161.96909974516444,250.0,249.35524683556477,120.14056307563715,117.13885156745165,0,91.95,110.07565200024115,3
92.0,899.9459853098557,459.656897949407,-34.495412482202255,14.000027846970681,32.0,17.5,100.0,396,540,375,435,17.5,NEUTRAL,program,sonic_drive_three_laps.py,function,ec959a186dbd8278df967871b3a34262848e2c5ecc08c20aa12abb30068f0552,左回避 | target_deg=57.375,,165.31881647632687,250.0,249.1208953440662,119.84996611238412,115.61906099412286,0,92.0,110.97632588967274,3
92.05,899.5421682173892,460.2286559036547,-35.969630522910734,14.000021571359834,32.0,17.5,100.0,396,540,375,435,17.5,NEUTRAL,program,sonic_drive_three_laps.py,function,ec959a186dbd8278df967871b3a34262848e2c5ecc08c20aa12abb30068f0552,左回避 | target_deg=57.375,,171.06379408958912,248.67231688184728,248.1190353942155,118.42655097719788,116.04541372246031,0,92.05,111.88917060006727,3
92.1,899.1237752666447,460.7898353417348,-37.44384799274087,14.000016710024601,32.0,17.5,100.0,396,540,375,435,17.5,NEUTRAL,program,sonic_drive_three_laps.py,function,ec959a186dbd8278df967871b3a34262848e2c5ecc08c20aa12abb30068f0552,左回避 | target_deg=57.375,,169.57439167478404,249.44512939982576,249.63844813907045,119.21718222474006,113.98933319505767,0,92.1,112.64470517901128,3
92.15,898.6910834095303,461.3400648264055,-38.91806502034612,14.000012944242936,32.0,17.5,100.0,396,540,375,435,17.5,NEUTRAL,program,sonic_drive_three_laps.py,function,ec959a186dbd8278df967871b3a34262848e2c5ecc08c20aa12abb30068f0552,左回避 | target_deg=57.375,,172.53789836565429,250.0,248.94678921012425,116.71018591159351,114.36074620031907,0,92.15,113.21534917214348,3
92.2,898.2443790672471,461.8789801554696,-40.39228170538658,14.000010027120199,32.0,17.5,100.0,396,540,375,435,17.5,NEUTRAL,program,sonic_drive_three_laps.py,function,ec959a186dbd8278df967871b3a34262848e2c5ecc08c20aa12abb30068f0552,左回避 | target_deg=57.375,,179.77440109701294,249.60018050448332,248.43917604064976,120.42300802145411,114.60938902418705,0,92.2,113.78604854837948,3
92.25,897.7839579401574,462.4062246060423,-41.86649812506289,14.000007767402078,32.0,17.5,100.0,396,540,375,435,17.5,NEUTRAL,program,sonic_drive_three_laps.py,function,ec959a186dbd8278df967871b3a34262848e2c5ecc08c20aa12abb30068f0552,左回避 | target_deg=57.375,,180.33334299638634,250.0,250.0,120.34726329602452,115.884431826945,0,92.25,114.27723287665079,3
92.3,897.3101248115655,462.92144917314346,-43.34071433917765,14.000006016935455,32.0,17.5,100.0,396,540,375,435,17.5,NEUTRAL,program,sonic_drive_three_laps.py,function,ec959a186dbd8278df967871b3a34262848e2c5ecc08c20aa12abb30068f0552,左回避 | target_deg=57.375,,182.16948261225502,249.51304917857482,248.9752755910249,121.04172156709659,115.58539424060483,0,92.3,114.16054567034735,3
92.35,896.8231933455424,463.4243128026192,-44.814930394056404,14.000004660955089,32.0,17.5,100.0,396,540,375,435,17.5,NEUTRAL,program,sonic_drive_three_laps.py,function,ec959a186dbd8278df967871b3a34262848e2c5ecc08c20aa12abb30068f0552,左回避 | target_deg=57.375,,188.90388574845224,129.86628285821214,248.6784433828324,118.80009766617876,118.56856147607856,0,92.35,114.07003900269163,3
92.4,896.3199114629822,463.9186168894669,-46.19955664716042,14.180292114282041,29.76,18.5,93.0,398,532,375,435,18.5,NEUTRAL,program,sonic_drive_three_laps.py,function,ec959a186dbd8278df967871b3a34262848e2c5ecc08c20aa12abb30068f0552,右壁追従 | target_deg=55.024,,191.88113973021888,249.01192700896834,184.11661312206994,121.09915630846153,119.5009986087593,0,92.4,113.989301228305,3
92.45,895.795591957281,464.4101092555125,-47.48600871335785,14.50023837733135,27.52,19.5,86.0,399,525,375,435,19.5,NEUTRAL,program,sonic_drive_three_laps.py,function,ec959a186dbd8278df967871b3a34262848e2c5ecc08c20aa12abb30068f0552,右壁追従 | target_deg=52.485,,198.6301015869509,250.0,180.61530343104482,125.1439420678382,115.19636577850535,0,92.45,113.91137832876421,3
92.5,895.2464001816755,464.902985396062,-48.68468658385825,14.928369852807336,25.28,20.5,79.0,400,517,375,435,20.5,NEUTRAL,program,sonic_drive_three_laps.py,function,ec959a186dbd8278df967871b3a34262848e2c5ecc08c20aa12abb30068f0552,右壁追従 | target_deg=49.736,,201.54558114869113,250.0,177.88626246556316,123.67245101303565,118.31268615591492,0,92.5,113.83358177705458,3
92.55,894.6692301455558,465.4002947673248,-49.80071500179349,15.440305853118335,23.04,21.5,72.0,401,510,375,435,21.5,NEUTRAL,program,sonic_drive_three_laps.py,function,ec959a186dbd8278df967871b3a34262848e2c5ecc08c20aa12abb30068f0552,右壁追従 | target_deg=46.756,,205.09868030450508,250.0,176.29098753425305,123.03020948307561,119.21318432317864,0,92.55,113.75351854884414,3
92.6,894.0616167690408,465.9042782242702,-50.83540791198669,16.01716013777973,20.8,22.5,65.0,403,503,375,435,22.5,NEUTRAL,program,sonic_drive_three_laps.py,function,ec959a186dbd8278df967871b3a34262848e2c5ecc08c20aa12abb30068f0552,右壁追従 | target_deg=43.521,,213.41812533611056,250.0,173.11944734706563,123.98408194450622,119.07560902497693,0,92.6,113.66889271674097,3
92.65,893.4216549460434,466.41662797295356,-51.787310478412564,16.64430268135429,18.56,23.5,58.0,404,495,375,435,23.5,NEUTRAL,program,sonic_drive_three_laps.py,function,ec959a186dbd8278df967871b3a34262848e2c5ecc08c20aa12abb30068f0552,右壁追従 | target_deg=40.010,,217.40746947332042,250.0,171.4560651178083,124.13442105332001,120.95358829059008,0,92.65,113.57737298616706,3
92.7,892.7479292446005,466.9386902330157,-52.652938013380094,17.310400490149178,16.32,24.5,51.0,405,488,375,435,24.5,NEUTRAL,program,sonic_drive_three_laps.py,function,ec959a186dbd8278df967871b3a34262848e2c5ecc08c20aa12abb30068f0552,右壁追従 | target_deg=36.204,,217.65681494441375,248.9794982517572,167.40074073912032,128.00447263521738,122.14196638562905,0,92.7,113.47650152911879,3
92.75,892.0394552644335,467.47162511369635,-53.42729684638323,18.00667458106602,14.08,25.5,44.0,406,481,375,435,25.5,NEUTRAL,program,sonic_drive_three_laps.py,function,ec959a186dbd8278df967871b3a34262848e2c5ecc08c20aa12abb30068f0552,右壁追従 | target_deg=32.089,,219.4065916608197,248.51838823060766,165.70390994840915,127.27175899857282,120.42527716922503,0,92.75,113.36362952092898,3
92.8,891.295632460956,468.01653425369415,-54.104247834786506,18.726324408165215,11.84,26.5,37.0,408,473,375,435,26.5,NEUTRAL,program,sonic_drive_three_laps.py,function,ec959a186dbd8278df967871b3a34262848e2c5ecc08c20aa12abb30068f0552,右壁追従 | target_deg=27.659,,227.60280478019877,249.42935527777647,165.60254394754682,126.780819694077,119.4947284433455,0,92.8,113.23587054392358,3
92.85,890.5162078408633,468.5745639784009,-54.67675590400094,19.464082000822092,9.6,27.5,30.0,409,466,375,435,27.5,NEUTRAL,program,sonic_drive_three_laps.py,function,ec959a186dbd8278df967871b3a34262848e2c5ecc08c20aa12abb30068f0552,右壁追従 | target_deg=22.921,,226.90334097207955,249.77689571265762,165.50164884587917,124.3809099930409,120.30585109245739,0,92.85,113.09006643899667,3
92.9,889.7012499259199,469.1469897076553,-55.13705663318909,20.21586658158896,7.36,28.5,23.0,410,459,375,435,28.5,NEUTRAL,program,sonic_drive_three_laps.py,function,ec959a186dbd8278df967871b3a34262848e2c5ecc08c20aa12abb30068f0552,右壁追従 | target_deg=17.896,,229.496252360172,250.0,164.2525057691387,126.02915254337354,118.41203325029875,0,92.9,112.92276231409728,3
92.95,888.8511325578078,469.7352858535478,-55.476762028861714,20.97851701959321,5.12,29.5,16.0,411,451,375,435,29.5,NEUTRAL,program,sonic_drive_three_laps.py,function,ec959a186dbd8278df967871b3a34262848e2c5ecc08c20aa12abb30068f0552,右壁追従 | target_deg=12.626,,232.65457134592197,250.0,161.26214459099657,125.20613684876078,121.36607757378783,0,92.95,112.73018883493147,3
93.0,887.9665283722172,470.3411843135429,-55.68692123778746,21.7495845784061,2.88,30.5,9.0,413,444,375,435,30.5,NEUTRAL,program,sonic_drive_three_laps.py,function,ec959a186dbd8278df967871b3a34262848e2c5ecc08c20aa12abb30068f0552,右壁追従 | target_deg=7.168,,231.41654000081775,250.0,162.28129413846486,124.67940635099217,115.48351141069287,0,93.0,112.50825095263936,3
93.05,887.0484055376627,470.9667142029679,-55.76041555221059,22.52717237038233,0.7118528256977215,31.5,2.2245400803053794,414,437,375,435,31.5,NEUTRAL,program,sonic_drive_three_laps.py,function,ec959a186dbd8278df967871b3a34262848e2c5ecc08c20aa12abb30068f0552,右壁追従 | target_deg=1.779,,234.990567100134,250.0,161.78747982944193,123.71137281236571,117.74142587747104,0,93.05,112.25299562257646,3
93.1,886.0974369189607,471.6133558465079,-55.80958238755966,23.30981099167072,0.7267787304953859,32.5,2.271183532798081,415,437,375,435,32.5,NEUTRAL,program,sonic_drive_three_laps.py,function,ec959a186dbd8278df967871b3a34262848e2c5ecc08c20aa12abb30068f0552,右壁追従 | target_deg=1.816,,234.85726605866253,250.0,162.55051533645403,129.37841769284398,116.0524152036044,0,93.1,111.9845616446252,3
93.15,885.1134381638284,472.2812244722015,-55.858655214829085,24.096362184197208,0.7014507832330428,33.5,2.1920336976032586,416,437,375,435,33.5,NEUTRAL,program,sonic_drive_three_laps.py,function,ec959a186dbd8278df967871b3a34262848e2c5ecc08c20aa12abb30068f0552,右壁追従 | target_deg=1.753,,231.78077683128063,247.4930209282948,163.75001968960527,126.44156477269061,121.73255803164398,0,93.15,111.70761945320122,3
93.2,884.0962182995544,472.9703380411324,-55.91014845335974,24.88594420844401,0.7124326380374855,34.5,2.226351993867142,418,437,375,435,34.5,NEUTRAL,program,sonic_drive_three_laps.py,function,ec959a186dbd8278df967871b3a34262848e2c5ecc08c20aa12abb30068f0552,右壁追従 | target_deg=1.781,,234.73193654412302,250.0,163.63869705381492,122.931287110401,118.32113702558358,0,93.2,111.42270946383235,3
93.25,883.0496876497981,473.6778838873618,-55.96561657728559,25.514138186516497,0.7464008344729745,34.59181204364759,2.332502607728045,418,437,375,435,34.59181204364759,NEUTRAL,program,sonic_drive_three_laps.py,function,ec959a186dbd8278df967871b3a34262848e2c5ecc08c20aa12abb30068f0552,右壁追従 | target_deg=1.865,,228.42784284381167,249.31585299105,167.68984320243985,122.24006453697197,118.59461723619003,0,93.25,111.13142466891289,3
93.3,881.9799667067169,474.3995866722663,-56.0220962865705,26.000995930172813,0.7440279415974699,34.593109719438885,2.3250873174920934,418,437,375,435,34.593109719438885,NEUTRAL,program,sonic_drive_three_laps.py,function,ec959a186dbd8278df967871b3a34262848e2c5ecc08c20aa12abb30068f0552,右壁追従 | target_deg=1.860,,229.11862798258403,247.9647439343288,166.71181287141565,120.7841213731011,120.38087734245872,0,93.3,110.83508316440385,3
93.35,880.8921556292798,475.1318839512788,-56.08226627752691,26.37458937376102,0.7799904396894377,34.57344272829484,2.4374701240294927,418,437,375,435,34.57344272829484,NEUTRAL,program,sonic_drive_three_laps.py,function,ec959a186dbd8278df967871b3a34262848e2c5ecc08c20aa12abb30068f0552,右壁追従 | target_deg=1.949,,228.44779033774373,250.0,166.55481785110578,119.04056238560881,115.2166833280481,0,93.35,110.53579050567514,3
93.4,879.7902536216803,475.87193309802734,-56.146272332900395,26.660074462530716,0.8196992504644988,34.55172697240223,2.5615601577015585,418,437,375,435,34.55172697240223,NEUTRAL,program,sonic_drive_three_laps.py,function,ec959a186dbd8278df967871b3a34262848e2c5ecc08c20aa12abb30068f0552,右壁追従 | target_deg=2.049,,226.93934534982046,248.10004297574895,168.56476778455325,119.47475023817438,114.47515722626413,0,93.4,110.22084492024338,3
93.45,878.6773918458053,476.6174673024696,-56.21546924100704,26.875461985524684,0.8781246302433453,34.51977559283567,2.744139469510454,418,437,375,435,34.51977559283567,NEUTRAL,program,sonic_drive_three_laps.py,function,ec959a186dbd8278df967871b3a34262848e2c5ecc08c20aa12abb30068f0552,右壁追従 | target_deg=2.194,,227.37325180675663,250.0,171.3718966171474,120.97234760276946,112.28340237462064,0,93.45,109.14707469320611,3
93.5,877.5558970427513,477.36681444167755,-56.285359416888454,27.042044917432573,0.8808095792269625,34.518307261360256,2.7525299350842576,418,437,375,435,34.518307261360256,NEUTRAL,program,sonic_drive_three_laps.py,function,ec959a186dbd8278df967871b3a34262848e2c5ecc08c20aa12abb30068f0552,右壁追従 | target_deg=2.201,,225.40052865455937,248.49628753212556,168.10974547882142,117.57077939917745,112.86587284359291,0,93.5,108.07045275011578,3
93.55,876.4274671400192,478.1188191089246,-56.35432881572686,27.172688294584194,0.8645645851305028,34.52719124250676,2.7017643285328212,418,437,375,435,34.52719124250676,NEUTRAL,program,sonic_drive_three_laps.py,function,ec959a186dbd8278df967871b3a34262848e2c5ecc08c20aa12abb30068f0552,右壁追従 | target_deg=2.161,,221.33822155550791,250.0,167.4572784526277,119.67881469841332,114.59137496096817,0,93.55,106.99286347743369,3
93.6,875.2935160066634,478.8724800922828,-56.427048951985,27.269618798406086,0.9078830866944873,34.50350143696395,2.8371346459202726,418,437,375,435,34.50350143696395,NEUTRAL,program,sonic_drive_three_laps.py,function,ec959a186dbd8278df967871b3a34262848e2c5ecc08c20aa12abb30068f0552,右壁追従 | target_deg=2.269,,221.96201555592646,250.0,173.24688980388356,115.59095759996033,113.38594873865577,0,93.6,105.91582634138771,3
93.65,874.1551533262957,479.62696786035207,-56.50144646658018,27.342917696914608,0.9260105875393658,34.49358795993941,2.8937830860605183,418,438,375,435,34.49358795993941,NEUTRAL,program,sonic_drive_three_laps.py,function,ec959a186dbd8278df967871b3a34262848e2c5ecc08c20aa12abb30068f0552,右壁追従 | target_deg=2.314,,219.66849875338244,250.0,173.08533762471933,117.5425396728529,113.9047820619579,0,93.65,104.84061224016672,3
93.7,873.0132329782394,480.3816414472843,-56.578628263411474,27.396494033825338,0.9585058127073958,34.47581713367565,2.995330664710612,418,438,375,435,34.47581713367565,NEUTRAL,program,sonic_drive_three_laps.py,function,ec959a186dbd8278df967871b3a34262848e2c5ecc08c20aa12abb30068f0552,右壁追従 | target_deg=2.395,,218.5869759943878,250.0,174.98427209047534,115.754970615829,112.73851565874911,0,93.7,103.76819863249214,3
93.75,871.8683913040431,481.1360138243709,-56.65707095390444,27.43661194582108,0.9725473363769147,34.46813817541888,3.0392104261778585,418,438,375,435,34.46813817541888,NEUTRAL,program,sonic_drive_three_laps.py,function,ec959a186dbd8278df967871b3a34262848e2c5ecc08c20aa12abb30068f0552,右壁追従 | target_deg=2.430,,217.1944155023237,250.0,173.8939402511635,116.80868842489771,112.09896372824778,0,93.75,102.69938758993594,3
93.8,870.7210494395393,481.88979295439,-56.73480862567797,27.468672497515552,0.9625708177075513,34.473594084066185,3.0080338053360975,418,438,375,435,34.473594084066185,NEUTRAL,program,sonic_drive_three_laps.py,function,ec959a186dbd8278df967871b3a34262848e2c5ecc08c20aa12abb30068f0552,右壁追従 | target_deg=2.405,,221.51714882152015,250.0,172.22856424720752,117.6161178752754,112.78603996313186,0,93.8,101.63479954188466,3
93.85,869.571552849184,482.6427405224589,-56.81368925388324,27.492207046672526,0.9757643141945274,34.46637889067487,3.049263481857898,418,438,375,435,34.46637889067487,NEUTRAL,program,sonic_drive_three_laps.py,function,ec959a186dbd8278df967871b3a34262848e2c5ecc08c20aa12abb30068f0552,右壁追従 | target_deg=2.438,,218.11290072702954,249.7513062105799,173.69676949946802,115.5919994362831,111.76177643039836,0,93.85,100.5749129560241,3
93.9,868.4202159709815,483.3946020160311,-56.89455027570146,27.508090767262964,0.9995693873955511,34.45336049126806,3.1236543356110973,418,438,375,435,34.45336049126806,NEUTRAL,program,sonic_drive_three_laps.py,function,ec959a186dbd8278df967871b3a34262848e2c5ecc08c20aa12abb30068f0552,右壁追従 | target_deg=2.498,,216.72582765757448,250.0,175.51578357712359,112.26386815125197,111.32910745820391,0,93.9,99.52018165827049,3
93.95,867.2672296204787,484.1452295125851,-56.97486477607136,27.52111122843701,0.992304273994613,34.457333600159195,3.1009508562331654,418,438,375,435,34.457333600159195,NEUTRAL,program,sonic_drive_three_laps.py,function,ec959a186dbd8278df967871b3a34262848e2c5ecc08c20aa12abb30068f0552,右壁追従 | target_deg=2.479,,217.93008874776925,249.17987847353024,173.54193546201557,112.23883553260484,112.04589179167334,0,93.95,98.47103140103586,3
94.0,866.1127542234227,484.8945039024191,-57.05660654344865,27.529496061736676,1.0095599542252476,34.44789690003307,3.154874856953899,418,438,375,435,34.44789690003307,NEUTRAL,program,sonic_drive_three_laps.py,function,ec959a186dbd8278df967871b3a34262848e2c5ecc08c20aa12abb30068f0552,右壁追従 | target_deg=2.523,,217.24333169862948,250.0,176.69638340857512,112.58495662496932,112.35674974679543,0,94.0,97.42775499143116,3
94.05,864.9569316976922,485.64229632106674,-57.13938920932222,27.53474780333158,1.0221719215516452,34.440999730401444,3.194287254848891,418,438,375,435,34.440999730401444,NEUTRAL,program,sonic_drive_three_laps.py,function,ec959a186dbd8278df967871b3a34262848e2c5ecc08c20aa12abb30068f0552,右壁追従 | target_deg=2.554,,214.69337772812477,250.0,174.7832315262224,112.00730175194515,109.98962391499687,0,94.05,96.3906842795846,3
94.1,863.7998619023787,486.38851290822254,-57.2231133778798,27.537684311904968,1.033650131065052,34.4347225845738,3.230156659578288,418,438,375,435,34.4347225845738,NEUTRAL,program,sonic_drive_three_laps.py,function,ec959a186dbd8278df967871b3a34262848e2c5ecc08c20aa12abb30068f0552,右壁追従 | target_deg=2.583,,215.9092417809863,248.7520952234475,178.07488230540307,113.1276184253689,112.645499260962,0,94.1,95.36011109859928,3
94.15,862.6416516112673,487.1330384605774,-57.30910882092613,27.537198272402016,1.0616512157215454,34.41940949140228,3.3176600491298296,418,438,375,435,34.41940949140228,NEUTRAL,program,sonic_drive_three_laps.py,function,ec959a186dbd8278df967871b3a34262848e2c5ecc08c20aa12abb30068f0552,右壁追従 | target_deg=2.653,,214.47033401663748,250.0,180.49350564200788,109.49135382368763,112.12466867970969,0,94.15,94.33628394077174,3
94.2,861.4823642787532,487.87578730868546,-57.395976279876706,27.535756512600663,1.0724555312600337,34.413500881342166,3.351423535187605,418,438,375,435,34.413500881342166,NEUTRAL,program,sonic_drive_three_laps.py,function,ec959a186dbd8278df967871b3a34262848e2c5ecc08c20aa12abb30068f0552,右壁追従 | target_deg=2.679,,212.94391175000354,250.0,178.92309238724445,107.95944886872147,111.1168815565443,0,94.2,93.31950802790699,3
94.25,860.3220409039338,488.61670008855737,-57.48431259282805,27.532843040975422,1.0906777808750165,34.40353558858397,3.408368065234427,418,438,375,435,34.40353558858397,NEUTRAL,program,sonic_drive_three_laps.py,function,ec959a186dbd8278df967871b3a34262848e2c5ecc08c20aa12abb30068f0552,右壁追従 | target_deg=2.725,,213.79904655686636,248.521083229942,179.31247669396572,108.7953130551117,109.83340113228874,0,94.25,92.3100078238807,3
94.3,859.1607233547102,489.3557063498064,-57.574285899489,27.528579028868478,1.1110349660647278,34.39240275293335,3.4719842689522746,417,438,375,435,34.39240275293335,NEUTRAL,program,sonic_drive_three_laps.py,function,ec959a186dbd8278df967871b3a34262848e2c5ecc08c20aa12abb30068f0552,右壁追従 | target_deg=2.776,,212.05922016848072,250.0,181.56342728273634,106.24512483948234,110.65834599431084,0,94.3,91.3080243582224,3
94.35,857.9983957382291,490.0927975628482,-57.66397847584304,27.525603837928756,1.1077094445082485,34.39422139753455,3.4615920140882768,417,438,375,435,34.39422139753455,NEUTRAL,program,sonic_drive_three_laps.py,function,ec959a186dbd8278df967871b3a34262848e2c5ecc08c20aa12abb30068f0552,右壁追従 | target_deg=2.767,,213.36708147962295,249.7517847813405,179.38537848348312,108.7193348802889,110.39292324635937,0,94.35,90.31385271364348,3
94.4,856.8361446462403,490.82665039829044,-57.79886432002739,27.468080520734283,1.6677628232645765,34.087942206027186,5.2117588227018015,417,440,375,435,34.087942206027186,NEUTRAL,program,sonic_drive_three_laps.py,function,ec959a186dbd8278df967871b3a34262848e2c5ecc08c20aa12abb30068f0552,右壁追従 | target_deg=4.163,,209.9383443607603,92.283625053678,249.9781646429028,103.69340858959438,105.4279877300216,0,94.4,89.32634226159365,3
94.45,855.6748385056268,491.55577290721413,-57.95607306104958,27.395863603903358,1.9482741407325193,33.9345375792869,6.088356689789123,417,441,375,435,33.9345375792869,NEUTRAL,program,sonic_drive_three_laps.py,function,ec959a186dbd8278df967871b3a34262848e2c5ecc08c20aa12abb30068f0552,右壁追従 | target_deg=4.861,,209.93748019823295,91.80571530988807,249.59978282719717,106.7736610526882,107.64026323143246,0,94.45,88.3470331780938,3
94.5,854.514507111503,492.2796772688056,-58.12572492238061,27.324186339401496,2.107867969585229,33.84725970413308,6.587087404953841,417,441,375,435,33.84725970413308,NEUTRAL,program,sonic_drive_three_laps.py,function,ec959a186dbd8278df967871b3a34262848e2c5ecc08c20aa12abb30068f0552,右壁追従 | target_deg=5.257,,209.21315224798045,89.06368613181577,248.79838476570075,102.96186007977408,105.56840085289944,0,94.5,87.37635928029037,3
94.55,853.3547796207529,492.9983887459218,-58.29926076944382,27.26340215803097,2.1612189065686094,33.818083410470294,6.753809083026905,417,442,375,435,33.818083410470294,NEUTRAL,program,sonic_drive_three_laps.py,function,ec959a186dbd8278df967871b3a34262848e2c5ecc08c20aa12abb30068f0552,右壁追従 | target_deg=5.390,,212.3225769345874,89.14564737595288,249.73061175331733,104.04339055142191,110.81400500019069,0,94.55,86.4144905496237,3
94.6,852.1952004483009,493.71211639175164,-58.47566725770258,27.212358630820905,2.2013598484866645,33.796131332858856,6.879249526520827,417,442,375,435,33.796131332858856,NEUTRAL,program,sonic_drive_three_laps.py,function,ec959a186dbd8278df967871b3a34262848e2c5ecc08c20aa12abb30068f0552,右壁追従 | target_deg=5.489,,208.86414955298085,85.58972838855887,249.66000605603688,101.389239858486,109.18550150208483,0,94.6,85.4612193387511,3
94.65,851.0353988220048,494.42102367762556,-58.65515778433206,27.168649395044742,2.243642908986971,33.77300778414775,7.011384090584284,417,442,375,435,33.77300778414775,NEUTRAL,program,sonic_drive_three_laps.py,function,ec959a186dbd8278df967871b3a34262848e2c5ecc08c20aa12abb30068f0552,右壁追従 | target_deg=5.594,,207.49710544747563,87.30047967963512,250.0,103.08945968379236,106.72860544925973,0,94.65,84.51636223639012,3
94.7,849.8749906715577,495.1253250439506,-58.83413103825319,27.135122512667753,2.2402754808684024,33.77484934640009,7.000860877713757,417,442,375,435,33.77484934640009,NEUTRAL,program,sonic_drive_three_laps.py,function,ec959a186dbd8278df967871b3a34262848e2c5ecc08c20aa12abb30068f0552,右壁追従 | target_deg=5.586,,208.10252444821344,86.28126759144452,247.549869025275,100.05323607749713,107.77505312643969,0,94.7,83.57998300898117,3
94.75,848.7136930639037,495.82518074862634,-59.01535351046998,27.106124581835545,2.270973582410113,33.75806132211947,7.096792445031603,417,442,375,435,33.75806132211947,NEUTRAL,program,sonic_drive_three_laps.py,function,ec959a186dbd8278df967871b3a34262848e2c5ecc08c20aa12abb30068f0552,右壁追従 | target_deg=5.662,,210.6421162954021,92.43804205415495,249.8859417342517,101.91889546692985,105.74031422200233,0,94.75,82.65187690488001,3
94.8,847.5512652906144,496.5207164405558,-59.196476477106,27.083577333848087,2.2718286853127223,33.757593687719606,7.099464641602258,417,442,375,435,33.757593687719606,NEUTRAL,program,sonic_drive_three_laps.py,function,ec959a186dbd8278df967871b3a34262848e2c5ecc08c20aa12abb30068f0552,右壁追従 | target_deg=5.664,,206.43600329560795,96.12689301709166,249.03581286001628,98.7315081271428,106.98496612039966,0,94.8,81.73219544051804,3
94.85,846.3875073341051,497.2120503769303,-59.37840842015808,27.06494439815402,2.2836644421926566,33.751121008175886,7.136451381852052,417,442,375,435,33.751121008175886,NEUTRAL,program,sonic_drive_three_laps.py,function,ec959a186dbd8278df967871b3a34262848e2c5ecc08c20aa12abb30068f0552,右壁追従 | target_deg=5.693,,207.72033793037937,96.23834045154915,250.0,100.9387634200529,106.41898474509128,0,94.85,80.82094332405441,3
94.9,845.2222958403515,497.8992312876331,-59.56182213075729,27.04853381467139,2.3037138603760723,33.740156482606835,7.199105813675226,417,442,375,435,33.740156482606835,NEUTRAL,program,sonic_drive_three_laps.py,function,ec959a186dbd8278df967871b3a34262848e2c5ecc08c20aa12abb30068f0552,右壁追従 | target_deg=5.743,,207.568825338061,99.10688944569462,250.0,100.16135005289449,104.57464218216471,0,94.9,79.91819920702031,3
94.95,844.0555350680092,498.5822859636184,-59.74635790752903,27.034306091287252,2.3190841640833826,33.7317508477669,7.24713801276057,417,442,375,435,33.7317508477669,NEUTRAL,program,sonic_drive_three_laps.py,function,ec959a186dbd8278df967871b3a34262848e2c5ecc08c20aa12abb30068f0552,右壁追従 | target_deg=5.781,,205.6490900485683,98.01710497898345,250.0,99.81357600175501,103.95082056312268,0,94.95,79.02414116780405,3
95.0,842.8871578830065,499.26122139374746,-59.932526755812006,27.021147709950853,2.3407589009547376,33.71989747604038,7.314871565483554,417,442,375,435,33.71989747604038,NEUTRAL,program,sonic_drive_three_laps.py,function,ec959a186dbd8278df967871b3a34262848e2c5ecc08c20aa12abb30068f0552,右壁追従 | target_deg=5.835,,206.85474645970643,98.90944847729193,250.0,97.83857879505554,102.1423298629971,0,95.0,78.13891633214938,3
95.05,841.7170957582873,499.93604968942793,-60.11944599684091,27.009922777658293,2.3512252448479622,33.714173694223774,7.347578890149882,417,442,375,435,33.714173694223774,NEUTRAL,program,sonic_drive_three_laps.py,function,ec959a186dbd8278df967871b3a34262848e2c5ecc08c20aa12abb30068f0552,右壁追従 | target_deg=5.861,,207.7556016889596,102.45416678403926,250.0,95.8239359822447,102.29501069220113,0,95.05,77.26278598231754,3
95.1,840.5451936776262,500.6068881078717,-60.30384142875117,27.004287732064,2.3201869534663064,33.731147759823116,7.250584229582208,417,442,375,435,33.731147759823116,NEUTRAL,program,sonic_drive_three_laps.py,function,ec959a186dbd8278df967871b3a34262848e2c5ecc08c20aa12abb30068f0552,右壁追従 | target_deg=5.784,,204.12438072043736,102.79492298857431,250.0,97.6864986414728,107.2225823171135,0,95.1,76.39618263881451,4
95.15,839.371315741384,501.2738689066268,-60.48691034654509,27.001533763333246,2.3038458110276516,33.740084322094255,7.1995181594614115,417,442,375,435,33.740084322094255,NEUTRAL,program,sonic_drive_three_laps.py,function,ec959a186dbd8278df967871b3a34262848e2c5ecc08c20aa12abb30068f0552,右壁追従 | target_deg=5.743,,206.68417629232195,102.89664683386202,246.75445004725805,96.67942403889886,103.9403910995565,0,95.15,75.53924247855548,4
95.2,838.1954255911799,501.93702752680883,-60.670303650826554,26.99897618705525,2.308148691387949,33.73773118439721,7.212964660587341,417,442,375,435,33.73773118439721,NEUTRAL,program,sonic_drive_three_laps.py,function,ec959a186dbd8278df967871b3a34262848e2c5ecc08c20aa12abb30068f0552,右壁追従 | target_deg=5.754,,205.7927991839136,104.43632154742875,250.0,96.19773639394157,105.43096734147944,0,95.2,74.6921231209893,4
95.25,837.0175860465068,502.59629029062444,-60.85629349793095,26.99374084717946,2.3411537272029737,33.719681555435876,7.316105397509293,417,442,375,435,33.719681555435876,NEUTRAL,program,sonic_drive_three_laps.py,function,ec959a186dbd8278df967871b3a34262848e2c5ecc08c20aa12abb30068f0552,右壁追従 | target_deg=5.836,,205.09533462024226,104.53916440449449,250.0,95.41027016337509,101.30205059523408,0,95.25,73.8549682864069,4
95.3,835.8377831539808,503.2516454341301,-61.04124573014778,26.99093969701728,2.328431512910944,33.72663901637683,7.2763484778467,417,442,375,435,33.72663901637683,NEUTRAL,program,sonic_drive_three_laps.py,function,ec959a186dbd8278df967871b3a34262848e2c5ecc08c20aa12abb30068f0552,右壁追従 | target_deg=5.804,,204.9804191486424,107.73047604882093,248.08761499622906,92.4647312700193,103.47644399435362,0,95.3,73.02840125361766,4
95.35,834.6560503269144,503.9030539001573,-61.228870049132354,26.985418506630975,2.3624220786083208,33.70805042576107,7.3825689956510026,417,442,375,435,33.70805042576107,NEUTRAL,program,sonic_drive_three_laps.py,function,ec959a186dbd8278df967871b3a34262848e2c5ecc08c20aa12abb30068f0552,右壁追従 | target_deg=5.889,,208.88739088927463,108.11335748369025,249.07179680585713,95.5787258194257,98.9736328474857,0,95.35,72.21243051062557,4
95.4,833.4723885810714,504.5504869640827,-61.41604012167359,26.98166655740588,2.3570974601943746,33.710962326456205,7.365929563107421,417,442,375,435,33.710962326456205,NEUTRAL,program,sonic_drive_three_laps.py,function,ec959a186dbd8278df967871b3a34262848e2c5ecc08c20aa12abb30068f0552,右壁追従 | target_deg=5.875,,207.67127863238395,110.53527160562057,249.03829665092107,96.40462808370913,102.10299384295196,0,95.4,71.40767509285698,4
95.45,832.2867764152866,505.1939566379283,-61.603758556381834,26.978048370786162,2.364316660414663,33.70701432633573,7.388489563795822,417,442,375,435,33.70701432633573,NEUTRAL,program,sonic_drive_three_laps.py,function,ec959a186dbd8278df967871b3a34262848e2c5ecc08c20aa12abb30068f0552,右壁追従 | target_deg=5.893,,208.2884430487578,109.30272427067416,250.0,91.76796554911598,101.71054029383549,0,95.45,70.61438127466579,4
95.5,831.0991910805628,505.83347383167256,-61.791126918303135,26.975655014215548,2.360163994556069,33.70928531547715,7.375512482987716,417,442,375,435,33.70928531547715,NEUTRAL,program,sonic_drive_three_laps.py,function,ec959a186dbd8278df967871b3a34262848e2c5ecc08c20aa12abb30068f0552,右壁追従 | target_deg=5.883,,205.3742832869163,108.51434520801135,249.0178564748534,94.06464817847433,101.80653318952152,0,95.5,69.83299221559854,4
95.55,829.909626596027,506.469040588118,-61.979007764376036,26.973143977981035,2.366828086770147,33.705640890047576,7.396337771156709,417,442,375,435,33.705640890047576,NEUTRAL,program,sonic_drive_three_laps.py,function,ec959a186dbd8278df967871b3a34262848e2c5ecc08c20aa12abb30068f0552,右壁追従 | target_deg=5.900,,207.74312809029493,112.42830398417351,249.98048226226638,91.80720711312543,101.57401742060335,0,95.55,69.06379547057628,4
95.6,828.7180703419514,507.10066261352466,-62.16651449259851,26.971646601330036,2.3622865823778905,33.70812452526209,7.382145569930907,417,442,375,435,33.70812452526209,NEUTRAL,program,sonic_drive_three_laps.py,function,ec959a186dbd8278df967871b3a34262848e2c5ecc08c20aa12abb30068f0552,右壁追従 | target_deg=5.888,,206.85439032475833,110.71489125866287,248.34001843576556,89.9686581861977,101.02402364653254,0,95.6,68.30726918906052,4
95.65,827.5245103651539,507.7283521034379,-62.353999724087714,26.970502270748607,2.3621283970632585,33.70821103285603,7.381651240822683,417,442,375,435,33.70821103285603,NEUTRAL,program,sonic_drive_three_laps.py,function,ec959a186dbd8278df967871b3a34262848e2c5ecc08c20aa12abb30068f0552,右壁追従 | target_deg=5.888,,205.92318501543747,113.32763042169258,249.3630016590655,90.93398772308598,101.74136368764096,0,95.65,67.56377700018554,4
95.7,826.328996301296,508.3520604117303,-62.543252205601746,26.967402820248942,2.384573762401231,33.69593622368683,7.451793007503847,417,442,375,435,33.69593622368683,NEUTRAL,program,sonic_drive_three_laps.py,function,ec959a186dbd8278df967871b3a34262848e2c5ecc08c20aa12abb30068f0552,右壁追従 | target_deg=5.943,,205.75105903833588,114.86623979940757,249.70801160393555,89.93924681823916,99.0564395445604,0,95.7,66.83354153347999,4
95.75,825.1314911756097,508.97181096342723,-62.73047458932788,26.967510971533272,2.359125203575694,33.70985340429454,7.372266261174045,417,442,375,435,33.70985340429454,NEUTRAL,program,sonic_drive_three_laps.py,function,ec959a186dbd8278df967871b3a34262848e2c5ecc08c20aa12abb30068f0552,右壁追従 | target_deg=5.880,,208.7911037909877,114.5345992851065,246.58008513101848,91.54102606736662,100.96665432982769,0,95.75,66.11741047670374,4
95.8,823.9319946062257,509.5876163958191,-62.918814810592124,26.966201084495847,2.37326041719044,33.70212320934898,7.416438803720125,417,442,375,435,33.70212320934898,NEUTRAL,program,sonic_drive_three_laps.py,function,ec959a186dbd8278df967871b3a34262848e2c5ecc08c20aa12abb30068f0552,右壁追従 | target_deg=5.915,,203.99563787410105,112.99923169338052,249.23200340570986,89.30083894751671,99.88571513518455,0,95.8,65.41545423486559,4
95.85,822.7306062636637,510.19937620941084,-63.109821550871246,26.96184974002046,2.4071023471355524,33.683615903910244,7.522194834798601,417,442,375,435,33.683615903910244,NEUTRAL,program,sonic_drive_three_laps.py,function,ec959a186dbd8278df967871b3a34262848e2c5ecc08c20aa12abb30068f0552,右壁追従 | target_deg=5.999,,206.6396722352478,116.52774818454142,250.0,90.3408382359672,97.12001868599555,0,95.85,64.72793456379402,4
95.9,821.5273606703827,510.8070357673757,-63.30106906411743,26.958145337258518,2.4104866879750624,33.681765092513636,7.53277089992207,417,442,375,435,33.681765092513636,NEUTRAL,program,sonic_drive_three_laps.py,function,ec959a186dbd8278df967871b3a34262848e2c5ecc08c20aa12abb30068f0552,右壁追従 | target_deg=6.008,,204.29781380263597,118.24966364306125,250.0,88.74846941867983,99.10096289724976,0,95.9,64.05558928510852,4
95.95,820.3222733398925,511.41056888974435,-63.493583450983095,26.95366631170074,2.4268104857131294,33.672838015625636,7.5837827678535294,417,442,375,435,33.672838015625636,NEUTRAL,program,sonic_drive_three_laps.py,function,ec959a186dbd8278df967871b3a34262848e2c5ecc08c20aa12abb30068f0552,右壁追従 | target_deg=6.048,,207.2949821257972,118.67902404074391,250.0,88.01774667108343,97.14928894598557,0,95.95,63.3987275733399,4
96.0,819.1153647145668,512.0099385308847,-63.686993716461956,26.949043880781574,2.4385027435397144,33.666443812126715,7.620321073561607,417,443,375,435,33.666443812126715,NEUTRAL,program,sonic_drive_three_laps.py,function,ec959a186dbd8278df967871b3a34262848e2c5ecc08c20aa12abb30068f0552,右壁追従 | target_deg=6.077,,206.5022894179897,114.73807789624969,250.0,85.98965992111543,96.75192057700185,0,96.0,62.757841818221564,4
96.05,817.9066411864451,512.605121672461,-63.881150693055375,26.944495113839068,2.4483211649718326,33.66107436290603,7.651003640536977,417,443,375,435,33.66107436290603,NEUTRAL,program,sonic_drive_three_laps.py,function,ec959a186dbd8278df967871b3a34262848e2c5ecc08c20aa12abb30068f0552,右壁追従 | target_deg=6.101,,207.6546178569386,118.79808262551224,248.784216917093,86.59941104515036,95.05737278855521,0,96.05,62.1333997854498,4
96.1,816.696128301593,513.1960781375802,-64.07680612451908,26.93906492206978,2.467658174782322,33.65049943566592,7.7114317961947565,417,443,375,435,33.65049943566592,NEUTRAL,program,sonic_drive_three_laps.py,function,ec959a186dbd8278df967871b3a34262848e2c5ecc08c20aa12abb30068f0552,右壁追従 | target_deg=6.149,,207.30488616412774,118.33327521033179,250.0,84.3940311868152,94.37940468624512,0,96.1,61.525747372786654,4
96.15,815.4838655038722,513.7827490575249,-64.27415224458763,26.932704201737373,2.4895079032712197,33.63855036539855,7.779712197722562,417,443,375,435,33.63855036539855,NEUTRAL,program,sonic_drive_three_laps.py,function,ec959a186dbd8278df967871b3a34262848e2c5ecc08c20aa12abb30068f0552,右壁追従 | target_deg=6.203,,206.89246496991257,119.62334496081253,249.68870266068953,85.36858576173233,92.52162324542627,0,96.15,60.9353039173578,4
96.2,814.2698878531196,514.3650754861334,-64.47321061494678,26.92558740241071,2.511715204005543,33.62640574780947,7.849110012517321,417,443,375,435,33.62640574780947,NEUTRAL,program,sonic_drive_three_laps.py,function,ec959a186dbd8278df967871b3a34262848e2c5ecc08c20aa12abb30068f0552,右壁追従 | target_deg=6.258,,205.0844487372365,120.38753710653927,249.4951409204127,85.3708925200038,90.91436565337405,0,96.2,60.36250770713523,4
96.25,813.0541491416466,514.9430706117283,-64.67142778836126,26.92106888169404,2.5016292011230674,33.63192153063582,7.817591253509585,417,443,375,435,33.63192153063582,NEUTRAL,program,sonic_drive_three_laps.py,function,ec959a186dbd8278df967871b3a34262848e2c5ecc08c20aa12abb30068f0552,右壁追従 | target_deg=6.233,,206.0089299231979,116.71816452059105,246.96313502475934,82.486114092648,91.33734291188658,0,96.25,59.80819294011476,4
96.3,811.8365979444368,515.5167706277897,-64.86972377350322,26.917434235825255,2.5029925709729786,33.631175937749155,7.821851784290558,417,443,375,435,33.631175937749155,NEUTRAL,program,sonic_drive_three_laps.py,function,ec959a186dbd8278df967871b3a34262848e2c5ecc08c20aa12abb30068f0552,右壁追従 | target_deg=6.237,,205.38346192907704,123.05706336748112,248.0601203343437,86.7096065899732,91.52494354589903,0,96.3,59.2726842033468,4
96.35,810.6172724185128,516.0861311795862,-65.07010105032884,26.91198807664369,2.5296735593033457,33.61658477225598,7.905229872822955,417,443,375,435,33.61658477225598,NEUTRAL,program,sonic_drive_three_laps.py,function,ec959a186dbd8278df967871b3a34262848e2c5ecc08c20aa12abb30068f0552,右壁追従 | target_deg=6.303,,207.60285730480734,122.47327515747087,250.0,83.87171169006079,89.97479265601596,0,96.35,58.756123206883245,4
96.4,809.396125680647,516.6511717893405,-65.26870015778178,26.909948668446933,2.5075690404814415,33.62867318098671,7.836153251504505,417,443,375,435,33.62867318098671,NEUTRAL,program,sonic_drive_three_laps.py,function,ec959a186dbd8278df967871b3a34262848e2c5ecc08c20aa12abb30068f0552,右壁追従 | target_deg=6.248,,207.7766767412813,120.3033134155469,247.4104222612479,84.31067249461599,92.27853357300319,0,96.4,58.259604804454696,4
96.45,808.1731350842505,517.2119152705833,-65.46821069817739,26.90721300877044,2.5192922573346426,33.62226204677012,7.872788304170758,417,443,375,435,33.62226204677012,NEUTRAL,program,sonic_drive_three_laps.py,function,ec959a186dbd8278df967871b3a34262848e2c5ecc08c20aa12abb30068f0552,右壁追従 | target_deg=6.277,,209.53358833180653,121.41299007990548,247.0747528609377,84.426169927935,88.7751002646593,0,96.45,57.783157738029324,4
96.5,806.9483782816889,517.7682845775394,-65.67011719646452,26.902075746937978,2.5499033807245812,33.60552158866624,7.968448064764317,417,443,375,435,33.60552158866624,NEUTRAL,program,sonic_drive_three_laps.py,function,ec959a186dbd8278df967871b3a34262848e2c5ecc08c20aa12abb30068f0552,右壁追従 | target_deg=6.353,,209.49906706830578,120.37749606399726,250.0,82.71502612969884,88.42752114670584,0,96.5,57.32697497285536,4
96.55,805.7218976289298,518.3202202157754,-65.87288915834374,26.896972035485057,2.5613054096384844,33.59928610410395,8.004079405120264,416,443,375,435,33.59928610410395,NEUTRAL,program,sonic_drive_three_laps.py,function,ec959a186dbd8278df967871b3a34262848e2c5ecc08c20aa12abb30068f0552,右壁追従 | target_deg=6.381,,214.12679421877442,121.41830834738481,249.5442553518192,82.67424596581282,88.64190119686991,0,96.55,56.89175444456034,4
96.6,804.4937221004107,518.8676792126784,-66.07728408335474,26.890946476779366,2.5823208474413506,33.58779328655551,8.069752648254221,416,443,375,435,33.58779328655551,NEUTRAL,program,sonic_drive_three_laps.py,function,ec959a186dbd8278df967871b3a34262848e2c5ecc08c20aa12abb30068f0552,右壁追従 | target_deg=6.433,,209.34072633534214,121.61093376434744,248.7797702008962,82.67626827181765,85.87193753158647,0,96.6,56.47777998214024,4
96.65,803.2639297297751,519.4105702527327,-66.28465666821312,26.882503027384494,2.620616946062502,33.566850107622066,8.18942795644532,416,443,375,435,33.566850107622066,NEUTRAL,program,sonic_drive_three_laps.py,function,ec959a186dbd8278df967871b3a34262848e2c5ecc08c20aa12abb30068f0552,右壁追従 | target_deg=6.528,,209.84371702598327,122.37591424381445,249.69193079081805,81.99608188141238,83.14665722709802,0,96.65,56.085187133734955,4
96.7,802.0325552195519,519.9488264333717,-66.4933174671619,26.874279303492656,2.6376876988035445,33.55751453971681,8.242774058761077,416,443,375,435,33.55751453971681,NEUTRAL,program,sonic_drive_three_laps.py,function,ec959a186dbd8278df967871b3a34262848e2c5ecc08c20aa12abb30068f0552,右壁追従 | target_deg=6.570,,209.41456980992814,122.6472309751469,249.04458631688343,81.05654529889522,82.96028047834821,0,96.7,55.71465762774838,4
96.75,800.7996234887754,520.4823952852377,-66.70420500434149,26.865051324408896,2.6666704139749,33.541664617357476,8.333345043671562,416,443,375,435,33.541664617357476,NEUTRAL,program,sonic_drive_three_laps.py,function,ec959a186dbd8278df967871b3a34262848e2c5ecc08c20aa12abb30068f0552,右壁追従 | target_deg=6.642,,211.94437744235353,122.60078436644238,250.0,81.72940512918292,81.24680124898708,0,96.75,55.36636143737772,4
96.8,799.5651225227393,521.0112495109826,-66.91568066625005,26.85708783295264,2.674937904940569,33.537143333235626,8.359180952939278,416,443,375,435,33.537143333235626,NEUTRAL,program,sonic_drive_three_laps.py,function,ec959a186dbd8278df967871b3a34262848e2c5ecc08c20aa12abb30068f0552,右壁追従 | target_deg=6.662,,212.37729493975354,122.43656578595021,250.0,80.14143226500097,82.22125212900272,0,96.8,55.04095917830716,4
96.85,798.3290465541451,521.5353663730154,-67.12880756950481,26.848781970003106,2.6966126650327094,33.52528994881024,8.426914578227217,416,443,375,435,33.52528994881024,NEUTRAL,program,sonic_drive_three_laps.py,function,ec959a186dbd8278df967871b3a34262848e2c5ecc08c20aa12abb30068f0552,右壁追従 | target_deg=6.716,,211.6398616772721,124.55598643621104,250.0,80.24786336227184,79.90146793659385,0,96.85,54.73856487497069,4
96.9,797.0913330567752,522.0547665947071,-67.3409700671411,26.843485367629413,2.6850761480316914,33.531598981545166,8.390862962599035,416,443,375,435,33.531598981545166,NEUTRAL,program,sonic_drive_three_laps.py,function,ec959a186dbd8278df967871b3a34262848e2c5ecc08c20aa12abb30068f0552,右壁追従 | target_deg=6.687,,211.9756977803623,121.57709931427569,250.0,79.2170224252288,83.01318781937223,0,96.9,54.460042666753225,4
96.95,795.8519133297915,522.569495119404,-67.5530024718476,26.839500166865815,2.6838818112485914,33.532252134473424,8.387130660151849,416,443,375,435,33.532252134473424,NEUTRAL,program,sonic_drive_three_laps.py,function,ec959a186dbd8278df967871b3a34262848e2c5ecc08c20aa12abb30068f0552,右壁追従 | target_deg=6.684,,212.63679355127428,122.73477136105599,250.0,77.23475305169751,82.34336018768799,0,96.95,54.20555485484915,4
97.0,794.6108103388299,523.0795239790351,-67.76676524606943,26.834209370665082,2.7062328091025836,33.520028932522024,8.456977528445574,416,443,375,435,33.520028932522024,NEUTRAL,program,sonic_drive_three_laps.py,function,ec959a186dbd8278df967871b3a34262848e2c5ecc08c20aa12abb30068f0552,右壁追従 | target_deg=6.739,,215.16247597670383,123.90972998173852,249.74066638790927,76.55595580128829,78.99219687855633,0,97.0,53.974990763033354,4
97.05,793.3680457009012,523.5848162902869,-67.98116621533404,26.829264888168264,2.71481357988683,33.51533632349939,8.483792437146343,416,443,375,435,33.51533632349939,NEUTRAL,program,sonic_drive_three_laps.py,function,ec959a186dbd8278df967871b3a34262848e2c5ecc08c20aa12abb30068f0552,右壁追従 | target_deg=6.761,,216.31262071973327,123.01072351605272,250.0,79.92322027527408,79.70647124437089,0,97.05,53.768835627559284,4
97.1,792.123653923511,524.0853292987579,-68.1973738690063,26.823125642615658,2.7382331071765136,33.50252876951284,8.556978459926604,416,443,375,435,33.50252876951284,NEUTRAL,program,sonic_drive_three_laps.py,function,ec959a186dbd8278df967871b3a34262848e2c5ecc08c20aa12abb30068f0552,右壁追従 | target_deg=6.818,,218.92856420131358,123.95295687079025,250.0,78.18483764147054,77.17459461291362,0,97.1,53.58704771689912,4
97.15,790.8775699996362,524.5810928801376,-68.41163214658731,26.820762023808527,2.7139714730296784,33.5157968506869,8.481160853217744,416,443,375,435,33.5157968506869,NEUTRAL,program,sonic_drive_three_laps.py,function,ec959a186dbd8278df967871b3a34262848e2c5ecc08c20aa12abb30068f0552,右壁追従 | target_deg=6.758,,217.7465044165976,124.54412849793538,247.99194646953546,77.45495633457043,80.11518399123096,0,97.15,53.43069767748825,4
97.2,789.6297158812971,525.0721720961349,-68.62522627492267,26.819743882763692,2.705727557327222,33.52030524208668,8.45539861664757,416,443,375,435,33.52030524208668,NEUTRAL,program,sonic_drive_three_laps.py,function,ec959a186dbd8278df967871b3a34262848e2c5ecc08c20aa12abb30068f0552,右壁追従 | target_deg=6.738,,218.84328204977373,122.02619536973214,248.59980990177664,79.4150830121941,80.08526933432093,0,97.2,53.29973044764219,4
97.25,788.3801605413273,525.5585168307783,-68.8413812675636,26.815733193201524,2.738406581842434,33.50243390055492,8.557520568257607,416,443,375,435,33.50243390055492,NEUTRAL,program,sonic_drive_three_laps.py,function,ec959a186dbd8278df967871b3a34262848e2c5ecc08c20aa12abb30068f0552,右壁追従 | target_deg=6.819,,218.00856111263752,124.2320266078087,250.0,76.31276271225299,76.49721484638688,0,97.25,53.193537957722604,4
97.3,787.128951712748,526.0400737497869,-69.05784876317928,26.812199127892466,2.7427397232623485,33.50006421384091,8.57106163519484,416,443,375,435,33.50006421384091,NEUTRAL,program,sonic_drive_three_laps.py,function,ec959a186dbd8278df967871b3a34262848e2c5ecc08c20aa12abb30068f0552,右壁追従 | target_deg=6.830,,216.3078252273245,121.89149664388482,250.0,75.1563054017629,78.2668495308359,0,97.3,53.11274199177321,4
97.35,785.8760874736355,526.5168365095103,-69.27468298772985,26.808970276251603,2.7477219651875813,33.49733955028804,8.58663114121119,416,444,375,435,33.49733955028804,NEUTRAL,program,sonic_drive_three_laps.py,function,ec959a186dbd8278df967871b3a34262848e2c5ecc08c20aa12abb30068f0552,右壁追従 | target_deg=6.842,,218.43490171873984,124.15885854889707,250.0,76.26297345499779,77.90873442292313,0,97.35,53.055627133405494,4
97.4,784.6215743647258,526.988793321101,-69.49199899407157,26.80583599346684,2.754143035362573,33.49382802753609,8.60669698550804,416,444,375,435,33.49382802753609,NEUTRAL,program,sonic_drive_three_laps.py,function,ec959a186dbd8278df967871b3a34262848e2c5ecc08c20aa12abb30068f0552,右壁追従 | target_deg=6.858,,223.2899937439737,124.07475594766737,249.8560218132092,73.8309787128238,77.25986643420282,0,97.4,53.00628958011006,4
97.45,783.3654277594009,527.4559257770645,-69.70994675324825,26.802587377341627,2.7624667332111374,33.48927600527516,8.632708541284805,416,444,375,435,33.48927600527516,NEUTRAL,program,sonic_drive_three_laps.py,function,ec959a186dbd8278df967871b3a34262848e2c5ecc08c20aa12abb30068f0552,右壁追従 | target_deg=6.878,,223.51969345830278,120.29705628406533,250.0,74.15112606395353,76.7466543539871,0,97.45,52.96096038763533,4
97.5,782.1076586778821,527.9182181052304,-69.9283013471862,26.799531403856477,2.767938268564421,33.486283759378836,8.649807089263815,416,444,375,435,33.486283759378836,NEUTRAL,program,sonic_drive_three_laps.py,function,ec959a186dbd8278df967871b3a34262848e2c5ecc08c20aa12abb30068f0552,右壁追従 | target_deg=6.892,,222.8938444190629,124.36560865811776,250.0,74.44140132080399,76.60999406061752,0,97.5,52.91970391060367,4
97.55,780.8483210664858,528.3756235419123,-70.14852880429879,26.79478524804516,2.7920659808058748,33.47308891674679,8.725206190018358,416,444,375,435,33.47308891674679,NEUTRAL,program,sonic_drive_three_laps.py,function,ec959a186dbd8278df967871b3a34262848e2c5ecc08c20aa12abb30068f0552,右壁追従 | target_deg=6.951,,226.85153487149853,122.89207235553319,249.32375568906988,71.66223804718403,73.082817565316,0,97.55,52.88228146761733,4
97.6,779.5837890247249,528.8305697990231,-70.26762031785631,26.931951472746587,1.363571733242048,34.25429670838326,4.2611616663814,417,439,375,435,34.25429670838326,NEUTRAL,program,sonic_drive_three_laps.py,function,ec959a186dbd8278df967871b3a34262848e2c5ecc08c20aa12abb30068f0552,右壁追従 | target_deg=3.406,,223.87827603532284,122.72463239283363,54.649275639727335,75.8113893546669,72.25507331246388,0,97.6,52.864325957917515,4
97.65,778.3093518298709,529.2874774035491,-70.27723696921201,27.172647561348807,0.0,35.0,0.0,418,435,375,435,35.0,NEUTRAL,program,sonic_drive_three_laps.py,function,ec959a186dbd8278df967871b3a34262848e2c5ecc08c20aa12abb30068f0552,右壁追従 | target_deg=0.000,,226.9853144377451,123.19726464267288,52.6668492665523,71.55156586088195,72.45125498221441,0,97.65,52.86300545321578,4
97.7,777.0251209847202,529.7478743208104,-70.27723696921201,27.35910022786852,0.0,35.0,0.0,418,435,375,435,35.0,NEUTRAL,program,sonic_drive_three_laps.py,function,ec959a186dbd8278df967871b3a34262848e2c5ecc08c20aa12abb30068f0552,右壁追従 | target_deg=0.000,,224.5265991320089,126.45118362436592,52.985133733903076,73.33661450669474,70.48365399082354,0,97.7,52.863005453215735,4
97.75,775.733308936043,530.2109891004762,-70.27723696921201,27.503533804060798,0.0,35.0,0.0,418,435,375,435,35.0,NEUTRAL,program,sonic_drive_three_laps.py,function,ec959a186dbd8278df967871b3a34262848e2c5ecc08c20aa12abb30068f0552,右壁追従 | target_deg=0.000,,225.27326432453728,125.26456389908918,56.78497729202661,73.3102630418961,70.97467080090608,0,97.75,52.8630054532158,4
97.8,774.4356241886398,530.6762092433636,-70.27723696921201,27.61541773857929,0.0,35.0,0.0,418,435,375,435,35.0,NEUTRAL,program,sonic_drive_three_laps.py,function,ec959a186dbd8278df967871b3a34262848e2c5ecc08c20aa12abb30068f0552,右壁追従 | target_deg=0.000,,222.29381979118557,128.139584894552,55.40220894356163,71.45975390066494,68.7073010401519,0,97.8,52.86300545321573,4
97.85,773.1333902175933,531.1430602834914,-70.27723696921201,27.70208743916659,0.0,35.0,0.0,418,435,375,435,35.0,NEUTRAL,program,sonic_drive_three_laps.py,function,ec959a186dbd8278df967871b3a34262848e2c5ecc08c20aa12abb30068f0552,右壁追従 | target_deg=0.000,,221.83934870282687,129.52860483159262,55.315262934795186,71.17895223400322,70.67276009957071,0,97.85,52.863005453215784,4
97.9,771.827632238808,531.6111746808307,-70.27723696921201,27.769225201457665,0.0,35.0,0.0,418,435,375,435,35.0,NEUTRAL,program,sonic_drive_three_laps.py,function,ec959a186dbd8278df967871b3a34262848e2c5ecc08c20aa12abb30068f0552,右壁追従 | target_deg=0.000,,218.8342992055922,130.97054277932975,54.8728137640144,73.40371031623349,68.23517859851961,0,97.9,52.86300545321586,4
97.95,770.5191444248867,532.0802677244046,-70.27723696921201,27.821232755365305,0.0,35.0,0.0,418,435,375,435,35.0,NEUTRAL,program,sonic_drive_three_laps.py,function,ec959a186dbd8278df967871b3a34262848e2c5ecc08c20aa12abb30068f0552,右壁追従 | target_deg=0.000,,218.04513933430724,128.63021519316334,56.95385890700953,70.16217649612481,69.2046729091623,0,97.95,52.86300545321582,4
98.0,769.2085419731947,532.5501188658816,-70.27723696921201,27.86151985417758,0.0,35.0,0.0,418,435,375,435,35.0,NEUTRAL,program,sonic_drive_three_laps.py,function,ec959a186dbd8278df967871b3a34262848e2c5ecc08c20aa12abb30068f0552,右壁追従 | target_deg=0.000,,214.54039401051892,127.004849796186,61.31586941289452,69.37427230948441,71.73402195679148,0,98.0,52.86300545321573,4
98.05,767.8963014398315,533.020557259841,-70.27723696921201,27.892727827034616,0.0,35.0,0.0,418,435,375,435,35.0,NEUTRAL,program,sonic_drive_three_laps.py,function,ec959a186dbd8278df967871b3a34262848e2c5ecc08c20aa12abb30068f0552,右壁追従 | target_deg=0.000,,214.47951875585755,131.53776033890034,55.82052623928331,67.79040417586934,69.17912993946759,0,98.05,52.863005453215806,4
98.1,766.5827919839139,533.4914505626933,-70.27723696921201,27.916902751478386,0.0,35.0,0.0,418,435,375,435,35.0,NEUTRAL,program,sonic_drive_three_laps.py,function,ec959a186dbd8278df967871b3a34262848e2c5ecc08c20aa12abb30068f0552,右壁追従 | target_deg=0.000,,213.8948417077073,132.7667519878447,58.41724559451915,67.84592317074481,69.54422930218118,0,98.1,52.86300545321569,4
98.15,765.2682995706277,533.9626962558843,-70.27723696921201,27.935629599727683,0.0,35.0,0.0,418,435,375,435,35.0,NEUTRAL,program,sonic_drive_three_laps.py,function,ec959a186dbd8278df967871b3a34262848e2c5ecc08c20aa12abb30068f0552,右壁追従 | target_deg=0.000,,212.88016967430463,135.92999096760514,57.26990968226595,66.18186499641682,65.88439137954053,0,98.15,52.863005453215685,4
98.2,763.9530457198646,534.4342149245052,-70.27723696921201,27.950136153664097,0.0,35.0,0.0,418,435,375,435,35.0,NEUTRAL,program,sonic_drive_three_laps.py,function,ec959a186dbd8278df967871b3a34262848e2c5ecc08c20aa12abb30068f0552,右壁追従 | target_deg=0.000,,209.82127049025001,135.3430353558433,59.31895150127693,68.47032895282021,63.88244197951468,0,98.2,52.86300545321563,4
98.25,762.6372020296536,534.9059450506413,-70.27723696921201,27.961373501471297,0.0,35.0,0.0,418,435,375,435,35.0,NEUTRAL,program,sonic_drive_three_laps.py,function,ec959a186dbd8278df967871b3a34262848e2c5ecc08c20aa12abb30068f0552,右壁追従 | target_deg=0.000,,206.00687858127057,137.86950717740862,60.747038644971965,66.65833174285957,65.61629045987195,0,98.25,52.8630054532156,4
98.3,761.3209014265844,535.3778389800939,-70.27723696921201,27.97007839350103,0.0,35.0,0.0,418,435,375,435,35.0,NEUTRAL,program,sonic_drive_three_laps.py,function,ec959a186dbd8278df967871b3a34262848e2c5ecc08c20aa12abb30068f0552,右壁追従 | target_deg=0.000,,207.6194005291416,136.9683270998621,62.91145409067549,67.39591282866216,63.071274512763004,0,98.3,52.86300545321568,4
98.35,760.0042468808261,535.8498597980442,-70.27723696921201,27.97682154558188,0.0,35.0,0.0,418,435,375,435,35.0,NEUTRAL,program,sonic_drive_three_laps.py,function,ec959a186dbd8278df967871b3a34262848e2c5ecc08c20aa12abb30068f0552,右壁追従 | target_deg=0.000,,207.09751735253514,137.72668090177834,61.140842097362864,65.89797265846983,64.29850576451221,0,98.35,52.863005453215614,4
98.4,758.6873181571262,536.3219789088207,-70.27723696921201,27.98204505666394,0.0,35.0,0.0,418,435,375,435,35.0,NEUTRAL,program,sonic_drive_three_laps.py,function,ec959a186dbd8278df967871b3a34262848e2c5ecc08c20aa12abb30068f0552,右壁追従 | target_deg=0.000,,204.773517716908,136.67451637328435,63.49530177956659,63.496688423612426,67.20735537999802,0,98.4,52.86338107620534,4
98.45,757.3701770443982,536.7941741610903,-70.27723696921201,27.98609139399954,0.0,35.0,0.0,418,435,375,435,35.0,NEUTRAL,program,sonic_drive_three_laps.py,function,ec959a186dbd8278df967871b3a34262848e2c5ecc08c20aa12abb30068f0552,右壁追従 | target_deg=0.000,,202.61744601517475,142.63767092862525,63.64379106945523,66.14079970100894,63.823030444974755,0,98.45,52.88621225463493,4
98.5,756.052871406767,537.2664283955579,-70.27723696921201,27.9892258462054,0.0,35.0,0.0,418,435,375,435,35.0,NEUTRAL,program,sonic_drive_three_laps.py,function,ec959a186dbd8278df967871b3a34262848e2c5ecc08c20aa12abb30068f0552,右壁追従 | target_deg=0.000,,199.78460332398544,143.8253998281119,63.96320493064506,62.84383587296043,60.88294027893819,0,98.5,52.94436634419574,4
98.55,754.7354383216687,537.7387283199585,-70.27723696921201,27.99165391628853,0.0,35.0,0.0,418,435,375,435,35.0,NEUTRAL,program,sonic_drive_three_laps.py,function,ec959a186dbd8278df967871b3a34262848e2c5ecc08c20aa12abb30068f0552,右壁追従 | target_deg=0.000,,202.55619291250818,145.98684594853222,64.98184229802717,65.01541462328203,62.83692964484686,0,98.55,53.03774247387136,4
98.6,753.4179065107443,538.2110636375796,-70.27723696921201,27.993534794968888,0.0,35.0,0.0,418,435,375,435,35.0,NEUTRAL,program,sonic_drive_three_laps.py,function,ec959a186dbd8278df967871b3a34262848e2c5ecc08c20aa12abb30068f0552,右壁追従 | target_deg=0.000,,198.04116284256665,143.15852109664758,63.951790638070506,63.48590865699807,65.93772602430187,0,98.6,53.16617042805826,4
98.65,752.1002982229086,538.683426372183,-70.27723696921201,27.99499179764554,0.0,35.0,0.0,418,435,375,435,35.0,NEUTRAL,program,sonic_drive_three_laps.py,function,ec959a186dbd8278df967871b3a34262848e2c5ecc08c20aa12abb30068f0552,右壁追従 | target_deg=0.000,,197.46263606738722,147.27982723884574,64.39890004455359,60.46895641582006,63.569877730221606,0,98.65,53.32941315055572,4
98.7,750.782630693046,539.1558103450604,-70.27723696921201,27.99612044928157,0.0,35.0,0.0,418,435,375,435,35.0,NEUTRAL,program,sonic_drive_three_laps.py,function,ec959a186dbd8278df967871b3a34262848e2c5ecc08c20aa12abb30068f0552,右壁追従 | target_deg=0.000,,198.6196593557256,145.38638190029454,64.40845904807094,62.06371123796934,61.104141234327365,0,98.7,53.52716960786063,4
98.75,749.4649172719775,539.6282107699409,-70.27723696921201,27.99699474727425,0.0,35.0,0.0,418,435,375,435,35.0,NEUTRAL,program,sonic_drive_three_laps.py,function,ec959a186dbd8278df967871b3a34262848e2c5ecc08c20aa12abb30068f0552,右壁追従 | target_deg=0.000,,193.68406462754328,148.13240403816326,66.42322277960196,60.594841338660736,61.98277307062089,0,98.75,53.759078019457014,4
98.8,748.1471683017738,540.1006239391905,-70.27723696921201,27.997672012920795,0.0,35.0,0.0,418,435,375,435,35.0,NEUTRAL,program,sonic_drive_three_laps.py,function,ec959a186dbd8278df967871b3a34262848e2c5ecc08c20aa12abb30068f0552,右壁追従 | target_deg=0.000,,193.57338792022887,148.0768312358124,64.203027338027,62.952422756452634,63.32152935529782,0,98.8,54.02471943915291,4
98.85,746.8293917938106,540.5730469807306,-70.27723696921201,27.99819664955479,0.0,35.0,0.0,418,435,375,435,35.0,NEUTRAL,program,sonic_drive_three_laps.py,function,ec959a186dbd8278df967871b3a34262848e2c5ecc08c20aa12abb30068f0552,右壁追従 | target_deg=0.000,,191.8016253574609,149.39410553872912,65.70202243354606,58.35432765138013,58.05807394809765,0,98.85,54.32362165332906,4
98.9,745.5115939540145,541.0454776697353,-70.27723696921201,27.998603053746606,0.0,35.0,0.0,418,435,375,435,35.0,NEUTRAL,program,sonic_drive_three_laps.py,function,ec959a186dbd8278df967871b3a34262848e2c5ecc08c20aa12abb30068f0552,右壁追従 | target_deg=0.000,,194.19555914822502,151.56823456684552,65.65771215321944,60.90937416217359,59.49056797707822,0,98.9,53.8665871114888,4
98.95,744.193779589741,541.5179142827674,-70.27723696921201,27.99891787043386,0.0,35.0,0.0,418,435,375,435,35.0,NEUTRAL,program,sonic_drive_three_laps.py,function,ec959a186dbd8278df967871b3a34262848e2c5ecc08c20aa12abb30068f0552,右壁追従 | target_deg=0.000,,192.9765767081268,153.23868657683838,67.14219687765929,60.109192751428786,59.88780047058307,0,98.95,53.394150498456725,4
99.0,742.8759524249566,541.9903554847841,-70.27723696921201,27.99916173983425,0.0,35.0,0.0,418,435,375,435,35.0,NEUTRAL,program,sonic_drive_three_laps.py,function,ec959a186dbd8278df967871b3a34262848e2c5ecc08c20aa12abb30068f0552,右壁追従 | target_deg=0.000,,187.1505111770544,154.65953086461684,68.539292873529,60.25410228936978,56.56952045628477,0,99.0,52.921709296439985,4
99.05,741.5581153443927,542.4628002416091,-70.27723696921201,27.99935065067302,0.0,35.0,0.0,418,435,375,435,35.0,NEUTRAL,program,sonic_drive_three_laps.py,function,ec959a186dbd8278df967871b3a34262848e2c5ecc08c20aa12abb30068f0552,右壁追従 | target_deg=0.000,,185.10020836226605,154.39883411380603,68.53530198020201,58.002164174219324,59.542506182269406,0,99.05,52.449264539615,4
99.1,740.2402705826754,542.9352477521284,-70.27723696921201,27.99949698844621,0.0,35.0,0.0,418,435,375,435,35.0,NEUTRAL,program,sonic_drive_three_laps.py,function,ec959a186dbd8278df967871b3a34262848e2c5ecc08c20aa12abb30068f0552,右壁追従 | target_deg=0.000,,186.43551947813654,154.56800425876318,67.20215025394596,58.00980778732253,55.78365207583892,0,99.1,51.97681702909574,4
99.15,738.9224198708343,543.407697395768,-70.27723696921201,27.999610347446694,0.0,35.0,0.0,418,435,375,435,35.0,NEUTRAL,program,sonic_drive_three_laps.py,function,ec959a186dbd8278df967871b3a34262848e2c5ecc08c20aa12abb30068f0552,右壁追従 | target_deg=0.000,,185.7786422727576,156.47774138923467,69.40284773617185,58.536989053133,57.729163176370164,0,99.15,51.504367385456135,4
99.2,737.6045645497932,543.8801486918063,-70.27723696921201,27.999698159791453,0.0,35.0,0.0,418,435,375,435,35.0,NEUTRAL,program,sonic_drive_three_laps.py,function,ec959a186dbd8278df967871b3a34262848e2c5ecc08c20aa12abb30068f0552,右壁追従 | target_deg=0.000,,183.90629445495185,158.6265361249177,68.55943953180352,57.02916290383255,58.516848520447866,0,99.2,51.03191608941779,4
99.25,736.2867056582842,544.3526012678578,-70.27723696921201,27.999766182690905,0.0,35.0,0.0,418,435,375,435,35.0,NEUTRAL,program,sonic_drive_three_laps.py,function,ec959a186dbd8278df967871b3a34262848e2c5ecc08c20aa12abb30068f0552,右壁追従 | target_deg=0.000,,181.2858005212123,158.93098013795174,69.76305654379159,57.726729347162,57.743968462407594,0,99.25,50.55946351336627,4
99.3,734.9688440009502,544.8250548354579,-70.27723696921201,27.999818875906907,0.0,35.0,0.0,418,435,375,435,35.0,NEUTRAL,program,sonic_drive_three_laps.py,function,ec959a186dbd8278df967871b3a34262848e2c5ecc08c20aa12abb30068f0552,右壁追従 | target_deg=0.000,,180.80942902445352,160.24970965067865,69.86570306009986,55.9674842211976,56.906008139268515,0,99.3,50.087009945766226,4
99.35,733.6509802010992,545.2975091711504,-70.27723696921201,27.999859694146576,0.0,35.0,0.0,418,435,375,435,35.0,NEUTRAL,program,sonic_drive_three_laps.py,function,ec959a186dbd8278df967871b3a34262848e2c5ecc08c20aa12abb30068f0552,右壁追従 | target_deg=0.000,,180.51454767563075,159.7246301086036,70.57071817003428,56.44873268605222,54.550315799526466,0,99.35,49.614555610073694,4
99.4,732.3331147415702,545.7699641018377,-70.27723696921201,27.99989131356205,0.0,35.0,0.0,418,435,375,435,35.0,NEUTRAL,program,sonic_drive_three_laps.py,function,ec959a186dbd8278df967871b3a34262848e2c5ecc08c20aa12abb30068f0552,右壁追従 | target_deg=0.000,,175.28610387562009,165.59895170735174,73.33628292338827,55.19080306819558,58.70052518949687,0,99.4,49.14210067938643,4
99.45,731.0152479963892,546.2424194934315,-70.27723696921201,27.999915807206143,0.0,35.0,0.0,418,435,375,435,35.0,NEUTRAL,program,sonic_drive_three_laps.py,function,ec959a186dbd8278df967871b3a34262848e2c5ecc08c20aa12abb30068f0552,右壁追従 | target_deg=0.000,,175.8910855689364,163.33689943146575,71.10763337202762,55.63802633227086,55.211666457560035,0,99.45,48.669645287792605,4
99.5,729.6973802552917,546.7148752420616,-70.27723696921201,27.999934780947182,0.0,35.0,0.0,418,435,375,435,35.0,NEUTRAL,program,sonic_drive_three_laps.py,function,ec959a186dbd8278df967871b3a34262848e2c5ecc08c20aa12abb30068f0552,右壁追従 | target_deg=0.000,,174.21600766290857,164.88349114698144,73.68294918132497,54.60864846305641,53.63768799880511,0,99.5,48.19718953916254,4
99.55,728.379511742718,547.1873312672658,-70.27723696921201,27.99994947875399,0.0,35.0,0.0,418,435,375,435,35.0,NEUTRAL,program,sonic_drive_three_laps.py,function,ec959a186dbd8278df967871b3a34262848e2c5ecc08c20aa12abb30068f0552,右壁追従 | target_deg=0.000,,173.21685622187587,164.5376308679202,73.07716155835587,50.7106633740407,53.66531859485162,0,99.55,47.72473351395831,4
99.6,727.0616426325284,547.6597875067155,-70.27723696921201,27.9999608642538,0.0,35.0,0.0,418,435,375,435,35.0,NEUTRAL,program,sonic_drive_three_laps.py,function,ec959a186dbd8278df967871b3a34262848e2c5ecc08c20aa12abb30068f0552,右壁追従 | target_deg=0.000,,170.5684053962552,164.70621397680435,73.07279505895332,49.72545315634816,52.00421244690719,0,99.6,47.25227727450863,4
99.65,725.7437730594022,548.132243912128,-70.27723696921201,27.999969683910205,0.0,35.0,0.0,418,435,375,435,35.0,NEUTRAL,program,sonic_drive_three_laps.py,function,ec959a186dbd8278df967871b3a34262848e2c5ecc08c20aa12abb30068f0552,右壁追従 | target_deg=0.000,,170.9406499926447,168.7472169808778,75.38232993777,53.28081462422375,53.49463507084204,0,99.65,46.779820869096056,4
99.7,724.4259031276671,548.604700446102,-70.27723696921201,27.99997651596329,0.0,35.0,0.0,418,435,375,435,35.0,NEUTRAL,program,sonic_drive_three_laps.py,function,ec959a186dbd8278df967871b3a34262848e2c5ecc08c20aa12abb30068f0552,右壁追従 | target_deg=0.000,,167.94607654963605,168.9687671770494,75.61839580169418,52.54663346404042,52.234942182520136,0,99.7,46.30736433512209,4
99.75,723.1080329181392,549.0771570796645,-70.27723696921201,27.99998180834059,0.0,35.0,0.0,418,435,375,435,35.0,NEUTRAL,program,sonic_drive_three_laps.py,function,ec959a186dbd8278df967871b3a34262848e2c5ecc08c20aa12abb30068f0552,右壁追従 | target_deg=0.000,,165.37656329195062,168.68220833727653,74.6033824622405,50.629743152630205,49.52564676536422,0,99.75,45.83490770155959,4
99.8,721.790162493422,549.5496137903723,-70.27723696921201,27.999985908024406,0.0,35.0,0.0,418,435,375,435,35.0,NEUTRAL,program,sonic_drive_three_laps.py,function,ec959a186dbd8278df967871b3a34262848e2c5ecc08c20aa12abb30068f0552,右壁追従 | target_deg=0.000,,169.48972000862935,171.45064315882942,76.64921139703758,50.799081605020696,53.510789596721004,0,99.8,45.36245099085181,4
99.85,720.472291902011,550.0220705608401,-70.27723696921201,27.999989083800898,0.0,35.0,0.0,418,435,375,435,35.0,NEUTRAL,program,sonic_drive_three_laps.py,function,ec959a186dbd8278df967871b3a34262848e2c5ecc08c20aa12abb30068f0552,右壁追従 | target_deg=0.000,,164.00779274319328,172.91660305267905,76.25421662601035,51.092347142159255,51.192359482566225,0,99.85,44.88999422038398,4
99.9,719.1544211814722,550.4945273776001,-70.27723696921201,27.999991543882402,0.0,35.0,0.0,418,435,375,435,35.0,NEUTRAL,program,sonic_drive_three_laps.py,function,ec959a186dbd8278df967871b3a34262848e2c5ecc08c20aa12abb30068f0552,右壁追従 | target_deg=0.000,,163.21995359409237,177.1703780565766,76.16224573781167,51.03734510910051,51.0717116451144,0,99.9,44.41753740362401,4
99.95,717.836550360906,550.96698423022,-70.27723696921201,27.999993449558392,0.0,35.0,0.0,418,435,375,435,35.0,NEUTRAL,program,sonic_drive_three_laps.py,function,ec959a186dbd8278df967871b3a34262848e2c5ecc08c20aa12abb30068f0552,右壁追従 | target_deg=0.000,,162.0943536692474,173.97693613818404,78.25701317359855,50.62457075955311,49.63339952199573,0,99.95,43.94508055100414,4
100.0,716.5244597328092,551.4357969517696,-70.42363772952412,27.779141508709696,2.24,33.775,7.0,417,442,375,435,33.775,NEUTRAL,program,sonic_drive_three_laps.py,function,ec959a186dbd8278df967871b3a34262848e2c5ecc08c20aa12abb30068f0552,右壁追従 | target_deg=5.585,,160.73319404753943,176.2977411477647,79.31647005760561,47.940320210670706,48.51487866261865,0,100.0,43.50136494193441,4
100.05,715.2257325087268,551.8937966141957,-70.75022517229377,27.387207483250503,4.48,32.55,14.0,415,449,375,435,32.55,NEUTRAL,program,sonic_drive_three_laps.py,function,ec959a186dbd8278df967871b3a34262848e2c5ecc08c20aa12abb30068f0552,右壁追従 | target_deg=11.083,,160.3139391842218,175.08078608248894,79.96412724373799,48.30456949848869,50.61677595789888,0,100.05,43.099683135220744,4
100.1,713.9460455279443,552.3347165607235,-71.25098952769252,26.86274653949105,6.72,31.325,21.0,414,457,375,435,31.325,NEUTRAL,program,sonic_drive_three_laps.py,function,ec959a186dbd8278df967871b3a34262848e2c5ecc08c20aa12abb30068f0552,右壁追従 | target_deg=16.413,,161.15428147485687,171.4806612705575,78.86673892553253,47.431265106114836,49.49778924559405,0,100.1,42.74600307352034,4
100.15,712.6871482947414,552.7545265381879,-71.8713833176105,26.33027649163994,8.0,30.625,25.0,413,461,375,435,30.625,NEUTRAL,program,sonic_drive_three_laps.py,function,ec959a186dbd8278df967871b3a34262848e2c5ecc08c20aa12abb30068f0552,右壁追従 | target_deg=19.359,,165.2775580724711,173.0274886498849,77.67745852837905,47.49674892678337,46.20722630105519,0,100.15,42.43575318689557,4
100.2,711.4456605925549,553.153597221745,-72.48907659603748,25.91780422904413,8.0,30.625,25.0,413,461,375,435,30.625,NEUTRAL,program,sonic_drive_three_laps.py,function,ec959a186dbd8278df967871b3a34262848e2c5ecc08c20aa12abb30068f0552,右壁追従 | target_deg=19.359,,168.6486202542594,170.88248321927082,78.11641989414301,46.88293941863016,47.900986255952674,0,100.2,42.147380063824016,4
100.25,710.2169900138065,553.5340822630462,-73.09833078431974,25.59828697526148,8.0,30.625,25.0,413,461,375,435,30.625,NEUTRAL,program,sonic_drive_three_laps.py,function,ec959a186dbd8278df967871b3a34262848e2c5ecc08c20aa12abb30068f0552,右壁追従 | target_deg=19.359,,170.94089359998762,165.35670058487884,78.31260148708503,47.037470296570426,42.85420800147518,0,100.25,41.877645630911275,4
100.3,708.9975899156035,553.897608421857,-73.70104772112599,25.350776330976416,8.0,30.625,25.0,413,461,375,435,30.625,NEUTRAL,program,sonic_drive_three_laps.py,function,ec959a186dbd8278df967871b3a34262848e2c5ecc08c20aa12abb30068f0552,右壁追従 | target_deg=19.359,,179.19286191347192,162.38264723848172,75.7030205854847,46.15409145809067,45.715453128153115,0,100.3,41.625199128989834,4
100.35,707.7847254881135,554.2453945823297,-74.29870064556505,25.15904484133336,8.0,30.625,25.0,413,461,375,435,30.625,NEUTRAL,program,sonic_drive_three_laps.py,function,ec959a186dbd8278df967871b3a34262848e2c5ecc08c20aa12abb30068f0552,右壁追従 | target_deg=19.359,,183.20761232622107,160.35134443048565,78.18572911408806,46.367829551900925,44.43614904617937,0,100.35,41.389037432893815,4
100.4,706.5762948684189,554.5783524526461,-74.89243078665258,25.010522080920644,8.0,30.625,25.0,413,461,375,435,30.625,NEUTRAL,program,sonic_drive_three_laps.py,function,ec959a186dbd8278df967871b3a34262848e2c5ecc08c20aa12abb30068f0552,右壁追従 | target_deg=19.359,,190.03998929783754,157.81922968965065,78.86829430277733,47.53038250367002,45.47667906307055,0,100.4,41.16841673105421,4
100.45,705.3706894395515,554.8971623218724,-75.48312218531466,24.8954705033124,8.0,30.625,25.0,413,461,375,435,30.625,NEUTRAL,program,sonic_drive_three_laps.py,function,ec959a186dbd8278df967871b3a34262848e2c5ecc08c20aa12abb30068f0552,右壁追従 | target_deg=19.359,,197.45501751205413,157.04655537813085,77.47768278878094,48.089865456676925,45.26675505437477,0,100.45,40.96278667465799,4
100.5,704.1666848212033,555.2023301381066,-76.07145965445766,24.806347021676565,8.0,30.625,25.0,413,461,375,435,30.625,NEUTRAL,program,sonic_drive_three_laps.py,function,ec959a186dbd8278df967871b3a34262848e2c5ecc08c20aa12abb30068f0552,右壁追従 | target_deg=19.359,,202.98088423886193,149.6961770050437,78.72386482787549,49.62026012401794,44.67813583628284,0,100.5,40.77174119746712,4
100.55,702.9633558641467,555.4942305606463,-76.65797367712014,24.737308463979083,8.0,30.625,25.0,413,461,375,435,30.625,NEUTRAL,program,sonic_drive_three_laps.py,function,ec959a186dbd8278df967871b3a34262848e2c5ecc08c20aa12abb30068f0552,右壁追従 | target_deg=19.359,,211.84446514899767,152.1224548121249,78.32046741141122,49.045358201977244,42.824277956740765,0,100.55,40.594981742981076,4
100.6,701.7600103965659,555.7731394575865,-77.2430751863491,24.683828479114673,8.0,30.625,25.0,413,461,375,435,30.625,NEUTRAL,program,sonic_drive_three_laps.py,function,ec959a186dbd8278df967871b3a34262848e2c5ecc08c20aa12abb30068f0552,右壁追従 | target_deg=19.359,,213.8246454022657,145.65909672848468,77.20644745293647,46.36969885429047,42.9608466037389,0,100.6,40.14817970447296,4
100.65,700.5561376067373,556.0392584482647,-77.8270825070613,24.64240077731316,8.0,30.625,25.0,413,461,375,435,30.625,NEUTRAL,program,sonic_drive_three_laps.py,function,ec959a186dbd8278df967871b3a34262848e2c5ecc08c20aa12abb30068f0552,右壁追従 | target_deg=19.359,,249.2463920187109,142.21590446814383,80.3270408630343,49.492130147628814,45.933375273660964,0,100.65,39.699932047952245,4
100.7,699.3513678419323,556.2927334426283,-78.41024222626987,24.61030924847473,8.0,30.625,25.0,413,461,375,435,30.625,NEUTRAL,program,sonic_drive_three_laps.py,function,ec959a186dbd8278df967871b3a34262848e2c5ecc08c20aa12abb30068f0552,右壁追従 | target_deg=19.359,,247.2670284138419,145.01570088092947,79.02381224609695,51.41116900201035,44.38024697889192,0,100.7,39.30367008726367,4
100.75,698.1454413070264,556.5336686467739,-78.99274535998333,24.58544988678187,8.0,30.625,25.0,413,461,375,435,30.625,NEUTRAL,program,sonic_drive_three_laps.py,function,ec959a186dbd8278df967871b3a34262848e2c5ecc08c20aa12abb30068f0552,右壁追従 | target_deg=19.359,,249.55016712947946,141.15908832693748,79.93764530121898,47.588917348137784,43.04316043065269,0,100.75,38.96057572685962,4
100.8,696.9381836979733,556.7621371424096,-79.5747398767223,24.5661928464929,8.0,30.625,25.0,413,461,375,435,30.625,NEUTRAL,program,sonic_drive_three_laps.py,function,ec959a186dbd8278df967871b3a34262848e2c5ecc08c20aa12abb30068f0552,右壁追従 | target_deg=19.359,,249.59261510568172,139.26955331317743,77.98597491761512,47.608281811050105,42.70704051893635,0,100.8,38.671755305049125,4
100.85,695.7294872371556,556.9781888765108,-80.1563403987284,24.551275584928707,8.0,30.625,25.0,413,461,375,435,30.625,NEUTRAL,program,sonic_drive_three_laps.py,function,ec959a186dbd8278df967871b3a34262848e2c5ecc08c20aa12abb30068f0552,右壁追従 | target_deg=19.359,,249.39049567769337,138.66734420110035,80.1377361681937,49.287290777340864,40.4772573564034,0,100.85,38.438197361240285,4
100.9,694.5192959152283,557.1818566930758,-80.73763571690269,24.539720086823323,8.0,30.625,25.0,413,461,375,435,30.625,NEUTRAL,program,sonic_drive_three_laps.py,function,ec959a186dbd8278df967871b3a34262848e2c5ecc08c20aa12abb30068f0552,右壁追従 | target_deg=19.359,,250.0,136.8229248123804,79.09599558928909,50.8004845129842,42.09418253290621,0,100.9,38.26073684662434,4
100.95,693.3075940077666,557.373160884765,-81.31869461217289,24.530768743046927,8.0,30.625,25.0,413,461,375,435,30.625,NEUTRAL,program,sonic_drive_three_laps.py,function,ec959a186dbd8278df967871b3a34262848e2c5ecc08c20aa12abb30068f0552,右壁追従 | target_deg=19.359,,250.0,136.14297468523895,77.70262144282964,49.544972718374645,40.63074010338021,0,100.95,38.14002561639319,4
101.0,692.0943971408176,557.5521126258102,-81.89957036495355,24.523834679740226,8.0,30.625,25.0,413,461,375,435,30.625,NEUTRAL,program,sonic_drive_three_laps.py,function,ec959a186dbd8278df967871b3a34262848e2c5ecc08c20aa12abb30068f0552,右壁追従 | target_deg=19.359,,249.60081529770818,134.41859468198936,78.22899090062545,49.618173375027716,39.474192167467905,0,101.0,38.07650921997643,4
101.05,690.8745056355988,557.7205943851666,-82.35140780486037,24.698751785029106,5.76,31.625,18.0,414,453,375,435,31.625,NEUTRAL,program,sonic_drive_three_laps.py,function,ec959a186dbd8278df967871b3a34262848e2c5ecc08c20aa12abb30068f0552,右壁追従 | target_deg=14.154,,250.0,129.55649954898786,78.30490591010155,51.173624057345364,38.52879550530004,0,101.05,38.03942823801561,4
101.1,689.6406563460076,557.88285708774,-82.6426339424411,25.014537965055663,3.52,32.625,11.0,415,446,375,435,32.625,NEUTRAL,program,sonic_drive_three_laps.py,function,ec959a186dbd8278df967871b3a34262848e2c5ecc08c20aa12abb30068f0552,右壁追従 | target_deg=8.743,,250.0,130.36912467619584,76.76176767716963,50.46460870042674,40.944070602400245,0,101.1,38.01519711600761,4
101.15,688.3872885303809,558.0430138891799,-82.77133529386784,25.43944687643831,1.28,33.625,4.0,417,439,375,435,33.625,NEUTRAL,program,sonic_drive_three_laps.py,function,ec959a186dbd8278df967871b3a34262848e2c5ecc08c20aa12abb30068f0552,右壁追従 | target_deg=3.197,,250.0,130.2685069981077,81.10760958923095,51.44288264688638,40.12485328626356,0,101.15,37.997753941055805,4
101.2,687.1182457544271,558.2016317351337,-83.0023873199389,25.669439370958923,3.52,33.074999999999996,11.0,416,446,375,435,33.074999999999996,NEUTRAL,program,sonic_drive_three_laps.py,function,ec959a186dbd8278df967871b3a34262848e2c5ecc08c20aa12abb30068f0552,右壁追従 | target_deg=8.743,,250.0,126.31980115876667,75.66277265383044,48.47988605908242,38.94490603047996,0,101.2,38.04533251063647,4
101.25,685.8451073517812,558.3536322715439,-83.40380096230504,25.626747195038472,5.76,31.85,18.0,414,453,375,435,31.85,NEUTRAL,program,sonic_drive_three_laps.py,function,ec959a186dbd8278df967871b3a34262848e2c5ecc08c20aa12abb30068f0552,右壁追従 | target_deg=14.154,,247.50786141768415,126.44454344087247,79.65185058891466,49.46587710896935,40.853874076602104,0,101.25,38.13305403532428,4
101.3,684.5674020480341,558.497519781942,-83.73418379172435,25.773964658487458,4.16,32.85,13.0,416,448,375,435,32.85,NEUTRAL,program,sonic_drive_three_laps.py,function,ec959a186dbd8278df967871b3a34262848e2c5ecc08c20aa12abb30068f0552,仕切り壁予防：右壁の向き・離隔を保持 | target_deg=10.306,,250.0,128.39775521577076,76.5704227335505,50.57528067170255,39.610082677278214,0,101.3,38.19632510179135,4
101.35,683.2899845453338,558.6349691451611,-83.97999403683252,25.644615621651923,3.2,31.5,10.0,414,445,375,435,31.5,NEUTRAL,program,sonic_drive_three_laps.py,function,ec959a186dbd8278df967871b3a34262848e2c5ecc08c20aa12abb30068f0552,仕切り壁予防：右壁の向き・離隔を保持 | target_deg=7.957,,247.6907878806468,126.0161141069037,80.28679700791255,48.35973501824382,40.40847861951857,0,101.35,38.236730518104885,4
101.4,682.0147117329552,558.7667381243959,-84.22157482828412,25.639068229657138,3.2,32.025,10.0,415,445,375,435,32.025,NEUTRAL,program,sonic_drive_three_laps.py,function,ec959a186dbd8278df967871b3a34262848e2c5ecc08c20aa12abb30068f0552,仕切り壁予防：右壁の向き・離隔を保持 | target_deg=7.957,,246.83334043193383,128.14651576952934,79.66389549161639,48.28948200277441,37.186178339903066,0,101.4,38.27008531883322,4
101.45,680.7337271419452,558.8937659999484,-84.45206846057752,25.81505950513796,3.0410997630318057,33.025,9.503436759474393,416,444,375,435,33.025,NEUTRAL,program,sonic_drive_three_laps.py,function,ec959a186dbd8278df967871b3a34262848e2c5ecc08c20aa12abb30068f0552,仕切り壁予防：右壁の向き・離隔を保持 | target_deg=7.566,,248.5911656732601,123.23674508744544,78.0052586983776,51.6525167059593,40.41674190233459,0,101.45,38.29589989729577,4
101.5,679.4393071562149,559.0174357184284,-84.63273565537112,26.13167777968564,2.3579249521963574,34.025,7.368515475613617,417,442,375,435,34.025,NEUTRAL,program,sonic_drive_three_laps.py,function,ec959a186dbd8278df967871b3a34262848e2c5ecc08c20aa12abb30068f0552,仕切り壁予防：右壁の向き・離隔を保持 | target_deg=5.877,,248.75549847674122,126.453447399936,79.89284725242234,50.47980209135153,38.332459248787394,0,101.5,38.31148174049528,4
101.55,678.1391697158149,559.1368279399883,-84.87539189796757,26.09939037438347,3.1827360663025352,32.48550979176762,9.946050207195423,415,445,375,435,32.48550979176762,NEUTRAL,program,sonic_drive_three_laps.py,function,ec959a186dbd8278df967871b3a34262848e2c5ecc08c20aa12abb30068f0552,仕切り壁予防：右壁の向き・離隔を保持 | target_deg=7.914,,250.0,125.1737854769087,77.78086041545068,49.285079728031874,39.92132138237479,0,101.55,38.32607472243976,4
101.6,676.8345950263243,559.252112611473,-85.01274665788405,26.2546677827928,1.5827360663025354,33.48550979176762,4.946050207195423,416,440,375,435,33.48550979176762,NEUTRAL,program,sonic_drive_three_laps.py,function,ec959a186dbd8278df967871b3a34262848e2c5ecc08c20aa12abb30068f0552,仕切り壁予防：右壁の向き・離隔を保持 | target_deg=3.952,,249.2254205045956,120.1563706864101,80.28129982255643,53.512429691522286,37.830476389005455,0,101.6,38.33094077112378,4
101.65,675.5176310650528,559.3651978260294,-85.17156954490176,26.555240280394784,2.041779617183678,34.48550979176762,6.380561303698993,418,441,375,435,34.48550979176762,NEUTRAL,program,sonic_drive_three_laps.py,function,ec959a186dbd8278df967871b3a34262848e2c5ecc08c20aa12abb30068f0552,仕切り壁予防：右壁の向き・離隔を保持 | target_deg=5.093,,250.0,122.86950004797473,79.6429392114214,49.70267569372535,39.3288849450154,0,101.65,38.33240145074779,4
101.7,674.1866779210395,559.4766157998881,-85.25363712759004,26.81506368413622,0.9786477169204497,34.63520382604191,3.0582741153764053,418,438,375,435,34.63520382604191,NEUTRAL,program,sonic_drive_three_laps.py,function,ec959a186dbd8278df967871b3a34262848e2c5ecc08c20aa12abb30068f0552,仕切り壁予防：右壁の向き・離隔を保持 | target_deg=2.445,,249.61998757279719,121.47366661433279,79.34828813528004,50.25892144404746,36.29736177458853,0,101.7,38.331150264395355,4
101.75,672.8444712462486,559.5880103560744,-85.25363663239762,27.015993682146682,-0.06217035779139792,34.633321066697334,-0.1942823680981185,418,434,375,435,34.633321066697334,NEUTRAL,program,sonic_drive_three_laps.py,function,ec959a186dbd8278df967871b3a34262848e2c5ecc08c20aa12abb30068f0552,仕切り壁予防：右壁の向き・離隔を保持 | target_deg=-0.155,,247.5220586072556,121.23288512632352,79.27076792320665,52.56842597820784,37.11677975972307,0,101.75,38.331198550950255,4
101.8,671.493447884183,559.699061961255,-85.36037324819137,27.174282975958302,1.5378296422086022,34.64796984692741,4.8057176319018815,418,440,375,435,34.64796984692741,NEUTRAL,program,sonic_drive_three_laps.py,function,ec959a186dbd8278df967871b3a34262848e2c5ecc08c20aa12abb30068f0552,仕切り壁予防：右壁の向き・離隔を保持 | target_deg=3.840,,248.1636351875456,122.84740340214923,78.63818131154609,49.959801907633505,40.334357433270064,0,101.8,38.25127018332728,4
101.85,670.133372704713,559.8067640008837,-85.59640501523081,27.360367084411877,3.1378296422086023,35.0,9.805717631901882,418,445,375,435,35.0,NEUTRAL,program,sonic_drive_three_laps.py,function,ec959a186dbd8278df967871b3a34262848e2c5ecc08c20aa12abb30068f0552,仕切り壁予防：右壁の向き・離隔を保持 | target_deg=7.804,,249.45985597100224,125.72883996008203,78.34604237767066,49.726033549336286,41.75990753540621,0,101.85,38.197814410077626,4
101.9,668.7807901960426,559.9078908028803,-85.85198539981593,26.974286565993474,3.2,32.05899941441717,10.0,415,445,375,435,32.05899941441717,NEUTRAL,program,sonic_drive_three_laps.py,function,ec959a186dbd8278df967871b3a34262848e2c5ecc08c20aa12abb30068f0552,仕切り壁予防：右壁の向き・離隔を保持 | target_deg=7.957,,250.0,122.88222107699482,82.07822642711653,49.359287463931715,39.70247406876827,0,101.9,38.155638005168726,4
101.95,667.4389758304493,560.0022204729868,-86.10544938008498,26.85550190002548,3.2,33.05899941441717,10.0,416,445,375,435,33.05899941441717,NEUTRAL,program,sonic_drive_three_laps.py,function,ec959a186dbd8278df967871b3a34262848e2c5ecc08c20aa12abb30068f0552,仕切り壁予防：右壁の向き・離隔を保持 | target_deg=7.957,,248.941869735748,123.80565414541778,80.80398547111797,50.57338173622299,39.730647278139,0,101.95,38.119986480967555,4
102.0,666.0964440312849,560.0906332812648,-86.35897250972795,26.943775124895932,3.2,34.05899941441717,10.0,417,445,375,435,34.05899941441717,NEUTRAL,program,sonic_drive_three_laps.py,function,ec959a186dbd8278df967871b3a34262848e2c5ecc08c20aa12abb30068f0552,仕切り壁予防：右壁の向き・離隔を保持 | target_deg=7.957,,250.0,122.12339056841233,79.60901757768265,50.83918970119461,40.590566974156616,0,102.0,38.09047944153201,4
102.05,664.7474809336165,560.1736947484604,-86.59402871501592,27.087155163350545,2.9540204331408186,34.475,9.231313853565059,418,444,375,435,34.475,NEUTRAL,program,sonic_drive_three_laps.py,function,ec959a186dbd8278df967871b3a34262848e2c5ecc08c20aa12abb30068f0552,仕切り壁予防：右壁の向き・離隔を保持 | target_deg=7.351,,249.19799746895083,119.12180454311108,80.37231553615214,49.89777828406088,38.73372884507407,0,102.05,38.06222311725185,4
102.1,663.4046184736505,560.2513214390798,-86.78915442576364,26.78076857509392,2.464559436576862,32.15952007562611,7.701748239302694,415,443,375,435,32.15952007562611,NEUTRAL,program,sonic_drive_three_laps.py,function,ec959a186dbd8278df967871b3a34262848e2c5ecc08c20aa12abb30068f0552,仕切り壁予防：右壁の向き・離隔を保持 | target_deg=6.142,,250.0,119.62412582260468,79.30471402635571,49.06469559056966,37.47676107091843,0,102.1,38.03022976553609,4
102.15,662.0693243641115,560.3248185509516,-86.90571001012654,26.72371796500689,1.4179360971029416,33.15952007562611,4.431050303446693,416,439,375,435,33.15952007562611,NEUTRAL,program,sonic_drive_three_laps.py,function,ec959a186dbd8278df967871b3a34262848e2c5ecc08c20aa12abb30068f0552,仕切り壁予防：右壁の向き・離隔を保持 | target_deg=3.541,,246.6797015695282,121.67443099117989,79.89861010598442,50.64279039029485,37.09780355945854,0,102.15,37.98405070023534,4
102.2,660.7309471222674,560.3965086597356,-86.96148386655912,26.859812820053914,0.6986323194045067,34.15952007562611,2.183225998139083,417,437,375,435,34.15952007562611,NEUTRAL,program,sonic_drive_three_laps.py,function,ec959a186dbd8278df967871b3a34262848e2c5ecc08c20aa12abb30068f0552,仕切り壁予防：右壁の向き・離隔を保持 | target_deg=1.746,,248.46329962318936,122.09012388177297,77.7885652322373,50.45439464046506,36.586740815194894,0,102.2,37.9254484786951,4
102.25,659.3840751110126,560.4680425969575,-86.95696601295509,27.051192561571774,-0.0746617100771148,34.63628540964331,-0.23331784399098376,418,434,375,435,34.63628540964331,NEUTRAL,program,sonic_drive_three_laps.py,function,ec959a186dbd8278df967871b3a34262848e2c5ecc08c20aa12abb30068f0552,仕切り壁予防：右壁の向き・離隔を保持 | target_deg=-0.187,,247.43174781268715,120.6445593407451,78.35522105121623,51.83270772179723,36.833995936276,0,102.25,37.85285400388386,4
102.3,658.0289635090124,560.5394844052661,-87.00794643102942,27.19801155733197,0.6479422973589354,34.62834654123662,2.024819679246673,418,437,375,435,34.62834654123662,NEUTRAL,program,sonic_drive_three_laps.py,function,ec959a186dbd8278df967871b3a34262848e2c5ecc08c20aa12abb30068f0552,仕切り壁予防：右壁の向き・離隔を保持 | target_deg=1.619,,250.0,120.86927700227571,81.34658373228243,49.9636057435816,37.82692320771302,0,102.3,37.7933833957992,4
102.35,656.6739614374784,560.6085141609132,-87.17144320238226,27.094010711387103,2.2479422973589354,33.42065655613183,7.024819679246673,416,442,375,435,33.42065655613183,NEUTRAL,program,sonic_drive_three_laps.py,function,ec959a186dbd8278df967871b3a34262848e2c5ecc08c20aa12abb30068f0552,仕切り壁予防：右壁の向き・離隔を保持 | target_deg=5.605,,250.0,120.50709608866738,82.82720476707046,46.72404962411415,39.673951140366725,0,102.35,37.76280307501827,4
102.4,655.3279606064361,560.6721095198639,-87.42155994163575,26.855695120811475,3.2,32.54565655613183,10.0,415,445,375,435,32.54565655613183,NEUTRAL,program,sonic_drive_three_laps.py,function,ec959a186dbd8278df967871b3a34262848e2c5ecc08c20aa12abb30068f0552,仕切り壁予防：右壁の向き・離隔を保持 | target_deg=7.957,,250.0,119.68007620520407,81.54830218160748,49.35162744847055,39.35243747480833,0,102.4,37.758195667654945,4
102.45,653.9948462488186,560.7300824554196,-87.59389224424119,26.577218090325758,2.126296024992047,32.025,6.644675078100147,415,441,375,435,32.025,NEUTRAL,program,sonic_drive_three_laps.py,function,ec959a186dbd8278df967871b3a34262848e2c5ecc08c20aa12abb30068f0552,仕切り壁予防：右壁の向き・離隔を保持 | target_deg=5.303,,250.0,117.7253806636364,81.48952917869528,47.411537290015296,34.96956447588131,0,102.45,37.740983693942894,4
102.5,652.6703938191107,560.7838359272512,-87.75791103319146,26.46736095796707,2.102585262121173,32.61218186133247,6.570578944128666,415,441,375,435,32.61218186133247,NEUTRAL,program,sonic_drive_three_laps.py,function,ec959a186dbd8278df967871b3a34262848e2c5ecc08c20aa12abb30068f0552,仕切り壁予防：右壁の向き・離隔を保持 | target_deg=5.244,,249.35174954017566,121.88121902423767,81.73295937953095,49.09262967897229,37.687775118411636,0,102.5,37.726113722538,4
102.55,651.3451235450294,560.834611574403,-87.85062234856586,26.56254980185138,1.1387624686462883,33.61218186133247,3.558632714519651,417,438,375,435,33.61218186133247,NEUTRAL,program,sonic_drive_three_laps.py,function,ec959a186dbd8278df967871b3a34262848e2c5ecc08c20aa12abb30068f0552,仕切り壁予防：右壁の向き・離隔を保持 | target_deg=2.845,,250.0,119.03037673575761,77.58281791634526,53.39373471952612,39.1751084751187,0,102.55,37.6973551321023,4
102.6,650.0102585742726,560.884557592649,-87.85898885082871,26.816575331664666,0.033699313437620615,34.61218186133247,0.10531035449256443,418,435,375,435,34.61218186133247,NEUTRAL,program,sonic_drive_three_laps.py,function,ec959a186dbd8278df967871b3a34262848e2c5ecc08c20aa12abb30068f0552,仕切り壁予防：右壁の向き・離隔を保持 | target_deg=0.084,,248.42526673300227,117.1494339817711,78.40494302036046,53.88164843084242,38.184675160413825,0,102.6,37.64939734403595,4
102.65,648.6642510817426,560.9341877744594,-87.9183267159973,27.01834588237369,0.7585489519339498,34.63987289065165,2.370465474793593,418,437,375,435,34.63987289065165,NEUTRAL,program,sonic_drive_three_laps.py,function,ec959a186dbd8278df967871b3a34262848e2c5ecc08c20aa12abb30068f0552,仕切り壁予防：右壁の向き・離隔を保持 | target_deg=1.896,,248.98656265639778,118.38378163928569,79.8413160451684,50.51515184994658,38.40582805400455,0,102.65,37.61387474811488,4
102.7,647.3094150001417,560.9818822697604,-88.05281465345962,27.17590705289055,1.737966334147935,34.6468714409479,5.431144794212297,418,440,375,435,34.6468714409479,NEUTRAL,program,sonic_drive_three_laps.py,function,ec959a186dbd8278df967871b3a34262848e2c5ecc08c20aa12abb30068f0552,仕切り壁予防：右壁の向き・離隔を保持 | target_deg=4.338,,248.69121585652871,118.37823940374655,79.06288762416368,50.43148381244215,39.626545094066245,0,102.7,37.59819645090863,4
102.75,645.9477295285108,561.0275634705105,-88.0975123610172,27.2969727144934,0.4551942174796787,34.641394528682206,1.4224819296239959,418,436,375,435,34.641394528682206,NEUTRAL,program,sonic_drive_three_laps.py,function,ec959a186dbd8278df967871b3a34262848e2c5ecc08c20aa12abb30068f0552,仕切り壁予防：右壁の向き・離隔を保持 | target_deg=1.138,,250.0,115.48140358379516,79.47016980331136,53.06559415580451,37.76577087437081,0,102.75,37.56316876694848,4
102.8,644.5809219003576,561.072565655853,-88.13091932578858,27.386365576547426,0.41527488152450615,34.617048185293875,1.2977340047640817,418,436,375,435,34.617048185293875,NEUTRAL,program,sonic_drive_three_laps.py,function,ec959a186dbd8278df967871b3a34262848e2c5ecc08c20aa12abb30068f0552,仕切り壁予防：右壁の向き・離隔を保持 | target_deg=1.038,,250.0,116.55496034607116,85.20478679422835,51.87880708948971,38.234198025172354,0,102.8,37.5261331527513,4
102.85,643.2102037798454,561.1166296862363,-88.1866111804547,27.456165939158282,0.6903147148348782,34.62011622471087,2.1572334838589944,418,437,375,435,34.62011622471087,NEUTRAL,program,sonic_drive_three_laps.py,function,ec959a186dbd8278df967871b3a34262848e2c5ecc08c20aa12abb30068f0552,仕切り壁予防：右壁の向き・離隔を保持 | target_deg=1.725,,249.24745291900427,119.35079566307053,81.49583283657873,51.36860809550074,38.484384956300545,0,102.85,37.495357876799744,4
102.9,641.8365319197768,561.1606618034668,-88.1292200620564,27.50812506063326,-0.9096852851651218,34.60840728362881,-2.8427665161410056,418,432,375,435,34.60840728362881,NEUTRAL,program,sonic_drive_three_laps.py,function,ec959a186dbd8278df967871b3a34262848e2c5ecc08c20aa12abb30068f0552,仕切り壁予防：右壁の向き・離隔を保持 | target_deg=-2.273,,248.1751537313895,115.59824241479721,81.72377767264146,52.90475492855976,35.42909670177274,0,102.9,37.437631695302,4
102.95,640.4606509684925,561.2059452722511,-88.10066389192593,27.548512646271742,-0.3526366478905376,34.60917274838387,-1.10198952465793,418,433,375,435,34.60917274838387,NEUTRAL,program,sonic_drive_three_laps.py,function,ec959a186dbd8278df967871b3a34262848e2c5ecc08c20aa12abb30068f0552,仕切り壁予防：右壁の向き・離隔を保持 | target_deg=-0.882,,250.0,116.9545733680081,81.33807293188548,49.88442132794769,36.77285812092637,0,102.95,37.38553836008441,4
103.0,639.0830202830782,561.2525592955841,-88.02345228858465,27.581411828966583,-0.9521605873102378,34.618121565156514,-2.975501835344493,418,431,375,435,34.618121565156514,NEUTRAL,program,sonic_drive_three_laps.py,function,ec959a186dbd8278df967871b3a34262848e2c5ecc08c20aa12abb30068f0552,仕切り壁予防：右壁の向き・離隔を保持 | target_deg=-2.379,,250.0,116.74989333378849,78.67100537553146,51.94833129898665,36.20567295950615,0,103.0,37.320524492158256,4
103.05,637.7041132001567,561.3015375482969,-87.9080097588084,27.60479890912325,-1.4220560147976127,34.60648509379166,-4.44392504624254,418,430,375,435,34.60648509379166,NEUTRAL,program,sonic_drive_three_laps.py,function,ec959a186dbd8278df967871b3a34262848e2c5ecc08c20aa12abb30068f0552,仕切り壁予防：右壁の向き・離隔を保持 | target_deg=-3.551,,248.73777911543436,115.43570535616621,81.51349723344724,50.83579399367408,35.00867648763168,0,103.05,37.244071306851765,4
103.1,636.3243090160838,561.3539543978163,-87.74090791800899,27.623341232303652,-2.0564249318030465,34.60884669824675,-6.4263279118845205,418,428,375,435,34.60884669824675,NEUTRAL,program,sonic_drive_three_laps.py,function,ec959a186dbd8278df967871b3a34262848e2c5ecc08c20aa12abb30068f0552,仕切り壁予防：右壁の向き・離隔を保持 | target_deg=-5.130,,250.0,119.2452855062577,79.96396394667522,52.68199849495833,35.571583372087524,0,103.1,37.15196035007341,4
103.15,634.9422498405373,561.4097199748561,-87.63988182878161,27.690125654937255,-1.2118405324312689,34.899607384579795,-3.7870016638477155,418,431,375,435,34.899607384579795,NEUTRAL,program,sonic_drive_three_laps.py,function,ec959a186dbd8278df967871b3a34262848e2c5ecc08c20aa12abb30068f0552,仕切り壁予防：右壁の向き・離隔を保持 | target_deg=-3.027,,249.50236145582227,119.97207725219495,81.47377726732826,50.44734303030805,36.49201910555197,0,103.15,37.07224007124921,4
103.2,633.5589410235696,561.4671785964794,-87.60456737530534,27.689972408676624,-0.41129716367561914,34.61180706294482,-1.2853036364863097,418,433,375,435,34.61180706294482,NEUTRAL,program,sonic_drive_three_laps.py,function,ec959a186dbd8278df967871b3a34262848e2c5ecc08c20aa12abb30068f0552,仕切り壁予防：右壁の向き・離隔を保持 | target_deg=-1.028,,249.62830915001436,120.59863874371945,81.5173403149598,51.02066415527402,37.691183890564425,0,103.2,37.0064156438259,4
103.25,632.1789543451065,561.5241805289321,-87.6732608768185,27.57953896196086,0.9741152084092403,33.9999281363851,3.044110026278876,417,438,375,435,33.9999281363851,NEUTRAL,program,sonic_drive_three_laps.py,function,ec959a186dbd8278df967871b3a34262848e2c5ecc08c20aa12abb30068f0552,仕切り壁予防：右壁の向き・離隔を保持 | target_deg=2.434,,249.6338899213322,118.67745522338531,82.34239539558611,47.223014578046254,36.71392071527646,0,103.25,36.9656905264942,4
103.3,630.8078052065811,561.5795906736809,-87.6984447745318,27.357397751861843,0.31198128781506523,33.242280745401196,0.9749415244220789,416,436,375,435,33.242280745401196,NEUTRAL,program,sonic_drive_three_laps.py,function,ec959a186dbd8278df967871b3a34262848e2c5ecc08c20aa12abb30068f0552,仕切り壁予防：右壁の向き・離隔を保持 | target_deg=0.780,,250.0,119.01428281956896,80.30658978828617,50.335109647085616,36.17748787885556,0,103.3,36.91625146977242,4
103.35,629.44424716178,561.6340373876919,-87.72835707514459,27.250601701043955,0.3726258994798501,33.60438523322613,1.1644559358745314,417,436,375,435,33.60438523322613,NEUTRAL,program,sonic_drive_three_laps.py,function,ec959a186dbd8278df967871b3a34262848e2c5ecc08c20aa12abb30068f0552,仕切り壁予防：右壁の向き・離隔を保持 | target_deg=0.931,,249.95844415190555,120.87310021110073,78.50762470362649,49.304907714925115,36.24155089102692,0,103.35,36.86889959460143,4
103.4,628.0854431630714,561.6873914596265,-87.77446225023323,27.161894003289817,0.5763583447589683,33.571220211221956,1.801119827371776,416,436,375,435,33.571220211221956,NEUTRAL,program,sonic_drive_three_laps.py,function,ec959a186dbd8278df967871b3a34262848e2c5ecc08c20aa12abb30068f0552,仕切り壁予防：右壁の向き・離隔を保持 | target_deg=1.441,,250.0,121.52612996004537,80.1401967285395,49.06077439984485,36.41172169392994,0,103.4,36.82648674652137,4
103.45,626.7310424692412,561.7397622494481,-87.79681717738856,27.0730904715915,0.2803800564725495,33.45980403020994,0.8761876764767171,416,435,375,435,33.45980403020994,NEUTRAL,program,sonic_drive_three_laps.py,function,ec959a186dbd8278df967871b3a34262848e2c5ecc08c20aa12abb30068f0552,仕切り壁予防：右壁の向き・離隔を保持 | target_deg=0.701,,249.47862693865113,118.93414426900911,81.89540578321825,50.17506517151886,36.4363817972051,0,103.45,36.77942346313819,4
103.5,625.3750443889159,561.7924607095181,-87.74923969241944,27.184588263434883,-0.6378570634247086,34.45980403020994,-1.9933033232022144,418,432,375,435,34.45980403020994,NEUTRAL,program,sonic_drive_three_laps.py,function,ec959a186dbd8278df967871b3a34262848e2c5ecc08c20aa12abb30068f0552,仕切り壁予防：右壁の向き・離隔を保持 | target_deg=-1.594,,249.95773622598588,119.67531303159303,81.53990137291673,52.85978714377131,36.89633322176099,0,103.5,36.715431083142335,4
103.55,624.0135096878518,561.8469383800851,-87.66817201743068,27.297000433243202,-1.0112893215417151,34.60424801860631,-3.1602791298178596,418,431,375,435,34.60424801860631,NEUTRAL,program,sonic_drive_three_laps.py,function,ec959a186dbd8278df967871b3a34262848e2c5ecc08c20aa12abb30068f0552,仕切り壁予防：右壁の向き・離隔を保持 | target_deg=-2.527,,248.73047312394186,120.45545867552482,81.97584052443122,51.374375285349174,35.96415792913321,0,103.55,36.641726357376456,4
103.6,622.6471314108641,561.90336029567,-87.60268061519407,27.38616442143068,-0.814072468309377,34.615813346981746,-2.543976463466803,418,432,375,435,34.615813346981746,NEUTRAL,program,sonic_drive_three_laps.py,function,ec959a186dbd8278df967871b3a34262848e2c5ecc08c20aa12abb30068f0552,仕切り壁予防：右壁の向き・離隔を保持 | target_deg=-2.034,,249.81189043801308,121.04344569812157,78.38315712327537,50.29463919408791,35.99843524306663,0,103.6,36.569787094260505,4
103.65,621.2790847893162,561.9605171465832,-87.61681253839842,27.38390907612863,0.24003083665206063,34.22019588110669,0.7500963645376895,417,435,375,435,34.22019588110669,NEUTRAL,program,sonic_drive_three_laps.py,function,ec959a186dbd8278df967871b3a34262848e2c5ecc08c20aa12abb30068f0552,仕切り壁予防：右壁の向き・離隔を保持 | target_deg=0.600,,249.31361457199503,121.20323711708262,80.36192880983556,48.08778874034005,36.305306773629226,0,103.65,36.5159774527001,4
103.7,619.9142353330732,562.016667086924,-87.67154484855138,27.27823239113388,0.6811147161545786,33.6437331362059,2.128483487983058,417,437,375,435,33.6437331362059,NEUTRAL,program,sonic_drive_three_laps.py,function,ec959a186dbd8278df967871b3a34262848e2c5ecc08c20aa12abb30068f0552,仕切り壁予防：右壁の向き・離隔を保持 | target_deg=1.702,,250.0,120.68896653399678,81.27941208284734,47.08314973299102,35.19781625044198,0,103.7,36.47279717339461,4
103.75,618.555164223685,562.0702159444911,-87.8230485047745,27.152882283802818,2.002175838888569,33.40251538960297,6.256799496526778,416,441,375,435,33.40251538960297,NEUTRAL,program,sonic_drive_three_laps.py,function,ec959a186dbd8278df967871b3a34262848e2c5ecc08c20aa12abb30068f0552,仕切り壁予防：右壁の向き・離隔を保持 | target_deg=4.995,,247.9559458183477,121.44896501612106,81.75979399755025,46.826202455035585,37.226940874990234,0,103.75,36.4551996535389,4
103.8,617.2053226856494,562.1205054702127,-87.90580643072852,26.925530770273898,0.9823481198253101,32.680060088107815,3.069837874454094,415,438,375,435,32.680060088107815,NEUTRAL,program,sonic_drive_three_laps.py,function,ec959a186dbd8278df967871b3a34262848e2c5ecc08c20aa12abb30068f0552,仕切り壁予防：右壁の向き・離隔を保持 | target_deg=2.455,,249.2140781068527,120.2391420605111,81.83443949902744,50.887961903394476,36.924543312232856,0,103.8,36.42457941464886,4
103.85,615.862163360514,562.1678666933142,-88.05905954058103,26.849965531882926,1.9955532357315218,33.237778371970535,6.236103861661006,416,441,375,435,33.237778371970535,NEUTRAL,program,sonic_drive_three_laps.py,function,ec959a186dbd8278df967871b3a34262848e2c5ecc08c20aa12abb30068f0552,仕切り壁予防：右壁の向き・離隔を保持 | target_deg=4.978,,248.8370022638849,118.68457623302749,80.9724643703074,49.040056969975126,38.722818529009174,0,103.85,36.41370008801596,4
103.9,614.525158920528,562.2114075807677,-88.21047007811335,26.691532485681854,1.9234402045274708,32.68368182420932,6.0107506391483465,415,441,375,435,32.68368182420932,NEUTRAL,program,sonic_drive_three_laps.py,function,ec959a186dbd8278df967871b3a34262848e2c5ecc08c20aa12abb30068f0552,仕切り壁予防：右壁の向き・離隔を保持 | target_deg=4.799,,250.0,120.43920717505354,85.05033928660147,48.93471207067625,37.323952414458134,0,103.9,36.406276023833925,4
103.95,613.194655054692,562.2507134955817,-88.40523578149961,26.57591401470735,2.485896257554153,32.72311863814904,7.768425804856728,415,443,375,435,32.72311863814904,NEUTRAL,program,sonic_drive_three_laps.py,function,ec959a186dbd8278df967871b3a34262848e2c5ecc08c20aa12abb30068f0552,仕切り壁予防：右壁の向き・離隔を保持 | target_deg=6.194,,250.0,119.8940884349765,81.25519709166947,48.46528896518299,38.21243040950339,0,103.95,36.413535783972975,4
104.0,611.863604421683,562.2866445569705,-88.49028270783404,26.66663989887395,0.8858962575541528,33.72311863814904,2.7684258048567276,417,437,375,435,33.72311863814904,NEUTRAL,program,sonic_drive_three_laps.py,function,ec959a186dbd8278df967871b3a34262848e2c5ecc08c20aa12abb30068f0552,仕切り壁予防：右壁の向き・離隔を保持 | target_deg=2.214,,249.0754691735728,119.86123602380403,80.62098355178547,51.8053924308935,34.78457341642951,0,104.0,36.39797589303407,4
104.05,610.5309586300764,562.3214061041273,-88.52131869680358,26.658928168203733,0.395772092677679,33.29052548415007,1.2367877896177468,416,436,375,435,33.29052548415007,NEUTRAL,program,sonic_drive_three_laps.py,function,ec959a186dbd8278df967871b3a34262848e2c5ecc08c20aa12abb30068f0552,仕切り壁予防：右壁の向き・離隔を保持 | target_deg=0.989,,248.6489746069623,120.03564524251519,81.27456308959195,49.55726972837295,36.95383463086309,0,104.05,36.37065404275211,4
104.1,609.1931901859629,562.3558077070377,-88.5325326621455,26.8332428617358,0.14245665315475534,34.29052548415007,0.44517704110861045,417,435,375,435,34.29052548415007,NEUTRAL,program,sonic_drive_three_laps.py,function,ec959a186dbd8278df967871b3a34262848e2c5ecc08c20aa12abb30068f0552,仕切り壁予防：右壁の向き・離隔を保持 | target_deg=0.356,,250.0,120.47403353007674,82.58599438690644,51.784228240687604,37.62725140342786,0,104.1,36.33894130870499,4
104.15,607.8511191031698,562.3900956113281,-88.54046152025722,26.861285015046484,0.10040189559990481,33.697094017805995,0.3137559237497025,417,435,375,435,33.697094017805995,NEUTRAL,program,sonic_drive_three_laps.py,function,ec959a186dbd8278df967871b3a34262848e2c5ecc08c20aa12abb30068f0552,仕切り壁予防：右壁の向き・離隔を保持 | target_deg=0.251,,248.86616504105515,116.84269909069326,83.04524704403526,48.74382223584647,35.4044168629016,0,104.15,36.306554814273,4
104.2,606.5076845390606,562.4233203454338,-88.63113389473162,26.88715397143632,1.2227900111238528,33.7200927133438,3.8212187847620402,417,439,375,435,33.7200927133438,NEUTRAL,program,sonic_drive_three_laps.py,function,ec959a186dbd8278df967871b3a34262848e2c5ecc08c20aa12abb30068f0552,仕切り壁予防：右壁の向き・離隔を保持 | target_deg=3.055,,250.0,119.1445665822899,81.20905813240027,48.96810349213635,38.03684520390585,0,104.2,36.295088201611975,4
104.25,605.1664165281323,562.4540805161599,-88.74132402049888,26.796530918087548,1.3959692194267967,33.106286712666645,4.36240381070874,416,439,375,435,33.106286712666645,NEUTRAL,program,sonic_drive_three_laps.py,function,ec959a186dbd8278df967871b3a34262848e2c5ecc08c20aa12abb30068f0552,仕切り壁予防：右壁の向き・離隔を保持 | target_deg=3.486,,247.70418284063823,120.01575407708165,82.32666890142771,48.54254548417441,36.7629055827602,0,104.25,36.290804536521364,4
104.3,603.8295101151688,562.4816404024727,-88.8967431934944,26.709256081353686,1.9750952527108125,33.01157933312597,6.172172664721289,416,441,375,435,33.01157933312597,NEUTRAL,program,sonic_drive_three_laps.py,function,ec959a186dbd8278df967871b3a34262848e2c5ecc08c20aa12abb30068f0552,仕切り壁予防：右壁の向き・離隔を保持 | target_deg=4.928,,250.0,116.87503537133827,82.96514635274634,48.32912424887433,37.61604564386217,0,104.3,36.30065357021272,4
104.35,602.4980447222583,562.5064567490247,-88.96137859210636,26.58455046599363,0.7281387268618079,32.694869783673774,2.2754335214431496,415,437,375,435,32.694869783673774,NEUTRAL,program,sonic_drive_three_laps.py,function,ec959a186dbd8278df967871b3a34262848e2c5ecc08c20aa12abb30068f0552,仕切り壁予防：右壁の向き・離隔を保持 | target_deg=1.820,,249.40951275565746,119.51185422422513,83.53218584432648,50.69246976848188,36.23117247018071,0,104.35,36.2914170256646,4
104.4,601.1664907828238,562.5295817644119,-89.04871689131724,26.668237090355152,1.1147425021929376,33.694869783673774,3.4835703193529297,417,438,375,435,33.694869783673774,NEUTRAL,program,sonic_drive_three_laps.py,function,ec959a186dbd8278df967871b3a34262848e2c5ecc08c20aa12abb30068f0552,仕切り壁予防：右壁の向き・離隔を保持 | target_deg=2.785,,250.0,115.97897966759211,83.03564404882488,50.556292775951356,38.37266853594688,0,104.4,36.28936487161411,4
104.45,599.8263631730717,562.5516644855678,-89.05905594167729,26.896637624151364,0.06801853479842364,34.60215769397747,0.2125579212450739,418,435,375,435,34.60215769397747,NEUTRAL,program,sonic_drive_three_laps.py,function,ec959a186dbd8278df967871b3a34262848e2c5ecc08c20aa12abb30068f0552,仕切り壁予防：右壁の向き・離隔を保持 | target_deg=0.170,,249.46297222799944,117.13090412412197,82.22968946723672,51.97204877880648,36.77913022105334,0,104.45,36.269778316553925,4
104.5,598.4763975733263,562.574487632211,-89.00225174725473,27.073018388070576,-0.7384222722825444,34.59912210515061,-2.3075696008829514,418,432,375,435,34.59912210515061,NEUTRAL,program,sonic_drive_three_laps.py,function,ec959a186dbd8278df967871b3a34262848e2c5ecc08c20aa12abb30068f0552,仕切り壁予防：右壁の向き・離隔を保持 | target_deg=-1.846,,249.20683779576441,115.04149613446532,81.2325900854703,50.45593359318736,35.0184042221384,0,104.5,36.2332449969972,4
104.55,597.1188200743838,562.5986142921134,-88.9614589343801,27.210137105612436,-0.5107258725510352,34.60182462709831,-1.5960183517219848,418,433,375,435,34.60182462709831,NEUTRAL,program,sonic_drive_three_laps.py,function,ec959a186dbd8278df967871b3a34262848e2c5ecc08c20aa12abb30068f0552,仕切り壁予防：右壁の向き・離隔を保持 | target_deg=-1.277,,250.0,117.85868417548022,82.41484585627633,51.47241377327948,37.26481724487174,0,104.55,36.19927885650668,4
104.6,595.7552918758312,562.6226417451586,-89.03105017959086,27.317194429540685,1.0560608348176457,34.606482533129736,3.3001901088051424,418,438,375,435,34.606482533129736,NEUTRAL,program,sonic_drive_three_laps.py,function,ec959a186dbd8278df967871b3a34262848e2c5ecc08c20aa12abb30068f0552,仕切り壁予防：右壁の向き・離隔を保持 | target_deg=2.639,,249.59349678564132,121.36275924244842,83.45183568743694,49.78730029993504,39.09152302023004,0,104.6,36.19204037202428,4
104.65,594.3870897898723,562.6449221103354,-89.10305869150548,27.400765809119036,0.8945190997205086,34.61003551385984,2.7953721866265893,418,437,375,435,34.61003551385984,NEUTRAL,program,sonic_drive_three_laps.py,function,ec959a186dbd8278df967871b3a34262848e2c5ecc08c20aa12abb30068f0552,仕切り壁予防：右壁の向き・離隔を保持 | target_deg=2.235,,250.0,120.55735083202879,81.55448060536952,50.48161434963302,37.45478347161406,0,104.65,36.18714803893522,4
104.7,593.0152163988021,562.6653470548799,-89.1909869978557,27.466569566177686,1.0893391033361497,34.615948681815986,3.4041846979254675,418,438,375,435,34.615948681815986,NEUTRAL,program,sonic_drive_three_laps.py,function,ec959a186dbd8278df967871b3a34262848e2c5ecc08c20aa12abb30068f0552,仕切り壁予防：右壁の向き・離隔を保持 | target_deg=2.722,,250.0,117.3419760448166,82.12268444487529,51.6324957138165,39.009445298768426,0,104.7,36.187977192636936,4
104.75,591.6405383612714,562.6842322545158,-89.23486379592575,27.515553336617916,0.5425364050988842,34.60490854085845,1.6954262659340134,418,436,375,435,34.60490854085845,NEUTRAL,program,sonic_drive_three_laps.py,function,ec959a186dbd8278df967871b3a34262848e2c5ecc08c20aa12abb30068f0552,仕切り壁予防：右壁の向き・離隔を保持 | target_deg=1.356,,250.0,117.08169402449461,82.45907121873407,49.50375750828276,35.852566935369886,0,104.75,36.17970691124128,4
104.8,590.2698609296673,562.7017585302237,-89.29998199039956,27.350383598335803,0.8075171045053214,33.478300403461546,2.5234909515791295,416,437,375,435,33.478300403461546,NEUTRAL,program,sonic_drive_three_laps.py,function,ec959a186dbd8278df967871b3a34262848e2c5ecc08c20aa12abb30068f0552,仕切り壁予防：右壁の向き・離隔を保持 | target_deg=2.018,,250.0,115.78855350987428,80.14183947902318,49.15510576754767,36.7902368651235,0,104.8,36.177945399632904,4
104.85,588.9008551686841,562.7178081328542,-89.35666008661597,27.40272511999536,0.7037318382527127,34.478300403461546,2.199161994539727,418,437,375,435,34.478300403461546,NEUTRAL,program,sonic_drive_three_laps.py,function,ec959a186dbd8278df967871b3a34262848e2c5ecc08c20aa12abb30068f0552,仕切り壁予防：右壁の向き・離隔を保持 | target_deg=1.759,,250.0,116.74678235712574,80.76020186905507,51.08093526531747,37.81420326506481,0,104.85,36.17562795269396,4
104.9,587.5288822745458,562.7331055562777,-89.3657031839381,27.46636495103528,0.1120451459291057,34.6063952469026,0.3501410810284553,418,435,375,435,34.6063952469026,NEUTRAL,program,sonic_drive_three_laps.py,function,ec959a186dbd8278df967871b3a34262848e2c5ecc08c20aa12abb30068f0552,仕切り壁予防：右壁の向き・離隔を保持 | target_deg=0.280,,250.0,114.73618195995907,82.02258210841858,49.70011724753886,35.53718815642999,0,104.9,36.16252244037901,4
104.95,586.1541701822364,562.7483816034663,-89.36098727940399,27.515329194220833,-0.05831431944492579,34.60454446078319,-0.18223224826539308,418,434,375,435,34.60454446078319,NEUTRAL,program,sonic_drive_three_laps.py,function,ec959a186dbd8278df967871b3a34262848e2c5ecc08c20aa12abb30068f0552,仕切り壁予防：右壁の向き・離隔を保持 | target_deg=-0.146,,248.9414282073564,117.86936548362202,81.97439361552647,50.55240712446615,36.53585907077685,0,104.95,36.14610329712423,4
105.0,584.7816795737148,562.7630407551704,-89.41615084171688,27.409451011515227,0.6981956910269203,33.806890643446444,2.181861534459126,417,437,375,435,33.806890643446444,NEUTRAL,program,sonic_drive_three_laps.py,function,ec959a186dbd8278df967871b3a34262848e2c5ecc08c20aa12abb30068f0552,仕切り壁予防：右壁の向き・離隔を保持 | target_deg=1.745,,249.09436337750645,115.11137330567117,81.84030342542277,48.54886780901339,36.765073912221524,0,105.0,36.14481963689343,4
105.05,583.416001877559,562.7763993219671,-89.46299159369998,27.252845289849883,0.583027158732346,33.39317423146965,1.8219598710385814,416,436,375,435,33.39317423146965,NEUTRAL,program,sonic_drive_three_laps.py,function,ec959a186dbd8278df967871b3a34262848e2c5ecc08c20aa12abb30068f0552,仕切り壁予防：右壁の向き・離隔を保持 | target_deg=1.457,,249.99709317913016,119.51134948460066,79.7890710158333,49.383933721144224,36.31193110659481,0,105.05,36.14282591356198,4
105.1,582.05673464329,562.7885453599362,-89.5130770196777,27.142887405393818,0.6263553519805087,33.45615702256825,1.9573604749390898,416,437,375,435,33.45615702256825,NEUTRAL,program,sonic_drive_three_laps.py,function,ec959a186dbd8278df967871b3a34262848e2c5ecc08c20aa12abb30068f0552,仕切り壁予防：右壁の向き・離隔を保持 | target_deg=1.566,,249.95424845151086,116.46551280360043,80.58508677309086,50.25366463072581,37.236750300032384,0,105.1,36.14283945589125,4
105.15,580.7023393545503,562.7999129583885,-89.52516517336807,27.053437743865057,0.1517215070308123,33.43246191688566,0.4741297094712884,416,435,375,435,33.43246191688566,NEUTRAL,program,sonic_drive_three_laps.py,function,ec959a186dbd8278df967871b3a34262848e2c5ecc08c20aa12abb30068f0552,仕切り壁予防：右壁の向き・離隔を保持 | target_deg=0.379,,248.4396535915768,119.27831124473202,82.37646582730855,48.733592103282504,34.95049966821313,0,105.15,36.13440773954267,4
105.2,579.3463581483215,562.8106825201045,-89.56473746426887,27.164435018103426,0.4960916138077899,34.43246191688566,1.5502862931493433,418,436,375,435,34.43246191688566,NEUTRAL,program,sonic_drive_three_laps.py,function,ec959a186dbd8278df967871b3a34262848e2c5ecc08c20aa12abb30068f0552,仕切り壁予防：右壁の向き・離隔を保持 | target_deg=1.240,,250.0,115.07326666354484,79.66283795620983,51.4469002299873,38.407565047007125,0,105.2,36.13325235459092,4
105.25,577.9906299852304,562.8201929675952,-89.63141471548201,27.08297276215623,0.8360119000715668,33.50369989869887,2.612537187723646,416,437,375,435,33.50369989869887,NEUTRAL,program,sonic_drive_three_laps.py,function,ec959a186dbd8278df967871b3a34262848e2c5ecc08c20aa12abb30068f0552,仕切り壁予防：右壁の向き・離隔を保持 | target_deg=2.089,,250.0,117.43772282805264,79.53646237805386,48.07315859089454,36.030867860256755,0,105.25,36.13995219699666,4
105.3,576.6394234494791,562.828277803961,-89.6829440274159,26.986354357239122,0.648268928655524,33.317805992148365,2.0258404020485123,416,437,375,435,33.317805992148365,NEUTRAL,program,sonic_drive_three_laps.py,function,ec959a186dbd8278df967871b3a34262848e2c5ecc08c20aa12abb30068f0552,仕切り壁予防：右壁の向き・離隔を保持 | target_deg=1.620,,248.99013565135905,118.47273901339305,80.46379713385227,50.21135308654966,36.96044549335818,0,105.3,36.14440430969705,4
105.35,575.2869453457278,562.8363258270823,-89.62310846166075,27.091798440612965,-0.9517310713444761,34.317805992148365,-2.9741595979514877,417,431,375,435,34.317805992148365,NEUTRAL,program,sonic_drive_three_laps.py,function,ec959a186dbd8278df967871b3a34262848e2c5ecc08c20aa12abb30068f0552,仕切り壁予防：右壁の向き・離隔を保持 | target_deg=-2.378,,250.0,116.37940682039941,80.37654388258812,50.7319910947802,32.09247709759184,0,105.35,36.12179921084271,4
105.4,573.9284197078084,562.8463370292354,-89.53246250069003,27.22334635699419,-1.134125142832386,34.59440032290185,-3.544141071351206,418,431,375,435,34.59440032290185,NEUTRAL,program,sonic_drive_three_laps.py,function,ec959a186dbd8278df967871b3a34262848e2c5ecc08c20aa12abb30068f0552,仕切り壁予防：右壁の向き・離隔を保持 | target_deg=-2.833,,247.90174802458986,249.1869184435538,83.35685498543754,50.25204588646355,36.285926261802395,0,105.4,36.08975620799083,4
105.45,572.5642958211911,562.8596382851393,-89.3425538237635,27.32341464144378,-2.4804449331988057,34.58422823411919,-7.751390416246268,418,426,375,435,34.58422823411919,NEUTRAL,program,sonic_drive_three_laps.py,function,ec959a186dbd8278df967871b3a34262848e2c5ecc08c20aa12abb30068f0552,仕切り壁予防：右壁の向き・離隔を保持 | target_deg=-6.181,,248.3961383289017,250.0,84.15937195743514,54.00692950815659,35.30366425375099,0,105.45,36.03037915911625,4
105.5,571.1943482554923,562.8771260146732,-89.19473519146523,27.452183609437377,-1.833539922667448,34.8685066771569,-5.729812258335775,418,428,375,435,34.8685066771569,NEUTRAL,program,sonic_drive_three_laps.py,function,ec959a186dbd8278df967871b3a34262848e2c5ecc08c20aa12abb30068f0552,仕切り壁予防：右壁の向き・離隔を保持 | target_deg=-4.576,,250.0,250.0,81.75226842782631,51.276711693903,36.26021571213059,0,105.5,35.977104783116715,4
105.55,569.8193691480412,562.8973082974372,-89.12798506117278,27.535564812855494,-0.756890800875028,34.77771714520876,-2.3652837527344626,418,432,375,435,34.77771714520876,NEUTRAL,program,sonic_drive_three_laps.py,function,ec959a186dbd8278df967871b3a34262848e2c5ecc08c20aa12abb30068f0552,仕切り壁予防：右壁の向き・離隔を保持 | target_deg=-1.892,,250.0,247.9858645265317,81.33039638937764,48.792634809910375,35.93195098638314,0,105.55,35.940784631374186,4
105.6,568.4439989381721,562.9178109680794,-89.17431433593451,27.494002659018772,0.7374163010631715,34.18892465672853,2.304425940822411,417,437,375,435,34.18892465672853,NEUTRAL,program,sonic_drive_three_laps.py,function,ec959a186dbd8278df967871b3a34262848e2c5ecc08c20aa12abb30068f0552,仕切り壁予防：右壁の向き・離隔を保持 | target_deg=1.843,,250.0,250.0,82.99023390213218,48.98546758950878,38.0147402242119,0,105.6,35.931481304124304,4
105.65,567.074845357,562.9362864902364,-89.2794673093274,27.31447535798304,1.3052796734205316,33.371725460356075,4.078998979439161,416,439,375,435,33.371725460356075,NEUTRAL,program,sonic_drive_three_laps.py,function,ec959a186dbd8278df967871b3a34262848e2c5ecc08c20aa12abb30068f0552,仕切り壁予防：右壁の向き・離隔を保持 | target_deg=3.260,,250.0,250.0,81.94604813845142,48.908034085276576,37.42804373290254,0,105.65,35.938449527479975,4
105.7,565.707972280767,562.9524354282033,-89.36675236029284,27.35569494627142,1.0853712170360463,34.371725460356075,3.391785053237645,417,438,375,435,34.371725460356075,NEUTRAL,program,sonic_drive_three_laps.py,function,ec959a186dbd8278df967871b3a34262848e2c5ecc08c20aa12abb30068f0552,仕切り壁予防：右壁の向き・離隔を保持 | target_deg=2.712,,247.00086377906337,250.0,81.67327858519434,51.29272463196527,38.2456403397246,0,105.7,35.94344688943727,4
105.75,564.3457853237668,562.9673199567225,-89.37732157141716,27.173030047673695,0.07433821561028069,33.181437615683414,0.23230692378212714,416,435,375,435,33.181437615683414,NEUTRAL,program,sonic_drive_three_laps.py,function,ec959a186dbd8278df967871b3a34262848e2c5ecc08c20aa12abb30068f0552,仕切り壁予防：右壁の向き・離隔を保持 | target_deg=0.186,,249.60334362741585,248.87455242566628,81.62784576784743,49.09139610532644,34.52929923207611,0,105.75,35.93112453399556,4
105.8,562.9884681857402,562.9812444445269,-89.4492763696422,27.131213702927766,0.9331314380665074,33.73434628833813,2.9160357439578357,417,438,375,435,33.73434628833813,NEUTRAL,program,sonic_drive_three_laps.py,function,ec959a186dbd8278df967871b3a34262848e2c5ecc08c20aa12abb30068f0552,仕切り壁予防：右壁の向き・離隔を保持 | target_deg=2.332,,250.0,247.43870750929358,84.87312123612601,47.49132721532805,36.249243208248984,0,105.8,35.93465240236003,4
105.85,561.6354933109973,562.9929018153207,-89.56341539310458,27.014148161620852,1.4337930951826605,33.26469374480738,4.480603422445814,416,439,375,435,33.26469374480738,NEUTRAL,program,sonic_drive_three_laps.py,function,ec959a186dbd8278df967871b3a34262848e2c5ecc08c20aa12abb30068f0552,仕切り壁予防：右壁の向き・離隔を保持 | target_deg=3.581,,248.80986840550497,250.0,84.36677649778757,50.30121665968802,38.60764074727604,0,105.85,35.950711781357995,4
105.9,560.2890478778435,563.0022541872194,-89.64064767899622,26.874101710411264,0.9750045014429493,32.990894401071984,3.0468890670092166,416,438,375,435,32.990894401071984,NEUTRAL,program,sonic_drive_three_laps.py,function,ec959a186dbd8278df967871b3a34262848e2c5ecc08c20aa12abb30068f0552,仕切り壁予防：右壁の向き・離隔を保持 | target_deg=2.436,,250.0,250.0,82.6334289212682,49.72143076213163,36.58107853024552,0,105.9,35.96013673380094,4
105.95,558.9432024630089,563.0109495647721,-89.60698382676166,26.945904719349716,-0.6249954985570507,33.990894401071984,-1.9531109329907834,417,432,375,435,33.990894401071984,NEUTRAL,program,sonic_drive_three_laps.py,function,ec959a186dbd8278df967871b3a34262848e2c5ecc08c20aa12abb30068f0552,仕切り壁予防：右壁の向き・離隔を保持 | target_deg=-1.562,,250.0,250.0,79.11659344225455,50.696106718635754,33.63351188287016,0,105.95,35.94325447871108,4
106.0,557.5935838152461,563.0215476253028,-89.49094645309025,27.024224481801255,-1.495129554380809,34.11679441327339,-4.672279857440028,417,430,375,435,34.11679441327339,NEUTRAL,program,sonic_drive_three_laps.py,function,ec959a186dbd8278df967871b3a34262848e2c5ecc08c20aa12abb30068f0552,仕切り壁予防：右壁の向き・離隔を保持 | target_deg=-3.733,,249.1898528109811,250.0,82.55546733146429,49.71235618173989,34.05232775627255,0,106.0,35.904463448013644,4
106.05,556.2380150582163,563.0348613949075,-89.38362442018045,27.17068516020511,-1.345598202995513,34.59264897505201,-4.204994384360978,418,430,375,435,34.59264897505201,NEUTRAL,program,sonic_drive_three_laps.py,function,ec959a186dbd8278df967871b3a34262848e2c5ecc08c20aa12abb30068f0552,仕切り壁予防：右壁の向き・離隔を保持 | target_deg=-3.361,,250.0,247.6374189697439,81.94050073218209,49.747651389879714,34.981208435350275,0,106.05,35.865111187841535,4
106.1,554.876195605582,563.0508495500594,-89.27109926407938,27.282581278769207,-1.40430693048774,34.584006776004216,-4.388459157774188,418,430,375,435,34.584006776004216,NEUTRAL,program,sonic_drive_three_laps.py,function,ec959a186dbd8278df967871b3a34262848e2c5ecc08c20aa12abb30068f0552,仕切り壁予防：右壁の向き・離隔を保持 | target_deg=-3.507,,249.7816869073616,248.91922881705,84.06514150497014,51.38928304225774,35.9429899404447,0,106.1,35.821860404956055,4
106.15,553.5097847022458,563.0683829727869,-89.27077026154933,27.36186382511118,0.19569306951225995,34.542980352610485,0.6115408422258124,418,435,375,435,34.542980352610485,NEUTRAL,program,sonic_drive_three_laps.py,function,ec959a186dbd8278df967871b3a34262848e2c5ecc08c20aa12abb30068f0552,仕切り壁予防：右壁の向き・離隔を保持 | target_deg=0.489,,249.76612484687143,249.9189908713307,81.84072656204832,48.72208321759851,38.6169337313123,0,106.15,35.80424732890185,4
106.2,552.1397492139694,563.0868357578431,-89.17367340545297,27.430299165853953,-1.40430693048774,34.58191771589214,-4.388459157774188,418,430,375,435,34.58191771589214,NEUTRAL,program,sonic_drive_three_laps.py,function,ec959a186dbd8278df967871b3a34262848e2c5ecc08c20aa12abb30068f0552,仕切り壁予防：右壁の向き・離隔を保持 | target_deg=-3.507,,250.0,249.80933713042467,83.0760864205022,50.54195260892898,32.70886055334495,0,106.2,35.76230153440122,4
106.25,550.7669978847375,563.1073020915995,-89.11879025726016,27.476291916151432,-0.6679528345216965,34.542980352610485,-2.0873526078803017,418,432,375,435,34.542980352610485,NEUTRAL,program,sonic_drive_three_laps.py,function,ec959a186dbd8278df967871b3a34262848e2c5ecc08c20aa12abb30068f0552,仕切り壁予防：右壁の向き・離隔を保持 | target_deg=-1.669,,250.0,249.98778749471066,83.92085037852145,48.868649312137734,35.73749015750415,0,106.25,35.72856893778976,4
106.3,549.3944537879571,563.1278523368533,-89.17789739595095,27.439318676344666,0.9320471654783035,34.14028670637905,2.9126473921196983,417,438,375,435,34.14028670637905,NEUTRAL,program,sonic_drive_three_laps.py,function,ec959a186dbd8278df967871b3a34262848e2c5ecc08c20aa12abb30068f0552,仕切り壁予防：右壁の向き・離隔を保持 | target_deg=2.329,,250.0,250.0,78.63748765204359,48.65030514744408,39.698910609044155,0,106.3,35.7223063593741,4
106.35,548.0282619734501,563.1477585552427,-89.14032668985325,27.25292530838369,-0.6679528345216965,33.26528670637905,-2.0873526078803017,416,432,375,435,33.26528670637905,NEUTRAL,program,sonic_drive_three_laps.py,function,ec959a186dbd8278df967871b3a34262848e2c5ecc08c20aa12abb30068f0552,仕切り壁予防：右壁の向き・離隔を保持 | target_deg=-1.669,,250.0,248.4081603615664,81.71771817745905,50.43069481196252,33.29190433167342,0,106.35,35.69331710805602,4
106.4,546.6646866812677,563.1683306786002,-89.13097312976373,27.28882617091235,-0.11659950815548129,34.26528670637905,-0.364373462985879,417,434,375,435,34.26528670637905,NEUTRAL,program,sonic_drive_three_laps.py,function,ec959a186dbd8278df967871b3a34262848e2c5ecc08c20aa12abb30068f0552,仕切り壁予防：右壁の向き・離隔を保持 | target_deg=-0.291,,249.8552992675215,247.419837720256,83.33961708769493,50.93145153606259,37.61557424521458,0,106.4,35.670484365503285,4
106.45,545.2977867607874,563.1894595514699,-89.09786744699908,27.375644882408253,-0.41167585380250005,34.59258705406265,-1.2864870431328126,418,433,375,435,34.59258705406265,NEUTRAL,program,sonic_drive_three_laps.py,function,ec959a186dbd8278df967871b3a34262848e2c5ecc08c20aa12abb30068f0552,仕切り壁予防：右壁の向き・離隔を保持 | target_deg=-1.029,,250.0,250.0,83.09347222664624,50.12761900018333,35.697287034818245,0,106.45,35.64135651798665,4
106.5,543.9272282036584,563.2118499365134,-89.03025272908619,27.440521500030847,-0.8385010092946767,34.579404991225445,-2.6203156540458648,418,432,375,435,34.579404991225445,NEUTRAL,program,sonic_drive_three_laps.py,function,ec959a186dbd8278df967871b3a34262848e2c5ecc08c20aa12abb30068f0552,仕切り壁予防：右壁の向き・離隔を保持 | target_deg=-2.095,,250.0,248.54141861493224,85.6952912448307,51.1245229995957,35.892158100938,0,106.5,35.60263970924143,4
106.55,542.5557573203757,563.234669015387,-89.07555766375803,27.428424747997205,0.7614989907053232,34.23355523945803,2.3796843459541352,417,437,375,435,34.23355523945803,NEUTRAL,program,sonic_drive_three_laps.py,function,ec959a186dbd8278df967871b3a34262848e2c5ecc08c20aa12abb30068f0552,仕切り壁予防：右壁の向き・離隔を保持 | target_deg=1.903,,248.36203080945032,248.9844975875256,82.50493841626097,47.17641329866194,37.64171205861522,0,106.55,35.590758502117524,4
106.6,541.1895617205702,563.2567561754811,-89.06977203718063,27.26130168686124,-0.10544858082108532,33.35855523945803,-0.32952681506589165,416,434,375,435,33.35855523945803,NEUTRAL,program,sonic_drive_three_laps.py,function,ec959a186dbd8278df967871b3a34262848e2c5ecc08c20aa12abb30068f0552,仕切り壁予防：右壁の向き・離隔を保持 | target_deg=-0.264,,249.4151490136033,249.2753910191145,81.86117091060753,48.41039709601664,33.50874866622671,0,106.6,35.56727417458558,4
106.65,539.828007509579,563.2790545485348,-89.05371294533887,27.217318518648092,-0.20048180246542657,33.832667192636535,-0.626505632704458,417,434,375,435,33.832667192636535,NEUTRAL,program,sonic_drive_three_laps.py,function,ec959a186dbd8278df967871b3a34262848e2c5ecc08c20aa12abb30068f0552,仕切り壁予防：右壁の向き・離隔を保持 | target_deg=-0.501,,248.96726179620424,250.0,84.63688231946655,49.22401450877045,35.43226712425679,0,106.65,35.54109824765203,4
106.7,538.4680827237884,563.3020924561363,-89.00522584338776,27.192617251584753,-0.6060127239686458,33.88463848572328,-1.8937897624020181,417,433,375,435,33.88463848572328,NEUTRAL,program,sonic_drive_three_laps.py,function,ec959a186dbd8278df967871b3a34262848e2c5ecc08c20aa12abb30068f0552,仕切り壁予防：右壁の向き・離隔を保持 | target_deg=-1.515,,250.0,249.70549821087894,85.82362644592155,48.990211931517365,34.496154310986476,0,106.7,34.375023373814564,4
106.75,537.1080344296569,563.3261175082212,-88.97074171794715,27.213466110538626,-0.43096089186744424,34.10641320842035,-1.3467527870857632,417,433,375,435,34.10641320842035,NEUTRAL,program,sonic_drive_three_laps.py,function,ec959a186dbd8278df967871b3a34262848e2c5ecc08c20aa12abb30068f0552,仕切り壁予防：右壁の向き・離隔を保持 | target_deg=-1.077,,249.72007855833397,249.2518199237831,83.51117866348126,48.55186232861595,34.983822438765614,0,106.75,33.12055046908582,4
106.8,535.7476321259926,563.351533490854,-88.88862805858247,27.212357173902962,-1.025828460737815,34.01068173774001,-3.2057139398056718,417,431,375,435,34.01068173774001,NEUTRAL,program,sonic_drive_three_laps.py,function,ec959a186dbd8278df967871b3a34262848e2c5ecc08c20aa12abb30068f0552,仕切り壁予防：右壁の向き・離隔を保持 | target_deg=-2.563,,249.9766358806057,250.0,84.54752723627062,50.73683090310324,35.22023684904621,0,106.8,31.87208114283986,4
106.85,534.385528128882,563.3781065120577,-88.87936090454521,27.270149279748704,-0.06698480254598949,34.33599993946599,-0.20932750795621713,417,434,375,435,34.33599993946599,NEUTRAL,program,sonic_drive_three_laps.py,function,ec959a186dbd8278df967871b3a34262848e2c5ecc08c20aa12abb30068f0552,仕切り壁予防：右壁の向き・離隔を保持 | target_deg=-0.167,,249.0655879678217,250.0,83.58987326222986,48.12350492891582,35.90395478620755,0,106.85,30.636412805289382,4
106.9,533.0196843555661,563.4060850648104,-88.76142420273193,27.35700721332858,-1.6669848025459897,34.56945849188294,-5.209327507956218,418,429,375,435,34.56945849188294,NEUTRAL,program,sonic_drive_three_laps.py,function,ec959a186dbd8278df967871b3a34262848e2c5ecc08c20aa12abb30068f0552,仕切り壁予防：右壁の向き・離隔を保持 | target_deg=-4.161,,248.54014355934945,249.0404609092315,82.99050270085777,51.48263694651582,32.98708103198646,0,106.9,29.40335900009491,4
106.95,531.6495207520077,563.4373376944417,-88.62526256990942,27.445415881352048,-1.6884665261062748,34.68663231389234,-5.2764578940821085,418,429,375,435,34.68663231389234,NEUTRAL,program,sonic_drive_three_laps.py,function,ec959a186dbd8278df967871b3a34262848e2c5ecc08c20aa12abb30068f0552,仕切り壁予防：右壁の向き・離隔を保持 | target_deg=-4.215,,249.074131836738,119.76079565144002,83.04345049773545,49.0516974419526,34.45014321642783,0,106.95,28.180421693489485,4
107.0,530.2755244978885,563.4707721864005,-88.59769516858897,27.516018712734997,-0.1674691997249164,34.69838013146437,-0.5233412491403637,418,434,375,435,34.69838013146437,NEUTRAL,program,sonic_drive_three_laps.py,function,ec959a186dbd8278df967871b3a34262848e2c5ecc08c20aa12abb30068f0552,仕切り壁予防：右壁の向き・離隔を保持 | target_deg=-0.419,,247.3735975123869,119.7983878269911,84.05463571998567,48.161818471305956,36.48121264942075,0,107.0,26.97394203749641,4
107.05,528.9029963164102,563.5037242325708,-88.65442634624362,27.420747295193348,0.7431445114726887,33.86658471859956,2.322326598352152,417,437,375,435,33.86658471859956,NEUTRAL,program,sonic_drive_three_laps.py,function,ec959a186dbd8278df967871b3a34262848e2c5ecc08c20aa12abb30068f0552,仕切り壁予防：右壁の向き・離隔を保持 | target_deg=1.857,,250.0,117.63590586220357,83.78611915678422,49.123749957245046,37.426625698886475,0,107.05,25.786444255138555,4
107.1,527.53724919208,563.5346403411171,-88.75203340388458,27.257164094591506,1.21446081426899,33.368592845288376,3.795190044590594,416,438,375,435,33.368592845288376,NEUTRAL,program,sonic_drive_three_laps.py,function,ec959a186dbd8278df967871b3a34262848e2c5ecc08c20aa12abb30068f0552,仕切り壁予防：右壁の向き・離隔を保持 | target_deg=3.034,,249.2959812352973,116.98415624894962,83.86707846085119,45.86201120098614,34.74600810095645,0,107.1,24.621038650038265,4
107.15,526.1799050312057,563.5623778929429,-88.90745379983638,27.083976546368724,1.9582968619955028,33.11084174219665,6.119677693735946,416,441,375,435,33.11084174219665,NEUTRAL,program,sonic_drive_three_laps.py,function,ec959a186dbd8278df967871b3a34262848e2c5ecc08c20aa12abb30068f0552,仕切り壁予防：右壁の向き・離隔を保持 | target_deg=4.886,,250.0,118.57342044615112,81.67823583499252,48.05825439959337,37.53968210808507,0,107.15,23.479581249570444,4
107.2,524.8321794897907,563.5859634248487,-89.08737012355964,26.876479933028946,2.267902966182623,32.70405640359621,7.0871967693206965,415,442,375,435,32.70405640359621,NEUTRAL,program,sonic_drive_three_laps.py,function,ec959a186dbd8278df967871b3a34262848e2c5ecc08c20aa12abb30068f0552,仕切り壁予防：右壁の向き・離隔を保持 | target_deg=5.654,,250.0,123.82631334403541,81.38381925345323,45.619337843592945,35.33815044383291,0,107.2,22.36291411663926,4
107.25,523.4942597094832,563.6044067008816,-89.33599776838986,26.685219187991805,3.2,32.53474056536888,10.0,415,445,375,435,32.53474056536888,NEUTRAL,program,sonic_drive_three_laps.py,function,ec959a186dbd8278df967871b3a34262848e2c5ecc08c20aa12abb30068f0552,仕切り壁予防：右壁の向き・離隔を保持 | target_deg=7.957,,247.97237481686832,120.0357149579516,82.8031528883308,45.72580001451491,37.48255679483172,0,107.25,21.27176616225267,4
107.3,522.1591009917831,563.6183113335287,-89.44702720967068,26.71734958860694,0.96,33.53474056536888,3.0,416,438,375,435,33.53474056536888,NEUTRAL,program,sonic_drive_three_laps.py,function,ec959a186dbd8278df967871b3a34262848e2c5ecc08c20aa12abb30068f0552,右壁追従 | target_deg=2.399,,250.0,120.2678245822172,81.36430405267603,250.0,34.93384936738437,0,107.3,20.203529862435918,4
107.35,520.8170930746032,563.630556690533,-89.50739355760689,26.922527565631157,0.7646186118634316,34.53474056536888,2.3894331620732236,418,437,375,435,34.53474056536888,NEUTRAL,program,sonic_drive_three_laps.py,function,ec959a186dbd8278df967871b3a34262848e2c5ecc08c20aa12abb30068f0552,右壁追従 | target_deg=1.911,,250.0,116.47779125665616,82.83208003587589,247.46950255362697,33.08102355363456,0,107.35,19.15746149611074,4
107.4,519.4659011402055,563.6414740479569,-89.56674997966957,27.091723855200325,0.7467251987573756,34.591634656929564,2.333516246116799,418,437,375,435,34.591634656929564,NEUTRAL,program,sonic_drive_three_laps.py,function,ec959a186dbd8278df967871b3a34262848e2c5ecc08c20aa12abb30068f0552,右壁追従 | target_deg=1.866,,248.5593783717629,119.6134982176351,83.0947752507813,249.3069023197007,37.712493548866284,0,107.4,18.1366255507561,4
107.45,518.2570915423036,563.6511379880268,-89.49499578253463,22.103179805678096,-1.4932748012426242,4.0,-4.666483753883201,380,430,375,435,4.0,NEUTRAL,program,sonic_drive_three_laps.py,function,ec959a186dbd8278df967871b3a34262848e2c5ecc08c20aa12abb30068f0552,仕切り端：検出側から離れて通過 | target_deg=-3.729,,249.92363974226117,19.968149041088708,80.57707188916227,249.7218314536498,34.94080464556751,0,107.45,17.261656631247444,4
107.5,517.2806374292344,563.661182931702,-89.30824219054006,17.843147302218902,-3.733274801242624,4.0,-11.6664837538832,380,422,375,435,4.0,NEUTRAL,program,sonic_drive_three_laps.py,function,ec959a186dbd8278df967871b3a34262848e2c5ecc08c20aa12abb30068f0552,仕切り端：検出側から離れて通過 | target_deg=-9.265,,248.34728698166663,16.960674380719986,81.44355568617657,249.665071715607,32.2705817651478,0,107.5,16.59200798250952,4
107.55,516.4882199653648,563.6724246200462,-89.05155198412933,14.54315840608326,-5.973274801242623,4.0,-18.6664837538832,380,415,375,435,4.0,NEUTRAL,program,sonic_drive_three_laps.py,function,ec959a186dbd8278df967871b3a34262848e2c5ecc08c20aa12abb30068f0552,仕切り端：検出側から離れて通過 | target_deg=-14.659,,250.0,20.407833328306435,79.86995428845601,249.3012560220688,36.12677476930388,0,107.55,16.081170135930858,4
107.6,515.8383807909463,563.6848011671289,-88.75415074167023,11.986857085429996,-8.213274801242624,4.0,-25.6664837538832,380,408,375,435,4.0,NEUTRAL,program,sonic_drive_three_laps.py,function,ec959a186dbd8278df967871b3a34262848e2c5ecc08c20aa12abb30068f0552,仕切り端：検出側から離れて通過 | target_deg=-19.842,,250.0,17.00121211826013,82.81569023329133,249.53611346155603,35.02792315715174,0,107.6,15.690307644505257,4
107.65,515.299002133243,563.6979895656199,-88.43437418194237,10.00664543998299,-10.453274801242623,4.0,-32.6664837538832,380,400,375,435,4.0,NEUTRAL,program,sonic_drive_three_laps.py,function,ec959a186dbd8278df967871b3a34262848e2c5ecc08c20aa12abb30068f0552,仕切り端：検出側から離れて通過 | target_deg=-24.761,,250.0,16.89572040627118,82.08786630502799,250.0,36.34687339452908,0,107.65,15.389904706251947,4
107.7,514.8452019053607,563.7116716372585,-88.10309303056748,8.472695537800927,-12.693274801242623,4.0,-39.6664837538832,380,393,375,435,4.0,NEUTRAL,program,sonic_drive_three_laps.py,function,ec959a186dbd8278df967871b3a34262848e2c5ecc08c20aa12abb30068f0552,仕切り端：検出側から離れて通過 | target_deg=-29.383,,250.0,16.044180169577373,81.8484753527448,250.0,31.516066596528773,0,107.7,15.15780567410446,4
107.75,514.4577039989683,563.7256207731244,-87.76612476483572,7.284437551431399,-14.933274801242623,4.0,-46.6664837538832,380,386,375,435,4.0,NEUTRAL,program,sonic_drive_three_laps.py,function,ec959a186dbd8278df967871b3a34262848e2c5ecc08c20aa12abb30068f0552,仕切り端：検出側から離れて通過 | target_deg=-33.694,,250.0,19.406795684077025,83.07676939853873,248.70702530939386,34.39708979184477,0,107.75,14.977554048573424,4
107.8,514.1215760609529,563.7397126013467,-87.42591988230302,6.363966133060798,-17.173274801242624,4.0,-53.6664837538832,380,378,375,435,4.0,NEUTRAL,program,sonic_drive_three_laps.py,function,ec959a186dbd8278df967871b3a34262848e2c5ecc08c20aa12abb30068f0552,仕切り端：検出側から離れて通過 | target_deg=-37.690,,248.92881535703484,18.11354723376911,83.00176482491965,250.0,34.16631207390816,0,107.8,14.837040539162555,4
107.85,513.8252515908124,563.7539081749717,-87.0827302265027,5.6509327331121595,-19.413274801242622,4.0,-60.6664837538832,380,371,375,435,4.0,NEUTRAL,program,sonic_drive_three_laps.py,function,ec959a186dbd8278df967871b3a34262848e2c5ecc08c20aa12abb30068f0552,仕切り端：検出側から離れて通過 | target_deg=-41.381,,250.0,20.166919399993553,83.48442147076794,248.2330107815506,34.908692088832005,0,107.85,14.72743699739005,4
107.9,513.5597721961235,563.7682311120868,-86.73540881608284,5.0985889891398575,-21.653274801242624,4.0,-67.6664837538832,380,363,375,435,4.0,NEUTRAL,program,sonic_drive_three_laps.py,function,ec959a186dbd8278df967871b3a34262848e2c5ecc08c20aa12abb30068f0552,仕切り端：検出側から離れて通過 | target_deg=-44.785,,250.0,22.5654044328991,80.70631772033241,247.9074491784855,36.2355720933938,0,107.9,14.642375492275523,4
107.95,513.3158154909503,563.7828706570551,-86.39613627819728,4.749795641681969,-22.4,4.4385962551961,-70.0,380,361,375,435,4.4385962551961,NEUTRAL,program,sonic_drive_three_laps.py,function,ec959a186dbd8278df967871b3a34262848e2c5ecc08c20aa12abb30068f0552,仕切り端：検出側から離れて通過 | target_deg=-45.859,,249.6209626677126,22.222181909424947,83.9766133991091,246.7335027915763,36.417019668831536,0,107.95,14.574256557725711,4
108.0,513.0893625907787,563.7977587821771,-86.08087883221998,4.400532720038414,-22.4,4.0,-70.0,380,361,375,435,4.0,NEUTRAL,program,sonic_drive_three_laps.py,function,ec959a186dbd8278df967871b3a34262848e2c5ecc08c20aa12abb30068f0552,仕切り端：検出側から離れて通過 | target_deg=-45.859,,250.0,20.721256873777545,85.0859679181496,250.0,35.00221001772731,0,108.0,14.517641752254864,4
108.05,512.878040166681,563.8127815278189,-85.78657830743008,4.12997991033104,-22.4,4.0,-70.0,380,361,375,435,4.0,NEUTRAL,program,sonic_drive_three_laps.py,function,ec959a186dbd8278df967871b3a34262848e2c5ecc08c20aa12abb30068f0552,仕切り端：検出側から離れて通過 | target_deg=-45.859,,248.572436122533,19.426554511926042,82.64107216876063,249.90186836200257,36.06470557774986,0,108.05,14.470595548841594,4
108.1,512.6784479675798,563.8279727153218,-85.50851183887318,3.920399052173818,-22.4,4.0,-70.0,380,361,375,435,4.0,NEUTRAL,program,sonic_drive_three_laps.py,function,ec959a186dbd8278df967871b3a34262848e2c5ecc08c20aa12abb30068f0552,仕切り端：検出側から離れて通過 | target_deg=-45.859,,248.82107389631435,21.782141884862813,85.54177618244584,250.0,35.9469716244268,0,108.1,14.431339196404664,4
108.15,512.4877714064587,563.843395784431,-85.24276744065983,3.764091289461037,-22.4,4.033511960896412,-70.0,380,361,375,435,4.033511960896412,NEUTRAL,program,sonic_drive_three_laps.py,function,ec959a186dbd8278df967871b3a34262848e2c5ecc08c20aa12abb30068f0552,仕切り端：検出側から離れて通過 | target_deg=-45.859,,249.80590674638015,20.963359913103137,82.11595187998063,248.98781493912966,36.04888771848818,0,108.15,14.398573266324984,4
108.2,512.302340128518,563.8592488373271,-84.98423498363049,3.694663843475956,-22.4,4.320023301533385,-70.0,380,361,375,435,4.320023301533385,NEUTRAL,program,sonic_drive_three_laps.py,function,ec959a186dbd8278df967871b3a34262848e2c5ecc08c20aa12abb30068f0552,仕切り端：検出側から離れて通過 | target_deg=-45.859,,250.0,21.6000517811853,82.3230545841724,249.44532915434402,36.32206795373167,0,108.2,14.371179326267704,4
108.25,512.1191587703862,563.8757375720413,-84.72873886752697,3.667806797787824,-22.4,4.469362759117056,-70.0,380,361,375,435,4.469362759117056,NEUTRAL,program,sonic_drive_three_laps.py,function,ec959a186dbd8278df967871b3a34262848e2c5ecc08c20aa12abb30068f0552,仕切り端：検出側から離れて通過 | target_deg=-45.859,,250.0,21.931917242482346,83.21689913202154,248.05908832067064,35.81595241784883,0,108.25,14.348472524231482,4
108.3,511.93415902998197,563.8932262735235,-84.47059977609473,3.7484145561706326,-22.4,5.031862759117056,-70.0,381,361,375,435,5.031862759117056,NEUTRAL,program,sonic_drive_three_laps.py,function,ec959a186dbd8278df967871b3a34262848e2c5ecc08c20aa12abb30068f0552,仕切り端：検出側から離れて通過 | target_deg=-45.859,,248.53642361060662,23.242514442579697,85.44985652070562,250.0,33.475562257074735,0,108.3,14.32995645858955,4
108.35,511.7461497674087,563.9118616171837,-84.20814592157016,3.7984146085498716,-22.4,4.962851754185727,-70.0,381,361,375,435,4.962851754185727,NEUTRAL,program,sonic_drive_three_laps.py,function,ec959a186dbd8278df967871b3a34262848e2c5ecc08c20aa12abb30068f0552,仕切り端：検出側から離れて通過 | target_deg=-45.859,,250.0,23.02855945374606,85.71422770620785,249.19760672016255,36.37547786305591,0,108.35,14.315706910673246,4
108.4,511.5530346484779,563.9319091094349,-83.9384374136741,3.938558900986255,-22.4,5.525351754185727,-70.0,381,361,375,435,5.525351754185727,NEUTRAL,program,sonic_drive_three_laps.py,function,ec959a186dbd8278df967871b3a34262848e2c5ecc08c20aa12abb30068f0552,仕切り端：検出側から離れて通過 | target_deg=-45.859,,249.89798553944487,24.532283535770905,83.0831777521431,250.0,35.78402351590907,0,108.4,14.305883029210449,4
108.45,511.3570444847871,563.9531952405914,-83.66457561298303,3.945676002139247,-22.4,4.962674804724701,-70.0,381,361,375,435,4.962674804724701,NEUTRAL,program,sonic_drive_three_laps.py,function,ec959a186dbd8278df967871b3a34262848e2c5ecc08c20aa12abb30068f0552,仕切り端：検出側から離れて通過 | target_deg=-45.859,,250.0,23.028166232721556,86.12458274845818,249.17651042808808,36.194460301114574,0,108.45,14.30091544961557,4
108.5,511.1636134301288,563.9751335202459,-83.39414716755583,3.859170449950409,-22.4,4.452277652135287,-70.0,380,361,375,435,4.452277652135287,NEUTRAL,program,sonic_drive_three_laps.py,function,ec959a186dbd8278df967871b3a34262848e2c5ecc08c20aa12abb30068f0552,仕切り端：検出側から離れて通過 | target_deg=-45.859,,243.11634415746485,21.893950338078415,85.72782161650323,248.57030086429324,33.617645240620185,0,108.5,14.30096595824459,4
108.55,510.97095711439863,563.997903844888,-83.12465485288938,3.893572126815397,-22.4,5.014777652135287,-70.0,381,361,375,435,5.014777652135287,NEUTRAL,program,sonic_drive_three_laps.py,function,ec959a186dbd8278df967871b3a34262848e2c5ecc08c20aa12abb30068f0552,仕切り端：検出側から離れて通過 | target_deg=-45.859,,248.17225530746592,24.78058506946738,84.13083202343931,250.0,36.104492698044034,0,108.55,14.30591527289696,4
108.6,510.77982190407477,564.0214031231503,-82.85713919280013,3.823900656499694,-22.4,4.480520826922515,-70.0,380,361,375,435,4.480520826922515,NEUTRAL,program,sonic_drive_three_laps.py,function,ec959a186dbd8278df967871b3a34262848e2c5ecc08c20aa12abb30068f0552,仕切り端：検出側から離れて通過 | target_deg=-45.859,,250.0,21.9567129487167,84.83302822631423,249.83293150833634,34.59647254805399,0,108.6,14.315660736705805,4
108.65,510.58874569245995,564.0458014255629,-82.58954956332869,3.8713426759472487,-22.4,5.043020826922515,-70.0,381,361,375,435,5.043020826922515,NEUTRAL,program,sonic_drive_three_laps.py,function,ec959a186dbd8278df967871b3a34262848e2c5ecc08c20aa12abb30068f0552,仕切り端：検出側から離れて通過 | target_deg=-45.859,,249.53005467719606,23.3183508798364,83.80456373636433,250.0,34.38991478680487,0,108.65,14.330216961870029,4
108.7,510.394454688292,564.0715410290633,-82.3172910226147,3.9515289185592386,-22.4,5.283944599887912,-70.0,381,361,375,435,5.283944599887912,NEUTRAL,program,sonic_drive_three_laps.py,function,ec959a186dbd8278df967871b3a34262848e2c5ecc08c20aa12abb30068f0552,仕切り端：検出側から離れて通過 | target_deg=-45.859,,249.8728426011552,23.742099110862025,86.82184743165031,250.0,35.89595932049568,0,108.7,14.349949271846686,4
108.75,510.1972610547099,564.0986266961173,-82.04078644915036,4.000167035754086,-22.4,5.2091905084496055,-70.0,381,361,375,435,5.2091905084496055,NEUTRAL,program,sonic_drive_three_laps.py,function,ec959a186dbd8278df967871b3a34262848e2c5ecc08c20aa12abb30068f0552,仕切り端：検出側から離れて通過 | target_deg=-45.859,,248.79590736457814,23.57597890766579,85.73717715897668,249.97688482261685,31.330153579156296,0,108.75,14.375052431134332,4
108.8,509.9950902003134,564.127403657915,-81.75710894289395,4.13925631957678,-22.4,5.7716905084496055,-70.0,382,361,375,435,5.7716905084496055,NEUTRAL,program,sonic_drive_three_laps.py,function,ec959a186dbd8278df967871b3a34262848e2c5ecc08c20aa12abb30068f0552,仕切り端：検出側から離れて通過 | target_deg=-45.859,,249.05064909817062,25.556947196060026,84.0474194338383,250.0,31.869659118542447,0,108.8,14.40608498588362,4
108.85,509.78891144029984,564.157804066575,-81.46759795415272,4.18711504789027,-22.4,5.439526750404449,-70.0,381,361,375,435,5.439526750404449,NEUTRAL,program,sonic_drive_three_laps.py,function,ec959a186dbd8278df967871b3a34262848e2c5ecc08c20aa12abb30068f0552,仕切り端：検出側から離れて通過 | target_deg=-45.859,,250.0,24.087837223120996,82.52655620350917,248.30341236610684,36.280065232992484,0,108.85,14.443236399759549,4
108.9,509.5778197969254,564.1900329377135,-81.17096079850936,4.325600586400654,-22.4,6.002026750404449,-70.0,382,361,375,435,6.002026750404449,NEUTRAL,program,sonic_drive_three_laps.py,function,ec959a186dbd8278df967871b3a34262848e2c5ecc08c20aa12abb30068f0552,仕切り端：検出側から離れて通過 | target_deg=-45.859,,250.0,25.988702387227367,85.89262317269514,248.24834605846593,34.961258153083925,0,108.9,14.487006081790433,4
108.95,509.35796806657135,564.2247896828453,-80.86175957001664,4.53428922009848,-22.4,6.564526750404449,-70.0,383,361,375,435,6.564526750404449,NEUTRAL,program,sonic_drive_three_laps.py,function,ec959a186dbd8278df967871b3a34262848e2c5ecc08c20aa12abb30068f0552,仕切り端：検出側から離れて通過 | target_deg=-45.859,,250.0,27.333674703117246,86.70544529824838,250.0,32.555194425857835,0,108.95,14.538725735592852,4
109.0,509.1263944277896,564.2627164221954,-80.5357818526356,4.797359935248688,-22.4,7.127026750404449,-70.0,383,361,375,435,7.127026750404449,NEUTRAL,program,sonic_drive_three_laps.py,function,ec959a186dbd8278df967871b3a34262848e2c5ecc08c20aa12abb30068f0552,仕切り端：検出側から離れて通過 | target_deg=-45.859,,250.0,28.6325237759156,82.62954116076784,249.35402816378817,34.926212821158245,0,109.0,14.599926458600812,4
109.05,508.8939483964623,564.3021484819402,-80.20826487197662,4.661573090016872,-22.4,5.243535727068622,-70.0,381,361,375,435,5.243535727068622,NEUTRAL,program,sonic_drive_three_laps.py,function,ec959a186dbd8278df967871b3a34262848e2c5ecc08c20aa12abb30068f0552,仕切り端：検出側から離れて通過 | target_deg=-45.859,,250.0,23.652301615708048,85.74808568797357,250.0,35.76246105028348,0,109.05,14.668241253760957,4
109.1,508.66449053389346,564.342416302765,-79.88464106134684,4.657799537069181,-22.4,5.806035727068622,-70.0,382,361,375,435,5.806035727068622,NEUTRAL,program,sonic_drive_three_laps.py,function,ec959a186dbd8278df967871b3a34262848e2c5ecc08c20aa12abb30068f0552,仕切り端：検出側から離れて通過 | target_deg=-45.859,,248.96849915903428,27.65203187671305,86.82162091205984,248.86546252894524,35.135230471917275,0,109.1,14.742382077129822,4
109.15,508.43241213665965,564.3845050044762,-79.5569891900898,4.756288677733845,-22.4,6.368535727068622,-70.0,382,361,375,435,6.368535727068622,NEUTRAL,program,sonic_drive_three_laps.py,function,ec959a186dbd8278df967871b3a34262848e2c5ecc08c20aa12abb30068f0552,仕切り端：検出側から離れて通過 | target_deg=-45.859,,242.37389037110012,30.128022363624506,82.829740672109,250.0,34.25956188146861,0,109.15,14.821604171690517,4
109.2,508.19339044396867,564.4292881637833,-79.21917316107738,4.93399452698833,-22.4,6.931035727068622,-70.0,383,361,375,435,6.931035727068622,NEUTRAL,program,sonic_drive_three_laps.py,function,ec959a186dbd8278df967871b3a34262848e2c5ecc08c20aa12abb30068f0552,仕切り端：検出側から離れて通過 | target_deg=-45.859,,235.70316557101194,27.83004287006161,86.70191479924168,249.87843218425158,31.085835985334057,0,109.2,14.901229709385227,4
109.25,507.94410028249536,564.4775520053421,-78.86643971189395,5.173064757505764,-22.4,7.493535727068622,-70.0,384,361,375,435,7.493535727068622,NEUTRAL,program,sonic_drive_three_laps.py,function,ec959a186dbd8278df967871b3a34262848e2c5ecc08c20aa12abb30068f0552,仕切り端：検出側から離れて通過 | target_deg=-45.859,,226.98086305445855,28.878462006051127,85.69933965272104,247.5805311893078,34.266887775205696,0,109.25,14.981824616158352,4
109.3,507.6819914813757,564.530017985919,-78.49510677833467,5.459670253686437,-22.4,8.056035727068622,-70.0,385,361,375,435,8.056035727068622,NEUTRAL,program,sonic_drive_three_laps.py,function,ec959a186dbd8278df967871b3a34262848e2c5ecc08c20aa12abb30068f0552,仕切り端：検出側から離れて通過 | target_deg=-45.859,,219.2311523307691,30.601706942732182,90.48055385905116,250.0,35.74170461130017,0,109.3,15.063854760801654,4
109.35,507.40814688492935,564.5867241636236,-78.10662337907034,5.680570499647924,-22.4,8.049847561352305,-70.0,385,361,375,435,8.049847561352305,NEUTRAL,program,sonic_drive_three_laps.py,function,ec959a186dbd8278df967871b3a34262848e2c5ecc08c20aa12abb30068f0552,仕切り端：検出側から離れて通過 | target_deg=-45.859,,211.5289478411106,29.888550136338456,86.94790614147607,250.0,34.38872421608036,0,109.35,15.14658001909094,4
109.4,507.1233109033945,564.6477653977951,-77.70195755308262,5.921474497219888,-22.4,8.436926985109002,-70.0,385,361,375,435,8.436926985109002,NEUTRAL,program,sonic_drive_three_laps.py,function,ec959a186dbd8278df967871b3a34262848e2c5ecc08c20aa12abb30068f0552,仕切り端：検出側から離れて通過 | target_deg=-45.859,,201.3775359993896,30.748726633575558,90.7279231459031,250.0,32.285889166912185,0,109.4,15.22938341472016,4
109.45,506.8234331464057,564.7142233249228,-77.31270731990787,6.288376721935737,-20.16,9.436926985109002,-63.0,386,368,375,435,9.436926985109002,NEUTRAL,program,sonic_drive_three_laps.py,function,ec959a186dbd8278df967871b3a34262848e2c5ecc08c20aa12abb30068f0552,右壁追従 | target_deg=-42.547,,197.27942911925686,29.800616595078736,229.7257500372092,249.7741894070747,32.49934741224092,0,109.45,15.305710953199064,4
109.5,506.5032434545337,564.7874049925267,-76.94521962644284,6.752882133991113,-17.92,10.436926985109002,-56.0,388,376,375,435,10.436926985109002,NEUTRAL,program,sonic_drive_three_laps.py,function,ec959a186dbd8278df967871b3a34262848e2c5ecc08c20aa12abb30068f0552,右壁追従 | target_deg=-38.954,,191.79606037204255,31.056533650901358,232.90318567236022,250.0,34.38443207234861,0,109.5,15.374557838199685,4
109.55,506.15868352786276,564.8684147311576,-76.60035710130802,7.2929948176309995,-15.68,11.436926985109002,-49.0,389,383,375,435,11.436926985109002,NEUTRAL,program,sonic_drive_three_laps.py,function,ec959a186dbd8278df967871b3a34262848e2c5ecc08c20aa12abb30068f0552,右壁追従 | target_deg=-35.060,,183.37783648209654,30.06580791711197,232.01812669417097,249.80858113938982,35.94196377977301,0,109.55,15.436072960992238,4
109.6,505.7866268083254,564.9581677003506,-76.28153362024938,7.891675870524735,-13.44,12.436926985109002,-42.0,390,390,375,435,12.436926985109002,NEUTRAL,program,sonic_drive_three_laps.py,function,ec959a186dbd8278df967871b3a34262848e2c5ecc08c20aa12abb30068f0552,右壁追従 | target_deg=-30.855,,178.68007893130547,30.408301351729868,232.05035648935913,247.84006854736654,32.5383953965825,0,109.6,15.489997970784088,4
109.65,505.3846585534229,565.0573916941372,-75.99400044890639,8.535726288099498,-11.2,13.436926985109002,-35.0,391,398,375,435,13.436926985109002,NEUTRAL,program,sonic_drive_three_laps.py,function,ec959a186dbd8278df967871b3a34262848e2c5ecc08c20aa12abb30068f0552,右壁追従 | target_deg=-26.336,,172.92730634066652,30.673168978269693,17.82555744126967,248.95624786986338,33.2167719612365,0,109.65,15.535894027464124,4
109.7,504.9798448603317,565.159556950322,-75.66958679868156,8.228472883292527,-13.44,8.965426040221363,-42.0,386,390,375,435,8.965426040221363,NEUTRAL,program,sonic_drive_three_laps.py,function,ec959a186dbd8278df967871b3a34262848e2c5ecc08c20aa12abb30068f0552,仕切り端：検出側から離れて通過 | target_deg=-30.855,,170.52501982051845,33.84434688124308,12.960697777290386,250.0,33.37722899298647,0,109.7,15.584415842812767,4
109.75,504.5855443615528,565.2616280454814,-75.29595877660459,8.09187458260004,-15.68,9.527926040221363,-49.0,386,383,375,435,9.527926040221363,NEUTRAL,program,sonic_drive_three_laps.py,function,ec959a186dbd8278df967871b3a34262848e2c5ecc08c20aa12abb30068f0552,仕切り端：検出側から離れて通過 | target_deg=-35.060,,163.1582233844856,36.28475215929332,15.90186576523267,250.0,34.30345071366377,0,109.75,15.63649882427594,4
109.8,504.19471056591686,565.3657275995885,-74.86697657690972,8.08747244430523,-17.92,10.090426040221363,-56.0,387,376,375,435,10.090426040221363,NEUTRAL,program,sonic_drive_three_laps.py,function,ec959a186dbd8278df967871b3a34262848e2c5ecc08c20aa12abb30068f0552,仕切り端：検出側から離れて通過 | target_deg=-38.954,,158.44274195924544,36.10683068272244,13.952531780734406,250.0,34.32990788549221,0,109.8,15.691787496280437,4
109.85,503.80195625433737,565.4737250616056,-74.37513685059021,8.185474658012398,-20.16,10.652926040221363,-63.0,388,368,375,435,10.652926040221363,NEUTRAL,program,sonic_drive_three_laps.py,function,ec959a186dbd8278df967871b3a34262848e2c5ecc08c20aa12abb30068f0552,仕切り端：検出側から離れて通過 | target_deg=-42.547,,154.2460614643754,37.59374054439765,14.611791168856424,248.6191829400279,34.566483692240794,0,109.85,15.74975131657978,4
109.9,503.4031964210696,565.5873317604655,-73.811886755863,8.362803314475121,-22.4,11.215426040221363,-70.0,389,361,375,435,11.215426040221363,NEUTRAL,program,sonic_drive_three_laps.py,function,ec959a186dbd8278df967871b3a34262848e2c5ecc08c20aa12abb30068f0552,仕切り端：検出側から離れて通過 | target_deg=-45.859,,149.50173447869625,38.25335360289738,15.739706904943509,248.39473136665492,33.95096921954715,0,109.9,15.809535853429736,4
109.95,502.99532834294985,565.7080204424828,-73.22100841100148,8.601581356605845,-22.4,11.777926040221363,-70.0,389,361,375,435,11.777926040221363,NEUTRAL,program,sonic_drive_three_laps.py,function,ec959a186dbd8278df967871b3a34262848e2c5ecc08c20aa12abb30068f0552,仕切り端：検出側から離れて通過 | target_deg=-45.859,,144.3685079368066,42.04228089692584,16.057183829052466,248.07026868743438,34.88914377873749,0,109.95,15.865013322034766,4
110.0,502.57596075655414,565.8369043467945,-72.61154811402596,8.887960512158616,-22.4,12.340426040221363,-70.0,390,361,375,435,12.340426040221363,NEUTRAL,program,sonic_drive_three_laps.py,function,ec959a186dbd8278df967871b3a34262848e2c5ecc08c20aa12abb30068f0552,仕切り端：検出側から離れて通過 | target_deg=-45.859,,137.7966580832266,41.41382514228458,18.308661368478894,248.2879357405235,32.9776300657858,0,110.0,15.914479306299995,4
110.05,502.1433113123763,565.9750128563365,-71.98064964195774,9.211213364240436,-22.4,12.902926040221363,-70.0,391,361,375,435,12.902926040221363,NEUTRAL,program,sonic_drive_three_laps.py,function,ec959a186dbd8278df967871b3a34262848e2c5ecc08c20aa12abb30068f0552,仕切り端：検出側から離れて通過 | target_deg=-45.859,,131.49980009098368,43.06149228031238,17.027103601641933,249.5465919046635,36.321561701261224,0,110.05,15.957382740717616,4
110.1,501.71696993645514,566.1160837520547,-71.41108317564161,8.83093704159533,-20.16,9.404751195892638,-63.0,386,368,375,435,9.404751195892638,NEUTRAL,program,sonic_drive_three_laps.py,function,ec959a186dbd8278df967871b3a34262848e2c5ecc08c20aa12abb30068f0552,仕切り端：検出側から離れて通過 | target_deg=-42.547,,125.50928408433978,45.18063711490294,19.792262195550304,32.89944710198364,33.71130472729512,0,110.1,15.98869848701705,4
110.15,501.30938500129827,566.2551096682716,-70.92877563134398,8.46993331326886,-17.92,9.036304424061248,-56.0,386,376,375,435,9.036304424061248,NEUTRAL,program,sonic_drive_three_laps.py,function,ec959a186dbd8278df967871b3a34262848e2c5ecc08c20aa12abb30068f0552,仕切り端：検出側から離れて通過 | target_deg=-38.954,,122.04052034199137,45.06525589136068,18.00327452529879,32.080676497913885,32.00170679570351,0,110.15,16.009314425986457,4
110.2,500.91829203798466,566.3918945195812,-70.52464867289508,8.166206389091268,-15.68,8.902745029663954,-49.0,386,383,375,435,8.902745029663954,NEUTRAL,program,sonic_drive_three_laps.py,function,ec959a186dbd8278df967871b3a34262848e2c5ecc08c20aa12abb30068f0552,仕切り端：検出側から離れて通過 | target_deg=-35.060,,117.43173188217305,43.330664802653466,21.47595917901864,31.783877843697677,33.78522455337363,0,110.2,16.022055276475363,4
110.25,500.5423587284486,566.526095632814,-70.19169759440068,7.863526863674629,-13.44,8.528895944876723,-42.0,385,390,375,435,8.528895944876723,NEUTRAL,program,sonic_drive_three_laps.py,function,ec959a186dbd8278df967871b3a34262848e2c5ecc08c20aa12abb30068f0552,仕切り端：検出側から離れて通過 | target_deg=-30.855,,115.89880692849108,45.38836700950439,16.99489173547051,30.95310209972605,34.591777251630745,0,110.25,16.029124925328247,4
110.3,500.17942964000815,566.6578048161444,-69.92318786177798,7.628862360455444,-11.2,8.52780310628986,-35.0,385,398,375,435,8.52780310628986,NEUTRAL,program,sonic_drive_three_laps.py,function,ec959a186dbd8278df967871b3a34262848e2c5ecc08c20aa12abb30068f0552,仕切り端：検出側から離れて通過 | target_deg=-26.336,,116.02757973090777,48.538266062563984,20.51343975825005,30.95067356953302,35.96037096366629,0,110.3,16.032287455032918,4
110.35,499.82826802228783,566.7869015936495,-69.71399979654406,7.387030990054424,-8.96,8.194720263265282,-28.0,385,405,375,435,8.194720263265282,NEUTRAL,program,sonic_drive_three_laps.py,function,ec959a186dbd8278df967871b3a34262848e2c5ecc08c20aa12abb30068f0552,仕切り端：検出側から離れて通過 | target_deg=-21.513,,110.36128666788298,48.133762367183465,19.643058928961686,30.21048947392285,31.755640761591838,0,110.35,16.03293276527022,4
110.4,499.4908223309686,566.9121665051237,-69.56116191738312,7.075581156594266,-6.72,7.506280732181551,-21.0,384,412,375,435,7.506280732181551,NEUTRAL,program,sonic_drive_three_laps.py,function,ec959a186dbd8278df967871b3a34262848e2c5ecc08c20aa12abb30068f0552,仕切り端：検出側から離れて通過 | target_deg=-16.413,,107.30106042748652,50.98886954298913,19.005641063911888,28.680623849292335,33.534791286300205,0,110.4,16.032188849704276,4
110.45,499.1649742652763,567.0339481695637,-69.45986541458672,6.8796419470111765,-4.48,7.757667217549147,-14.0,384,420,375,435,7.757667217549147,NEUTRAL,program,sonic_drive_three_laps.py,function,ec959a186dbd8278df967871b3a34262848e2c5ecc08c20aa12abb30068f0552,仕切り端：検出側から離れて通過 | target_deg=-11.083,,109.60216632404162,54.15152842954744,18.29219688547009,29.23926048344255,35.92143535066157,0,110.45,16.030963590415578,4
110.5,498.84551126596244,567.1538370868346,-69.40571930633448,6.788127259563172,-2.24,8.091951086155303,-7.0,385,427,375,435,8.091951086155303,NEUTRAL,program,sonic_drive_three_laps.py,function,ec959a186dbd8278df967871b3a34262848e2c5ecc08c20aa12abb30068f0552,仕切り端：検出側から離れて通過 | target_deg=-5.585,,109.19814267004485,51.335944248948294,18.65054217139123,29.98211352478956,33.63687702154581,0,110.5,16.029954423876433,4
110.55,498.5269477013224,567.2735888134781,-69.39665572211402,6.818648663045017,0.0,8.654451086155303,0.0,385,435,375,435,8.654451086155303,NEUTRAL,program,sonic_drive_three_laps.py,function,ec959a186dbd8278df967871b3a34262848e2c5ecc08c20aa12abb30068f0552,仕切り端：検出側から離れて通過 | target_deg=0.000,,107.87356079372351,51.358917799478945,20.256149464221835,248.61732511972733,30.120384232574423,0,110.55,16.029743947346784,4
110.6,498.2042545739565,567.3948055771966,-69.43295418485845,6.943704027164321,2.24,9.216951086155303,7.0,386,442,375,435,9.216951086155303,NEUTRAL,program,sonic_drive_three_laps.py,function,ec959a186dbd8278df967871b3a34262848e2c5ecc08c20aa12abb30068f0552,仕切り端：検出側から離れて通過 | target_deg=5.585,,105.83436471695825,52.27677308323148,20.301554125239278,250.0,32.32803127411397,0,110.6,16.030889439638585,4
110.65,497.87350786766814,567.5186524356485,-69.5168419246141,7.141989119028196,4.48,9.779451086155303,14.0,387,449,375,435,9.779451086155303,NEUTRAL,program,sonic_drive_three_laps.py,function,ec959a186dbd8278df967871b3a34262848e2c5ecc08c20aa12abb30068f0552,仕切り端：検出側から離れて通過 | target_deg=11.083,,107.51865688758433,51.19478210507936,22.012970105998516,250.0,30.935544663412035,0,110.65,16.033980768957733,4
110.7,497.5316285375148,567.6459241237748,-69.65198385013514,7.397000841082777,6.72,10.341951086155303,21.0,387,457,375,435,10.341951086155303,NEUTRAL,program,sonic_drive_three_laps.py,function,ec959a186dbd8278df967871b3a34262848e2c5ecc08c20aa12abb30068f0552,仕切り端：検出側から離れて通過 | target_deg=16.413,,106.38413557128307,53.34374332809096,24.063842871326,250.0,29.628187566112576,0,110.7,16.039668587166865,4
110.75,497.1761815904545,567.7770965836007,-69.84313172211094,7.695955244230172,8.96,10.904451086155303,28.0,388,464,375,435,10.904451086155303,NEUTRAL,program,sonic_drive_three_laps.py,function,ec959a186dbd8278df967871b3a34262848e2c5ecc08c20aa12abb30068f0552,仕切り端：検出側から離れて通過 | target_deg=21.513,,106.38962401380883,52.20072062097769,21.877196484752616,249.69724782490468,30.644342941673422,0,110.75,16.04867623660927,4
110.8,496.80522072125785,567.9123651903927,-70.09588937151486,8.028949378190644,11.2,11.466951086155303,35.0,389,471,375,435,11.466951086155303,NEUTRAL,program,sonic_drive_three_laps.py,function,ec959a186dbd8278df967871b3a34262848e2c5ecc08c20aa12abb30068f0552,仕切り端：検出側から離れて通過 | target_deg=26.336,,107.4417120861378,55.2395922873967,18.284250893887403,250.0,32.80247609752964,0,110.8,16.06180093512563,4
110.85,496.4171682689571,568.0516717285475,-70.4165630378209,8.388312027794926,13.44,12.029451086155303,42.0,390,479,375,435,12.029451086155303,NEUTRAL,program,sonic_drive_three_laps.py,function,ec959a186dbd8278df967871b3a34262848e2c5ecc08c20aa12abb30068f0552,仕切り端：検出側から離れて通過 | target_deg=30.855,,110.94510541826958,51.13921267428417,21.93839334149963,247.63904983885686,29.8825852852026,0,110.85,16.07990703752896,4
110.9,496.01072273949114,568.1947219303526,-70.81207483211729,8.768100767754506,15.68,12.591951086155303,49.0,390,486,375,435,12.591951086155303,NEUTRAL,program,sonic_drive_three_laps.py,function,ec959a186dbd8278df967871b3a34262848e2c5ecc08c20aa12abb30068f0552,仕切り端：検出側から離れて通過 | target_deg=35.060,,109.94937746398186,52.0569763709181,21.11971360274734,250.0,31.798819721562353,0,110.9,16.103912577114617,4
110.95,495.584788031082,568.3409950598558,-71.28992388315129,9.163712361485551,17.92,13.154451086155303,56.0,391,493,375,435,13.154451086155303,NEUTRAL,program,sonic_drive_three_laps.py,function,ec959a186dbd8278df967871b3a34262848e2c5ecc08c20aa12abb30068f0552,仕切り端：検出側から離れて通過 | target_deg=38.954,,112.70308817148727,49.64619303008925,19.546735854836776,250.0,29.660144418595486,0,110.95,16.134769290044225,4
111.0,495.1384199610932,568.4897466898135,-71.85818457349225,9.571580960699212,20.16,13.716951086155303,63.0,392,501,375,435,13.716951086155303,NEUTRAL,program,sonic_drive_three_laps.py,function,ec959a186dbd8278df967871b3a34262848e2c5ecc08c20aa12abb30068f0552,仕切り端：検出側から離れて通過 | target_deg=42.547,,116.32709695034929,51.82459615908099,20.317743803480703,250.0,28.09770366140428,0,111.0,16.17343560700278,4
111.05,494.67223810980255,568.6395484938781,-72.52344269450367,9.938562500735634,22.4,14.0,70.0,392,508,375,435,14.0,NEUTRAL,program,sonic_drive_three_laps.py,function,ec959a186dbd8278df967871b3a34262848e2c5ecc08c20aa12abb30068f0552,仕切り端：検出側から離れて通過 | target_deg=45.859,,117.11039672188144,51.94137013665785,21.99757288445497,250.0,32.77166749651714,0,111.05,16.220690024367464,4
111.1,494.18914099739544,568.7884033998275,-73.22567848568123,10.222840849838269,22.4,14.0,70.0,392,508,375,435,14.0,NEUTRAL,program,sonic_drive_three_laps.py,function,ec959a186dbd8278df967871b3a34262848e2c5ecc08c20aa12abb30068f0552,仕切り端：検出側から離れて通過 | target_deg=45.859,,123.14555180643701,47.297327810400375,22.727186172676458,250.0,29.54250470789595,0,111.1,16.272423755746786,4
111.15,493.68729164811,568.936462287319,-73.88887928626502,10.623342554913032,20.16,15.0,63.0,393,501,375,435,15.0,NEUTRAL,program,sonic_drive_three_laps.py,function,ec959a186dbd8278df967871b3a34262848e2c5ecc08c20aa12abb30068f0552,右回避 | target_deg=42.547,,130.21428321978033,46.7133410373926,22.237854795342745,250.0,27.792263026390977,0,111.15,16.323219330274767,4
111.2,493.16194183264514,569.0851240757423,-74.49989624388017,11.113875447277607,17.92,16.0,56.0,395,493,375,435,16.0,NEUTRAL,program,sonic_drive_three_laps.py,function,ec959a186dbd8278df967871b3a34262848e2c5ecc08c20aa12abb30068f0552,右回避 | target_deg=38.954,,134.53865790551484,46.00774837989925,22.454208157184787,250.0,30.607752129371857,0,111.2,16.37229493756333,4
111.25,492.6251844869786,569.2311949284422,-75.04228138862966,11.133284530707742,15.68,14.0,49.0,392,486,375,435,14.0,NEUTRAL,program,sonic_drive_three_laps.py,function,ec959a186dbd8278df967871b3a34262848e2c5ecc08c20aa12abb30068f0552,仕切り端：検出側から離れて通過 | target_deg=35.060,,137.4615925036688,43.240054490225845,21.942478140219915,250.0,29.438616180023153,0,111.25,16.418317763247224,4
111.3,492.08999267153484,569.3718174926709,-75.50369890161261,11.023851243677068,13.44,13.3096158400126,42.0,391,479,375,435,13.3096158400126,NEUTRAL,program,sonic_drive_three_laps.py,function,ec959a186dbd8278df967871b3a34262848e2c5ecc08c20aa12abb30068f0552,仕切り端：検出側から離れて通過 | target_deg=30.855,,142.99663882597133,41.57692408891689,22.732300618022343,250.0,31.027230485610072,0,111.3,16.45989225139664,4
111.35,491.5580140108794,569.5074209370744,-75.88538017325234,10.950937646602705,11.2,13.375386730785923,35.0,391,471,375,435,13.375386730785923,NEUTRAL,program,sonic_drive_three_laps.py,function,ec959a186dbd8278df967871b3a34262848e2c5ecc08c20aa12abb30068f0552,仕切り端：検出側から離れて通過 | target_deg=26.336,,147.02880792618592,41.72308162396872,20.752444432323703,249.67697180507807,27.904451658621696,0,111.35,16.496527804983387,4
111.4,491.02566633844486,569.6397196059846,-76.19190404673044,10.983868619118903,8.96,13.871329143071417,28.0,392,464,375,435,13.871329143071417,NEUTRAL,program,sonic_drive_three_laps.py,function,ec959a186dbd8278df967871b3a34262848e2c5ecc08c20aa12abb30068f0552,仕切り端：検出側から離れて通過 | target_deg=21.513,,150.82843902711244,42.825175873492036,19.168346870597603,249.7167057218182,29.203245069632526,0,111.4,16.527944941285575,4
111.45,490.4906381329649,569.7700104331076,-76.42548904590959,11.032576123202126,6.72,14.0,21.0,392,457,375,435,14.0,NEUTRAL,program,sonic_drive_three_laps.py,function,ec959a186dbd8278df967871b3a34262848e2c5ecc08c20aa12abb30068f0552,仕切り端：検出側から離れて通過 | target_deg=16.413,,153.19845215058737,46.15506551656651,19.308626774338304,249.81197604872617,26.922594284058903,0,111.45,16.553557947241266,4
111.5,489.9542504025108,569.8986802614104,-76.58597782015251,11.031782766293448,4.48,13.786319668712155,14.0,392,449,375,435,13.786319668712155,NEUTRAL,program,sonic_drive_three_laps.py,function,ec959a186dbd8278df967871b3a34262848e2c5ecc08c20aa12abb30068f0552,仕切り端：検出側から離れて通過 | target_deg=11.083,,155.7285577683652,42.63626593047145,21.109825004387165,250.0,29.50208649169388,0,111.5,16.572405067253868,4
111.55,489.4176862359262,570.0261655651351,-76.67342873284069,11.028873508103027,2.24,13.773591776212962,7.0,392,442,375,435,13.773591776212962,NEUTRAL,program,sonic_drive_three_laps.py,function,ec959a186dbd8278df967871b3a34262848e2c5ecc08c20aa12abb30068f0552,仕切り端：検出側から離れて通過 | target_deg=5.585,,160.05302841372384,42.60798172491769,21.901074375513527,250.0,28.783041215667456,0,111.55,16.58339949332891,4
111.6,488.88485566221163,570.1522626473432,-76.68808922328908,10.89987993504062,0.0,13.070607700619755,0.0,391,435,375,435,13.070607700619755,NEUTRAL,program,sonic_drive_three_laps.py,function,ec959a186dbd8278df967871b3a34262848e2c5ecc08c20aa12abb30068f0552,仕切り端：検出側から離れて通過 | target_deg=0.000,,154.44516786477485,41.04579489026612,18.3223240160276,248.46710496640637,28.560188811483243,0,111.6,16.585338103858167,4
111.65,488.3563522356573,570.2775427151225,-76.63100815439095,10.838792048424981,-2.24,13.286015853653787,-7.0,391,427,375,435,13.286015853653787,NEUTRAL,program,sonic_drive_three_laps.py,function,ec959a186dbd8278df967871b3a34262848e2c5ecc08c20aa12abb30068f0552,仕切り端：検出側から離れて通過 | target_deg=-5.585,,156.70807883062486,41.52447967478619,21.2730075885893,250.0,29.90569672928988,0,111.65,16.577009769246665,4
111.7,487.827640594407,570.4037791808017,-76.50200637073688,10.892883249745273,-4.48,13.848515853653787,-14.0,392,420,375,435,13.848515853653787,NEUTRAL,program,sonic_drive_three_laps.py,function,ec959a186dbd8278df967871b3a34262848e2c5ecc08c20aa12abb30068f0552,仕切り端：検出側から離れて通過 | target_deg=-11.083,,153.47185152245314,43.295894858151975,22.999251870019606,250.0,26.63549434481996,0,111.7,16.556915604393698,4
111.75,487.29692304178906,570.5321161613732,-76.29988248485469,10.938258111136689,-6.72,13.867783234477566,-21.0,392,412,375,435,13.867783234477566,NEUTRAL,program,sonic_drive_three_laps.py,function,ec959a186dbd8278df967871b3a34262848e2c5ecc08c20aa12abb30068f0552,仕切り端：検出側から離れて通過 | target_deg=-16.413,,156.0254314493846,42.81729607661681,21.989212951254256,248.72614548226593,28.31232936578533,0,111.75,16.52323863506517,4
111.8,486.7641443257031,570.663309446406,-76.02322860468357,10.997244428017597,-8.96,14.0,-28.0,392,405,375,435,14.0,NEUTRAL,program,sonic_drive_three_laps.py,function,ec959a186dbd8278df967871b3a34262848e2c5ecc08c20aa12abb30068f0552,仕切り端：検出側から離れて通過 | target_deg=-21.513,,149.96325953258224,46.82925889709398,23.905948120030576,246.1915287301162,26.68403013896165,0,111.8,16.473931712498576,4
111.85,486.2243483075899,570.7993958924095,-75.66698777892684,11.223226055108015,-11.2,15.0,-35.0,393,398,375,435,15.0,NEUTRAL,program,sonic_drive_three_laps.py,function,ec959a186dbd8278df967871b3a34262848e2c5ecc08c20aa12abb30068f0552,右回避 | target_deg=-26.336,,145.69230189278528,45.07723131002314,21.767717730757802,248.400586635414,27.832158678624758,0,111.85,16.406020895514082,4
111.9,485.6707985755559,570.943070019837,-75.22225440370055,11.578568824149958,-13.44,16.0,-42.0,395,390,375,435,16.0,NEUTRAL,program,sonic_drive_three_laps.py,function,ec959a186dbd8278df967871b3a34262848e2c5ecc08c20aa12abb30068f0552,右回避 | target_deg=-30.855,,142.44738010216653,45.37573183721309,23.478944092647733,250.0,27.27726476547414,0,111.9,16.315301347876186,4
111.95,485.0984283452729,571.0969091429147,-74.67825622286146,12.034119826740548,-15.68,17.0,-49.0,396,383,375,435,17.0,NEUTRAL,program,sonic_drive_three_laps.py,function,ec959a186dbd8278df967871b3a34262848e2c5ecc08c20aa12abb30068f0552,右回避 | target_deg=-35.060,,136.31639769820376,48.360184400107826,23.458713365576926,250.0,26.441030950452188,0,111.95,16.196451412557703,4
112.0,484.5035086070451,571.2635014118243,-74.02273226752929,12.56729607227081,-17.92,18.0,-56.0,397,376,375,435,18.0,NEUTRAL,program,sonic_drive_three_laps.py,function,ec959a186dbd8278df967871b3a34262848e2c5ecc08c20aa12abb30068f0552,右回避 | target_deg=-38.954,,133.56193488609168,49.710154517889805,21.560383714832785,250.0,28.57736470697702,0,112.0,16.042881032669992,4
112.05,483.88340184481444,571.4455523121925,-73.24215372967899,13.160603887114858,-20.16,19.0,-63.0,398,368,375,435,19.0,NEUTRAL,program,sonic_drive_three_laps.py,function,ec959a186dbd8278df967871b3a34262848e2c5ecc08c20aa12abb30068f0552,右回避 | target_deg=-42.547,,126.86402737104385,48.89015888499577,23.527287277182026,250.0,28.56776198110037,0,112.05,15.869761910190697,4
112.1,483.236385236287,571.6459751293747,-72.32182738205752,13.800491982950092,-22.4,20.0,-70.0,400,361,375,435,20.0,NEUTRAL,program,sonic_drive_three_laps.py,function,ec959a186dbd8278df967871b3a34262848e2c5ecc08c20aa12abb30068f0552,右回避 | target_deg=-45.859,,118.18899468447073,51.46925108912839,21.776217518126455,248.70003577159088,28.82755610860195,0,112.1,15.713861321534033,4
112.15,482.56153149173934,571.8679689640722,-71.2459086576621,14.476462998322903,-24.64,21.0,-77.0,401,354,375,435,21.0,NEUTRAL,program,sonic_drive_three_laps.py,function,ec959a186dbd8278df967871b3a34262848e2c5ecc08c20aa12abb30068f0552,右回避 | target_deg=-48.909,,111.62814544738715,58.397193591820965,22.53598825897441,248.6642216619969,27.27060962022888,0,112.15,15.586116874039902,4
112.2,481.86733745089293,572.1119226209468,-70.01301524210457,14.873894807437939,-26.88,20.300000000000004,-84.0,400,346,375,435,20.300000000000004,NEUTRAL,program,sonic_drive_three_laps.py,function,ec959a186dbd8278df967871b3a34262848e2c5ecc08c20aa12abb30068f0552,右回避 | target_deg=-51.722,,105.18362638610014,60.2146913966779,27.764982497604098,250.0,26.517745733537605,0,112.2,15.500716910321973,4
112.25,481.1690553855227,572.3753105777051,-68.63755722398544,14.960907716746172,-29.12,19.074999999999996,-91.0,398,339,375,435,19.074999999999996,NEUTRAL,program,sonic_drive_three_laps.py,function,ec959a186dbd8278df967871b3a34262848e2c5ecc08c20aa12abb30068f0552,右回避 | target_deg=-54.319,,95.23601169444716,62.866144157191165,25.977554488999605,250.0,26.576343273764646,0,112.25,15.471501519429978,4
112.3,480.48030032604316,572.6550349546303,-67.13749546786484,14.80745792496439,-31.36,17.85,-98.0,397,332,375,435,17.85,NEUTRAL,program,sonic_drive_three_laps.py,function,ec959a186dbd8278df967871b3a34262848e2c5ecc08c20aa12abb30068f0552,右回避 | target_deg=-56.722,,87.52142779415081,66.32859682846475,25.323387419805695,250.0,25.45514349329731,0,112.3,15.50841716630315,4
112.35,479.807092662508,572.9496607555344,-65.58982730944027,14.625488698575781,-32.0,17.5,-100.0,396,330,375,435,17.5,NEUTRAL,program,sonic_drive_three_laps.py,function,ec959a186dbd8278df967871b3a34262848e2c5ecc08c20aa12abb30068f0552,右回避 | target_deg=-57.375,,80.51102829289756,72.22729909815313,29.13379894638021,249.27595508037584,26.714468514278256,0,112.35,15.626563607338074,4
112.4,479.1491555910391,573.2589221014113,-64.05871248667067,14.484528171623651,-32.0,17.5,-100.0,396,330,375,435,17.5,NEUTRAL,program,sonic_drive_three_laps.py,function,ec959a186dbd8278df967871b3a34262848e2c5ecc08c20aa12abb30068f0552,右回避 | target_deg=-57.375,,75.2529343228287,81.3491978078752,31.093286735099625,249.4664033063189,28.38028705899613,0,112.4,15.832688472175636,4
112.45,478.50511922775223,573.5828447520345,-62.54042052940997,14.375334597781732,-32.0,17.5,-100.0,396,330,375,435,17.5,NEUTRAL,program,sonic_drive_three_laps.py,function,ec959a186dbd8278df967871b3a34262848e2c5ecc08c20aa12abb30068f0552,右回避 | target_deg=-57.375,,69.46902628009006,88.07295192364437,30.1797157021135,248.423308324036,28.79308867142828,0,112.45,16.12168856273049,4
112.5,477.8740179118529,573.9214334570485,-61.032061668613125,14.290748956494932,-32.0,17.5,-100.0,396,330,375,435,17.5,NEUTRAL,program,sonic_drive_three_laps.py,function,ec959a186dbd8278df967871b3a34262848e2c5ecc08c20aa12abb30068f0552,右回避 | target_deg=-57.375,,66.07385871661897,96.70546846040357,29.487686182528133,249.49790756844342,27.904501287558066,0,112.5,16.48821648239915,4
112.55,477.2644494334068,574.2692234320385,-59.55400293723119,13.86980206056441,-32.0,15.528584625837398,-100.0,394,330,375,435,15.528584625837398,NEUTRAL,program,sonic_drive_three_laps.py,function,ec959a186dbd8278df967871b3a34262848e2c5ecc08c20aa12abb30068f0552,右回避 | target_deg=-57.375,,60.36738464524971,110.47654099317393,34.07027382944556,250.0,26.82103811042448,0,112.55,16.919611415794208,4
112.6,476.6842416930943,574.6200561700042,-58.126020881380754,13.358440982046938,-32.0,14.500903790516645,-100.0,393,330,375,435,14.500903790516645,NEUTRAL,program,sonic_drive_three_laps.py,function,ec959a186dbd8278df967871b3a34262848e2c5ecc08c20aa12abb30068f0552,右回避 | target_deg=-57.375,,57.43115368719042,126.67734972986048,34.75551419060999,250.0,28.486856137837183,0,112.6,17.399647890055448,4
112.65,476.1360110435321,574.9701109060868,-56.75611092287045,12.780647632368051,-32.0,13.493224864544958,-100.0,391,330,375,435,13.493224864544958,NEUTRAL,program,sonic_drive_three_laps.py,function,ec959a186dbd8278df967871b3a34262848e2c5ecc08c20aa12abb30068f0552,右回避 | target_deg=-57.375,,54.55207104155702,142.97358226794228,34.222025897096835,249.513878974324,27.675096235301044,0,112.65,17.914216917027478,4
112.7,475.62399778918336,575.3140842926801,-55.45703302965288,12.045786528486778,-32.0,11.899780904649486,-100.0,389,330,375,435,11.899780904649486,NEUTRAL,program,sonic_drive_three_laps.py,function,ec959a186dbd8278df967871b3a34262848e2c5ecc08c20aa12abb30068f0552,右回避 | target_deg=-57.375,,49.999374013284246,248.44944128673274,36.91719206521941,247.58843810903886,27.6816545134353,0,112.7,18.188734857435975,4
112.75,475.1487243267958,575.6487953556245,-54.232767627363785,11.35132049092912,-32.0,11.205262440247354,-100.0,389,330,375,435,11.205262440247354,NEUTRAL,program,sonic_drive_three_laps.py,function,ec959a186dbd8278df967871b3a34262848e2c5ecc08c20aa12abb30068f0552,右回避 | target_deg=-57.375,,48.01503554356387,250.0,37.01953802038823,250.0,26.19065717580114,0,112.75,18.31850809618643,4
112.8,474.7122015201196,575.9698976763182,-53.09148956212837,10.501838395684441,-32.0,9.477357694512568,-100.0,386,330,375,435,9.477357694512568,NEUTRAL,program,sonic_drive_three_laps.py,function,ec959a186dbd8278df967871b3a34262848e2c5ecc08c20aa12abb30068f0552,右回避 | target_deg=-57.375,,43.07816484146448,249.89524960434446,35.09672682516257,250.0,24.022358442182338,0,112.8,18.00510356187314,4
112.85,474.3071621466211,576.2800862585422,-52.01704406384239,10.007988577566968,-32.0,10.388078311042207,-100.0,387,330,375,435,10.388078311042207,NEUTRAL,program,sonic_drive_three_laps.py,function,ec959a186dbd8278df967871b3a34262848e2c5ecc08c20aa12abb30068f0552,右回避 | target_deg=-57.375,,45.68022374583488,248.63502737960962,38.98428439523201,250.0,27.641868407622784,0,112.85,17.7086974204654,4
112.9,473.9320149088412,576.5783597569546,-51.007671991493936,9.308633548250333,-32.0,8.630897400319487,-100.0,385,330,375,435,8.630897400319487,NEUTRAL,program,sonic_drive_three_laps.py,function,ec959a186dbd8278df967871b3a34262848e2c5ecc08c20aa12abb30068f0552,右回避 | target_deg=-57.375,,40.65970685805568,250.0,39.12231068216973,249.61793358016715,26.090556743429573,0,112.9,17.429090060409173,4
112.95,473.5882809506319,576.8613209701966,-50.070020448156924,8.639503000875,-32.0,7.92434870094884,-100.0,384,330,375,435,7.92434870094884,NEUTRAL,program,sonic_drive_three_laps.py,function,ec959a186dbd8278df967871b3a34262848e2c5ecc08c20aa12abb30068f0552,右回避 | target_deg=-57.375,,38.64099628842526,247.7251402092702,38.65756436323203,248.42951280711702,27.211557495173206,0,112.95,17.168385967102555,4
113.0,473.2725994974243,577.1296666679694,-49.19743719379454,8.055148391643947,-32.0,7.558159276946039,-100.0,384,330,375,435,7.558159276946039,NEUTRAL,program,sonic_drive_three_laps.py,function,ec959a186dbd8278df967871b3a34262848e2c5ecc08c20aa12abb30068f0552,右回避 | target_deg=-57.375,,37.5947407912744,250.0,42.23479585301388,250.0,25.17378228118523,0,113.0,16.924969678439457,4
113.05,472.98427621272265,577.3821289801728,-48.39033350927156,7.4087454644587245,-32.0,6.483554759015644,-100.0,383,330,375,435,6.483554759015644,NEUTRAL,program,sonic_drive_three_laps.py,function,ec959a186dbd8278df967871b3a34262848e2c5ecc08c20aa12abb30068f0552,右回避 | target_deg=-57.375,,34.524442168616126,248.25461765173594,44.436734144561086,248.46487625482445,27.925664708982843,0,113.05,16.69915473739166,4
113.1,472.7170727735547,577.622620557315,-47.633231858607616,7.046374149985373,-32.0,7.250979409920677,-100.0,384,330,375,435,7.250979409920677,NEUTRAL,program,sonic_drive_three_laps.py,function,ec959a186dbd8278df967871b3a34262848e2c5ecc08c20aa12abb30068f0552,右回避 | target_deg=-57.375,,36.71708402834479,250.0,44.70231619212066,250.0,26.416146493450448,0,113.1,16.48676963430201,4
113.15,472.46729523306294,577.8533089195518,-46.9171613985564,6.638829717346165,-32.0,6.547455096695627,-100.0,383,330,375,435,6.547455096695627,NEUTRAL,program,sonic_drive_three_laps.py,function,ec959a186dbd8278df967871b3a34262848e2c5ecc08c20aa12abb30068f0552,右回避 | target_deg=-57.375,,34.707014561987506,247.91822190279845,45.299027919926665,248.77100995938503,26.401932403035918,0,113.15,16.285413827105014,4
113.2,472.2353467977942,578.0727982037503,-46.24462848766274,6.221495162950512,-32.0,5.98372202659334,-100.0,382,330,375,435,5.98372202659334,NEUTRAL,program,sonic_drive_three_laps.py,function,ec959a186dbd8278df967871b3a34262848e2c5ecc08c20aa12abb30068f0552,右回避 | target_deg=-57.375,,33.09634864740954,247.94623001760954,48.66675889386863,249.99385911559355,23.879489098281578,0,113.2,16.095890068166074,4
113.25,472.0195639409172,578.2816992607235,-45.61211046432294,5.865965554132224,-32.0,5.804865184856196,-100.0,382,330,375,435,5.804865184856196,NEUTRAL,program,sonic_drive_three_laps.py,function,ec959a186dbd8278df967871b3a34262848e2c5ecc08c20aa12abb30068f0552,右回避 | target_deg=-57.375,,32.58532909958913,247.3400396506135,46.58721551657734,250.0,25.358867260236412,0,113.25,15.917292891046149,4
113.3,471.81871726106425,578.4803520595922,-45.01717124429854,5.508216797696534,-32.0,5.348144304595529,-100.0,381,330,375,435,5.348144304595529,NEUTRAL,program,sonic_drive_three_laps.py,function,ec959a186dbd8278df967871b3a34262848e2c5ecc08c20aa12abb30068f0552,右回避 | target_deg=-57.375,,31.280412298844368,247.83447000555802,50.40967365270224,250.0,24.657568251332727,0,113.3,15.749008005314423,4
113.35,471.62969674892025,578.6711333908737,-44.45156865695333,5.2815132777911,-32.0,5.6278224342655925,-100.0,382,330,375,435,5.6278224342655925,NEUTRAL,program,sonic_drive_three_laps.py,function,ec959a186dbd8278df967871b3a34262848e2c5ecc08c20aa12abb30068f0552,右回避 | target_deg=-57.375,,32.079492669330264,250.0,52.258830067898074,250.0,28.034257501753466,0,113.35,15.588762669847686,4
113.4,471.44819957494803,578.8579189105803,-43.90306992145858,5.161226308962989,-32.0,5.93470003291647,-100.0,382,330,375,435,5.93470003291647,NEUTRAL,program,sonic_drive_three_laps.py,function,ec959a186dbd8278df967871b3a34262848e2c5ecc08c20aa12abb30068f0552,右回避 | target_deg=-57.375,,33.66880436661955,249.57426030444418,52.02239199758088,250.0,28.971351889369256,0,113.4,15.433131111532429,4
113.45,471.2746260795276,579.0399457617948,-43.37336465053829,4.944603742735668,-32.0,5.25,-100.0,381,330,375,435,5.25,NEUTRAL,program,sonic_drive_three_laps.py,function,ec959a186dbd8278df967871b3a34262848e2c5ecc08c20aa12abb30068f0552,右回避 | target_deg=-57.375,,29.980574108650334,250.0,50.499667418535005,247.43825570189682,24.891563030252676,0,113.45,15.282623161303508,4
113.5,471.1091066564305,579.2167100750816,-42.86336505249665,4.776799374430475,-32.0,5.25,-100.0,381,330,375,435,5.25,NEUTRAL,program,sonic_drive_three_laps.py,function,ec959a186dbd8278df967871b3a34262848e2c5ecc08c20aa12abb30068f0552,右回避 | target_deg=-57.375,,30.86938687551453,249.6748202482491,50.858341236442996,248.43365272851628,28.753407878911176,0,113.5,15.137527711016713,4
113.55,470.95005098892597,579.3895849120692,-42.36863024448601,4.6468115042251315,-32.0,5.25,-100.0,381,330,375,435,5.25,NEUTRAL,program,sonic_drive_three_laps.py,function,ec959a186dbd8278df967871b3a34262848e2c5ecc08c20aa12abb30068f0552,右回避 | target_deg=-57.375,,27.667485122952858,250.0,52.80796818570784,249.26515307739635,27.677787098220165,0,113.55,14.996606994424553,4
113.6,470.7962421787845,579.5596462764433,-41.8857201438135,4.5461177822965695,-32.0,5.25,-100.0,381,330,375,435,5.25,NEUTRAL,program,sonic_drive_three_laps.py,function,ec959a186dbd8278df967871b3a34262848e2c5ecc08c20aa12abb30068f0552,右回避 | target_deg=-57.375,,27.954226703021003,248.80263581895946,53.99812760387907,250.0,26.382950212753297,0,113.6,14.858901146566271,4
113.65,470.6467488709861,579.7277357974552,-41.41196992698792,4.468116460943974,-32.0,5.25,-100.0,381,330,375,435,5.25,NEUTRAL,program,sonic_drive_three_laps.py,function,ec959a186dbd8278df967871b3a34262848e2c5ecc08c20aa12abb30068f0552,右回避 | target_deg=-57.375,,28.21743117622102,246.9479224366001,54.0024058774952,250.0,25.26916055314193,0,113.65,14.72366626048263,4
113.7,470.5008583141284,579.8945106318306,-40.945315316817926,4.407693566485197,-32.0,5.25,-100.0,381,330,375,435,5.25,NEUTRAL,program,sonic_drive_three_laps.py,function,ec959a186dbd8278df967871b3a34262848e2c5ecc08c20aa12abb30068f0552,右回避 | target_deg=-57.375,,27.648295238167382,249.1891982539722,54.519147141119994,249.567472463783,25.9157976911229,0,113.7,14.590326188647087,4
113.75,470.35802526507916,580.0604830061022,-40.48415724291988,4.360887613567132,-32.0,5.25,-100.0,381,330,375,435,5.25,NEUTRAL,program,sonic_drive_three_laps.py,function,ec959a186dbd8278df967871b3a34262848e2c5ecc08c20aa12abb30068f0552,右回避 | target_deg=-57.375,,25.031985284393336,250.0,58.182935447137325,250.0,25.168603430775136,0,113.75,14.458435067005965,4
113.8,470.2178329244668,580.2260514417011,-40.027257002418594,4.3246298796702085,-32.0,5.25,-100.0,381,330,375,435,5.25,NEUTRAL,program,sonic_drive_three_laps.py,function,ec959a186dbd8278df967871b3a34262848e2c5ecc08c20aa12abb30068f0552,右回避 | target_deg=-57.375,,27.61450670294805,248.84951770780205,58.18360166506804,250.0,24.97110180315198,0,113.8,14.327648192594118,4
113.85,470.0799630320837,580.3915253480367,-39.57365504729884,4.296543211514101,-32.0,5.25,-100.0,381,330,375,435,5.25,NEUTRAL,program,sonic_drive_three_laps.py,function,ec959a186dbd8278df967871b3a34262848e2c5ecc08c20aa12abb30068f0552,右回避 | target_deg=-57.375,,26.592163687553477,250.0,57.73226446916328,249.51072331900565,24.14628799454713,0,113.85,14.197699402487846,4
113.9,469.9441729515135,580.557144353821,-39.12260807389026,4.274786172578521,-32.0,5.25,-100.0,381,330,375,435,5.25,NEUTRAL,program,sonic_drive_three_laps.py,function,ec959a186dbd8278df967871b3a34262848e2c5ecc08c20aa12abb30068f0552,右回避 | target_deg=-57.375,,24.352364691300302,249.37369967913924,60.364378755062106,249.98465098222425,26.472092306542116,0,113.9,14.068383508683059,4
113.95,469.81027809691386,580.7230934793258,-38.6735402899057,4.257932313636857,-32.0,5.25,-100.0,381,330,375,435,5.25,NEUTRAL,program,sonic_drive_three_laps.py,function,ec959a186dbd8278df967871b3a34262848e2c5ecc08c20aa12abb30068f0552,右回避 | target_deg=-57.375,,22.803171025796374,242.49346130562142,63.2817445193299,249.12128821252298,27.76045069371131,0,113.95,13.939542662581601,4
114.0,469.6781384486072,580.8895150303957,-38.22600566397034,4.244876650958377,-32.0,5.25,-100.0,381,330,375,435,5.25,NEUTRAL,program,sonic_drive_three_laps.py,function,ec959a186dbd8278df967871b3a34262848e2c5ecc08c20aa12abb30068f0552,右回避 | target_deg=-57.375,,23.040357549588858,221.16085457407743,62.98746616669897,250.0,28.730532426328917,0,114.0,13.81105577233221,4
114.05,469.5476482015232,581.0565179139855,-37.779658682620806,4.2347632206416606,-32.0,5.25,-100.0,381,330,375,435,5.25,NEUTRAL,program,sonic_drive_three_laps.py,function,ec959a186dbd8278df967871b3a34262848e2c5ecc08c20aa12abb30068f0552,右回避 | target_deg=-57.375,,24.591565815005325,206.60755247242977,60.64592247787831,249.68010007036605,26.437321847927194,0,114.05,13.68283029110481,4
114.1,469.4187278160217,581.224184928933,-37.33423169752547,4.226928959349077,-32.0,5.25,-100.0,381,330,375,435,5.25,NEUTRAL,program,sonic_drive_three_laps.py,function,ec959a186dbd8278df967871b3a34262848e2c5ecc08c20aa12abb30068f0552,右回避 | target_deg=-57.375,,22.38910415038999,190.89000020582813,64.19456837984582,249.4885019673785,27.646102534817448,0,114.1,13.554795846224842,4
114.15,469.29131791211324,581.392578468774,-36.8895173777492,4.220860232114258,-32.0,5.25,-100.0,381,330,375,435,5.25,NEUTRAL,program,sonic_drive_three_laps.py,function,ec959a186dbd8278df967871b3a34262848e2c5ecc08c20aa12abb30068f0552,右回避 | target_deg=-57.375,,24.022892285627464,177.22649859543358,65.0674399067036,248.24349728401825,28.429501408693106,0,114.15,13.426899297322347,4
114.2,469.16537457883055,581.5617449803959,-36.44535511658697,4.216159157070273,-32.0,5.25,-100.0,381,330,375,435,5.25,NEUTRAL,program,sonic_drive_three_laps.py,function,ec959a186dbd8278df967871b3a34262848e2c5ecc08c20aa12abb30068f0552,右回避 | target_deg=-57.375,,19.67165596180728,155.67121272461264,67.91588828361341,250.0,26.783719715995804,0,114.2,13.29910090362763,4
114.25,469.04086577037964,581.7317184486529,-36.00162050176192,4.212517519258248,-32.0,5.25,-100.0,381,330,375,435,5.25,NEUTRAL,program,sonic_drive_three_laps.py,function,ec959a186dbd8278df967871b3a34262848e2c5ecc08c20aa12abb30068f0552,右回避 | target_deg=-57.375,,21.923489864849248,151.8007925986717,68.0474759917789,250.0,26.8722422591169,0,114.25,13.171371352045533,4
114.3,468.9177685371049,581.9025231188882,-35.55821715862618,4.209696563236511,-32.0,5.25,-100.0,381,330,375,435,5.25,NEUTRAL,program,sonic_drive_three_laps.py,function,ec959a186dbd8278df967871b3a34262848e2c5ecc08c20aa12abb30068f0552,右回避 | target_deg=-57.375,,23.805067392046023,144.29900945787773,69.91305991497082,246.65229464773682,27.314638643663795,0,114.3,13.043689453200598,4
114.35,468.7960668978356,582.0741756234854,-35.11507043158329,4.207511339640057,-32.0,5.25,-100.0,381,330,375,435,5.25,NEUTRAL,program,sonic_drive_three_laps.py,function,ec959a186dbd8278df967871b3a34262848e2c5ecc08c20aa12abb30068f0552,右回避 | target_deg=-57.375,,19.99439762914648,137.35320021896456,69.93411342614247,250.0,27.537189631835233,0,114.35,12.916040355808212,4
114.4,468.6757502050557,582.2466866425547,-34.67212248946902,4.205818579409233,-32.0,5.25,-100.0,381,330,375,435,5.25,NEUTRAL,program,sonic_drive_three_laps.py,function,ec959a186dbd8278df967871b3a34262848e2c5ecc08c20aa12abb30068f0552,右回避 | target_deg=-57.375,,20.401542915048566,128.86899875211114,72.09291839379131,249.42222776613295,26.97019287214538,0,114.4,12.78841416323572,4
114.45,468.5568118887744,582.4200622005752,-34.22932853398663,4.20450730068988,-32.0,5.25,-100.0,381,330,375,435,5.25,NEUTRAL,program,sonic_drive_three_laps.py,function,ec959a186dbd8278df967871b3a34262848e2c5ecc08c20aa12abb30068f0552,右回避 | target_deg=-57.375,,22.581779960184996,122.17932704317559,72.06719158989735,249.50341505134745,29.062461696472635,0,114.45,12.660804862140282,4
114.5,468.43924849140836,582.5943046786442,-33.78665386261184,4.203491532568371,-32.0,5.25,-100.0,381,330,375,435,5.25,NEUTRAL,program,sonic_drive_three_laps.py,function,ec959a186dbd8278df967871b3a34262848e2c5ecc08c20aa12abb30068f0552,右回避 | target_deg=-57.375,,21.021476494029177,114.58553778342043,71.5992215701585,249.1425196353841,25.054584651947554,0,114.5,12.533209493265751,4
114.55,468.32305892629006,582.7694136046082,-33.3440715934031,4.202704678590306,-32.0,5.25,-100.0,381,330,375,435,5.25,NEUTRAL,program,sonic_drive_three_laps.py,function,ec959a186dbd8278df967871b3a34262848e2c5ecc08c20aa12abb30068f0552,右回避 | target_deg=-57.375,,18.141027920958585,108.7921752707559,74.65682856856341,248.54854813198233,29.30224685909407,0,114.55,12.405627510161384,4
114.6,468.20824390801613,582.945386269757,-32.901560902550045,4.202095150520186,-32.0,5.25,-100.0,381,330,375,435,5.25,NEUTRAL,program,sonic_drive_three_laps.py,function,ec959a186dbd8278df967871b3a34262848e2c5ecc08c20aa12abb30068f0552,右回避 | target_deg=-57.375,,20.873574137321103,106.67938857031179,75.20011361038416,249.9151399683554,27.20086496153458,0,114.6,12.278060283739734,4
114.65,468.0918838151607,583.1268126066196,-32.447638993017165,4.381911489802463,-32.0,6.25,-100.0,382,330,375,435,6.25,NEUTRAL,program,sonic_drive_three_laps.py,function,ec959a186dbd8278df967871b3a34262848e2c5ecc08c20aa12abb30068f0552,右回避 | target_deg=-57.375,,250.0,96.98684501799299,76.48516327469191,250.0,27.570444813664825,0,114.65,12.147205238032736,4
114.7,467.96996750394027,583.3203617319595,-31.965892925087104,4.701492809364842,-32.0,7.25,-100.0,384,330,375,435,7.25,NEUTRAL,program,sonic_drive_three_laps.py,function,ec959a186dbd8278df967871b3a34262848e2c5ecc08c20aa12abb30068f0552,右回避 | target_deg=-57.375,,250.0,94.68784092581794,80.19820422726903,248.66644007342515,29.341779448616602,0,114.7,12.008340421209667,4
114.75,467.83958059175455,583.531313717599,-31.47934989762112,5.129341585247902,-29.76,8.25,-93.0,385,337,375,435,8.25,NEUTRAL,program,sonic_drive_three_laps.py,function,ec959a186dbd8278df967871b3a34262848e2c5ecc08c20aa12abb30068f0552,右壁追従 | target_deg=-55.024,,250.0,88.89544668429286,80.4279424927975,247.9840130896565,26.911642843187213,0,114.75,11.865537540987706,4
114.8,467.69858450242964,583.7638231893075,-30.99282480012215,5.6410585953242425,-27.52,9.25,-86.0,386,344,375,435,9.25,NEUTRAL,program,sonic_drive_three_laps.py,function,ec959a186dbd8278df967871b3a34262848e2c5ecc08c20aa12abb30068f0552,右壁追従 | target_deg=-52.485,,250.0,86.59305416102009,81.40335513344361,248.71829197202956,26.523447114269043,0,114.8,11.719395563710874,4
114.85,467.5454843732664,584.0211971983434,-30.506600629536308,6.2177432415281455,-25.28,10.25,-79.0,387,352,375,435,10.25,NEUTRAL,program,sonic_drive_three_laps.py,function,ec959a186dbd8278df967871b3a34262848e2c5ecc08c20aa12abb30068f0552,右壁追従 | target_deg=-49.736,,250.0,79.84573183986595,83.45203348848345,250.0,25.143941458405703,0,114.85,11.569912988006852,4
114.9,467.3792703931343,584.3060750957867,-30.02367640813668,6.844754376474811,-23.04,11.25,-72.0,389,359,375,435,11.25,NEUTRAL,program,sonic_drive_three_laps.py,function,ec959a186dbd8278df967871b3a34262848e2c5ecc08c20aa12abb30068f0552,右壁追従 | target_deg=-46.756,,250.0,75.05577865335715,85.19207301130112,250.0,28.841076620957352,0,114.9,11.41808110260739,4
114.95,467.1992870583827,584.6205641318522,-29.548956566221136,7.510750390972924,-20.8,12.25,-65.0,390,366,375,435,12.25,NEUTRAL,program,sonic_drive_three_laps.py,function,ec959a186dbd8278df967871b3a34262848e2c5ecc08c20aa12abb30068f0552,右壁追従 | target_deg=-43.521,,247.2444657446003,69.73202393521095,85.71410834261235,250.0,25.964689897834035,0,114.95,11.265777544018713,4
115.0,467.00512656127165,584.9663426294734,-29.088684200831665,8.206945628019808,-18.56,13.25,-58.0,391,374,375,435,13.25,NEUTRAL,program,sonic_drive_three_laps.py,function,ec959a186dbd8278df967871b3a34262848e2c5ecc08c20aa12abb30068f0552,右壁追従 | target_deg=-40.010,,248.07380851121272,66.5905441543501,91.26288376561286,248.36802976013868,25.956716672383422,0,115.0,11.115729315712683,4
115.05,466.79654040915324,585.3447379965037,-28.65004846366861,8.926534371806829,-16.32,14.25,-51.0,392,381,375,435,14.25,NEUTRAL,program,sonic_drive_three_laps.py,function,ec959a186dbd8278df967871b3a34262848e2c5ecc08c20aa12abb30068f0552,右壁追従 | target_deg=-36.204,,247.33578976072835,63.0991008186294,92.90495064706306,249.55178027739987,26.472906075401248,0,115.05,10.971526376414836,4
115.1,466.5733649868716,585.7567853020184,-28.240916557320645,9.664244646925228,-14.08,15.25,-44.0,394,388,375,435,15.25,NEUTRAL,program,sonic_drive_three_laps.py,function,ec959a186dbd8278df967871b3a34262848e2c5ecc08c20aa12abb30068f0552,右壁追従 | target_deg=-32.089,,250.0,58.480643486098266,97.26839642754832,250.0,24.298704527608763,0,115.1,10.837669449984475,4
115.15,466.33545785400315,586.2032708110875,-27.869655136561505,10.415992573663882,-11.84,16.25,-37.0,395,396,375,435,16.25,NEUTRAL,program,sonic_drive_three_laps.py,function,ec959a186dbd8278df967871b3a34262848e2c5ecc08c20aa12abb30068f0552,右壁追従 | target_deg=-27.659,,250.0,58.986982537156635,96.49415050343092,250.0,25.37073300974043,0,115.15,10.719635973705108,4
115.2,466.08264232672906,586.6847637697527,-27.545016087370072,11.178614618014796,-9.6,17.25,-30.0,396,403,375,435,17.25,NEUTRAL,program,sonic_drive_three_laps.py,function,ec959a186dbd8278df967871b3a34262848e2c5ecc08c20aa12abb30068f0552,右壁追従 | target_deg=-22.921,,249.31033919305614,55.198082762623166,102.11187382883529,250.0,23.968338952566157,0,115.2,10.623946401533509,4
115.25,465.814658450751,587.201638837934,-27.276068916456666,11.949660181985948,-7.36,18.25,-23.0,397,410,375,435,18.25,NEUTRAL,program,sonic_drive_three_laps.py,function,ec959a186dbd8278df967871b3a34262848e2c5ecc08c20aa12abb30068f0552,右壁追従 | target_deg=-17.896,,249.00334643555928,48.85015929171807,101.70037992052406,248.7889282914838,26.525653331809647,0,115.25,10.556050864552802,4
115.3,465.5311188958266,587.7540908485993,-27.07216718446071,12.727230935891816,-5.12,19.25,-16.0,399,418,375,435,19.25,NEUTRAL,program,sonic_drive_three_laps.py,function,ec959a186dbd8278df967871b3a34262848e2c5ecc08c20aa12abb30068f0552,右壁追従 | target_deg=-12.626,,250.0,48.790393773382625,103.80869887828607,250.0,26.795900483540457,0,115.3,10.507972904380006,4
115.35,465.2320709655361,588.3424489820936,-26.80234384912538,13.509856358820109,-7.36,20.25,-23.0,400,410,375,435,20.25,NEUTRAL,program,sonic_drive_three_laps.py,function,ec959a186dbd8278df967871b3a34262848e2c5ecc08c20aa12abb30068f0552,右壁追従 | target_deg=-17.896,,250.0,45.8050612617072,105.98941840929909,250.0,22.83436164554665,0,115.35,10.447065758336791,4
115.4,464.91857666606774,588.9674813081431,-26.47113157273475,14.296397327377246,-8.0,21.25,-25.0,401,408,375,435,21.25,NEUTRAL,program,sonic_drive_three_laps.py,function,ec959a186dbd8278df967871b3a34262848e2c5ecc08c20aa12abb30068f0552,右壁追従 | target_deg=-19.359,,249.08831407153863,43.28524321996095,109.14904350776008,250.0,21.918265511864906,0,115.4,10.375451642096614,4
115.45,464.5913400340818,589.6297051874327,-26.121247849401925,15.08597143173487,-8.0,22.25,-25.0,402,408,375,435,22.25,NEUTRAL,program,sonic_drive_three_laps.py,function,ec959a186dbd8278df967871b3a34262848e2c5ecc08c20aa12abb30068f0552,右壁追従 | target_deg=-19.359,,250.0,39.80922652172581,109.60518743564327,248.74914275757322,22.650755578609925,0,115.45,9.860951585321358,4
115.5,464.2509638056199,590.3295337351893,-25.752630621847487,15.877895122499163,-8.0,23.25,-25.0,404,408,375,435,23.25,NEUTRAL,program,sonic_drive_three_laps.py,function,ec959a186dbd8278df967871b3a34262848e2c5ecc08c20aa12abb30068f0552,右壁追従 | target_deg=-19.359,,250.0,36.775686040451646,111.67519251804204,247.75927808460173,20.70779333365608,0,115.5,9.052970538234618,4
115.55,463.8981050883424,591.0673634425812,-25.365231818059613,16.671638895398086,-8.0,24.25,-25.0,405,408,375,435,24.25,NEUTRAL,program,sonic_drive_three_laps.py,function,ec959a186dbd8278df967871b3a34262848e2c5ecc08c20aa12abb30068f0552,右壁追従 | target_deg=-19.359,,248.1774526720544,34.86267237997163,119.60119177504951,247.55149375168077,17.91662163501323,0,115.55,8.202793960623358,4
115.6,463.5334724677098,591.8435787316739,-24.959014199565274,17.466792575575766,-8.0,25.25,-25.0,406,408,375,435,25.25,NEUTRAL,program,sonic_drive_three_laps.py,function,ec959a186dbd8278df967871b3a34262848e2c5ecc08c20aa12abb30068f0552,右壁追従 | target_deg=-19.359,,250.0,30.337931152970096,122.39541218464889,250.0,15.696988468132576,0,115.6,7.310228528815254,4
115.65,463.1578238749785,592.6585551470188,-24.533948919977263,18.263038425440108,-8.0,26.25,-25.0,407,408,375,435,26.25,NEUTRAL,program,sonic_drive_three_laps.py,function,ec959a186dbd8278df967871b3a34262848e2c5ecc08c20aa12abb30068f0552,右壁追従 | target_deg=-19.359,,247.4806537760297,27.672658352641584,125.33784760313976,247.48433323046726,13.85040130139232,0,115.65,6.375103763954012,4
115.7,462.7719650441529,593.512661474986,-24.09001363374827,19.060130312942835,-8.0,27.25,-25.0,409,408,375,435,27.25,NEUTRAL,program,sonic_drive_three_laps.py,function,ec959a186dbd8278df967871b3a34262848e2c5ecc08c20aa12abb30068f0552,右壁追従 | target_deg=-19.359,,250.0,27.87014519689447,128.30772019039492,250.0,12.758426122905057,0,115.7,5.397269441848818,4
115.75,462.376748422796,594.4062610159341,-23.6271910311377,19.85787757450905,-8.0,28.25,-25.0,410,408,375,435,28.25,NEUTRAL,program,sonic_drive_three_laps.py,function,ec959a186dbd8278df967871b3a34262848e2c5ecc08c20aa12abb30068f0552,右壁追従 | target_deg=-19.359,,250.0,23.698596992119324,133.5355912110472,249.55807361745306,10.39303145050865,0,115.75,4.376593992608741,4
115.8,462.0357677124805,595.1933144924205,-23.220903301922164,15.382693780737412,-8.0,0.0,-25.0,375,408,375,435,0.0,NEUTRAL,program,sonic_drive_three_laps.py,function,ec959a186dbd8278df967871b3a34262848e2c5ecc08c20aa12abb30068f0552,安全停止：接近限界 | target_deg=0.000,,250.0,19.24837856739356,139.1684308330362,247.75911275557675,12.81367375617522,0,115.8,3.479605919416948,4
115.85,461.77547176587177,595.8046474801598,-22.906176831183075,11.916040224544874,-8.0,0.0,-25.0,375,408,375,435,0.0,NEUTRAL,program,sonic_drive_three_laps.py,function,ec959a186dbd8278df967871b3a34262848e2c5ecc08c20aa12abb30068f0552,安全停止：接近限界 | target_deg=0.000,,246.878194788982,16.141977186934543,142.58229783835438,248.082777623156,11.576618091085901,0,115.85,2.7841571967079046,4
115.9,461.5761467381401,596.2791874669662,-22.662377316058326,9.230633896566111,-8.0,0.0,-25.0,375,408,375,435,0.0,NEUTRAL,program,sonic_drive_three_laps.py,function,ec959a186dbd8278df967871b3a34262848e2c5ecc08c20aa12abb30068f0552,安全停止：接近限界 | target_deg=0.000,,250.0,15.503792911296463,142.63961127397653,250.0,11.184080542592575,0,115.9,2.2450860630078284,4
115.95,461.42313069101925,596.6473652873898,-22.473520613171303,7.150412429535886,-8.0,0.0,-25.0,375,408,375,435,0.0,NEUTRAL,program,sonic_drive_three_laps.py,function,ec959a186dbd8278df967871b3a34262848e2c5ecc08c20aa12abb30068f0552,安全停止：接近限界 | target_deg=0.000,,248.22781497380032,10.351568626937436,146.72152606414446,249.24901218973432,8.641984005716976,0,115.95,1.8272976664535898,4
116.0,461.30543307731375,596.9329158303927,-22.327224775761152,5.538990982134129,-8.0,0.0,-25.0,375,408,375,435,0.0,NEUTRAL,program,sonic_drive_three_laps.py,function,ec959a186dbd8278df967871b3a34262848e2c5ecc08c20aa12abb30068f0552,安全停止：接近限界 | target_deg=0.000,,250.0,10.805223931178206,250.0,249.94130572574772,11.32638962301636,0,116.0,1.5035438963758256,4
116.05,461.2147612508731,597.1543205436798,-22.213898260385434,4.290720486755837,-8.0,0.0,-25.0,375,408,375,435,0.0,NEUTRAL,program,sonic_drive_three_laps.py,function,ec959a186dbd8278df967871b3a34262848e2c5ecc08c20aa12abb30068f0552,安全停止：接近限界 | target_deg=0.000,,247.2876292151825,11.744868084100405,250.0,250.0,10.46480796774789,0,116.05,1.2526818964120294,4
116.1,461.144824394123,597.3259523690506,-22.126111079871265,3.3237610161937665,-8.0,0.0,-25.0,375,408,375,435,0.0,NEUTRAL,program,sonic_drive_three_laps.py,function,ec959a186dbd8278df967871b3a34262848e2c5ecc08c20aa12abb30068f0552,安全停止：接近限界 | target_deg=0.000,,249.85212492609932,8.550570096854814,249.8053638213817,250.0,11.285620951674494,0,116.1,1.0583132492946108,4
116.15,461.0908293525956,597.4589786739998,-22.058107673633202,2.57471614076689,-8.0,0.0,-25.0,375,408,375,435,0.0,NEUTRAL,program,sonic_drive_three_laps.py,function,ec959a186dbd8278df967871b3a34262848e2c5ecc08c20aa12abb30068f0552,安全停止：接近限界 | target_deg=0.000,,250.0,7.865489776347455,248.5985823030212,250.0,11.320619184146356,0,116.15,0.9077233213410946,4
116.2,461.0491112137115,597.5620700818654,-22.00542955784354,1.9944764901048728,-8.0,0.0,-25.0,375,408,375,435,0.0,NEUTRAL,program,sonic_drive_three_laps.py,function,ec959a186dbd8278df967871b3a34262848e2c5ecc08c20aa12abb30068f0552,安全停止：接近限界 | target_deg=0.000,,250.0,10.420524684915721,247.05472240058918,250.0,12.70088778625713,0,116.2,0.7910559888143827,4
116.25,461.01685986047954,597.6419550837134,-21.964623015397166,1.5450000124659207,-8.0,0.0,-25.0,375,408,375,435,0.0,NEUTRAL,program,sonic_drive_three_laps.py,function,ec959a186dbd8278df967871b3a34262848e2c5ecc08c20aa12abb30068f0552,安全停止：接近限界 | target_deg=0.000,,249.74872904195118,8.78575743249796,250.0,250.0,248.45686687311516,0,116.25,0.7006722807735897,4
116.3,460.99191580408393,597.7038529276743,-21.933012661050498,1.1968178368420783,-8.0,0.0,-25.0,375,408,375,435,0.0,NEUTRAL,program,sonic_drive_three_laps.py,function,ec959a186dbd8278df967871b3a34262848e2c5ecc08c20aa12abb30068f0552,安全停止：接近限界 | target_deg=0.000,,250.0,7.832472055425453,250.0,250.0,250.0,0,116.3,0.6306523742954978,4
116.35,460.97261663080286,597.7518108882169,-21.908526036062966,0.9271022155509183,-8.0,0.0,-25.0,375,408,375,435,0.0,NEUTRAL,program,sonic_drive_three_laps.py,function,ec959a186dbd8278df967871b3a34262848e2c5ecc08c20aa12abb30068f0552,安全停止：接近限界 | target_deg=0.000,,248.89319644125274,6.4889965406228125,249.50347424727977,250.0,250.0,0,116.35,0.5764091359822346,4
116.4,460.95768082030844,597.7889666792513,-21.889557732300688,0.7181698765012944,-8.0,0.0,-25.0,375,408,375,435,0.0,NEUTRAL,program,sonic_drive_three_laps.py,function,ec959a186dbd8278df967871b3a34262848e2c5ecc08c20aa12abb30068f0552,安全停止：接近限界 | target_deg=0.000,,249.39946455468476,6.657996394750681,247.78425808882588,248.68513708812796,250.0,0,116.4,0.5343883575363308,4
116.45,460.9461194089197,597.8177524153439,-21.874864137417745,0.5563226609348528,-8.0,0.0,-25.0,375,408,375,435,0.0,NEUTRAL,program,sonic_drive_three_laps.py,function,ec959a186dbd8278df967871b3a34262848e2c5ecc08c20aa12abb30068f0552,安全停止：接近限界 | target_deg=0.000,,250.0,5.07378560344589,248.45728254941025,250.0,246.63170474176945,0,116.45,0.5018363130088013,4
116.5,460.9371685588436,597.8400530172336,-21.863481900329475,0.4309494357761154,-8.0,0.0,-25.0,375,408,375,435,0.0,NEUTRAL,program,sonic_drive_three_laps.py,function,ec959a186dbd8278df967871b3a34262848e2c5ecc08c20aa12abb30068f0552,安全停止：接近限界 | target_deg=0.000,,250.0,5.366403491686603,249.35304781295918,250.0,250.0,0,116.5,0.476619562060959,4
116.55,460.9302379231778,597.8573291634012,-21.85466477135833,0.33383039958082944,-8.0,0.0,-25.0,375,408,375,435,0.0,NEUTRAL,program,sonic_drive_three_laps.py,function,ec959a186dbd8278df967871b3a34262848e2c5ecc08c20aa12abb30068f0552,安全停止：接近限界 | target_deg=0.000,,246.824746841559,5.538450189173233,248.69918317619056,249.1850026203259,250.0,0,116.55,0.457085281237098,4
116.6,460.9248710073669,597.8707126793608,-21.847834676123853,0.25859817053384515,-8.0,0.0,-25.0,375,408,375,435,0.0,NEUTRAL,program,sonic_drive_three_laps.py,function,ec959a186dbd8278df967871b3a34262848e2c5ecc08c20aa12abb30068f0552,安全停止：接近限界 | target_deg=0.000,,250.0,5.9240881971972215,250.0,250.0,250.0,0,116.6,0.44195302289015387,4
116.65,460.92071467971937,597.8810805174339,-21.84254381545196,0.2003203239951186,-8.0,0.0,-25.0,375,408,375,435,0.0,NEUTRAL,program,sonic_drive_three_laps.py,function,ec959a186dbd8278df967871b3a34262848e2c5ecc08c20aa12abb30068f0552,安全停止：接近限界 | target_deg=0.000,,250.0,8.433815547972511,250.0,250.0,250.0,0,116.65,0.43023083873810536,4
116.7,460.91749568276714,597.8891121167762,-21.838445306472494,0.1551760096472041,-8.0,0.0,-25.0,375,408,375,435,0.0,NEUTRAL,program,sonic_drive_three_laps.py,function,ec959a186dbd8278df967871b3a34262848e2c5ecc08c20aa12abb30068f0552,安全停止：接近限界 | target_deg=0.000,,250.0,9.787480142997758,250.0,249.2895292480212,250.0,0,116.7,0.4211502888035705,4
116.75,460.9150025158978,597.8953338680932,-21.835270440057315,0.12020544640600697,-8.0,0.0,-25.0,375,408,375,435,0.0,NEUTRAL,program,sonic_drive_three_laps.py,function,ec959a186dbd8278df967871b3a34262848e2c5ecc08c20aa12abb30068f0552,安全停止：接近限界 | target_deg=0.000,,247.2156359773246,7.460740342688911,249.94836257142185,249.66837585613655,248.98209055404956,0,116.75,0.41411608659693483,4
116.8,460.91307144765716,597.9001535765688,-21.832811063536525,0.09311587131618032,-8.0,0.0,-25.0,375,408,375,435,0.0,NEUTRAL,program,sonic_drive_three_laps.py,function,ec959a186dbd8278df967871b3a34262848e2c5ecc08c20aa12abb30068f0552,安全停止：接近限界 | target_deg=0.000,,250.0,8.839979744668383,250.0,250.0,249.80538653348063,0,116.8,0.40866708620654385,4
116.85,460.9115757083733,597.9038871694794,-21.830905933656993,0.07213121992564027,-8.0,0.0,-25.0,375,408,375,435,0.0,NEUTRAL,program,sonic_drive_three_laps.py,function,ec959a186dbd8278df967871b3a34262848e2c5ecc08c20aa12abb30068f0552,安全停止：接近限界 | target_deg=0.000,,249.75173491373727,7.294382668187687,249.67142041058014,249.81430474118596,250.0,0,116.85,0.40444605772693976,4
116.9,460.910417135168,597.9067793917247,-21.8294301450467,0.055875682785529575,-8.0,0.0,-25.0,375,408,375,435,0.0,NEUTRAL,program,sonic_drive_three_laps.py,function,ec959a186dbd8278df967871b3a34262848e2c5ecc08c20aa12abb30068f0552,安全停止：接近限界 | target_deg=0.000,,250.0,7.433395655453974,248.51253169224785,250.0,250.0,0,116.9,0.40117627193630917,4
116.95,460.90951970995513,597.9090198414551,-21.828286941086844,0.04328350373066857,-8.0,0.0,-25.0,375,408,375,435,0.0,NEUTRAL,program,sonic_drive_three_laps.py,function,ec959a186dbd8278df967871b3a34262848e2c5ecc08c20aa12abb30068f0552,安全停止：接近限界 | target_deg=0.000,,250.0,6.483869877498847,248.6063865247831,250.0,249.57676135962637,0,116.95,0.3986433605629777,4
117.0,460.90882455978004,597.9107553943311,-21.827401370291227,0.033529106076319495,-8.0,0.0,-25.0,375,408,375,435,0.0,NEUTRAL,program,sonic_drive_three_laps.py,function,ec959a186dbd8278df967871b3a34262848e2c5ecc08c20aa12abb30068f0552,安全停止：接近限界 | target_deg=0.000,,249.09291130704156,7.443368118997619,247.4541114964527,249.17034130374586,249.9096502171608,0,117.0,0.3966812637514206,4
117.05,460.9082860875244,597.912099829303,-21.82671537228768,0.025972965619244247,-8.0,0.0,-25.0,375,408,375,435,0.0,NEUTRAL,program,sonic_drive_three_laps.py,function,ec959a186dbd8278df967871b3a34262848e2c5ecc08c20aa12abb30068f0552,安全停止：接近限界 | target_deg=0.000,,250.0,6.910010343450177,250.0,250.0,250.0,0,117.05,0.39516134394898345,4
117.1,460.9078689767796,597.9131412859946,-21.826183971226158,0.02011968173332506,-8.0,0.0,-25.0,375,408,375,435,0.0,NEUTRAL,program,sonic_drive_three_laps.py,function,ec959a186dbd8278df967871b3a34262848e2c5ecc08c20aa12abb30068f0552,安全停止：接近限界 | target_deg=0.000,,247.68733609471357,5.436315879353641,248.1292793795946,249.41560395823484,248.3573110352243,0,117.1,0.3939839528116615,4
117.15,460.9075458730141,597.9139480420096,-21.825772327042472,0.015585497589476768,-8.0,0.0,-25.0,375,408,375,435,0.0,NEUTRAL,program,sonic_drive_three_laps.py,function,ec959a186dbd8278df967871b3a34262848e2c5ecc08c20aa12abb30068f0552,安全停止：接近限界 | target_deg=0.000,,250.0,7.097605240464394,247.0810483270108,249.60898385765134,248.26544478873507,0,117.15,0.3930718984312543,4
117.2,460.9072955881007,597.9145729885765,-21.825453451251235,0.012073140039250621,-8.0,0.0,-25.0,375,408,375,435,0.0,NEUTRAL,program,sonic_drive_three_laps.py,function,ec959a186dbd8278df967871b3a34262848e2c5ecc08c20aa12abb30068f0552,安全停止：接近限界 | target_deg=0.000,,250.0,7.450307034933737,250.0,250.0,247.7808428216359,0,117.2,0.39236538468966414,4
117.25,460.90710170994356,597.915057097749,-21.825206437509053,0.009352329598111338,-8.0,0.0,-25.0,375,408,375,435,0.0,NEUTRAL,program,sonic_drive_three_laps.py,function,ec959a186dbd8278df967871b3a34262848e2c5ecc08c20aa12abb30068f0552,安全停止：接近限界 | target_deg=0.000,,247.91257801755089,5.065242145554528,249.25031174630337,250.0,249.4822640666083,0,117.25,0.39181809102341664,4
117.3,460.9069515257246,597.9154321083481,-21.82501509093936,0.0072446827111547684,-8.0,0.0,-25.0,375,408,375,435,0.0,NEUTRAL,program,sonic_drive_three_laps.py,function,ec959a186dbd8278df967871b3a34262848e2c5ecc08c20aa12abb30068f0552,安全停止：接近限界 | target_deg=0.000,,247.05373768186922,7.376688798996899,250.0,248.88588633464872,250.0,0,117.3,0.39139413561848685,4
117.35,460.9068351879766,597.9157226066671,-21.82486686635312,0.005612016453729777,-8.0,0.0,-25.0,375,408,375,435,0.0,NEUTRAL,program,sonic_drive_three_laps.py,function,ec959a186dbd8278df967871b3a34262848e2c5ecc08c20aa12abb30068f0552,安全停止：接近限界 | target_deg=0.000,,250.0,8.03008663372314,250.0,249.87947878320577,249.85294841529432,0,117.35,0.3910657229603862,4
117.4,460.9067450686933,597.915947638309,-21.824752045752945,0.004347288892091952,-8.0,0.0,-25.0,375,408,375,435,0.0,NEUTRAL,program,sonic_drive_three_laps.py,function,ec959a186dbd8278df967871b3a34262848e2c5ecc08c20aa12abb30068f0552,安全停止：接近限界 | target_deg=0.000,,250.0,5.355657251809757,250.0,249.0438029682136,249.50150812415646,0,117.4,0.3908113215192725,4
117.45,460.90667525905843,597.9161219568025,-21.82466310119551,0.003367581130084846,-8.0,0.0,-25.0,375,408,375,435,0.0,NEUTRAL,program,sonic_drive_three_laps.py,function,ec959a186dbd8278df967871b3a34262848e2c5ecc08c20aa12abb30068f0552,安全停止：接近限界 | target_deg=0.000,,250.0,6.692183024620745,249.58598367104756,248.85777641329335,247.61877150299284,0,117.45,0.3906142521075582,4
117.5,460.90662118195286,597.9162569908449,-21.824594201239563,0.0026086609261999918,-8.0,0.0,-25.0,375,408,375,435,0.0,NEUTRAL,program,sonic_drive_three_laps.py,function,ec959a186dbd8278df967871b3a34262848e2c5ecc08c20aa12abb30068f0552,安全停止：接近限界 | target_deg=0.000,,250.0,6.5769557891803565,250.0,249.98792129702773,248.9659338925244,0,117.5,0.3904615943588018,4
117.55,460.9065792918094,597.9163615935754,-21.824540828621053,0.0020207714573193206,-8.0,0.0,-25.0,375,408,375,435,0.0,NEUTRAL,program,sonic_drive_three_laps.py,function,ec959a186dbd8278df967871b3a34262848e2c5ecc08c20aa12abb30068f0552,安全停止：接近限界 | target_deg=0.000,,250.0,5.141297841171908,248.52729466988325,250.0,249.2587818759022,0,117.55,0.3903433396418545,4
117.6,460.9065468421221,597.9164426229955,-21.824499484089444,0.0015653691293122047,-8.0,0.0,-25.0,375,408,375,435,0.0,NEUTRAL,program,sonic_drive_three_laps.py,function,ec959a186dbd8278df967871b3a34262848e2c5ecc08c20aa12abb30068f0552,安全停止：接近限界 | target_deg=0.000,,250.0,4.533799040737186,250.0,250.0,250.0,0,117.6,0.3902517348738616,4
117.65,460.90652170535697,597.9165053915905,-21.82446745698752,0.0012125965566904,-8.0,0.0,-25.0,375,408,375,435,0.0,NEUTRAL,program,sonic_drive_three_laps.py,function,ec959a186dbd8278df967871b3a34262848e2c5ecc08c20aa12abb30068f0552,安全停止：接近限界 | target_deg=0.000,,248.97413002060793,7.542212069942444,249.4212918862441,250.0,249.4374797103081,0,117.65,0.39018077420903025,4
117.7,460.9065022334532,597.916554014625,-21.82444264753343,0.0009393250331590977,-8.0,0.0,-25.0,375,408,375,435,0.0,NEUTRAL,program,sonic_drive_three_laps.py,function,ec959a186dbd8278df967871b3a34262848e2c5ecc08c20aa12abb30068f0552,安全停止：接近限界 | target_deg=0.000,,249.57606378250924,7.592548790598159,249.3415490696974,250.0,249.39963530314634,0,117.7,0.3901258052811795,4
117.75,460.90648714976436,597.9165916799478,-21.82442342915357,0.0007276381522371558,-8.0,0.0,-25.0,375,408,375,435,0.0,NEUTRAL,program,sonic_drive_three_laps.py,function,ec959a186dbd8278df967871b3a34262848e2c5ecc08c20aa12abb30068f0552,安全停止：接近限界 | target_deg=0.000,,250.0,4.866079684652073,249.78525614762268,247.2165602037051,250.0,0,117.75,0.3900832241835661,4
117.8,460.90647546535376,597.9166208569933,-21.824408541839887,0.0005636571600891484,-8.0,0.0,-25.0,375,408,375,435,0.0,NEUTRAL,program,sonic_drive_three_laps.py,function,ec959a186dbd8278df967871b3a34262848e2c5ecc08c20aa12abb30068f0552,安全停止：接近限界 | target_deg=0.000,,249.56910847115228,7.4276286780160445,249.6095722765678,249.33227427223275,249.5483218193161,0,117.8,0.39005023918766857,4
117.85,460.9064664141546,597.9166434586834,-21.824397009540576,0.0004366310275828064,-8.0,0.0,-25.0,375,408,375,435,0.0,NEUTRAL,program,sonic_drive_three_laps.py,function,ec959a186dbd8278df967871b3a34262848e2c5ecc08c20aa12abb30068f0552,安全停止：接近限界 | target_deg=0.000,,250.0,7.552701031350603,250.0,247.75084417646184,250.0,0,117.85,0.3900246877107268,4
117.9,460.90645940274237,597.9166609668436,-21.824388076167537,0.0003382315842805309,-8.0,0.0,-25.0,375,408,375,435,0.0,NEUTRAL,program,sonic_drive_three_laps.py,function,ec959a186dbd8278df967871b3a34262848e2c5ecc08c20aa12abb30068f0552,安全停止：接近限界 | target_deg=0.000,,248.97263720410282,7.591372262680583,250.0,249.85250360980766,250.0,0,117.9,0.39000489453036274,4
117.95,460.90645397142833,597.9166745293545,-21.824381156025026,0.0002620075014784009,-8.0,0.0,-25.0,375,408,375,435,0.0,NEUTRAL,program,sonic_drive_three_laps.py,function,ec959a186dbd8278df967871b3a34262848e2c5ecc08c20aa12abb30068f0552,安全停止：接近限界 | target_deg=0.000,,250.0,9.305182881265978,250.0,249.44591287989695,249.5907943311484,0,117.95,0.38998956195330264,4
118.0,460.90644976411977,597.9166850354098,-21.82437579541022,0.0002029613259713124,-8.0,0.0,-25.0,375,408,375,435,0.0,NEUTRAL,program,sonic_drive_three_laps.py,function,ec959a186dbd8278df967871b3a34262848e2c5ecc08c20aa12abb30068f0552,安全停止：接近限界 | target_deg=0.000,,250.0,9.761238318226916,248.29310174291572,250.0,250.0,0,118.0,0.38997768473548045,4
118.05,460.90644650497364,597.9166931738142,-21.824371642866907,0.00015722183375512693,-8.0,0.0,-25.0,375,408,375,435,0.0,NEUTRAL,program,sonic_drive_three_laps.py,function,ec959a186dbd8278df967871b3a34262848e2c5ecc08c20aa12abb30068f0552,安全停止：接近限界 | target_deg=0.000,,249.52237127342232,8.751111564372481,249.45932418553255,250.0,250.0,0,118.05,0.3899684841747092,4
118.1,460.9064439803111,597.9166994781427,-21.824368426143394,0.00012179022230480819,-8.0,0.0,-25.0,375,408,375,435,0.0,NEUTRAL,program,sonic_drive_three_laps.py,function,ec959a186dbd8278df967871b3a34262848e2c5ecc08c20aa12abb30068f0552,安全停止：接近限界 | target_deg=0.000,,250.0,8.737827152966599,248.33622624719345,248.87540257123297,250.0,0,118.1,0.3899613570581752,4
118.15,460.9064420246084,597.916704361724,-21.824365934342723,9.434350112056817e-05,-8.0,0.0,-25.0,375,408,375,435,0.0,NEUTRAL,program,sonic_drive_three_laps.py,function,ec959a186dbd8278df967871b3a34262848e2c5ecc08c20aa12abb30068f0552,安全停止：接近限界 | target_deg=0.000,,249.0484831043231,8.782122775350043,249.9789640202505,248.5270210372275,250.0,0,118.15,0.38995583611302215,4
118.2,460.90644050964414,597.9167081447384,-21.824364004095855,7.308219030432998e-05,-8.0,0.0,-25.0,375,408,375,435,0.0,NEUTRAL,program,sonic_drive_three_laps.py,function,ec959a186dbd8278df967871b3a34262848e2c5ecc08c20aa12abb30068f0552,安全停止：接近限界 | target_deg=0.000,,250.0,7.900205220975356,250.0,248.74346046939917,248.05537304820865,0,118.2,0.38995155937147213,4
118.25,460.90643933609334,597.9167110752104,-21.82436250885064,5.661234188089603e-05,-8.0,0.0,-25.0,375,408,375,435,0.0,NEUTRAL,program,sonic_drive_three_laps.py,function,ec959a186dbd8278df967871b3a34262848e2c5ecc08c20aa12abb30068f0552,安全停止：接近限界 | target_deg=0.000,,248.5277722264013,9.012187256131515,250.0,250.0,250.0,0,118.25,0.389948246439046,4
118.3,460.90643842701473,597.9167133452694,-21.824361350574748,4.385414886846334e-05,-8.0,0.0,-25.0,375,408,375,435,0.0,NEUTRAL,program,sonic_drive_three_laps.py,function,ec959a186dbd8278df967871b3a34262848e2c5ecc08c20aa12abb30068f0552,安全停止：接近限界 | target_deg=0.000,,247.1721079196246,7.413465448988802,250.0,250.0,250.0,0,118.3,0.3899456801111132,4
118.35,460.9064377228067,597.9167151037465,-21.824360453328637,3.3971150266552176e-05,-8.0,0.0,-25.0,375,408,375,435,0.0,NEUTRAL,program,sonic_drive_three_laps.py,function,ec959a186dbd8278df967871b3a34262848e2c5ecc08c20aa12abb30068f0552,安全停止：接近限界 | target_deg=0.000,,249.02014003436187,5.388036612624415,245.68527828444914,250.0,247.6311371147211,0,118.35,0.3899436921324378,4
118.4,460.90643717729944,597.916716465932,-21.824359758286505,2.6315390452431456e-05,-8.0,0.0,-25.0,375,408,375,435,0.0,NEUTRAL,program,sonic_drive_three_laps.py,function,ec959a186dbd8278df967871b3a34262848e2c5ecc08c20aa12abb30068f0552,安全停止：接近限界 | target_deg=0.000,,250.0,4.350653891974066,247.02929415431643,250.0,250.0,0,118.4,0.3899421521660387,4
118.45,460.906436754728,597.9167175211345,-21.82435921987954,2.0384937490496237e-05,-8.0,0.0,-25.0,375,408,375,435,0.0,NEUTRAL,program,sonic_drive_three_laps.py,function,ec959a186dbd8278df967871b3a34262848e2c5ecc08c20aa12abb30068f0552,安全停止：接近限界 | target_deg=0.000,,250.0,6.234793824408956,250.0,249.25051676580532,249.82289567407537,0,118.45,0.38994095924746786,4
118.5,460.90643642738763,597.916718338536,-21.82435880280832,1.5790975142192654e-05,-8.0,0.0,-25.0,375,408,375,435,0.0,NEUTRAL,program,sonic_drive_three_laps.py,function,ec959a186dbd8278df967871b3a34262848e2c5ecc08c20aa12abb30068f0552,安全停止：接近限界 | target_deg=0.000,,247.32092400999218,6.145724999863644,249.69088396482667,250.0,250.0,0,118.5,0.38994003516560866,4
118.55,460.90643617381676,597.9167189717274,-21.824358479728545,1.2232311041306813e-05,-8.0,0.0,-25.0,375,408,375,435,0.0,NEUTRAL,program,sonic_drive_three_laps.py,function,ec959a186dbd8278df967871b3a34262848e2c5ecc08c20aa12abb30068f0552,安全停止：接近限界 | target_deg=0.000,,250.0,8.646043082574277,249.51222408095538,248.15079170923715,250.0,0,118.55,0.38993931933542103,4
118.6,460.90643597739086,597.9167194622224,-21.8243582294582,9.475629722921584e-06,-8.0,0.0,-25.0,375,408,375,435,0.0,NEUTRAL,program,sonic_drive_three_laps.py,function,ec959a186dbd8278df967871b3a34262848e2c5ecc08c20aa12abb30068f0552,安全停止：接近限界 | target_deg=0.000,,250.0,8.587446482076032,250.0,248.57137540401797,249.59539790643856,0,118.6,0.38993876482512774,4
118.65,460.9064358252316,597.9167198421792,-21.824358035588915,7.340195842201433e-06,-8.0,0.0,-25.0,375,408,375,435,0.0,NEUTRAL,program,sonic_drive_three_laps.py,function,ec959a186dbd8278df967871b3a34262848e2c5ecc08c20aa12abb30068f0552,安全停止：接近限界 | target_deg=0.000,,249.19179516706953,8.116712427787034,248.95568080459472,248.79281142961705,247.65755439893744,0,118.65,0.3899383352796863,4
118.7,460.9064357073631,597.9167201365086,-21.82435788541011,5.6860046854235955e-06,-8.0,0.0,-25.0,375,408,375,435,0.0,NEUTRAL,program,sonic_drive_three_laps.py,function,ec959a186dbd8278df967871b3a34262848e2c5ecc08c20aa12abb30068f0552,安全停止：接近限界 | target_deg=0.000,,248.24154809556606,6.984129510361798,248.9644427191093,248.09906794544827,249.5670801018477,0,118.7,0.38993800253685806,4
118.75,460.9064356160575,597.9167203645078,-21.824357769075732,4.404603089304308e-06,-8.0,0.0,-25.0,375,408,375,435,0.0,NEUTRAL,program,sonic_drive_three_laps.py,function,ec959a186dbd8278df967871b3a34262848e2c5ecc08c20aa12abb30068f0552,安全停止：接近限界 | target_deg=0.000,,249.88407853906264,6.7273076130901055,249.62285685915109,248.45881840310298,249.57770289853443,0,118.75,0.38993774478120286,4
118.8,460.9064355453286,597.9167205411248,-21.824357678958563,3.4119789637253462e-06,-8.0,0.0,-25.0,375,408,375,435,0.0,NEUTRAL,program,sonic_drive_three_laps.py,function,ec959a186dbd8278df967871b3a34262848e2c5ecc08c20aa12abb30068f0552,安全停止：接近限界 | target_deg=0.000,,249.77643123097397,8.352673842496934,250.0,249.20563726393354,246.89923671695036,0,118.8,0.38993754511356726,4
118.85,460.90643549053914,597.9167206779395,-21.82435760915024,2.6430532360960217e-06,-8.0,0.0,-25.0,375,408,375,435,0.0,NEUTRAL,program,sonic_drive_three_laps.py,function,ec959a186dbd8278df967871b3a34262848e2c5ecc08c20aa12abb30068f0552,安全停止：接近限界 | target_deg=0.000,,250.0,9.906476558113809,249.13132462070536,250.0,247.99501992730214,0,118.85,0.3899373904430292,4
118.9,460.90643544809706,597.9167207839214,-21.824357555073988,2.047413094601946e-06,-8.0,0.0,-25.0,375,408,375,435,0.0,NEUTRAL,program,sonic_drive_three_laps.py,function,ec959a186dbd8278df967871b3a34262848e2c5ecc08c20aa12abb30068f0552,安全停止：接近限界 | target_deg=0.000,,250.0,6.594108443624141,249.43990722226977,249.58111476752939,249.48310517954917,0,118.9,0.38993727062925465,4
118.95,460.90643541521973,597.9167208660192,-21.824357513184395,1.5860067904418202e-06,-8.0,0.0,-25.0,375,408,375,435,0.0,NEUTRAL,program,sonic_drive_three_laps.py,function,ec959a186dbd8278df967871b3a34262848e2c5ecc08c20aa12abb30068f0552,安全停止：接近限界 | target_deg=0.000,,250.0,9.226609803449431,249.85675922720748,250.0,250.0,0,118.95,0.3899371778167291,4
119.0,460.9064353897517,597.9167209296153,-21.824357480735074,1.228583301513272e-06,-8.0,0.0,-25.0,375,408,375,435,0.0,NEUTRAL,program,sonic_drive_three_laps.py,function,ec959a186dbd8278df967871b3a34262848e2c5ecc08c20aa12abb30068f0552,安全停止：接近限界 | target_deg=0.000,,248.9459174531533,10.19768644513644,250.0,250.0,250.0,0,119.0,0.3899371059205819,4
119.05,460.90643537002325,597.9167209788794,-21.824357455598516,9.51708995102579e-07,-8.0,0.0,-25.0,375,408,375,435,0.0,NEUTRAL,program,sonic_drive_three_laps.py,function,ec959a186dbd8278df967871b3a34262848e2c5ecc08c20aa12abb30068f0552,安全停止：接近限界 | target_deg=0.000,,250.0,7.184148456109005,250.0,249.3390317899061,249.5739929905988,0,119.05,0.3899370502269115,4
119.1,460.90643535474067,597.9167210170415,-21.824357436126718,7.372312567194502e-07,-8.0,0.0,-25.0,375,408,375,435,0.0,NEUTRAL,program,sonic_drive_three_laps.py,function,ec959a186dbd8278df967871b3a34262848e2c5ecc08c20aa12abb30068f0552,安全停止：接近限界 | target_deg=0.000,,250.0,4.62946192744543,249.73234583591812,248.44794391669134,250.0,0,119.1,0.3899370070842966,4
119.15,460.9064353429022,597.9167210466032,-21.824357421043146,5.71088356504982e-07,-8.0,0.0,-25.0,375,408,375,435,0.0,NEUTRAL,program,sonic_drive_three_laps.py,function,ec959a186dbd8278df967871b3a34262848e2c5ecc08c20aa12abb30068f0552,安全停止：接近限界 | target_deg=0.000,,249.14658870887382,6.349727595951746,250.0,247.81566617473018,247.71393145654943,0,119.15,0.38993697366439806,4
119.2,460.9064353337317,597.916721069503,-21.82435740935881,4.423875248952897e-07,-8.0,0.0,-25.0,375,408,375,435,0.0,NEUTRAL,program,sonic_drive_three_laps.py,function,ec959a186dbd8278df967871b3a34262848e2c5ecc08c20aa12abb30068f0552,安全停止：接近限界 | target_deg=0.000,,248.73663927805046,9.781372632884624,248.41235666868786,250.0,250.0,0,119.2,0.38993694777601223,4
119.25,460.90643532662784,597.916721087242,-21.824357400307633,3.426907937340748e-07,-8.0,0.0,-25.0,375,408,375,435,0.0,NEUTRAL,program,sonic_drive_three_laps.py,function,ec959a186dbd8278df967871b3a34262848e2c5ecc08c20aa12abb30068f0552,安全停止：接近限界 | target_deg=0.000,,249.54136128791058,7.0486720850390405,250.0,249.19633521745328,250.0,0,119.25,0.389936927721855,4
119.3,460.90643532112495,597.9167211009833,-21.824357393296253,2.6546178068173774e-07,-8.0,0.0,-25.0,375,408,375,435,0.0,NEUTRAL,program,sonic_drive_three_laps.py,function,ec959a186dbd8278df967871b3a34262848e2c5ecc08c20aa12abb30068f0552,安全停止：接近限界 | target_deg=0.000,,247.92885532537548,6.242395876036124,248.8002347238831,248.40947971163496,250.0,0,119.3,0.38993691218705656,4
119.35,460.9064353168622,597.9167211116278,-21.82435738786495,2.056371466383866e-07,-8.0,0.0,-25.0,375,408,375,435,0.0,NEUTRAL,program,sonic_drive_three_laps.py,function,ec959a186dbd8278df967871b3a34262848e2c5ecc08c20aa12abb30068f0552,安全停止：接近限界 | target_deg=0.000,,248.62260436265439,5.896981355070023,247.71301948340377,248.77684114595914,249.22758785917674,0,119.35,0.3899369001533921,4
119.4,460.9064353135601,597.9167211198736,-21.824357383657656,1.592946297918297e-07,-8.0,0.0,-25.0,375,408,375,435,0.0,NEUTRAL,program,sonic_drive_three_laps.py,function,ec959a186dbd8278df967871b3a34262848e2c5ecc08c20aa12abb30068f0552,安全停止：接近限界 | target_deg=0.000,,249.1185280192122,3.7150748378780296,250.0,250.0,250.0,0,119.4,0.3899368908313993,4
119.45,460.90643531100216,597.9167211262611,-21.82435738039854,1.2339589172153655e-07,-8.0,0.0,-25.0,375,408,375,435,0.0,NEUTRAL,program,sonic_drive_three_laps.py,function,ec959a186dbd8278df967871b3a34262848e2c5ecc08c20aa12abb30068f0552,安全停止：接近限界 | target_deg=0.000,,249.86411492875646,8.147399613005616,248.35656945039196,248.95592550313896,250.0,0,119.45,0.3899368836102856,4
119.5,460.9064353090207,597.916721131209,-21.824357377873895,9.55873158665274e-08,-8.0,0.0,-25.0,375,408,375,435,0.0,NEUTRAL,program,sonic_drive_three_laps.py,function,ec959a186dbd8278df967871b3a34262848e2c5ecc08c20aa12abb30068f0552,安全停止：接近限界 | target_deg=0.000,,250.0,5.693799096065692,247.4745906825331,250.0,247.9908292486116,0,119.5,0.3899368780165597,4
119.55,460.9064353074857,597.9167211350419,-21.824357375918197,7.404569817596764e-08,-8.0,0.0,-25.0,375,408,375,435,0.0,NEUTRAL,program,sonic_drive_three_laps.py,function,ec959a186dbd8278df967871b3a34262848e2c5ecc08c20aa12abb30068f0552,安全停止：接近限界 | target_deg=0.000,,249.56239935809128,7.115198354810952,248.69651129054526,249.8749387169676,249.5732471110391,0,119.55,0.3899368736834352,4
119.6,460.9064353062967,597.9167211380111,-21.824357374403263,5.735871301190541e-08,-8.0,0.0,-25.0,375,408,375,435,0.0,NEUTRAL,program,sonic_drive_three_laps.py,function,ec959a186dbd8278df967871b3a34262848e2c5ecc08c20aa12abb30068f0552,安全停止：接近限界 | target_deg=0.000,,248.8344311917601,10.482036551825946,248.756642618118,249.2102212613023,250.0,0,119.6,0.3899368703267546,4
119.65,460.9064353053756,597.916721140311,-21.82435737322973,4.4432317331433314e-08,-8.0,0.0,-25.0,375,408,375,435,0.0,NEUTRAL,program,sonic_drive_three_laps.py,function,ec959a186dbd8278df967871b3a34262848e2c5ecc08c20aa12abb30068f0552,安全停止：接近限界 | target_deg=0.000,,249.46843935122538,6.403294537851543,249.41971942249955,249.99012201503598,250.0,0,119.65,0.3899368677267771,4
119.7,460.9064353046621,597.9167211420927,-21.824357372320662,3.4419022320661494e-08,-8.0,0.0,-25.0,375,408,375,435,0.0,NEUTRAL,program,sonic_drive_three_laps.py,function,ec959a186dbd8278df967871b3a34262848e2c5ecc08c20aa12abb30068f0552,安全停止：接近限界 | target_deg=0.000,,249.27936513318778,9.180379610379712,248.52473664591,247.74157082382607,249.6733080366638,0,119.7,0.389936865712453,4
119.75,460.90643530410944,597.9167211434727,-21.824357371616458,2.666232977842254e-08,-8.0,0.0,-25.0,375,408,375,435,0.0,NEUTRAL,program,sonic_drive_three_laps.py,function,ec959a186dbd8278df967871b3a34262848e2c5ecc08c20aa12abb30068f0552,安全停止：接近限界 | target_deg=0.000,,250.0,6.280081174348531,250.0,250.0,250.0,0,119.75,0.389936864152344,4
119.8,460.9064353036812,597.9167211445418,-21.82435737107096,2.0653690351530444e-08,-8.0,0.0,-25.0,375,408,375,435,0.0,NEUTRAL,program,sonic_drive_three_laps.py,function,ec959a186dbd8278df967871b3a34262848e2c5ecc08c20aa12abb30068f0552,安全停止：接近限界 | target_deg=0.000,,250.0,7.281647305104395,250.0,249.86161663423715,248.7455604309116,0,119.8,0.3899368629436507,4
119.85,460.9064353033495,597.91672114537,-21.824357370648386,1.5999161689243036e-08,-8.0,0.0,-25.0,375,408,375,435,0.0,NEUTRAL,program,sonic_drive_three_laps.py,function,ec959a186dbd8278df967871b3a34262848e2c5ecc08c20aa12abb30068f0552,安全停止：接近限界 | target_deg=0.000,,249.77406483242112,5.9274955359040185,249.6519282597477,250.0,249.68333093387773,0,119.85,0.3899368620073456,4
119.9,460.9064353030926,597.9167211460115,-21.824357370321053,1.2393580537028552e-08,-8.0,0.0,-25.0,375,408,375,435,0.0,NEUTRAL,program,sonic_drive_three_laps.py,function,ec959a186dbd8278df967871b3a34262848e2c5ecc08c20aa12abb30068f0552,安全停止：接近限界 | target_deg=0.000,,249.85554947798096,6.533893644607186,250.0,249.40923273010233,250.0,0,119.9,0.38993686128222005,4
119.95,460.90643530289367,597.9167211465084,-21.824357370067503,9.600555423543583e-09,-8.0,0.0,-25.0,375,408,375,435,0.0,NEUTRAL,program,sonic_drive_three_laps.py,function,ec959a186dbd8278df967871b3a34262848e2c5ecc08c20aa12abb30068f0552,安全停止：接近限界 | target_deg=0.000,,249.55773043844408,8.392082588921172,250.0,250.0,250.0,0,119.95,0.38993686072044786,4
120.0,460.9064353027395,597.9167211468933,-21.824357369871052,7.436968208271366e-09,-8.0,0.0,-25.0,375,408,375,435,0.0,NEUTRAL,program,sonic_drive_three_laps.py,function,ec959a186dbd8278df967871b3a34262848e2c5ecc08c20aa12abb30068f0552,安全停止：接近限界 | target_deg=0.000,,250.0,7.440899773340252,250.0,250.0,250.0,0,120.0,0.3899368602852467,4
120.05,460.9064353026201,597.9167211471915,-21.824357369718882,5.760968370142958e-09,-8.0,0.0,-25.0,375,408,375,435,0.0,NEUTRAL,program,sonic_drive_three_laps.py,function,ec959a186dbd8278df967871b3a34262848e2c5ecc08c20aa12abb30068f0552,安全停止：接近限界 | target_deg=0.000,,250.0,6.560979825051316,248.35588889083675,249.65536755191647,250.0,0,120.05,0.38993685994807453,4
120.1,460.9064353025276,597.9167211474227,-21.82435736960099,4.462672910834177e-09,-8.0,0.0,-25.0,375,408,375,435,0.0,NEUTRAL,program,sonic_drive_three_laps.py,function,ec959a186dbd8278df967871b3a34262848e2c5ecc08c20aa12abb30068f0552,安全停止：接近限界 | target_deg=0.000,,249.21210026098186,7.13263549877545,250.0,249.2890945538772,248.95085507791126,0,120.1,0.3899368596868229,4
120.15,460.906435302456,597.9167211476015,-21.8243573695097,3.4569621337113834e-09,-8.0,0.0,-25.0,375,408,375,435,0.0,NEUTRAL,program,sonic_drive_three_laps.py,function,ec959a186dbd8278df967871b3a34262848e2c5ecc08c20aa12abb30068f0552,安全停止：接近限界 | target_deg=0.000,,250.0,7.978578948706698,250.0,250.0,249.3093834101761,0,120.15,0.38993685948464374,4
120.2,460.90643530240044,597.91672114774,-21.824357369438957,2.6778989705701994e-09,-8.0,0.0,-25.0,375,408,375,435,0.0,NEUTRAL,program,sonic_drive_three_laps.py,function,ec959a186dbd8278df967871b3a34262848e2c5ecc08c20aa12abb30068f0552,安全停止：接近限界 | target_deg=0.000,,250.0,6.729289203944878,250.0,249.70738202536845,250.0,0,120.2,0.38993685932811667,4
120.25,460.90643530235747,597.9167211478473,-21.82435736938416,2.074405972414288e-09,-8.0,0.0,-25.0,375,408,375,435,0.0,NEUTRAL,program,sonic_drive_three_laps.py,function,ec959a186dbd8278df967871b3a34262848e2c5ecc08c20aa12abb30068f0552,安全停止：接近限界 | target_deg=0.000,,250.0,6.956177646026376,248.87837548275968,250.0,250.0,0,120.25,0.3899368592067635,4
120.3,460.90643530232416,597.9167211479304,-21.824357369341698,1.6069165363142149e-09,-8.0,0.0,-25.0,375,408,375,435,0.0,NEUTRAL,program,sonic_drive_three_laps.py,function,ec959a186dbd8278df967871b3a34262848e2c5ecc08c20aa12abb30068f0552,安全停止：接近限界 | target_deg=0.000,,248.596192803418,9.208581672455965,250.0,248.3605550030757,250.0,0,120.3,0.38993685911276205,4
120.35,460.90643530229835,597.9167211479947,-21.824357369308842,1.244780813889971e-09,-8.0,0.0,-25.0,375,408,375,435,0.0,NEUTRAL,program,sonic_drive_three_laps.py,function,ec959a186dbd8278df967871b3a34262848e2c5ecc08c20aa12abb30068f0552,安全停止：接近限界 | target_deg=0.000,,250.0,9.37874199406026,250.0,250.0,249.8407054518764,0,120.35,0.3899368590400833,4
120.4,460.90643530227834,597.9167211480446,-21.824357369283348,9.642562258912461e-10,-8.0,0.0,-25.0,375,408,375,435,0.0,NEUTRAL,program,sonic_drive_three_laps.py,function,ec959a186dbd8278df967871b3a34262848e2c5ecc08c20aa12abb30068f0552,安全停止：接近限界 | target_deg=0.000,,247.77570216013854,6.996418935841139,249.9351294681182,249.77475813494283,250.0,0,120.4,0.38993685898354835,4
120.45,460.90643530226293,597.9167211480833,-21.824357369263623,7.469508356771767e-10,-8.0,0.0,-25.0,375,408,375,435,0.0,NEUTRAL,program,sonic_drive_three_laps.py,function,ec959a186dbd8278df967871b3a34262848e2c5ecc08c20aa12abb30068f0552,安全停止：接近限界 | target_deg=0.000,,250.0,5.944729405285703,250.0,250.0,250.0,0,120.45,0.3899368589399437,4
120.5,460.90643530225094,597.9167211481133,-21.82435736924839,5.786175250288293e-10,-8.0,0.0,-25.0,375,408,375,435,0.0,NEUTRAL,program,sonic_drive_three_laps.py,function,ec959a186dbd8278df967871b3a34262848e2c5ecc08c20aa12abb30068f0552,安全停止：接近限界 | target_deg=0.000,,249.99822128955927,7.494824707619809,250.0,250.0,249.77485580448302,0,120.5,0.389936858905935,4
120.55,460.9064353022417,597.9167211481366,-21.824357369236537,4.4821991525983616e-10,-8.0,0.0,-25.0,375,408,375,435,0.0,NEUTRAL,program,sonic_drive_three_laps.py,function,ec959a186dbd8278df967871b3a34262848e2c5ecc08c20aa12abb30068f0552,安全停止：接近限界 | target_deg=0.000,,245.84257563018429,8.369023122299241,248.38595810154837,250.0,250.0,0,120.55,0.38993685887973156,4
120.6,460.90643530223446,597.9167211481547,-21.824357369227357,3.472087929336826e-10,-8.0,0.0,-25.0,375,408,375,435,0.0,NEUTRAL,program,sonic_drive_three_laps.py,function,ec959a186dbd8278df967871b3a34262848e2c5ecc08c20aa12abb30068f0552,安全停止：接近限界 | target_deg=0.000,,249.57952045693767,8.286201645525876,250.0,250.0,250.0,0,120.6,0.38993685885927815,4
120.65,460.9064353022289,597.9167211481687,-21.82435736922028,2.6896160073694835e-10,-8.0,0.0,-25.0,375,408,375,435,0.0,NEUTRAL,program,sonic_drive_three_laps.py,function,ec959a186dbd8278df967871b3a34262848e2c5ecc08c20aa12abb30068f0552,安全停止：接近限界 | target_deg=0.000,,249.2885249673938,5.508154602824477,250.0,248.7666278832381,249.45895930590572,0,120.65,0.38993685884345153,4
120.7,460.9064353022246,597.9167211481795,-21.824357369214766,2.0834824504228134e-10,-8.0,0.0,-25.0,375,408,375,435,0.0,NEUTRAL,program,sonic_drive_three_laps.py,function,ec959a186dbd8278df967871b3a34262848e2c5ecc08c20aa12abb30068f0552,安全停止：接近限界 | target_deg=0.000,,246.90730476108286,9.173659691305918,248.95650304145363,249.15399566873157,250.0,0,120.7,0.3899368588312892,4
120.75,460.90643530222127,597.9167211481878,-21.824357369210503,1.613947533523704e-10,-8.0,0.0,-25.0,375,408,375,435,0.0,NEUTRAL,program,sonic_drive_three_laps.py,function,ec959a186dbd8278df967871b3a34262848e2c5ecc08c20aa12abb30068f0552,安全停止：接近限界 | target_deg=0.000,,250.0,4.445674726856925,250.0,249.08399302959367,248.8719268403915,0,120.75,0.3899368588218329,4
120.8,460.9064353022187,597.9167211481944,-21.824357369207206,1.2502273011412384e-10,-8.0,0.0,-25.0,375,408,375,435,0.0,NEUTRAL,program,sonic_drive_three_laps.py,function,ec959a186dbd8278df967871b3a34262848e2c5ecc08c20aa12abb30068f0552,安全停止：接近限界 | target_deg=0.000,,248.02523565431403,8.393253601905158,249.7730149262654,250.0,250.0,0,120.8,0.38993685881455487,4
120.85,460.90643530221666,597.9167211481994,-21.82435736920462,9.68475289346169e-11,-8.0,0.0,-25.0,375,408,375,435,0.0,NEUTRAL,program,sonic_drive_three_laps.py,function,ec959a186dbd8278df967871b3a34262848e2c5ecc08c20aa12abb30068f0552,安全停止：接近限界 | target_deg=0.000,,250.0,8.506473907318382,250.0,250.0,250.0,0,120.85,0.38993685880886003,4
120.9,460.90643530221513,597.9167211482032,-21.82435736920266,7.502190883353505e-11,-8.0,0.0,-25.0,375,408,375,435,0.0,NEUTRAL,program,sonic_drive_three_laps.py,function,ec959a186dbd8278df967871b3a34262848e2c5ecc08c20aa12abb30068f0552,安全停止：接近限界 | target_deg=0.000,,250.0,4.04367170556082,247.6863439931228,249.49546536709582,248.33991933188713,0,120.9,0.3899368588044316,4
120.95,460.90643530221394,597.9167211482062,-21.824357369201124,5.8114924221009056e-11,-8.0,0.0,-25.0,375,408,375,435,0.0,NEUTRAL,program,sonic_drive_three_laps.py,function,ec959a186dbd8278df967871b3a34262848e2c5ecc08c20aa12abb30068f0552,安全停止：接近限界 | target_deg=0.000,,249.6056623344675,7.6144992182091435,250.0,248.13045660168942,250.0,0,120.95,0.38993685880112605,4
121.0,460.90643530221297,597.9167211482085,-21.82435736919996,4.50181083063024e-11,-8.0,0.0,-25.0,375,408,375,435,0.0,NEUTRAL,program,sonic_drive_three_laps.py,function,ec959a186dbd8278df967871b3a34262848e2c5ecc08c20aa12abb30068f0552,安全停止：接近限界 | target_deg=0.000,,250.0,6.314774605087741,249.31178003704224,250.0,250.0,0,121.0,0.38993685879850465,4
121.05,460.9064353022123,597.9167211482103,-21.82435736919902,3.48727990725888e-11,-8.0,0.0,-25.0,375,408,375,435,0.0,NEUTRAL,program,sonic_drive_three_laps.py,function,ec959a186dbd8278df967871b3a34262848e2c5ecc08c20aa12abb30068f0552,安全停止：接近限界 | target_deg=0.000,,249.92127715971998,6.408612784064227,250.0,249.78789866546205,247.81287511103162,0,121.05,0.3899368587964444,4
121.1,460.90643530221166,597.9167211482116,-21.82435736919831,2.7013843115813423e-11,-8.0,0.0,-25.0,375,408,375,435,0.0,NEUTRAL,program,sonic_drive_three_laps.py,function,ec959a186dbd8278df967871b3a34262848e2c5ecc08c20aa12abb30068f0552,安全停止：接近限界 | target_deg=0.000,,249.79483092686772,9.72924090855739,250.0,248.26841300536486,247.3685710592728,0,121.1,0.38993685879482753,4
121.15,460.9064353022113,597.9167211482128,-21.82435736919774,2.0925986421875343e-11,-8.0,0.0,-25.0,375,408,375,435,0.0,NEUTRAL,program,sonic_drive_three_laps.py,function,ec959a186dbd8278df967871b3a34262848e2c5ecc08c20aa12abb30068f0552,安全停止：接近限界 | target_deg=0.000,,250.0,3.1859917361958896,249.94759569166143,249.4810545376476,248.81029085894525,0,121.15,0.38993685879362433,4
121.2,460.906435302211,597.9167211482135,-21.824357369197344,1.6210092945722864e-11,-8.0,0.0,-25.0,375,408,375,435,0.0,NEUTRAL,program,sonic_drive_three_laps.py,function,ec959a186dbd8278df967871b3a34262848e2c5ecc08c20aa12abb30068f0552,安全停止：接近限界 | target_deg=0.000,,249.47417483718448,8.368970262938568,250.0,250.0,248.2985104464856,0,121.2,0.389936858792894,4
121.25,460.90643530221064,597.9167211482142,-21.824357369197003,1.25569761927345e-11,-8.0,0.0,-25.0,375,408,375,435,0.0,NEUTRAL,program,sonic_drive_three_laps.py,function,ec959a186dbd8278df967871b3a34262848e2c5ecc08c20aa12abb30068f0552,安全停止：接近限界 | target_deg=0.000,,250.0,7.458493791654658,250.0,248.8806038951326,248.76490254832478,0,121.25,0.3899368587919864,4
121.3,460.9064353022103,597.9167211482148,-21.82435736919672,9.727128131397007e-12,-8.0,0.0,-25.0,375,408,375,435,0.0,NEUTRAL,program,sonic_drive_three_laps.py,function,ec959a186dbd8278df967871b3a34262848e2c5ecc08c20aa12abb30068f0552,安全停止：接近限界 | target_deg=0.000,,248.63954887656558,5.8727614599904285,250.0,250.0,250.0,0,121.3,0.3899368587912475,4
