time_s,x_cm,y_cm,heading_deg,speed_cm_s,steer_deg,Accel,Handle,throttle_pwm,steering_pwm,raw_throttle_pwm,raw_steering_pwm,requested_accel,esc_stage,source,program,interface,program_sha256,state,laps,Fr,FrLh,RrLh,FrRh,RrRh
0.05,84.99999996715174,200.00680587931632,-0.0005946917546282293,0.22536062965340736,2.08,1.25,6.5,376,441,375,435,1.25,NEUTRAL,program,sensor_drive.py,function,750df67d0c33d1501e8060e5a3b5ce81e437358a154f973070c11cf1d50adae5,左壁追従（超音波のみ）,,250.0,156.10000000000002,86.11864657502248,156.10000000000005,111.88665121950127
0.1,84.9999989250526,200.03015189215526,-0.004737661424911721,0.6252944755624419,4.16,2.5,13.0,378,448,375,435,2.5,NEUTRAL,program,sensor_drive.py,function,750df67d0c33d1501e8060e5a3b5ce81e437358a154f973070c11cf1d50adae5,左壁追従（超音波のみ）,,250.0,156.09690308609532,86.11835570986781,156.10309704336623,111.88014884152072
0.15,84.99998988741419,200.07757857418324,-0.017589644830138695,1.1604596077911151,6.24,3.75,19.5,379,455,375,435,3.75,NEUTRAL,program,sensor_drive.py,function,750df67d0c33d1501e8060e5a3b5ce81e437358a154f973070c11cf1d50adae5,左壁追従（超音波のみ）,,250.0,156.0753301429105,86.11632883158624,156.12467807401856,111.85541638159677
0.2,84.99994759903291,200.15492711144853,-0.04590408649147548,1.8003802185055928,8.32,5.0,26.0,381,462,375,435,5.0,NEUTRAL,program,sensor_drive.py,function,750df67d0c33d1501e8060e5a3b5ce81e437358a154f973070c11cf1d50adae5,左壁追従（超音波のみ）,,250.0,156.00843666012156,86.1100387646095,156.19167661790976,111.80006643795389
0.25,84.99980882434559,200.26672225855808,-0.0976057649832569,2.5214485471146704,10.4,6.25,32.5,382,469,375,435,6.25,NEUTRAL,program,sensor_drive.py,function,750df67d0c33d1501e8060e5a3b5ce81e437358a154f973070c11cf1d50adae5,左壁追従（超音波のみ）,,250.0,155.8612306088378,86.09617741567291,156.3395410340869,111.70138004205725
0.3,84.9994463584297,200.41646883535392,-0.18150972135194365,3.305377092818683,12.48,7.5,39.0,384,475,375,435,7.5,NEUTRAL,program,sensor_drive.py,function,750df67d0c33d1501e8060e5a3b5ce81e437358a154f973070c11cf1d50adae5,左壁追従（超音波のみ）,,250.0,155.59306569619596,86.07087379138801,156.61042398175027,111.54654718284598
0.35,84.99863816636766,200.6068810947526,-0.30714254310927913,4.137999637512967,14.56,8.75,45.5,385,482,375,435,8.75,NEUTRAL,program,sensor_drive.py,function,750df67d0c33d1501e8060e5a3b5ce81e437358a154f973070c11cf1d50adae5,左壁追従（超音波のみ）,,250.0,155.15966389114897,86.02986418189374,157.05240873933255,111.3228684213866
0.4,84.99705508095454,200.84005993410324,-0.470824441095715,5.008342470924732,15.084283951552084,10.0,47.13838734860026,387,484,375,435,10.0,NEUTRAL,program,sensor_drive.py,function,750df67d0c33d1501e8060e5a3b5ce81e437358a154f973070c11cf1d50adae5,左壁追従（超音波のみ）,,250.0,154.51492025924605,85.9686412475152,157.71966649740065,111.01795078415074
0.45,84.99430725172405,201.117630069011,-0.6635474174946978,5.907904925037898,14.92716739198131,11.25,46.6473980999416,389,483,375,435,11.25,NEUTRAL,program,sensor_drive.py,function,750df67d0c33d1501e8060e5a3b5ce81e437358a154f973070c11cf1d50adae5,左壁追従（超音波のみ）,,250.0,153.68228041980007,85.889144873808,158.5990531542609,110.63544574522523
0.5,84.98993898766946,201.4408459075825,-0.8850639275193259,6.830102047732965,14.742172838638117,12.5,46.069290120744114,390,483,375,435,12.5,NEUTRAL,program,sensor_drive.py,function,750df67d0c33d1501e8060e5a3b5ce81e437358a154f973070c11cf1d50adae5,左壁追従（超音波のみ）,,250.0,152.71220644837342,85.79580409743185,159.64950230631115,110.18553559554344
0.55,84.98341975172762,201.81067309233495,-1.1347228168053505,7.769832875846318,14.52952585181525,13.75,45.40476828692266,392,482,375,435,13.75,NEUTRAL,program,sensor_drive.py,function,750df67d0c33d1501e8060e5a3b5ce81e437358a154f973070c11cf1d50adae5,左壁追従（超音波のみ）,,250.0,151.61063817856223,85.68882926291472,160.87743482249743,109.66890395966674
0.6,84.97414843567304,202.22785133901172,-1.411526207577083,8.723146002484734,14.289828622452182,15.0,44.65571444516307,393,481,375,435,15.0,NEUTRAL,program,sensor_drive.py,function,750df67d0c33d1501e8060e5a3b5ce81e437358a154f973070c11cf1d50adae5,左壁追従（超音波のみ）,,250.0,150.38589166324323,85.56860794315747,162.2883928136646,109.08711324760017
0.65,84.96145902104486,202.6929427905631,-1.7141798244937547,9.686980512300465,14.024001562990163,16.25,43.82500488434426,395,481,375,435,16.25,NEUTRAL,program,sensor_drive.py,function,750df67d0c33d1501e8060e5a3b5ce81e437358a154f973070c11cf1d50adae5,左壁追従（超音波のみ）,,250.0,149.04813076679258,85.4356615440061,163.8872376561581,108.44244040023047
0.7,84.94462732803822,203.20636920551274,-2.0411381001332245,10.658965299755849,13.73323102630193,17.5,42.91634695719353,396,480,375,435,17.5,NEUTRAL,program,sensor_drive.py,function,750df67d0c33d1501e8060e5a3b5ce81e437358a154f973070c11cf1d50adae5,左壁追従（超音波のみ）,,250.0,147.6088666857949,85.2906045189353,165.67828451631215,107.73772785959957
0.75,84.92287859659407,203.76844056672564,-2.3906450002104123,11.63726361315016,13.418922054852189,18.75,41.93413142141309,398,479,375,435,18.75,NEUTRAL,program,sensor_drive.py,function,750df67d0c33d1501e8060e5a3b5ce81e437358a154f973070c11cf1d50adae5,左壁追従（超音波のみ）,,250.0,146.08049412393194,85.13410644090946,167.66538508746896,106.97624822023703
0.8,84.89539567980776,204.37937712530405,-2.7607712225629655,12.620452632302474,13.082655442863043,20.0,40.88329825894701,400,477,375,435,20.0,NEUTRAL,program,sensor_drive.py,function,750df67d0c33d1501e8060e5a3b5ce81e437358a154f973070c11cf1d50adae5,左壁追従（超音波のみ）,,250.0,144.47587225496716,84.96685730511575,169.85196733983076,106.16158180742995
0.85,84.86132765948344,205.03932644827566,-3.149448221716284,13.607430184683711,12.72614865540103,21.25,39.76921454812822,401,476,375,435,21.25,NEUTRAL,program,sensor_drive.py,function,750df67d0c33d1501e8060e5a3b5ce81e437358a154f973070c11cf1d50adae5,左壁追従（超音波のみ）,,250.0,142.8079568497213,84.78953646204404,172.2410388429061,105.29750686466024
0.9,84.81979871818766,205.74837668964838,-3.554499370962759,14.59734248405994,12.351220321304417,22.5,38.597563504076305,403,475,375,435,22.5,NEUTRAL,program,sensor_drive.py,function,750df67d0c33d1501e8060e5a3b5ce81e437358a154f973070c11cf1d50adae5,左壁追従（超音波のみ）,,250.0,141.08948756183054,84.6027855352172,174.83515851741936,104.38790221628922
0.95,84.77019370006039,206.50258438797542,-3.9714661210258555,15.457334754310232,11.959758124925015,23.01676744794791,37.37424414039067,403,474,375,435,23.01676744794791,NEUTRAL,program,sensor_drive.py,function,750df67d0c33d1501e8060e5a3b5ce81e437358a154f973070c11cf1d50adae5,左壁追従（超音波のみ）,,250.0,139.3327318023038,84.4071855869441,177.63638040833797,103.43666228338215
1.0,84.71228696499401,207.2943698047641,-4.394222633125281,16.153862197501045,11.555824582834843,23.18507309048548,36.111951821358886,403,472,375,435,23.18507309048548,NEUTRAL,program,sensor_drive.py,function,750df67d0c33d1501e8060e5a3b5ce81e437358a154f973070c11cf1d50adae5,左壁追従（超音波のみ）,,250.0,137.55855821824952,84.20431018743989,180.6300631331081,102.45278125678314
1.05,84.6460455191562,208.11662358328286,-4.817474585196464,16.724274099254092,11.14509194806127,23.356211688307802,34.82841233769147,404,471,375,435,23.356211688307802,NEUTRAL,program,sensor_drive.py,function,750df67d0c33d1501e8060e5a3b5ce81e437358a154f973070c11cf1d50adae5,左壁追従（超音波のみ）,,250.0,135.7929985944344,83.9964819112444,183.78596603417023,101.4490666241332
1.1,84.57151525650634,208.96384392238383,-5.237300084812887,17.197135583794797,10.732447092885911,23.52814704463087,33.53889716526847,404,470,375,435,23.52814704463087,NEUTRAL,program,sensor_drive.py,function,750df67d0c33d1501e8060e5a3b5ce81e437358a154f973070c11cf1d50adae5,左壁追従（超音波のみ）,,250.0,134.05661209550703,83.78562143649336,187.07467977047506,100.43644754527821
1.15,84.48879953915116,209.83176071630734,-5.65081876578634,17.594305252374255,10.321471857577354,23.699386726009436,32.25459955492923,404,468,375,435,23.699386726009436,NEUTRAL,program,sensor_drive.py,function,750df67d0c33d1501e8060e5a3b5ce81e437358a154f973070c11cf1d50adae5,左壁追従（超音波のみ）,,250.0,132.3628685868101,83.57301324123314,190.47240471400877,99.42275984928325
1.2,84.3980419740591,210.71704829677756,-6.055935951770607,17.93252056552316,9.914763047701364,23.868848730124434,30.98363452406676,404,467,375,435,23.868848730124434,NEUTRAL,program,sensor_drive.py,function,750df67d0c33d1501e8060e5a3b5ce81e437358a154f973070c11cf1d50adae5,左壁追従（超音波のみ）,,250.0,130.72013862996891,83.35948016416984,193.9596131276879,98.41353392722156
1.25,84.29941334019941,211.61710583243232,-6.45114719933909,18.22460741902918,9.51417901934121,24.035758741941162,29.73180943544128,405,466,375,435,24.035758741941162,NEUTRAL,program,sensor_drive.py,function,750df67d0c33d1501e8060e5a3b5ce81e437358a154f973070c11cf1d50adae5,左壁追従（超音波のみ）,,250.0,129.13318171518202,83.14551485250445,197.52002437517314,97.41259498934993
1.3,84.1931020717102,212.5298893975435,-6.835390229402606,18.48040302597228,9.121027420029957,24.199571908320852,28.50321068759362,405,464,375,435,24.199571908320852,NEUTRAL,program,sensor_drive.py,function,750df67d0c33d1501e8060e5a3b5ce81e437358a154f973070c11cf1d50adae5,左壁追従（超音波のみ）,,250.0,127.60423876028335,82.93137726232791,201.1398196635341,96.42251499372324
1.35,84.0793075598892,213.453783506215,-7.207933429510007,18.70746017110694,8.736206913280954,24.359913786132935,27.30064660400298,405,463,375,435,24.359913786132935,NEUTRAL,program,sensor_drive.py,function,750df67d0c33d1501e8060e5a3b5ce81e437358a154f973070c11cf1d50adae5,左壁追従（超音波のみ）,,250.0,126.13382319266819,82.71716618987502,204.80704079563498,95.44495006387379
1.4,83.95823557861603,214.38750279620794,-7.5682922467656795,18.91158476567071,8.360313519647159,24.51653603348035,26.12597974889737,405,462,375,435,24.51653603348035,NEUTRAL,program,sensor_drive.py,function,750df67d0c33d1501e8060e5a3b5ce81e437358a154f973070c11cf1d50adae5,左壁追従（超音波のみ）,,250.0,124.72128768775802,82.50287131632123,208.51113077079347,94.48089090928619
1.45,83.83009524931423,215.33001675027606,-7.916166672875619,19.097246290152764,7.993720067375433,24.669283305260237,24.980375210548228,405,461,375,435,24.669283305260237,NEUTRAL,program,sensor_drive.py,function,750df67d0c33d1501e8060e5a3b5ce81e437358a154f973070c11cf1d50adae5,左壁追従（超音波のみ）,,250.0,123.36522654943992,82.28841081976833,212.2425840706249,91.96209424097655
1.5,83.69509708663358,216.28049202452857,-8.251394584023984,19.267891293655186,7.636635374437076,24.818068593984552,23.864485545115862,406,460,375,435,24.818068593984552,NEUTRAL,program,sensor_drive.py,function,750df67d0c33d1501e8060e5a3b5ce81e437358a154f973070c11cf1d50adae5,左壁追従（超音波のみ）,,250.0,122.06375901524954,82.07365839096329,215.99268199367228,91.15469191494923
1.55,83.55345178001394,217.23824823666672,-8.573916947434299,19.426182938130477,7.289148240821159,24.96285489965785,22.778588252566124,406,458,375,435,24.96285489965785,NEUTRAL,program,sensor_drive.py,function,750df67d0c33d1501e8060e5a3b5ce81e437358a154f973070c11cf1d50adae5,左壁追従（超音波のみ）,,250.0,120.81472699250176,81.85846251486267,217.681684640844,91.24379872653546
1.6,83.40536946057934,218.20272404642188,-8.883751882618895,19.574184105797425,6.9512601026155245,25.1036416239102,21.722687820673514,406,457,375,435,25.1036416239102,NEUTRAL,program,sensor_drive.py,function,750df67d0c33d1501e8060e5a3b5ce81e437358a154f973070c11cf1d50adae5,左壁追従（超音波のみ）,,250.0,119.61583168483507,81.64266012856976,250.0,93.52638349622868
1.65,83.25105927647049,219.17345110819898,-9.180975315982636,19.71349742242987,6.622909245525275,25.240454481031136,20.696591392266484,406,456,375,435,25.240454481031136,NEUTRAL,program,sensor_drive.py,function,750df67d0c33d1501e8060e5a3b5ce81e437358a154f973070c11cf1d50adae5,左壁追従（超音波のみ）,,250.0,118.46472679921335,81.4260862001389,250.0,93.97814502832657
1.7,83.09072915506701,220.15003404676347,-9.465706538253642,19.84537237718826,6.303988745726724,25.373338022613865,19.699964830396013,406,455,375,435,25.373338022613865,NEUTRAL,program,sensor_drive.py,function,750df67d0c33d1501e8060e5a3b5ce81e437358a154f973070c11cf1d50adae5,左壁追従（超音波のみ）,,250.0,117.35908104448814,81.20858035308413,250.0,94.43227144668091
1.75,82.92458567091637,221.1321350427016,-9.738097404808713,19.97078730397252,5.99435975372156,25.502350102616017,18.732374230379875,406,454,375,435,25.502350102616017,NEUTRAL,program,sensor_drive.py,function,750df67d0c33d1501e8060e5a3b5ce81e437358a154f973070c11cf1d50adae5,左壁追従（超音波のみ）,,250.0,116.29661901260403,80.98999135351029,250.0,94.8881161299571
1.8,82.7528339669019,222.11946194730518,-9.998324241917118,20.09051214913949,5.693861322134924,25.62755778244378,17.793316631671637,407,453,375,435,25.62755778244378,NEUTRAL,program,sensor_drive.py,function,750df67d0c33d1501e8060e5a3b5ce81e437358a154f973070c11cf1d50adae5,左壁追従（超音波のみ）,,250.0,115.27514692199502,80.77018005236975,250.0,95.34507198714778
1.85,82.575677696144,223.11175910085691,-10.24658176314881,20.205156548256685,5.402317668624161,25.749034304739933,16.882242714450506,407,452,375,435,25.749034304739933,NEUTRAL,program,sensor_drive.py,function,750df67d0c33d1501e8060e5a3b5ce81e437358a154f973070c11cf1d50adae5,左壁追従（超音波のみ）,,250.0,114.29256782871734,80.54902121248176,250.0,95.80256724519282
1.9,82.39331896568032,224.10880022261998,-10.483078479818545,20.315206665704636,5.119543534543422,25.86685686060691,15.998573545448195,407,451,375,435,25.86685686060691,NEUTRAL,program,sensor_drive.py,function,750df67d0c33d1501e8060e5a3b5ce81e437358a154f973070c11cf1d50adae5,左壁追従（超音波のみ）,,250.0,113.34688957094338,80.32640453202627,250.0,96.26006222101867
1.95,82.20595827193286,225.11038288935163,-10.708033222809007,20.421053435811046,4.8453481289177285,25.98110494628428,15.141712902867901,407,450,375,435,25.98110494628428,NEUTRAL,program,sensor_drive.py,function,750df67d0c33d1501e8060e5a3b5ce81e437358a154f973070c11cf1d50adae5,左壁追従（超音波のみ）,,250.0,112.43622775677736,80.10223509092512,250.0,96.71704685468049
2.0,82.01379442370772,226.11632423268722,-10.921672492135968,20.523014222292332,4.579538020512202,26.091859158119917,14.311056314100632,407,450,375,435,26.091859158119917,NEUTRAL,program,sensor_drive.py,function,750df67d0c33d1501e8060e5a3b5ce81e437358a154f973070c11cf1d50adae5,左壁追従（超音波のみ）,,250.0,111.55880542491408,79.876433384819,250.0,97.17303882580012
2.05,81.81702445199157,227.1264575725432,-11.124228424001245,20.621349438071462,4.321919246962591,26.199200313765587,13.505997646758097,407,449,375,435,26.199200313765587,NEUTRAL,program,sensor_drive.py,function,750df67d0c33d1501e8060e5a3b5ce81e437358a154f973070c11cf1d50adae5,左壁追従（超音波のみ）,,250.0,110.7129505238227,79.64893506667309,250.0,97.62758211228379
2.1,81.61584350782954,228.140629770065,-11.315937219425166,20.716275305027704,4.072298840536232,26.303208816443238,12.725933876675725,407,448,375,435,26.303208816443238,NEUTRAL,program,sensor_drive.py,function,750df67d0c33d1501e8060e5a3b5ce81e437358a154f973070c11cf1d50adae5,左壁追従（超音波のみ）,,250.0,109.89709201146452,79.4196904836535,250.0,98.08024587994038
2.15,81.41044475060512,229.15869913441796,-11.497037918780762,20.807973656271994,3.8304859187720557,26.403964200511645,11.970268496162674,408,447,375,435,26.403964200511645,NEUTRAL,program,sensor_drive.py,function,750df67d0c33d1501e8060e5a3b5ce81e437358a154f973070c11cf1d50adae5,左壁追従（超音波のみ）,,250.0,109.10975513371032,79.18866407338218,250.0,98.53062361541355
2.2,81.20101922945105,230.1805337565559,-11.667771436327826,20.896599471847807,3.5962924502876468,26.501544812380146,11.238413907148896,408,446,375,435,26.501544812380146,NEUTRAL,program,sensor_drive.py,function,750df67d0c33d1501e8060e5a3b5ce81e437358a154f973070c11cf1d50adae5,左壁追従（超音波のみ）,,250.0,108.34955626683121,78.95583366654364,250.0,98.97833243388955
2.25,80.9877557605435,231.20601017282004,-11.828379790886572,20.982286676880804,3.3695337779530767,26.59602759251955,10.529793056103365,408,446,375,435,26.59602759251955,NEUTRAL,program,sensor_drive.py,function,750df67d0c33d1501e8060e5a3b5ce81e437358a154f973070c11cf1d50adae5,左壁追従（超音波のみ）,,250.0,107.61519758720512,78.72118973030591,250.0,99.42301250824445
2.3,80.77084080283633,232.23501228395654,-11.979105485110637,21.065152607367306,3.150028960829468,26.68748793298772,9.843840502592087,408,445,375,435,26.68748793298772,NEUTRAL,program,sensor_drive.py,function,750df67d0c33d1501e8060e5a3b5ce81e437358a154f973070c11cf1d50adae5,左壁追従（超音波のみ）,,250.0,106.90546174510231,78.4847345778588,250.0,99.86432657841202
2.35,80.55045833448436,233.26743047254016,-12.120190997907685,21.14530145402399,2.9376009808493793,26.775999591312758,9.18000306515431,408,444,375,435,26.775999591312758,NEUTRAL,program,sensor_drive.py,function,750df67d0c33d1501e8060e5a3b5ce81e437358a154f973070c11cf1d50adae5,左壁追従（超音波のみ）,,250.0,106.21920665870653,78.24648156264638,250.0,100.30195950938403
2.4,80.32678973185386,234.3031608751076,-12.251878363518927,21.22282692207017,2.7320768487711553,26.86163464634535,8.53774015240986,408,443,375,435,26.86163464634535,NEUTRAL,program,sensor_drive.py,function,750df67d0c33d1501e8060e5a3b5ce81e437358a154f973070c11cf1d50adae5,左壁追従（超音波のみ）,,250.0,105.555360502,78.00645427091652,250.0,100.73561787390386
2.45,80.1000136526657,235.34210477549334,-12.374408817419692,21.297814289252454,2.5332876354271705,26.94446348523868,7.916523860709908,408,443,375,435,26.94446348523868,NEUTRAL,program,sensor_drive.py,function,750df67d0c33d1501e8060e5a3b5ce81e437358a154f973070c11cf1d50adae5,左壁追従（超音波のみ）,,250.0,104.91291693051798,77.76468572254942,250.0,101.16502954197446
2.5,79.87030592448731,236.3841680936566,-12.48802249414527,21.37034200185807,2.341068447943719,27.024554813356783,7.315838899824122,408,442,375,435,27.024554813356783,NEUTRAL,program,sensor_drive.py,function,750df67d0c33d1501e8060e5a3b5ce81e437358a154f973070c11cf1d50adae5,左壁追従（超音波のみ）,,250.0,104.29093056851501,77.52121758741242,250.0,101.5899432641071
2.55,79.63783943949575,237.42926095025663,-12.592958165824513,21.440482915847443,2.1552583658719504,27.10197568088669,6.735182393349845,408,442,375,435,27.10197568088669,NEUTRAL,program,sensor_drive.py,function,750df67d0c33d1501e8060e5a3b5ce81e437358a154f973070c11cf1d50adae5,左壁追従（超音波のみ）,,250.0,103.68851276711128,77.27609942247096,250.0,102.01012823902921
2.6,79.40278405617865,238.47729729179474,-12.689453012946672,21.50830526523827,1.9757003486178975,27.17679152140921,6.174063589430929,408,441,375,435,27.17679152140921,NEUTRAL,program,sensor_drive.py,function,750df67d0c33d1501e8060e5a3b5ce81e437358a154f973070c11cf1d50adae5,左壁追従（超音波のみ）,,250.0,103.10482763359754,77.02938793337911,250.0,102.4253736595703
2.65,79.16530650842708,239.52819456463473,-12.777742420937926,21.573873420709074,1.8022411228874602,27.249066198796893,5.632003509023313,409,440,375,435,27.249066198796893,NEUTRAL,program,sensor_drive.py,function,750df67d0c33d1501e8060e5a3b5ce81e437358a154f973070c11cf1d50adae5,左壁追従（超音波のみ）,,250.0,102.53908832591328,76.7811462631464,250.0,102.83548823280286
2.7,78.92557032229696,240.58187342888118,-12.858059797662463,21.63724848669678,1.6347310568430362,27.318862059648733,5.108534552634488,409,440,375,435,27.318862059648733,NEUTRAL,program,sensor_drive.py,function,750df67d0c33d1501e8060e5a3b5ce81e437358a154f973070c11cf1d50adae5,左壁追従（超音波のみ）,,250.0,101.99055360241637,76.53144330963123,250.0,103.24029967237092
2.75,78.68373574057375,241.6382575051361,-12.930636408119483,21.6984887739959,1.4730240261330823,27.386239989111214,4.603200081665882,409,439,375,435,27.386239989111214,NEUTRAL,program,sensor_drive.py,function,750df67d0c33d1501e8060e5a3b5ce81e437358a154f973070c11cf1d50adae5,左壁追従（超音波のみ）,,250.0,101.45852461473638,76.28035307297401,250.0,103.63965416238634
2.8,78.43995965516208,242.6972731487138,-12.995701223482143,21.75765017622724,1.3169772757826899,27.451259468423878,4.115553986820906,409,439,375,435,27.451259468423878,NEUTRAL,program,sensor_drive.py,function,750df67d0c33d1501e8060e5a3b5ce81e437358a154f973070c11cf1d50adae5,左壁追従（超音波のみ）,,250.0,100.94234193027049,76.02795403360052,250.0,104.03341579339889
2.85,78.19439554723478,243.75884924708376,-13.053480782286982,21.814786471919547,1.1664512810286305,27.513978632904738,3.6451602532144705,409,438,375,435,27.513978632904738,NEUTRAL,program,sensor_drive.py,function,750df67d0c33d1501e8060e5a3b5ce81e437358a154f973070c11cf1d50adae5,左壁追従（超音波のみ）,,250.0,100.44138277038577,75.7743285610621,250.0,104.42146597181005
2.9,77.94719343500847,244.82291703722137,-13.104199062089265,21.869949568868186,1.0213096094813112,27.574454329382785,3.191592529629098,409,438,375,435,27.574454329382785,NEUTRAL,program,sensor_drive.py,function,750df67d0c33d1501e8060e5a3b5ce81e437358a154f973070c11cf1d50adae5,左壁追従（超音波のみ）,,250.0,99.95505845039635,75.5195623536996,250.0,104.80370280475391
2.95,77.69849982896383,245.88940994023955,-13.14807736028581,21.923189703542302,0.8814187864442647,27.632742172314888,2.754433707638327,409,437,375,435,27.632742172314888,NEUTRAL,program,sensor_drive.py,function,750df67d0c33d1501e8060e5a3b5ce81e437358a154f973070c11cf1d50adae5,左壁追従（超音波のみ）,,250.0,99.48281200770744,75.263743908907,250.0,105.18004046295488
3.0,77.44845769429267,246.95826341120403,-13.18533418310551,21.97455560532846,0.7466481647886235,27.68889659800474,2.3332755149644484,409,437,375,435,27.68889659800474,NEUTRAL,program,sensor_drive.py,function,750df67d0c33d1501e8060e5a3b5ce81e437358a154f973070c11cf1d50adae5,左壁追従（超音波のみ）,,250.0,99.02411600505177,75.00696402360603,250.0,105.5504085244161
3.05,77.1972064203295,248.0294148024387,-13.216185141999603,22.024094633114306,0.6168698004320526,27.742970916486644,1.9277181263501646,409,437,375,435,27.742970916486644,NEUTRAL,program,sensor_drive.py,function,750df67d0c33d1501e8060e5a3b5ce81e437358a154f973070c11cf1d50adae5,左壁追従（超音波のみ）,,250.0,98.578470496393,74.74931532441953,250.0,105.91475130202603
3.1,76.9448817967087,249.10280323893517,-13.240842856841084,22.0718528899669,0.49195833419119256,27.79501736075367,1.5373697943474767,409,436,375,435,27.79501736075367,NEUTRAL,program,sensor_drive.py,function,750df67d0c33d1501e8060e5a3b5ce81e437358a154f973070c11cf1d50adae5,左壁追従（超音波のみ）,,250.0,98.14540114377888,74.49089182693228,250.0,106.27302715831117
3.15,76.69161599597928,250.17836950471633,-13.259516865484528,22.117875320322845,0.3717908805501588,27.8450871331041,1.1618465017192463,409,436,375,435,27.8450871331041,NEUTRAL,program,sensor_drive.py,function,750df67d0c33d1501e8060e5a3b5ce81e437358a154f973070c11cf1d50adae5,左壁追従（超音波のみ）,,250.0,97.72445747416427,74.23178852335387,250.0,106.62520781062587
3.2,76.43753756240382,251.2560559391837,-13.272413539344342,22.16220579308508,0.2562469236997572,27.893230448458436,0.8007716365617412,409,435,375,435,27.893230448458436,NEUTRAL,program,sensor_drive.py,function,750df67d0c33d1501e8060e5a3b5ce81e437358a154f973070c11cf1d50adae5,左壁追従（超音波のみ）,,250.0,97.31521126594882,73.97210099783851,250.0,106.97127763007349
3.25,76.18277665684681,252.33554258407472,-13.285465939996811,22.19634701822109,0.25889473807618285,27.89212719246826,0.8090460564880715,409,435,375,435,27.89212719246826,NEUTRAL,program,sensor_drive.py,function,750df67d0c33d1501e8060e5a3b5ce81e437358a154f973070c11cf1d50adae5,左壁追従（超音波のみ）,,250.0,96.91725505568654,73.1074245086583,250.0,107.3112329374002
3.3,75.92743185901891,253.41634371366928,-13.299897060680678,22.220767246629038,0.28587694083346377,27.880884607986058,0.8933654401045743,409,435,375,435,27.880884607986058,NEUTRAL,program,sensor_drive.py,function,750df67d0c33d1501e8060e5a3b5ce81e437358a154f973070c11cf1d50adae5,左壁追従（超音波のみ）,,250.0,96.51817221240104,72.13045109645913,250.0,107.65238311101166
3.35,75.67156922437825,254.4982455226505,-13.311325957142827,22.24416992154859,0.226161924477733,27.905765864800944,0.7067560139929157,409,435,375,435,27.905765864800944,NEUTRAL,program,sensor_drive.py,function,750df67d0c33d1501e8060e5a3b5ce81e437358a154f973070c11cf1d50adae5,左壁追従（超音波のみ）,,250.0,96.11555260013414,71.61111131723139,250.0,107.99617250911767
3.4,75.41525161637013,255.58140458385856,-13.315690694596753,22.272807311934447,0.08626938373654866,27.964054423443105,0.26959182417671457,409,435,375,435,27.964054423443105,NEUTRAL,program,sensor_drive.py,function,750df67d0c33d1501e8060e5a3b5ce81e437358a154f973070c11cf1d50adae5,左壁追従（超音波のみ）,,250.0,95.71865513684493,71.5165334788619,250.0,108.33690345824868
3.45,75.15878905137642,256.66547489578153,-13.30425077674181,22.284500143752155,-0.22592312345980417,27.905865365225083,-0.706009760811888,409,434,375,435,27.905865365225083,NEUTRAL,program,sensor_drive.py,function,750df67d0c33d1501e8060e5a3b5ce81e437358a154f973070c11cf1d50adae5,左壁追従（超音波のみ）,,250.0,95.33593063106704,72.31772384914628,250.0,108.6692024396822
3.5,74.90258705032113,257.74975256297745,-13.284701039588725,22.281530741102024,-0.3860282475731174,27.839154896844533,-1.2063382736659918,409,433,375,435,27.839154896844533,NEUTRAL,program,sensor_drive.py,function,750df67d0c33d1501e8060e5a3b5ce81e437358a154f973070c11cf1d50adae5,左壁追従（超音波のみ）,,250.0,94.9857675989881,72.40443099903923,250.0,108.9812504421646
3.55,74.64686909850474,258.8338153316392,-13.260869529147044,22.272869376259937,-0.47070783849368125,27.803871733960968,-1.470961995292754,409,433,375,435,27.803871733960968,NEUTRAL,program,sensor_drive.py,function,750df67d0c33d1501e8060e5a3b5ce81e437358a154f973070c11cf1d50adae5,左壁追従（超音波のみ）,,250.0,94.65258971646756,72.14368602665667,250.0,109.28234298171276
3.6,74.39176844976002,259.9174507081473,-13.2329573792357,22.260084955241535,-0.5515780439966375,27.7701758150014,-1.723681387489492,409,433,375,435,27.7701758150014,NEUTRAL,program,sensor_drive.py,function,750df67d0c33d1501e8060e5a3b5ce81e437358a154f973070c11cf1d50adae5,左壁追従（超音波のみ）,,250.0,94.32871476596885,71.88360115156492,250.0,109.57710013497119
3.65,74.13739875943584,261.00051084189676,-13.20116063807373,22.244384673469924,-0.628747236316342,27.73802198486819,-1.9648351134885687,409,432,375,435,27.73802198486819,NEUTRAL,program,sensor_drive.py,function,750df67d0c33d1501e8060e5a3b5ce81e437358a154f973070c11cf1d50adae5,左壁追従（超音波のみ）,,250.0,94.01386846653175,71.6242983926867,250.0,109.86557987726012
3.7,73.88385782220296,262.0828973375004,-13.165669459618726,22.226695261585917,-0.7023273754917295,27.707363593545114,-2.1947730484116548,409,432,375,435,27.707363593545114,NEUTRAL,program,sensor_drive.py,function,750df67d0c33d1501e8060e5a3b5ce81e437358a154f973070c11cf1d50adae5,左壁追従（超音波のみ）,,250.0,93.70776753962136,71.36588141864041,250.0,110.14786492101558
3.75,73.63123052130975,263.1645494938487,-13.126667644827222,22.2077260786889,-0.7724319188827099,27.678153367132204,-2.4138497465084683,409,432,375,435,27.678153367132204,NEUTRAL,program,sensor_drive.py,function,750df67d0c33d1501e8060e5a3b5ce81e437358a154f973070c11cf1d50adae5,左壁追従（超音波のみ）,,250.0,93.41012588613845,71.10843920690756,250.0,110.4240562905434
3.8,73.37959115823426,264.2454352025798,-13.08433242595845,22.188018099330915,-0.8391743237609671,27.650344031766263,-2.6224197617530223,409,432,375,435,27.650344031766263,NEUTRAL,program,sensor_drive.py,function,750df67d0c33d1501e8060e5a3b5ce81e437358a154f973070c11cf1d50adae5,左壁追従（超音波のみ）,,250.0,93.12065894972055,70.85204889824563,250.0,110.69426837914294
3.85,73.12900529567916,265.3255439099937,-13.038834417159904,22.167981940313936,-0.9026669884333092,27.623888754819454,-2.820834338854091,409,432,375,435,27.623888754819454,NEUTRAL,program,sensor_drive.py,function,750df67d0c33d1501e8060e5a3b5ce81e437358a154f973070c11cf1d50adae5,左壁追従（超音波のみ）,,250.0,92.83908674240253,70.59677802436141,250.0,110.95862514405286
3.9,72.87953121843819,266.4048811796595,-12.990337676558681,22.147927373010717,-0.9630205165333359,27.598741451444443,-3.0094391141666748,409,431,375,435,27.598741451444443,NEUTRAL,program,sensor_drive.py,function,750df67d0c33d1501e8060e5a3b5ce81e437358a154f973070c11cf1d50adae5,左壁追従（超音波のみ）,,250.0,92.56513588760437,70.34268624777884,250.0,111.21725717487338
3.95,72.63122109425201,267.48346449645214,-12.93899984105326,22.128086222217572,-1.0203432185256156,27.574856992280992,-3.188572557892549,409,431,375,435,27.574856992280992,NEUTRAL,program,sensor_drive.py,function,750df67d0c33d1501e8060e5a3b5ce81e437358a154f973070c11cf1d50adae5,左壁追従（超音波のみ）,,250.0,92.29854094472365,70.08982672228083,250.0,111.47029943283512
4.0,72.38412189911631,268.5613200331277,-12.884972306542352,22.108630128936742,-1.074740786500463,27.552191338958142,-3.3585649578139467,409,431,375,435,27.552191338958142,NEUTRAL,program,sensor_drive.py,function,750df67d0c33d1501e8060e5a3b5ce81e437358a154f973070c11cf1d50adae5,左壁追従（超音波のみ）,,250.0,92.03904521177368,69.83824715841972,250.0,111.71788950569565
4.05,72.13827615760927,269.6384801629744,-12.828400434627866,22.08968432510256,-1.1263160948186464,27.530701627158898,-3.51973779630827,409,431,375,435,27.530701627158898,NEUTRAL,program,sensor_drive.py,function,750df67d0c33d1501e8060e5a3b5ce81e437358a154f973070c11cf1d50adae5,左壁追従（超音波のみ）,,250.0,91.78640115181648,69.5879906599274,250.0,111.96016625941289
4.1,71.89372253788282,270.71498155054553,-12.769423772766345,22.07133831218748,-1.175169091474288,27.510346211885714,-3.67240341085715,409,431,375,435,27.510346211885714,NEUTRAL,program,sensor_drive.py,function,750df67d0c33d1501e8060e5a3b5ce81e437358a154f973070c11cf1d50adae5,左壁追従（超音波のみ）,,250.0,91.54037055109528,69.33909638227753,250.0,112.19726879560675
4.15,71.65049633238061,271.7908636901199,-12.70817627906493,22.05365413656623,-1.221396754225516,27.49108468573937,-3.816864856954737,409,430,375,435,27.49108468573937,NEUTRAL,program,sensor_drive.py,function,750df67d0c33d1501e8060e5a3b5ce81e437358a154f973070c11cf1d50adae5,左壁追従（超音波のみ）,,250.0,91.30072448854065,69.09160005327277,250.0,112.42933564514843
4.2,71.40862984861361,272.86616779075865,-12.644786545900729,22.036672799804556,-1.2650930923797297,27.47287787817511,-3.953415913686655,409,430,375,435,27.47287787817511,NEUTRAL,program,sensor_drive.py,function,750df67d0c33d1501e8060e5a3b5ce81e437358a154f973070c11cf1d50adae5,左壁追従（超音波のみ）,,250.0,91.06724317528607,68.84553438665033,250.0,112.65650414452662
4.25,71.1681527290447,273.940935929508,-12.579378018633122,22.020419221811224,-1.3063491802074487,27.45568784158023,-4.082341188148277,409,430,375,435,27.45568784158023,NEUTRAL,program,sensor_drive.py,function,750df67d0c33d1501e8060e5a3b5ce81e437358a154f973070c11cf1d50adae5,左壁追従（超音波のみ）,,250.0,90.8397157071641,68.60092941277598,250.0,112.87890995410675
4.3,70.92909221499791,275.0152104119076,-12.512069207129883,22.00490608137487,-1.3452532117352438,27.43947782844365,-4.203916286672637,409,430,375,435,27.43947782844365,NEUTRAL,program,sensor_drive.py,function,750df67d0c33d1501e8060e5a3b5ce81e437358a154f973070c11cf1d50adae5,左壁追従（超音波のみ）,,250.0,90.61793976150852,68.35781274510342,250.0,113.09668668692397
4.35,70.69147336627,276.08903329262887,-12.442973888825037,21.990136786032597,-1.381890569468792,27.424212262721337,-4.318408029589975,409,430,375,435,27.424212262721337,NEUTRAL,program,sensor_drive.py,function,750df67d0c33d1501e8060e5a3b5ce81e437358a154f973070c11cf1d50adae5,左壁追従（超音波のみ）,,250.0,90.40172126093952,68.11620979687467,250.0,113.3099656239241
4.4,70.45531924558885,277.16244601967327,-12.372201302699494,21.976107766842077,-1.4163439016692883,27.409856707637797,-4.426074692716526,409,430,375,435,27.409856707637797,NEUTRAL,program,sensor_drive.py,function,750df67d0c33d1501e8060e5a3b5ce81e437358a154f973070c11cf1d50adae5,左壁追従（超音波のみ）,,250.0,90.19087402040103,67.87614395927133,250.0,113.51887549712208
4.45,70.22065107508149,278.2354891737888,-12.299856334022934,21.962810249843802,-1.4486932043360707,27.39637783152664,-4.527166263550221,409,430,375,435,27.39637783152664,NEUTRAL,program,sensor_drive.py,function,750df67d0c33d1501e8060e5a3b5ce81e437358a154f973070c11cf1d50adae5,左壁追従（超音波のみ）,,250.0,89.98521938898115,67.63763674968587,250.0,113.7235423263896
4.5,69.98748837036656,279.30820228114766,-12.226039689983196,21.95023162199786,-1.4790159051742011,27.383743372844084,-4.621924703669379,409,430,375,435,27.383743372844084,NEUTRAL,program,sensor_drive.py,function,750df67d0c33d1501e8060e5a3b5ce81e437358a154f973070c11cf1d50adae5,左壁追従（超音波のみ）,,250.0,89.78458589455398,67.40070793680935,250.0,113.92408929882482
4.55,69.75584905667573,280.38062368228117,-12.150848066506853,21.93835648297782,-1.5073869476529285,27.371922105144613,-4.7105842114154015,409,430,375,435,27.371922105144613,NEUTRAL,program,sensor_drive.py,function,750df67d0c33d1501e8060e5a3b5ce81e437358a154f973070c11cf1d50adae5,左壁追従（超音波のみ）,,250.0,89.5888088967152,67.16537564770302,250.0,114.12063668213436
4.6,69.52574957046302,281.45279044410586,-12.074374306678664,21.927167453707412,-1.5338788738630182,27.360883802557076,-4.793371480821932,409,429,375,435,27.360883802557076,NEUTRAL,program,sensor_drive.py,function,750df67d0c33d1501e8060e5a3b5ce81e437358a154f973070c11cf1d50adae5,左壁追従（超音波のみ）,,250.0,89.3977302516115,66.93165646083322,250.0,114.3133017653514
4.65,69.2972049492225,282.52473830485815,-11.996707551218776,21.91664579661485,-1.5585619053214215,27.350599206116076,-4.870505954129442,409,429,375,435,27.350599206116076,NEUTRAL,program,sensor_drive.py,function,750df67d0c33d1501e8060e5a3b5ce81e437358a154f973070c11cf1d50adae5,左壁追従（超音波のみ）,,250.0,89.21119799089962,66.69956548813202,250.0,114.50219882166634
4.7,69.07022891165862,283.5965016440608,-11.917933381496141,21.90677189023063,-1.5815040211872884,27.341039991171964,-4.942200066210276,409,429,375,435,27.341039991171964,NEUTRAL,program,sensor_drive.py,function,750df67d0c33d1501e8060e5a3b5ce81e437358a154f973070c11cf1d50adae5,左壁追従（超音波のみ）,,250.0,89.0290660160911,66.46911644843456,250.0,114.687439089258
4.75,68.84483392990145,284.6681134714351,-11.838133955553019,21.897525591171675,-1.602771033580882,27.332178736007965,-5.008659479940256,409,429,375,435,27.332178736007965,NEUTRAL,program,sensor_drive.py,function,750df67d0c33d1501e8060e5a3b5ce81e437358a154f973070c11cf1d50adae5,左壁追従（超音波のみ）,,250.0,88.85119380883977,66.24032173409675,250.0,114.8691307668691
4.8,68.62103129510804,285.73960543006154,-11.757388137599634,21.888886509119324,-1.6224266598571149,27.323988891726202,-5.070083312053484,409,429,375,435,27.323988891726202,NEUTRAL,program,sensor_drive.py,function,750df67d0c33d1501e8060e5a3b5ce81e437358a154f973070c11cf1d50adae5,左壁追従（超音波のみ）,,250.0,88.67744615723625,66.01319247217288,250.0,115.04737902152749
4.85,68.39883117751454,286.8110078101644,-11.675771621414356,21.8808342146304,-1.6405325917974927,27.316444753417713,-5.126664349367164,409,429,375,435,27.316444753417713,NEUTRAL,program,sensor_drive.py,function,750df67d0c33d1501e8060e5a3b5ce81e437358a154f973070c11cf1d50adae5,左壁追従（超音波のみ）,,250.0,88.50769289783673,65.78773858120773,250.0,115.22228600632552
4.9,68.17824268178897,287.88234957073007,-11.59335704805656,21.87334839514659,-1.6571485617606356,27.309521432599734,-5.178589255501986,409,429,375,435,27.309521432599734,NEUTRAL,program,sensor_drive.py,function,750df67d0c33d1501e8060e5a3b5ce81e437358a154f973070c11cf1d50adae5,左壁追従（超音波のみ）,,250.0,88.3418086729257,65.56396882444689,250.0,115.39395088656205
4.95,67.95927389836461,288.95365836681117,-11.510214118269744,21.86640897109784,-1.6723324058824902,27.303194830882294,-5.226038768382782,409,429,375,435,27.303194830882294,NEUTRAL,program,sensor_drive.py,function,750df67d0c33d1501e8060e5a3b5ce81e437358a154f973070c11cf1d50adae5,左壁追従（超音波のみ）,,250.0,88.17967270236784,65.34189086007758,250.0,115.56246987286066
5.0,67.74193195130222,290.0249605808701,-11.426409699924733,21.85999618130545,-1.6861401244484375,27.297441614813152,-5.269187888901367,409,429,375,435,27.297441614813152,NEUTRAL,program,sensor_drive.py,function,750df67d0c33d1501e8060e5a3b5ce81e437358a154f973070c11cf1d50adae5,左壁追従（超音波のみ）,,250.0,88.02116856931954,65.12151128896478,250.0,115.72793626011864
5.05,67.5262230431247,291.09628135689803,-11.342007930822291,21.85409064480528,-1.6986259395795513,27.292239191841855,-5.308206061186098,409,429,375,435,27.292239191841855,NEUTRAL,program,sensor_drive.py,function,750df67d0c33d1501e8060e5a3b5ce81e437358a154f973070c11cf1d50adae5,左壁追従（超音波のみ）,,250.0,87.86618401902376,64.90283570023566,250.0,115.89044047133073
5.1,67.31215249698568,292.1676446363479,-11.257070317150209,21.848673404595537,-1.7098423503827769,27.28756568734051,-5.343257344946178,409,429,375,435,27.28756568734051,NEUTRAL,program,sensor_drive.py,function,750df67d0c33d1501e8060e5a3b5ce81e437358a154f973070c11cf1d50adae5,左壁追従（超音波のみ）,,250.0,87.7146107699024,64.68586871498005,250.0,116.05007010548151
5.15,67.09972479646915,293.23907319514433,-11.1716558278641,21.843725957561634,-1.7198401857185432,27.283399922617274,-5.374500580370448,409,429,375,435,27.283399922617274,NEUTRAL,program,sensor_drive.py,function,750df67d0c33d1501e8060e5a3b5ce81e437358a154f973070c11cf1d50adae5,左壁追従（超音波のみ）,,250.0,87.56634433616352,64.47061402826944,250.0,116.20690998882324
5.2,66.88894362326569,294.31058868121755,-11.085820985238229,21.839230273860842,-1.7286686547369947,27.279721393859585,-5.402089546053109,409,429,375,435,27.279721393859585,NEUTRAL,program,sensor_drive.py,function,750df67d0c33d1501e8060e5a3b5ce81e437358a154f973070c11cf1d50adae5,左壁追従（超音波のみ）,,250.0,87.42128386116356,64.25707444964924,250.0,116.36104222895189
5.25,66.6798118929299,295.3822116521417,-10.999619951813173,21.83516880829883,-1.7363753953285084,27.276510251946455,-5.426173110401589,409,429,375,435,27.276510251946455,NEUTRAL,program,sensor_drive.py,function,750df67d0c33d1501e8060e5a3b5ce81e437358a154f973070c11cf1d50adae5,左壁追従（超音波のみ）,,250.0,87.27933196079505,64.04525194222106,250.0,116.51254627117332
5.3,66.47233178889171,296.4539616125642,-10.913104613947269,21.831524505648904,-1.743006520628179,27.273747283071593,-5.4468953769630595,409,429,375,435,27.273747283071593,NEUTRAL,program,sensor_drive.py,function,750df67d0c33d1501e8060e5a3b5ce81e437358a154f973070c11cf1d50adae5,左壁追従（超音波のみ）,,250.0,87.14039457620467,63.83514766040531,250.0,116.66149895671953
5.35,66.26650479486763,297.52585705119407,-10.826324662162051,21.828280801415485,-1.7486066637052033,27.271413890122833,-5.4643958240787605,409,429,375,435,27.271413890122833,NEUTRAL,program,sensor_drive.py,function,750df67d0c33d1501e8060e5a3b5ce81e437358a154f973070c11cf1d50adae5,左壁追従（超音波のみ）,,250.0,87.00438083518634,63.62676198645358,250.0,116.80797458242728
5.4,66.06233172579732,298.5979154771808,-10.739327668456582,21.825421619195545,-1.753219020559676,27.269492074766802,-5.4788094392489874,409,429,375,435,27.269492074766802,NEUTRAL,program,sensor_drive.py,function,750df67d0c33d1501e8060e5a3b5ce81e437358a154f973070c11cf1d50adae5,左壁追従（超音波のみ）,,250.0,86.87120292163456,63.42009456576575,250.0,116.95204496153875
5.45,65.85981275741383,299.67015345576067,-10.652159160751864,21.822931365523388,-1.7568853915405782,27.267964420191426,-5.490266848564307,409,429,375,435,27.267964420191426,NEUTRAL,program,sensor_drive.py,function,750df67d0c33d1501e8060e5a3b5ce81e437358a154f973070c11cf1d50adae5,左壁追従（超音波のみ）,,250.0,86.7407759524821,63.215144341054994,250.0,117.09377948532376
5.5,65.6589474545418,300.742586643087,-10.564862694613367,21.82079492287653,-1.7596462212902986,27.266814074462374,-5.498894441532183,409,429,375,435,27.266814074462374,NEUTRAL,program,sensor_drive.py,function,750df67d0c33d1501e8060e5a3b5ce81e437358a154f973070c11cf1d50adae5,左壁追従（超音波のみ）,,250.0,86.61301786158617,63.01190958539742,250.0,117.2332451852562
5.55,65.45973479820677,301.8152298201852,-10.477479922388568,21.81899764136062,-1.7615406373120823,27.2660247344533,-5.504814491600257,409,429,375,435,27.2660247344533,NEUTRAL,program,sensor_drive.py,function,750df67d0c33d1501e8060e5a3b5ce81e437358a154f973070c11cf1d50adae5,左壁追従（超音波のみ）,,250.0,86.48784929006545,62.81038793419612,250.0,117.37050679550711
5.6,65.262173211629,302.8880969259979,-10.390050659886356,21.81752532946782,-1.7626064872491838,27.26558063031284,-5.5081452726536995,409,429,375,435,27.26558063031284,NEUTRAL,program,sensor_drive.py,function,750df67d0c33d1501e8060e5a3b5ce81e437358a154f973070c11cf1d50adae5,左壁追従（超音波のみ）,,250.0,86.36519348262577,62.61057641608644,250.0,117.50562681554402
5.65,65.06626058516787,303.96120108949987,-10.302612950715485,21.816364244208142,-1.7628803749568807,27.26546651043463,-5.509001171740252,409,429,375,435,27.26546651043463,NEUTRAL,program,sensor_drive.py,function,750df67d0c33d1501e8060e5a3b5ce81e437358a154f973070c11cf1d50adae5,左壁追従（超音波のみ）,,250.0,86.2449761894471,62.412471482806644,250.0,117.6386655726465
5.7,64.87199430027519,305.03455466087377,-10.215203128390897,21.815501080840193,-1.7623976954411296,27.26566762689953,-5.50749279825353,409,429,375,435,27.26566762689953,NEUTRAL,program,sensor_drive.py,function,750df67d0c33d1501e8060e5a3b5ce81e437358a154f973070c11cf1d50adae5,左壁追従（超音波のみ）,,250.0,86.12712557323628,62.21606903805607,250.0,117.76968128417269
5.75,64.67937125251208,306.1081692417482,-10.127855876308814,21.814922962371654,-1.761192668731927,27.266169721361695,-5.503727089787272,409,429,375,435,27.266169721361695,NEUTRAL,program,sensor_drive.py,function,750df67d0c33d1501e8060e5a3b5ce81e437358a154f973070c11cf1d50adae5,左壁追従（超音波のみ）,,250.0,86.01157212107907,62.021364465362,250.0,117.89873011942561
5.8,64.48838787367663,307.1820557145058,-10.040604285685191,21.814617428956815,-1.7592983727516947,27.26695901135346,-5.497807414849046,409,429,375,435,27.26695901135346,NEUTRAL,program,sensor_drive.py,function,750df67d0c33d1501e8060e5a3b5ce81e437358a154f973070c11cf1d50adae5,左壁追従（超音波のみ）,,250.0,85.89824856075661,61.82835265497689,250.0,118.02586626098707
5.85,64.29904015308801,308.2562242706724,-9.953479911544832,21.81457242728566,-1.7567467752357504,27.268022176985102,-5.48983367261172,409,429,375,435,27.268022176985102,NEUTRAL,program,sensor_drive.py,function,750df67d0c33d1501e8060e5a3b5ce81e437358a154f973070c11cf1d50adae5,左壁追従（超音波のみ）,,250.0,85.78708978121138,61.63702802982517,250.0,118.15114196540326
5.9,64.11132365806746,309.33068443840557,-9.866512826843291,21.81477630003382,-1.753568764754616,27.26934634801891,-5.479902389858175,409,429,375,435,27.26934634801891,NEUTRAL,program,sensor_drive.py,function,750df67d0c33d1501e8060e5a3b5ce81e437358a154f973070c11cf1d50adae5,左壁追従（超音波のみ）,,250.0,85.67803275687825,61.4473845705216,250.0,118.27460762311614
5.95,63.925233553653555,310.4054451090972,-9.7797316747982,21.81521777542362,-1.749794180884553,27.270919091298104,-5.468106815264228,409,429,375,435,27.270919091298104,NEUTRAL,program,sensor_drive.py,function,750df67d0c33d1501e8060e5a3b5ce81e437358a154f973070c11cf1d50adae5,左壁追従（超音波のみ）,,250.0,85.57101647561434,61.259415839480845,250.0,118.39631181755156
6.0,63.74076462158727,311.4805145631135,-9.693163719501712,21.81588595693219,-1.7454518435682962,27.27272839851321,-5.454537011150926,409,429,375,435,27.27272839851321,NEUTRAL,program,sensor_drive.py,function,750df67d0c33d1501e8060e5a3b5ce81e437358a154f973070c11cf1d50adae5,左壁追従（超音波のみ）,,250.0,85.46598186998298,61.07311500413958,250.0,118.51630138328315
6.05,63.55791127859885,312.55590049469106,-9.606834894881615,21.81677031317125,-1.7405695817035882,27.274762674290173,-5.439279942823713,409,429,375,435,27.274762674290173,NEUTRAL,program,sensor_drive.py,function,750df67d0c33d1501e8060e5a3b5ce81e437358a154f973070c11cf1d50adae5,左壁追従（超音波のみ）,,250.0,85.36287175166731,60.888474859312026,250.0,118.63462146320353
6.1,63.37666759402694,313.63161003601135,-9.520769852073954,21.817860667955525,-1.7351742609941414,27.277010724585775,-5.422419565606692,409,429,375,435,27.277010724585775,NEUTRAL,program,sensor_drive.py,function,750df67d0c33d1501e8060e5a3b5ce81e437358a154f973070c11cf1d50adae5,左壁追従（超音波のみ）,,250.0,85.26163074880505,60.70548784870011,250.0,118.7513155646431
6.15,63.19702730679797,314.7076497804753,-9.434992005267219,21.819147190570174,-1.7292918110943947,27.279461745377336,-5.404036909669983,409,429,375,435,27.279461745377336,NEUTRAL,program,sensor_drive.py,function,750df67d0c33d1501e8060e5a3b5ce81e437358a154f973070c11cf1d50adae5,左壁追従（超音波のみ）,,250.0,85.16220524605306,60.524146085580036,250.0,118.86642561438505
6.2,63.018983841792426,315.7840258051999,-9.349523576073722,21.820620386243405,-1.722947252076092,27.28210531163496,-5.384210162737787,409,429,375,435,27.28210531163496,NEUTRAL,program,sensor_drive.py,function,750df67d0c33d1501e8060e5a3b5ce81e437358a154f973070c11cf1d50adae5,左壁追従（超音波のみ）,,250.0,85.06454332720544,60.34444137268607,250.0,118.97999201253506
6.25,62.84253032562261,316.86074369275866,-9.264385636481535,21.822271086826955,-1.716164720243105,27.284931366565374,-5.363014750759703,409,429,375,435,27.284931366565374,NEUTRAL,program,sensor_drive.py,function,750df67d0c33d1501e8060e5a3b5ce81e437358a154f973070c11cf1d50adae5,左壁追従（超音波のみ）,,250.0,84.96859472020118,60.16636522131392,250.0,119.09205368520908
6.3,62.667659601845315,317.93780855218665,-9.179598150436618,21.82409044168486,-1.7089674933175842,27.287930211117672,-5.340523416617451,409,429,375,435,27.287930211117672,NEUTRAL,program,sensor_drive.py,function,750df67d0c33d1501e8060e5a3b5ce81e437358a154f973070c11cf1d50adae5,左壁追従（超音波のみ）,,250.0,84.87431074437221,59.98990886966496,250.0,119.202648136011
6.35,62.49436424563126,319.01522503927254,-9.09518001410305,21.826069908789123,-1.7013780150189917,27.291092493742088,-5.316806296934349,409,429,375,435,27.291092493742088,NEUTRAL,program,sensor_drive.py,function,750df67d0c33d1501e8060e5a3b5ce81e437358a154f973070c11cf1d50adae5,左壁追従（超音波のみ）,,250.0,84.78164425979263,59.8150633004529,250.0,119.31181149627787
6.4,62.322636577911915,320.0929973761566,-9.01114909484562,21.828201246019844,-1.6934179190558916,27.29440920039338,-5.291930997049661,409,429,375,435,27.29440920039338,NEUTRAL,program,sensor_drive.py,function,750df67d0c33d1501e8060e5a3b5ce81e437358a154f973070c11cf1d50adae5,左壁追従（超音波のみ）,,250.0,84.69054961860122,59.641819257795,250.0,119.41957857407539
6.45,62.15246867902337,321.1711293702559,-8.927522268978038,21.83047650266644,-1.685108052547896,27.29787164477171,-5.265962664212175,409,429,375,435,27.29787164477171,NEUTRAL,program,sensor_drive.py,function,750df67d0c33d1501e8060e5a3b5ce81e437358a154f973070c11cf1d50adae5,左壁追従（超音波のみ）,,250.0,84.60098261817971,59.470167263408435,250.0,119.52598290193184
6.5,61.98385240186565,322.2496244325367,-8.844315458316885,21.832888011126272,-1.6764684988947578,27.301471458793852,-5.238964059046118,409,429,375,435,27.301471458793852,NEUTRAL,program,sensor_drive.py,function,750df67d0c33d1501e8060e5a3b5ce81e437358a154f973070c11cf1d50adae5,左壁追従（超音波のみ）,,250.0,84.51290045607718,59.30009763213397,250.0,119.63105678330362
6.55,61.816779384594945,323.3284855951519,-8.761543665580206,21.835428378796536,-1.6675186001072597,27.30520058328864,-5.210995625335187,409,429,375,435,27.30520058328864,NEUTRAL,program,sensor_drive.py,function,750df67d0c33d1501e8060e5a3b5ce81e437358a154f973070c11cf1d50adae5,左壁追従（超音波のみ）,,250.0,84.42626168658089,59.13160048680751,250.0,119.73483133776855
6.6,61.651241062865466,324.407715528464,-8.679221008667298,21.838090480155305,-1.6582769786143172,27.309051258910703,-5.182115558169741,409,429,375,435,27.309051258910703,NEUTRAL,program,sensor_drive.py,function,750df67d0c33d1501e8060e5a3b5ce81e437358a154f973070c11cf1d50adae5,左壁追従（超音波のみ）,,250.0,84.34102617883973,58.96466577250063,250.0,119.83733654494905
6.65,61.487228681636516,325.48731655746985,-8.597360753854787,21.840867449027385,-1.6487615585586048,27.31301601726725,-5.15237987049564,409,429,375,435,27.31301601726725,NEUTRAL,program,sensor_drive.py,function,750df67d0c33d1501e8060e5a3b5ce81e437358a154f973070c11cf1d50adae5,左壁追従（超音波のみ）,,250.0,84.25715507645576,58.799283270150625,250.0,119.93860128716767
6.7,61.32473330656004,326.5672906776467,-8.515975347943197,21.843752671030966,-1.6389895865929294,27.317087672252946,-5.121842458102904,409,429,375,435,27.317087672252946,NEUTRAL,program,sensor_drive.py,function,750df67d0c33d1501e8060e5a3b5ce81e437358a154f973070c11cf1d50adae5,左壁追従（超音波のみ）,,250.0,84.17461075846396,58.63544260960008,250.0,120.03865339084398
6.75,61.16374583496264,327.6476395702357,-8.435076449385235,21.846739776200906,-1.628977652188978,27.321259311587927,-5.090555163090556,409,429,375,435,27.321259311587927,NEUTRAL,program,sensor_drive.py,function,750df67d0c33d1501e8060e5a3b5ce81e437358a154f973070c11cf1d50adae5,左壁追従（超音波のみ）,,250.0,84.09335680162619,58.47313328206646,250.0,120.13751966664158
6.8,61.004257006435935,328.7283646169796,-8.354674958427296,21.849822631784722,-1.6187417074678239,27.325524288555073,-5.05856783583695,409,429,375,435,27.325524288555073,NEUTRAL,program,sensor_drive.py,function,750df67d0c33d1501e8060e5a3b5ce81e437358a154f973070c11cf1d50adae5,左壁追従（超音波のみ）,,250.0,84.01335794397372,58.312344652060716,250.0,120.23522594837867
6.85,60.846257413048086,329.8094669143318,-8.274781046293697,21.852995335207595,-1.6082970865628101,27.329876213932163,-5.025928395508782,409,429,375,435,27.329876213932163,NEUTRAL,program,sensor_drive.py,function,750df67d0c33d1501e8060e5a3b5ce81e437358a154f973070c11cf1d50adae5,左壁追従（超音波のみ）,,250.0,83.93458004953402,58.15306596877436,250.0,120.33179713071586
6.9,60.68973750918904,330.89094728715185,-8.195404183441894,21.85625220720262,-1.597658524523914,27.334308948115037,-4.992682889137232,409,429,375,435,27.334308948115037,NEUTRAL,program,sensor_drive.py,function,750df67d0c33d1501e8060e5a3b5ce81e437358a154f973070c11cf1d50adae5,左壁追従（超音波のみ）,,250.0,83.85699007418407,57.995286376953715,250.0,120.42725720563921
6.95,60.53468762106127,331.9728063019032,-8.116553166915935,21.859587785102985,-1.5868401757720312,27.33881659342832,-4.9588755492875976,409,429,375,435,27.33881659342832,NEUTRAL,program,sensor_drive.py,function,750df67d0c33d1501e8060e5a3b5ce81e437358a154f973070c11cf1d50adae5,左壁追従（超音波のみ）,,250.0,83.78055603257741,57.83899492727986,250.0,120.52162929775571
7.0,60.381097955827556,333.0550442793675,-8.038236146824858,21.862996816292714,-1.5758556321116748,27.343393486620137,-4.924548850348984,409,429,375,435,27.343393486620137,NEUTRAL,program,sensor_drive.py,function,750df67d0c33d1501e8060e5a3b5ce81e437358a154f973070c11cf1d50adae5,左壁追従（超音波のみ）,,250.0,83.70524696609479,57.684180586271914,250.0,120.6149356984211
7.05,60.22895861042655,334.13766130689237,-7.960460651971346,21.866474251812786,-1.5647179403101006,27.348034191537458,-4.8897435634690645,409,429,375,435,27.348034191537458,NEUTRAL,program,sensor_drive.py,function,750df67d0c33d1501e8060e5a3b5ce81e437358a154f973070c11cf1d50adae5,左壁追従（超音波のみ）,,250.0,83.63103291177215,57.53083224573127,250.0,120.70719789872216
7.1,60.07825958006684,335.220657250183,-7.883233614654841,21.870015240119603,-1.553439619250629,27.352733491978906,-4.854498810158216,409,429,375,435,27.352733491978906,NEUTRAL,program,sensor_drive.py,function,750df67d0c33d1501e8060e5a3b5ce81e437358a154f973070c11cf1d50adae5,左壁追従（超音波のみ）,,250.0,83.55788487216326,57.37893873174406,250.0,120.79843662133437
7.15,59.92899076640934,336.30403176465575,-7.806561394673167,21.87361512099301,-1.5420326766671906,27.357486384722005,-4.8188521145849705,409,429,375,435,27.357486384722005,NEUTRAL,program,sensor_drive.py,function,750df67d0c33d1501e8060e5a3b5ce81e437358a154f973070c11cf1d50adae5,左壁追従（超音波のみ）,,250.0,83.4857747860978,57.22848881325802,250.0,120.88867185127896
7.2,59.78114198544797,337.387784306364,-7.730449802545422,21.87726941959094,-1.530508625467529,27.362288072721864,-4.782839454586028,409,429,375,435,27.362288072721864,NEUTRAL,program,sensor_drive.py,function,750df67d0c33d1501e8060e5a3b5ce81e437358a154f973070c11cf1d50adae5,左壁追従（超音波のみ）,,250.0,83.41467550029769,57.07947121025016,250.0,120.97792286560285
7.25,59.634702975097746,338.47191414251074,-7.65490412197849,21.88097384064816,-1.518878499651877,27.367133958478384,-4.746495311412115,409,430,375,435,27.367133958478384,NEUTRAL,program,sensor_drive.py,function,750df67d0c33d1501e8060e5a3b5ce81e437358a154f973070c11cf1d50adae5,左壁追従（超音波のみ）,,250.0,83.34456074181749,56.93187460150098,250.0,121.06620826200604
7.3,59.48966340249956,339.55642036156155,-7.579929131598448,21.884724262816356,-1.5071528698341479,27.372019637569107,-4.709852718231712,409,430,375,435,27.372019637569107,NEUTRAL,program,sensor_drive.py,function,750df67d0c33d1501e8060e5a3b5ce81e437358a154f973070c11cf1d50adae5,左壁追従（超音波のみ）,,250.0,83.27540509127655,56.78568763199017,250.0,121.15354598644188
7.35,59.346012871049915,340.6413018829683,-7.505529125967826,21.88851673314326,-1.4953418583718179,27.376940892345075,-4.672943307411931,409,430,375,435,27.376940892345075,NEUTRAL,program,sensor_drive.py,function,750df67d0c33d1501e8060e5a3b5ce81e437358a154f973070c11cf1d50adae5,左壁追従（超音波のみ）,,250.0,83.20718395685427,56.640898919928944,250.0,121.239953359715
7.4,59.20374092716456,341.72655746651765,-7.431707935908747,21.892347461688207,-1.4834551541117138,27.381893685786785,-4.635797356599106,409,430,375,435,27.381893685786785,NEUTRAL,program,sensor_drive.py,function,750df67d0c33d1501e8060e5a3b5ce81e437358a154f973070c11cf1d50adae5,左壁追従（超音波のみ）,,250.0,83.1398735490189,56.497497063442914,250.0,121.32544710310333
7.45,59.0628370667837,342.8121857213156,-7.358468948152222,21.89621281627189,-1.471502026757081,27.386874155517884,-4.598443833615878,409,430,375,435,27.386874155517884,NEUTRAL,program,sensor_drive.py,function,750df67d0c33d1501e8060e5a3b5ce81e437358a154f973070c11cf1d50adae5,左壁追従（超音波のみ）,,250.0,83.07345085596685,56.35547064691986,250.0,121.410043363029
7.5,58.9232907416268,343.89818511441894,-7.285815124331606,21.900109317357927,-1.459491340863766,27.39187860797343,-4.560910440199269,409,430,375,435,27.39187860797343,NEUTRAL,program,sensor_drive.py,function,750df67d0c33d1501e8060e5a3b5ce81e437358a154f973070c11cf1d50adae5,左壁追従（超音波のみ）,,250.0,83.00789361974438,56.21480824703538,250.0,121.49375773480567
7.55,58.78509136520464,344.98455397912613,-7.2137490193399,21.904033633064007,-1.4474315694702864,27.396903512720716,-4.523223654594645,409,430,375,435,27.396903512720716,NEUTRAL,program,sensor_drive.py,function,750df67d0c33d1501e8060e5a3b5ce81e437358a154f973070c11cf1d50adae5,左壁追従（超音波のみ）,,250.0,82.94318031303274,56.07549843846965,250.0,121.57660528548648
7.6,58.648228318595876,346.0712905229374,-7.142272799067939,21.907982574300394,-1.4353308073691766,27.40194549692951,-4.485408773028677,409,430,375,435,27.40194549692951,NEUTRAL,program,sensor_drive.py,function,750df67d0c33d1501e8060e5a3b5ce81e437358a154f973070c11cf1d50adae5,左壁追従（超音波のみ）,,249.67166244432215,82.8792901165727,55.937529799328026,250.0,121.65860057583994
7.65,58.5126909559953,347.15839283519546,-7.071388257542026,21.911953090033656,-1.4231967840249171,27.407001339989616,-4.447489950077866,409,430,375,435,27.407001339989616,NEUTRAL,program,sensor_drive.py,function,750df67d0c33d1501e8060e5a3b5ce81e437358a154f973070c11cf1d50adae5,左壁追従（超音波のみ）,,248.63065308238197,82.81620289721042,55.80089091627714,250.0,121.7397576814787
7.7,58.37846861004077,348.24585889441687,-7.0010968334769075,21.915942262673287,-1.4110368761455925,27.41206796827267,-4.4094902379549765,409,430,375,435,27.41206796827267,NEUTRAL,program,sensor_drive.py,function,750df67d0c33d1501e8060e5a3b5ce81e437358a154f973070c11cf1d50adae5,左壁追従（超音波のみ）,,247.63570410588085,82.75389918654342,55.66557038940884,250.0,121.82009021316692
7.75,58.24555059692538,349.3336865753241,-6.931399626261992,21.91994730357937,-1.398858119913142,27.41714245003619,-4.371431624728569,409,430,375,435,27.41714245003619,NEUTRAL,program,sensor_drive.py,function,750df67d0c33d1501e8060e5a3b5ce81e437358a154f973070c11cf1d50adae5,左壁追従（超音波のみ）,,246.6914902897035,82.69236016015205,55.53155683684285,250.0,121.89961133633183
7.8,58.113926221301625,350.42187365558897,-6.862297411396014,21.923965548688916,-1.3866672228795471,27.422221990466856,-4.333335071498585,409,430,375,435,27.422221990466856,NEUTRAL,program,sensor_drive.py,function,750df67d0c33d1501e8060e5a3b5ce81e437358a154f973070c11cf1d50adae5,左壁追従（超音波のみ）,,245.80795575052818,82.63156761739626,55.39883889907925,250.0,121.97833378980418
7.85,57.98358478098366,351.5104178222956,-6.793790655386516,21.927994454258947,-1.37447057553415,27.42730392686077,-4.2952205485442185,409,430,375,435,27.42730392686077,NEUTRAL,program,sensor_drive.py,function,750df67d0c33d1501e8060e5a3b5ce81e437358a154f973070c11cf1d50adae5,左壁追従（超音波のみ）,,245.00622431194552,82.57150396176431,55.26740524311145,250.0,122.05626990381225
7.9,57.85451557145401,352.59931667813345,-6.725879530129504,21.9320315927242,-1.362274262548475,27.432385723938136,-4.257107070463984,409,430,375,435,27.432385723938136,NEUTRAL,program,sensor_drive.py,function,750df67d0c33d1501e8060e5a3b5ce81e437358a154f973070c11cf1d50adae5,左壁追従（超音波のみ）,,244.34131262914275,82.5121521817571,55.13724456630954,250.0,122.13343161725433
7.95,57.72670789018065,353.68856774732905,-6.658563926784012,21.936074648667386,-1.3500840737048703,27.43746496928964,-4.219012730327719,409,430,375,435,27.43746496928964,NEUTRAL,program,sensor_drive.py,function,750df67d0c33d1501e8060e5a3b5ce81e437358a154f973070c11cf1d50adae5,左壁追従（超音波のみ）,,243.22784608284533,82.45349583229341,55.00834560008406,250.0,122.20983049427248
8.0,57.600237438435784,354.7779098897137,-6.585993412364587,21.931286287801054,-1.4555186989357924,27.39353387544342,-4.548495934174351,409,430,375,435,27.39353387544342,NEUTRAL,program,sensor_drive.py,function,750df67d0c33d1501e8060e5a3b5ce81e437358a154f973070c11cf1d50adae5,左壁追従（超音波のみ）,,242.09560235106332,82.10769636080423,54.88069711333965,250.0,122.28547774015242
8.05,57.47543844930804,355.866398704462,-6.495203564976805,21.90001372718197,-1.8224413661512842,27.240649430770297,-5.695129269222763,409,429,375,435,27.240649430770297,NEUTRAL,program,sensor_drive.py,function,750df67d0c33d1501e8060e5a3b5ce81e437358a154f973070c11cf1d50adae5,左壁追従（超音波のみ）,,240.96122080434506,81.13397212325032,54.754989932788455,250.0,122.3538276405073
8.1,57.35272518894582,356.95310367534273,-6.390158569135593,21.85402092409029,-2.11221486995359,27.11991047085267,-6.600671468604968,408,428,375,435,27.11991047085267,NEUTRAL,program,sensor_drive.py,function,750df67d0c33d1501e8060e5a3b5ce81e437358a154f973070c11cf1d50adae5,左壁追従（超音波のみ）,,239.81920195769732,80.36041671431596,54.63295362261644,250.0,122.40028569269376
8.15,57.23234735424266,358.03767270575196,-6.276674113587148,21.805284459220562,-2.2867168962721185,27.04720129321995,-7.14599030085037,408,427,375,435,27.04720129321995,NEUTRAL,program,sensor_drive.py,function,750df67d0c33d1501e8060e5a3b5ce81e437358a154f973070c11cf1d50adae5,左壁追従（超音波のみ）,,238.67295344625165,79.86787297403627,54.51465815968856,250.0,122.42893738660248
8.2,57.11424836650473,359.12068089967414,-6.17003176022277,21.77761139770858,-2.1525303309906723,27.10311236208722,-6.726657284345851,408,427,375,435,27.10311236208722,NEUTRAL,program,sensor_drive.py,function,750df67d0c33d1501e8060e5a3b5ce81e437358a154f973070c11cf1d50adae5,左壁追従（超音波のみ）,,237.52608292729994,80.10243296741181,54.399795113505355,250.0,122.44604478079681
8.25,56.99761551928556,360.20498698241056,-6.111215513610773,21.83325036903376,-1.1264999938959488,27.530625002543356,-3.52031248092484,409,431,375,435,27.530625002543356,NEUTRAL,program,sensor_drive.py,function,750df67d0c33d1501e8060e5a3b5ce81e437358a154f973070c11cf1d50adae5,左壁追従（超音波のみ）,,236.3855158436093,82.50703823612328,54.2866688837679,250.0,122.46836942412286
8.3,56.88178439430308,361.29181651249155,-6.055691063466298,21.877028464149404,-1.1174750270779255,27.5343854053842,-3.4921094596185167,409,431,375,435,27.5343854053842,NEUTRAL,program,sensor_drive.py,function,750df67d0c33d1501e8060e5a3b5ce81e437358a154f973070c11cf1d50adae5,左壁追従（超音波のみ）,,235.26725073481717,82.4483230038802,54.16987418095548,250.0,122.54100383098154
8.35,56.766804388284456,362.38065236586954,-6.000385431012518,21.911416907313438,-1.1111357592642161,27.537026766973245,-3.4722992477006756,409,431,375,435,27.537026766973245,NEUTRAL,program,sensor_drive.py,function,750df67d0c33d1501e8060e5a3b5ce81e437358a154f973070c11cf1d50adae5,左壁追従（超音波のみ）,,234.14847565406518,82.38310565813265,54.053544345666104,250.0,122.6163009735191
8.4,56.6527169954358,363.47109042467713,-5.945327900073892,21.938543561796077,-1.1046393380800066,27.539733609133332,-3.4519979315000207,409,431,375,435,27.539733609133332,NEUTRAL,program,sensor_drive.py,function,750df67d0c33d1501e8060e5a3b5ce81e437358a154f973070c11cf1d50adae5,左壁追従（超音波のみ）,,233.02824673225635,82.31873272905996,53.938068600850706,250.0,122.69087583221535
8.45,56.53955254606917,364.5628177983183,-5.890542267908927,21.96005589163445,-1.097997246809266,27.542501147162806,-3.4312413962789563,409,431,375,435,27.542501147162806,NEUTRAL,program,sensor_drive.py,function,750df67d0c33d1501e8060e5a3b5ce81e437358a154f973070c11cf1d50adae5,左壁追従（超音波のみ）,,231.90697664779296,82.25520837028688,53.823487919954744,250.0,122.76471208343432
8.5,56.42733277659511,365.6555922338231,-5.836048003553856,21.977229276757,-1.0912202758363407,27.54532488506819,-3.4100633619885645,409,431,375,435,27.54532488506819,NEUTRAL,program,sensor_drive.py,function,750df67d0c33d1501e8060e5a3b5ce81e437358a154f973070c11cf1d50adae5,左壁追従（超音波のみ）,,230.78498310334717,82.19253074442504,53.70983209750266,250.0,122.83780038561405
8.55,56.31607280585116,366.7492261669925,-5.781861147358342,21.991050913621926,-1.0843185828342803,27.548200590485717,-3.388495571357126,409,431,375,435,27.548200590485717,NEUTRAL,program,sensor_drive.py,function,750df67d0c33d1501e8060e5a3b5ce81e437358a154f973070c11cf1d50adae5,左壁追従（超音波のみ）,,229.6625102633634,82.13069361351329,53.597122330649285,250.0,122.910136644734
8.6,56.20578265490355,367.8435743686911,-5.727995009971323,22.00228480384894,-1.0773017474232194,27.551124271906993,-3.3665679606975605,409,431,375,435,27.551124271906993,NEUTRAL,program,sensor_drive.py,function,750df67d0c33d1501e8060e5a3b5ce81e437358a154f973070c11cf1d50adae5,左壁追従（超音波のみ）,,228.53974535518208,82.06968754464538,53.485373203924915,249.7477766453467,122.98172069085331
8.65,56.09646841586435,368.93852437622076,-5.6744607159659495,22.011522093298126,-1.070178820077602,27.554092158301,-3.344308812742506,409,431,375,435,27.554092158301,NEUTRAL,program,sensor_drive.py,function,750df67d0c33d1501e8060e5a3b5ce81e437358a154f973070c11cf1d50adae5,左壁追従（超音波のみ）,,227.41683152513187,82.00950082273877,53.37459421511119,248.6577883602246,123.05255526905997
8.7,55.98813315091537,370.0339890822132,-5.62126762713612,22.019220063447197,-1.0629583654585786,27.557100681058927,-3.3217448920580583,409,431,375,435,27.557100681058927,NEUTRAL,program,sensor_drive.py,function,750df67d0c33d1501e8060e5a3b5ce81e437358a154f973070c11cf1d50adae5,左壁追従（超音波のみ）,,226.2938777947114,81.95012014050035,53.26479094838527,247.5657717033179,123.12264527083487
8.75,55.880777583976915,371.12990099486825,-5.568423672611289,22.025732332780876,-1.0556485005726586,27.560146458094724,-3.298901564289558,409,431,375,435,27.560146458094724,NEUTRAL,program,sensor_drive.py,function,750df67d0c33d1501e8060e5a3b5ce81e437358a154f973070c11cf1d50adae5,左壁追従（超音波のみ）,,225.17096677128262,81.89153111894007,53.15596597636867,246.47180199027636,123.1919971492046
8.8,55.774400633024776,372.2262077928993,-5.515935606816299,22.031332249459886,-1.0482569282688063,27.563226279887996,-3.27580290084002,409,431,375,435,27.563226279887996,NEUTRAL,program,sensor_drive.py,function,750df67d0c33d1501e8060e5a3b5ce81e437358a154f973070c11cf1d50adae5,左壁追従（超音波のみ）,,224.04816062001785,81.83371869904522,53.04811955384986,245.37593632284575,123.26061847436358
8.85,55.668999819952184,373.3228688834094,-5.463809211556111,22.03623100999599,-1.040790966622274,27.56633709724072,-3.2524717706946067,409,431,375,435,27.56633709724072,NEUTRAL,program,sensor_drive.py,function,750df67d0c33d1501e8060e5a3b5ce81e437358a154f973070c11cf1d50adae5,左壁追従（超音波のみ）,,222.92550568947442,81.77666743552614,52.94125015143186,244.2782178845923,123.3285175966293
8.9,55.564571586332484,374.41985273666046,-5.412049454825137,22.040591692752216,-1.033257574743648,27.56947601052348,-3.2289299210739006,409,431,375,435,27.56947601052348,NEUTRAL,program,sensor_drive.py,function,750df67d0c33d1501e8060e5a3b5ce81e437358a154f973070c11cf1d50adae5,左壁追従（超音波のみ）,,221.80303609461265,81.72036171615495,52.835354866185945,243.17867926394916,123.39570339139101
8.95,55.46111153687027,375.51713482262846,-5.360660616090172,22.044540127136717,-1.0256633755153444,27.57264026020194,-3.2051980484854514,409,431,375,435,27.57264026020194,NEUTRAL,program,sensor_drive.py,function,750df67d0c33d1501e8060e5a3b5ce81e437358a154f973070c11cf1d50adae5,左壁追従（超音波のみ）,,220.68077649249742,81.66478592459637,52.730429737805316,242.0773450233136,123.4621850666731
9.0,55.35861462728035,376.61469601369566,-5.309646385587513,22.04817331179701,-1.018014675708514,27.575827218454787,-3.1812958615891063,409,431,375,435,27.575827218454787,NEUTRAL,program,sensor_drive.py,function,750df67d0c33d1501e8060e5a3b5ce81e437358a154f973070c11cf1d50adae5,左壁追従（超音波のみ）,,219.55874423282492,81.60992456034775,52.62646999214966,240.97423368376565,123.52797201849485
9.05,55.257075309454265,377.7125213483941,-5.259009943465685,22.05156593434039,-1.0103174838787516,27.579034381717186,-3.1572421371210986,409,431,375,435,27.579034381717186,NEUTRAL,program,sensor_drive.py,function,750df67d0c33d1501e8060e5a3b5ce81e437358a154f973070c11cf1d50adae5,左壁追従（超音波のみ）,,218.43695102430084,81.55576232614979,52.523470228997375,239.86935925686936,123.59307372269754
9.1,55.1564876437924,378.81059907479647,-5.20875402328204,22.054775420562624,-1.002577526385178,27.582259364006177,-3.133054769953681,409,431,375,435,27.582259364006177,NEUTRAL,program,sensor_drive.py,function,750df67d0c33d1501e8060e5a3b5ce81e437358a154f973070c11cf1d50adae5,左壁追従（超音波のみ）,,217.31540422606628,81.50228419074955,52.42142456692297,238.7627324254825,123.65749965457593
9.15,55.056845386289346,379.9089199104949,-5.1588809633386745,22.057845844694974,-0.9948002618259215,27.585499890905865,-3.108750818206005,409,431,375,435,27.585499890905865,NEUTRAL,program,sensor_drive.py,function,750df67d0c33d1501e8060e5a3b5ce81e437358a154f973070c11cf1d50adae5,左壁追従（超音波のみ）,,216.19410784871644,81.44947543301365,52.3203267552213,237.65436145259633,123.72125922969148
9.2,54.95814205620044,381.0074764703165,-5.109392748551699,22.060810957451356,-0.9869908941377338,27.588753794109277,-3.084346544180418,409,431,375,435,27.588753794109277,NEUTRAL,program,sensor_drive.py,function,750df67d0c33d1501e8060e5a3b5ce81e437358a154f973070c11cf1d50adae5,左壁追従（超音波のみ）,,215.07306333037505,81.39732167195261,52.22017026049904,236.54425287947498,123.78436176080366
9.25,54.86037098876572,382.10626282393764,-5.0602910449367755,22.063696530773733,-0.9791543845663335,27.592019006430693,-3.0598574517697923,409,431,375,435,27.592019006430693,NEUTRAL,program,sensor_drive.py,function,750df67d0c33d1501e8060e5a3b5ce81e437358a154f973070c11cf1d50adae5,左壁追従（超音波のみ）,,213.95227013851482,81.34580888612672,52.12094833378584,235.4324120606021,123.81660100077457
9.3,54.76352537642959,383.20527415408424,-5.011577228319879,22.06652217333685,-0.9712954626797773,27.59529355721676,-3.035298320874304,409,431,375,435,27.59529355721676,NEUTRAL,program,sensor_drive.py,function,750df67d0c33d1501e8060e5a3b5ce81e437358a154f973070c11cf1d50adae5,左壁追従（超音波のみ）,,212.8317262367696,81.29492342507093,52.02265406266018,234.3188435722626,122.93474371401747
9.35,54.66759830119681,384.30450649261206,-4.963252408519537,22.06930273614368,-0.9634186365657479,27.598575568097605,-3.010683239267962,409,431,375,435,27.598575568097605,NEUTRAL,program,sensor_drive.py,function,750df67d0c33d1501e8060e5a3b5ce81e437358a154f973070c11cf1d50adae5,左壁追従（超音波のみ）,,211.71142844713196,81.244652014748,51.925280411842024,233.2035515233213,122.41951861903601
9.4,54.57258276015362,385.40395651688124,-4.915317449961293,22.072049400641344,-0.9555282023312549,27.601863249028643,-2.9860256322851715,409,431,375,435,27.601863249028643,NEUTRAL,program,sensor_drive.py,function,750df67d0c33d1501e8060e5a3b5ce81e437358a154f973070c11cf1d50adae5,左壁追従（超音波のみ）,,210.59137273106984,81.19498175855027,51.82882025490378,232.08653979033707,122.24279870095006
9.45,54.47847168571217,386.50362139280173,-4.867772989471206,22.074770520950302,-0.9476282529987042,27.605154894583873,-2.961338290620951,409,431,375,435,27.605154894583873,NEUTRAL,program,sensor_drive.py,function,750df67d0c33d1501e8060e5a3b5ce81e437358a154f973070c11cf1d50adae5,左壁追従（超音波のみ）,,209.47155440778855,81.14590013501422,51.73326639913622,230.96781219418148,122.59600984534578
9.5,54.385257961775636,387.60349865399843,-4.82061945182366,22.07747227565927,-0.9397226868786993,27.608448880467208,-2.9366333964959352,409,431,375,435,27.608448880467208,NEUTRAL,program,sensor_drive.py,function,750df67d0c33d1501e8060e5a3b5ce81e437358a154f973070c11cf1d50adae5,左壁追従（超音波のみ）,,208.3519683237512,81.09739499312248,51.638611605133875,229.84737263146576,250.0
9.55,54.292934436744204,388.70358610892305,-4.773857063491505,22.080159172136767,-0.9318152154828334,27.611743660215485,-2.9119225483838544,409,431,375,435,27.611743660215485,NEUTRAL,program,sensor_drive.py,function,750df67d0c33d1501e8060e5a3b5ce81e437358a154f973070c11cf1d50adae5,左壁追従（超音波のみ）,,207.2326089843911,81.04945454586387,51.544848602301705,228.72522517109707,250.0
9.6,54.201493934068985,389.80388176958445,-4.727485864944214,22.082834436626882,-0.9239093710301205,27.615037762070784,-2.8872167844691266,409,431,375,435,27.615037762070784,NEUTRAL,program,sensor_drive.py,function,750df67d0c33d1501e8060e5a3b5ce81e437358a154f973070c11cf1d50adae5,左壁追従（超音波のみ）,,206.11347065648468,81.00206736255505,51.4519701012069,227.60137412395605,250.0
9.65,54.11092926089776,390.90438379699435,-4.681505721764296,22.085500315896216,-0.91600851358954,27.61832978600436,-2.8625266049673126,409,431,375,435,27.61832978600436,NEUTRAL,program,sensor_drive.py,function,750df67d0c33d1501e8060e5a3b5ce81e437358a154f973070c11cf1d50adae5,左壁追従（超音波のみ）,,204.99454744774323,80.95522236030853,51.359968803485614,226.4758240918983,250.0
9.7,54.02123321523078,392.0050904595336,-4.635916334791091,22.088158310389524,-0.9081158378954666,27.62161840087689,-2.837861993423333,409,432,375,435,27.62161840087689,NEUTRAL,program,sensor_drive.py,function,750df67d0c33d1501e8060e5a3b5ce81e437358a154f973070c11cf1d50adae5,左壁追従（超音波のみ）,,203.8758333687091,80.90890879493362,51.26883740985044,225.34858000087686,250.0
9.75,53.93239859190858,393.1060001012983,-4.590717249455793,22.090809354351673,-0.9002343798646347,27.624902341723068,-2.8132324370769837,409,432,375,435,27.624902341723068,NEUTRAL,program,sensor_drive.py,function,750df67d0c33d1501e8060e5a3b5ce81e437358a154f973070c11cf1d50adae5,左壁追従（超音波のみ）,,202.75732238089273,80.86311625149008,51.17856862661846,224.2196471219099,250.0
9.8,53.844418187679686,394.2071111181509,-4.545907864435236,22.093453954888215,-0.8923670228398538,27.62818040715006,-2.788646946374543,409,432,375,435,27.62818040715006,NEUTRAL,program,sensor_drive.py,function,750df67d0c33d1501e8060e5a3b5ce81e437358a154f973070c11cf1d50adae5,左壁追従（超音波のみ）,,201.63900843420663,80.81783463465649,51.08915517108307,223.08903108277374,250.0
9.85,53.75728480553939,395.30842193971387,-4.501487439725679,22.096092299237124,-0.8845165035805109,27.631451456841454,-2.764114073689097,409,432,375,435,27.631451456841454,NEUTRAL,program,sensor_drive.py,function,750df67d0c33d1501e8060e5a3b5ce81e437358a154f973070c11cf1d50adae5,左壁追従（超音波のみ）,,200.5208854960614,80.77305415903672,51.000589775978284,221.95673787265318,250.0
9.9,53.670991258487,396.40993101594177,-4.457455104215256,22.098724337433424,-0.8766854180177046,27.63471440915929,-2.739641931305327,409,432,375,435,27.63471440915929,NEUTRAL,program,sensor_drive.py,function,750df67d0c33d1501e8060e5a3b5ce81e437358a154f973070c11cf1d50adae5,左壁追従（超音波のみ）,,199.40294757396097,80.72876533949415,50.912865193227226,220.822773841473,250.0
9.95,53.58553037281562,397.51163680721686,-4.4138098628179705,22.101349845928695,-0.8688762267885386,27.63796823883811,-2.715238208714183,409,432,375,435,27.63796823883811,NEUTRAL,program,sensor_drive.py,function,750df67d0c33d1501e8060e5a3b5ce81e437358a154f973070c11cf1d50adae5,左壁追従（超音波のみ）,,198.28518873302323,80.68495898158113,50.8259741971229,219.68714569524985,250.0
10.0,53.50089499102251,398.6135377771502,-4.370550603220039,22.103968476473195,-0.8610912605619825,27.64121197476584,-2.6909101892561953,409,432,375,435,27.64121197476584,NEUTRAL,program,sensor_drive.py,function,750df67d0c33d1501e8060e5a3b5ce81e437358a154f973070c11cf1d50adae5,左壁追従（超音波のみ）,,197.16760310952924,80.64162617211338,50.73990958705555,218.54986048849293,250.0
10.05,53.417077974408706,399.7156323874581,-4.327676102277991,22.10657979359654,-0.8533327251681061,27.644444697846623,-2.6666647661503315,409,432,375,435,27.644444697846623,NEUTRAL,program,sensor_drive.py,function,750df67d0c33d1501e8060e5a3b5ce81e437358a154f973070c11cf1d50adae5,左壁追従（超音波のみ）,,196.0501849213638,80.59875826992197,50.65466418987468,217.41092561445276,250.0
10.1,53.334072205420824,400.8179190944241,-4.285185032101879,22.109183303270548,-0.8456027065393829,27.647665538941922,-2.6425084579355715,409,432,375,435,27.647665538941922,NEUTRAL,program,sensor_drive.py,function,750df67d0c33d1501e8060e5a3b5ce81e437358a154f973070c11cf1d50adae5,左壁追従（超音波のみ）,,194.93292847601256,80.55634689681085,50.57023086195495,216.27034879382995,250.0
10.15,53.2518705897769,401.9203963465691,-4.2430759658504655,22.111778474754814,-0.837903175473217,27.65087367688616,-2.6184474233538033,409,432,375,435,27.65087367688616,NEUTRAL,program,sensor_drive.py,function,750df67d0c33d1501e8060e5a3b5ce81e437358a154f973070c11cf1d50adae5,左壁追従（超音波のみ）,,193.81582817663647,80.51438392873429,50.48660249101851,215.12813806242,250.0
10.2,53.17046605840852,403.02306258323813,-4.201347383259929,22.114364757174258,-0.8302359922235951,27.654068336573502,-2.5944874756987346,409,432,375,435,27.654068336573502,NEUTRAL,program,sensor_drive.py,function,750df67d0c33d1501e8060e5a3b5ce81e437358a154f973070c11cf1d50adae5,左壁追従（超音波のみ）,,192.69887852662973,80.4728614872054,50.403771997755996,213.98430175805396,250.0
10.25,53.08985156924518,404.1259162338788,-4.1599976759254105,22.116941592028176,-0.8226029109280921,27.657248787113296,-2.570634096650288,409,432,375,435,27.657248787113296,NEUTRAL,program,sensor_drive.py,function,750df67d0c33d1501e8060e5a3b5ce81e437358a154f973070c11cf1d50adae5,左壁追従（超音波のみ）,,191.58207413297472,80.43177193094358,50.32173233727813,212.8388485071177,250.0
10.3,53.01002010886075,405.22895571783624,-4.119025152350929,22.11950842255952,-0.8150055838773096,27.660414340051123,-2.5468924496165926,409,432,375,435,27.660414340051123,NEUTRAL,program,sensor_drive.py,function,750df67d0c33d1501e8060e5a3b5ce81e437358a154f973070c11cf1d50adae5,左壁追従（超音波のみ）,,190.46540970864214,80.39110784776224,50.240476500423874,211.69178721085785,250.0
10.35,52.930964693998725,406.3321794445329,-4.078428042780871,22.122064700703394,-0.8074455656324563,27.663564347653143,-2.5232673926014257,409,432,375,435,27.663564347653143,NEUTRAL,program,sensor_drive.py,function,750df67d0c33d1501e8060e5a3b5ce81e437358a154f973070c11cf1d50adae5,左壁追従（超音波のみ）,,189.34888007422975,80.35086204669777,50.15999751494504,210.54312703164052,250.0
10.4,52.85267837298883,407.4355858139286,-4.038204503825739,22.12460989217133,-0.7999243169962955,27.666698201251542,-2.4997634906134234,409,432,375,435,27.666698201251542,NEUTRAL,program,sensor_drive.py,function,750df67d0c33d1501e8060e5a3b5ce81e437358a154f973070c11cf1d50adae5,左壁追従（超音波のみ）,,188.23248015898974,80.31102755037945,50.080288446583715,209.39287737928242,250.0
10.45,52.77515422706581,408.53917321718166,-3.9983526228915593,22.127143480102088,-0.7924432088432263,27.669815329648657,-2.4763850276350823,409,432,375,435,27.669815329648657,NEUTRAL,program,sensor_drive.py,function,750df67d0c33d1501e8060e5a3b5ce81e437358a154f973070c11cf1d50adae5,左壁追従（超音波のみ）,,187.11620500136502,80.27159758763545,50.00134240005503,208.24104789754603,250.0
10.5,52.69838537159894,409.64294003745164,-3.958870422423388,22.12966496761224,-0.7850035258124644,27.67291519757814,-2.453136018163951,409,432,375,435,27.67291519757814,NEUTRAL,program,sensor_drive.py,function,750df67d0c33d1501e8060e5a3b5ce81e437358a154f973070c11cf1d50adae5,左壁追従（超音波のみ）,,186.00004974912795,80.23256558633398,49.9231525199458,207.087648450869,250.0
10.55,52.62236495723948,410.7468846507961,-3.9197558639704084,22.132173879504354,-0.7776064698701651,27.675997304220765,-2.430020218344266,409,432,375,435,27.675997304220765,NEUTRAL,program,sensor_drive.py,function,750df67d0c33d1501e8060e5a3b5ce81e437358a154f973070c11cf1d50adae5,左壁追従（超音波のみ）,,184.8840096591963,80.19392516645188,49.84571199153763,205.932689111376,250.0
10.6,52.54708617099209,411.8510054271264,-3.881006852080958,22.134669763332287,-0.7702531637435897,27.679061181773505,-2.4070411366987177,409,432,375,435,27.679061181773505,NEUTRAL,program,sensor_drive.py,function,750df67d0c33d1501e8060e5a3b5ce81e437358a154f973070c11cf1d50adae5,左壁追従（超音波のみ）,,183.7680800971847,80.1556701333691,49.769014041561135,204.77618014620813,250.0
10.65,52.47254223721523,412.9553007311961,-3.8426212380343827,22.137152189977623,-0.7629446542326218,27.68210639406974,-2.384202044476943,409,432,375,435,27.68210639406974,NEUTRAL,program,sensor_drive.py,function,750df67d0c33d1501e8060e5a3b5ce81e437358a154f973070c11cf1d50adae5,左壁追従（超音波のみ）,,182.65225653674048,80.1177944713811,49.69305193888763,203.6181320051973,250.0
10.7,52.39872641855526,414.05976892360144,-3.804596823416432,22.13962075385639,-0.7556819154019888,27.68513253524917,-2.361505985631215,409,432,375,435,27.68513253524917,NEUTRAL,program,sensor_drive.py,function,750df67d0c33d1501e8060e5a3b5ce81e437358a154f973070c11cf1d50adae5,左壁追従（超音波のみ）,,181.5365345586998,80.08029233742512,49.61781899516231,202.45855530889975,250.0
10.75,52.32563201681776,415.16440836177856,-3.766931363544103,22.142075072848044,-0.7484658516585319,27.688139228475613,-2.338955786432912,409,432,375,435,27.688139228475613,NEUTRAL,program,sensor_drive.py,function,750df67d0c33d1501e8060e5a3b5ce81e437358a154f973070c11cf1d50adae5,左壁追従（超音波のみ）,,180.42090985009648,80.04315805501422,49.54330856538426,201.29746083699874,250.0
10.8,52.253252373779624,416.2692174009869,-3.729622570746642,22.144514788017688,-0.7412973007167352,27.69112612470136,-2.3165540647397975,409,432,375,435,27.69112612470136,NEUTRAL,program,sensor_drive.py,function,750df67d0c33d1501e8060e5a3b5ce81e437358a154f973070c11cf1d50adae5,左壁追従（超音波のみ）,,179.30537820304767,80.00638610837429,49.46951404843597,200.1348595170846,250.0
10.85,52.18158087194519,417.3741943952698,-3.6926681175069405,22.146939563186134,-0.7341770364571658,27.694092901476182,-2.2943032389286433,409,432,375,435,27.694092901476182,NEUTRAL,program,sensor_drive.py,function,750df67d0c33d1501e8060e5a3b5ce81e437358a154f973070c11cf1d50adae5,左壁追従（超音波のみ）,,178.18993551353662,79.96997113677585,49.39642888756581,198.9707624138079,250.0
10.9,52.110610935248836,418.47933769838676,-3.656065639469915,22.149349084390064,-0.7271057716799874,27.697039261800004,-2.2722055364999605,409,432,375,435,27.697039261800004,NEUTRAL,program,sensor_drive.py,function,750df67d0c33d1501e8060e5a3b5ce81e437358a154f973070c11cf1d50adae5,左壁追従（超音波のみ）,,177.0745777801103,79.93390792905892,49.3240465708267,197.8051807184108,250.0
10.95,52.04033602970686,419.58464566471395,-3.619812738321855,22.151743059264493,-0.7200841607580912,27.699964933017462,-2.250263002369035,409,432,375,435,27.699964933017462,NEUTRAL,program,sensor_drive.py,function,750df67d0c33d1501e8060e5a3b5ce81e437358a154f973070c11cf1d50adae5,左壁追従（超音波のみ）,,175.959301102505,79.89819141834177,49.25236063147288,196.63812573862694,250.0
11.0,51.970749664020836,420.6901166501085,-3.583906984546246,22.154121216372467,-0.7131128021925031,27.702869665753123,-2.228477506851572,409,432,375,435,27.702869665753123,NEUTRAL,program,sensor_drive.py,function,750df67d0c33d1501e8060e5a3b5ce81e437358a154f973070c11cf1d50adae5,左壁追従（超音波のみ）,,174.8441016802122,79.86281667691037,49.18136464831746,195.46960888894952,250.0
11.05,51.901845390134824,421.79574901273725,-3.5483459200605694,22.156483304500963,-0.7061922410734229,27.705753232886074,-2.2068507533544466,409,432,375,435,27.705753232886074,NEUTRAL,program,sensor_drive.py,function,750df67d0c33d1501e8060e5a3b5ce81e437358a154f973070c11cf1d50adae5,左壁追従（超音波のみ）,,173.72897581099502,79.8277789112823,49.1110522460527,194.2996416812572,250.0
11.1,51.8336168037482,422.9015411138664,-3.5131270607380713,22.158829091937363,-0.6993229714502854,27.708615428562382,-2.185384285782142,409,432,375,435,27.708615428562382,NEUTRAL,program,sensor_drive.py,function,750df67d0c33d1501e8060e5a3b5ce81e437358a154f973070c11cf1d50adae5,左壁追従（超音波のみ）,,172.613919889363,79.7930734574393,49.041417095535046,193.1282357157926,250.0
11.15,51.766057544786364,424.00749131861454,-3.478247898819319,22.161158365737673,-0.6925054386133211,27.71145606724445,-2.1640794956666287,409,432,375,435,27.71145606724445,NEUTRAL,program,sensor_drive.py,function,750df67d0c33d1501e8060e5a3b5ce81e437358a154f973070c11cf1d50adae5,左壁追従（超音波のみ）,,171.49893040501337,79.75869577622478,48.97245291403663,191.9554026724852,250.0
11.2,51.69916129783092,425.1135979966667,-3.443705905217371,22.163470930994606,-0.6857400412898255,27.714274982795907,-2.1429376290307047,409,432,375,435,27.714274982795907,NEUTRAL,program,sensor_drive.py,function,750df67d0c33d1501e8060e5a3b5ce81e437358a154f973070c11cf1d50adae5,左壁追従（超音波のみ）,,170.3840039412445,79.72464144890012,48.90415346546493,190.78115430260905,250.0
11.25,51.6329217925112,426.2198595229513,-3.409498531720544,22.16576661011183,-0.6790271337581987,27.71707202760075,-2.121959792994371,409,432,375,435,27.71707202760075,NEUTRAL,program,sensor_drive.py,function,750df67d0c33d1501e8060e5a3b5ce81e437358a154f973070c11cf1d50adae5,左壁追従（超音波のみ）,,169.26913717334764,79.69090617285475,48.83651256055225,189.6055024207682,250.0
11.3,51.56730065878033,427.3263901682403,-3.378231510024193,22.171938860402854,-0.6205351930155746,27.741443669576842,-1.9391724781736706,409,432,375,435,27.741443669576842,NEUTRAL,program,sensor_drive.py,function,750df67d0c33d1501e8060e5a3b5ce81e437358a154f973070c11cf1d50adae5,左壁追従（超音波のみ）,,168.15432686698233,79.65748575746653,48.591440881215526,188.42845889720013,250.0
11.35,51.50209190467325,428.4338572363829,-3.361251252048021,22.19803976280983,-0.3367282872480527,27.85969654697998,-1.0522758976501647,409,433,375,435,27.85969654697998,NEUTRAL,program,sensor_drive.py,function,750df67d0c33d1501e8060e5a3b5ce81e437358a154f973070c11cf1d50adae5,左壁追従（超音波のみ）,,167.03994277841912,79.6176886335397,47.55996688317578,187.24537013642515,250.0
11.4,51.43706897917514,429.54274498088523,-3.3504795427066085,22.227527501090904,-0.2133400314203496,27.91110832024152,-0.6666875981885925,409,434,375,435,27.91110832024152,NEUTRAL,program,sensor_drive.py,function,750df67d0c33d1501e8060e5a3b5ce81e437358a154f973070c11cf1d50adae5,左壁追従（超音波のみ）,,165.9273906817661,79.54228478150897,47.034363258049204,186.03592671893603,250.0
11.45,51.3721881912275,430.6528881865552,-3.339056556711654,22.249419931653243,-0.22598552927132487,27.905839362803615,-0.7062047789728902,409,434,375,435,27.905839362803615,NEUTRAL,program,sensor_drive.py,function,750df67d0c33d1501e8060e5a3b5ce81e437358a154f973070c11cf1d50adae5,左壁追従（超音波のみ）,,164.81460974439815,79.45138910326749,46.96110433537519,184.8138729226367,250.0
11.5,51.307667690211204,431.76329095273513,-3.31186423634432,22.24295296702414,-0.5378284180397824,27.775904825816756,-1.68071380637432,409,433,375,435,27.775904825816756,NEUTRAL,program,sensor_drive.py,function,750df67d0c33d1501e8060e5a3b5ce81e437358a154f973070c11cf1d50adae5,左壁追従（超音波のみ）,,163.70048353695998,79.36235643340858,47.92092377003612,183.59130438919104,250.0
11.55,51.243794169003905,432.87306986121916,-3.2762050673633496,22.225333193317546,-0.7056954716282803,27.705960220154882,-2.205298348838376,409,432,375,435,27.705960220154882,NEUTRAL,program,sensor_drive.py,function,750df67d0c33d1501e8060e5a3b5ce81e437358a154f973070c11cf1d50adae5,左壁追従（超音波のみ）,,162.58329527221645,79.31395653379627,48.43168882400087,182.39502829255665,250.0
11.6,51.18067270359681,433.9820619906435,-3.2390722756046557,22.209452558913448,-0.7354033757702609,27.69358192676239,-2.2981355492820654,409,432,375,435,27.69358192676239,NEUTRAL,program,sensor_drive.py,function,750df67d0c33d1501e8060e5a3b5ce81e437358a154f973070c11cf1d50adae5,左壁追従（超音波のみ）,,161.46533858451434,79.18766267595423,48.36734412735205,181.21326205071264,250.0
11.65,51.118532727118954,435.0895921727802,-3.1835598444981485,22.169699652355632,-1.1008328915361978,27.541319628526583,-3.440102786050618,409,431,375,435,27.541319628526583,NEUTRAL,program,sensor_drive.py,function,750df67d0c33d1501e8060e5a3b5ce81e437358a154f973070c11cf1d50adae5,左壁追従（超音波のみ）,,160.34806265603515,78.2003400908239,48.30398061970303,180.0341972432657,250.0
11.7,51.05774638711966,436.1947809761602,-3.112731159301063,22.115867692300647,-1.4075119275110195,27.41353669687041,-4.398474773471936,409,430,375,435,27.41353669687041,NEUTRAL,program,sensor_drive.py,function,750df67d0c33d1501e8060e5a3b5ce81e437358a154f973070c11cf1d50adae5,左壁追従（超音波のみ）,,159.22928888213457,77.38138599824947,48.24394600006143,178.88694811413055,250.0
11.75,50.99858296890327,437.2972276545945,-3.030995572196872,22.057581580443248,-1.6283014625960335,27.321541057251654,-5.088442070612604,409,429,375,435,27.321541057251654,NEUTRAL,program,sensor_drive.py,function,750df67d0c33d1501e8060e5a3b5ce81e437358a154f973070c11cf1d50adae5,左壁追従（超音波のみ）,,158.11062135749575,76.7895689802706,48.18728888138207,177.7670352213118,250.0
11.8,50.941148114467495,438.39714487030125,-2.947251974244921,22.009129893043525,-1.6722439704195773,27.303231678991843,-5.225762407561179,409,429,375,435,27.303231678991843,NEUTRAL,program,sensor_drive.py,function,750df67d0c33d1501e8060e5a3b5ce81e437358a154f973070c11cf1d50adae5,左壁追従（超音波のみ）,,156.99337797585198,76.63987887734457,48.13378315652733,176.66731938813808,250.0
11.85,50.88504433705464,439.4964938830001,-2.8957029360958586,22.019832332404757,-1.0301394814283633,27.570775216071514,-3.2191858794636357,409,431,375,435,27.570775216071514,NEUTRAL,program,sensor_drive.py,function,750df67d0c33d1501e8060e5a3b5ce81e437358a154f973070c11cf1d50adae5,左壁追従（超音波のみ）,,155.87887774367454,78.2101428895598,48.082446232220875,175.57258810424287,250.0
11.9,50.82998414859667,440.5960619231911,-2.8376096096117465,22.018314407773776,-1.160709610745336,27.516370995522777,-3.6272175335791754,409,431,375,435,27.516370995522777,NEUTRAL,program,sensor_drive.py,function,750df67d0c33d1501e8060e5a3b5ce81e437358a154f973070c11cf1d50adae5,左壁追従（超音波のみ）,,154.77027750968517,77.83624316005906,48.02847713383306,174.42372499113662,250.0
11.95,50.77611751692107,441.6953329340397,-2.7731339924260965,22.00753113429112,-1.2886036796923628,27.463081800128183,-4.026886499038634,409,430,375,435,27.463081800128183,NEUTRAL,program,sensor_drive.py,function,750df67d0c33d1501e8060e5a3b5ce81e437358a154f973070c11cf1d50adae5,左壁追従（超音波のみ）,,153.66074032848638,77.4729632207404,47.97647909508502,173.2845454049405,250.0
12.0,50.72358339806807,442.7939178250094,-2.7024412033828185,21.989775162110625,-1.4137740434876536,27.410927481880144,-4.418043885898918,409,430,375,435,27.410927481880144,NEUTRAL,program,sensor_drive.py,function,750df67d0c33d1501e8060e5a3b5ce81e437358a154f973070c11cf1d50adae5,左壁追従（超音波のみ）,,152.5508803376799,77.12038008980969,47.92660694424751,172.15523965607105,250.0
12.05,50.672511349106564,443.8915258416855,-2.625697316587434,21.966824636013904,-1.5361918455820989,27.35992006434079,-4.800599517444059,409,429,375,435,27.35992006434079,NEUTRAL,program,sensor_drive.py,function,750df67d0c33d1501e8060e5a3b5ce81e437358a154f973070c11cf1d50adae5,左壁追従（超音波のみ）,,151.44118691334322,76.7785201138014,47.879005577389755,171.0358635824742,250.0
12.1,50.623022836055014,444.9879423293205,-2.5430678855247777,21.940058088375608,-1.6558422907476602,27.310065712188475,-5.174507158586438,409,429,375,435,27.310065712188475,NEUTRAL,program,sensor_drive.py,function,750df67d0c33d1501e8060e5a3b5ce81e437358a154f973070c11cf1d50adae5,左壁追従（超音波のみ）,,150.33205233008724,76.44737348534589,47.8338118239806,169.92637323327386,250.0
12.15,50.57523229402404,446.08301146427794,-2.454716962370327,21.910543710513764,-1.7727210410395566,27.261366232900183,-5.539753253248614,409,429,375,435,27.261366232900183,NEUTRAL,program,sensor_drive.py,function,750df67d0c33d1501e8060e5a3b5ce81e437358a154f973070c11cf1d50adae5,左壁追従（超音波のみ）,,149.22379319736865,76.12690511286401,47.791155903299604,168.8266512117479,250.0
12.2,50.52924798675846,447.1766228453751,-2.36080646942645,21.8791087119697,-1.8868314711645129,27.21382022034812,-5.896348347389103,409,428,375,435,27.21382022034812,NEUTRAL,program,sensor_drive.py,function,750df67d0c33d1501e8060e5a3b5ce81e437358a154f973070c11cf1d50adae5,左壁追従（超音波のみ）,,148.11666706090887,75.81706272756105,47.75116255922509,167.7365266421204,250.0
12.25,50.485172704329536,448.268701084141,-2.2614958183845317,21.84639320574403,-1.99818258106579,27.16742392455592,-6.244320565830594,408,428,375,435,27.16742392455592,NEUTRAL,program,sensor_drive.py,function,750df67d0c33d1501e8060e5a3b5ce81e437358a154f973070c11cf1d50adae5,左壁追従（超音波のみ）,,147.01088524884887,75.517782901038,47.71395194273808,166.65579026471752,250.0
12.3,50.44310433063226,449.35919772498136,-2.1569417019084653,21.812892069000334,-2.1067874107517515,27.122171912186772,-6.583710658599223,408,428,375,435,27.122171912186772,NEUTRAL,program,sensor_drive.py,function,750df67d0c33d1501e8060e5a3b5ce81e437358a154f973070c11cf1d50adae5,左壁追従（超音波のみ）,,145.90662280202582,75.2289954848957,47.67964029693592,165.58420581119344,250.0
12.35,50.403136306414574,450.44808497543596,-2.04729800327263,21.778987460277914,-2.212661838706849,27.07805756720548,-6.914568245958903,408,427,375,435,27.07805756720548,NEUTRAL,program,sensor_drive.py,function,750df67d0c33d1501e8060e5a3b5ce81e437358a154f973070c11cf1d50adae5,左壁追従（超音波のみ）,,144.8040261410279,74.95062686027816,47.64834048775879,164.52151854114072,250.0
12.4,50.36535800864804,451.53535084264564,-1.9327157853500694,21.744974076873273,-2.315823673104976,27.035073469539594,-7.236948978453051,408,427,375,435,27.035073469539594,NEUTRAL,program,sensor_drive.py,function,750df67d0c33d1501e8060e5a3b5ce81e437358a154f973070c11cf1d50adae5,左壁追従（超音波のみ）,,143.70321897750102,74.68260229137746,47.620162414415425,163.4674616143112,250.0
12.45,50.32985506300034,452.6209953622413,-1.8133433315822742,21.711078771688225,-2.4162919664275115,26.993211680655204,-7.550912395085974,408,427,375,435,26.993211680655204,NEUTRAL,program,sensor_drive.py,function,750df67d0c33d1501e8060e5a3b5ce81e437358a154f973070c11cf1d50adae5,左壁追従（超音波のみ）,,142.60430686428245,74.42484760553339,47.5952133261801,162.4217608141631,250.0
12.5,50.29670960285605,453.7050276758631,-1.6893262197666843,21.677475787899112,-2.514086500470505,26.95246395813729,-7.856520313970328,408,426,375,435,26.95246395813729,NEUTRAL,program,sensor_drive.py,function,750df67d0c33d1501e8060e5a3b5ce81e437358a154f973070c11cf1d50adae5,左壁追従（超音波のみ）,,141.50738069110753,74.17729036834933,47.57359806643994,161.38413801711826,250.0
12.55,50.26600048563582,454.7874637679148,-1.5608074153961695,21.644298589258568,-2.6092274012663053,26.91282191613904,-8.153835628957204,408,426,375,435,26.91282191613904,NEUTRAL,program,sensor_drive.py,function,750df67d0c33d1501e8060e5a3b5ce81e437358a154f973070c11cf1d50adae5,左壁追従（超音波のみ）,,140.41251936432434,73.9398606811128,47.555419260296766,160.35431370909077,250.0
12.6,50.23780347498275,455.8683247144123,-1.4279273754991095,21.611649045800768,-2.701734853038746,26.874277144567188,-8.442921415746081,408,426,375,435,26.874277144567188,NEUTRAL,program,sensor_drive.py,function,750df67d0c33d1501e8060e5a3b5ce81e437358a154f973070c11cf1d50adae5,左壁追従（超音波のみ）,,139.31979185589358,73.71249169661532,47.54077745841894,159.33200877980315,250.0
12.65,50.21219139562703,456.9476353296224,-1.2908241569129473,21.57960456526743,-2.791628887646326,26.83682129681403,-8.72384027389477,408,425,375,435,26.83682129681403,NEUTRAL,program,sensor_drive.py,function,750df67d0c33d1501e8060e5a3b5ce81e437358a154f973070c11cf1d50adae5,左壁追従（超音波のみ）,,138.22925876560464,73.49511992582732,47.529771247002756,158.3169457710616,250.0
12.7,50.18923426633131,458.0254231216922,-1.1496335250191692,21.548223628885207,-2.878929231573492,26.800446153511047,-8.996653848667162,408,425,375,435,26.800446153511047,NEUTRAL,program,sensor_drive.py,function,750df67d0c33d1501e8060e5a3b5ce81e437358a154f973070c11cf1d50adae5,左壁追従（超音波のみ）,,137.14097350826466,73.28768538997699,47.52249733147607,157.30884971356605,250.0
12.75,50.168999415193326,459.1017174882867,-1.0044890604251862,21.5175500877939,-2.96365519681088,26.765143667995467,-9.261422490034,408,425,375,435,26.765143667995467,NEUTRAL,program,sensor_drive.py,function,750df67d0c33d1501e8060e5a3b5ce81e437358a154f973070c11cf1d50adae5,左壁追従（超音波のみ）,,136.05498321259435,73.09013165902778,47.51905059983374,156.3074486550135,250.0
12.8,50.15155158068666,460.17654909864575,-0.8555222620761924,21.487616496909485,-3.0458256052353816,26.730905997818592,-9.518205016360568,408,425,375,435,26.730905997818592,NEUTRAL,program,sensor_drive.py,function,750df67d0c33d1501e8060e5a3b5ce81e437358a154f973070c11cf1d50adae5,左壁追従（超音波のみ）,,134.9713293990995,72.90240580729314,47.51952417013395,155.31247395790086,250.0
12.85,50.136953001109696,461.2499494204293,-0.7028626459541272,21.458446701222883,-3.1254587385943755,26.69772552558568,-9.767058558107424,408,424,375,435,26.69772552558568,NEUTRAL,program,sensor_drive.py,function,750df67d0c33d1501e8060e5a3b5ce81e437358a154f973070c11cf1d50adae5,左壁追従（超音波のみ）,,133.89004848905,72.72445830917472,47.524009425622225,154.32366042680516,250.0
12.9,50.125263494550516,462.32195035900816,-0.5466378389662054,21.43005784153274,-3.20257230810183,26.665594871624236,-10.008038462818218,408,424,375,435,26.665594871624236,NEUTRAL,program,sensor_drive.py,function,750df67d0c33d1501e8060e5a3b5ce81e437358a154f973070c11cf1d50adae5,左壁追従（超音波のみ）,,132.81117218493205,72.55624289215433,47.53259604012705,153.340746310672,250.0
12.95,50.11654053103193,463.39258398407344,-0.3869736679108655,21.402461909316898,-3.2771834391041272,26.63450690037328,-10.241198247200398,408,424,375,435,26.63450690037328,NEUTRAL,program,sensor_drive.py,function,750df67d0c33d1501e8060e5a3b5ce81e437358a154f973070c11cf1d50adae5,左壁追従（超音波のみ）,,131.73472775359278,72.39771635975008,47.54537199572991,152.3634732147411,250.0
13.0,50.11083929815156,464.46188232404006,-0.2239942435843716,21.375666951475107,-3.349308667379162,26.60445472192535,-10.46658958555988,408,424,375,435,26.60445472192535,NEUTRAL,program,sensor_drive.py,function,750df67d0c33d1501e8060e5a3b5ce81e437358a154f973070c11cf1d50adae5,左壁追従（超音波のみ）,,130.66073823619277,72.24883839381718,47.56242359421987,151.39158594840805,250.0
13.05,50.108212761257626,465.5298772130749,-0.05782204019200776,21.34967800316924,-3.41896394447277,26.57543168980301,-10.684262326477405,408,423,375,435,26.57543168980301,NEUTRAL,program,sensor_drive.py,function,750df67d0c33d1501e8060e5a3b5ce81e437358a154f973070c11cf1d50adae5,左壁追従（超音波のみ）,,129.58922260356564,72.10957134306813,47.58383546346073,150.42483232895728,250.0
13.1,50.1087117189859,466.5966001789583,0.11142202972126825,21.324497809505207,-3.4861646501174444,26.547431395784397,-10.894264531617013,408,423,375,435,26.547431395784397,NEUTRAL,program,sensor_drive.py,function,750df67d0c33d1501e8060e5a3b5ce81e437358a154f973070c11cf1d50adae5,左壁追従（超音波のみ）,,128.52019587130115,71.97988000280422,47.609690559506994,149.4629629562379,250.0
13.15,50.11238485481501,467.66208236261417,0.2836185445875117,21.300127383221593,-3.5509256102635836,26.520447662390172,-11.096642532073698,408,423,375,435,26.520447662390172,NEUTRAL,program,sensor_drive.py,function,750df67d0c33d1501e8060e5a3b5ce81e437358a154f973070c11cf1d50adae5,左壁追従（超音波のみ）,,127.45366918555082,71.85973138944173,47.64007016508032,148.50573096964837,250.0
13.2,50.119278785165505,468.7263544621833,0.4586495071495733,21.276566435003833,-3.6132611196231696,26.494474533490347,-11.291440998822406,408,423,375,435,26.494474533490347,NEUTRAL,program,sensor_drive.py,function,750df67d0c33d1501e8060e5a3b5ce81e437358a154f973070c11cf1d50adae5,左壁追従（超音波のみ）,,126.38964988798377,71.7490945123622,47.675053884848865,147.55289179597037,250.0
13.25,50.129438104465116,469.7894466960969,0.6363982815947224,21.25381370485172,-3.6731849679039827,26.46950626337334,-11.478703024699946,408,422,375,435,26.46950626337334,NEUTRAL,program,sensor_drive.py,function,750df67d0c33d1501e8060e5a3b5ce81e437358a154f973070c11cf1d50adae5,左壁追従（超音波のみ）,,125.32814156632587,71.64794014483546,47.71471963782193,146.60420289444585,250.0
13.3,50.142905427522564,470.85138878083774,0.8167495342935069,21.231867216567625,-3.730710469124474,26.44553730453147,-11.658470216013981,408,422,375,435,26.44553730453147,NEUTRAL,program,sensor_drive.py,function,750df67d0c33d1501e8060e5a3b5ce81e437358a154f973070c11cf1d50adae5,左壁追従（超音波のみ）,,124.26914409538249,71.55624059518266,47.759143647076336,145.6594235038565,250.0
13.35,50.15972142948922,471.91220992003093,0.9995891779721262,21.210724472493535,-3.78585049355657,26.42256229435143,-11.830782792364282,408,422,375,435,26.42256229435143,NEUTRAL,program,sensor_drive.py,function,750df67d0c33d1501e8060e5a3b5ce81e437358a154f973070c11cf1d50adae5,左壁追従（超音波のみ）,,123.2126536722539,71.4739694789256,47.80840042695915,144.71831439513576,250.0
13.4,50.17992488363914,472.9719388022474,1.1848043191715476,21.190382601790084,-3.8386175019636277,26.400576040848488,-11.995679693636337,408,422,375,435,26.400576040848488,NEUTRAL,program,sensor_drive.py,function,750df67d0c33d1501e8060e5a3b5ce81e437358a154f973070c11cf1d50adae5,左壁追従（超音波のみ）,,122.15866284853898,71.40110149235664,47.86256276785841,143.78063763210795,250.0
13.45,50.203552697159544,474.0306036054794,1.3722832088711243,21.17083847257331,-3.889023581887987,26.379573507546674,-12.15319869339996,407,422,375,435,26.379573507546674,NEUTRAL,program,sensor_drive.py,function,750df67d0c33d1501e8060e5a3b5ce81e437358a154f973070c11cf1d50adae5,左壁追従（超音波のみ）,,121.10716056162,71.33761218774548,47.92170171859611,142.84615634225042,250.0
13.5,50.23063994511389,475.0882320066943,1.5619151961756472,21.152088775913988,-3.9370804858079578,26.35954979758002,-12.303376518149868,407,422,375,435,26.35954979758002,NEUTRAL,program,sensor_drive.py,function,750df67d0c33d1501e8060e5a3b5ce81e437358a154f973070c11cf1d50adae5,左壁追従（超音波のみ）,,120.05813216658281,71.2834777502427,47.985886566471486,141.91463449885546,250.0
13.55,50.26121990271595,476.1448511952187,1.7535906849861078,21.13413008790994,-3.9827996710307603,26.340500137070517,-12.446248971971126,407,421,375,435,26.340500137070517,NEUTRAL,program,sensor_drive.py,function,750df67d0c33d1501e8060e5a3b5ce81e437358a154f973070c11cf1d50adae5,左壁追従（超音波のみ）,,119.01155946991418,71.2386747764363,48.05518481496528,140.98583671557515,250.0
13.6,50.29532407603508,477.200487888977,1.947201093591218,21.11695891465008,-4.026192341221213,26.322419857824496,-12.581851066316291,407,421,375,435,26.322419857824496,NEUTRAL,program,sensor_drive.py,function,750df67d0c33d1501e8060e5a3b5ce81e437358a154f973070c11cf1d50adae5,左壁追従（超音波のみ）,,117.9674207658066,71.20318005444972,48.12966215910544,140.05952805405403,250.0
13.65,50.33298223123776,478.255168352815,2.142638817134042,21.100571723808603,-4.067269489489148,26.30530437937952,-12.71021715465359,407,421,375,435,26.30530437937952,NEUTRAL,program,sensor_drive.py,function,750df67d0c33d1501e8060e5a3b5ce81e437358a154f973070c11cf1d50adae5,左壁追従（超音波のみ）,,116.9256908756615,71.1769703454297,48.20938245848955,139.1354738451416,250.0
13.7,50.37422242245914,479.30891841830226,2.3397971929198604,21.084964965770023,-4.106041942972265,26.289149190428223,-12.831381071788327,407,421,375,435,26.289149190428223,NEUTRAL,program,sensor_drive.py,function,750df67d0c33d1501e8060e5a3b5ce81e437358a154f973070c11cf1d50adae5,左壁追従（超音波のみ）,,115.8863411912062,71.16002216625718,48.294407707958875,138.21343952403424,250.0
13.75,50.41907101838899,480.36176350453565,2.5385704685446626,21.070135086536098,-4.142520408860292,26.273949829641545,-12.945376277688412,407,421,375,435,26.273949829641545,NEUTRAL,program,sensor_drive.py,function,750df67d0c33d1501e8060e5a3b5ce81e437358a154f973070c11cf1d50adae5,左壁追従（超音波のみ）,,114.84933972150485,71.15231157331014,48.38479800592101,137.29319047959032,250.0
13.8,50.46755272764855,481.41372863956,2.7388537728324707,21.056078534162243,-4.176715521809546,26.25970186591269,-13.052236005654834,407,421,375,435,26.25970186591269,NEUTRAL,program,sensor_drive.py,function,750df67d0c33d1501e8060e5a3b5ce81e437358a154f973070c11cf1d50adae5,左壁追従（超音波のみ）,,113.81465114404503,71.1538139471191,48.48061152032385,136.37449191798973,250.0
13.85,50.519690623029454,482.4648384821022,2.9405430895779716,21.04279176008112,-4.208637892695974,26.246400878043342,-13.151993414674921,407,421,375,435,26.246400878043342,NEUTRAL,program,sensor_drive.py,function,750df67d0c33d1501e8060e5a3b5ce81e437358a154f973070c11cf1d50adae5,左壁追従（超音波のみ）,,112.78223686001171,71.16450377777664,48.58190445229039,135.45710874087038,250.0
13.9,50.57550616465994,483.51511734337083,3.1435352340977545,21.030271216369094,-4.2382981586525394,26.234042433894775,-13.244681745789185,407,421,375,435,26.234042433894775,NEUTRAL,program,sensor_drive.py,function,750df67d0c33d1501e8060e5a3b5ce81e437358a154f973070c11cf1d50adae5,左壁追従（超音波のみ）,,111.75205505380464,71.1843544509876,48.6887309974338,134.5408054380395,250.0
13.95,50.635019222160466,484.56458920872205,3.3477278325985935,21.018513349778033,-4.265707034329889,26.222622069029214,-13.330334482280902,407,421,375,435,26.222622069029214,NEUTRAL,program,sensor_drive.py,function,750df67d0c33d1501e8060e5a3b5ce81e437358a154f973070c11cf1d50adae5,左壁追従（超音波のみ）,,110.72406075682288,71.21333803468042,48.801143304881556,133.6253459948471,250.0
14.0,50.698248095846616,485.61327775902737,3.5530193043748852,21.007514593174605,-4.290875364312182,26.212135264869925,-13.408985513475569,407,420,375,435,26.212135264869925,NEUTRAL,program,sensor_drive.py,function,750df67d0c33d1501e8060e5a3b5ce81e437358a154f973070c11cf1d50adae5,左壁追従（超音波のみ）,,109.69820591551134,71.25142506613719,48.91919143405049,132.71049381430313,250.0
14.05,50.76520953703486,486.66120639160704,3.75930884685053,20.99727135489036,-4.313814176610804,26.202577426412166,-13.480669301908762,407,420,375,435,26.202577426412166,NEUTRAL,program,sensor_drive.py,function,750df67d0c33d1501e8060e5a3b5ce81e437358a154f973070c11cf1d50adae5,左壁追従（超音波のみ）,,108.67443946364715,71.2985843396385,49.042923309226495,131.796011654018,250.0
14.1,50.83591876750408,487.70839824061386,3.9664964234825675,20.987780006379037,-4.334534737148288,26.193943859521546,-13.5454210535884,407,420,375,435,26.193943859521546,NEUTRAL,program,sensor_drive.py,function,750df67d0c33d1501e8060e5a3b5ce81e437358a154f973070c11cf1d50adae5,左壁追従（超音波のみ）,,107.65270739883498,71.35478269466344,49.1723846720168,130.88166157804946,250.0
14.15,50.91038949816387,488.7548761967717,4.174482754543618,20.979036868495744,-4.35304860513239,26.186229747861503,-13.603276891038718,407,420,375,435,26.186229747861503,NEUTRAL,program,sensor_drive.py,function,750df67d0c33d1501e8060e5a3b5ce81e437358a154f973070c11cf1d50adae5,左壁追従（超音波のみ）,,106.63295286317116,71.41998480473138,49.30761903175712,129.96720492374834,250.0
14.2,50.98863394697876,489.8006629263847,4.383169310801492,20.971038196649936,-4.369367689210176,26.17943012949576,-13.6542740287818,407,420,375,435,26.17943012949576,NEUTRAL,program,sensor_drive.py,function,750df67d0c33d1501e8060e5a3b5ce81e437358a154f973070c11cf1d50adae5,左壁追従（超音波のみ）,,105.6151162280334,71.49415296701511,49.44866761397142,129.05240228369422,250.0
14.25,51.07066285619629,490.8457808895451,4.5924583101121925,20.96378016503682,-4.383504304276865,26.173539873217972,-13.698450950865203,407,420,375,435,26.173539873217972,NEUTRAL,program,sensor_drive.py,function,750df67d0c33d1501e8060e5a3b5ce81e437358a154f973070c11cf1d50adae5,左壁追従（超音波のみ）,,104.59913518294954,71.577246892908,49.595569306997646,128.13701350282054,250.0
14.3,51.15648550892537,491.89025235747687,4.802252716941638,20.957258850116038,-4.395471228802583,26.16855365466559,-13.735847590008072,407,420,375,435,26.16855365466559,NEUTRAL,program,sensor_drive.py,function,750df67d0c33d1501e8060e5a3b5ce81e437358a154f973070c11cf1d50adae5,左壁追従（超音波のみ）,,103.58494482849879,71.66922349977379,49.74836060690944,127.2207976908294,250.0
14.35,51.24610974511046,492.93409942895744,5.012456244827774,20.951470213479624,-4.405281762525535,26.164465932281026,-13.766505507892296,407,420,375,435,26.164465932281026,NEUTRAL,program,sensor_drive.py,function,750df67d0c33d1501e8060e5a3b5ce81e437358a154f973070c11cf1d50adae5,左壁追従（超音波のみ）,,102.57247777319535,71.7700367041604,49.90707556088097,126.30351324999604,250.0
14.4,51.33954197694637,493.9773440457699,5.222973361792697,20.946410084231797,-4.4129497843471395,26.16127092318869,-13.790468076084812,407,420,375,435,26.16127092318869,NEUTRAL,program,sensor_drive.py,function,750df67d0c33d1501e8060e5a3b5ce81e437358a154f973070c11cf1d50adae5,左壁追従（超音波のみ）,,101.5616642343061,71.879637216808,50.07174570915859,125.38491791845782,250.0
14.45,51.43678720377755,495.0200080071394,5.433709298709061,20.942074140988804,-4.418489810249864,26.158962579062557,-13.807780657030824,407,420,375,435,26.158962579062557,NEUTRAL,program,sensor_drive.py,function,750df67d0c33d1501e8060e5a3b5ce81e437358a154f973070c11cf1d50adae5,左壁追従（超音波のみ）,,100.55243214254708,71.99797233983581,50.24240002582199,124.46476882907491,250.0
14.5,51.53784902652537,496.06211298311393,5.644570060620879,20.9384578935973,-4.421917051045522,26.157534562064367,-13.818490784517255,407,420,375,435,26.157534562064367,NEUTRAL,program,sensor_drive.py,function,750df67d0c33d1501e8060e5a3b5ce81e437358a154f973070c11cf1d50adae5,左壁追従（超音波のみ）,,99.54470725060479,72.1249857665409,50.419064858534,123.54282258393866,250.0
14.55,51.64272966168646,497.1036805268546,5.855462441013145,20.935556664662823,-4.423247469747239,26.15698022093865,-13.822648342960123,407,420,375,435,26.15698022093865,NEUTRAL,program,sensor_drive.py,function,750df67d0c33d1501e8060e5a3b5ce81e437358a154f973070c11cf1d50adae5,左壁追従（超音波のみ）,,98.53841324542162,72.26061738429676,50.60176386749749,122.61883534458613,250.0
14.6,51.751419475008376,498.14485570374404,6.0637477828611,20.937400271572248,-4.3687879165756955,26.179671701426795,-13.652462239299048,407,420,375,435,26.179671701426795,NEUTRAL,program,sensor_drive.py,function,750df67d0c33d1501e8060e5a3b5ce81e437358a154f973070c11cf1d50adae5,左壁追従（超音波のみ）,,97.533471864179,72.4048030810878,50.6397896231274,121.69256293795749,250.0
14.65,51.863830080209006,499.1865941880258,6.253793558038154,20.967741912082705,-3.9838913613152487,26.340045266118647,-12.449660504110152,407,421,375,435,26.340045266118647,NEUTRAL,program,sensor_drive.py,function,750df67d0c33d1501e8060e5a3b5ce81e437358a154f973070c11cf1d50adae5,左壁追従（超音波のみ）,,96.52915207065033,72.55246045156474,49.749535095834986,120.7592902597167,250.0
14.7,51.9798110380883,500.2296556100024,6.435840652970768,21.00426756272046,-3.8105449162309912,26.41227295157042,-11.907952863221848,408,422,375,435,26.41227295157042,NEUTRAL,program,sensor_drive.py,function,750df67d0c33d1501e8060e5a3b5ce81e437358a154f973070c11cf1d50adae5,左壁追従（超音波のみ）,,95.52110275226367,72.67240957467811,49.414486067625205,119.79124638464921,250.0
14.75,52.099300263595296,501.273741454977,6.621652266385013,21.027051597836625,-3.8838963073392603,26.381709871941975,-12.137175960435188,407,422,375,435,26.381709871941975,NEUTRAL,program,sensor_drive.py,function,750df67d0c33d1501e8060e5a3b5ce81e437358a154f973070c11cf1d50adae5,左壁追従（超音波のみ）,,94.51047978955691,72.78354588312195,49.76774448087555,118.80478613022797,250.0
14.8,52.22233856907864,502.31776813090846,6.820932880690634,21.02372806653097,-4.163088044878942,26.26537998130044,-13.009650140246693,407,421,375,435,26.26537998130044,NEUTRAL,program,sensor_drive.py,function,750df67d0c33d1501e8060e5a3b5ce81e437358a154f973070c11cf1d50adae5,左壁追従（超音波のみ）,,93.5000341128985,72.90900937183434,50.726465952092504,117.82015280731703,250.0
14.85,52.348969882509564,503.3615047358985,7.0142655839642885,21.030496109475187,-4.038719633814532,26.31720015257728,-12.620998855670411,407,421,375,435,26.31720015257728,NEUTRAL,program,sensor_drive.py,function,750df67d0c33d1501e8060e5a3b5ce81e437358a154f973070c11cf1d50adae5,左壁追従（超音波のみ）,,92.49304796760025,73.06905066561413,50.58420389503118,116.85504692201783,250.0
14.9,52.47914055962549,504.4053762609296,7.201906249745292,21.044800879307104,-3.918086620127962,26.367463908280016,-12.244020687899882,407,422,375,435,26.367463908280016,NEUTRAL,program,sensor_drive.py,function,750df67d0c33d1501e8060e5a3b5ce81e437358a154f973070c11cf1d50adae5,左壁追従（超音波のみ）,,91.48545609177985,73.22532698653833,50.445666599584634,115.87681481833512,250.0
14.95,52.612791502504024,505.4496985424735,7.384077878524607,21.06467399780239,-3.8010464705695273,26.416230637262696,-11.878270220529773,408,422,375,435,26.416230637262696,NEUTRAL,program,sensor_drive.py,function,750df67d0c33d1501e8060e5a3b5ce81e437358a154f973070c11cf1d50adae5,左壁追従（超音波のみ）,,90.47677953335963,73.377895570846,50.310664312889564,114.88530773059341,250.0
15.0,52.749859310287285,506.4947035010687,7.560978448406132,21.088599985646624,-3.687475330934348,26.46355194544402,-11.523360409169838,408,422,375,435,26.46355194544402,NEUTRAL,program,sensor_drive.py,function,750df67d0c33d1501e8060e5a3b5ce81e437358a154f973070c11cf1d50adae5,左壁追従（超音波のみ）,,89.46665222731419,73.52679813888474,50.17903228769734,113.88046552718808,250.0
15.05,52.890277284387054,507.5405586166685,7.732786770011501,21.11541314983042,-3.5772632849621853,26.509473631265756,-11.178947765506829,408,423,375,435,26.509473631265756,NEUTRAL,program,sensor_drive.py,function,750df67d0c33d1501e8060e5a3b5ce81e437358a154f973070c11cf1d50adae5,左壁追従（超音波のみ）,,88.45479620656387,73.67206610733162,50.05062523595115,112.86229890432203,250.0
15.1,53.033976291715774,508.5873819563329,7.899666850961751,21.144217973045343,-3.4703108335920607,26.554037152669974,-10.84472135497519,408,423,375,435,26.554037152669974,NEUTRAL,program,sensor_drive.py,function,750df67d0c33d1501e8060e5a3b5ce81e437358a154f973070c11cf1d50adae5,左壁追従（超音波のみ）,,87.44100240646439,73.81372448060321,49.925313158094205,111.83087513358063,250.0
15.15,53.180885496341496,509.6352537692271,8.061771147015804,21.174327640066192,-3.366526287267074,26.597280713638717,-10.520394647709606,408,423,375,435,26.597280713638717,NEUTRAL,program,sensor_drive.py,function,750df67d0c33d1501e8060e5a3b5ce81e437358a154f973070c11cf1d50adae5,左壁追従（超音波のみ）,,86.42511577851337,73.95179473430936,49.80297819984031,110.78630663854611,250.0
15.2,53.33093297314502,510.6842254320402,8.219242981563212,21.205216562460333,-3.2658238411024905,26.639240066207297,-10.205699503445283,408,424,375,435,26.639240066207297,NEUTRAL,program,sensor_drive.py,function,750df67d0c33d1501e8060e5a3b5ce81e437358a154f973070c11cf1d50adae5,左壁追従（超音波のみ）,,85.40702372652575,74.08629693014122,49.68351227718596,109.72874182211208,250.0
15.25,53.48400576209358,511.7293389140435,8.458564540574258,21.072894301294717,-5.34582384110249,25.77257339954063,-16.70569950344528,407,417,375,435,25.77257339954063,NEUTRAL,program,sensor_drive.py,function,750df67d0c33d1501e8060e5a3b5ce81e437358a154f973070c11cf1d50adae5,前方回避：右旋回,,84.38664710666647,74.21725124542209,49.56681527643652,108.65835768410592,250.0
15.3,53.64076807652106,512.7633522932452,8.795479237126784,20.81414223166285,-7.42582384110249,24.905906732873962,-23.20569950344528,406,410,375,435,24.905906732873962,NEUTRAL,program,sensor_drive.py,function,750df67d0c33d1501e8060e5a3b5ce81e437358a154f973070c11cf1d50adae5,前方回避：右旋回,,83.39090835847674,74.53302970477996,49.460835599167794,107.72573068375956,250.0
15.35,53.801969684554315,513.7805913847646,9.226606826198207,20.457452654807646,-9.50582384110249,24.039240066207295,-29.70569950344528,405,403,375,435,24.039240066207295,NEUTRAL,program,sensor_drive.py,function,750df67d0c33d1501e8060e5a3b5ce81e437358a154f973070c11cf1d50adae5,前方回避：右旋回,,82.43240906201711,75.07913690918384,49.370388162070974,106.96699520491835,250.0
15.4,53.9683053269279,514.7766037518952,9.747851232939212,20.024896829023643,-11.58582384110249,23.172573399540628,-36.20569950344528,403,396,375,435,23.172573399540628,NEUTRAL,program,sensor_drive.py,function,750df67d0c33d1501e8060e5a3b5ce81e437358a154f973070c11cf1d50adae5,前方回避：右旋回,,81.518169031301,75.86391414479203,49.29903414046406,106.38673328299657,250.0
15.45,54.14035637172806,515.7478853408549,10.354672796613556,19.533572019938873,-13.66582384110249,22.305906732873964,-42.70569950344528,402,390,375,435,22.305906732873964,NEUTRAL,program,sensor_drive.py,function,750df67d0c33d1501e8060e5a3b5ce81e437358a154f973070c11cf1d50adae5,前方回避：右旋回,,80.65441553003815,76.89750638619209,49.25033174987854,105.98910297432522,250.0
15.5,54.31855538859107,516.6916695722948,11.042273029084015,18.9967224426341,-15.74582384110249,21.439240066207297,-49.20569950344528,401,383,375,435,21.439240066207297,NEUTRAL,program,sensor_drive.py,function,750df67d0c33d1501e8060e5a3b5ce81e437358a154f973070c11cf1d50adae5,前方回避：右旋回,,79.84679204467238,78.19248523789211,49.227813899366545,105.77846596955625,250.0
15.55,54.503166607284,517.605765280937,11.805716858544628,18.42460758754019,-17.82582384110249,20.57257339954063,-55.70569950344528,400,376,375,435,20.57257339954063,NEUTRAL,program,sensor_drive.py,function,750df67d0c33d1501e8060e5a3b5ce81e437358a154f973070c11cf1d50adae5,前方回避：右旋回,,79.10049410915147,79.76439051388634,49.23496840928961,105.75980447596159,250.0
15.6,54.69427722757192,518.4884327716294,12.6400103004556,17.82517485986462,-19.90582384110249,19.705906732873963,-62.20569950344528,399,369,375,435,19.705906732873963,NEUTRAL,program,sensor_drive.py,function,750df67d0c33d1501e8060e5a3b5ce81e437358a154f973070c11cf1d50adae5,前方回避：右旋回,,78.42035743814985,79.56380270035379,49.27522191008267,105.93900441451781,250.0
15.65,54.891796051567475,519.338289542804,13.540146383403538,17.204580632573183,-21.98582384110249,18.839240066207296,-68.70569950344529,398,362,375,435,18.839240066207296,NEUTRAL,program,sensor_drive.py,function,750df67d0c33d1501e8060e5a3b5ce81e437358a154f973070c11cf1d50adae5,前方回避：右旋回,,77.81091473119518,79.19535441493694,49.351927232853924,106.32305551175484,250.0
15.7,55.09545700787793,520.1542390348561,14.501128434423208,16.567593874543718,-24.065823841102493,17.97257339954063,-75.20569950344529,397,356,375,435,17.97257339954063,NEUTRAL,program,sensor_drive.py,function,750df67d0c33d1501e8060e5a3b5ce81e437358a154f973070c11cf1d50adae5,前方回避：右旋回,,77.27643147258587,77.88803314737548,49.46835337392857,106.9202010599082,250.0
15.75,55.30482592058278,520.9354171860253,15.517977113470153,15.917908816824959,-26.14582384110249,17.10590673287396,-81.70569950344529,396,349,375,435,17.10590673287396,NEUTRAL,program,sensor_drive.py,function,750df67d0c33d1501e8060e5a3b5ce81e437358a154f973070c11cf1d50adae5,前方回避：右旋回,,76.82092695673023,76.62581135640389,49.62767670006712,107.74005800449247,250.0
15.8,55.51930942479068,521.6811526988268,16.585725599766818,15.258387156230416,-28.225823841102493,16.239240066207294,-88.20569950344529,395,342,375,435,16.239240066207294,NEUTRAL,program,sensor_drive.py,function,750df67d0c33d1501e8060e5a3b5ce81e437358a154f973070c11cf1d50adae5,前方回避：右旋回,,76.44818396529149,75.41594141198387,49.832971792723065,108.79371952105096,250.0
15.85,55.739203772786894,522.3941922879251,17.704573310372382,14.704363478770482,-30.30582384110249,16.0,-94.70569950344529,395,335,375,435,16.0,NEUTRAL,program,sensor_drive.py,function,750df67d0c33d1501e8060e5a3b5ce81e437358a154f973070c11cf1d50adae5,前方回避：右旋回,,76.16174855737586,74.26471938291232,50.08720010296251,110.09384589589946,250.0
15.9,55.965461421819505,523.0800839797706,18.808157332106248,14.275194926105813,-30.4,16.0,-95.0,395,335,375,435,16.0,NEUTRAL,program,sensor_drive.py,function,750df67d0c33d1501e8060e5a3b5ce81e437358a154f973070c11cf1d50adae5,前方回避：右旋回,,75.96412228752736,73.17262370954587,50.394715949530955,111.66231279805507,250.0
15.95,56.19857828812033,523.7440597921149,19.883416610113812,13.942744068697095,-30.4,16.0,-95.0,395,335,375,435,16.0,NEUTRAL,program,sensor_drive.py,function,750df67d0c33d1501e8060e5a3b5ce81e437358a154f973070c11cf1d50adae5,前方回避：右旋回,,75.81936411033261,72.15525707226982,50.74160419111568,113.3523755840295,250.0
16.0,56.43898018032255,524.3901332297686,20.936734426476022,13.685214545842824,-30.4,16.0,-95.0,395,335,375,435,16.0,NEUTRAL,program,sensor_drive.py,function,750df67d0c33d1501e8060e5a3b5ce81e437358a154f973070c11cf1d50adae5,前方回避：右旋回,,75.71369129197426,71.20698242677571,51.12333049181802,115.12648086280282,250.0
16.05,56.68705438860503,525.0213631033722,21.973055522804827,13.485722038413332,-30.4,16.0,-95.0,395,335,375,435,16.0,NEUTRAL,program,sensor_drive.py,function,750df67d0c33d1501e8060e5a3b5ce81e437358a154f973070c11cf1d50adae5,前方回避：右旋回,,75.64462710494354,70.31810885024174,51.54075572447979,116.99585735425795,250.0
16.1,56.94313730482845,525.6400712540606,22.996210290628966,13.331187288069286,-30.4,16.0,-95.0,395,335,375,435,16.0,NEUTRAL,program,sensor_drive.py,function,750df67d0c33d1501e8060e5a3b5ce81e437358a154f973070c11cf1d50adae5,前方回避：右旋回,,75.61059815699349,69.48131737834174,51.9951276756433,118.97210370121516,250.0
16.15,57.20751084988578,526.2480107814762,24.009165902030475,13.211478586366106,-30.4,16.0,-95.0,395,335,375,435,16.0,NEUTRAL,program,sensor_drive.py,function,750df67d0c33d1501e8060e5a3b5ce81e437358a154f973070c11cf1d50adae5,前方回避：右旋回,,75.61069788422606,68.69104403109161,52.48797968242136,121.067308978827,250.0
16.2,57.48040380633636,526.8464960087005,25.014220845322683,13.118747513053744,-30.4,16.0,-95.0,395,335,375,435,16.0,NEUTRAL,program,sensor_drive.py,function,750df67d0c33d1501e8060e5a3b5ce81e437358a154f973070c11cf1d50adae5,前方回避：右旋回,,75.64451869520312,67.94303098593643,53.0210682925769,123.29421046940305,250.0
16.25,57.76199569083212,527.4365028788559,26.01315562004541,13.046914372811496,-30.4,16.0,-95.0,395,335,375,435,16.0,NEUTRAL,program,sensor_drive.py,function,750df67d0c33d1501e8060e5a3b5ce81e437358a154f973070c11cf1d50adae5,前方回避：右旋回,,75.71203277298216,67.23399802303202,53.59633733257414,125.66638103868793,250.0
16.3,58.0524217527448,528.0187465062778,27.0073494712411,12.99126959428422,-30.4,16.0,-95.0,395,335,375,435,16.0,NEUTRAL,program,sensor_drive.py,function,750df67d0c33d1501e8060e5a3b5ce81e437358a154f973070c11cf1d50adae5,前方回避：右旋回,,75.81350765882011,66.56140080429458,54.21590004323483,128.19844382646033,250.0
16.35,58.35177827437236,528.5937410779161,27.997870816420885,12.948164958082776,-30.4,16.0,-95.0,395,335,375,435,16.0,NEUTRAL,program,sensor_drive.py,function,750df67d0c33d1501e8060e5a3b5ce81e437358a154f973070c11cf1d50adae5,前方回避：右旋回,,75.9494468946366,65.92325232247617,54.882033769625515,130.90631584219827,250.0
16.4,58.66012771105143,529.1618461194969,28.985547293852903,12.914774409836673,-30.4,16.0,-95.0,395,335,375,435,16.0,NEUTRAL,program,sensor_drive.py,function,750df67d0c33d1501e8060e5a3b5ce81e437358a154f973070c11cf1d50adae5,前方回避：右旋回,,76.12054885813095,65.31799058994586,55.59718357854211,133.8074851097008,250.0
16.45,58.977503431367715,529.7233022281812,29.971020024724112,12.888908776567783,-30.4,16.0,-95.0,395,335,375,435,16.0,NEUTRAL,program,sensor_drive.py,function,750df67d0c33d1501e8060e5a3b5ce81e437358a154f973070c11cf1d50adae5,前方回避：右旋回,,76.32767891287861,64.74438034492674,56.36397244919011,136.92132871913267,250.0
16.5,59.303913951365054,530.2782586682239,30.95478564674704,12.868872238698753,-30.4,16.0,-95.0,395,335,375,435,16.0,NEUTRAL,program,sensor_drive.py,function,750df67d0c33d1501e8060e5a3b5ce81e437358a154f973070c11cf1d50adae5,前方回避：右旋回,,76.57185139481473,64.20143988695435,57.18521655116558,140.2694818985316,250.0
16.55,59.63934663532324,530.8267946813172,31.937228875046628,12.853351147619962,-30.4,16.0,-95.0,395,335,375,435,16.0,NEUTRAL,program,sensor_drive.py,function,750df67d0c33d1501e8060e5a3b5ce81e437358a154f973070c11cf1d50adae5,前方回避：右旋回,,76.85421895075702,63.688386539580186,58.0639447262737,143.87627133881676,250.0
16.6,59.983770880105936,531.3689359423596,32.91864772510502,12.841327899399596,-30.4,16.0,-95.0,395,335,375,435,16.0,NEUTRAL,program,sensor_drive.py,function,750df67d0c33d1501e8060e5a3b5ce81e437358a154f973070c11cf1d50adae5,前方回避：右旋回,,77.17606745772493,63.20459596142709,59.003421717921405,147.76922982853463,250.0
16.65,60.3371408233764,531.9046672661426,33.89927305144761,12.832014217968652,-30.4,16.0,-95.0,395,335,375,435,16.0,NEUTRAL,program,sensor_drive.py,function,750df67d0c33d1501e8060e5a3b5ce81e437358a154f973070c11cf1d50adae5,前方回避：右旋回,,77.53881526793853,62.74957177998516,60.00717500454685,151.97971415920475,250.0
16.7,60.69939762640899,532.4339424191022,34.87928368307871,12.824799473649376,-30.4,16.0,-95.0,395,335,375,435,16.0,NEUTRAL,program,sensor_drive.py,function,750df67d0c33d1501e8060e5a3b5ce81e437358a154f973070c11cf1d50adae5,前方回避：右旋回,,77.94401590145617,62.32292293951917,61.07902533309891,156.54365473599992,250.0
16.75,61.07047138500067,532.9566916960423,35.85881814798549,12.819210648652678,-30.4,16.0,-95.0,395,335,375,435,16.0,NEUTRAL,program,sensor_drive.py,function,750df67d0c33d1501e8060e5a3b5ce81e437358a154f973070c11cf1d50adae5,前方回避：右旋回,,78.3933635868814,61.92434682861214,62.223121243724734,161.50247403253707,250.0
16.8,61.45028272038977,533.4728277716113,36.837983755400785,12.81488132477626,-30.4,16.0,-95.0,395,335,375,435,16.0,NEUTRAL,program,sensor_drive.py,function,750df67d0c33d1501e8060e5a3b5ce81e437358a154f973070c11cf1d50adae5,前方回避：右旋回,,78.88870125898805,61.553616750432795,63.44397804825684,166.90422289614625,250.0
16.85,61.83874409816231,533.9822502202965,37.81686363128114,12.811527660054606,-30.4,16.0,-95.0,395,335,375,435,16.0,NEUTRAL,program,sensor_drive.py,function,750df67d0c33d1501e8060e5a3b5ce81e437358a154f973070c11cf1d50adae5,前方回避：右旋回,,79.0499085532091,61.21057266722341,64.74652188849974,172.8050000940717,244.32397597880765
16.9,62.23576091813169,534.4848490090272,38.79552216826514,12.80892977932627,-30.4,16.0,-95.0,395,335,375,435,16.0,NEUTRAL,program,sensor_drive.py,function,750df67d0c33d1501e8060e5a3b5ce81e437358a154f973070c11cf1d50adae5,前方回避：右旋回,,78.3027343451825,60.89511442398539,66.13613966837495,179.2707433916663,228.38406081045474
16.95,62.64123241287236,534.9805071971974,39.77400924742585,12.806917358634635,-30.4,16.0,-95.0,395,335,375,435,16.0,NEUTRAL,program,sensor_drive.py,function,750df67d0c33d1501e8060e5a3b5ce81e437358a154f973070c11cf1d50adae5,前方回避：右旋回,,79.05074184361716,60.60719685982936,67.61873583793529,186.37951288038454,214.72305325332755
17.0,63.05505238741429,535.4691030253698,40.75236350860632,12.805358458337194,-30.4,16.0,-95.0,395,335,375,435,16.0,NEUTRAL,program,sensor_drive.py,function,750df67d0c33d1501e8060e5a3b5ce81e437358a154f973070c11cf1d50adae5,前方回避：右旋回,,81.3726469385695,60.34682636714249,69.20079721799317,194.22443383298236,202.8869663455584
17.05,63.47710982780098,535.9505115325665,41.73061488375018,12.804150872792352,-30.4,16.0,-95.0,395,335,375,435,16.0,NEUTRAL,program,sensor_drive.py,function,750df67d0c33d1501e8060e5a3b5ce81e437358a154f973070c11cf1d50adae5,前方回避：右旋回,,82.13161777119491,60.1140585720368,70.88946730323747,202.9175342358584,194.42075759548098
17.1,63.90728940189237,536.4246058100986,42.70878655931938,12.803215429486256,-30.4,16.0,-95.0,395,335,375,435,16.0,NEUTRAL,program,sensor_drive.py,function,750df67d0c33d1501e8060e5a3b5ce81e437358a154f973070c11cf1d50adae5,前方回避：右旋回,,82.9514814238121,59.90899689432773,72.69263178248757,212.59481274048485,191.77809251082334
17.15,64.34547187199387,536.8912579752101,43.68689649646032,12.802490798272625,-30.4,16.0,-95.0,395,335,375,435,16.0,NEUTRAL,program,sensor_drive.py,function,750df67d0c33d1501e8060e5a3b5ce81e437358a154f973070c11cf1d50adae5,前方回避：右旋回,,83.83553040881303,59.73179180889751,74.61901738312842,223.42302459024575,188.62103298610603
17.2,64.79153443560341,537.3503399287617,44.664958608584016,12.801929470405568,-30.4,16.0,-95.0,395,335,375,435,16.0,NEUTRAL,program,sensor_drive.py,function,750df67d0c33d1501e8060e5a3b5ce81e437358a154f973070c11cf1d50adae5,前方回避：右旋回,,84.78735200906468,59.582640678134446,76.67830660272692,230.3359433842057,185.62773109565023
17.25,65.24591043479924,537.802706981815,45.57900797434871,12.83755234448462,-28.32,16.200000000000003,-88.5,395,342,375,435,16.200000000000003,NEUTRAL,program,sensor_drive.py,function,750df67d0c33d1501e8060e5a3b5ce81e437358a154f973070c11cf1d50adae5,左壁追従（超音波のみ）,,85.81085951195715,59.46178806125854,78.6997746285589,249.41193193369645,182.7873200595101
17.3,65.71167739586694,538.2523947346541,46.42387831929875,13.021397261790845,-26.24,17.066666666666666,-82.0,396,348,375,435,17.066666666666666,NEUTRAL,program,sensor_drive.py,function,750df67d0c33d1501e8060e5a3b5ce81e437358a154f973070c11cf1d50adae5,左壁追従（超音波のみ）,,86.7927445150532,59.3432545234012,78.64207000459501,250.0,180.28443058731426
17.35,66.19302321604744,538.7040780103764,47.208505589408304,13.32006080933406,-24.16,17.933333333333334,-75.5,397,355,375,435,17.933333333333334,NEUTRAL,program,sensor_drive.py,function,750df67d0c33d1501e8060e5a3b5ce81e437358a154f973070c11cf1d50adae5,左壁追従（超音波のみ）,,87.7067884309445,59.216666101674704,78.10238050682568,250.0,178.1010880233706
17.4,66.69330103905023,539.1612489557313,47.93784743496553,13.707667388308106,-22.08,18.799999999999997,-69.0,398,362,375,435,18.799999999999997,NEUTRAL,program,sensor_drive.py,function,750df67d0c33d1501e8060e5a3b5ce81e437358a154f973070c11cf1d50adae5,左壁追従（超音波のみ）,,88.5515524701189,59.076893866956695,77.1030662104371,250.0,176.18323809908003
17.45,67.21333410166349,539.6247452326431,48.64060835277644,14.079496106467763,-21.127215097094666,19.19699370954389,-66.02254717842084,398,365,375,435,19.19699370954389,NEUTRAL,program,sensor_drive.py,function,750df67d0c33d1501e8060e5a3b5ce81e437358a154f973070c11cf1d50adae5,左壁追従（超音波のみ）,,89.32147904238934,58.91912052542083,76.15536275366489,250.0,174.4950517638767
17.5,67.75125551249305,540.0923790028959,49.35625857537363,14.370870745891075,-21.082733388158104,19.215527754934122,-65.88354183799407,399,365,375,435,19.215527754934122,NEUTRAL,program,sensor_drive.py,function,750df67d0c33d1501e8060e5a3b5ce81e437358a154f973070c11cf1d50adae5,左壁追従（超音波のみ）,,90.06560220597282,58.75291014790009,75.23639020766835,250.0,172.9427473891696
17.55,68.30473385331227,540.56144376446,50.08216924863211,14.601596854114756,-21.015962528311512,19.24334894653687,-65.67488290097347,399,366,375,435,19.24334894653687,NEUTRAL,program,sensor_drive.py,function,750df67d0c33d1501e8060e5a3b5ce81e437358a154f973070c11cf1d50adae5,左壁追従（超音波のみ）,,90.86816835293571,58.59823241158141,74.3230144872815,250.0,171.41614420153786
17.6,68.87197808151268,541.0299008060268,50.814828753482715,14.787035586228642,-20.926649613354385,19.280562661102337,-65.39578004173245,399,366,375,435,19.280562661102337,NEUTRAL,program,sensor_drive.py,function,750df67d0c33d1501e8060e5a3b5ce81e437358a154f973070c11cf1d50adae5,左壁追従（超音波のみ）,,91.73180621394263,58.457260322881744,73.41987781537613,250.0,169.92065427922228
17.65,69.45161900318115,541.496225270049,51.55141499996441,14.939025797246018,-20.815600025665066,19.326833322639555,-65.04875008020333,399,366,375,435,19.326833322639555,NEUTRAL,program,sensor_drive.py,function,750df67d0c33d1501e8060e5a3b5ce81e437358a154f973070c11cf1d50adae5,左壁追従（超音波のみ）,,92.65591574326609,58.330887826040566,72.53112756955524,250.0,168.46333657327375
17.7,70.04261643018349,541.9592844902221,52.28965613895406,15.066659527611511,-20.683862787185962,19.381723838672514,-64.63707120995613,399,367,375,435,19.381723838672514,NEUTRAL,program,sensor_drive.py,function,750df67d0c33d1501e8060e5a3b5ce81e437358a154f973070c11cf1d50adae5,左壁追従（超音波のみ）,,93.64017328177361,58.21963995090496,71.65968844127312,250.0,167.0489311295254
17.75,70.64418611519353,542.418243640397,53.027718477512366,15.176890149448461,-20.53263172261487,19.444736782243805,-64.16447413317147,399,367,375,435,19.444736782243805,NEUTRAL,program,sensor_drive.py,function,750df67d0c33d1501e8060e5a3b5ce81e437358a154f973070c11cf1d50adae5,左壁追従（超音波のみ）,,94.68451845864531,58.12377087873335,70.80755602007484,250.0,165.68041617281486
17.8,71.25574217972182,542.8724928697802,53.764116437592406,15.2750087905155,-20.363174507387033,19.515343955255403,-63.63492033558448,399,368,375,435,19.515343955255403,NEUTRAL,program,sensor_drive.py,function,750df67d0c33d1501e8060e5a3b5ce81e437358a154f973070c11cf1d50adae5,左壁追従（超音波のみ）,,95.78914018883744,58.04333845985488,69.9760251112514,250.0,164.35944402578718
17.85,71.87685173219312,543.3215912659908,54.497640432815814,15.365017108814438,-20.17678317561307,19.593007010161223,-63.052447423790845,399,368,375,435,19.593007010161223,NEUTRAL,program,sensor_drive.py,function,750df67d0c33d1501e8060e5a3b5ce81e437358a154f973070c11cf1d50adae5,左壁追従（超音波のみ）,,96.95446177179672,57.97826015277166,69.16586612983298,250.0,163.0866793004143
17.9,72.50719910638101,543.7652239437123,55.22729930710045,15.449918569615388,-19.974740691822834,19.67719137840715,-62.42106466194635,399,369,375,435,19.67719137840715,NEUTRAL,program,sensor_drive.py,function,750df67d0c33d1501e8060e5a3b5ce81e437358a154f973070c11cf1d50adae5,左壁追従（超音波のみ）,,98.18112558334269,57.928354530816485,68.37746053885922,250.0,161.8620591962234
17.95,73.14655770673083,544.2031693324443,55.95227457991692,15.531945709695886,-19.758299257897775,19.76737530920926,-61.744685180930546,399,370,375,435,19.76737530920926,NEUTRAL,program,sensor_drive.py,function,750df67d0c33d1501e8060e5a3b5ce81e437358a154f973070c11cf1d50adae5,左壁追従（超音波のみ）,,99.46997795364541,57.89337172292508,67.61090423104424,250.0,160.68499237196409
18.0,73.79476787472905,544.6352743610745,56.671884229912166,15.612737185356659,-19.52866699856287,19.86305541726547,-61.027084370508966,399,370,375,435,19.86305541726547,NEUTRAL,program,sensor_drive.py,function,750df67d0c33d1501e8060e5a3b5ce81e437358a154f973070c11cf1d50adae5,左壁追従（超音波のみ）,,100.8220547501048,57.87301546646397,66.86608599245467,250.0,159.55450983374317
18.05,74.4517195228299,545.0614357356964,57.38555415173286,15.69347548192451,-19.28700049149987,19.963749795208386,-60.271876535937096,399,371,375,435,19.963749795208386,NEUTRAL,program,sensor_drive.py,function,750df67d0c33d1501e8060e5a3b5ce81e437358a154f973070c11cf1d50adae5,左壁追従（超音波のみ）,,102.23856804754521,57.86695886792638,66.14274671763913,250.0,158.46937865507073
18.1,75.117338542929,545.481585903161,58.09279575774798,15.774993851521282,-19.03440127206505,20.068999469972894,-59.48250397520328,400,372,375,435,20.068999469972894,NEUTRAL,program,sensor_drive.py,function,750df67d0c33d1501e8060e5a3b5ce81e437358a154f973070c11cf1d50adae5,左壁追従（超音波のみ）,,103.7208941261252,57.87485549009266,65.44052383969746,250.0,157.42818712144464
18.15,75.79157620177226,545.8956826056817,58.793188478340625,15.857859216846323,-18.771914960335632,20.17836876652682,-58.66223425104885,400,373,375,435,20.17836876652682,NEUTRAL,program,sensor_drive.py,function,750df67d0c33d1501e8060e5a3b5ce81e437358a154f973070c11cf1d50adae5,左壁追従（超音波のみ）,,105.27056291471726,57.89634700182928,64.7589844626194,250.0,156.42940805284064
18.2,76.47440089833357,546.3037011777986,59.486366149711216,15.942436332343322,-18.500532051403106,20.291444978582042,-57.8141626606347,400,374,375,435,20.291444978582042,NEUTRAL,program,sensor_drive.py,function,750df67d0c33d1501e8060e5a3b5ce81e437358a154f973070c11cf1d50adae5,左壁追従（超音波のみ）,,106.88924890255777,57.931068325603974,64.09764990240163,250.0,155.47144556287998
18.25,77.1657917873187,546.7056289296119,60.17200647334235,16.02893735175067,-18.221189702050047,20.407837624145813,-56.9412178189064,400,375,375,435,20.407837624145813,NEUTRAL,program,sensor_drive.py,function,750df67d0c33d1501e8060e5a3b5ce81e437358a154f973070c11cf1d50adae5,左壁追従（超音波のみ）,,108.57876347437309,57.97865098402837,63.45601372514831,250.0,154.5526693170425
18.3,77.865733875605,547.1014611104537,60.84982289215873,16.117460050097204,-17.934774060086646,20.5271774749639,-56.046168937770766,400,376,375,435,20.5271774749639,NEUTRAL,program,sensor_drive.py,function,750df67d0c33d1501e8060e5a3b5ce81e437358a154f973070c11cf1d50adae5,左壁追従（超音波のみ）,,110.34104858022677,58.03872516734386,62.83355488494541,250.0,153.67143940638798
18.35,78.57421428006788,547.491198064015,61.51955836009287,16.208017238824304,-17.642122835437885,20.649115485234216,-55.131633860743385,400,377,375,435,20.649115485234216,NEUTRAL,program,sensor_drive.py,function,750df67d0c33d1501e8060e5a3b5ce81e437358a154f973070c11cf1d50adae5,左壁追従（超音波のみ）,,112.17817162596779,58.11092090744062,62.229747186008936,250.0,152.82612421311237
18.4,79.29022294199756,547.874144124561,62.20163407771574,16.26055418082159,-17.876576675299585,20.55142638529184,-55.8643021103112,400,376,375,435,20.55142638529184,NEUTRAL,program,sensor_drive.py,function,750df67d0c33d1501e8060e5a3b5ce81e437358a154f973070c11cf1d50adae5,左壁追従（超音波のみ）,,114.09232145860993,57.46116573087153,61.644066000665305,250.0,152.01511307014525
18.45,80.0121289649859,548.2491419904061,62.898651685165476,16.276139867592534,-18.210860843786207,20.41214131508908,-56.9089401368319,400,375,375,435,20.41214131508908,NEUTRAL,program,sensor_drive.py,function,750df67d0c33d1501e8060e5a3b5ce81e437358a154f973070c11cf1d50adae5,左壁追従（超音波のみ）,,116.17692484529962,56.68268431657717,61.07109118469534,218.29127520852282,151.21045800379602
18.5,80.73958664736335,548.6159234458509,63.5872056382272,16.305607898260366,-17.97930206475828,20.50862413968405,-56.18531895236963,400,376,375,435,20.50862413968405,NEUTRAL,program,sensor_drive.py,function,750df67d0c33d1501e8060e5a3b5ce81e437358a154f973070c11cf1d50adae5,左壁追従（超音波のみ）,,118.46228036958502,56.67674120070581,60.51156205950105,218.28839695593115,150.40970381812144
18.55,81.47573313031117,548.9764349769484,64.2217201104412,16.451522886322735,-16.340756438623984,21.191351483906672,-51.06486387069995,401,381,375,435,21.191351483906672,NEUTRAL,program,sensor_drive.py,function,750df67d0c33d1501e8060e5a3b5ce81e437358a154f973070c11cf1d50adae5,左壁追従（超音波のみ）,,120.85723149574633,58.61954797157247,59.97181977147855,250.0,149.64151044685482
18.6,82.22209320619393,549.3319361037032,64.8401303371646,16.588234337947533,-16.02552892282697,21.322696282155427,-50.07977788383428,401,382,375,435,21.322696282155427,NEUTRAL,program,sensor_drive.py,function,750df67d0c33d1501e8060e5a3b5ce81e437358a154f973070c11cf1d50adae5,左壁追従（超音波のみ）,,123.13515369840484,58.75452818415876,59.45993576661412,250.0,148.95568776978757
18.65,82.97822253787095,549.6821911666815,65.45073428730547,16.717535507415253,-15.71404022094633,21.45248324127236,-49.106375690457284,401,383,375,435,21.45248324127236,NEUTRAL,program,sensor_drive.py,function,750df67d0c33d1501e8060e5a3b5ce81e437358a154f973070c11cf1d50adae5,左壁追従（超音波のみ）,,125.46502259906158,58.89164795451028,58.96414297905926,250.0,148.30434831823476
18.7,83.74375777638983,550.0270091728611,66.05305784114574,16.841251390012086,-15.400488033971545,21.58312998584519,-48.126525106161075,401,384,375,435,21.58312998584519,NEUTRAL,program,sensor_drive.py,function,750df67d0c33d1501e8060e5a3b5ce81e437358a154f973070c11cf1d50adae5,左壁追従（超音波のみ）,,127.89123232658822,59.03838366935822,58.48222299098954,250.0,147.67641907140435
18.75,84.51839966640884,550.3662490081747,66.64672181605039,16.960745913208854,-15.085535109366164,21.71436037109743,-47.142297216769265,402,385,375,435,21.71436037109743,NEUTRAL,program,sensor_drive.py,function,750df67d0c33d1501e8060e5a3b5ce81e437358a154f973070c11cf1d50adae5,左壁追従（超音波のみ）,,130.41604597446621,59.19434879884711,58.01405424849207,250.0,147.07104245361262
18.8,85.30189715409324,550.6998076943098,67.23142169880987,17.077030223606396,-14.769785882560036,21.845922548933316,-46.15558088300011,402,386,375,435,21.845922548933316,NEUTRAL,program,sensor_drive.py,function,750df67d0c33d1501e8060e5a3b5ce81e437358a154f973070c11cf1d50adae5,左壁追従（超音波のみ）,,133.04198626329554,59.359154348694226,57.55944632664877,250.0,146.4872814591188
18.85,86.09403514374337,551.0276115795256,67.80691220518548,17.190846043952245,-14.453793483246754,21.977586048647186,-45.16810463514611,402,387,375,435,21.977586048647186,NEUTRAL,program,sensor_drive.py,function,750df67d0c33d1501e8060e5a3b5ce81e437358a154f973070c11cf1d50adae5,左壁追従（超音波のみ）,,135.77180754121233,59.532410224628734,57.1181606715136,250.0,145.92415174991174
18.9,86.89462509210901,551.3496097453753,68.37299552727859,17.302729805379883,-14.13806558451056,22.10913933978727,-44.1814549515955,402,388,375,435,22.10913933978727,NEUTRAL,program,sensor_drive.py,function,750df67d0c33d1501e8060e5a3b5ce81e437358a154f973070c11cf1d50adae5,左壁追従（超音波のみ）,,138.6084736814649,59.713726010063546,56.689925890877475,250.0,145.38064500392758
18.95,87.70349780828171,551.665769082829,68.9295123915598,17.41306196117911,-13.823069269520111,22.24038780436662,-43.197091467250345,402,389,375,435,22.24038780436662,NEUTRAL,program,sensor_drive.py,function,750df67d0c33d1501e8060e5a3b5ce81e437358a154f973070c11cf1d50adae5,左壁追従（超音波のみ）,,141.5551407362687,59.90271138662662,56.27444898640164,250.0,144.85574582101998
19.0,88.52049796656068,551.976070622695,69.47633525387641,17.52210488335787,-13.50923507606251,22.37115205164062,-42.21635961269534,402,390,375,435,22.37115205164062,NEUTRAL,program,sensor_drive.py,function,750df67d0c33d1501e8060e5a3b5ce81e437358a154f973070c11cf1d50adae5,左壁追従（超音波のみ）,,144.61514342224396,60.098976354919465,55.87142357074415,250.0,144.34844389667674
19.05,89.34547994848292,552.2805068056298,70.01336311517312,17.630031966057857,-13.196960361192039,22.501266516169984,-41.24050112872512,403,391,375,435,22.501266516169984,NEUTRAL,program,sensor_drive.py,function,750df67d0c33d1501e8060e5a3b5ce81e437358a154f973070c11cf1d50adae5,左壁追従（超音波のみ）,,147.79198468699832,60.30213136105681,55.48053584988404,250.0,143.85774272681712
19.1,90.17830471505815,552.5790794535683,70.54051756311043,17.736949959268763,-12.886612109227599,22.630578287821834,-40.27066284133625,403,392,375,435,22.630578287821834,NEUTRAL,program,sensor_drive.py,function,750df67d0c33d1501e8060e5a3b5ce81e437358a154f973070c11cf1d50adae5,左壁追従（超音波のみ）,,151.08932774751807,60.51178739781813,55.101468952668824,250.0,143.38266577446794
19.15,91.01883747641405,552.871798262654,71.05773973824205,17.842916092413848,-12.578529287826353,22.758946130072353,-39.30790402445735,403,393,375,435,22.758946130072353,NEUTRAL,program,sensor_drive.py,function,750df67d0c33d1501e8060e5a3b5ce81e437358a154f973070c11cf1d50adae5,左壁追従（超音波のみ）,,154.51099010555745,60.727556123523485,54.73390604094384,250.0,142.92226078244497
19.2,91.86694597763876,553.1586796820256,71.56498799520654,17.9479511893288,-12.273024839786553,22.886239650088935,-38.35320262433298,403,394,375,435,22.886239650088935,NEUTRAL,program,sensor_drive.py,function,750df67d0c33d1501e8060e5a3b5ce81e437358a154f973070c11cf1d50adae5,左壁追従（超音波のみ）,,158.06093913825188,60.949050023976625,54.377532522376534,250.0,142.47560273369996
19.25,92.72249925980552,553.4397460764174,72.06223608442764,18.052049699937474,-11.970387383033712,23.01233859040262,-37.40746057198035,403,395,375,435,23.01233859040262,NEUTRAL,program,sensor_drive.py,function,750df67d0c33d1501e8060e5a3b5ce81e437358a154f973070c11cf1d50adae5,左壁追従（超音波のみ）,,161.74328893767853,61.17588263069752,54.032037604984886,250.0,142.04179582640924
19.3,93.58536678648157,553.7150250959997,72.54947172194147,18.15518736094786,-11.670882678067208,23.137132217471997,-36.47150836896002,403,396,375,435,23.137132217471997,NEUTRAL,program,sensor_drive.py,function,750df67d0c33d1501e8060e5a3b5ce81e437358a154f973070c11cf1d50adae5,左壁追従（超音波のみ）,,165.56229813431239,61.40766880052419,53.69711537041308,250.0,141.6199747318016
19.35,94.45541785041256,553.9845491961815,73.02669544716099,18.25732703375251,-11.374754910922356,23.260518787115686,-35.546109096632364,404,397,375,435,23.260518787115686,NEUTRAL,program,sensor_drive.py,function,750df67d0c33d1501e8060e5a3b5ce81e437358a154f973070c11cf1d50adae5,左壁追従（超音波のみ）,,169.52236848888566,61.644025056335515,53.37246549686779,250.0,141.20930532996212
19.4,95.3325211940618,554.2483552646739,73.4939196929576,18.358423141273413,-11.082227830315201,23.382405070702,-34.631961969735,404,398,375,435,23.382405070702,NEUTRAL,program,sensor_drive.py,function,750df67d0c33d1501e8060e5a3b5ce81e437358a154f973070c11cf1d50adae5,左壁追従（超音波のみ）,,173.62804407715828,61.88456998520317,53.057793728310585,250.0,140.80898506550636
19.45,96.2165447924648,554.5064843241468,73.95116801116757,18.45842502812868,-10.793505769845188,23.502705929231173,-33.72970553076621,404,399,375,435,23.502705929231173,NEUTRAL,program,sensor_drive.py,function,750df67d0c33d1501e8060e5a3b5ce81e437358a154f973070c11cf1d50adae5,左壁追従（超音波のみ）,,177.8840109244168,62.12892468820053,52.75281216103459,250.0,140.4182430260095
19.5,97.10735575836105,554.7589812871203,74.39847441089046,18.55727949355587,-10.50877457975595,23.621343925101687,-32.839920561737344,404,400,375,435,23.621343925101687,NEUTRAL,program,sensor_drive.py,function,750df67d0c33d1501e8060e5a3b5ce81e437358a154f973070c11cf1d50adae5,左壁追従（超音波のみ）,,182.29509697241627,62.37671327486613,52.457239399845626,250.0,140.03633981759546
19.55,98.00482033851773,555.0058947459966,74.83588277779029,18.654932688863862,-10.228202487559475,23.738248963516885,-31.963132773623357,404,401,375,435,23.738248963516885,NEUTRAL,program,sensor_drive.py,function,750df67d0c33d1501e8060e5a3b5ce81e437358a154f973070c11cf1d50adae5,左壁追従（超音波のみ）,,186.86627228234715,62.627563394705064,52.17080062206966,250.0,139.66256729137208
19.6,98.90880397712527,555.2472767858569,75.26344635084865,18.751331526832747,-9.951940902626687,23.85335795723888,-31.099815320708398,404,402,375,435,23.85335795723888,NEUTRAL,program,sensor_drive.py,function,750df67d0c33d1501e8060e5a3b5ce81e437358a154f973070c11cf1d50adae5,左壁追従（超音波のみ）,,191.60264939403996,62.88110679789769,51.89322757725537,250.0,139.29624815934264
19.65,99.81917142756782,555.4831828111754,75.68122723926564,18.84642471637723,-9.6801251764788,23.9666145098005,-30.25039117649625,404,403,375,435,23.9666145098005,NEUTRAL,program,sensor_drive.py,function,750df67d0c33d1501e8060e5a3b5ce81e437358a154f973070c11cf1d50adae5,左壁追従（超音波のみ）,,191.6682868002764,63.13697991740085,51.62425854278114,250.0,138.93673552755524
19.7,100.73578689809291,555.7136713802576,76.08929596693821,18.940163509574138,-9.412875327805647,24.077968613414313,-29.41523539939265,405,404,375,435,24.077968613414313,NEUTRAL,program,sensor_drive.py,function,750df67d0c33d1501e8060e5a3b5ce81e437358a154f973070c11cf1d50adae5,左壁追従（超音波のみ）,,201.5921743031487,63.39482446484553,51.3636382499441,250.0,138.58341236640806
19.75,101.65851422019327,555.9388040431755,76.48773103552332,19.032502228008546,-9.150296739092424,24.18737635871149,-28.594677309663822,405,404,375,435,24.18737635871149,NEUTRAL,program,sensor_drive.py,function,750df67d0c33d1501e8060e5a3b5ce81e437358a154f973070c11cf1d50adae5,左壁追従（超音波のみ）,,206.85626373660352,63.654288032923866,51.111117790949436,250.0,138.23569093242665
19.8,102.5872170310766,556.1586451804436,76.87661849978872,19.12339861991609,-8.892480830022318,24.294799654157366,-27.789002593819745,405,405,375,435,24.294799654157366,NEUTRAL,program,sensor_drive.py,function,750df67d0c33d1501e8060e5a3b5ce81e437358a154f973070c11cf1d50adae5,左壁追従（超音波のみ）,,212.3074391284767,63.91502469735171,50.86645451418159,250.0,137.89301215183076
19.85,103.52175896359788,556.3732618407515,77.25605155098384,19.21281408771068,-8.63950571147868,24.40020595355055,-26.998455348370875,405,406,375,435,24.40020595355055,NEUTRAL,program,sensor_drive.py,function,750df67d0c33d1501e8060e5a3b5ce81e437358a154f973070c11cf1d50adae5,左壁追従（超音波のみ）,,217.95153215247018,64.17669561190142,50.62941191290753,250.0,137.55484497340484
19.9,104.4620038385884,556.5827235768645,77.62613010547767,19.30071381635777,-8.391436822905227,24.503567990456155,-26.223240071578832,405,407,375,435,24.503567990456155,NEUTRAL,program,sensor_drive.py,function,750df67d0c33d1501e8060e5a3b5ce81e437358a154f973070c11cf1d50adae5,左壁追従（超音波のみ）,,223.7945193072068,64.4389695904571,50.3997595109416,250.0,137.2206856962161
19.95,105.40781585573565,556.7871022793666,77.98696039703844,19.38706682604396,-8.1483275549538,24.60486351876925,-25.463523609230627,405,408,375,435,24.60486351876925,NEUTRAL,program,sensor_drive.py,function,750df67d0c33d1501e8060e5a3b5ce81e437358a154f973070c11cf1d50adae5,左壁追従（超音波のみ）,,229.8425219715108,64.70152367051779,50.17727274763433,250.0,136.8900572763815
20.0,106.3590597801198,556.9864720083283,78.33865457195992,19.47184596721242,-7.910219858700937,24.704075058874608,-24.719437058440427,405,409,375,435,24.704075058874608,NEUTRAL,program,sensor_drive.py,function,750df67d0c33d1501e8060e5a3b5ce81e437358a154f973070c11cf1d50adae5,左壁追従（超音波のみ）,,236.10180628514783,64.96404365305665,49.96173286369438,250.0,136.56250861617445
20.05,107.31560112226033,557.1809088232557,78.68133028684309,19.555027871902652,-7.677144842218731,24.80118964907553,-23.991077631933535,406,409,375,435,24.80118964907553,NEUTRAL,program,sensor_drive.py,function,750df67d0c33d1501e8060e5a3b5ce81e437358a154f973070c11cf1d50adae5,左壁追従（超音波のみ）,,242.57878283159852,65.22622461414507,49.752926788764746,250.0,136.237613838161
20.1,108.27730631010922,557.3704906118662,79.01511030927469,19.63659287216152,-7.449123354902071,24.896198602124137,-23.27851048406897,406,410,375,435,24.896198602124137,NEUTRAL,program,sensor_drive.py,function,750df67d0c33d1501e8060e5a3b5ce81e437358a154f973070c11cf1d50adae5,左壁追従（超音波のみ）,,249.28000610104772,65.48777138425547,49.55064703124667,250.0,135.91497154667476
20.15,109.24404285188722,557.5552969183491,79.34012212194125,19.716524893857482,-7.22616655966849,24.989097266804794,-22.581770498964033,406,411,375,435,24.989097266804794,NEUTRAL,program,sensor_drive.py,function,750df67d0c33d1501e8060e5a3b5ce81e437358a154f973070c11cf1d50adae5,左壁追従（超音波のみ）,,250.0,65.74839899166581,49.35469157057571,250.0,135.59420407870846
20.2,110.21567948901766,557.7354087718271,79.65649753091867,19.79481133235899,-7.00827649293955,25.07988479460852,-21.900864040436094,406,412,375,435,25.07988479460852,NEUTRAL,program,sensor_drive.py,function,750df67d0c33d1501e8060e5a3b5ce81e437358a154f973070c11cf1d50adae5,左壁追従（超音波のみ）,,250.0,66.00783306689684,49.16486375196417,250.0,135.274956746165
20.25,111.19208633869582,557.9109085157672,79.96437227900003,19.87144291510048,-6.795446612157905,25.168563911600874,-21.235770662993453,406,412,375,435,25.168563911600874,NEUTRAL,program,sensor_drive.py,function,750df67d0c33d1501e8060e5a3b5ce81e437358a154f973070c11cf1d50adae5,左壁追従（超音波のみ）,,250.0,66.26581020562831,48.98097218349664,247.92353694150697,134.95689707133917
20.3,112.17313502585199,558.0818796390747,80.26388566498758,19.946413554953352,-6.587662330493358,25.255140695627766,-20.586444782791745,406,413,375,435,25.255140695627766,NEUTRAL,program,sensor_drive.py,function,750df67d0c33d1501e8060e5a3b5ce81e437358a154f973070c11cf1d50adae5,左壁追従（超音波のみ）,,250.0,66.52207828804275,48.80283063539032,244.53314173947044,134.63971401747716
20.35,113.15869880443994,558.248406609583,80.55518016989674,20.01972019746701,-6.384901538331344,25.339624359028605,-19.95281730728545,406,414,375,435,25.339624359028605,NEUTRAL,program,sensor_drive.py,function,750df67d0c33d1501e8060e5a3b5ce81e437358a154f973070c11cf1d50adae5,左壁追従（超音波のみ）,,250.0,66.77639675303507,48.63025794119381,241.33735644991327,134.3231172162414
20.4,114.1486526681174,558.4105747106111,80.83840109100618,20.091362664387812,-6.187135111098959,25.4220270370421,-19.334797222184246,406,414,375,435,25.4220270370421,NEUTRAL,program,sensor_drive.py,function,750df67d0c33d1501e8060e5a3b5ce81e437358a154f973070c11cf1d50adae5,左壁追従（超音波のみ）,,250.0,67.0285368262216,48.46307790068535,238.32210689575138,134.00683619390676
20.45,115.14287345049016,558.5684698812094,81.11369618465284,20.161343495354668,-5.9943274029798195,25.502363582091743,-18.732273134311935,406,415,375,435,25.502363582091743,NEUTRAL,program,sensor_drive.py,function,750df67d0c33d1501e8060e5a3b5ce81e437358a154f973070c11cf1d50adae5,左壁追従（超音波のみ）,,250.0,67.27828170113726,48.301119184230444,235.4746080150865,133.69061959811145
20.5,116.1412399151716,558.722178560656,81.38121531861452,20.229667789275446,-5.80643672607697,25.580651364134596,-18.14511476899053,406,415,375,435,25.580651364134596,NEUTRAL,program,sensor_drive.py,function,750df67d0c33d1501e8060e5a3b5ce81e437358a154f973070c11cf1d50adae5,左壁追従（超音波のみ）,,250.0,67.5254266734652,48.144215238375885,232.78321918049542,133.37423442696596
20.55,117.14388025948942,558.8718710128841,81.63590627291967,20.304853094210316,-5.5101300870654715,25.70411246372272,-17.219156522079597,407,416,375,435,25.70411246372272,NEUTRAL,program,sensor_drive.py,function,750df67d0c33d1501e8060e5a3b5ce81e437358a154f973070c11cf1d50adae5,左壁追従（超音波のみ）,,250.0,67.7697792285673,47.70573480348435,230.2373186304275,133.05746526230394
20.6,118.15159769953999,559.0179661797006,81.8659768447639,20.40454038947463,-4.958403753313359,25.933998436119435,-15.495011729104245,407,418,375,435,25.933998436119435,NEUTRAL,program,sensor_drive.py,function,750df67d0c33d1501e8060e5a3b5ce81e437358a154f973070c11cf1d50adae5,左壁追従（超音波のみ）,,250.0,68.00132147931389,46.59082941072816,227.88321374900983,132.74103474605363
20.65,119.16478995366722,559.1608151898917,82.08365976549499,20.50342645787879,-4.6700077969871066,26.054163417922037,-14.593774365584707,407,419,375,435,26.054163417922037,NEUTRAL,program,sensor_drive.py,function,750df67d0c33d1501e8060e5a3b5ce81e437358a154f973070c11cf1d50adae5,左壁追従（超音波のみ）,,250.0,68.19650008456144,46.09050810939707,225.83478687440035,132.4265586512118
20.7,120.1828808285346,559.3004288848,82.29948179905449,20.584498354956896,-4.610491784979999,26.078961756258334,-14.407786828062497,407,419,375,435,26.078961756258334,NEUTRAL,program,sensor_drive.py,function,750df67d0c33d1501e8060e5a3b5ce81e437358a154f973070c11cf1d50adae5,左壁追従（超音波のみ）,,250.0,68.37670734851119,46.15801886471622,223.94980815947702,132.11144028786643
20.75,121.20408422774803,559.4363762300883,82.53472773301758,20.617227414433863,-5.010815797315331,25.912160084451944,-15.65879936661041,407,418,375,435,25.912160084451944,NEUTRAL,program,sensor_drive.py,function,750df67d0c33d1501e8060e5a3b5ce81e437358a154f973070c11cf1d50adae5,左壁追従（超音波のみ）,,250.0,68.56157410623696,47.42287104491299,222.1134788282474,131.79395129203255
20.8,122.22759690854777,559.5684225814445,82.76269414979993,20.654799085535576,-4.8481637880194475,25.979931754991895,-15.150511837560774,407,419,375,435,25.979931754991895,NEUTRAL,program,sensor_drive.py,function,750df67d0c33d1501e8060e5a3b5ce81e437358a154f973070c11cf1d50adae5,左壁追従（超音波のみ）,,250.0,68.79314843679826,47.29106078935698,220.11129363826953,131.47135174445012
20.85,123.25358477667723,559.6967042244316,82.98362659640964,20.69576312597927,-4.690289564600272,26.045712681416553,-14.65715488937585,407,419,375,435,26.045712681416553,NEUTRAL,program,sensor_drive.py,function,750df67d0c33d1501e8060e5a3b5ce81e437358a154f973070c11cf1d50adae5,左壁追従（超音波のみ）,,250.0,69.02074985172311,47.16351946723348,218.21297929756486,131.14782159916467
20.9,124.28215397044534,559.8213444064612,83.19774794499358,20.739006240699467,-4.537058413599209,26.109558994333664,-14.178307542497528,407,420,375,435,26.109558994333664,NEUTRAL,program,sensor_drive.py,function,750df67d0c33d1501e8060e5a3b5ce81e437358a154f973070c11cf1d50adae5,左壁追従（超音波のみ）,,250.0,69.24434106844843,47.040063221489916,216.4114990628171,130.82315515177262
20.95,125.31336500831064,559.9424563851743,83.40526383415869,20.783675197594025,-4.38834826285466,26.17152155714389,-13.713588321420815,407,420,375,435,26.17152155714389,NEUTRAL,program,sensor_drive.py,function,750df67d0c33d1501e8060e5a3b5ce81e437358a154f973070c11cf1d50adae5,左壁追従（超音波のみ）,,250.0,69.46387818689945,46.92052506772519,214.70053277786724,130.49717920754526
21.0,126.3472437137072,560.0601456894352,83.60636668888395,20.829117530835305,-4.2440462086523105,26.231647413061538,-13.262644402038472,407,421,375,435,26.231647413061538,NEUTRAL,program,sensor_drive.py,function,750df67d0c33d1501e8060e5a3b5ce81e437358a154f973070c11cf1d50adae5,左壁追従（超音波のみ）,,250.0,69.67931469965197,46.804751506283665,213.0743630288149,130.1697476076024
21.05,127.38378965003955,560.1745117932838,83.80123868191043,20.874835798249656,-4.104045974076099,26.28998084413496,-12.82514366898781,407,421,375,435,26.28998084413496,NEUTRAL,program,sensor_drive.py,function,750df67d0c33d1501e8060e5a3b5ce81e437358a154f973070c11cf1d50adae5,左壁追従（超音波のみ）,,250.0,69.89060447751962,46.692599982741235,211.52778594427969,129.8407369194926
21.1,128.42298263192387,560.2856493524351,83.99005390738228,20.920452285995122,-3.968246062468192,26.346564140638254,-12.4007689452131,407,421,375,435,26.346564140638254,NEUTRAL,program,sensor_drive.py,function,750df67d0c33d1501e8060e5a3b5ce81e437358a154f973070c11cf1d50adae5,左壁追従（超音波のみ）,,250.0,70.09770396398933,46.583936977938805,210.05604039829765,129.51004301502812
21.15,129.46478774989342,560.3936491150665,84.17297996888874,20.96568176721383,-3.836548428910544,26.401438154620607,-11.98921384034545,408,422,375,435,26.401438154620607,NEUTRAL,program,sensor_drive.py,function,750df67d0c33d1501e8060e5a3b5ce81e437358a154f973070c11cf1d50adae5,左壁追従（超音波のみ）,,250.0,70.30057375899152,46.47863656553621,208.65475107772733,129.17757832672083
21.2,130.50915924627375,560.4985985903909,84.35017913286521,21.01031047067635,-3.708857536873486,26.45464269296938,-11.590179802729644,408,422,375,435,26.45464269296938,NEUTRAL,program,sensor_drive.py,function,750df67d0c33d1501e8060e5a3b5ce81e437358a154f973070c11cf1d50adae5,左壁追従（超音波のみ）,,250.0,70.49917973161892,46.37657931701985,207.31988209495685,128.84326962538083
21.25,131.55604350308815,560.6005825374137,84.52180916009729,21.054179838482302,-3.5850797003810215,26.506216791507907,-11.203374063690692,408,423,375,435,26.506216791507907,NEUTRAL,program,sensor_drive.py,function,750df67d0c33d1501e8060e5a3b5ce81e437358a154f973070c11cf1d50adae5,左壁追従（超音波のみ）,,250.0,70.69349376981228,46.27765146511737,206.047698702971,128.50705619984018
21.3,132.60538134351035,560.6996833205021,84.68802389951941,21.09717397771784,-3.4651226369664334,26.556198901263986,-10.828508240520105,408,423,375,435,26.556198901263986,NEUTRAL,program,sensor_drive.py,function,750df67d0c33d1501e8060e5a3b5ce81e437358a154f973070c11cf1d50adae5,左壁追従（超音波のみ）,,250.0,70.88349425065748,46.18174425954336,204.83473530277493,128.1688883486108
21.35,133.6571098025547,560.7959811665995,84.84897370715316,21.139209961969655,-3.348895175418743,26.60462701024219,-10.465297423183571,408,424,375,435,26.60462701024219,NEUTRAL,program,sensor_drive.py,function,750df67d0c33d1501e8060e5a3b5ce81e437358a154f973070c11cf1d50adae5,左壁追従（超音波のみ）,,250.0,71.06916629611344,46.08875346602241,203.67776839262882,127.82872611499515
21.4,134.71116348730408,560.8895543500965,85.00480573707426,21.180230331971693,-3.236307076392898,26.651538718169625,-10.113459613727805,408,424,375,435,26.651538718169625,NEUTRAL,program,sensor_drive.py,function,750df67d0c33d1501e8060e5a3b5ce81e437358a154f973070c11cf1d50adae5,左壁追従（超音波のみ）,,250.0,71.25050186444902,45.99857897215517,202.57379344373146,127.48653821354489
21.45,135.76747561964427,560.9804793247652,85.15566413935608,21.22019729366392,-3.127268934525854,26.696971277280895,-9.772715420393293,408,424,375,435,26.696971277280895,NEUTRAL,program,sensor_drive.py,function,750df67d0c33d1501e8060e5a3b5ce81e437358a154f973070c11cf1d50adae5,左壁追従（超音波のみ）,,250.0,71.42749971646079,45.911124473066124,201.52000493268235,127.14230110812603
21.5,136.82597883336314,561.0688308172209,85.3016901910089,21.259088226769066,-3.0216921386487434,26.740961608896356,-9.442787933277323,408,425,375,435,26.740961608896356,NEUTRAL,program,sensor_drive.py,function,750df67d0c33d1501e8060e5a3b5ce81e437358a154f973070c11cf1d50adae5,左壁追従（超音波のみ）,,250.0,71.60016528686687,45.82629721672204,200.51377894219735,126.79599821120256
21.55,137.88660578116898,561.1546818926801,85.44302237925217,21.29689220549434,-2.919488872652611,26.783546303061414,-9.123402727039409,408,425,375,435,26.783546303061414,NEUTRAL,program,sensor_drive.py,function,750df67d0c33d1501e8060e5a3b5ce81e437358a154f973070c11cf1d50adae5,左壁追従（超音波のみ）,,250.0,71.76851048458369,45.744007793979,199.55265787580169,126.44761918103416
21.6,138.94928959458633,561.2381040010071,85.57979645145736,21.33360730118444,-2.8205721440493994,26.824761606646085,-8.814287950154373,408,425,375,435,26.824761606646085,NEUTRAL,program,sensor_drive.py,function,750df67d0c33d1501e8060e5a3b5ce81e437358a154f973070c11cf1d50adae5,左壁追従（超音波のみ）,,250.0,71.9325534404131,45.66416996225564,198.63433693239045,126.09715929886083
21.65,140.01396422995734,561.3191670089798,85.71214544236256,21.369238489344816,-2.7248558306386372,26.86464340390057,-8.515174470745741,408,426,375,435,26.86464340390057,NEUTRAL,program,sensor_drive.py,function,750df67d0c33d1501e8060e5a3b5ce81e437358a154f973070c11cf1d50adae5,左壁追従（超音波のみ）,,250.0,72.09231821664936,45.58670049457879,197.7566520617244,125.74461891222073
21.7,141.08056472625898,561.3979392231439,85.84019968636107,21.403796024004336,-2.6322547382167034,26.90322719240971,-8.225796056927198,408,426,375,435,26.90322719240971,NEUTRAL,program,sensor_drive.py,function,750df67d0c33d1501e8060e5a3b5ce81e437358a154f973070c11cf1d50adae5,左壁追従（超音波のみ）,,250.0,72.24783449000668,45.51151904787242,196.91756917880684,125.39000293365656
21.75,142.14902739463557,561.4744874064727,85.96408682057671,21.437294173656063,-2.5426846641621688,26.940548056599095,-7.9458895755067775,408,426,375,435,26.940548056599095,NEUTRAL,program,sensor_drive.py,function,750df67d0c33d1501e8060e5a3b5ce81e437358a154f973070c11cf1d50adae5,左壁追従（超音波のみ）,,250.0,72.39913721684266,45.43854804593392,196.11517445841807,125.03332038641899
21.8,143.21928995505664,561.5488767911789,86.08393178287832,21.469750237130448,-2.4560624631539016,26.976640640352542,-7.675195197355943,408,426,375,435,26.976640640352542,NEUTRAL,program,sensor_drive.py,function,750df67d0c33d1501e8060e5a3b5ce81e437358a154f973070c11cf1d50adae5,左壁追従（超音波のみ）,,250.0,72.54626628775858,45.367712573716105,195.34766556441832,124.67458399058248
21.85,144.29129163203768,561.621171089379,86.19985680781804,21.50118377635651,-2.372306112339505,27.01153911985854,-7.413456601060953,408,427,375,435,27.01153911985854,NEUTRAL,program,sensor_drive.py,function,750df67d0c33d1501e8060e5a3b5ce81e437358a154f973070c11cf1d50adae5,左壁追従（超音波のみ）,,250.0,72.68926617718054,45.29894028040016,194.61334369420982,124.3138097843516
21.9,145.36497321867932,561.691432502826,86.31198142260962,21.5316160173156,-2.2913347740724377,27.045277177469817,-7.1604211689763675,408,427,375,435,27.045277177469817,NEUTRAL,program,sensor_drive.py,function,750df67d0c33d1501e8060e5a3b5ce81e437358a154f973070c11cf1d50adae5,左壁追従（超音波のみ）,,250.0,72.82818559235201,45.23216128939804,193.91060633901364,123.951016776393
21.95,146.44027711620103,561.7597217325684,86.42042244461686,21.56106938156344,-2.213068854926364,27.077887977114017,-6.915840171644888,408,427,375,435,27.077887977114017,NEUTRAL,program,sensor_drive.py,function,750df67d0c33d1501e8060e5a3b5ce81e437358a154f973070c11cf1d50adae5,左壁追従（超音波のみ）,,250.0,72.96307712524627,45.16730811389498,193.23794067655365,123.58622662582225
22.0,147.51714735454289,561.826097989124,86.52529398134095,21.589567119238787,-2.137430060139289,27.10940414160863,-6.679468937935278,408,427,375,435,27.10940414160863,NEUTRAL,program,sensor_drive.py,function,750df67d0c33d1501e8060e5a3b5ce81e437358a154f973070c11cf1d50adae5,左壁追従（超音波のみ）,,250.0,73.09399691017546,45.10431557690969,192.59391752550493,123.21946334709317
22.05,148.59552959836304,561.8906190035607,86.6267074335392,21.617133021070075,-2.064341442966948,27.139857732097106,-6.451067009271713,408,428,375,435,27.139857732097106,NEUTRAL,program,sensor_drive.py,function,750df67d0c33d1501e8060e5a3b5ce81e437358a154f973070c11cf1d50adae5,左壁追従（超音波のみ）,,250.0,73.22100428927943,45.04312073510667,191.97718580134134,122.85075303750938
22.1,149.67537114179743,561.953341039728,86.7247715018483,21.643791191980075,-1.9937274486698908,27.16928022972088,-6.230398277093409,408,428,375,435,27.16928022972088,NEUTRAL,program,sensor_drive.py,function,750df67d0c33d1501e8060e5a3b5ce81e437358a154f973070c11cf1d50adae5,左壁追従（超音波のみ）,,250.0,73.34416148759564,44.98366280579323,191.3864674216011,122.48012362543797
22.15,150.75662089460164,562.0143189077799,86.81959219709063,21.66956587281773,-1.9255139530310987,27.197702519570377,-6.0172311032221835,408,428,375,435,27.197702519570377,NEUTRAL,program,sensor_drive.py,function,750df67d0c33d1501e8060e5a3b5ce81e437358a154f973070c11cf1d50adae5,左壁追従（超音波のみ）,,250.0,73.46353329904106,44.92588309668432,190.8205526154543,122.1076046375892
22.2,151.8392293617173,562.0736059790448,86.9112728543036,21.69448129977969,-1.8596282954350627,27.225154876902057,-5.811338423234571,409,428,375,435,27.225154876902057,NEUTRAL,program,sensor_drive.py,function,750df67d0c33d1501e8060e5a3b5ce81e437358a154f973070c11cf1d50adae5,左壁追従（超音波のみ）,,250.0,73.57918678429913,44.86972493811549,190.27829559820643,121.7332269839472
22.25,152.92314861785616,562.1312542022505,86.9999141504328,21.718561593427346,-1.7959993066278923,27.25166695557171,-5.612497833212164,409,429,375,435,27.25166695557171,NEUTRAL,program,sensor_drive.py,function,750df67d0c33d1501e8060e5a3b5ce81e437358a154f973070c11cf1d50adae5,左壁追従（超音波のみ）,,250.0,73.6911909813606,44.81513361747402,189.7586105761419,121.35702275910019
22.3,154.0083322783476,562.1873141210633,87.08561412555895,21.741830671015208,-1.7345573313461085,27.27726777860579,-5.420491660456589,409,429,375,435,27.27726777860579,NEUTRAL,program,sensor_drive.py,function,750df67d0c33d1501e8060e5a3b5ce81e437358a154f973070c11cf1d50adae5,左壁追従（超音波のみ）,,250.0,73.79961662923766,44.762056315669874,189.26046805119003,120.97902505886398
22.35,155.09473546722427,562.2418348928816,87.16846820747918,21.76431217724541,-1.6752342460425944,27.301985730815584,-5.235107018883108,409,429,375,435,27.301985730815584,NEUTRAL,program,sensor_drive.py,function,750df67d0c33d1501e8060e5a3b5ce81e437358a154f973070c11cf1d50adae5,左壁追従（超音波のみ）,,250.0,73.90453590519907,44.710442045512856,188.7828913983192,120.59926781119076
22.4,156.18231478330944,562.2948643087975,87.24856923943366,21.786029429644618,-1.6179634719697473,27.32584855334594,-5.05613584990546,409,429,375,435,27.32584855334594,NEUTRAL,program,sensor_drive.py,function,750df67d0c33d1501e8060e5a3b5ce81e437358a154f973070c11cf1d50adae5,左壁追従（超音波のみ）,,250.0,74.0060221757159,44.660241591892415,188.32495369156842,120.21778562045243
22.45,157.27102826490673,562.3464488146352,87.32600751074557,21.807005375596,-1.562679983896616,27.348883340043077,-4.883374949676925,409,429,375,435,27.348883340043077,NEUTRAL,program,sensor_drive.py,function,750df67d0c33d1501e8060e5a3b5ce81e437358a154f973070c11cf1d50adae5,左壁追従（超音波のみ）,,250.0,74.10414976118314,44.61140745368251,187.8857747571513,119.83461362424906
22.5,158.36083535356357,562.3966335329625,87.40087079013546,21.82726255870626,-1.5093203147446632,27.371116535523058,-4.716625983577073,409,430,375,435,27.371116535523058,NEUTRAL,program,sensor_drive.py,function,750df67d0c33d1501e8060e5a3b5ce81e437358a154f973070c11cf1d50adae5,左壁追従（超音波のみ）,,250.0,74.19899371437423,44.56389378730556,187.4645184343321,119.4497873619628
22.55,159.4516968572809,562.4454622859721,87.47324436146454,21.846823092688904,-1.4578225564307865,27.392573934820504,-4.555695488846208,409,430,375,435,27.392573934820504,NEUTRAL,program,sensor_drive.py,function,750df67d0c33d1501e8060e5a3b5ce81e437358a154f973070c11cf1d50adae5,左壁追従（超音波のみ）,,250.0,74.29062961249312,44.51765635190417,187.06039002669266,119.06334265432096
22.6,160.54357491346153,562.4929776191303,87.54321106166435,21.865708641333438,-1.4081263572013307,27.413280684499444,-4.4003948662541585,409,430,375,435,27.413280684499444,NEUTRAL,program,sensor_drive.py,function,750df67d0c33d1501e8060e5a3b5ce81e437358a154f973070c11cf1d50adae5,左壁追従（超音波のみ）,,250.0,74.37913336261938,44.47265245607761,186.67263392813712,118.67531549328034
22.65,161.63643295183007,562.5392208254859,87.6108513206143,21.883940403431474,-1.3601729157383737,27.433261285109012,-4.250540361682418,409,430,375,435,27.433261285109012,NEUTRAL,program,sensor_drive.py,function,750df67d0c33d1501e8060e5a3b5ce81e437358a154f973070c11cf1d50adae5,左壁追従（超音波のみ）,,250.0,74.46458102026774,44.428840906142845,186.30053140949582,118.28574194158548
22.7,162.73023565750634,562.5842319705437,87.6762432027354,21.901539101764865,-1.3139049723072822,27.452539594871965,-4.105953038460257,409,430,375,435,27.452539594871965,NEUTRAL,program,sensor_drive.py,function,750df67d0c33d1501e8060e5a3b5ce81e437358a154f973070c11cf1d50adae5,左壁追従（超音波のみ）,,250.0,74.54704862074537,44.38618195588925,185.94339855290613,117.89465804138159
22.75,163.82494893437857,562.6280499176041,87.73946245007937,21.91852497544292,-1.2692667972101683,27.471138834495765,-3.966458741281776,409,430,375,435,27.471138834495765,NEUTRAL,program,sensor_drive.py,function,750df67d0c33d1501e8060e5a3b5ce81e437358a154f973070c11cf1d50adae5,左壁追従（超音波のみ）,,250.0,74.62661202292736,44.34463725779149,185.60058432237213,117.50209973130463
22.8,164.92053986888976,562.6707123534791,87.80058252670057,21.934917775017727,-1.2262041767911454,27.48908159300369,-3.8318880524723293,409,430,375,435,27.48908159300369,NEUTRAL,program,sensor_drive.py,function,750df67d0c33d1501e8060e5a3b5ce81e437358a154f973070c11cf1d50adae5,左壁追従（超音波のみ）,,250.0,74.70334676506116,44.30416981565435,185.27146875993034,117.10810277149453
22.85,166.0169766943281,562.7122558144974,87.85967466411074,21.950736759917366,-1.1846643972353137,27.506389834485287,-3.702076241360355,409,431,375,435,27.506389834485287,NEUTRAL,program,sensor_drive.py,function,750df67d0c33d1501e8060e5a3b5ce81e437358a154f973070c11cf1d50adae5,左壁追従（超音波のみ）,,250.0,74.77732793215826,44.26474393865808,184.95546129782264,116.71270267600667
22.9,167.1142287556922,562.7527157127192,87.9168079076274,21.966000697823524,-1.1445962263847558,27.52308490567302,-3.576863207452362,409,431,375,435,27.52308490567302,NEUTRAL,program,sensor_drive.py,function,750df67d0c33d1501e8060e5a3b5ce81e437358a154f973070c11cf1d50adae5,左壁追従（超音波のみ）,,250.0,74.84863003452989,44.226325196777594,184.65199917792032,116.31593465212761
22.95,168.21226647518688,562.792126362283,87.97204916343901,21.98072786568816,-1.1059498937871362,27.53918754425536,-3.4560934180848,409,431,375,435,27.53918754425536,NEUTRAL,program,sensor_drive.py,function,750df67d0c33d1501e8060e5a3b5ce81e437358a154f973070c11cf1d50adae5,左壁追従（超音波のみ）,,250.0,74.91732689699306,44.18888037754614,184.3605459703996,115.9178335461184
23.0,169.31106131839186,562.8305210058184,88.0254632462213,21.994936052137618,-1.0686770691754972,27.554717887843545,-3.339615841173429,409,431,375,435,27.554717887843545,NEUTRAL,program,sensor_drive.py,function,750df67d0c33d1501e8060e5a3b5ce81e437358a154f973070c11cf1d50adae5,左壁追従（超音波のみ）,,250.0,74.98349155827759,44.1523774441375,184.08059018436592,115.5184337949411
23.05,170.41058576113713,562.867931840854,88.07711292715004,22.008642561055122,-1.0327308395698507,27.56969548351256,-3.227283873655783,409,431,375,435,27.56969548351256,NEUTRAL,program,sensor_drive.py,function,750df67d0c33d1501e8060e5a3b5ce81e437358a154f973070c11cf1d50adae5,左壁追従（超音波のみ）,,250.0,75.04719618014332,44.11678549473576,183.81164396374757,115.1177693835459
23.1,171.5108132571082,562.9043900461685,88.12705898216797,22.021864216166424,-0.9980656851753166,27.584139297843617,-3.1189552661728643,409,431,375,435,27.584139297843617,NEUTRAL,program,sensor_drive.py,function,750df67d0c33d1501e8060e5a3b5ce81e437358a154f973070c11cf1d50adae5,左壁追従（超音波のみ）,,250.0,75.10851196572919,44.082074723167764,183.55324186232104,114.71587380731113
23.15,172.61171820620046,562.9399258080224,88.17536024037514,22.03461736648042,-0.964637454243914,27.59806772739837,-3.0144920445122314,409,431,375,435,27.59806772739837,NEUTRAL,program,sensor_drive.py,function,750df67d0c33d1501e8060e5a3b5ce81e437358a154f973070c11cf1d50adae5,左壁追従（超音波のみ）,,250.0,75.1675090866426,44.048216380768196,183.30493969227183,114.31278003926344
23.2,173.71327592363332,562.9745683462281,88.22207363241921,22.04691789245863,-0.9324033370501407,27.611498609562442,-2.9137604282816896,409,431,375,435,27.611498609562442,NEUTRAL,program,sensor_drive.py,function,750df67d0c33d1501e8060e5a3b5ce81e437358a154f973070c11cf1d50adae5,左壁追従（超音波のみ）,,250.0,75.22425661831765,44.01518273944939,183.06631344110244,113.90852050171306
23.25,174.8154626098328,563.0083459400071,88.2672542387765,22.058781212804945,-0.9013218391254288,27.62444923369774,-2.816630747266965,409,432,375,435,27.62444923369774,NEUTRAL,program,sensor_drive.py,function,750df67d0c33d1501e8060e5a3b5ce81e437358a154f973070c11cf1d50adae5,左壁追従（超音波のみ）,,250.0,75.27882248316187,43.98294705594702,182.8369582521795,113.50312704197086
23.3,175.9182553210854,563.0412859535974,88.31095533782127,22.070222291781775,-0.8713527538819047,27.636936352549206,-2.722977355880952,409,432,375,435,27.636936352549206,NEUTRAL,program,sensor_drive.py,function,750df67d0c33d1501e8060e5a3b5ce81e437358a154f973070c11cf1d50adae5,左壁追従（超音波のみ）,,250.0,75.33127340103175,43.951483537214436,182.61648746453028,113.09663091182284
23.35,177.0216319409643,563.0734148615727,88.35322845359059,22.081255646970543,-0.8424571347481354,27.648976193854942,-2.632678546087923,409,432,375,435,27.648976193854942,NEUTRAL,program,sensor_drive.py,function,750df67d0c33d1501e8060e5a3b5ce81e437358a154f973070c11cf1d50adae5,左壁追従（超音波のみ）,,250.0,75.38167484658042,43.92076730693602,182.40453170789053,112.68906275046555
23.4,178.1255711525252,563.1047582738408,88.39412340316278,22.09189535740472,-0.8145972669288191,27.66058447211299,-2.5456164591525594,409,432,375,435,27.66058447211299,NEUTRAL,program,sensor_drive.py,function,750df67d0c33d1501e8060e5a3b5ce81e437358a154f973070c11cf1d50adae5,左壁追従（超音波のみ）,,250.0,75.43009101303785,43.89077437313231,182.20073804929098,112.2804525706168
23.45,179.2300524112675,563.1353409602935,88.43368834357136,22.102155072011968,-0.7877366388907465,27.67177640046219,-2.461676996533583,409,432,375,435,27.67177640046219,NEUTRAL,program,sensor_drive.py,function,750df67d0c33d1501e8060e5a3b5ce81e437358a154f973070c11cf1d50adae5,左壁追従（超音波のみ）,,250.0,75.47658478199718,43.86148159682761,182.0047691877608,111.870829747538
23.5,180.3350559188545,563.1651868750791,88.47196981818968,22.112048018308986,-0.7618399136724132,27.682566702636496,-2.380749730226291,409,432,375,435,27.682566702636496,NEUTRAL,program,sensor_drive.py,function,750df67d0c33d1501e8060e5a3b5ce81e437358a154f973070c11cf1d50adae5,左壁追従（超音波のみ）,,250.0,75.52121769878683,43.83286666175229,181.8163026940123,111.46022301072007
23.55,181.44056259758392,563.1943191804794,88.50901280252356,22.1215870112991,-0.7368729001003781,27.692969624958177,-2.3027278128136817,409,432,375,435,27.692969624958177,NEUTRAL,program,sensor_drive.py,function,750df67d0c33d1501e8060e5a3b5ce81e437358a154f973070c11cf1d50adae5,左壁追従（超音波のみ）,,250.0,75.56404995303986,43.80490804505275,181.63503029216056,111.04866043799673
23.6,182.5465540656003,563.222760270368,88.54486074935949,22.130784462527842,-0.712802523993641,27.70299894833598,-2.227507887480128,409,432,375,435,27.70299894833598,NEUTRAL,program,sensor_drive.py,function,750df67d0c33d1501e8060e5a3b5ce81e437358a154f973070c11cf1d50adae5,左壁追従（超音波のみ）,,250.0,75.60514036407118,43.77758498898046,181.4606571808052,110.63616945187137
23.65,183.6530126128377,563.2505317932354,88.57955563322093,22.139652389256366,-0.6895967994279185,27.712668000238367,-2.1549899982122454,409,432,375,435,27.712668000238367,NEUTRAL,program,sensor_drive.py,function,750df67d0c33d1501e8060e5a3b5ce81e437358a154f973070c11cf1d50adae5,左壁追従（超音波のみ）,,250.0,75.64454637069484,43.75087747353145,181.29290139096113,110.22277681785059
23.7,184.7599211776821,563.2776546747658,88.61313799409157,22.14820242371701,-0.6672248001221813,27.72198966661576,-2.0850775003818165,409,432,375,435,27.72198966661576,NEUTRAL,program,sensor_drive.py,function,750df67d0c33d1501e8060e5a3b5ce81e437358a154f973070c11cf1d50adae5,左壁追従（超音波のみ）,,250.0,75.6823240251418,43.72476619001322,181.13149317852577,109.80850864459686
23.75,185.86726332434029,563.304149139954,88.64564698036952,22.156445822418597,-0.6456566310097166,27.730976403745952,-2.0176769719053644,409,432,375,435,27.730976403745952,NEUTRAL,program,sensor_drive.py,function,750df67d0c33d1501e8060e5a3b5ce81e437358a154f973070c11cf1d50adae5,左壁追従（超音波のみ）,,250.0,75.71852799073186,43.69923251550822,180.97617444913766,109.39339038572227
23.8,186.97502322090304,563.3300347347539,88.67712039102196,22.16439347547272,-0.6248634000427955,27.73964024998217,-1.952698125133736,409,432,375,435,27.73964024998217,NEUTRAL,program,sensor_drive.py,function,750df67d0c33d1501e8060e5a3b5ce81e437358a154f973070c11cf1d50adae5,左壁追従（超音波のみ）,,250.0,75.75321154299571,43.67425848821109,180.82669821342583,108.9774468430582
23.85,188.0831856180883,563.3553303472494,88.70759471691491,22.17205591591494,-0.6048171902818015,27.747992837382583,-1.8900537196306297,409,433,375,435,27.747992837382583,NEUTRAL,program,sensor_drive.py,function,750df67d0c33d1501e8060e5a3b5ce81e437358a154f973070c11cf1d50adae5,左壁追従（超音波のみ）,,250.0,75.78642657393291,43.64982678360892,180.68282807081022,108.56070217125128
23.9,189.19173582865082,563.3800542283443,88.7371051812957,22.179443328997717,-0.585491032307315,27.756045403205285,-1.8296594759603595,409,433,375,435,27.756045403205285,NEUTRAL,program,sensor_drive.py,function,750df67d0c33d1501e8060e5a3b5ce81e437358a154f973070c11cf1d50adae5,左壁追従（超音波のみ）,,250.0,75.8182235991371,43.62592069148617,180.54433772011714,108.14317988353966
23.95,190.3006597074438,563.4042240119649,88.76568577941282,22.186565561434264,-0.5668588769956321,27.76380880125182,-1.7714339906113503,409,433,375,435,27.76380880125182,NEUTRAL,program,sensor_drive.py,function,750df67d0c33d1501e8060e5a3b5ce81e437358a154f973070c11cf1d50adae5,左壁追従（超音波のみ）,,250.0,75.84865176750621,43.60252409372262,180.41101049542425,107.72490285858213
24.0,191.40994363211783,563.4278567347745,88.7933693172564,22.19343213057476,-0.5488955686867273,27.771293513047198,-1.7152986521460227,409,433,375,435,27.771293513047198,NEUTRAL,program,sensor_drive.py,function,750df67d0c33d1501e8060e5a3b5ce81e437358a154f973070c11cf1d50adae5,左壁追従（超音波のみ）,,250.0,75.87775887329941,43.57962144286489,180.2826389256196,107.30589334821498
24.05,192.5195744844424,563.4509688554003,88.8201874494132,22.20005223349827,-0.5315768187780893,27.778509658842463,-1.661177558681529,409,433,375,435,27.778509658842463,NEUTRAL,program,sensor_drive.py,function,750df67d0c33d1501e8060e5a3b5ce81e437358a154f973070c11cf1d50adae5,左壁追従（超音波のみ）,,250.0,75.90559137028761,43.55719774144388,180.15902431631878,106.88617298602843
24.1,193.62953963223487,563.4735762731688,88.8461707160252,22.20643475600585,-0.5148791797643624,27.785467008431517,-1.6089974367636324,409,433,375,435,27.785467008431517,NEUTRAL,program,sensor_drive.py,function,750df67d0c33d1501e8060e5a3b5ce81e437358a154f973070c11cf1d50adae5,左壁追従（超音波のみ）,,250.0,75.93219438779006,43.53523852201721,180.03997635281004,106.46576279665571
24.15,194.7398269118822,563.4956943463558,88.87134857885093,22.212588281501702,-0.49878001974844205,27.792174991771482,-1.5586875617138813,409,433,375,435,27.792174991771482,NEUTRAL,program,sensor_drive.py,function,750df67d0c33d1501e8060e5a3b5ce81e437358a154f973070c11cf1d50adae5,左壁追従（超音波のみ）,,250.0,75.95761174837638,43.513729827912684,179.92531272284586,106.04468320568112
24.2,195.85042461143988,563.517337909952,88.8957494564255,22.21852109975113,-0.48325749743784924,27.798642709400895,-1.510179679493279,409,433,375,435,27.798642709400895,NEUTRAL,program,sensor_drive.py,function,750df67d0c33d1501e8060e5a3b5ce81e437358a154f973070c11cf1d50adae5,左壁追従（超音波のみ）,,250.0,75.9818859870508,43.49265819465083,179.81485875813243,105.62295405008005
24.25,196.96132145429326,563.5385212929465,88.91940075832241,22.22424121550512,-0.46829053764635703,27.804878942647353,-1.4634079301448657,409,433,375,435,27.804878942647353,NEUTRAL,program,sensor_drive.py,function,750df67d0c33d1501e8060e5a3b5ce81e437358a154f973070c11cf1d50adae5,左壁追従（超音波のみ）,,250.0,76.00505837172368,43.47201063202413,179.7084470934784,105.20059458910833
24.3,198.07250658336665,563.5592583351344,88.94232891851874,22.229756356983106,-0.45385880730808337,27.81089216362163,-1.4183087728377606,409,433,375,435,27.81089216362163,NEUTRAL,program,sensor_drive.py,function,750df67d0c33d1501e8060e5a3b5ce81e437358a154f973070c11cf1d50adae5,左壁追従（超音波のみ）,,250.0,76.0271689248153,43.451774606812016,179.60591734260274,104.77762351556981
24.35,199.1839695458646,563.5795624034532,88.96455942786969,22.235073984206405,-0.43994269201729375,27.816690544992795,-1.374820912554043,409,433,375,435,27.816690544992795,NEUTRAL,program,sensor_drive.py,function,750df67d0c33d1501e8060e5a3b5ce81e437358a154f973070c11cf1d50adae5,左壁追従（超音波のみ）,,250.0,76.04825644582687,43.43193802611186,179.5071157896859,104.35405896739277
24.4,200.29570027853117,563.5994464078541,88.98611686569785,22.240201297175993,-0.42652327309999977,27.822281969541667,-1.3328852284374992,409,433,375,435,27.822281969541667,NEUTRAL,program,sensor_drive.py,function,750df67d0c33d1501e8060e5a3b5ce81e437358a154f973070c11cf1d50adae5,左壁追従（超音波のみ）,,250.0,76.06835853473474,43.41248922126302,179.4118950958001,103.92991853945479
24.45,201.40768909341207,563.6189228167141,89.00702493050778,22.245145243889283,-0.41358230522393397,27.827674039490027,-1.2924447038247937,409,433,375,435,27.827674039490027,NEUTRAL,program,sensor_drive.py,function,750df67d0c33d1501e8060e5a3b5ce81e437358a154f973070c11cf1d50adae5,左壁追従（超音波のみ）,,250.0,76.08751161607316,43.39341693234756,179.32011401941168,103.50521929559973
24.5,202.51992666410578,563.6380036717964,89.0273064698332,22.24991252819161,-0.40110219454851387,27.832874085604786,-1.253444357964106,409,433,375,435,27.832874085604786,NEUTRAL,program,sensor_drive.py,function,750df67d0c33d1501e8060e5a3b5ce81e437358a154f973070c11cf1d50adae5,左壁追従（超音波のみ）,,250.0,76.10575096358355,43.37471029324498,179.23163715018768,103.07997778079556
24.55,203.63240401248896,563.6567006027657,89.04698350922968,22.254509617458883,-0.3890659774181108,27.837889176075787,-1.2158311794315961,409,433,375,435,27.837889176075787,NEUTRAL,program,sensor_drive.py,function,750df67d0c33d1501e8060e5a3b5ce81e437358a154f973070c11cf1d50adae5,左壁追従（超音波のみ）,,250.0,76.12311072531539,43.35635881722627,179.14633465540456,102.65421003338678
24.6,204.74511249590205,563.6750248412691,89.0660772804236,22.258942750108673,-0.37745729959754093,27.84272612516769,-1.1795540612423154,409,433,375,435,27.84272612516769,NEUTRAL,program,sensor_drive.py,function,750df67d0c33d1501e8060e5a3b5ce81e437358a154f973070c11cf1d50adae5,左壁追従（超音波のみ）,,250.0,76.13962394907482,43.33835238306671,179.0640820382825,102.22793159739928
24.65,205.85804379478182,563.6929872345864,89.08460824863107,22.263217942937693,-0.3662603960503183,27.8473915016457,-1.1445637376572446,409,433,375,435,27.8473915016457,NEUTRAL,program,sensor_drive.py,function,750df67d0c33d1501e8060e5a3b5ce81e437358a154f973070c11cf1d50adae5,左壁追従（超音波のみ）,,250.0,76.15532260811855,43.320681221657665,178.9847599076282,101.80115753486223
24.7,206.9711899007267,563.7105982588613,89.10259613906038,22.2673409982843,-0.3554600712552516,27.85189163697698,-1.1108127226726612,409,433,375,435,27.85189163697698,NEUTRAL,program,sensor_drive.py,function,750df67d0c33d1501e8060e5a3b5ce81e437358a154f973070c11cf1d50adae5,左壁追従（超音波のみ）,,250.0,76.1702376270154,43.30333590310655,178.90825375818508,101.3739024381086
24.75,208.08454310498178,563.727868031922,89.12005996261269,22.27131751101527,-0.34504168005831237,27.856232633309038,-1.0782552501822262,409,433,375,435,27.856232633309038,NEUTRAL,program,sensor_drive.py,function,750df67d0c33d1501e8060e5a3b5ce81e437358a154f973070c11cf1d50adae5,左壁追従（超音波のみ）,,250.0,76.18439890758864,43.286307324302456,178.83445376114094,100.94618044202728
24.8,209.1980959873305,563.744806325699,89.13701804079602,22.275152875336538,-0.3349911090557543,27.86042037122677,-1.0468472157992321,409,433,375,435,27.86042037122677,NEUTRAL,program,sensor_drive.py,function,750df67d0c33d1501e8060e5a3b5ce81e437358a154f973070c11cf1d50adae5,左壁追従（超音波のみ）,,250.0,76.19783535486725,43.26958669693409,178.76325456427455,100.51800523623905
24.85,210.31184140538005,563.76142257825,89.15348802986773,22.278852291428134,-0.32529475850186174,27.86446051729089,-1.016546120318318,409,433,375,435,27.86446051729089,NEUTRAL,program,sensor_drive.py,function,750df67d0c33d1501e8060e5a3b5ce81e437358a154f973070c11cf1d50adae5,左壁追従（超音波のみ）,,250.0,76.21057490298128,43.253165535943204,178.69455510124317,100.0893900771706
24.9,211.42577248422842,563.7777259054,89.16948694422257,22.28242077190399,-0.31593952473602493,27.86835853135999,-0.9873110148000779,409,433,375,435,27.86835853135999,NEUTRAL,program,sensor_drive.py,function,750df67d0c33d1501e8060e5a3b5ce81e437358a154f973070c11cf1d50adae5,左壁追従（超音波のみ）,,250.0,76.2226445409406,43.237035648400166,178.62825840955645,99.66034780000689
24.95,212.53988260650019,563.793725112007,89.1850311790422,22.285863148097604,-0.3069127831208745,27.872119673699636,-0.9591024472527327,409,433,375,435,27.872119673699636,NEUTRAL,program,sensor_drive.py,function,750df67d0c33d1501e8060e5a3b5ce81e437358a154f973070c11cf1d50adae5,左壁追従（超音波のみ）,,250.0,76.23407033824506,43.22118912278537,178.56427145679092,99.2308908305003
25.0,213.6541654027398,563.8094287028623,89.20013653222168,22.2891840761751,-0.29820237148350587,27.875749011881872,-0.9318824108859558,409,434,375,435,27.875749011881872,NEUTRAL,program,sensor_drive.py,function,750df67d0c33d1501e8060e5a3b5ce81e437358a154f973070c11cf1d50adae5,左壁追従（超音波のみ）,,250.0,76.24487747027885,43.205618318662864,178.5025049746366,98.80103119662307
25.05,214.76861474215013,563.8248448932335,89.21481822559213,22.292388043077136,-0.28979657405446674,27.879251427477307,-0.9056142939202085,409,434,375,435,27.879251427477307,NEUTRAL,program,sensor_drive.py,function,750df67d0c33d1501e8060e5a3b5ce81e437358a154f973070c11cf1d50adae5,左壁追従（超音波のみ）,,250.0,76.25509024343769,43.19031585673145,178.4428733004026,98.37078054004719
25.1,215.8832247236654,563.8399816190605,89.22909092545444,22.29547937229185,-0.28168410589108084,27.882631622545382,-0.8802628309096276,409,434,375,435,27.882631622545382,NEUTRAL,program,sensor_drive.py,function,750df67d0c33d1501e8060e5a3b5ce81e437358a154f973070c11cf1d50adae5,左壁追従（超音波のみ）,,250.0,76.26473211996476,43.175274609241846,178.38529422558443,97.94015012743645
25.15,216.99798966734699,563.8548465468141,89.24296876244233,22.298462229460974,-0.27385409778005737,27.885894125924978,-0.8557940555626793,409,434,375,435,27.885894125924978,NEUTRAL,program,sensor_drive.py,function,750df67d0c33d1501e8060e5a3b5ce81e437358a154f973070c11cf1d50adae5,左壁追従（超音波のみ）,,250.0,76.2738257424507,43.16048769076686,178.32968885117972,97.50915086154451
25.2,218.1129041060918,563.8694470830249,89.25646535073054,22.301340627821492,-0.2662960816074258,27.88904329933024,-0.8321752550232056,409,434,375,435,27.88904329933024,NEUTRAL,program,sensor_drive.py,function,750df67d0c33d1501e8060e5a3b5ce81e437358a154f973070c11cf1d50adae5,左壁追従（超音波のみ）,,250.0,76.28239295797148,43.145948449308115,178.27598144940208,96.04056744218349
25.25,219.22796277764226,563.8837903834925,89.26959380660668,22.30411843348554,-0.25899997618792303,27.89208334325503,-0.8093749255872595,409,434,375,435,27.89208334325503,NEUTRAL,program,sensor_drive.py,function,750df67d0c33d1501e8060e5a3b5ce81e437358a154f973070c11cf1d50adae5,左壁追従（超音波のみ）,,250.0,76.2904548418389,43.13165045773365,178.22409933149896,95.15544370634471
25.3,220.34238889733305,563.8977055966991,89.29964009332969,22.281174115015737,-0.5930793955471256,27.752883585188698,-1.8533731110847675,409,433,375,435,27.752883585188698,NEUTRAL,program,sensor_drive.py,function,750df67d0c33d1501e8060e5a3b5ce81e437358a154f973070c11cf1d50adae5,左壁追従（超音波のみ）,,250.0,75.37690316662663,43.117587505529585,178.17397272137075,94.70250998789602
25.35,221.45511474710432,563.9108608533179,89.34565862365719,22.239615590618108,-0.9097046022888999,27.620956415712957,-2.842826882152812,409,432,375,435,27.620956415712957,NEUTRAL,program,sensor_drive.py,function,750df67d0c33d1501e8060e5a3b5ce81e437358a154f973070c11cf1d50adae5,左壁追従（超音波のみ）,,250.0,74.53003619039859,43.106151061460615,178.0207987966404,94.67474160142838
25.4,222.56549245300224,563.9229755486881,89.40414809354019,22.188723434585967,-1.1586294507282653,27.517237728863222,-3.620717033525829,409,431,375,435,27.517237728863222,NEUTRAL,program,sensor_drive.py,function,750df67d0c33d1501e8060e5a3b5ce81e437358a154f973070c11cf1d50adae5,左壁追従（超音波のみ）,,250.0,73.87612853013349,43.09760434361881,177.7702102099462,95.60199837507842
25.45,223.6734058153542,563.9338736757554,89.46869419072078,22.140075889886795,-1.281425659751592,27.466072641770168,-4.0044551867237255,409,430,375,435,27.466072641770168,NEUTRAL,program,sensor_drive.py,function,750df67d0c33d1501e8060e5a3b5ce81e437358a154f973070c11cf1d50adae5,左壁追従（超音波のみ）,,250.0,73.55589472151551,43.09183613533191,177.4435395276181,96.31044744936969
25.5,224.78194893905592,563.9440346965285,89.47724237130802,22.19258913478205,-0.08071617786055611,27.96636825922477,-0.25223805581423786,409,434,375,435,27.96636825922477,NEUTRAL,program,sensor_drive.py,function,750df67d0c33d1501e8060e5a3b5ce81e437358a154f973070c11cf1d50adae5,左壁追従（超音波のみ）,,250.0,76.74383348589112,43.088239272206856,177.0796183021887,96.28429892273871
25.55,225.8927707091164,563.9541325233105,89.48110191647004,22.23358951243989,-0.07643569597936278,27.96815179334193,-0.23886154993550868,409,434,375,435,27.96815179334193,NEUTRAL,program,sensor_drive.py,function,750df67d0c33d1501e8060e5a3b5ce81e437358a154f973070c11cf1d50adae5,左壁追従（超音波のみ）,,250.0,76.74734225179284,43.07818877069927,177.04926522872364,96.29050829866428
25.6,227.00536364586287,563.964171348667,89.48497687681208,22.26533625956538,-0.07661886382958187,27.96807547340434,-0.23943394946744334,409,434,375,435,27.96807547340434,NEUTRAL,program,sensor_drive.py,function,750df67d0c33d1501e8060e5a3b5ce81e437358a154f973070c11cf1d50adae5,左壁追従（超音波のみ）,,250.0,76.73807730878642,43.06759645745937,177.04676353328375,96.29941805568157
25.65,228.1193281474407,563.9741470869827,89.48886398799596,22.289917596980942,-0.07676453419304885,27.96801477741956,-0.23988916935327764,409,434,375,435,27.96801477741956,NEUTRAL,program,sensor_drive.py,function,750df67d0c33d1501e8060e5a3b5ce81e437358a154f973070c11cf1d50adae5,左壁追従（超音波のみ）,,250.0,76.72896926355823,43.057070558861746,177.044051492892,96.30825322547061
25.7,229.23435480244166,563.9840565942452,89.49276036472008,22.308951025926493,-0.07687426221870063,27.967969057408876,-0.24023206943343944,409,434,375,435,27.967969057408876,NEUTRAL,program,sensor_drive.py,function,750df67d0c33d1501e8060e5a3b5ce81e437358a154f973070c11cf1d50adae5,左壁追従（超音波のみ）,,250.0,76.72001722736341,43.046615144095426,177.0411403601261,96.31701121833133
25.75,230.35020405867556,563.9938974581427,89.49666343503668,22.323689409795673,-0.07694960206065125,27.967937665808062,-0.24046750643953518,409,434,375,435,27.967937665808062,NEUTRAL,program,sensor_drive.py,function,750df67d0c33d1501e8060e5a3b5ce81e437358a154f973070c11cf1d50adae5,左壁追従（超音波のみ）,,250.0,76.71121950170362,43.03623329786444,177.03804103170228,96.32569026380791
25.8,231.4666904738405,564.0036678360301,89.50057088797757,22.335103150559668,-0.07699208911383344,27.967919962869235,-0.2406002784807295,409,434,375,435,27.967919962869235,NEUTRAL,program,sensor_drive.py,function,750df67d0c33d1501e8060e5a3b5ce81e437358a154f973070c11cf1d50adae5,左壁追従（超音波のみ）,,250.0,76.70257381018695,43.02592734228679,177.0347640142253,96.33428921683684
25.85,232.58367051556615,564.0133663298116,89.50448063173542,22.34394384677054,-0.07700322789862525,27.967915321708904,-0.24063508718320392,409,434,375,435,27.967915321708904,NEUTRAL,program,sensor_drive.py,function,750df67d0c33d1501e8060e5a3b5ce81e437358a154f973070c11cf1d50adae5,左壁追従（超音波のみ）,,250.0,76.69407747294491,43.0156990079726,177.0313194077946,96.34280740909759
25.9,233.7010331109802,564.0229918892898,89.50839076020651,22.350793606160618,-0.07698448402306632,27.967923131657056,-0.24057651257208224,409,434,375,435,27.967923131657056,NEUTRAL,program,sensor_drive.py,function,750df67d0c33d1501e8060e5a3b5ce81e437358a154f973070c11cf1d50adae5,左壁追従（超音波のみ）,,250.0,76.68572753754538,43.005549565946986,177.02771690163115,96.35124453504882
25.95,234.8186923261873,564.0325437374604,89.51229952615682,22.356103245507096,-0.07693727907614183,27.96794280038494,-0.2404289971129432,409,434,375,435,27.96794280038494,NEUTRAL,program,sensor_drive.py,function,750df67d0c33d1501e8060e5a3b5ce81e437358a154f973070c11cf1d50adae5,左壁追従（超音波のみ）,,250.0,76.67752087696717,42.99547992940849,177.02396577764912,96.35960056458165
26.0,235.9365816956773,564.0420213127252,89.51620531962527,22.360221881977623,-0.07686298761165944,27.967973755161808,-0.24019683628643573,409,434,375,435,27.967973755161808,NEUTRAL,program,sensor_drive.py,function,750df67d0c33d1501e8060e5a3b5ce81e437358a154f973070c11cf1d50adae5,左壁追従（超音波のみ）,,250.0,76.66945426266366,42.985490732254746,177.02007491908475,96.36787567608398
26.05,237.05464982984302,564.0514242241472,89.520106650473,22.363419855866653,-0.07676293561732293,27.96801544349278,-0.23988417380413418,409,434,375,435,27.96801544349278,NEUTRAL,program,sensor_drive.py,function,750df67d0c33d1501e8060e5a3b5ce81e437358a154f973070c11cf1d50adae5,左壁追従（超音波のみ）,,250.0,76.66152441878351,42.975582389715406,177.01605282224128,96.37607020516391
26.1,238.17285701257492,564.0607522167603,89.52400213420941,22.365906487486225,-0.07663840002554018,27.96806733332269,-0.23949500007981306,409,434,375,435,27.96806733332269,NEUTRAL,program,sensor_drive.py,function,750df67d0c33d1501e8060e5a3b5ce81e437358a154f973070c11cf1d50adae5,左壁追従（超音波のみ）,,250.0,76.65372806215875,42.965755145203374,177.01190760998824,96.38418460538274
26.15,239.29117256580906,564.0700051446289,89.52789048041211,22.36784383233486,-0.07649060895069702,27.96812891293721,-0.2390331529709282,409,434,375,435,27.96812891293721,NEUTRAL,program,sensor_drive.py,function,750df67d0c33d1501e8060e5a3b5ce81e437358a154f973070c11cf1d50adae5,左壁追従（超音波のみ）,,250.0,76.64606193154248,42.95600910655548,177.00764704612538,96.39221941819166
26.2,240.40957280818589,564.0791829498869,89.53177048319918,22.36935733633805,-0.07632074241921635,27.96819969065866,-0.23850232006005112,409,434,375,435,27.96819969065866,NEUTRAL,program,sensor_drive.py,function,750df67d0c33d1501e8060e5a3b5ce81e437358a154f973070c11cf1d50adae5,左壁追従（超音波のみ）,,250.0,76.63852280874855,42.946344274098664,177.00327855000683,96.40017524993078
26.25,241.52803947392673,564.0882856463858,89.53564101332864,22.370544089737184,-0.07612993343302549,27.968279194402907,-0.23790604197820464,409,434,375,435,27.968279194402907,NEUTRAL,program,sensor_drive.py,function,750df67d0c33d1501e8060e5a3b5ce81e437358a154f973070c11cf1d50adae5,左壁追従（超音波のみ）,,250.0,76.63110753368157,42.936760562421114,176.9988092110617,96.40805275423938
26.3,242.64655848820863,564.0973133069018,89.53950101158881,22.37147922078098,-0.07591926924613049,27.968366971147447,-0.23724771639415776,409,434,375,435,27.968366971147447,NEUTRAL,program,sensor_drive.py,function,750df67d0c33d1501e8060e5a3b5ce81e437358a154f973070c11cf1d50adae5,左壁追従（超音波のみ）,,250.0,76.6238130147782,42.927257817290744,176.9942458029586,96.41585261861522
26.35,243.7651190186927,564.1062660530887,89.54334948321588,22.37222084842482,-0.07568979277227526,27.968462586344884,-0.2365306024133602,409,434,375,435,27.968462586344884,NEUTRAL,program,sensor_drive.py,function,750df67d0c33d1501e8060e5a3b5ce81e437358a154f973070c11cf1d50adae5,左壁追従（超音波のみ）,,250.0,76.61663623600639,42.917835828837575,176.98959479729263,96.4235755541537
26.4,244.88371274096505,564.1151440475536,89.54718549313014,22.372813918775535,-0.0754425040640784,27.968565623306635,-0.23575782520024502,409,434,375,435,27.968565623306635,NEUTRAL,program,sensor_drive.py,function,750df67d0c33d1501e8060e5a3b5ce81e437358a154f973070c11cf1d50adae5,左壁追従（超音波のみ）,,250.0,76.60957426129076,42.9084943418534,176.9848623767134,96.43122228772567
26.45,246.00233326967808,564.1239474875724,89.55100816182801,22.373293176839013,-0.07517836182519638,27.968675682572833,-0.23493238070373867,409,434,375,435,27.968675682572833,NEUTRAL,program,sensor_drive.py,function,750df67d0c33d1501e8060e5a3b5ce81e437358a154f973070c11cf1d50adae5,左壁追従（超音波のみ）,,250.0,76.60262423701187,42.899233063866035,176.98005444747406,96.43879355602199
26.5,247.1209757180438,564.1326766000765,89.55481666180128,22.373685468439167,-0.0748982849235928,27.968792381281837,-0.2340571403862275,409,434,375,435,27.968792381281837,NEUTRAL,program,sensor_drive.py,function,750df67d0c33d1501e8060e5a3b5ce81e437358a154f973070c11cf1d50adae5,左壁追従（超音波のみ）,,250.0,76.59578339309115,42.89005167150165,176.97517665138994,96.4462901010283
26.55,248.23963635674815,564.1413316376244,89.55861021438193,22.374011523262585,-0.07460315388875075,27.968915352546354,-0.23313485590234606,409,434,375,435,27.968915352546354,NEUTRAL,program,sensor_drive.py,function,750df67d0c33d1501e8060e5a3b5ce81e437358a154f973070c11cf1d50adae5,左壁追従（超音波のみ）,,250.0,76.58904904302395,42.8809498155174,176.97023437722717,96.45371266659829
26.6,249.3583123498746,564.1499128751366,89.5623880869332,22.374287335964674,-0.07429381238112462,27.969044244841196,-0.23216816369101445,409,434,375,435,27.969044244841196,NEUTRAL,program,sensor_drive.py,function,750df67d0c33d1501e8060e5a3b5ce81e437358a154f973070c11cf1d50adae5,左壁追従（超音波のみ）,,250.0,76.58241858314487,42.87192712480993,176.96523277154623,96.46106199586436
26.65,250.47700155047735,564.1584206072271,89.5661495903251,22.374525235921464,-0.07397106862217825,27.969178721407427,-0.23115958944430703,409,434,375,435,27.969178721407427,NEUTRAL,program,sensor_drive.py,function,750df67d0c33d1501e8060e5a3b5ce81e437358a154f973070c11cf1d50adae5,左壁追従（超音波のみ）,,250.0,76.57588949134775,42.86298320963018,176.96017674902134,96.46833882929148
26.7,251.59570234235562,564.1668551459984,89.56989407664287,22.374734715797207,-0.07363569678223769,27.969318459674067,-0.23011155244449277,409,434,375,435,27.969318459674067,NEUTRAL,program,sensor_drive.py,function,750df67d0c33d1501e8060e5a3b5ce81e437358a154f973070c11cf1d50adae5,左壁追従（超音波のみ）,,250.0,76.56945932541335,42.85411766418096,176.95507100226845,96.47554390322298
26.75,252.71441351761217,564.1752168192003,89.57362093709145,22.374923073284577,-0.07328843832310589,27.969463150698704,-0.22902636975970592,409,434,375,435,27.969463150698704,NEUTRAL,program,sensor_drive.py,function,750df67d0c33d1501e8060e5a3b5ce81e437358a154f973070c11cf1d50adae5,左壁追従（超音波のみ）,,250.0,76.56312572106782,42.84533006873636,176.94992001121753,96.48267794880283
26.8,253.83313418192645,564.1835059686747,89.57732960006422,22.37509590812462,-0.07293000329396186,27.969612498627516,-0.2279062602936308,409,434,375,435,27.969612498627516,NEUTRAL,program,sensor_drive.py,function,750df67d0c33d1501e8060e5a3b5ce81e437358a154f973070c11cf1d50adae5,左壁追従（超音波のみ）,,250.0,76.55688638986179,42.836619991386875,176.94472805204578,96.48974169118284
26.85,254.95186368129225,564.1917229490258,89.58101952935078,22.375257507024195,-0.07256107157835665,27.969766220175686,-0.22675334868236452,409,434,375,435,27.969766220175686,NEUTRAL,program,sensor_drive.py,function,750df67d0c33d1501e8060e5a3b5ce81e437358a154f973070c11cf1d50adae5,左壁追従（超音波のみ）,,250.0,76.5507391169439,42.82798698949274,176.93949920570628,96.49673584895278
26.9,256.0706015453771,564.1998681264698,89.58469022246555,22.37541114173793,-0.07218229409668872,27.96992404412638,-0.22556966905215226,409,434,375,435,27.96992404412638,NEUTRAL,program,sensor_drive.py,function,750df67d0c33d1501e8060e5a3b5ce81e437358a154f973070c11cf1d50adae5,左壁追従（超音波のみ）,,250.0,76.54468175876838,42.81943061090781,176.934237366077,96.50366113373494
26.95,257.1893474437539,564.2079418778283,89.58834120908028,22.375559299887488,-0.07179429396077502,27.970085710849677,-0.22435716862742194,409,434,375,435,27.970085710849677,NEUTRAL,program,sensor_drive.py,function,750df67d0c33d1501e8060e5a3b5ce81e437358a154f973070c11cf1d50adae5,左壁追従（超音波のみ）,,250.0,76.53871224078632,42.81095039502339,176.92894624774715,96.51051824990745
27.0,258.3081011520993,564.2159445896357,89.59197204954842,22.37570386367975,-0.07139766758520388,27.970250971839498,-0.22311771120376211,409,434,375,435,27.970250971839498,NEUTRAL,program,sensor_drive.py,function,750df67d0c33d1501e8060e5a3b5ce81e437358a154f973070c11cf1d50adae5,左壁追従（超音波のみ）,,250.0,76.5328285551361,42.80254587366605,176.92362939346745,96.51730789442445
27.05,259.42686252610815,564.2238766573424,89.59558233351203,22.375846248268857,-0.07099298575405982,27.97041958926914,-0.22185308048143693,409,434,375,435,27.97041958926914,NEUTRAL,program,sensor_drive.py,function,750df67d0c33d1501e8060e5a3b5ce81e437358a154f973070c11cf1d50adae5,左壁追従（超音波のみ）,,250.0,76.52702875836538,42.794216571884384,176.91829018127876,96.52403075670867
27.1,260.54563148138175,564.2317384845935,89.5991716785802,22.375987508859858,-0.07058079464605552,27.970591335564144,-0.2205649832689235,409,434,375,435,27.970591335564144,NEUTRAL,program,sensor_drive.py,function,750df67d0c33d1501e8060e5a3b5ce81e437358a154f973070c11cf1d50adae5,左壁追従（超音波のみ）,,250.0,76.52131096919004,42.78596200864128,176.91293183133516,96.53068751860022
27.15,261.6644079779392,564.2395304825725,89.60273972907544,22.376128423601397,-0.07016161682003194,27.97076599299165,-0.2192550525625998,409,434,375,435,27.97076599299165,NEUTRAL,program,sensor_drive.py,function,750df67d0c33d1501e8060e5a3b5ce81e437358a154f973070c11cf1d50adae5,左壁追従（超音波のみ）,,250.0,76.51567336630157,42.7777816974322,176.2607058920849,96.53727885434685
27.2,262.7831920083072,564.2472530693974,89.60628615484012,22.37626955772658,-0.06973595216099306,27.970943353266254,-0.21792485050310328,409,434,375,435,27.970943353266254,NEUTRAL,program,sensor_drive.py,function,750df67d0c33d1501e8060e5a3b5ce81e437358a154f973070c11cf1d50adae5,左壁追従（超音波のみ）,,250.0,76.51011418623162,42.769675146840925,175.3613720054647,96.54380543062632
27.25,263.9019835883774,564.2549066695639,89.6098106500989,22.376411313170806,-0.06930427878826563,27.971123217171556,-0.2165758712133301,409,434,375,435,27.971123217171556,NEUTRAL,program,sensor_drive.py,function,750df67d0c33d1501e8060e5a3b5ce81e437358a154f973070c11cf1d50adae5,左壁追従（超音波のみ）,,250.0,76.50463172128158,42.761641861047366,174.59485522274994,96.55026790659012
27.3,265.01637240514253,564.2631736597871,89.52688335591967,22.230683389896104,2.0106957212117345,27.162210116161777,6.28342412878667,408,441,375,435,27.162210116161777,NEUTRAL,program,sensor_drive.py,function,750df67d0c33d1501e8060e5a3b5ce81e437358a154f973070c11cf1d50adae5,左壁追従（超音波のみ）,,250.0,76.49922431751132,42.7536813402896,40.44796800413385,96.55666693392631
27.35,266.1197254814271,564.2739552574204,89.34024174917067,21.961546766608972,4.090695721211734,26.29554344949511,12.78342412878667,407,448,375,435,26.29554344949511,NEUTRAL,program,sensor_drive.py,function,750df67d0c33d1501e8060e5a3b5ce81e437358a154f973070c11cf1d50adae5,左壁追従（超音波のみ）,,250.0,76.25484756468403,42.73388574127505,38.50883174179426,96.61473833411686
27.4,267.2066815773326,564.28907438876,89.05288532981791,21.596812905648928,6.170695721211734,25.428876782828443,19.28342412878667,406,455,375,435,25.428876782828443,NEUTRAL,program,sensor_drive.py,function,750df67d0c33d1501e8060e5a3b5ce81e437358a154f973070c11cf1d50adae5,左壁追従（超音波のみ）,,250.0,75.7252265044832,42.698392488428354,37.083018383558894,96.73784402833344
27.45,268.27306042516256,564.3101600130774,88.66865400441282,21.158025660691063,8.250695721211734,24.56221011616178,25.78342412878667,405,462,375,435,24.56221011616178,NEUTRAL,program,sensor_drive.py,function,750df67d0c33d1501e8060e5a3b5ce81e437358a154f973070c11cf1d50adae5,左壁追従（超音波のみ）,,250.0,74.92577848202363,42.64658861508767,35.95636059004384,96.92864232387691
27.5,269.3155867636644,564.3386124800029,88.19192001195597,20.661873748981087,10.330695721211734,23.695543449495112,32.28342412878667,404,468,375,435,23.695543449495112,NEUTRAL,program,sensor_drive.py,function,750df67d0c33d1501e8060e5a3b5ce81e437358a154f973070c11cf1d50adae5,左壁追従（超音波のみ）,,250.0,73.8791867229982,42.57865263140513,35.141890818074245,97.19028830145135
27.55,270.33167809954585,564.375587240677,87.6273758912115,20.12128490793812,12.410695721211734,22.828876782828445,38.78342412878667,403,475,375,435,22.828876782828445,NEUTRAL,program,sensor_drive.py,function,750df67d0c33d1501e8060e5a3b5ce81e437358a154f973070c11cf1d50adae5,左壁追従（超音波のみ）,,250.0,72.61320316585656,42.49546451194875,34.780699911305426,97.52645751210936
27.6,271.31928227699194,564.4219906497885,86.97989131111359,19.5462734719365,14.490695721211734,21.962210116161778,45.28342412878667,402,482,375,435,21.962210116161778,NEUTRAL,program,sensor_drive.py,function,750df67d0c33d1501e8060e5a3b5ce81e437358a154f973070c11cf1d50adae5,左壁追従（超音波のみ）,,250.0,71.15861343100183,42.398498367609555,38.83880268123331,97.94133517883758
27.65,272.28398042493524,564.4780030531571,86.37687336833636,19.18248193295462,13.403971417990933,22.415011909170445,41.88741068122167,403,478,375,435,22.415011909170445,NEUTRAL,program,sensor_drive.py,function,750df67d0c33d1501e8060e5a3b5ce81e437358a154f973070c11cf1d50adae5,左壁追従（超音波のみ）,,250.0,69.54746497227374,42.289709607530504,40.15611001364168,98.43958904555721
27.7,273.2347921336334,564.5427802556613,85.83073652874532,18.980333380314374,12.34355510423715,22.856852039901188,38.573609700741095,403,475,375,435,22.856852039901188,NEUTRAL,program,sensor_drive.py,function,750df67d0c33d1501e8060e5a3b5ce81e437358a154f973070c11cf1d50adae5,左壁追従（超音波のみ）,,250.0,68.08270943848892,42.18104461651739,41.47152143381647,98.93584951014215
27.75,274.17852071208864,564.6157092220898,85.33352823653422,18.898494486111534,11.348438963775868,23.271483765093386,35.46387176179959,404,472,375,435,23.271483765093386,NEUTRAL,program,sensor_drive.py,function,750df67d0c33d1501e8060e5a3b5ce81e437358a154f973070c11cf1d50adae5,左壁追従（超音波のみ）,,250.0,66.77814943160308,42.07292803039396,42.74937749830507,99.41656837657722
27.8,275.1202127697364,564.6963481794903,84.87933148698642,18.905648727157562,10.409279307144509,23.662800288689787,32.52899783482659,404,469,375,435,23.662800288689787,NEUTRAL,program,sensor_drive.py,function,750df67d0c33d1501e8060e5a3b5ce81e437358a154f973070c11cf1d50adae5,左壁追従（超音波のみ）,,250.0,65.60357889787825,41.96404574840926,43.99427716479186,99.88325798824398
27.85,276.06358432957484,564.7843448584122,84.46390475296886,18.97804490441886,9.519316132322217,24.033618278199075,29.74786291350693,405,466,375,435,24.033618278199075,NEUTRAL,program,sensor_drive.py,function,750df67d0c33d1501e8060e5a3b5ce81e437358a154f973070c11cf1d50adae5,左壁追従（超音波のみ）,,250.0,64.53680751388194,41.85339598234532,45.20907255337898,100.3369592164432
27.9,277.0113424690439,564.8793868784082,84.0841389429686,19.097618309036793,8.674104496912923,24.38578979295295,27.106576552852886,405,463,375,435,24.38578979295295,NEUTRAL,program,sensor_drive.py,function,750df67d0c33d1501e8060e5a3b5ce81e437358a154f973070c11cf1d50adae5,左壁追従（超音波のみ）,,250.0,63.561636243217194,41.740229899727524,46.39465631821461,100.77812375068571
27.95,277.96542754883626,564.9811725179785,83.7376790673161,19.250587788526104,7.870815838392438,24.720493400669817,24.596299494976368,405,460,375,435,24.720493400669817,NEUTRAL,program,sensor_drive.py,function,750df67d0c33d1501e8060e5a3b5ce81e437358a154f973070c11cf1d50adae5,左壁追従（超音波のみ）,,250.0,62.66592434430796,41.623991089992636,47.550476839979105,101.20677894355616
28.0,278.9271959021957,565.0893942550165,83.422661835089,19.42640759690271,7.10772389295034,25.038448377937357,22.211637165469813,406,458,375,435,25.038448377937357,NEUTRAL,program,sensor_drive.py,function,750df67d0c33d1501e8060e5a3b5ce81e437358a154f973070c11cf1d50adae5,左壁追従（超音波のみ）,,250.0,61.84031979604427,41.50427559710568,48.67497509655663,101.62266996129335
28.05,279.897557899388,565.2037303810023,83.13753361491678,19.6169838788238,6.383826337959347,25.340072359183605,19.94945730612296,406,455,375,435,25.340072359183605,NEUTRAL,program,sensor_drive.py,function,750df67d0c33d1501e8060e5a3b5ce81e437358a154f973070c11cf1d50adae5,左壁追従（超音波のみ）,,250.0,61.077415581780926,41.380804583452274,49.76594866096854,102.0253762228075
28.1,280.8770825742792,565.323841740939,82.88092497675643,19.816088828662778,5.698563891437881,25.62559837856755,17.808012160743377,407,453,375,435,25.62559837856755,NEUTRAL,program,sensor_drive.py,function,750df67d0c33d1501e8060e5a3b5ce81e437358a154f973070c11cf1d50adae5,左壁追従（超音波のみ）,,250.0,60.37118074696553,41.253404678381514,50.82085475468957,102.41440453877073
28.15,281.86607690431623,565.4493740797974,82.65141620691759,20.018922575534006,5.051611307441998,25.895161955232503,15.786285335756244,407,451,375,435,25.895161955232503,NEUTRAL,program,sensor_drive.py,function,750df67d0c33d1501e8060e5a3b5ce81e437358a154f973070c11cf1d50adae5,左壁追従（超音波のみ）,,250.0,59.71657224275052,41.12199300247678,51.83706049180196,102.78926164689213
28.2,282.86464725283236,565.579960209851,82.4476508565387,20.221807514114484,4.442428602954238,26.1489880821024,13.882589384231995,407,449,375,435,26.1489880821024,NEUTRAL,program,sensor_drive.py,function,750df67d0c33d1501e8060e5a3b5ce81e437358a154f973070c11cf1d50adae5,左壁追従（超音波のみ）,,250.0,59.10900545841731,40.98656047658328,52.81248104483732,103.1496505637403
28.25,283.87274734646337,565.7152209311765,82.26843346168067,20.42193613084726,3.870465935064104,26.387305860389958,12.095206047075326,407,447,375,435,26.387305860389958,NEUTRAL,program,sensor_drive.py,function,750df67d0c33d1501e8060e5a3b5ce81e437358a154f973070c11cf1d50adae5,左壁追従（超音波のみ）,,250.0,58.544476588018306,40.84716560568854,53.74529176877681,103.49535933054217
28.3,284.8902145978314,565.8547685575918,82.11255791396854,20.617161087204924,3.335357596505454,26.610267668122727,10.422992489079544,408,445,375,435,26.610267668122727,NEUTRAL,program,sensor_drive.py,function,750df67d0c33d1501e8060e5a3b5ce81e437358a154f973070c11cf1d50adae5,左壁追従（超音波のみ）,,250.0,58.01965420552989,40.70392747103258,54.63362965573565,103.826154085749
28.35,285.91679804993856,565.9982109429396,81.97879953842067,20.805858034115822,2.8365835688545973,26.818090179643917,8.864323652670617,408,444,375,435,26.818090179643917,NEUTRAL,program,sensor_drive.py,function,750df67d0c33d1501e8060e5a3b5ce81e437358a154f973070c11cf1d50adae5,左壁追従（超音波のみ）,,250.0,57.531519038968725,40.55701398280342,55.47608760648105,104.14192997073981
28.4,286.9521804484626,566.1451555079939,81.86591463703684,20.986821322472224,2.373443166710805,27.011065347203832,7.417009895971265,408,442,375,435,27.011065347203832,NEUTRAL,program,sensor_drive.py,function,750df67d0c33d1501e8060e5a3b5ce81e437358a154f973070c11cf1d50adae5,左壁追従（超音波のみ）,,250.0,57.07730342058084,40.40663368590176,56.27175884209915,104.44271518419264
28.45,287.9959958570767,566.2952130888714,81.77264510470906,21.159183884923355,1.9450461381033177,27.189564109123616,6.0782691815728676,408,441,375,435,27.189564109123616,NEUTRAL,program,sensor_drive.py,function,750df67d0c33d1501e8060e5a3b5ce81e437358a154f973070c11cf1d50adae5,左壁追従（超音波のみ）,,250.0,56.65444906167495,40.253027937670325,57.020251836841304,104.72866769860208
28.5,289.0478438564019,566.448001482753,81.69772626258003,21.322354807884548,1.5503175270101723,27.35403436374576,4.844742271906789,409,440,375,435,27.35403436374576,NEUTRAL,program,sensor_drive.py,function,750df67d0c33d1501e8060e5a3b5ce81e437358a154f973070c11cf1d50adae5,左壁追従（超音波のみ）,,250.0,56.260577642930905,40.096463478418435,57.72168008215734,105.00006633649983
28.55,290.10730108842677,566.6031486080085,81.63989647153812,21.475969824737472,1.1880129504754051,27.50499460396858,3.7125404702356413,409,438,375,435,27.50499460396858,NEUTRAL,program,sensor_drive.py,function,750df67d0c33d1501e8060e5a3b5ce81e437358a154f973070c11cf1d50adae5,左壁追従（超音波のみ）,,250.0,55.89347030895056,39.93722545473266,58.37663142659545,105.25729778619404
28.6,291.1739307026972,566.7602952281152,81.59790742442522,21.619851264097534,0.8567412531837352,27.64302447784011,2.6773164161991723,409,437,375,435,27.64302447784011,NEUTRAL,program,sensor_drive.py,function,750df67d0c33d1501e8060e5a3b5ce81e437358a154f973070c11cf1d50adae5,左壁追従（超音波のみ）,,250.0,55.55105326760495,39.77561097004417,58.98612193726649,105.50084098843735
28.65,292.24729011093353,566.9190972146972,81.57053429331643,21.753974971800215,0.5549918285335707,27.76875340477768,1.7343494641674084,409,436,375,435,27.76875340477768,NEUTRAL,program,sensor_drive.py,function,750df67d0c33d1501e8060e5a3b5ce81e437358a154f973070c11cf1d50adae5,左壁追従（超音波のみ）,,250.0,55.23138748275834,39.61192323397002,59.5515391585556,105.73125014764797
28.7,293.3269373494115,567.0792273460082,81.55658514124309,21.8784424609179,0.28116425715213156,27.882848226186614,0.8786383036004111,409,435,375,435,27.882848226186614,NEUTRAL,program,sensor_drive.py,function,750df67d0c33d1501e8060e5a3b5ce81e437358a154f973070c11cf1d50adae5,左壁追従（超音波のみ）,,250.0,54.93266101809825,39.44646636752086,60.07457931404999,105.9491374213644
28.75,294.4124362728124,567.240376654019,81.55490920312025,21.99345708434317,0.033598308453008485,27.986000704811246,0.10499471391565152,409,435,375,435,27.986000704811246,NEUTRAL,program,sensor_drive.py,function,750df67d0c33d1501e8060e5a3b5ce81e437358a154f973070c11cf1d50adae5,左壁追従（超音波のみ）,,250.0,54.65318300779765,39.279540900321486,60.55718245628305,106.15515613050383
28.8,295.50251070468465,567.4021292826958,81.56439640416215,22.070848291512764,-0.189397238184539,27.921084484089775,-0.5918663693266843,409,434,375,435,27.921084484089775,NEUTRAL,program,sensor_drive.py,function,750df67d0c33d1501e8060e5a3b5ce81e437358a154f973070c11cf1d50adae5,左壁追従（超音波のみ）,,250.0,54.391378540549724,39.111439972498566,61.0014688847916,106.34998512293292
28.85,296.59548410673426,567.5640289860854,81.58395152893848,22.115777149825913,-0.3893623035400833,27.8377657068583,-1.2167571985627603,409,433,375,435,27.8377657068583,NEUTRAL,program,sensor_drive.py,function,750df67d0c33d1501e8060e5a3b5ce81e437358a154f973070c11cf1d50adae5,左壁追従（超音波のみ）,,250.0,54.145975266449284,38.942577841513184,61.40936165228101,106.53417119648446
28.9,297.6900447098366,567.7256941743495,81.6125095324254,22.13717506364464,-0.5678195884169293,27.76340850482628,-1.774436213802904,409,433,375,435,27.76340850482628,NEUTRAL,program,sensor_drive.py,function,750df67d0c33d1501e8060e5a3b5ce81e437358a154f973070c11cf1d50adae5,左壁追従（超音波のみ）,,250.0,53.91584474950772,38.77341909827937,61.78282087995699,106.70822803082561
28.95,298.785255506441,567.8868195788913,81.64906200102905,22.141839038020848,-0.7263879966972389,27.697338334709485,-2.2699624896788713,409,432,375,435,27.697338334709485,NEUTRAL,program,sensor_drive.py,function,750df67d0c33d1501e8060e5a3b5ce81e437358a154f973070c11cf1d50adae5,左壁追従（超音波のみ）,,250.0,53.69983169871425,38.60435702997631,62.12407349620768,106.87275228696889
29.0,299.8809868641103,568.0473567817172,81.68056587700272,22.153006193349615,-0.6258257489840264,27.739239271256654,-1.9557054655750825,409,432,375,435,27.739239271256654,NEUTRAL,program,sensor_drive.py,function,750df67d0c33d1501e8060e5a3b5ce81e437358a154f973070c11cf1d50adae5,左壁追従（超音波のみ）,,250.0,53.49678340066288,37.98834526258451,62.43549605876577,107.02839291914825
29.05,300.97792006647217,568.2075979004453,81.69735366240485,22.18364222398295,-0.3331546755843863,27.86118555183984,-1.041108361201207,409,433,375,435,27.86118555183984,NEUTRAL,program,sensor_drive.py,function,750df67d0c33d1501e8060e5a3b5ce81e437358a154f973070c11cf1d50adae5,左壁追従（超音波のみ）,,250.0,53.2865956413353,36.99993113878153,62.76177453476063,107.18839802244963
29.1,302.07621349992513,568.3677097439728,81.71407235711985,22.20750690011195,-0.33138683375483535,27.86192215260215,-1.0355838554838606,409,433,375,435,27.86192215260215,NEUTRAL,program,sensor_drive.py,function,750df67d0c33d1501e8060e5a3b5ce81e437358a154f973070c11cf1d50adae5,左壁追従（超音波のみ）,,250.0,53.05396928809089,36.499126167804285,63.13732003564796,107.3629989044923
29.15,303.17504410460305,568.5274520282353,81.74309041806833,22.207699454364565,-0.574916018053035,27.760451659144568,-1.7966125564157345,409,433,375,435,27.760451659144568,NEUTRAL,program,sensor_drive.py,function,750df67d0c33d1501e8060e5a3b5ce81e437358a154f973070c11cf1d50adae5,左壁追従（超音波のみ）,,250.0,52.82127861030291,36.45547452862162,63.51221005244807,107.53745860551926
29.2,304.2719325878941,568.6859266202713,81.8167471651596,22.137910902879998,-1.5059266168936996,27.37253057629429,-4.706020677792811,409,430,375,435,27.37253057629429,NEUTRAL,program,sensor_drive.py,function,750df67d0c33d1501e8060e5a3b5ce81e437358a154f973070c11cf1d50adae5,左壁追従（超音波のみ）,,250.0,52.607837638221625,37.71781858768487,63.84264328200709,107.69882671426889
29.25,305.3658691288685,568.8424621587421,81.89647228343813,22.077777164896304,-1.5867674240963026,27.33884690662654,-4.958648200300946,409,429,375,435,27.33884690662654,NEUTRAL,program,sensor_drive.py,function,750df67d0c33d1501e8060e5a3b5ce81e437358a154f973070c11cf1d50adae5,左壁追従（超音波のみ）,,250.0,52.46446222312061,37.59881629498487,64.01308970243038,107.81295347991998
29.3,306.4573665253719,568.9970822172533,81.97793483851677,22.02830244498868,-1.6252758226191202,27.32280174057537,-5.0789869456847505,409,429,375,435,27.32280174057537,NEUTRAL,program,sensor_drive.py,function,750df67d0c33d1501e8060e5a3b5ce81e437358a154f973070c11cf1d50adae5,左壁追従（超音波のみ）,,250.0,52.33316741606976,37.43400247528671,64.15627838367057,107.91858317694539
29.35,307.5468967479814,569.1498298987751,82.06082683676993,21.98758687351839,-1.6570982256268838,27.309542405988797,-5.178431955084012,409,429,375,435,27.309542405988797,NEUTRAL,program,sensor_drive.py,function,750df67d0c33d1501e8060e5a3b5ce81e437358a154f973070c11cf1d50adae5,左壁追従（超音波のみ）,,250.0,52.20730766286613,37.27110656254202,64.28748276671463,108.02019745362847
29.4,308.634848155361,569.3007404474548,82.14487585854863,21.954101711288416,-1.6829937547517,27.29875260218679,-5.259355483599062,409,429,375,435,27.29875260218679,NEUTRAL,program,sensor_drive.py,function,750df67d0c33d1501e8060e5a3b5ce81e437358a154f973070c11cf1d50adae5,左壁追従（超音波のみ）,,250.0,52.08636215999123,37.11009058865492,64.4079899866569,108.11818075098302
29.45,309.7243828140087,569.4509416248101,82.14367227860646,22.024766437925344,0.3970062452483,27.83458073114654,1.2406445164009376,409,436,375,435,27.83458073114654,NEUTRAL,program,sensor_drive.py,function,750df67d0c33d1501e8060e5a3b5ce81e437358a154f973070c11cf1d50adae5,左壁追従（超音波のみ）,,250.0,51.96987624335949,36.95092409924483,64.51893400249129,25.72111773478786
29.5,310.81212699144993,569.6019235676539,82.03863775592424,21.92325608071339,2.4770062452483,26.967914064479874,7.740644516400938,408,443,375,435,26.967914064479874,NEUTRAL,program,sensor_drive.py,function,750df67d0c33d1501e8060e5a3b5ce81e437358a154f973070c11cf1d50adae5,左壁追従（超音波のみ）,,250.0,51.72327155586563,36.79375709340247,64.92156824247833,24.50404336248688
29.55,311.8904414458527,569.7545950801124,81.83121609745825,21.68837212495936,4.5570062452483,26.101247397813207,14.240644516400938,407,449,375,435,26.101247397813207,NEUTRAL,program,sensor_drive.py,function,750df67d0c33d1501e8060e5a3b5ce81e437358a154f973070c11cf1d50adae5,左壁追従（超音波のみ）,,250.0,51.317340561267194,36.63758399674771,65.6896080506174,23.828098060684344
29.6,312.953350827636,569.9099565351006,81.52422689163012,21.35017172880985,6.6370062452483,25.234580731146544,20.740644516400938,406,456,375,435,25.234580731146544,NEUTRAL,program,sensor_drive.py,function,750df67d0c33d1501e8060e5a3b5ce81e437358a154f973070c11cf1d50adae5,左壁追従（超音波のみ）,,250.0,50.75733732859653,36.482092527844294,66.83648633544324,23.609862340352425
29.65,313.9961703208881,570.0689861926838,81.12139459762909,20.931938350325932,8.7170062452483,24.367914064479876,27.240644516400938,405,463,375,435,24.367914064479876,NEUTRAL,program,sensor_drive.py,function,750df67d0c33d1501e8060e5a3b5ce81e437358a154f973070c11cf1d50adae5,左壁追従（超音波のみ）,,250.0,50.05290043021324,36.32720681199478,68.38193583881134,24.275431006755003
29.7,315.01521557119037,570.2325655884777,80.62701998267914,20.451708272799525,10.7970062452483,23.50124739781321,33.740644516400934,404,470,375,435,23.50124739781321,NEUTRAL,program,sensor_drive.py,function,750df67d0c33d1501e8060e5a3b5ce81e437358a154f973070c11cf1d50adae5,左壁追従（超音波のみ）,,237.5634556714901,49.21695975515409,36.173154427109765,70.35382896273201,25.88845356667658
29.75,316.0152267071891,570.4016896685139,80.1786120456303,20.17451245700807,9.534905018016548,24.027122909159772,29.79657818130171,405,466,375,435,24.027122909159772,NEUTRAL,program,sensor_drive.py,function,750df67d0c33d1501e8060e5a3b5ce81e437358a154f973070c11cf1d50adae5,左壁追従（超音波のみ）,,223.3474777633623,48.26470653271386,36.02048157505947,72.79010803036532,26.13488065984103
29.8,317.00547279782546,570.5765376516739,79.80006234667184,20.06988354769819,8.069282343814091,24.637799023410796,25.216507324419034,405,461,375,435,24.637799023410796,NEUTRAL,program,sensor_drive.py,function,750df67d0c33d1501e8060e5a3b5ce81e437358a154f973070c11cf1d50adae5,左壁追従（超音波のみ）,,211.57354428764364,47.38964756131442,35.86372641708229,75.1641355088391,26.38850089875595
29.85,317.99318506895224,570.7570870631662,79.48617631394916,20.089271454024022,6.73225760828482,25.19489266321466,21.03830502589006,406,457,375,435,25.19489266321466,NEUTRAL,program,sensor_drive.py,function,750df67d0c33d1501e8060e5a3b5ce81e437358a154f973070c11cf1d50adae5,左壁追従（超音波のみ）,,202.26149275566635,46.616773632217345,35.70064423108442,77.34727487793953,26.645734208957872
29.9,318.9835048930049,570.9432171324994,79.22824357093805,20.195125389344856,5.52305838064751,25.698725674730206,17.25955743952347,407,453,375,435,25.698725674730206,NEUTRAL,program,sensor_drive.py,function,750df67d0c33d1501e8060e5a3b5ce81e437358a154f973070c11cf1d50adae5,左壁追従（超音波のみ）,,194.85551627029025,45.93223907106738,35.5304304021137,79.32875511516143,26.905753724031946
29.95,319.979987638961,571.1346970061516,79.02024015503991,20.35927233836595,4.4295001578763165,26.1543749342182,13.842187993363488,407,449,375,435,26.1543749342182,NEUTRAL,program,sensor_drive.py,function,750df67d0c33d1501e8060e5a3b5ce81e437358a154f973070c11cf1d50adae5,左壁追従（超音波のみ）,,188.89180443506407,45.31975497705675,35.35284673341428,81.12023321298406,27.168319440863556
30.0,320.9849986540446,571.3311853660617,78.85725481525975,20.560438135625407,3.444264518369157,26.564889784012852,10.763326619903616,408,446,375,435,26.564889784012852,NEUTRAL,program,sensor_drive.py,function,750df67d0c33d1501e8060e5a3b5ce81e437358a154f973070c11cf1d50adae5,左壁追従（超音波のみ）,,184.0699451983465,44.76823097781278,35.16786366102298,82.72728868482596,27.43298451448301
30.05,322.0000070301179,571.5322465942728,78.73501288675988,20.782590198180074,2.5613980283482807,26.93275082152155,8.004368838588377,408,443,375,435,26.93275082152155,NEUTRAL,program,sensor_drive.py,function,750df67d0c33d1501e8060e5a3b5ce81e437358a154f973070c11cf1d50adae5,左壁追従（超音波のみ）,,180.17740651145942,44.269215437086665,34.97566776966636,84.15495194852122,27.69920900234166
30.1,323.0254738600524,571.7373538257634,78.64363235069641,21.00273602241437,1.9216488789560275,27.199312967101655,6.005152746737586,408,441,375,435,27.199312967101655,NEUTRAL,program,sensor_drive.py,function,750df67d0c33d1501e8060e5a3b5ce81e437358a154f973070c11cf1d50adae5,左壁追従（超音波のみ）,,177.05710646841305,43.81596940866715,34.776628813780206,85.40909410607244,27.96639974206842
30.15,324.06065256950495,571.9459887445876,78.56633734282389,21.19668845355593,1.609897773517389,27.32920926103442,5.03093054224184,409,440,375,435,27.32920926103442,NEUTRAL,program,sensor_drive.py,function,750df67d0c33d1501e8060e5a3b5ce81e437358a154f973070c11cf1d50adae5,左壁追従（超音波のみ）,,174.4901150713021,43.39581011561488,34.57169233682299,86.52869245962756,28.2348478463891
30.2,325.10445622111854,572.1576952955036,78.50300554182928,21.369612849727467,1.3079656161161188,27.455014326618283,4.087392550362871,409,439,375,435,27.455014326618283,NEUTRAL,program,sensor_drive.py,function,750df67d0c33d1501e8060e5a3b5ce81e437358a154f973070c11cf1d50adae5,左壁追従（超音波のみ）,,172.17351031364885,42.988607344670115,34.36239329348242,87.59457626063119,28.50616628216163
30.25,326.1560178943392,572.3720543544462,78.45342323710213,21.525475782374844,1.0163145768926665,27.57653559296139,3.175983052789583,409,438,375,435,27.57653559296139,NEUTRAL,program,sensor_drive.py,function,750df67d0c33d1501e8060e5a3b5ce81e437358a154f973070c11cf1d50adae5,左壁追従（超音波のみ）,,170.0940541108527,42.59444889824135,34.1491371788318,88.60288559349513,28.779631875052488
30.3,327.2146392931543,572.5886772505222,78.41730718530005,21.667324923642212,0.7352773261514972,27.693634447436875,2.2977416442234286,409,437,375,435,27.693634447436875,NEUTRAL,program,sensor_drive.py,function,750df67d0c33d1501e8060e5a3b5ce81e437358a154f973070c11cf1d50adae5,左壁追従（超音波のみ）,,168.2390445716546,42.213297714473505,33.93230469774563,89.55061713886377,29.05458586972979
30.35,328.2797513262888,572.8072007174309,78.39432101870386,21.797503844824224,0.465083835775622,27.806215068426823,1.4533869867988187,409,436,375,435,27.806215068426823,NEUTRAL,program,sensor_drive.py,function,750df67d0c33d1501e8060e5a3b5ce81e437358a154f973070c11cf1d50adae5,左壁追従（超音波のみ）,,166.59655825706923,41.8450300729473,33.712257312763406,90.4355366531939,29.330425432713504
30.4,329.3508838749154,573.0272829878921,78.38408764253234,21.917816888824778,0.20588159853924254,27.91421600060865,0.6433799954351329,409,435,375,435,27.91421600060865,NEUTRAL,program,sensor_drive.py,function,750df67d0c33d1501e8060e5a3b5ce81e437358a154f973070c11cf1d50adae5,左壁追従（超音波のみ）,,165.1555710457832,41.4894632153515,33.489341346969596,91.2561053049412,29.606596982437562
30.45,330.42745484283455,573.2485622077487,78.3861983233462,22.023308219223576,-0.04224907183795267,27.98239622006752,-0.1320283494936021,409,434,375,435,27.98239622006752,NEUTRAL,program,sensor_drive.py,function,750df67d0c33d1501e8060e5a3b5ce81e437358a154f973070c11cf1d50adae5,左壁追従（超音波のみ）,,163.90600175721926,41.14637520255189,33.26389095384147,92.01141546284585,29.882590954297154
30.5,331.5079936851395,573.4704986439929,78.40019983001412,22.087222993244694,-0.27924206963987447,27.883649137650053,-0.8726314676246076,409,434,375,435,27.883649137650053,NEUTRAL,program,sensor_drive.py,function,750df67d0c33d1501e8060e5a3b5ce81e437358a154f973070c11cf1d50adae5,左壁追従（超音波のみ）,,162.83889413024687,40.81557678770987,33.03626989830731,92.70101247837056,30.15788967064445
30.55,332.5908117101813,573.6925155296863,78.42556758906937,22.119783249407288,-0.5048889916470694,27.78962958681372,-1.5777780988970918,409,433,375,435,27.78962958681372,NEUTRAL,program,sensor_drive.py,function,750df67d0c33d1501e8060e5a3b5ce81e437358a154f973070c11cf1d50adae5,左壁追従（超音波のみ）,,161.94685565017,40.49713310446694,32.80703441984508,93.32446391284778,30.431774171456368
30.6,333.67465073943043,573.9141354363553,78.46172523710908,22.1289201551436,-0.719019791075707,27.700408420385124,-2.2469368471115843,409,432,375,435,27.700408420385124,NEUTRAL,program,sensor_drive.py,function,750df67d0c33d1501e8060e5a3b5ce81e437358a154f973070c11cf1d50adae5,左壁追従（超音波のみ）,,161.222824826149,40.19112077385468,32.57679031729902,93.8819531414206,30.703506071074617
30.65,334.75858535530546,574.1349619735599,78.50807055201443,22.120777719475353,-0.9216316128230733,27.615986827990387,-2.880098790072104,409,431,375,435,27.615986827990387,NEUTRAL,program,sensor_drive.py,function,750df67d0c33d1501e8060e5a3b5ce81e437358a154f973070c11cf1d50adae5,左壁追従（超音波のみ）,,160.6595612882072,39.8974439558137,32.34605097069972,94.37458593848602,30.972495141418023
30.7,335.8419467824499,574.3546649336138,78.56399364796937,22.10010639581582,-1.1128434377432586,27.53631523427364,-3.477635742947683,409,431,375,435,27.53631523427364,NEUTRAL,program,sensor_drive.py,function,750df67d0c33d1501e8060e5a3b5ce81e437358a154f973070c11cf1d50adae5,左壁追従（超音波のみ）,,160.24998802505198,39.61588905024388,32.115253646253656,94.80415688779878,31.238272074005764
30.75,336.9242636500047,574.5729682476048,78.6288894786378,22.07057055790107,-1.2928617948764258,27.461307585468155,-4.040193108988831,409,430,375,435,27.461307585468155,NEUTRAL,program,sensor_drive.py,function,750df67d0c33d1501e8060e5a3b5ce81e437358a154f973070c11cf1d50adae5,左壁追従（超音波のみ）,,159.98740059361057,39.3461645694494,31.88477274451217,95.17296292391048,31.500466239640023
30.8,338.00521592165603,574.789640232059,78.7021662007802,22.034988621835616,-1.4619549483706715,27.390852104845553,-4.568609213658348,409,430,375,435,27.390852104845553,NEUTRAL,program,sensor_drive.py,function,750df67d0c33d1501e8060e5a3b5ce81e437358a154f973070c11cf1d50adae5,左壁追従（超音波のみ）,,159.86558658013564,39.087929985277704,31.654930569385332,95.48365522940612,31.758787558114832
30.85,339.08459909341417,575.0044856979758,78.78325056086555,21.995520508087512,-1.6204335417738798,27.324819357594215,-5.0638548180433745,409,429,375,435,27.324819357594215,NEUTRAL,program,sensor_drive.py,function,750df67d0c33d1501e8060e5a3b5ce81e437358a154f973070c11cf1d50adae5,左壁追従（超音波のみ）,,159.87888551982041,38.84081641931791,31.42600608327914,95.73912216030307,32.013011736553864
30.9,340.1622963950011,575.217339570369,78.87159116548514,21.95381394281742,-1.768636142706673,27.263068273872218,-5.5269879459583535,409,429,375,435,27.263068273872218,NEUTRAL,program,sensor_drive.py,function,750df67d0c33d1501e8060e5a3b5ce81e437358a154f973070c11cf1d50adae5,左壁追従（超音波のみ）,,160.0222101446685,38.60444132508801,31.198242026101706,95.94239715894793,32.26296825911953
30.95,341.2382572277956,575.4280617299763,78.96666026665167,21.91111859612791,-1.9069184936923806,27.205450627628174,-5.95912029278869,409,428,375,435,27.205450627628174,NEUTRAL,program,sensor_drive.py,function,750df67d0c33d1501e8060e5a3b5ce81e437358a154f973070c11cf1d50adae5,左壁追従（超音波のみ）,,160.2910432409148,38.37841876405786,30.971850706081078,96.09658672476581,32.508530616733744
31.0,342.31248046064485,575.6365328416349,79.06795452048607,21.86837509558267,-2.0356455577383894,27.151814350942338,-6.361392367932467,408,428,375,435,27.151814350942338,NEUTRAL,program,sensor_drive.py,function,750df67d0c33d1501e8060e5a3b5ce81e437358a154f973070c11cf1d50adae5,左壁追従（超音波のみ）,,160.68141979070236,38.162366464837994,30.747018713777827,96.2048144508527,32.74960835550099
31.05,343.38500150817543,575.842650977654,79.1749950495124,21.826284419214957,-2.1551856659562394,27.102005972518235,-6.7349552061132485,408,427,375,435,27.102005972518235,NEUTRAL,program,sensor_drive.py,function,750df67d0c33d1501e8060e5a3b5ce81e437358a154f973070c11cf1d50adae5,左壁追従（超音波のみ）,,161.18990087608307,37.9559105457158,30.52391076442001,96.27017791189931,32.98614059862462
31.1,344.4558823530528,576.0463288807379,79.28732704430422,21.785361971224866,-2.265906242535266,27.055872398943638,-7.080957007922706,408,427,375,435,27.055872398943638,NEUTRAL,program,sensor_drive.py,function,750df67d0c33d1501e8060e5a3b5ce81e437358a154f973070c11cf1d50adae5,左壁追従（超音波のみ）,,161.81354361970324,37.75868855002337,30.302672835659052,96.29571582481604,33.2180907603925
31.15,345.52520385848186,576.2474917407893,79.40451907119905,21.745979703561463,-2.368170710793927,27.013262203835865,-7.400533471231022,408,427,375,435,27.013262203835865,NEUTRAL,program,sensor_drive.py,function,750df67d0c33d1501e8060e5a3b5ce81e437358a154f973070c11cf1d50adae5,左壁追従（超音波のみ）,,162.54986992771177,37.57035127229468,30.083434736571025,96.2843834179108,33.445442223832664
31.2,346.59305986147064,576.446075384308,79.52616220273478,21.70839891108126,-2.4623362817565635,26.9740265492681,-7.694800880489261,408,426,375,435,26.9740265492681,NEUTRAL,program,sensor_drive.py,function,750df67d0c33d1501e8060e5a3b5ce81e437358a154f973070c11cf1d50adae5,左壁追従（超音波のみ）,,163.3968357749098,37.390563725937305,29.866312218015,96.23903435741498,33.668194797368976
31.25,347.6595526498974,576.6420247949561,79.65186905142156,21.67279575265606,-2.5487524008168863,26.938019832992964,-7.964851252552769,408,426,375,435,26.938019832992964,NEUTRAL,program,sensor_drive.py,function,750df67d0c33d1501e8060e5a3b5ce81e437358a154f973070c11cf1d50adae5,左壁追従（超音波のみ）,,164.35280208116245,37.21900550897005,29.651408713372824,96.1624079097923,33.886361801626364
31.3,348.72478951416633,576.8352928999714,79.78127276169488,21.639281100730425,-2.627759684075479,26.905100131635216,-8.211749012735872,408,426,375,435,26.905100131635216,NEUTRAL,program,sensor_drive.py,function,750df67d0c33d1501e8060e5a3b5ce81e437358a154f973070c11cf1d50adae5,左壁追従（超音波のみ）,,165.41650776795666,37.055370754820565,29.43881678146109,96.05712028041279,34.099967666683696
31.35,349.7888801326594,577.0258395701262,79.91402599661996,21.607915970166083,-2.6996892181861427,26.87512949242244,-8.436528806831696,408,426,375,435,26.87512949242244,NEUTRAL,program,sensor_drive.py,function,750df67d0c33d1501e8060e5a3b5ce81e437358a154f973070c11cf1d50adae5,左壁追従（超音波のみ）,,166.58704528202176,36.899367803875485,29.228619309368117,95.92565927735902,34.309045943649146
31.4,350.8519346035264,577.2136307914118,80.0497999430583,21.578723502410643,-2.7648621293343947,26.847974112777337,-8.640194154169983,408,425,375,435,26.847974112777337,NEUTRAL,program,sensor_drive.py,function,750df67d0c33d1501e8060e5a3b5ce81e437358a154f973070c11cf1d50adae5,左壁追従（超音波のみ）,,167.86383867903373,36.75071869372177,29.02089052157346,95.77038161449525,34.51363765344385
31.45,351.91406197692015,577.3986379750351,80.18828335005145,21.551698266364156,-2.823589350841612,26.823504437149328,-8.823716721380038,408,425,375,435,26.823504437149328,NEUTRAL,program,sensor_drive.py,function,750df67d0c33d1501e8060e5a3b5ce81e437358a154f973070c11cf1d50adae5,左壁追従（超音波のみ）,,169.24662423975505,36.60915853827383,28.815696832491028,95.59351229950786,34.71378991092161
31.5,352.9753691741731,577.5808373790564,80.32918160900311,21.52681346968649,-2.876171536770237,26.8015951930124,-8.98803605240699,408,425,375,435,26.8015951930124,NEUTRAL,program,sensor_drive.py,function,750df67d0c33d1501e8060e5a3b5ce81e437358a154f973070c11cf1d50adae5,左壁追従（超音波のみ）,,170.7354335195535,36.47443484566986,28.61309757215694,95.39714565760858,34.909554774647816
31.55,354.03596020563896,577.760209620369,80.47221588005368,21.504026543428786,-2.9228990823071332,26.78212538237203,-9.134059632209791,408,425,375,435,26.78212538237203,NEUTRAL,program,sensor_drive.py,function,750df67d0c33d1501e8060e5a3b5ce81e437358a154f973070c11cf1d50adae5,左壁追従（超音波のみ）,,172.33057869347613,36.346306809943805,28.413145608807355,95.1832476257906,35.10098828240081
31.6,355.0959356185753,577.936739260013,80.61712226624252,21.48328346075244,-2.964052221691288,26.764978240961963,-9.262663192785276,408,425,375,435,26.764978240961963,NEUTRAL,program,sensor_drive.py,function,750df67d0c33d1501e8060e5a3b5ce81e437358a154f973070c11cf1d50adae5,左壁追従（超音波のみ）,,174.0326400418407,36.22454460068826,28.215887887323106,94.95365902026326,35.28814964021046
31.65,356.15539212174093,578.1104144482329,80.76365103523915,21.46452207083124,-2.9999011819362953,26.75004117419321,-9.374691193550923,408,425,375,435,26.75004117419321,NEUTRAL,program,sensor_drive.py,function,750df67d0c33d1501e8060e5a3b5ce81e437358a154f973070c11cf1d50adae5,左壁追従（超音波のみ）,,175.84245541764219,36.10892866705548,28.02136589869447,94.71009953462372,35.47110053892744
31.7,357.21395806783914,578.2810531276723,80.92196975230047,21.431584149904175,-3.2449032882933255,26.647956963211115,-10.140322775916642,408,424,375,435,26.647956963211115,NEUTRAL,program,sensor_drive.py,function,750df67d0c33d1501e8060e5a3b5ce81e437358a154f973070c11cf1d50adae5,左壁追従（超音波のみ）,,177.76111154208303,35.99924906679806,27.82961609261831,94.45417227098116,35.649904577230195
31.75,358.27103634371224,578.4483424054816,81.09235699574526,21.387043713581534,-3.498169699881329,26.54242929171611,-10.931780312129154,408,423,375,435,26.54242929171611,NEUTRAL,program,sensor_drive.py,function,750df67d0c33d1501e8060e5a3b5ce81e437358a154f973070c11cf1d50adae5,左壁追従（超音波のみ）,,180.01240093450673,35.907315360908704,27.640052095754907,94.13463386574047,35.82218969709438
31.8,359.32619820040634,578.6120097801926,81.27373861077433,21.334989933488558,-3.7318086177176553,26.445079742617644,-11.661901930367673,408,422,375,435,26.445079742617644,NEUTRAL,program,sensor_drive.py,function,750df67d0c33d1501e8060e5a3b5ce81e437358a154f973070c11cf1d50adae5,左壁追従（超音波のみ）,,182.63128302070373,35.83413334765874,27.45300078717644,93.75129055421355,35.987564852567
31.85,360.37918301902806,578.7718338649929,81.46507990997941,21.278564149752775,-3.9461700568718534,26.355762476303394,-12.331781427724541,407,422,375,435,26.355762476303394,NEUTRAL,program,sensor_drive.py,function,750df67d0c33d1501e8060e5a3b5ce81e437358a154f973070c11cf1d50adae5,左壁追従（超音波のみ）,,185.62759301163686,35.779153618801956,27.268854616099404,93.31092487704473,36.14599063542851
31.9,361.42985821877545,578.9276355450871,81.66539076462055,21.22016674024985,-4.141693684150181,26.274294298270757,-12.942792762969315,407,421,375,435,26.274294298270757,NEUTRAL,program,sensor_drive.py,function,750df67d0c33d1501e8060e5a3b5ce81e437358a154f973070c11cf1d50adae5,左壁追従（超音波のみ）,,189.01405249168738,35.74180774491645,27.087951268549393,92.82013032426362,36.29748995812851
31.95,362.47818802423023,579.079270753471,81.87372796161128,21.161619337934464,-4.31888261651124,26.20046557645365,-13.496508176597624,407,420,375,435,26.20046557645365,NEUTRAL,program,sensor_drive.py,function,750df67d0c33d1501e8060e5a3b5ce81e437358a154f973070c11cf1d50adae5,左壁追従（超音波のみ）,,192.80652291784514,35.721521626587766,26.91058160355748,92.28521711014932,36.44213331047835
32.0,363.5242091643268,579.2266245804333,82.08919570383068,21.10429198356234,-4.478283549036879,26.134048521234632,-13.994636090740249,407,420,375,435,26.134048521234632,NEUTRAL,program,sensor_drive.py,function,750df67d0c33d1501e8060e5a3b5ce81e437358a154f973070c11cf1d50adae5,左壁追従（超音波のみ）,,197.0242785147323,35.717724148167086,26.736996288988347,91.71215018097502,36.580026941732314
32.05,364.5680119925111,579.369606477495,82.31094488794542,21.04920275005556,-4.620471754165048,26.074803435764565,-14.438974231765775,407,419,375,435,26.074803435764565,NEUTRAL,program,sensor_drive.py,function,750df67d0c33d1501e8060e5a3b5ce81e437358a154f973070c11cf1d50adae5,左壁追従（超音波のみ）,,201.69031761700265,35.729852463394714,26.567411342397175,91.10651196911593,36.71130342765854
32.1,365.6097258447286,579.5081463561447,82.53817161195417,20.99709576151294,-4.74603981901144,26.022483408745234,-14.83137443441075,407,419,375,435,26.022483408745234,NEUTRAL,program,sensor_drive.py,function,750df67d0c33d1501e8060e5a3b5ce81e437358a154f973070c11cf1d50adae5,左壁追従（超音波のみ）,,206.83172944437757,35.75735489014813,26.402012753578024,90.4734838422506,36.83611417344506
32.15,366.6495077083911,579.6421914159132,82.77011523035281,20.94850226094523,-4.855589243661034,25.976837815141238,-15.17371638644073,407,419,375,435,25.976837815141238,NEUTRAL,program,sensor_drive.py,function,750df67d0c33d1501e8060e5a3b5ce81e437358a154f973070c11cf1d50adae5,左壁追従（超音波のみ）,,212.4801329473358,35.79969212955287,26.240960339809217,89.81784142345035,36.954623482421724
32.2,367.6875334765643,579.7717035654666,83.00605617678332,20.903788382805434,-4.949724223687907,25.937614906796703,-15.46788819902471,407,418,375,435,25.937614906796703,NEUTRAL,program,sensor_drive.py,function,750df67d0c33d1501e8060e5a3b5ce81e437358a154f973070c11cf1d50adae5,左壁追従（超音波のみ）,,218.67220547846927,35.856337330727115,26.084390962015927,89.14395998229462,37.06700388793696
32.25,368.72399121923104,579.8966573249637,83.24531370325138,20.86319250156773,-5.02904709617324,25.904563709927817,-15.715772175541375,407,418,375,435,25.904563709927817,NEUTRAL,program,sensor_drive.py,function,750df67d0c33d1501e8060e5a3b5ce81e437358a154f973070c11cf1d50adae5,左壁追従（超音波のみ）,,225.45032153342888,35.92677537949539,25.932421210022447,88.45582693682631,37.17343250224382
32.3,369.75907602700573,580.0170381184463,83.48724363443768,20.826854410573976,-5.094155049420898,25.877435396074624,-15.919234529440306,407,418,375,435,25.877435396074624,NEUTRAL,program,sensor_drive.py,function,750df67d0c33d1501e8060e5a3b5ce81e437358a154f973070c11cf1d50adae5,左壁追従（超音波のみ）,,232.86332572125252,36.010501684516825,25.785149647604143,87.75705918438295,37.274088183074184
32.35,370.7929860794441,580.1328408820316,83.73123619992367,20.794838100372473,-5.145637789957063,25.855984254184555,-16.080118093615823,407,418,375,435,25.855984254184555,NEUTRAL,program,sensor_drive.py,function,750df67d0c33d1501e8060e5a3b5ce81e437358a154f973070c11cf1d50adae5,左壁追従（超音波のみ）,,240.96746966615413,36.107020657623764,25.642658693026757,87.05092352088312,37.36914935702846
32.4,371.8259196659056,580.2440689276665,83.97671398224537,20.767149524679226,-5.184075932267592,25.83996836155517,-16.200237288336226,407,417,375,435,25.83996836155517,NEUTRAL,program,sensor_drive.py,function,750df67d0c33d1501e8060e5a3b5ce81e437358a154f973070c11cf1d50adae5,左壁追従（超音波のみ）,,249.8275500736756,36.21584402940033,25.505016197961844,86.34035883623129,37.45879237020024
32.45,372.85807294629086,580.3507330136396,84.22313000156817,20.74375044273576,-5.210039931911062,25.829150028370393,-16.28137478722207,407,417,375,435,25.829150028370393,NEUTRAL,program,sensor_drive.py,function,750df67d0c33d1501e8060e5a3b5ce81e437358a154f973070c11cf1d50adae5,左壁追従（超音波のみ）,,250.0,36.336489100631475,25.372276776868294,85.62799910924086,37.543190261803126
32.5,373.88970470417536,580.4528699562723,84.46855806479027,20.726820700713876,-5.194117344855811,25.83578443964341,-16.23161670267441,407,417,375,435,25.83578443964341,NEUTRAL,program,sensor_drive.py,function,750df67d0c33d1501e8060e5a3b5ce81e437358a154f973070c11cf1d50adae5,左壁追従（超音波のみ）,,250.0,36.46847700115811,25.244482929893383,84.9161964867361,37.62251187697432
32.55,374.92158568095545,580.5506772023158,84.7021893873632,20.732304958923024,-4.946531469660388,25.938945220974837,-15.457910842688712,407,418,375,435,25.938945220974837,NEUTRAL,program,sensor_drive.py,function,750df67d0c33d1501e8060e5a3b5ce81e437358a154f973070c11cf1d50adae5,左壁追従（超音波のみ）,,250.0,36.609473159653106,25.121727646260442,84.21249862192093,37.697194202132046
32.6,375.95460170362117,580.6444408653872,84.92511321097447,20.753761975286878,-4.717449388228954,26.034396088237937,-14.742029338215483,407,419,375,435,26.034396088237937,NEUTRAL,program,sensor_drive.py,function,750df67d0c33d1501e8060e5a3b5ce81e437358a154f973070c11cf1d50adae5,左壁追従（超音波のみ）,,250.0,36.74511325121714,25.00442907340061,83.55782211333077,37.76938826902743
32.65,376.98937178967503,580.7343952737685,85.1382189361679,20.78638317999347,-4.504460698692741,26.12314137554469,-14.076439683414815,407,420,375,435,26.12314137554469,NEUTRAL,program,sensor_drive.py,function,750df67d0c33d1501e8060e5a3b5ce81e437358a154f973070c11cf1d50adae5,左壁追従（超音波のみ）,,250.0,36.87600640833744,24.892189613869526,82.94637882591842,37.839170231277215
32.7,378.0263162911151,580.8207367245761,85.3422448554204,20.82659151144588,-4.305597276964722,26.206001134598033,-13.454991490514756,407,420,375,435,26.206001134598033,NEUTRAL,program,sensor_drive.py,function,750df67d0c33d1501e8060e5a3b5ce81e437358a154f973070c11cf1d50adae5,左壁追従（超音波のみ）,,250.0,37.0026410122913,24.784684136558685,82.3734376234472,37.906602570865005
32.75,379.0657083380086,580.9036334023306,85.53781339090841,20.8717384159486,-4.119230013544324,26.2836541610232,-12.872593792326011,407,421,375,435,26.2836541610232,NEUTRAL,program,sensor_drive.py,function,750df67d0c33d1501e8060e5a3b5ce81e437358a154f973070c11cf1d50adae5,左壁追従（超音波のみ）,,250.0,37.125412677210896,24.681641165112996,81.83507243773637,37.97173877187983
32.8,380.1077126345883,580.9832325520616,85.72545688187267,20.91987471377841,-3.943994505377236,26.35666895609282,-12.324982829303863,407,422,375,435,26.35666895609282,NEUTRAL,program,sensor_drive.py,function,750df67d0c33d1501e8060e5a3b5ce81e437358a154f973070c11cf1d50adae5,左壁追従（超音波のみ）,,250.0,37.24464466527516,24.5828293104032,81.32798128511696,38.03462670372353
32.85,381.1524146712423,581.0596656789336,85.90563667874198,20.96957719865097,-3.778736534853018,26.425526443811243,-11.808551671415682,408,422,375,435,26.425526443811243,NEUTRAL,program,sensor_drive.py,function,750df67d0c33d1501e8060e5a3b5ce81e437358a154f973070c11cf1d50adae5,左壁追従（超音波のみ）,,250.0,37.36060302096989,24.48804742827821,80.84935396018959,38.09531101071542
32.9,382.19984267221395,581.1330523246718,86.07875744694951,21.01981737642448,-3.62247131401263,26.49063695249474,-11.320222856289469,408,423,375,435,26.49063695249474,NEUTRAL,program,sensor_drive.py,function,750df67d0c33d1501e8060e5a3b5ce81e437358a154f973070c11cf1d50adae5,左壁追従（超音波のみ）,,250.0,37.473507970040785,24.397117441936757,80.39677368626664,38.15383475358263
32.95,383.2499840382628,581.2035028150561,86.24517800813356,21.069862114701053,-3.4743524706666005,26.552353137222248,-10.857351470833127,408,423,375,435,26.552353137222248,NEUTRAL,program,sensor_drive.py,function,750df67d0c33d1501e8060e5a3b5ce81e437358a154f973070c11cf1d50adae5,左壁追従（超音波のみ）,,250.0,37.583542641237514,24.30987908128126,79.96814282758291,38.21024049795924
33.0,384.30279761980853,581.2711202621038,86.40521965407635,21.119198485185798,-3.3336480456752344,26.61097998096865,-10.417650142735107,408,424,375,435,26.61097998096865,NEUTRAL,program,sensor_drive.py,function,750df67d0c33d1501e8060e5a3b5ce81e437358a154f973070c11cf1d50adae5,左壁追従（超音波のみ）,,250.0,37.690859843892426,24.226186008257706,79.56162590975293,38.26457100103683
33.05,385.35822283509907,581.3360020256015,86.55917259817943,21.1674769613626,-3.1997216199532805,26.6667826583528,-9.999130062354002,408,424,375,435,26.6667826583528,NEUTRAL,program,sensor_drive.py,function,750df67d0c33d1501e8060e5a3b5ce81e437358a154f973070c11cf1d50adae5,左壁追従（超音波のみ）,,250.0,37.795587414785324,24.14590294867142,79.17560527307305,38.316869611249146
33.1,386.4161864043843,581.3982407820272,86.70730104091786,21.21446854837774,-3.072017255934514,26.719992810027286,-9.600053924795356,408,424,375,435,26.719992810027286,NEUTRAL,program,sensor_drive.py,function,750df67d0c33d1501e8060e5a3b5ce81e437358a154f973070c11cf1d50adae5,左壁追従（超音波のみ）,,250.0,37.897832497724636,24.068903557817492,78.80864607806625,38.367180466992
33.15,387.4766072860189,581.4579253081367,86.84984719345636,21.26003248888234,-2.9500473207907074,26.770813616337204,-9.21889787747096,408,425,375,435,26.770813616337204,NEUTRAL,program,sensor_drive.py,function,750df67d0c33d1501e8060e5a3b5ce81e437358a154f973070c11cf1d50adae5,左壁追従（超音波のみ）,,250.0,37.99768501573301,23.99506882315287,78.45946833134659,38.415548557919095
33.2,388.53940025967364,581.5151410570544,86.98703451002956,21.304091995349218,-2.833382520501067,26.819423949791222,-8.854320376565834,408,425,375,435,26.819423949791222,NEUTRAL,program,sensor_drive.py,function,750df67d0c33d1501e8060e5a3b5ce81e437358a154f973070c11cf1d50adae5,左壁追従（超音波のみ）,,250.0,38.09522052359225,23.92428586145155,78.1269242531284,38.46201969515549
33.25,389.60447849470887,581.5699705834024,87.11907031299376,21.34661607070535,-2.721643655264205,26.865981810306582,-8.505136422700641,408,426,375,435,26.865981810306582,NEUTRAL,program,sensor_drive.py,function,750df67d0c33d1501e8060e5a3b5ce81e437358a154f973070c11cf1d50adae5,左壁追従（超音波のみ）,,250.0,38.19050257783016,23.856447006813095,77.80997976284236,38.50664042378781
33.3,390.67175536019937,581.622493858557,87.24614794661011,21.387605943118235,-2.6144947339975486,26.910627194167688,-8.17029604374234,408,426,375,435,26.910627194167688,NEUTRAL,program,sensor_drive.py,function,750df67d0c33d1501e8060e5a3b5ce81e437358a154f973070c11cf1d50adae5,左壁追従（超音波のみ）,,250.0,38.2835847253232,23.79144911395052,77.50769918003819,38.54945790130074
33.35,391.741145670975,581.6727885059033,87.36844856106143,21.427084993417285,-2.5116371760325125,26.953484509986453,-7.848866175101602,408,426,375,435,26.953484509986453,NEUTRAL,program,sensor_drive.py,function,750df67d0c33d1501e8060e5a3b5ce81e437358a154f973070c11cf1d50adae5,左壁追従（超音波のみ）,,250.0,38.3745121860303,23.729193021485962,77.21923246625876,38.59051975846436
33.4,392.812566516733,581.7209299778143,87.4861426030887,21.465091321922444,-2.4128048930683827,26.994664627888174,-7.540015290838696,408,427,375,435,26.994664627888174,NEUTRAL,program,sensor_drive.py,function,750df67d0c33d1501e8060e5a3b5ce81e437358a154f973070c11cf1d50adae5,左壁追従（超音波のみ）,,250.0,38.463323286908995,23.66958313470944,76.94380449813971,38.62987395394014
33.45,393.88593778525933,581.7669916901549,87.59939107126047,21.501672305727773,-2.3177600917574046,27.034266628434416,-7.243000286741889,408,427,375,435,27.034266628434416,NEUTRAL,program,sensor_drive.py,function,750df67d0c33d1501e8060e5a3b5ce81e437358a154f973070c11cf1d50adae5,左壁追従（超音波のみ）,,250.0,38.55005069062621,23.612527097971835,76.68070598183738,38.66756863007796
33.5,394.96118246338324,581.8110451258053,87.70834658035659,21.536880653108874,-2.226289672145275,27.0723793032728,-6.957155225453985,408,427,375,435,27.0723793032728,NEUTRAL,program,sensor_drive.py,function,750df67d0c33d1501e8060e5a3b5ce81e437358a154f973070c11cf1d50adae5,左壁追従（超音波のみ）,,250.0,38.634722452866455,23.557935534698846,76.42928570707451,38.70365197466984
33.55,396.03822677845164,581.853159915565,87.81315426931701,21.57077158031725,-2.138202123237852,27.109082448650895,-6.6818816351182875,408,427,375,435,27.109082448650895,NEUTRAL,program,sensor_drive.py,function,750df67d0c33d1501e8060e5a3b5ce81e437358a154f973070c11cf1d50adae5,左壁追従（超音波のみ）,,250.0,38.71736293475509,23.50572183872355,76.18894390472191,38.73817209150741
33.6,397.11700022727445,581.8934039025244,87.91395257971539,21.60340082641467,-2.0533248366319388,27.144447984736694,-6.416640114474809,408,428,375,435,27.144447984736694,NEUTRAL,program,sensor_drive.py,function,750df67d0c33d1501e8060e5a3b5ce81e437358a154f973070c11cf1d50adae5,左壁追従（超音波のみ）,,250.0,38.79799359150535,23.455802004816775,75.95912652115544,38.77117688125726
33.65,398.1974355274884,581.9318431943343,88.01087392608008,21.634823290687354,-1.9715017742317356,27.178540927403443,-6.160943044474173,408,428,375,435,27.178540927403443,NEUTRAL,program,sensor_drive.py,function,750df67d0c33d1501e8060e5a3b5ce81e437358a154f973070c11cf1d50adae5,左壁追従（超音波のみ）,,250.0,38.87663365431254,23.408094489368725,75.73932026015959,38.802713933273694
33.7,399.27946851719014,581.9685422066068,88.10404527511355,21.66509212966637,-1.8925914377297124,27.211420234279288,-5.914348242905351,409,428,375,435,27.211420234279288,NEUTRAL,program,sensor_drive.py,function,750df67d0c33d1501e8060e5a3b5ce81e437358a154f973070c11cf1d50adae5,左壁追従（超音波のみ）,,250.0,38.953300719415665,23.36252009442982,75.52904827191911,38.8328304283576
33.75,400.36303802181965,582.0035636998011,88.19358864758891,21.69425819075013,-1.8164650966994031,27.243139543041917,-5.676453427185635,409,429,375,435,27.243139543041917,NEUTRAL,program,sensor_drive.py,function,750df67d0c33d1501e8060e5a3b5ce81e437358a154f973070c11cf1d50adae5,左壁追従（超音波のみ）,,250.0,39.02801125586068,23.319001869985133,75.32786639101711,38.8615730521035
33.8,401.44808570209557,582.0369688113267,88.27962155418419,21.722369689843532,-1.7430052393790447,27.273747816925397,-5.446891373059515,409,429,375,435,27.273747816925397,NEUTRAL,program,sensor_drive.py,function,750df67d0c33d1501e8060e5a3b5ce81e437358a154f973070c11cf1d50adae5,左壁追従（超音波のみ）,,250.0,39.10078104165489,23.277465030573087,75.13535984285761,38.88898791823568
33.85,402.5345558929147,582.0688170841265,88.36225737454811,21.749472063553437,-1.6721042160607158,27.3032899099747,-5.225325675189737,409,429,375,435,27.3032899099747,NEUTRAL,program,sensor_drive.py,function,750df67d0c33d1501e8060e5a3b5ce81e437358a154f973070c11cf1d50adae5,左壁追従（超音波のみ）,,250.0,39.17162553653666,23.237836883263395,74.95114035181112,38.915120501228664
33.9,403.62239544021395,582.0991664926801,88.4416056873481,21.77560794404271,-1.603663049673704,27.331807062635956,-5.011447030230325,409,429,375,435,27.331807062635956,NEUTRAL,program,sensor_drive.py,function,750df67d0c33d1501e8060e5a3b5ce81e437358a154f973070c11cf1d50adae5,左壁追従（超音波のみ）,,250.0,39.24056019844506,23.200046764698833,74.77484359544661,38.94001557744685
33.95,404.71394287351575,582.1287887159418,88.43646262842663,21.88053879923959,0.4763369503262959,27.801526270697376,1.4885529697696747,409,436,375,435,27.801526270697376,NEUTRAL,program,sensor_drive.py,function,750df67d0c33d1501e8060e5a3b5ce81e437358a154f973070c11cf1d50adae5,左壁追従（超音波のみ）,,250.0,250.0,23.164025985407516,74.60612695814685,38.963717174043154
34.0,405.80527398990847,582.1594866361107,88.32809080998186,21.805572334279532,2.556336950326296,26.93485960403071,7.988552969769675,408,443,375,435,26.93485960403071,NEUTRAL,program,sensor_drive.py,function,750df67d0c33d1501e8060e5a3b5ce81e437358a154f973070c11cf1d50adae5,左壁追従（超音波のみ）,,250.0,250.0,23.131930564248975,74.68336991914674,38.997496756857316
34.05,406.8885619901217,582.1929742792246,88.11773602406424,21.59125032250607,4.636336950326296,26.068192937364042,14.488552969769675,407,450,375,435,26.068192937364042,NEUTRAL,program,sensor_drive.py,function,750df67d0c33d1501e8060e5a3b5ce81e437358a154f973070c11cf1d50adae5,左壁追従（超音波のみ）,,250.0,250.0,23.102588046187126,75.06642544387117,39.04591768647558
34.1,407.95943125110887,582.2308008476754,87.83167236685745,21.32554525374315,5.963314080244028,25.515285799898322,18.635356500762587,406,454,375,435,25.515285799898322,NEUTRAL,program,sensor_drive.py,function,750df67d0c33d1501e8060e5a3b5ce81e437358a154f973070c11cf1d50adae5,左壁追従（超音波のみ）,,250.0,250.0,23.07444468155116,75.56788798837485,39.111379915252634
34.15,409.01817964805906,582.2736436374356,87.53385067970447,21.10497424728809,6.1596047896727075,25.43349800430304,19.24876496772721,406,455,375,435,25.43349800430304,NEUTRAL,program,sensor_drive.py,function,750df67d0c33d1501e8060e5a3b5ce81e437358a154f973070c11cf1d50adae5,左壁追従（超音波のみ）,,250.0,250.0,23.04531289347992,74.79031222826806,39.193127563913926
34.2,410.0671881508395,582.3215280112362,87.23898609820503,20.934551563504368,6.153743493837462,25.43594021090106,19.23044841824207,406,455,375,435,25.43594021090106,NEUTRAL,program,sensor_drive.py,function,750df67d0c33d1501e8060e5a3b5ce81e437358a154f973070c11cf1d50adae5,左壁追従（超音波のみ）,,250.0,250.0,23.012134988680987,74.5499257099205,39.28381507571845
34.25,411.11333015609085,582.3740354059921,87.02681426980263,20.958785479605062,4.073743493837462,26.302606877567726,12.73044841824207,407,448,375,435,26.302606877567726,NEUTRAL,program,sensor_drive.py,function,750df67d0c33d1501e8060e5a3b5ce81e437358a154f973070c11cf1d50adae5,左壁追従（超音波のみ）,,250.0,250.0,22.974290881942323,231.70674492042744,39.38150731820635
34.3,412.16459395797096,582.4298283963224,86.9073670531991,21.11786485684737,2.2059793868306574,27.080841922153894,6.893685583845805,408,442,375,435,27.080841922153894,NEUTRAL,program,sensor_drive.py,function,750df67d0c33d1501e8060e5a3b5ce81e437358a154f973070c11cf1d50adae5,左壁追従（超音波のみ）,,250.0,250.0,22.928157661553907,233.6191338217453,39.47333761401451
34.35,413.2228709669486,582.487940467005,86.80649837437596,21.24959429753958,2.0928235252698517,27.12799019780423,6.540073516468286,408,441,375,435,27.12799019780423,NEUTRAL,program,sensor_drive.py,function,750df67d0c33d1501e8060e5a3b5ce81e437358a154f973070c11cf1d50adae5,左壁追従（超音波のみ）,,250.0,250.0,22.87414577962675,234.76747312984241,39.55521381630853
34.4,414.2869932385627,582.5482049956347,86.71075275689441,21.360448604733616,1.9755249152997556,27.176864618625103,6.173515360311736,408,441,375,435,27.176864618625103,NEUTRAL,program,sensor_drive.py,function,750df67d0c33d1501e8060e5a3b5ce81e437358a154f973070c11cf1d50adae5,左壁追従（超音波のみ）,,250.0,250.0,22.816857793613988,235.76979663083327,39.63713383326487
34.45,415.35607139801874,582.6104914779037,86.62046863229921,21.455440918022806,1.8541168071725633,27.227451330344767,5.79411502241426,409,441,375,435,27.227451330344767,NEUTRAL,program,sensor_drive.py,function,750df67d0c33d1501e8060e5a3b5ce81e437358a154f973070c11cf1d50adae5,左壁追従（超音波のみ）,,250.0,250.0,22.7571423866384,236.73976204452603,39.720967783700885
34.5,416.4294327539999,582.6746706317725,86.53594264900596,21.538434930254862,1.7288612136055668,27.27964116099768,5.402691292517396,409,440,375,435,27.27964116099768,NEUTRAL,program,sensor_drive.py,function,750df67d0c33d1501e8060e5a3b5ce81e437358a154f973070c11cf1d50adae5,左壁追従（超音波のみ）,,250.0,250.0,22.69510621100637,237.67314067056546,39.80648420530517
34.55,417.5065716361861,582.7406137274936,86.45743738538266,21.612404199414502,1.6000165285793981,27.33332644642525,5.000051651810619,409,440,375,435,27.33332644642525,NEUTRAL,program,sensor_drive.py,function,750df67d0c33d1501e8060e5a3b5ce81e437358a154f973070c11cf1d50adae5,左壁追従（超音波のみ）,,250.0,250.0,22.630855374387338,238.56601602464377,39.89345694408084
34.6,418.58711092825655,582.8081919883324,86.38518718041843,21.679632903617712,1.4678391008052314,27.38840037466449,4.586997190016348,409,439,375,435,27.38840037466449,NEUTRAL,program,sensor_drive.py,function,750df67d0c33d1501e8060e5a3b5ce81e437358a154f973070c11cf1d50adae5,左壁追従（超音波のみ）,,250.0,250.0,22.564496119139843,239.41473938169634,39.98166385269582
34.65,419.67077226669005,582.8772760694704,86.31940250140394,21.741871250869647,1.3325846043870753,27.444756414838718,4.16432688870961,409,439,375,435,27.444756414838718,NEUTRAL,program,sensor_drive.py,function,750df67d0c33d1501e8060e5a3b5ce81e437358a154f973070c11cf1d50adae5,左壁追従（超音波のみ）,,250.0,250.0,22.49613546821999,240.21589896140642,40.07088577974366
34.7,420.7573529464439,582.9477356175732,86.26027317749612,21.80045577796882,1.1945092051239783,27.50228783119834,3.732841266012432,409,438,375,435,27.50228783119834,NEUTRAL,program,sensor_drive.py,function,750df67d0c33d1501e8060e5a3b5ce81e437358a154f973070c11cf1d50adae5,左壁追従（超音波のみ）,,250.0,250.0,22.42588182195543,240.96629985740003,40.16090581698165
34.75,421.8467080167783,583.0194389099067,86.20797075638097,21.856402466093932,1.053870528033035,27.560887279986236,3.2933454001032345,409,438,375,435,27.560887279986236,NEUTRAL,program,sensor_drive.py,function,750df67d0c33d1501e8060e5a3b5ce81e437358a154f973070c11cf1d50adae5,左壁追従（超音波のみ）,,250.0,250.0,22.35384549655445,241.6629523665719,40.251508773682495
34.8,422.9387363930378,583.0922525695122,86.16265018476264,21.91047881326293,0.9109284366397833,27.620446484733424,2.8466513644993228,409,437,375,435,27.620446484733424,NEUTRAL,program,sensor_drive.py,function,750df67d0c33d1501e8060e5a3b5ce81e437358a154f973070c11cf1d50adae5,左壁追従（超音波のみ）,,250.0,250.0,22.280139200042623,242.3030668146236,40.342480849221396
34.85,424.0333700755371,583.1660413515581,86.12445096904315,21.9632596190777,0.7659456376050378,27.680855984331235,2.393580117515743,409,437,375,435,27.680855984331235,NEUTRAL,program,sensor_drive.py,function,750df67d0c33d1501e8060e5a3b5ce81e437358a154f973070c11cf1d50adae5,左壁追従（超音波のみ）,,250.0,250.0,22.204878444631696,242.8840533228221,40.43360947708553
34.9,425.1305657721999,583.2406679953323,86.09349793784145,22.01517016435361,0.6191881257433681,27.74200494760693,1.9349628929480254,409,437,375,435,27.74200494760693,NEUTRAL,program,sensor_drive.py,function,750df67d0c33d1501e8060e5a3b5ce81e437358a154f973070c11cf1d50adae5,左壁追従（超音波のみ）,,250.0,250.0,22.128181896657637,243.40352523855992,40.52468331565366
34.95,426.2302983807578,583.3159931361918,86.06990170092047,22.066519637164966,0.4709254848161061,27.80378104799329,1.4716421400503314,409,436,375,435,27.80378104799329,NEUTRAL,program,sensor_drive.py,function,750df67d0c33d1501e8060e5a3b5ce81e437358a154f973070c11cf1d50adae5,左壁追従（超音波のみ）,,250.0,250.0,22.050171666448446,243.85930517376423,40.615492363284055
35.0,427.33255590956145,583.391875271982,86.05375887803734,22.11752701309137,0.3214310590490368,27.866070392062902,1.00447205952824,409,436,375,435,27.866070392062902,NEUTRAL,program,sensor_drive.py,function,750df67d0c33d1501e8060e5a3b5ce81e437358a154f973070c11cf1d50adae5,左壁追従（超音波のみ）,,250.0,250.0,21.970973541081865,244.24943277282796,40.70582817739541
35.05,428.4373355114828,583.4681707788277,86.04515215491432,22.16834109884833,0.17098200940333527,27.928757496081943,0.5343187793854227,409,435,375,435,27.928757496081943,NEUTRAL,program,sensor_drive.py,function,750df67d0c33d1501e8060e5a3b5ce81e437358a154f973070c11cf1d50adae5,左壁追従（超音波のみ）,,250.0,250.0,21.890717163152424,244.57217347525676,40.79548417925512
35.1,429.54464037927903,583.5447339716903,86.04415021092007,22.21905606233704,0.0198592674587087,27.99172530522554,0.06206021080846469,409,435,375,435,27.99172530522554,NEUTRAL,program,sensor_drive.py,function,750df67d0c33d1501e8060e5a3b5ce81e437358a154f973070c11cf1d50adae5,左壁追従（超音波のみ）,,250.0,250.0,21.809536158563102,244.8260276554842,40.88425602806832
35.15,430.6538813852195,583.6213760656091,86.05080397871302,22.24994393100303,-0.13165260151570124,27.945144749368456,-0.41141437973656636,409,434,375,435,27.945144749368456,NEUTRAL,program,sensor_drive.py,function,750df67d0c33d1501e8060e5a3b5ce81e437358a154f973070c11cf1d50adae5,左壁追従（超音波のみ）,,250.0,250.0,21.727568216082954,245.00973961951289,40.97194204966022
35.2,431.76412446398564,583.6978831715087,86.0651290494556,22.262487798951277,-0.2831842759350286,27.88200655169374,-0.8849508622969644,409,434,375,435,27.88200655169374,NEUTRAL,program,sensor_drive.py,function,750df67d0c33d1501e8060e5a3b5ce81e437358a154f973070c11cf1d50adae5,左壁追従（超音波のみ）,,250.0,250.0,21.64499944449128,245.12224567057982,41.05829735605623
35.25,432.8745902085377,583.7740521932734,86.08710347237326,22.26085160643642,-0.4343175928075334,27.819034336330194,-1.3572424775235419,409,433,375,435,27.819034336330194,NEUTRAL,program,sensor_drive.py,function,750df67d0c33d1501e8060e5a3b5ce81e437358a154f973070c11cf1d50adae5,左壁追従（超音波のみ）,,250.0,250.0,21.56204643614702,245.16288418235084,41.14305802784802
35.3,433.9846793128685,583.8496937138545,86.11667385720699,22.248290650890187,-0.5846565817977591,27.7563930909176,-1.8270518181179973,409,433,375,435,27.7563930909176,NEUTRAL,program,sensor_drive.py,function,750df67d0c33d1501e8060e5a3b5ce81e437358a154f973070c11cf1d50adae5,左壁追従（超音波のみ）,,250.0,250.0,21.478918137621775,245.13150016225907,41.22598290695995
35.35,435.0896049340067,583.9237070662462,86.23203271023192,22.0823104036352,-2.664656581797759,26.889726424250934,-8.327051818117997,408,426,375,435,26.889726424250934,NEUTRAL,program,sensor_drive.py,function,750df67d0c33d1501e8060e5a3b5ce81e437358a154f973070c11cf1d50adae5,左壁追従（超音波のみ）,,250.0,36.363732313792795,21.395812487243198,245.0283935720959,41.30685601956567
35.4,436.18287698855477,583.9937446797775,86.45006471572492,21.797485532851933,-4.744656581797759,26.023059757584267,-14.827051818117997,407,419,375,435,26.023059757584267,NEUTRAL,program,sensor_drive.py,function,750df67d0c33d1501e8060e5a3b5ce81e437358a154f973070c11cf1d50adae5,左壁追従（超音波のみ）,,250.0,34.689817313260384,21.308530754279225,244.12871071956815,41.36983600509454
35.45,437.25947219174924,584.0576622370381,86.76758206956913,21.420598937729636,-6.824656581797759,25.1563930909176,-21.327051818117997,406,412,375,435,25.1563930909176,NEUTRAL,program,sensor_drive.py,function,750df67d0c33d1501e8060e5a3b5ce81e437358a154f973070c11cf1d50adae5,左壁追従（超音波のみ）,,250.0,33.377320701032765,21.218538109820788,242.29419021362287,41.40951353385394
35.5,438.3154835476029,584.1136028885131,87.18062394280571,20.97239770643234,-8.90465658179776,24.289726424250933,-27.827051818117997,405,405,375,435,24.289726424250933,NEUTRAL,program,sensor_drive.py,function,750df67d0c33d1501e8060e5a3b5ce81e437358a154f973070c11cf1d50adae5,左壁追従（超音波のみ）,,250.0,32.3447776700823,21.128699224025883,239.59418339316952,41.42504956628053
35.55,439.3478537275498,584.1600072947438,87.6847439742728,20.46895335027193,-10.984656581797758,23.42305975758427,-34.327051818117994,404,398,375,435,23.42305975758427,NEUTRAL,program,sensor_drive.py,function,750df67d0c33d1501e8060e5a3b5ce81e437358a154f973070c11cf1d50adae5,左壁追従（超音波のみ）,,250.0,31.63087605605474,21.041855585427584,236.12121434455867,41.41660059793861
35.6,440.35417097333595,584.195611479499,88.27520739828446,19.922715494651595,-13.064656581797758,22.556393090917602,-40.827051818117994,403,392,375,435,22.556393090917602,NEUTRAL,program,sensor_drive.py,function,750df67d0c33d1501e8060e5a3b5ce81e437358a154f973070c11cf1d50adae5,左壁追従（超音波のみ）,,250.0,31.432015652434274,20.960775545378677,231.98239095103256,41.385180281638625
35.65,441.34192273203087,584.2207893031243,88.79224228795977,19.655828182674078,-10.984656581797758,23.42305975758427,-34.327051818117994,404,398,375,435,23.42305975758427,NEUTRAL,program,sensor_drive.py,function,750df67d0c33d1501e8060e5a3b5ce81e437358a154f973070c11cf1d50adae5,左壁追従（超音波のみ）,,250.0,35.05958603930817,20.88812190599501,227.29170922423492,41.33251138024249
35.7,442.3206763294213,584.2375588377415,89.24222338702674,19.526962628886178,-9.94797330261595,23.85501112391002,-31.087416570674844,404,402,375,435,23.85501112391002,NEUTRAL,program,sensor_drive.py,function,750df67d0c33d1501e8060e5a3b5ce81e437358a154f973070c11cf1d50adae5,左壁追従（超音波のみ）,,250.0,35.772867945621385,20.832897757567803,223.3376039200496,41.28435702506991
35.75,443.2948645190223,584.2468141387262,89.66912919062361,19.45696956987267,-9.550859496917152,24.020475209617853,-29.8464359278661,405,403,375,435,24.020475209617853,NEUTRAL,program,sensor_drive.py,function,750df67d0c33d1501e8060e5a3b5ce81e437358a154f973070c11cf1d50adae5,左壁追従（超音波のみ）,,250.0,36.42443737333549,20.791922170114958,220.0053604217738,41.24026856478936
35.8,444.266962912229,584.2489655507942,90.07726144001072,19.43227726081567,-9.157795231637934,24.18425198681753,-28.618110098868545,405,404,375,435,24.18425198681753,NEUTRAL,program,sensor_drive.py,function,750df67d0c33d1501e8060e5a3b5ce81e437358a154f973070c11cf1d50adae5,左壁追従（超音波のみ）,,250.0,37.0746699295325,20.761658502861106,216.92889725078018,41.194117336471784
35.85,445.23887612681364,584.244344585506,90.4675604830523,19.442613824087687,-8.765567919471899,24.347680033553374,-27.392399748349685,405,406,375,435,24.347680033553374,NEUTRAL,program,sensor_drive.py,function,750df67d0c33d1501e8060e5a3b5ce81e437358a154f973070c11cf1d50adae5,左壁追従（超音波のみ）,,250.0,37.727989097784274,20.741346756915814,214.060417542265,41.14539273559313
35.9,446.2120717633205,584.2332335534458,90.84068127349303,19.480032527244916,-8.37404086785853,24.510816305058945,-26.168877712057906,405,407,375,435,24.510816305058945,NEUTRAL,program,sensor_drive.py,function,750df67d0c33d1501e8060e5a3b5ce81e437358a154f973070c11cf1d50adae5,左壁追従（超音波のみ）,,250.0,38.38400595165073,20.73049648067624,211.37995157922097,41.094015943894895
35.95,447.187679540711,584.2158827475289,91.19707033403262,19.538375569258775,-7.983240024701803,24.67364998970758,-24.947625077193134,405,408,375,435,24.67364998970758,NEUTRAL,program,sensor_drive.py,function,750df67d0c33d1501e8060e5a3b5ce81e437358a154f973070c11cf1d50adae5,左壁追従（超音波のみ）,,250.0,39.042016617663855,20.728690573005515,208.87139980963036,41.039920895283
36.0,448.16656768984626,584.1925225596488,91.53702382326276,19.61286116614712,-7.59332125845141,24.836116142311912,-23.729128932660657,406,410,375,435,24.836116142311912,NEUTRAL,program,sensor_drive.py,function,750df67d0c33d1501e8060e5a3b5ce81e437358a154f973070c11cf1d50adae5,左壁追従（超音波のみ）,,250.0,39.70104861019618,20.73555955737274,206.521561297633,40.98305481129696
36.05,449.1494017854431,584.1633719943715,91.860731440282,19.699765692806555,-7.204543713355736,24.998106786101776,-22.514199104236678,406,411,375,435,24.998106786101776,NEUTRAL,program,sensor_drive.py,function,750df67d0c33d1501e8060e5a3b5ce81e437358a154f973070c11cf1d50adae5,左壁追従（超音波のみ）,,250.0,40.35990155361458,20.750763323561674,204.31943199814464,40.923378570400445
36.1,450.1366900256698,584.1286446117949,92.1683096975836,19.796179085041043,-6.817248144460227,25.15947993980824,-21.30390045143821,406,412,375,435,25.15947993980824,NEUTRAL,program,sensor_drive.py,function,750df67d0c33d1501e8060e5a3b5ce81e437358a154f973070c11cf1d50adae5,左壁追従（超音波のみ）,,250.0,41.01718340051837,20.77397823246523,202.2556937842939,40.86086698342914
36.15,451.12881805912355,584.0885526304096,92.4598272002412,19.899816689866558,-6.431839272246792,25.32006696989717,-20.099497725771226,406,413,375,435,25.32006696989717,NEUTRAL,program,sensor_drive.py,function,750df67d0c33d1501e8060e5a3b5ce81e437358a154f973070c11cf1d50adae5,左壁追従（超音波のみ）,,250.0,41.671343171078696,20.804888092451723,200.32233930173754,40.795509013192074
36.2,452.12994077949634,584.0435535297901,92.67550494044144,20.136348495372516,-4.351839272246792,26.186733636563837,-13.599497725771226,407,420,375,435,26.186733636563837,NEUTRAL,program,sensor_drive.py,function,750df67d0c33d1501e8060e5a3b5ce81e437358a154f973070c11cf1d50adae5,左壁追従（超音波のみ）,,250.0,42.32070109599656,250.0,198.51239415045671,40.72730795490673
36.25,453.1458451802101,583.9948864275476,92.79779050816308,20.47582538081629,-2.271839272246792,27.053400303230504,-7.099497725771226,408,427,375,435,27.053400303230504,NEUTRAL,program,sensor_drive.py,function,750df67d0c33d1501e8060e5a3b5ce81e437358a154f973070c11cf1d50adae5,左壁追従（超音波のみ）,,250.0,42.84365657134597,250.0,197.16692975080403,40.66123211356953
36.3,454.18104433928977,583.9439459444868,92.82429690229486,20.89504757816337,-0.19183927224679223,27.92006696989717,-0.5994977257712257,409,434,375,435,27.92006696989717,NEUTRAL,program,sensor_drive.py,function,750df67d0c33d1501e8060e5a3b5ce81e437358a154f973070c11cf1d50adae5,左壁追従（超音波のみ）,,250.0,43.19455488388786,250.0,196.36963975443976,40.599144510213456
36.35,455.2305063275004,583.8927233419588,92.75186870556587,21.09236557338246,1.8881607277532078,27.213266363436162,5.900502274228774,409,441,375,435,27.213266363436162,NEUTRAL,program,sensor_drive.py,function,750df67d0c33d1501e8060e5a3b5ce81e437358a154f973070c11cf1d50adae5,左壁追従（超音波のみ）,,250.0,43.359470480090835,250.0,196.12312797085207,40.54211085313071
36.4,456.28387514199846,583.8435661213277,92.57931974048336,21.08896582439733,3.9681607277532076,26.3465996967695,12.400502274228774,407,448,375,435,26.3465996967695,NEUTRAL,program,sensor_drive.py,function,750df67d0c33d1501e8060e5a3b5ce81e437358a154f973070c11cf1d50adae5,左壁追従（超音波のみ）,,250.0,43.325468448817055,250.0,196.4456912487826,40.49229609369151
36.45,457.3325648416512,583.798699923389,92.30770124699501,20.93008220842446,6.048160727753208,25.47993303010283,18.900502274228774,406,454,375,435,25.47993303010283,NEUTRAL,program,sensor_drive.py,function,750df67d0c33d1501e8060e5a3b5ce81e437358a154f973070c11cf1d50adae5,左壁追従（超音波のみ）,,250.0,43.087244366464226,250.0,197.35596588286018,40.452542646785304
36.5,458.3700787212684,583.7601060922785,91.94127412190255,20.6562111410798,8.055524170173785,24.643531595760923,25.173513031793075,405,461,375,435,24.643531595760923,NEUTRAL,program,sensor_drive.py,function,750df67d0c33d1501e8060e5a3b5ce81e437358a154f973070c11cf1d50adae5,左壁追従（超音波のみ）,,250.0,42.6488252652682,250.0,198.87111431162117,40.425860876330326
36.55,459.3959873300619,583.7287263677491,91.56267423339341,20.44361689303356,8.061420544570352,24.64107477309569,25.19193920178235,405,461,375,435,24.64107477309569,NEUTRAL,program,sensor_drive.py,function,750df67d0c33d1501e8060e5a3b5ce81e437358a154f973070c11cf1d50adae5,左壁追従（超音波のみ）,,250.0,42.02505396793989,250.0,201.00055522218318,40.41519309370496
36.6,460.4129002614952,583.7043162762211,91.18746621495285,20.27894054962427,8.061320291435067,24.641116545235388,25.191625910734583,405,461,375,435,24.641116545235388,NEUTRAL,program,sensor_drive.py,function,750df67d0c33d1501e8060e5a3b5ce81e437358a154f973070c11cf1d50adae5,左壁追従（超音波のみ）,,250.0,41.38053030964989,250.0,203.2726106154817,40.41537447273261
36.65,461.42285078849375,583.6866646919322,90.81512360196717,20.151770467166692,8.056066092697169,24.643305794709512,25.17520653967865,405,461,375,435,24.643305794709512,NEUTRAL,program,sensor_drive.py,function,750df67d0c33d1501e8060e5a3b5ce81e437358a154f973070c11cf1d50adae5,左壁追従（超音波のみ）,,250.0,40.7454991377618,250.0,205.59535246524104,40.42488042439657
36.7,462.4274252432532,583.6756148519647,90.44527807374226,20.05403509339533,8.045741589721231,24.647607670949487,25.14294246787885,405,461,375,435,24.647607670949487,NEUTRAL,program,sensor_drive.py,function,750df67d0c33d1501e8060e5a3b5ce81e437358a154f973070c11cf1d50adae5,左壁追従（超音波のみ）,,250.0,40.11881751639354,250.0,207.9727383295745,40.44355962385961
36.75,463.4278632855975,583.6710491039669,90.07768539499807,19.97947782102487,8.030400897381014,24.653999626091245,25.09500280431567,405,461,375,435,24.653999626091245,NEUTRAL,program,sensor_drive.py,function,750df67d0c33d1501e8060e5a3b5ce81e437358a154f973070c11cf1d50adae5,左壁追従（超音波のみ）,,250.0,39.49961639999076,250.0,210.40812144956027,40.47131416592251
36.8,464.425135764153,583.672877712789,89.71219860816876,19.923249507500657,8.010077671421591,24.66246763690767,25.031492723192475,405,461,375,435,24.66246763690767,NEUTRAL,program,sensor_drive.py,function,750df67d0c33d1501e8060e5a3b5ce81e437358a154f973070c11cf1d50adae5,左壁追従（超音波のみ）,,250.0,38.88723667455893,250.0,212.90435017643105,40.50808316025699
36.85,465.42000516709066,583.6810306468703,89.3487469682866,19.88159232704412,7.9847917339829495,24.673003444173773,24.952474168696718,405,461,375,435,24.673003444173773,NEUTRAL,program,sensor_drive.py,function,750df67d0c33d1501e8060e5a3b5ce81e437358a154f973070c11cf1d50adae5,左壁追従（超音波のみ）,,250.0,38.28117942208199,250.0,215.4638485386908,40.55383074443874
36.9,466.41307254818304,583.695451555005,88.98731941231398,19.85159450584046,7.954553921294564,24.685602532793933,24.857981004045513,405,461,375,435,24.685602532793933,NEUTRAL,program,sensor_drive.py,function,750df67d0c33d1501e8060e5a3b5ce81e437358a154f973070c11cf1d50adae5,左壁追従（超音波のみ）,,250.0,37.68106736400842,250.0,218.08868058197422,40.608537313447336
36.95,467.4048139488138,583.7160933541506,88.62795160037683,19.831000063373846,7.9193696364472155,24.700262651480326,24.74803011389755,405,460,375,435,24.700262651480326,NEUTRAL,program,sensor_drive.py,function,750df67d0c33d1501e8060e5a3b5ce81e437358a154f973070c11cf1d50adae5,左壁追従（超音波のみ）,,250.0,37.08661506041525,250.0,220.78060092353329,40.67219309195405
37.0,468.3956086633505,583.7429150020256,88.27071576507797,19.818061234504043,7.8792414594918885,24.716982725211714,24.622629560912152,405,460,375,435,24.716982725211714,NEUTRAL,program,sensor_drive.py,function,750df67d0c33d1501e8060e5a3b5ce81e437358a154f973070c11cf1d50adae5,左壁追従（超音波のみ）,,250.0,36.49760594703585,250.0,223.54109368974957,40.74479341210349
37.05,469.3857611716317,583.7758791403446,87.91571276459365,19.81142400519826,7.834171072333062,24.73576205319456,24.481784601040818,405,460,375,435,24.73576205319456,NEUTRAL,program,sensor_drive.py,function,750df67d0c33d1501e8060e5a3b5ce81e437358a154f973070c11cf1d50adae5,左壁追従（超音波のみ）,,250.0,35.9138746991388,250.0,226.37140170980837,40.82633523097637
37.1,470.37551815516053,583.8149503769259,87.56306586257648,19.810039336725293,7.784160686804407,24.7565997138315,24.325502146263773,405,460,375,435,24.7565997138315,NEUTRAL,program,sensor_drive.py,function,750df67d0c33d1501e8060e5a3b5ce81e437358a154f973070c11cf1d50adae5,左壁追従（超音波のみ）,,250.0,35.33529373584089,250.0,229.27254755410644,40.91681454689992
37.15,471.3656787898145,583.8600193079959,87.22469206032605,19.832729243567908,7.467834020609035,24.8884024914129,23.336981314403236,406,459,375,435,24.8884024914129,NEUTRAL,program,sensor_drive.py,function,750df67d0c33d1501e8060e5a3b5ce81e437358a154f973070c11cf1d50adae5,左壁追従（超音波のみ）,,250.0,34.76176293590505,250.0,232.2453477478537,41.01622446518709
37.2,472.3580541490318,583.9108061453898,86.91596250096995,19.900238500623328,6.803129249650205,25.165362812645746,21.25977890515689,406,457,375,435,25.165362812645746,NEUTRAL,program,sensor_drive.py,function,750df67d0c33d1501e8060e5a3b5ce81e437358a154f973070c11cf1d50adae5,左壁追従（超音波のみ）,,250.0,34.209453173216325,250.0,235.1898409171238,41.12250121828593
37.25,473.354475037715,583.9669471115691,86.63446745769716,19.99925360326355,6.181195760192492,25.424501766586463,19.316236750601536,406,455,375,435,25.424501766586463,NEUTRAL,program,sensor_drive.py,function,750df67d0c33d1501e8060e5a3b5ce81e437358a154f973070c11cf1d50adae5,左壁追従（超音波のみ）,,250.0,33.69799356406196,250.0,237.96491176824054,41.23248173771458
37.3,474.35621432475114,584.0281037113144,86.37834241038456,20.11986642493368,5.5966416838176425,25.668065965075982,17.489505261930134,407,453,375,435,25.668065965075982,NEUTRAL,program,sensor_drive.py,function,750df67d0c33d1501e8060e5a3b5ce81e437358a154f973070c11cf1d50adae5,左壁追従（超音波のみ）,,250.0,33.22224717179123,250.0,240.57533342270744,41.34572442243808
37.35,475.36413066746786,584.0939501434111,86.1460983970702,20.254709476897435,5.045370437462313,25.897762317724037,15.766782617069728,407,451,375,435,25.897762317724037,NEUTRAL,program,sensor_drive.py,function,750df67d0c33d1501e8060e5a3b5ce81e437358a154f973070c11cf1d50adae5,左壁追従（超音波のみ）,,250.0,32.778258749509895,250.0,243.0233356687594,41.46178983726499
37.4,476.3787757714969,584.164166087655,85.93650568436698,20.398313629780386,4.52421353342358,26.114911027740174,14.138167291948687,407,449,375,435,26.114911027740174,NEUTRAL,program,sensor_drive.py,function,750df67d0c33d1501e8060e5a3b5ce81e437358a154f973070c11cf1d50adae5,左壁追従（超音波のみ）,,250.0,32.362918959182004,250.0,245.3095655245878,41.58023852439098
37.45,477.40047448442164,584.2384328747876,85.74851333352461,20.546629466024157,4.030679160551191,26.320550349770336,12.595872376722474,407,448,375,435,26.320550349770336,NEUTRAL,program,sensor_drive.py,function,750df67d0c33d1501e8060e5a3b5ce81e437358a154f973070c11cf1d50adae5,左壁追従（超音波のみ）,,250.0,31.973735757942038,250.0,247.43378965290177,41.70063208337645
37.5,478.42938460038494,584.3164317727403,85.5811932449891,20.696669682445258,3.5627767082703223,26.515509704887364,11.133677213344757,408,446,375,435,26.515509704887364,NEUTRAL,program,sensor_drive.py,function,750df67d0c33d1501e8060e5a3b5ce81e437358a154f973070c11cf1d50adae5,左壁追従（超音波のみ）,,250.0,31.60867580634564,250.0,249.39540976321612,41.82253584547145
37.55,479.46451088110314,584.397954563027,85.41258119101155,20.812511535115735,3.567904570735367,26.51337309552693,11.149701783548021,408,446,375,435,26.51337309552693,NEUTRAL,program,sensor_drive.py,function,750df67d0c33d1501e8060e5a3b5ce81e437358a154f973070c11cf1d50adae5,左壁追従（超音波のみ）,,250.0,31.266052496660176,250.0,250.0,41.1331640735721
37.6,480.504493836243,584.4829259333318,85.24551448308523,20.90599642536499,3.517994826838524,26.534168822150615,10.993733833870388,408,446,375,435,26.534168822150615,NEUTRAL,program,sensor_drive.py,function,750df67d0c33d1501e8060e5a3b5ce81e437358a154f973070c11cf1d50adae5,左壁追従（超音波のみ）,,250.0,30.918954517979955,250.0,250.0,40.53448486871194
37.65,481.5489836227087,584.5711986011181,85.09300014563979,21.002477078939542,3.1976605640354916,26.66764143165188,9.992689262610911,408,445,375,435,26.66764143165188,NEUTRAL,program,sensor_drive.py,function,750df67d0c33d1501e8060e5a3b5ce81e437358a154f973070c11cf1d50adae5,左壁追従（超音波のみ）,,250.0,30.570956805843817,250.0,250.0,40.42327461294532
37.7,482.6021421584081,584.6623945012072,85.02140284511427,21.233464828234855,1.1176605640354915,27.534308098318544,3.492689262610911,409,438,375,435,27.534308098318544,NEUTRAL,program,sensor_drive.py,function,750df67d0c33d1501e8060e5a3b5ce81e437358a154f973070c11cf1d50adae5,左壁追従（超音波のみ）,,250.0,30.23743142882641,21.614765432123995,250.0,41.334206020295646
37.75,483.6655572107929,584.7548813045232,85.05004005672401,21.424064788646938,-0.9623394359645084,27.59902523501479,-3.007310737389089,409,431,375,435,27.59902523501479,NEUTRAL,program,sensor_drive.py,function,750df67d0c33d1501e8060e5a3b5ce81e437358a154f973070c11cf1d50adae5,左壁追従（超音波のみ）,,250.0,29.99504564109801,20.045318569851396,250.0,123.27282132049477
37.8,484.7326002616874,584.8461960412614,85.18006736433972,21.41546098540894,-3.0423394359645086,26.732358568348122,-9.507310737389089,408,425,375,435,26.732358568348122,NEUTRAL,program,sensor_drive.py,function,750df67d0c33d1501e8060e5a3b5ce81e437358a154f973070c11cf1d50adae5,左壁追従（超音波のみ）,,250.0,29.866761183300643,19.202646633604967,250.0,123.35006786594461
37.85,485.79485170567847,584.9337344990471,85.41064605273584,21.252546104126377,-5.122339435964509,25.865691901681455,-16.00731073738909,407,418,375,435,25.865691901681455,NEUTRAL,program,sensor_drive.py,function,750df67d0c33d1501e8060e5a3b5ce81e437358a154f973070c11cf1d50adae5,左壁追従（超音波のみ）,,250.0,29.857622617427875,18.76468764500344,250.0,123.3218858724348
37.9,486.845796484162,585.0151787567343,85.73934992105006,20.970095786509866,-7.202339435964509,24.999025235014788,-22.50731073738909,406,411,375,435,24.999025235014788,NEUTRAL,program,sensor_drive.py,function,750df67d0c33d1501e8060e5a3b5ce81e437358a154f973070c11cf1d50adae5,左壁追従（超音波のみ）,,250.0,29.972850120122285,18.820095552199952,250.0,123.18820184509683
37.95,487.8803757095728,585.0885268437487,86.16270224416166,20.595048613757527,-9.28233943596451,24.13235856834812,-29.00731073738909,405,404,375,435,24.13235856834812,NEUTRAL,program,sensor_drive.py,function,750df67d0c33d1501e8060e5a3b5ce81e437358a154f973070c11cf1d50adae5,左壁追従（超音波のみ）,,250.0,30.21765720080398,20.176020264285263,250.0,122.95265085580185
38.0,488.89464163476396,585.1521016438637,86.67655085486035,20.148272271446686,-11.36233943596451,23.265691901681457,-35.50731073738909,404,397,375,435,23.265691901681457,NEUTRAL,program,sensor_drive.py,function,750df67d0c33d1501e8060e5a3b5ce81e437358a154f973070c11cf1d50adae5,左壁追従（超音波のみ）,,250.0,30.59784747778227,20.064233931600103,247.4110776607454,122.62179520298875
38.05,489.8854931512952,585.2045463877431,87.27632694226475,19.64593169039357,-13.44233943596451,22.39902523501479,-42.00731073738909,402,390,375,435,22.39902523501479,NEUTRAL,program,sensor_drive.py,function,750df67d0c33d1501e8060e5a3b5ce81e437358a154f973070c11cf1d50adae5,左壁追従（超音波のみ）,,250.0,31.120253057019593,19.95696862750739,242.83995792898475,122.20440823315148
38.1,490.85047387216065,585.2448120875983,87.95722052814074,19.100548862427342,-15.52233943596451,21.532358568348123,-48.50731073738909,401,384,375,435,21.532358568348123,NEUTRAL,program,sensor_drive.py,function,750df67d0c33d1501e8060e5a3b5ce81e437358a154f973070c11cf1d50adae5,左壁追従（超音波のみ）,,250.0,31.79309299278053,19.856936686884758,237.68445286902144,121.71083630644851
38.15,491.7876187387382,585.2721406039523,88.71429638887736,18.521823815414045,-17.60233943596451,20.665691901681456,-55.00731073738909,400,377,375,435,20.665691901681456,NEUTRAL,program,sensor_drive.py,function,750df67d0c33d1501e8060e5a3b5ce81e437358a154f973070c11cf1d50adae5,左壁追従（超音波のみ）,,250.0,32.626305354867526,19.76669837686978,232.07089728723648,121.15244586569936
38.2,492.6953381703812,585.2860457578215,89.5425675009867,17.917270572832166,-19.682339435964508,19.79902523501479,-61.50731073738909,399,370,375,435,19.79902523501479,NEUTRAL,program,sensor_drive.py,function,750df67d0c33d1501e8060e5a3b5ce81e437358a154f973070c11cf1d50adae5,左壁追従（超音波のみ）,,250.0,33.63189199203388,19.688651647869847,226.12032869384547,120.54115692148117
38.25,493.57875643132496,585.2870062195409,90.3323138342401,17.505417124671066,-18.930780100595992,20.112174958085003,-59.15868781436247,400,372,375,435,20.112174958085003,NEUTRAL,program,sensor_drive.py,function,750df67d0c33d1501e8060e5a3b5ce81e437358a154f973070c11cf1d50adae5,左壁追従（超音波のみ）,,250.0,34.82430777399162,19.62502922353561,219.94442348413085,119.88905976356918
38.3,494.4463557499129,585.2763800044237,91.06971253062528,17.253739234817157,-18.034083911803695,20.485798370081795,-56.35651222438655,400,375,375,435,20.485798370081795,NEUTRAL,program,sensor_drive.py,function,750df67d0c33d1501e8060e5a3b5ce81e437358a154f973070c11cf1d50adae5,左壁追従（超音波のみ）,,250.0,36.05135831928259,19.58230249874756,214.36198659681605,119.28655584007636
38.35,495.3044393283296,585.2551238035242,91.7682302158268,17.110196589271247,-17.349621545953582,20.77099102251934,-54.217567331104945,400,378,375,435,20.77099102251934,NEUTRAL,program,sensor_drive.py,function,750df67d0c33d1501e8060e5a3b5ce81e437358a154f973070c11cf1d50adae5,左壁追従（超音波のみ）,,250.0,37.28416175358105,19.559267206262174,209.3976339345513,118.73968733331144
38.4,496.15754283187084,585.223823089313,92.43424887737274,17.04967897767333,-16.67502048927937,21.052074796133596,-52.109439028998025,401,380,375,435,21.052074796133596,NEUTRAL,program,sensor_drive.py,function,750df67d0c33d1501e8060e5a3b5ce81e437358a154f973070c11cf1d50adae5,左壁追従（超音波のみ）,,250.0,38.53743729925511,19.553778551877613,204.89871503521468,118.23421585168633
38.45,497.00914053847896,585.1828770894431,93.07121914282368,17.053050777755555,-16.00607767478779,21.33080096883842,-50.01899273371184,401,382,375,435,21.33080096883842,NEUTRAL,program,sensor_drive.py,function,750df67d0c33d1501e8060e5a3b5ce81e437358a154f973070c11cf1d50adae5,左壁追従（超音波のみ）,,250.0,39.81753791075974,19.564624475578196,200.77999698635548,117.76235215597356
38.5,497.861894571742,585.1325669304383,93.6815424083353,17.10564069373146,-15.340770869067546,21.608012137888522,-47.93990896583608,402,384,375,435,21.608012137888522,NEUTRAL,program,sensor_drive.py,function,750df67d0c33d1501e8060e5a3b5ce81e437358a154f973070c11cf1d50adae5,左壁追従（超音波のみ）,,250.0,41.12726100673122,19.59101220141323,196.9857779190338,117.31901870206539
38.55,498.7178442424599,585.0731004946385,94.26684512672284,17.196186170485095,-14.677736814289425,21.884276327379407,-45.86792754465445,402,386,375,435,21.884276327379407,NEUTRAL,program,sensor_drive.py,function,750df67d0c33d1501e8060e5a3b5ce81e437358a154f973070c11cf1d50adae5,左壁追従（超音波のみ）,,250.0,42.46835069265874,19.632371707894947,193.4737927117934,116.90026696886919
38.6,499.5785512227365,585.0046432140331,94.8281750279894,17.31602577061678,-14.016137104864317,22.1599428729732,-43.80042845270099,402,389,375,435,22.1599428729732,NEUTRAL,program,sensor_drive.py,function,750df67d0c33d1501e8060e5a3b5ce81e437358a154f973070c11cf1d50adae5,左壁追従（超音波のみ）,,250.0,43.841572709950775,19.688273446726296,190.21135221972105,116.50295828499534
38.65,500.4452106892831,584.9273390346501,95.36616892265977,17.458480958237825,-13.355559674253259,22.435183469061144,-41.736123982041434,403,391,375,435,22.435183469061144,NEUTRAL,program,sensor_drive.py,function,750df67d0c33d1501e8060e5a3b5ce81e437358a154f973070c11cf1d50adae5,左壁追従（超音波のみ）,,250.0,45.246756464017075,19.75837076339027,187.17273033133608,116.12454514251203
38.7,501.31873633970724,584.8413247831129,95.88116562765458,17.61838459878165,-12.695920360429923,22.7100331831542,-39.67475112634351,403,393,375,435,22.7100331831542,NEUTRAL,program,sensor_drive.py,function,750df67d0c33d1501e8060e5a3b5ce81e437358a154f973070c11cf1d50adae5,左壁追従（超音波のみ）,,250.0,46.6828742516479,19.84235917435818,184.33723443766783,115.7629059123084
38.75,502.19982537222563,584.746740013239,96.37329070262547,17.791720603934966,-12.03739784295557,22.98441756543518,-37.616868259236156,403,395,375,435,22.98441756543518,NEUTRAL,program,sensor_drive.py,function,750df67d0c33d1501e8060e5a3b5ce81e437358a154f973070c11cf1d50adae5,左壁追従（超音波のみ）,,250.0,48.14807822157251,19.939948063825746,181.6879186802232,115.4162363720844
38.8,503.08900809213924,584.6437337303769,96.84252039302902,17.975348620865812,-11.38038259877038,23.258173917179008,-35.563695621157436,404,397,375,435,23.258173917179008,NEUTRAL,program,sensor_drive.py,function,750df67d0c33d1501e8060e5a3b5ce81e437358a154f973070c11cf1d50adae5,左壁追従（超音波のみ）,,250.0,49.63972985233135,20.050840695406038,179.21066945485805,115.08297359758282
38.85,503.98668572873163,584.5324689479644,97.28873020795618,18.166793793095074,-10.725436600994053,23.531068082919145,-33.516989378106416,404,399,375,435,23.531068082919145,NEUTRAL,program,sensor_drive.py,function,750df67d0c33d1501e8060e5a3b5ce81e437358a154f973070c11cf1d50adae5,左壁追従（超音波のみ）,,250.0,51.15442597555657,20.174720140991234,176.89354837489554,114.76174265745553
38.9,504.89315921400527,584.4131257289671,97.71173212495887,18.364086317129363,-10.073261155290828,23.802807851962157,-31.478941110283838,404,401,375,435,23.802807851962157,NEUTRAL,program,sensor_drive.py,function,750df67d0c33d1501e8060e5a3b5ce81e437358a154f973070c11cf1d50adae5,左壁追従（超音波のみ）,,250.0,52.68802531783077,20.31123948775427,174.7263149573065,114.4513194424071
38.95,505.80865103450753,584.285903157821,98.11130336006778,18.56563911599719,-9.424670817873691,24.073053825885964,-29.452096305855285,405,404,375,435,24.073053825885964,NEUTRAL,program,sensor_drive.py,function,750df67d0c33d1501e8060e5a3b5ce81e437358a154f973070c11cf1d50adae5,左壁追従（超音波のみ）,,250.0,54.2356793345975,20.460015202505137,172.7000758115902,114.15060493474164
39.0,506.73332177590555,584.1510205458186,98.48720886327669,18.770154703722312,-8.780571785230245,24.34142842282073,-27.43928682884452,405,406,375,435,24.34142842282073,NEUTRAL,program,sensor_drive.py,function,750df67d0c33d1501e8060e5a3b5ce81e437358a154f973070c11cf1d50adae5,左壁追従（超音波のみ）,,250.0,55.791870788057444,20.620622887989736,170.80702355665576,113.85860758830748
39.05,507.6672826029829,584.0087180743373,98.83921912320659,18.976554420176686,-8.141943506279702,24.607523539050124,-25.44357345712407,405,408,375,435,24.607523539050124,NEUTRAL,program,sensor_drive.py,function,750df67d0c33d1501e8060e5a3b5ce81e437358a154f973070c11cf1d50adae5,左壁追従（超音波のみ）,,250.0,57.35046307716671,20.79259490912654,169.04023985234772,113.57443143799978
39.1,508.61060462898246,583.8592570123341,99.16712443594406,19.183924824767843,-7.509822559463228,24.87090726689032,-23.46819549832259,406,410,375,435,24.87090726689032,NEUTRAL,program,sensor_drive.py,function,750df67d0c33d1501e8060e5a3b5ce81e437358a154f973070c11cf1d50adae5,左壁追従（超音波のみ）,,250.0,58.90476275267283,20.975419532560498,167.39354458150623,113.29726822280438
39.15,509.56332590728545,583.7029195979011,99.4707464736224,19.391477266018047,-6.885288074251524,25.131129969061867,-21.516525232036013,406,412,375,435,25.131129969061867,NEUTRAL,program,sensor_drive.py,function,750df67d0c33d1501e8060e5a3b5ce81e437358a154f973070c11cf1d50adae5,左壁追従（超音波のみ）,,250.0,60.44759693627613,21.168541333310078,165.861378504447,113.0263922746723
39.2,510.52545660952404,583.5400086420506,99.74994775019479,19.598517581273747,-6.269448170144611,25.387729929106413,-19.59202553170191,406,414,375,435,25.387729929106413,NEUTRAL,program,sensor_drive.py,function,750df67d0c33d1501e8060e5a3b5ce81e437358a154f973070c11cf1d50adae5,左壁追従（超音波のみ）,,250.0,61.971406512423684,21.37136269356886,164.4387103870135,112.76115725730106
39.25,511.49698282520427,583.370846891887,100.00463940464533,19.804423594807435,-5.663427045367813,25.640238731096744,-17.698209516774416,407,416,375,435,25.640238731096744,NEUTRAL,program,sensor_drive.py,function,750df67d0c33d1501e8060e5a3b5ce81e437358a154f973070c11cf1d50adae5,左壁追従（超音波のみ）,,250.0,63.46835499060608,21.583246262080063,163.120962180815,112.50099407565172
39.3,512.4778693193855,583.1957761768706,100.23478759068337,20.008628625815422,-5.0683524788506995,25.88818646714554,-15.838601496408437,407,418,375,435,25.88818646714554,NEUTRAL,program,sensor_drive.py,function,750df67d0c33d1501e8060e5a3b5ce81e437358a154f973070c11cf1d50adae5,左壁追従（超音波のみ）,,250.0,64.93045187990623,21.803518266029137,161.90394765070016,112.24540944768543
39.35,513.4680615097018,583.015156353802,100.44041866581762,20.21060963047454,-4.485343617655625,26.131106825976822,-14.016698805173828,407,420,375,435,26.131106825976822,NEUTRAL,program,sensor_drive.py,function,750df67d0c33d1501e8060e5a3b5ce81e437358a154f973070c11cf1d50adae5,左壁追従（超音波のみ）,,250.0,66.34968832908686,22.031472577038116,160.7838211319638,111.99398475469303
39.4,514.4674868664453,582.8293640619459,100.62162330352783,20.409878915185853,-3.9154990111770496,26.368542078676228,-12.23593440992828,407,422,375,435,26.368542078676228,NEUTRAL,program,sensor_drive.py,function,750df67d0c33d1501e8060e5a3b5ce81e437358a154f973070c11cf1d50adae5,左壁追従（超音波のみ）,,250.0,67.71818173422346,22.266375433197453,159.7570340174355,111.74637487997488
39.45,515.4760558952925,582.6387912982271,100.77855960404736,20.60597859515684,-3.359884925473697,26.600047947719293,-10.499640392105302,408,423,375,435,26.600047947719293,NEUTRAL,program,sensor_drive.py,function,750df67d0c33d1501e8060e5a3b5ce81e437358a154f973070c11cf1d50adae5,左壁追従（超音波のみ）,,250.0,69.0283250823553,22.507470713684835,158.82029723240464,111.50230681756761
39.5,516.4936628282459,582.4438438228658,100.91145524750925,20.798477151850413,-2.8195240274130846,26.825198321911216,-8.811012585665889,408,425,375,435,26.825198321911216,NEUTRAL,program,sensor_drive.py,function,750df67d0c33d1501e8060e5a3b5ce81e437358a154f973070c11cf1d50adae5,左壁追従（超音波のみ）,,250.0,70.27293606765657,22.75398565429049,157.97054842945826,111.26157789014817
39.55,517.5201861219583,582.2449394075438,101.02060871442757,20.98696757866234,-2.2953845698323936,27.043589762569837,-7.17307678072623,408,427,375,435,27.043589762569837,NEUTRAL,program,sensor_drive.py,function,750df67d0c33d1501e8060e5a3b5ce81e437358a154f973070c11cf1d50adae5,左壁追従（超音波のみ）,,250.0,71.4454005630459,23.005136883401615,157.2049229788731,111.02405346291624
39.6,518.5554888418994,582.042505940729,101.10638958992479,21.1710667073565,-1.7883702362624854,27.25484573489063,-5.588656988320267,409,429,375,435,27.25484573489063,NEUTRAL,program,sensor_drive.py,function,750df67d0c33d1501e8060e5a3b5ce81e437358a154f973070c11cf1d50adae5,左壁追従（超音波のみ）,,250.0,72.53980491453213,23.26013665054455,156.52072808026358,110.78966408127671
39.65,519.599418994322,581.8369794077313,101.16923796752326,21.35041538667243,-1.299310817506389,27.45862049270567,-4.0603463047074655,409,430,375,435,27.45862049270567,NEUTRAL,program,sensor_drive.py,function,750df67d0c33d1501e8060e5a3b5ce81e437358a154f973070c11cf1d50adae5,左壁追従（超音波のみ）,,250.0,73.55105178047148,23.518199114876662,155.91541950378073,110.55840199640839
39.7,520.6518098546192,581.6288017661201,101.2096629737652,21.52467924555967,-0.8289538932673679,27.65460254447193,-2.5904809164605247,409,432,375,435,27.65460254447193,NEUTRAL,program,sensor_drive.py,function,750df67d0c33d1501e8060e5a3b5ce81e437358a154f973070c11cf1d50adae5,左壁追従（超音波のみ）,,250.0,74.47495486209928,23.778546560048838,155.38658060253962,110.33031707532848
39.75,521.7124803296064,581.4184187400131,101.22824044471116,21.693549821597827,-0.3779576810937886,27.842517632877588,-1.1811177534180892,409,433,375,435,27.842517632877588,NEUTRAL,program,sensor_drive.py,function,750df67d0c33d1501e8060e5a3b5ce81e437358a154f973070c11cf1d50adae5,左壁追従（超音波のみ）,,250.0,75.30830882773066,24.040415405224703,154.9319033351156,110.10551212126212
39.8,522.7809989972776,581.2063244744834,101.22561037979523,21.84876588321151,0.053114806467268065,27.977868830638638,0.1659837702102127,409,435,375,435,27.977868830638638,NEUTRAL,program,sensor_drive.py,function,750df67d0c33d1501e8060e5a3b5ce81e437358a154f973070c11cf1d50adae5,左壁追従（超音波のみ）,,250.0,76.04893194948261,24.30306188993719,154.5491711070898,109.88413765594683
39.85,523.8552279390317,580.9933472910138,101.20252688851059,21.93815840604377,0.4637093648594782,27.806787764641886,1.4490917651858695,409,436,375,435,27.806787764641886,NEUTRAL,program,sensor_drive.py,function,750df67d0c33d1501e8060e5a3b5ce81e437358a154f973070c11cf1d50adae5,左壁追従（超音波のみ）,,250.0,76.6955373407902,24.56570922706208,154.2363124980741,109.66643439412675
39.9,524.932500739209,580.780408018712,101.15995759266684,21.978178062849352,0.8527832351247906,27.644673652031337,2.6649476097649707,409,437,375,435,27.644673652031337,NEUTRAL,program,sensor_drive.py,function,750df67d0c33d1501e8060e5a3b5ce81e437358a154f973070c11cf1d50adae5,左壁追従（超音波のみ）,,250.0,77.24708276409308,24.827201322203457,153.99164165431628,109.45301013103906
39.95,526.0108454342427,580.5682686502679,101.0990333764301,21.98163898611321,1.2193940117434505,27.491919161773563,3.810606286698283,409,439,375,435,27.491919161773563,NEUTRAL,program,sensor_drive.py,function,750df67d0c33d1501e8060e5a3b5ce81e437358a154f973070c11cf1d50adae5,左壁追従（超音波のみ）,,250.0,77.70398458549036,25.086317042171316,153.81313028386862,109.24456056934193
40.0,527.0888279768492,580.3575582655446,101.02097201799023,21.95849787099459,1.5631374940402571,27.34869271081656,4.884804668875804,409,440,375,435,27.34869271081656,NEUTRAL,program,sensor_drive.py,function,750df67d0c33d1501e8060e5a3b5ce81e437358a154f973070c11cf1d50adae5,左壁追従（超音波のみ）,,250.0,78.06861919995858,25.342080216243467,153.69816870237742,109.04161684174763
40.05,528.1654296449753,580.1487951001935,100.92702398445402,21.916467727600484,1.8840115249644345,27.214995197931486,5.887536015513858,409,441,375,435,27.214995197931486,NEUTRAL,program,sensor_drive.py,function,750df67d0c33d1501e8060e5a3b5ce81e437358a154f973070c11cf1d50adae5,左壁追従（超音波のみ）,,250.0,78.34479428752661,25.59372035925575,153.64382965288908,108.84458389002857
40.1,529.2399511309304,579.9424052232431,100.81843495565204,21.86150131145628,2.18230957770257,27.09070434262393,6.81971743032053,408,442,375,435,27.09070434262393,NEUTRAL,program,sensor_drive.py,function,750df67d0c33d1501e8060e5a3b5ce81e437358a154f973070c11cf1d50adae5,左壁追従（超音波のみ）,,250.0,78.53731351394077,25.840638413977203,153.64704922834667,108.65376906865524
40.15,530.3119375891521,579.7387382492673,100.69642075386412,21.798171807776217,2.4585382213633737,26.97560907443193,7.682931941760542,408,443,375,435,26.97560907443193,NEUTRAL,program,sensor_drive.py,function,750df67d0c33d1501e8060e5a3b5ce81e437358a154f973070c11cf1d50adae5,左壁追従（超音波のみ）,,250.0,78.65162518990407,26.08237721158886,153.70474770381736,108.46940354789866
40.2,531.381120139019,579.5380804798103,100.56215132322939,21.729972498081008,2.7133535749089335,26.86943601045461,8.479229921590417,408,443,375,435,26.86943601045461,NEUTRAL,program,sensor_drive.py,function,750df67d0c33d1501e8060e5a3b5ce81e437358a154f973070c11cf1d50adae5,左壁追従（超音波のみ）,,250.0,78.6935442855849,26.318596266124846,153.81390743904996,108.29165840624665
40.25,532.4473702796172,579.3406658371995,100.41674120254095,21.6595525422628,2.947512738267044,26.771869692388734,9.210977307084512,408,444,375,435,26.771869692388734,NEUTRAL,program,sensor_drive.py,function,750df67d0c33d1501e8060e5a3b5ce81e437358a154f973070c11cf1d50adae5,左壁追従（超音波のみ）,,250.0,78.66903701989412,26.54905046530505,153.9716205418691,108.12065679419719
40.3,533.5106644302674,579.1466849198714,100.26124457508229,21.58890239199242,3.1618369535520747,26.682567936019968,9.880740479850234,408,445,375,435,26.682567936019968,NEUTRAL,program,sensor_drive.py,function,750df67d0c33d1501e8060e5a3b5ce81e437358a154f973070c11cf1d50adae5,左壁追従（超音波のみ）,,250.0,78.58405772760612,26.773572199341626,154.175115550599,107.95648318021087
40.35,534.5710564067155,578.9562924726183,100.09665347878558,21.519499500763537,3.3571838958876814,26.601173376713465,10.491199674649005,408,446,375,435,26.601173376713465,NEUTRAL,program,sensor_drive.py,function,750df67d0c33d1501e8060e5a3b5ce81e437358a154f973070c11cf1d50adae5,左壁追従（超音波のみ）,,250.0,78.44442860104911,26.99205647558806,154.4217698132076,107.79919042005012
40.4,535.6286561121158,578.7696135292414,99.92389814280938,21.452422747377547,3.534427029855162,26.527322070893682,11.04508446829738,408,446,375,435,26.527322070893682,NEUTRAL,program,sensor_drive.py,function,750df67d0c33d1501e8060e5a3b5ce81e437358a154f973070c11cf1d50adae5,左壁追従（超音波のみ）,,250.0,78.25575400652797,27.204448592477178,154.70911233025944,107.64880519537387
40.45,536.6836130911587,578.5867484504208,99.74384870554366,21.3884422149789,3.6944404058735687,26.460649830886013,11.545126268354903,408,447,375,435,26.460649830886013,NEUTRAL,program,sensor_drive.py,function,750df67d0c33d1501e8060e5a3b5ce81e437358a154f973070c11cf1d50adae5,左壁追従（超音波のみ）,,250.0,78.0233622431382,27.410733983501377,155.03482043062678,107.50533222567051
40.5,537.7361038861086,578.4077770472859,99.5573177843217,21.32808956644404,3.8380876243748525,26.400796823177146,11.994023826171414,408,447,375,435,26.400796823177146,NEUTRAL,program,sensor_drive.py,function,750df67d0c33d1501e8060e5a3b5ce81e437358a154f973070c11cf1d50adae5,左壁追従（超音波のみ）,,250.0,77.75226874625481,27.61092988501724,155.39671263547208,107.36875755423024
40.55,538.7863223618873,578.2327619518343,99.36506352571519,21.271713150220613,3.9662139778346512,26.347410842568895,12.394418680733285,407,448,375,435,26.347410842568895,NEUTRAL,program,sensor_drive.py,function,750df67d0c33d1501e8060e5a3b5ce81e437358a154f973070c11cf1d50adae5,左壁追従（超音波のみ）,,250.0,77.4471557820075,27.805078525949444,155.79273933742684,107.23905113309958
40.6,539.8344723468655,578.0617513693555,99.16779288090856,21.219521096638235,4.079641004060636,26.300149581641403,12.748878137689486,407,448,375,435,26.300149581641403,NEUTRAL,program,sensor_drive.py,function,750df67d0c33d1501e8060e5a3b5ce81e437358a154f973070c11cf1d50adae5,左壁追従（超音波のみ）,,250.0,77.11236460354863,27.993241580184417,156.2209724020267,107.11616887602244
40.65,540.8812409473117,577.8946057139696,98.9767538128321,21.188188229347325,3.958539741867258,26.350608440888642,12.370436693335181,407,447,375,435,26.350608440888642,NEUTRAL,program,sensor_drive.py,function,750df67d0c33d1501e8060e5a3b5ce81e437358a154f973070c11cf1d50adae5,左壁追従（超音波のみ）,,250.0,76.75189683558892,28.175495661814168,156.6795944303852,107.00005430685003
40.7,541.9274948123705,577.7310595222074,98.79194428236116,21.173294062710024,3.8337064118418556,26.402622328399225,11.980332537005799,408,447,375,435,26.402622328399225,NEUTRAL,program,sensor_drive.py,function,750df67d0c33d1501e8060e5a3b5ce81e437358a154f973070c11cf1d50adae5,左壁追従（超音波のみ）,,250.0,76.41424011383457,28.35345816042044,157.12691935508417,106.88705128874606
40.75,542.9738956984652,577.5708915025407,98.61299751716189,21.170768933631596,3.7137323222967398,26.45261153237636,11.605413507177312,408,447,375,435,26.45261153237636,NEUTRAL,program,sensor_drive.py,function,750df67d0c33d1501e8060e5a3b5ce81e437358a154f973070c11cf1d50adae5,左壁追従（超音波のみ）,,250.0,76.0991505072383,28.527481844358487,157.5620314522577,106.77677775536793
40.8,544.0209351818526,577.4139190334959,98.43960114784858,21.177481677212004,3.5983331774714005,26.500694509386918,11.244791179598126,408,446,375,435,26.500694509386918,NEUTRAL,program,sensor_drive.py,function,750df67d0c33d1501e8060e5a3b5ce81e437358a154f973070c11cf1d50adae5,左壁追従（超音波のみ）,,250.0,75.80482352754368,28.697816726667252,157.9854769540506,106.6690220590672
40.85,545.0689740298498,577.2599889576818,98.27148440911094,21.191025154466047,3.487264241342906,26.546973232773787,10.897700754196581,408,446,375,435,26.546973232773787,NEUTRAL,program,sensor_drive.py,function,750df67d0c33d1501e8060e5a3b5ce81e437358a154f973070c11cf1d50adae5,左壁追従（超音波のみ）,,250.0,75.52968979913818,28.864669938661507,158.39770469158995,106.56360566025195
40.9,546.1182726044628,577.1089706584999,98.10840860940925,21.209550806973272,3.3803111081287818,26.591537038279675,10.563472212902443,408,446,375,435,26.591537038279675,NEUTRAL,program,sensor_drive.py,function,750df67d0c33d1501e8060e5a3b5ce81e437358a154f973070c11cf1d50adae5,左壁追従（超音波のみ）,,250.0,75.27236746027627,29.02821579247304,158.79909174939158,106.46037594437199
40.95,547.1690143371223,576.9607508492047,97.95016002315612,21.231641010505967,3.277282858458845,26.63446547564215,10.24150893268389,408,445,375,435,26.63446547564215,NEUTRAL,program,sensor_drive.py,function,750df67d0c33d1501e8060e5a3b5ce81e437358a154f973070c11cf1d50adae5,左壁追従（超音波のみ）,,250.0,75.03162659140261,29.188603352713198,159.1899625957444,106.35920080771987
41.0,548.2213238497035,576.815229647849,97.79654458090766,21.25621057710658,3.1780069744232424,26.67583042732365,9.931271795072632,408,445,375,435,26.67583042732365,NEUTRAL,program,sensor_drive.py,function,750df67d0c33d1501e8060e5a3b5ce81e437358a154f973070c11cf1d50adae5,左壁追従（超音波のみ）,,250.0,74.80636233897955,29.345962142517042,159.57060331212458,106.2599645558605
41.05,549.2752809388679,576.6723176186375,97.64738389553463,21.282430739138743,3.082325553377802,26.715697686092582,9.63226735430563,408,445,375,435,26.715697686092582,NEUTRAL,program,sensor_drive.py,function,750df67d0c33d1501e8060e5a3b5ce81e437358a154f973070c11cf1d50adae5,左壁追従（超音波のみ）,,250.0,74.59557437039604,29.500406450237016,159.94127214051426,106.16256477914712
41.1,550.3309313640628,576.5319335400237,97.50251228189387,21.309670476634803,2.9900924818816974,26.754128132549294,9.344039005880305,408,444,375,435,26.754128132549294,NEUTRAL,program,sensor_drive.py,function,750df67d0c33d1501e8060e5a3b5ce81e437358a154f973070c11cf1d50adae5,左壁追従（超音波のみ）,,250.0,74.39835097169184,29.652038585239115,160.3022072653118,106.06690995773464
41.15,551.388295165754,576.3940027195515,97.36177451576344,21.3374512260762,2.901171320062338,26.791178616640693,9.066160375194807,408,444,375,435,26.791178616640693,NEUTRAL,program,sensor_drive.py,function,750df67d0c33d1501e8060e5a3b5ce81e437358a154f973070c11cf1d50adae5,左壁追従（超音波のみ）,,250.0,74.21385657580986,29.800951343658816,160.65363251996303,105.97291761289152
41.2,552.447373075321,576.258455720142,97.22502414310821,21.36541191544456,2.815433711990869,26.826902620003803,8.798230349971465,408,444,375,435,26.826902620003803,NEUTRAL,program,sensor_drive.py,function,750df67d0c33d1501e8060e5a3b5ce81e437358a154f973070c11cf1d50adae5,左壁追従（超音波のみ）,,250.0,74.04132184616768,29.94722987967724,160.99576153823932,105.8805128687262
41.25,553.5081514504583,576.1252273960487,97.09212219915105,21.393281969137025,2.7327581857209937,26.861350755949587,8.539869330378105,408,443,375,435,26.861350755949587,NEUTRAL,program,sensor_drive.py,function,750df67d0c33d1501e8060e5a3b5ce81e437358a154f973070c11cf1d50adae5,左壁追従（超音波のみ）,,250.0,73.88003568034594,30.09095312909586,161.3288007419988,105.78962732331809
41.3,554.5706060713541,575.9942561618883,96.96293623267314,21.420860464959627,2.653029242099016,26.89457114912541,8.290716381559426,408,443,375,435,26.89457114912541,NEUTRAL,program,sensor_drive.py,function,750df67d0c33d1501e8060e5a3b5ce81e437358a154f973070c11cf1d50adae5,左壁追従（超音波のみ）,,250.0,73.72933867037737,30.232194895490572,161.65295146074874,105.70019815399743
41.35,555.6347050567517,575.8654834370828,96.83733955768656,21.448000040681276,2.5761366576480027,26.92660972598,8.050427055150008,408,443,375,435,26.92660972598,NEUTRAL,program,sensor_drive.py,function,750df67d0c33d1501e8060e5a3b5ce81e437358a154f973070c11cf1d50adae5,左壁追従（超音波のみ）,,250.0,73.58861767947623,30.37102468186721,161.96841140555617,105.612167400602
41.4,556.7004111001565,575.7388532222869,96.71521067450044,21.47459446785862,2.5019749462068614,26.957510439080476,7.818671706896442,408,443,375,435,26.957510439080476,NEUTRAL,program,sensor_drive.py,function,750df67d0c33d1501e8060e5a3b5ce81e437358a154f973070c11cf1d50adae5,左壁追従（超音波のみ）,,250.0,73.45730128406376,30.507508330216485,162.275375664927,105.5254813846863
41.45,557.7676831809679,575.614311775097,96.5964328170088,21.500569057626215,2.4304429383427184,26.9873154423572,7.5951341823209955,408,442,375,435,26.9873154423572,NEUTRAL,program,sensor_drive.py,function,750df67d0c33d1501e8060e5a3b5ce81e437358a154f973070c11cf1d50adae5,左壁追従（超音波のみ）,,250.0,73.33485589441301,30.641708515954655,162.57403734883098,105.44009023317355
41.5,558.83647787018,575.4918073604109,96.48089359404935,21.52587325367096,2.361443448190436,27.016065229920653,7.3795107755951115,408,442,375,435,27.016065229920653,NEUTRAL,program,sensor_drive.py,function,750df67d0c33d1501e8060e5a3b5ce81e437358a154f973070c11cf1d50adae5,左壁追従（超音波のみ）,,250.0,73.22078241418588,30.7736851326469,162.8645879757311,105.35594748277504
41.55,559.9067503231305,575.3712900568893,96.36848470090325,21.55047491460671,2.2948830052388582,27.043798747817142,7.171509391371432,408,442,375,435,27.043798747817142,NEUTRAL,program,sensor_drive.py,function,750df67d0c33d1501e8060e5a3b5ce81e437358a154f973070c11cf1d50adae5,左壁追従（超音波のみ）,,250.0,73.11461333338809,30.90349559369384,163.14721767386166,105.27300974733339
41.6,560.9784550307849,575.2527116055534,96.25910168312834,21.574355901395634,2.23067163442944,27.0705534856544,6.970848857592001,408,442,375,435,27.0705534856544,NEUTRAL,program,sensor_drive.py,function,750df67d0c33d1501e8060e5a3b5ce81e437358a154f973070c11cf1d50adae5,左壁追従（超音波のみ）,,250.0,73.01591017447164,31.031195071102893,163.42211525012735,105.19123643460404
41.65,562.0515463848203,575.1360252900114,96.15264373948412,21.59750867300564,2.168722672256241,27.096365553226565,6.777258350800754,408,442,375,435,27.096365553226565,NEUTRAL,program,sensor_drive.py,function,750df67d0c33d1501e8060e5a3b5ce81e437358a154f973070c11cf1d50adae5,左壁追従（超音波のみ）,,250.0,72.92426122987159,31.156836686524848,163.6894681665424,105.11058950224921
41.7,563.1259790992272,575.0211858404073,96.04901355411039,21.619933661066266,2.108952609768656,27.121269745929727,6.59047690552705,408,441,375,435,27.121269745929727,NEUTRAL,program,sensor_drive.py,function,750df67d0c33d1501e8060e5a3b5ce81e437358a154f973070c11cf1d50adae5,左壁追従（超音波のみ）,,250.0,72.83927954306012,31.28047166600969,163.94946245394635,105.03103324525894
41.75,564.2017085214492,574.9081493551524,95.9481171506576,21.641637246451335,2.051280955756811,27.145299601767995,6.4102529867400335,408,441,375,435,27.145299601767995,NEUTRAL,program,sensor_drive.py,function,750df67d0c33d1501e8060e5a3b5ce81e437358a154f973070c11cf1d50adae5,左壁追従（超音波のみ）,,250.0,72.76060109549597,31.402149467131817,164.20228258506194,104.95253410884443
41.8,565.27869085859,574.7968732359803,95.84986376295626,21.66263020099415,1.9956301151602072,27.16848745201658,6.236344109875647,408,441,375,435,27.16848745201658,NEUTRAL,program,sensor_drive.py,function,750df67d0c33d1501e8060e5a3b5ce81e437358a154f973070c11cf1d50adae5,左壁追従（超音波のみ）,,250.0,72.68788316957988,31.52191788501603,164.4481113231776,104.87506052222349
41.85,566.356883338413,574.6873161329781,95.75416571822069,21.682926488643467,1.9419252790480959,27.190864467063292,6.0685164970253,408,441,375,435,27.190864467063292,NEUTRAL,program,sensor_drive.py,function,750df67d0c33d1501e8060e5a3b5ce81e437358a154f973070c11cf1d50adae5,左壁追従（超音波のみ）,,250.0,72.62080286359708,31.63982314219729,164.6871295583753,104.7985827497569
41.9,567.4362443203808,574.5794378970927,95.66093832983006,21.702542344388736,1.8900943234874545,27.212460698546895,5.906544760898296,409,441,375,435,27.212460698546895,NEUTRAL,program,sensor_drive.py,function,750df67d0c33d1501e8060e5a3b5ce81e437358a154f973070c11cf1d50adae5,左壁追従（超音波のみ）,,250.0,72.55905573911586,31.75590996604471,164.91951613994488,104.723072756676
41.95,568.5167333685166,574.4731995382389,95.57009979750757,21.72149556783711,1.840067715323949,27.23330511861502,5.750211610387341,409,441,375,435,27.23330511861502,NEUTRAL,program,sensor_drive.py,function,750df67d0c33d1501e8060e5a3b5ce81e437358a154f973070c11cf1d50adae5,左壁追従（超音波のみ）,,250.0,72.50235458474492,31.870221656566997,165.1454477111585,104.64850408723171
42.0,569.5983112951867,574.3685631876177,95.48157111329795,21.739804982657006,1.7917784234357736,27.25342565690176,5.599307573236793,409,440,375,435,27.25342565690176,NEUTRAL,program,sensor_drive.py,function,750df67d0c33d1501e8060e5a3b5ce81e437358a154f973070c11cf1d50adae5,左壁追従（超音波のみ）,,250.0,72.45042828286775,31.982800146731527,165.36509855072728,104.57485175354522
42.05,570.6809401828297,574.2654920632069,95.39527597217113,21.757490024176708,1.7451618344035642,27.27284923566518,5.453630732511138,409,440,375,435,27.27284923566518,NEUTRAL,program,sensor_drive.py,function,750df67d0c33d1501e8060e5a3b5ce81e437358a154f973070c11cf1d50adae5,左壁追従（超音波のみ）,,250.0,72.40302076806584,32.093686056907295,165.578640423885,104.50209213378844
42.1,571.7645833890599,574.1639504376573,95.3111406864,21.774570425982816,1.700155671828374,27.291601803404845,5.312986474463669,409,440,375,435,27.291601803404845,NEUTRAL,program,sensor_drive.py,function,750df67d0c33d1501e8060e5a3b5ce81e437358a154f973070c11cf1d50adae5,左壁追従（超音波のみ）,,250.0,72.35989006763731,32.202918744653054,165.78624244500344,104.43020287857325
42.15,572.8492055393255,574.06390360803,95.22909410309086,21.791065982975738,1.6566999187415956,27.309708367191003,5.177187246067486,409,440,375,435,27.309708367191003,NEUTRAL,program,sensor_drive.py,function,750df67d0c33d1501e8060e5a3b5ce81e437358a154f973070c11cf1d50adae5,左壁追従（超音波のみ）,,250.0,72.32080741597585,32.31053635077507,165.9880709528757,104.35916282463978
42.2,573.9347725103473,573.9653178669631,95.14906752442079,21.806996373449813,1.6147367427013166,27.32719302387445,5.046052320941614,409,440,375,435,27.32719302387445,NEUTRAL,program,sensor_drive.py,function,750df67d0c33d1501e8060e5a3b5ce81e437358a154f973070c11cf1d50adae5,左壁追従（超音波のみ）,,250.0,72.28555643566324,32.41657584235253,166.18428939924635,104.28895191508398
42.25,575.0212514068221,573.8681604749625,95.070994630261,21.822381026716627,1.5742104232823977,27.344078990299,4.919407572757493,409,440,375,435,27.344078990299,NEUTRAL,program,sensor_drive.py,function,750df67d0c33d1501e8060e5a3b5ce81e437358a154f973070c11cf1d50adae5,左壁追従（超音波のみ）,,250.0,72.25393237903924,32.52107305326233,166.37505825075226,104.21955112548994
42.3,576.1086105332982,573.7723996336042,94.9948114029583,21.837239025843544,1.5350672817518056,27.360388632603414,4.797085255474393,409,440,375,435,27.360388632603414,NEUTRAL,program,sensor_drive.py,function,750df67d0c33d1501e8060e5a3b5ce81e437358a154f973070c11cf1d50adae5,左壁追従（超音波のみ）,,250.0,72.22574142477453,32.62406272260672,166.56053490412458,104.1509423954214
42.35,577.1968193626885,573.678004459493,94.92045605411187,21.851589037441407,1.4972556127756156,27.37614349467683,4.6789237899237985,409,439,375,435,27.37614349467683,NEUTRAL,program,sensor_drive.py,function,750df67d0c33d1501e8060e5a3b5ce81e437358a154f973070c11cf1d50adae5,左壁追従（超音波のみ）,,250.0,72.20080002459338,32.725578531350834,166.740873614306,104.0831085648084
42.4,578.2858485025446,573.5849449588667,94.84786895323327,21.865449262261063,1.4607256180479373,27.39136432581336,4.564767556399804,409,439,375,435,27.39136432581336,NEUTRAL,program,sensor_drive.py,function,750df67d0c33d1501e8060e5a3b5ce81e437358a154f973070c11cf1d50adae5,左壁追従（超音波のみ）,,250.0,72.17893429583333,32.82565313740252,166.91622543498298,104.01603331482222
42.45,579.375669659947,573.493192002775,94.77699255820966,21.878837401771015,1.4254293417612343,27.406071107599487,4.454466693003857,409,439,375,435,27.406071107599487,NEUTRAL,program,sensor_drive.py,function,750df67d0c33d1501e8060e5a3b5ce81e437358a154f973070c11cf1d50adae5,左壁追従（超音波のみ）,,250.0,72.15997945599293,32.9243182093173,167.08673817092838,103.94970111287952
42.5,580.4662556056645,573.4027173027806,94.70777134751296,21.891770636980763,1.3913206078588274,27.420283080058823,4.347876899558836,409,439,375,435,27.420283080058823,NEUTRAL,program,sensor_drive.py,function,750df67d0c33d1501e8060e5a3b5ce81e437358a154f973070c11cf1d50adae5,左壁追従（超音波のみ）,,250.0,72.14377929580935,33.02160445876263,167.25255634148792,103.88409716145547
42.55,581.5575801380746,573.3134933871513,94.6401517541185,21.904265616619753,1.358354959022459,27.434018767073976,4.244859246945184,409,439,375,435,27.434018767073976,NEUTRAL,program,sensor_drive.py,function,750df67d0c33d1501e8060e5a3b5ce81e437358a154f973070c11cf1d50adae5,左壁追従（超音波のみ）,,250.0,72.13018568775227,33.11754167185044,167.4138211545242,103.81920735042598
42.6,582.6496180472168,573.2254935775239,94.5740821011018,21.916338452435884,1.3264895973604878,27.447296001099797,4.145279991751524,409,439,375,435,27.447296001099797,NEUTRAL,program,sensor_drive.py,function,750df67d0c33d1501e8060e5a3b5ce81e437358a154f973070c11cf1d50adae5,左壁追従（超音波のみ）,,250.0,72.11905812713043,33.21215873942246,167.5706704900858,103.7550182126728
42.65,583.7423450792545,573.1386919660279,94.50951253889355,21.928004719883678,1.2956833267649943,27.460131947181253,4.049010396140607,409,439,375,435,27.460131947181253,NEUTRAL,program,sensor_drive.py,function,750df67d0c33d1501e8060e5a3b5ce81e437358a154f973070c11cf1d50adae5,左壁追従（超音波のみ）,,250.0,72.11026330325872,33.305483686350854,167.72323889310184,103.69151688272517
42.7,584.8357379015478,573.053063392865,94.44639498417428,21.93927946286408,1.2658964969120132,27.472543126286663,3.955926552850041,409,439,375,435,27.472543126286663,NEUTRAL,program,sensor_drive.py,function,750df67d0c33d1501e8060e5a3b5ce81e437358a154f973070c11cf1d50adae5,左壁追従（超音波のみ）,,250.0,72.10367469838323,33.39754369991217,167.87165757438834,103.62869105821603
42.75,585.9297740684854,572.9685834243438,94.38468306039323,21.95017720148126,1.2370909488797395,27.484545437966776,3.865909215249186,409,439,375,435,27.484545437966776,NEUTRAL,program,sensor_drive.py,function,750df67d0c33d1501e8060e5a3b5ce81e437358a154f973070c11cf1d50adae5,左壁追従（超音波のみ）,,250.0,72.09917221225662,33.48836515727215,168.01605441928578,103.56652896396066
42.8,587.02443198818,572.8852283313689,94.32433203989729,21.960711942016744,1.2092299623611773,27.49615418234951,3.7788436323786794,409,438,375,435,27.49615418234951,NEUTRAL,program,sensor_drive.py,function,750df67d0c33d1501e8060e5a3b5ce81e437358a154f973070c11cf1d50adae5,左壁追従（超音波のみ）,,250.0,72.09664181045545,33.57797365212294,168.15655400326747,103.50501931847508
42.85,588.1196908900957,572.8029750683896,94.26529878765331,21.97089718850316,1.1822782044473241,27.507384081480282,3.6946193888978875,409,438,375,435,27.507384081480282,NEUTRAL,program,sensor_drive.py,function,750df67d0c33d1501e8060e5a3b5ce81e437358a154f973070c11cf1d50adae5,左壁追従（超音波のみ）,,250.0,72.0959751946862,33.66639402049801,168.29327761387665,103.44415130276428
42.9,589.2155307936536,572.7218012528099,94.20754170654925,21.980745955421064,1.1562016799560115,27.51824930001833,3.613130249862536,409,438,375,435,27.51824930001833,NEUTRAL,program,sensor_drive.py,function,750df67d0c33d1501e8060e5a3b5ce81e437358a154f973070c11cf1d50adae5,左壁追従（超音波のみ）,,250.0,72.09706949348293,33.75365036579454,168.4263432784019,103.38391453122775
42.95,590.3119324778422,572.6416851448614,94.15102068425489,21.990270781151377,1.1309676832824676,27.528763465298972,3.534274010257711,409,438,375,435,27.528763465298972,NEUTRAL,program,sensor_drive.py,function,750df67d0c33d1501e8060e5a3b5ce81e437358a154f973070c11cf1d50adae5,左壁追従（超音波のみ）,,250.0,72.09982697183568,33.83976608302593,168.55586579670677,103.32429902453609
43.0,591.408877451843,572.562605627945,94.09569704162567,21.999483741900953,1.106544751743703,27.538939686773457,3.457952349199072,409,438,375,435,27.538939686773457,NEUTRAL,program,sensor_drive.py,function,750df67d0c33d1501e8060e5a3b5ce81e437358a154f973070c11cf1d50adae5,左壁追従（超音波のみ）,,250.0,72.10415475840064,33.92476388232465,168.68195677868442,103.26529518434518
43.05,592.5063479266693,572.4845421894395,94.04153348262622,22.00839646588431,1.082902620391688,27.548790574836797,3.384070688724025,409,438,375,435,27.548790574836797,NEUTRAL,program,sensor_drive.py,function,750df67d0c33d1501e8060e5a3b5ce81e437358a154f973070c11cf1d50adae5,左壁追従（超音波のみ）,,250.0,72.10996458906808,34.00866581171769,168.80472468582064,103.20689376972207
43.1,593.6043267878126,572.4074749019803,93.98849404575395,22.017020147595684,1.0600121782660203,27.558328259055823,3.312538057081314,409,438,375,435,27.558328259055823,NEUTRAL,program,sensor_drive.py,function,750df67d0c33d1501e8060e5a3b5ce81e437358a154f973070c11cf1d50adae5,左壁追従（超音波のみ）,,250.0,72.1171725657482,34.09149327918948,168.92427487639947,102.76600740074396
43.15,594.70279756888,572.3313844052079,93.93654405693837,22.025365562045078,1.0378454260566634,27.567564405809723,3.243266956427073,409,438,375,435,27.567564405809723,NEUTRAL,program,sensor_drive.py,function,750df67d0c33d1501e8060e5a3b5ce81e437358a154f973070c11cf1d50adae5,左壁追従（超音波のみ）,,250.0,72.12569892933487,34.1732670740545,169.04070965390176,101.81023063728027
43.2,595.8017444262024,572.2562518879845,93.8856500838902,22.033443078862593,1.0163754351496204,27.576510235354323,3.1761732348425635,409,438,375,435,27.576510235354323,NEUTRAL,program,sensor_drive.py,function,750df67d0c33d1501e8060e5a3b5ce81e437358a154f973070c11cf1d50adae5,左壁追従（超音波のみ）,,250.0,72.13546784589153,34.254007387652806,168.34795561136207,101.38707487590347
43.25,596.9011521143923,572.1820590710777,93.83577989187643,22.041262676199374,0.9955763080212268,27.58517653832449,3.1111759625663336,409,438,375,435,27.58517653832449,NEUTRAL,program,sensor_drive.py,function,750df67d0c33d1501e8060e5a3b5ce81e437358a154f973070c11cf1d50adae5,左壁追従（超音波のみ）,,250.0,72.14640720516415,34.333733833387505,167.5014595742478,101.54059809175975
43.3,598.001005962826,572.1087881903084,93.78690240089134,22.048833954371748,0.975423139954056,27.59357369168581,3.048197312356425,409,438,375,435,27.59357369168581,NEUTRAL,program,sensor_drive.py,function,750df67d0c33d1501e8060e5a3b5ce81e437358a154f973070c11cf1d50adae5,左壁追従（超音波のみ）,,250.0,72.15844843061632,34.41246546612038,166.8926784476331,102.92362201857941
43.35,599.1012918530223,572.0364219801588,93.7389876441975,22.056166149209737,0.9558919820395385,27.60171167415019,2.987162443873558,409,438,375,435,27.60171167415019,NEUTRAL,program,sensor_drive.py,function,750df67d0c33d1501e8060e5a3b5ce81e437358a154f973070c11cf1d50adae5,左壁追従（超音波のみ）,,250.0,72.17152630021886,34.49022080093976,166.69485463969147,102.86865852292924
43.4,600.202333716345,571.9648487075183,93.69957564916558,22.07462434123979,0.7857861575597513,27.67258910101677,2.455581742374223,409,437,375,435,27.67258910101677,NEUTRAL,program,sensor_drive.py,function,750df67d0c33d1501e8060e5a3b5ce81e437358a154f973070c11cf1d50adae5,左壁追従（超音波のみ）,,250.0,71.72261322405699,34.56701783132046,250.0,102.81424110305352
43.45,601.3049400444202,571.893779435054,93.67630135372343,22.113139460272734,0.4634138316797487,27.806910903466772,1.4481682239992146,409,436,375,435,27.806910903466772,NEUTRAL,program,sensor_drive.py,function,750df67d0c33d1501e8060e5a3b5ce81e437358a154f973070c11cf1d50adae5,左壁追従（超音波のみ）,,250.0,70.82559980892985,34.64389250611208,250.0,102.75657840397491
43.5,602.4098847669861,571.8228688958576,93.66761479155383,22.16482091919056,0.1725981990434775,27.928084083731886,0.5393693720108672,409,435,375,435,27.928084083731886,NEUTRAL,program,sensor_drive.py,function,750df67d0c33d1501e8060e5a3b5ce81e437358a154f973070c11cf1d50adae5,左壁追従（超音波のみ）,,250.0,70.04489221933893,34.72210133204697,250.0,102.69161673221494
43.55,603.5172996909579,571.7518513469373,93.67099239324921,22.21279081463293,-0.06696214371469039,27.972099106785546,-0.2092566991084075,409,434,375,435,27.972099106785546,NEUTRAL,program,sensor_drive.py,function,750df67d0c33d1501e8060e5a3b5ce81e437358a154f973070c11cf1d50adae5,左壁追従（超音波のみ）,,250.0,69.4302019690112,34.80187046716383,250.0,102.61972027919232
43.6,604.6264759915417,571.6805904887273,93.68102667970948,22.240060381993516,-0.19861516033547844,27.91724368319355,-0.6206723760483701,409,434,375,435,27.91724368319355,NEUTRAL,program,sensor_drive.py,function,750df67d0c33d1501e8060e5a3b5ce81e437358a154f973070c11cf1d50adae5,左壁追従（超音波のみ）,,250.0,69.13327965079817,34.88322240952711,250.0,102.54183759379103
43.65,605.7349946148354,571.6096910082285,93.6342837089079,22.199684326951335,1.0173047729788964,27.576123011258794,3.1790774155590515,409,438,375,435,27.576123011258794,NEUTRAL,program,sensor_drive.py,function,750df67d0c33d1501e8060e5a3b5ce81e437358a154f973070c11cf1d50adae5,左壁追従（超音波のみ）,,250.0,72.80771553000086,34.96567634219703,250.0,102.46046817448715
43.7,606.8418762552968,571.5398754019986,93.58391815423886,22.169785366089457,0.9989618930110197,27.583765877912075,3.1217559156594366,409,438,375,435,27.583765877912075,NEUTRAL,program,sensor_drive.py,function,750df67d0c33d1501e8060e5a3b5ce81e437358a154f973070c11cf1d50adae5,左壁追従（超音波のみ）,,250.0,72.82113386137651,35.04071680571963,250.0,102.40705096247567
43.75,607.9475796296856,571.4710984690824,93.5347316241639,22.14829872768501,0.9766739652457602,27.593052514480934,3.0521061413930006,409,438,375,435,27.593052514480934,NEUTRAL,program,sensor_drive.py,function,750df67d0c33d1501e8060e5a3b5ce81e437358a154f973070c11cf1d50adae5,左壁追従（超音波のみ）,,250.0,72.8208183414672,35.1140381919735,250.0,102.35660278709574
43.8,609.05246337121,571.4033137794627,93.48666770270717,22.133271596015703,0.9551449469207489,27.602022938783023,2.9848279591273403,409,438,375,435,27.602022938783023,NEUTRAL,program,sensor_drive.py,function,750df67d0c33d1501e8060e5a3b5ce81e437358a154f973070c11cf1d50adae5,左壁追従（超音波のみ）,,250.0,72.82191065858629,35.18628528391849,250.0,102.30674253714038
43.85,610.1568021827603,571.3364819844264,93.43967660506411,22.12319407635394,0.9343371223011323,27.61069286570786,2.9198035071910384,409,438,375,435,27.61069286570786,NEUTRAL,program,sensor_drive.py,function,750df67d0c33d1501e8060e5a3b5ce81e437358a154f973070c11cf1d50adae5,左壁追従（超音波のみ）,,250.0,72.82432797769714,35.25750579111279,250.0,102.2574439357547
43.9,611.2608058936377,571.2705692457587,93.39371380778937,22.116899093401564,0.914216564392807,27.619076431502997,2.8569267637275217,409,437,375,435,27.619076431502997,NEUTRAL,program,sensor_drive.py,function,750df67d0c33d1501e8060e5a3b5ce81e437358a154f973070c11cf1d50adae5,左壁追従（超音波のみ）,,250.0,72.82799342767703,35.32774005226324,250.0,102.20868541994109
43.95,612.364634209948,571.2055460360272,93.34873900774357,22.11348490412359,0.8947523968292583,27.62718650132114,2.7961012400914322,409,437,375,435,27.62718650132114,NEUTRAL,program,sensor_drive.py,function,750df67d0c33d1501e8060e5a3b5ce81e437358a154f973070c11cf1d50adae5,左壁追従（超音波のみ）,,250.0,72.83283521433593,35.39702267463667,250.0,102.16044907720729
44.0,613.4684081311212,571.1413862211913,93.30471532848895,22.11225511511333,0.8759162351033427,27.635034902040275,2.737238234697946,409,437,375,435,27.635034902040275,NEUTRAL,program,sensor_drive.py,function,750df67d0c33d1501e8060e5a3b5ce81e437358a154f973070c11cf1d50adae5,左壁追従（超音波のみ）,,250.0,72.83878595145435,35.46538378652184,250.0,102.11271982985072
44.05,614.5722187854061,571.078066358135,93.26160871315341,22.112672249606405,0.857681761587481,27.64263259933855,2.6802555049608783,409,437,375,435,27.64263259933855,NEUTRAL,program,sensor_drive.py,function,750df67d0c33d1501e8060e5a3b5ce81e437358a154f973070c11cf1d50adae5,左壁追従（超音波のみ）,,250.0,72.8457821487691,35.53284999516852,250.0,102.06548480861751
44.1,615.67613426718,571.0155651559097,93.21938745797121,22.11432180307758,0.8400244005104597,27.649989833120642,2.6250762515951864,409,437,375,435,27.649989833120642,NEUTRAL,program,sensor_drive.py,function,750df67d0c33d1501e8060e5a3b5ce81e437358a154f973070c11cf1d50adae5,左壁追従（超音波のみ）,,250.0,72.85376381332675,35.599445120419546,250.0,102.01873287126809
44.15,616.7802049273043,570.9538630617444,93.17802185208393,22.11688441808815,0.8229210677284522,27.657116221779813,2.571628336651413,409,437,375,435,27.657116221779813,NEUTRAL,program,sensor_drive.py,function,750df67d0c33d1501e8060e5a3b5ce81e437358a154f973070c11cf1d50adae5,左壁追従（超音波のみ）,,250.0,72.8626741330618,35.66519075741256,250.0,101.9724542320923
44.2,617.8844674658701,570.8929419421963,93.13748389770655,22.120114344413224,0.8063499765567209,27.664020843101365,2.519843676739753,409,437,375,435,27.664020843101365,NEUTRAL,program,sensor_drive.py,function,750df67d0c33d1501e8060e5a3b5ce81e437358a154f973070c11cf1d50adae5,左壁追従（超音波のみ）,,250.0,72.8724592203412,35.73010670896127,250.0,101.92664017641441
44.25,618.9889480978003,570.8327848368962,93.09774709116328,22.123822764831683,0.7902904857007019,27.670712297624707,2.4696577678146934,409,437,375,435,27.670712297624707,NEUTRAL,program,sensor_drive.py,function,750df67d0c33d1501e8060e5a3b5ce81e437358a154f973070c11cf1d50adae5,左壁追従（超音波のみ）,,250.0,72.88306789954942,35.79421131852016,250.0,101.88128284025186
44.3,620.093665000713,570.7733757677163,93.05878625010621,22.12786488767021,0.7747229788687625,27.677198758804682,2.4210093089648828,409,437,375,435,27.677198758804682,NEUTRAL,program,sensor_drive.py,function,750df67d0c33d1501e8060e5a3b5ce81e437358a154f973070c11cf1d50adae5,左壁追従（超音波のみ）,,250.0,72.894451527303,35.85752172726639,250.0,101.83637503994392
44.35,621.1986302071657,570.7146995902864,93.02057737584096,22.132129955426972,0.7596287682960761,27.683488013209967,2.373839900925238,409,437,375,435,27.683488013209967,NEUTRAL,program,sensor_drive.py,function,750df67d0c33d1501e8060e5a3b5ce81e437358a154f973070c11cf1d50adae5,左壁追従（超音波のみ）,,250.0,72.90656383713844,35.92005407322562,250.0,101.79191014014116
44.4,622.3038510668083,570.6567418778915,92.98309754240529,22.136533510946062,0.744990016365004,27.68958749318125,2.3280938011406374,409,437,375,435,27.68958749318125,NEUTRAL,program,sensor_drive.py,function,750df67d0c33d1501e8060e5a3b5ce81e437358a154f973070c11cf1d50adae5,左壁追従（超音波のみ）,,250.0,72.91936080279231,35.98182364610149,250.0,101.74788195125915
44.45,623.409331375628,570.5994888301557,92.94632480609295,22.14101141134627,0.7307896709818502,27.695504303757563,2.283717721818282,409,437,375,435,27.695504303757563,NEUTRAL,program,sensor_drive.py,function,750df67d0c33d1501e8060e5a3b5ce81e437358a154f973070c11cf1d50adae5,左壁追従（超音波のみ）,,250.0,72.93280051586954,36.0428450082215,250.0,101.70428464959096
44.5,624.5150722475317,570.5429272007228,92.91023813065726,22.14551519504006,0.7170114114576908,27.701245245225962,2.2406606608052835,409,437,375,435,27.701245245225962,NEUTRAL,program,sensor_drive.py,function,750df67d0c33d1501e8060e5a3b5ce81e437358a154f973070c11cf1d50adae5,左壁追従（超音波のみ）,,250.0,72.94684307485494,36.10313208954033,250.0,101.66111271485809
44.55,625.621072786523,570.4870442395153,92.87481732459088,22.15000849630346,0.7036396024570266,27.70681683230957,2.198873757678208,409,437,375,435,27.70681683230957,NEUTRAL,program,sensor_drive.py,function,750df67d0c33d1501e8060e5a3b5ce81e437358a154f973070c11cf1d50adae5,左壁追従（超音波のみ）,,250.0,72.96145048326329,36.162698262757,250.0,101.61836088120054
44.6,626.7273306045793,570.4318276462002,92.84004298775432,22.1544642708513,0.6906592541874923,27.712225310755212,2.1583101693359135,409,437,375,435,27.712225310755212,NEUTRAL,program,sensor_drive.py,function,750df67d0c33d1501e8060e5a3b5ce81e437358a154f973070c11cf1d50adae5,左壁追従（超音波のみ）,,250.0,72.9765865553205,36.221556403165664,250.0,101.5760240985387
44.65,627.8338422201509,570.3772655322922,92.80589646528733,22.158862649283332,0.6780559874588172,27.71747667189216,2.118924960808804,409,437,375,435,27.71747667189216,NEUTRAL,program,sensor_drive.py,function,750df67d0c33d1501e8060e5a3b5ce81e437358a154f973070c11cf1d50adae5,左壁追従（超音波のみ）,,250.0,72.99221682799862,36.27971893677093,250.0,101.53409750195233
44.7,628.9406033643191,570.3233463899273,92.77235980723475,22.163189276615732,0.6658160025775104,27.722576665592705,2.08067500805472,409,437,375,435,27.722576665592705,NEUTRAL,program,sensor_drive.py,function,750df67d0c33d1501e8060e5a3b5ce81e437358a154f973070c11cf1d50adae5,左壁追従（超音波のみ）,,250.0,73.00830847852154,36.337197879359124,250.0,101.49257638726998
44.75,630.047609215545,570.2700590658063,92.73941573269633,22.16743402812382,0.65392605129852,27.72753081195895,2.043518910307875,409,437,375,435,27.72753081195895,NEUTRAL,program,sensor_drive.py,function,750df67d0c33d1501e8060e5a3b5ce81e437358a154f973070c11cf1d50adae5,左壁追従（超音波のみ）,,250.0,73.02483024667774,36.39400486858387,250.0,101.45145619147898
44.8,631.1548545792133,570.2173927391608,92.7070475975928,22.17159001650485,0.6423734112451674,27.73234441198118,2.0074169101411483,409,437,375,435,27.73234441198118,NEUTRAL,program,sensor_drive.py,function,750df67d0c33d1501e8060e5a3b5ce81e437358a154f973070c11cf1d50adae5,左壁追従（超音波のみ）,,250.0,73.04175236143105,36.450151190639,250.0,101.41073247688826
44.85,632.2623340245178,570.1653369028637,92.67523936535702,22.175652824556966,0.6311458623503057,27.737022557354038,1.9723308198447054,409,437,375,435,27.737022557354038,NEUTRAL,program,sensor_drive.py,function,750df67d0c33d1501e8060e5a3b5ce81e437358a154f973070c11cf1d50adae5,左壁追従（超音波のみ）,,250.0,73.05904647142908,36.505647802722635,250.0,101.37040091822041
44.9,633.3700419883961,570.1138813470119,92.64397558001986,22.179619912425608,0.620231664978289,27.74157013959238,1.938223953057153,409,437,375,435,27.74157013959238,NEUTRAL,program,sensor_drive.py,function,750df67d0c33d1501e8060e5a3b5ce81e437358a154f973070c11cf1d50adae5,左壁追従（超音波のみ）,,250.0,73.07668557908707,36.560505352212544,250.0,101.33045729200114
44.95,634.4779728540324,570.0630161444662,92.61324134128449,22.183490159969935,0.6096195394680097,27.745991858554994,1.9050610608375305,409,437,375,435,27.745991858554994,NEUTRAL,program,sensor_drive.py,function,750df67d0c33d1501e8060e5a3b5ce81e437358a154f973070c11cf1d50adae5,左壁追従（超音波のみ）,,250.0,73.0946439779857,36.61473419325852,250.0,101.29089746775496
45.0,635.5861210097439,570.0127316379516,92.58302228127525,22.187263513707176,0.5992986468931335,27.750292230461195,1.8728082715410421,409,436,375,435,27.750292230461195,NEUTRAL,program,sensor_drive.py,function,750df67d0c33d1501e8060e5a3b5ce81e437358a154f973070c11cf1d50adae5,左壁追従（超音波のみ）,,250.0,73.11289719334958,36.66834440133134,250.0,101.25171740063016
45.05,636.6944808927539,569.9630184284143,92.55330454271797,22.190940714687034,0.5892585708882819,27.754475595463216,1.841433034025881,409,436,375,435,27.754475595463216,NEUTRAL,program,sensor_drive.py,function,750df67d0c33d1501e8060e5a3b5ce81e437358a154f973070c11cf1d50adae5,左壁追従（超音波のみ）,,250.0,73.13142192543134,36.721345786147644,250.0,101.21291312516037
45.1,637.8030470213333,569.913867364404,92.52407475836156,22.194523088987122,0.5794893004143876,27.758546124827337,1.8109040637949612,409,436,375,435,27.758546124827337,NEUTRAL,program,sensor_drive.py,function,750df67d0c33d1501e8060e5a3b5ce81e437358a154f973070c11cf1d50adae5,左壁追従（超音波のみ）,,250.0,73.15019599561303,36.77374790328489,250.0,101.17448074993312
45.15,638.9118140180055,569.865269532295,92.49532003149255,22.19801238665377,0.569981213368589,27.762507827763088,1.7811912917768407,409,436,375,435,27.762507827763088,NEUTRAL,program,sensor_drive.py,function,750df67d0c33d1501e8060e5a3b5ce81e437358a154f973070c11cf1d50adae5,左壁追従（超音波のみ）,,250.0,73.16919829508238,36.825560064735996,250.0,101.13641645299323
45.2,640.0207766258972,569.8172162472099,92.46702791742325,22.201410658112742,0.560725060961664,27.76636455793264,1.7522658155051998,409,436,375,435,27.76636455793264,NEUTRAL,program,sensor_drive.py,function,750df67d0c33d1501e8060e5a3b5ce81e437358a154f973070c11cf1d50adae5,左壁追従（超音波のみ）,,250.0,73.18840873594607,36.87679134859318,250.0,101.09871647783872
45.25,641.1299297198473,569.7696990445373,92.43918640585923,22.204720159552924,0.5517119527984548,27.77012001966731,1.7240998524951712,409,436,375,435,27.77012001966731,NEUTRAL,program,sensor_drive.py,function,750df67d0c33d1501e8060e5a3b5ce81e437358a154f973070c11cf1d50adae5,左壁追従（超音波のみ）,,250.0,73.2078082046489,36.92745060800904,250.0,101.06137712990105
45.3,642.2392683135195,569.7227096719558,92.41178390406958,22.20794328070458,0.5429333426096394,27.77377777391265,1.6966666956551233,409,436,375,435,27.77377777391265,NEUTRAL,program,sensor_drive.py,function,750df67d0c33d1501e8060e5a3b5ce81e437358a154f973070c11cf1d50adae5,左壁追従（超音波のみ）,,250.0,73.22737851757903,36.97754647954671,250.0,101.02439477342992
45.35,643.3487875634769,569.6762400818986,92.38480922079577,22.211082489919722,0.5343810145922041,27.777341243919913,1.6699406706006377,409,436,375,435,27.777341243919913,NEUTRAL,program,sensor_drive.py,function,750df67d0c33d1501e8060e5a3b5ce81e437358a154f973070c11cf1d50adae5,左壁追従（超音波のみ）,,250.0,73.24710237875411,37.02708739101187,250.0,100.98776582870904
45.4,644.4584827709647,569.6302824244067,92.3582515508482,22.214140292612395,0.5260470703203393,27.780813720699857,1.6438970947510603,409,436,375,435,27.780813720699857,NEUTRAL,program,sensor_drive.py,function,750df67d0c33d1501e8060e5a3b5ce81e437358a154f973070c11cf1d50adae5,左壁追従（超音波のみ）,,250.0,73.26696333947974,37.07608156883518,250.0,100.95148676955328
45.45,645.5683493819714,569.5848290403269,92.33210046034446,22.217119200007666,0.5179239161955351,27.78419836825186,1.6185122381110473,409,436,375,435,27.78419836825186,NEUTRAL,program,sensor_drive.py,function,750df67d0c33d1501e8060e5a3b5ce81e437358a154f973070c11cf1d50adae5,左壁追従（超音波のみ）,,250.0,73.28694575988519,37.12453704506109,250.0,100.91555412104417
45.5,646.6783829860094,569.5398724548231,92.30634587255179,22.22002170583776,0.510004251407438,27.787498228580233,1.5937632856482438,409,436,375,435,27.787498228580233,NEUTRAL,program,sensor_drive.py,function,750df67d0c33d1501e8060e5a3b5ce81e437358a154f973070c11cf1d50adae5,左壁追従（超音波のみ）,,250.0,73.30703477224317,37.17246166398713,250.0,100.87996445746758
45.55,647.7885793139557,569.4954053711707,92.28097805430076,22.222850269157934,0.5022810563788715,27.790716226508803,1.5696283011839736,409,436,375,435,27.790716226508803,NEUTRAL,program,sensor_drive.py,function,750df67d0c33d1501e8060e5a3b5ce81e437358a154f973070c11cf1d50adae5,左壁追従（超音波のみ）,,250.0,73.32721624598219,37.21986308848905,250.0,100.84471440042951
45.6,648.898934235213,569.451420664813,92.25598760294105,22.225607301868166,0.49474758167510885,27.79385517430204,1.5460861927347151,409,436,375,435,27.79385517430204,NEUTRAL,program,sensor_drive.py,function,750df67d0c33d1501e8060e5a3b5ce81e437358a154f973070c11cf1d50adae5,左壁追従（超音波のみ）,,250.0,73.34747675431687,37.26674880606074,250.0,100.80980061712333
45.65,650.0094437543914,569.4079113776612,92.23136543381219,22.22829515984697,0.4873973373537089,27.79691777610262,1.5231166792303403,409,436,375,435,27.79691777610262,NEUTRAL,program,sensor_drive.py,function,750df67d0c33d1501e8060e5a3b5ce81e437358a154f973070c11cf1d50adae5,左壁追従（超音波のみ）,,250.0,73.36780354241073,37.313126134593986,250.0,100.77521981873207
45.7,651.1201040076638,569.3648707126214,92.20710276820671,22.23091613685155,0.48022408273782957,27.79990663219257,1.5007002585557174,409,436,375,435,27.79990663219257,NEUTRAL,program,sensor_drive.py,function,750df67d0c33d1501e8060e5a3b5ce81e437358a154f973070c11cf1d50adae5,左壁追従（超音波のみ）,,250.0,73.38818449699988,37.35900222791418,250.0,100.74096875895059
45.75,652.2309112589103,569.3222920283341,92.18319112180313,22.233472460530507,0.47322181659345175,27.80282424308606,1.4788181768545368,409,436,375,435,27.80282424308606,NEUTRAL,program,sensor_drive.py,function,750df67d0c33d1501e8060e5a3b5ce81e437358a154f973070c11cf1d50adae5,左壁追従（超音波のみ）,,250.0,73.40860811740517,37.404384081091514,250.0,100.70704423261299
45.8,653.3418618957438,569.2801688341169,92.15962229354858,22.235966290043738,0.46638476769603615,27.805673013459984,1.457452399050113,409,436,375,435,27.805673013459984,NEUTRAL,program,sensor_drive.py,function,750df67d0c33d1501e8060e5a3b5ce81e437358a154f973070c11cf1d50adae5,左壁追従（超音波のみ）,,250.0,73.42906348787301,37.44927853554268,250.0,100.67344307441569
45.85,654.4529524254795,569.2384947850975,92.13638835497358,22.238399714899597,0.4597073857671427,27.808455255930358,1.4365855805223209,409,436,375,435,27.808455255930358,NEUTRAL,program,sensor_drive.py,function,750df67d0c33d1501e8060e5a3b5ce81e437358a154f973070c11cf1d50adae5,左壁追従（超音波のみ）,,250.0,73.44954025116704,37.493692283930955,250.0,100.64016215772642
45.9,655.564179471101,569.1972636775293,92.11348163991937,22.2407747547079,0.4531843327708194,27.811173194678826,1.4162010399088105,409,436,375,435,27.811173194678826,NEUTRAL,program,sensor_drive.py,function,750df67d0c33d1501e8060e5a3b5ce81e437358a154f973070c11cf1d50adae5,左壁追従（超音波のみ）,,250.0,73.47002858336771,37.53763187487929,250.0,100.6071983934699
45.95,656.6755397672612,569.1564694442816,92.09089473466327,22.24309335961682,0.4468104745505977,27.81382896893725,1.3962827329706178,409,436,375,435,27.81382896893725,NEUTRAL,program,sensor_drive.py,function,750df67d0c33d1501e8060e5a3b5ce81e437358a154f973070c11cf1d50adae5,左壁追従（超音波のみ）,,250.0,73.49051916980736,37.58110371750485,250.0,100.57454872908556
46.0,657.7870301563418,569.1161061504938,92.06862046842451,22.24535741125469,0.4405808727981983,27.816424636334084,1.3768152274943697,409,436,375,435,27.816424636334084,NEUTRAL,program,sensor_drive.py,function,750df67d0c33d1501e8060e5a3b5ce81e437358a154f973070c11cf1d50adae5,左壁追従（超音波のみ）,,250.0,73.51100318209812,37.62411408578135,250.0,100.54221014754971
46.05,658.8986475845967,569.0761679893922,92.04665190423736,22.24756872403921,0.4344907773361308,27.818962176109945,1.3577836791754088,409,436,375,435,27.818962176109945,NEUTRAL,program,sensor_drive.py,function,750df67d0c33d1501e8060e5a3b5ce81e437358a154f973070c11cf1d50adae5,左壁追従（超音波のみ）,,250.0,73.53147225619166,37.666669122742086,250.0,100.51017966645558
46.1,660.0103890983871,569.0366492782554,92.02498233017576,22.24972904674837,0.42853561870684276,27.821443492205482,1.3391738084588836,409,436,375,435,27.821443492205482,NEUTRAL,program,sensor_drive.py,function,750df67d0c33d1501e8060e5a3b5ce81e437358a154f973070c11cf1d50adae5,左壁追従（超音波のみ）,,250.0,73.55191847142933,37.708774844522864,250.0,100.47845433714978
46.15,661.1222518405239,568.9975444545304,92.00360525091702,22.251840064272244,0.4227110010524802,27.823870416228132,1.3209718782890008,409,436,375,435,27.823870416228132,NEUTRAL,program,sensor_drive.py,function,750df67d0c33d1501e8060e5a3b5ce81e437358a154f973070c11cf1d50adae5,左壁追従（超音波のみ）,,250.0,73.57233433053429,37.75043714426198,250.0,100.44703124391589
46.2,662.2342330467185,568.958848072087,91.98251437963052,22.253903399483637,0.4170126952760279,27.826244710301655,1.3031646727375872,409,436,375,435,27.826244710301655,NEUTRAL,program,sensor_drive.py,function,750df67d0c33d1501e8060e5a3b5ce81e437358a154f973070c11cf1d50adae5,左壁追従（超音波のみ）,,250.0,73.5927127404968,37.791661795851574,250.0,100.41590750320724
46.25,663.3463300421488,568.9205547976085,91.96170363017973,22.25592061518078,0.41143663247192225,27.828568069803367,1.285739476474757,409,436,375,435,27.828568069803367,NEUTRAL,program,sensor_drive.py,function,750df67d0c33d1501e8060e5a3b5ce81e437358a154f973070c11cf1d50adae5,左壁追従（超音波のみ）,,250.0,73.61304699431756,37.83245445755632,250.0,100.38508026292068
46.3,664.4585402381414,568.8826594071122,91.94116710962487,22.257893216066115,0.40597889761630596,27.830842125993208,1.2686840550509562,409,436,375,435,27.830842125993208,NEUTRAL,program,sensor_drive.py,function,750df67d0c33d1501e8060e5a3b5ce81e437358a154f973070c11cf1d50adae5,左壁追従（超音波のみ）,,250.0,73.63333075356454,37.872820675497614,250.0,100.35454670171009
46.35,665.5708611289677,568.845156782597,91.92089911101579,22.25982265073452,0.4006357235055586,27.83306844853935,1.2519866359548706,409,436,375,435,27.83306844853935,NEUTRAL,program,sensor_drive.py,function,750df67d0c33d1501e8060e5a3b5ce81e437358a154f973070c11cf1d50adae5,左壁追従（超音波のみ）,,250.0,73.65355803170738,37.91276588701457,250.0,100.3243040283358
46.4,666.6832902887576,568.8080419088087,91.90089410646198,22.261710313650678,0.3954034849361369,27.835248547943277,1.2356358904254279,409,436,375,435,27.835248547943277,NEUTRAL,program,sensor_drive.py,function,750df67d0c33d1501e8060e5a3b5ce81e437358a154f973070c11cf1d50adae5,左壁追従（超音波のみ）,,250.0,73.6737231781957,37.95229542390022,250.0,100.29434948105056
46.45,667.7958253685235,568.7713098701248,91.88114674047154,22.2635575471009,0.3902786931123396,27.837383877869858,1.2196209159760611,409,436,375,435,27.837383877869858,NEUTRAL,program,sensor_drive.py,function,750df67d0c33d1501e8060e5a3b5ce81e437358a154f973070c11cf1d50adae5,左壁追従（超音波のみ）,,250.0,73.69382086324086,37.99141451552379,250.0,100.2646803270128
46.5,668.908464093297,568.7349558475489,91.8616518235466,22.26536564310845,0.38525799027657825,27.83947583738476,1.203931219614307,409,436,375,435,27.83947583738476,NEUTRAL,program,sensor_drive.py,function,750df67d0c33d1501e8060e5a3b5ce81e437358a154f973070c11cf1d50adae5,左壁追従（超音波のみ）,,250.0,73.7138460632746,38.03012829183856,250.0,100.23529386173298
46.55,670.0212042593732,568.6989751158135,91.84240432602678,22.26713584530473,0.3803381445515353,27.841525773103527,1.1885567017235479,409,436,375,435,27.841525773103527,NEUTRAL,program,sensor_drive.py,function,750df67d0c33d1501e8060e5a3b5ce81e437358a154f973070c11cf1d50adae5,左壁追従（超音波のみ）,,250.0,73.73379404705186,38.068441786283714,250.0,100.20618740854545
46.6,671.1340437316597,568.6633630405872,91.82339937217063,22.26886935075081,0.37551604498706664,27.843534981255388,1.1734876405845833,409,436,375,435,27.843534981255388,NEUTRAL,program,sensor_drive.py,function,750df67d0c33d1501e8060e5a3b5ce81e437358a154f973070c11cf1d50adae5,左壁追従（超音波のみ）,,250.0,73.75366036236774,38.10635993858019,250.0,100.1773583181053
46.65,672.2469804411272,568.6281150757808,91.8046322344656,22.27056731170589,0.3707886968023078,27.845504709665704,1.158714677507212,409,436,375,435,27.845504709665704,NEUTRAL,program,sensor_drive.py,function,750df67d0c33d1501e8060e5a3b5ce81e437358a154f973070c11cf1d50adae5,左壁追従（超音波のみ）,,250.0,73.77344082335948,38.14388759742777,250.0,100.14880396791037
46.7,673.3593754474492,568.5933856503049,91.77180124451343,22.25098638092041,0.6489593545086049,27.729600268954748,2.0279979828393904,409,437,375,435,27.729600268954748,NEUTRAL,program,sensor_drive.py,function,750df67d0c33d1501e8060e5a3b5ce81e437358a154f973070c11cf1d50adae5,左壁追従（超音波のみ）,,250.0,73.79313149837093,37.25464508955298,250.0,100.12052176184334
46.75,674.4705702869591,568.5594122310847,91.73060408826876,22.2233297190717,0.8152062536247044,27.660330727656373,2.5475195425772013,409,437,375,435,27.660330727656373,NEUTRAL,program,sensor_drive.py,function,750df67d0c33d1501e8060e5a3b5ce81e437358a154f973070c11cf1d50adae5,左壁追従（超音波のみ）,,250.0,73.77059987732002,36.67974087614244,250.0,100.10036218536786
46.8,675.5805193353453,568.5262917306491,91.6877545536152,22.19937702397049,0.8488690453650881,27.64630456443121,2.6527157667659003,409,437,375,435,27.64630456443121,NEUTRAL,program,sensor_drive.py,function,750df67d0c33d1501e8060e5a3b5ce81e437358a154f973070c11cf1d50adae5,左壁追従（超音波のみ）,,250.0,73.72215221300664,36.51471604461413,250.0,100.08555727528432
46.85,676.6898407828886,568.4939371648738,91.65348561302187,22.193560463228486,0.6792989665688453,27.716958763929647,2.1228092705276413,409,437,375,435,27.716958763929647,NEUTRAL,program,sensor_drive.py,function,750df67d0c33d1501e8060e5a3b5ce81e437358a154f973070c11cf1d50adae5,左壁追従（超音波のみ）,,250.0,73.66727400003649,37.01555883647885,250.0,100.07261965042468
46.9,677.7998496277078,568.4620275723506,91.63978831875977,22.21969906632304,0.27136160733546033,27.886932663610224,0.8480050229233136,409,435,375,435,27.886932663610224,NEUTRAL,program,sensor_drive.py,function,750df67d0c33d1501e8060e5a3b5ce81e437358a154f973070c11cf1d50adae5,左壁追従（超音波のみ）,,250.0,73.6358845039588,38.31239198520162,250.0,100.0559199822307
46.95,678.9109968981627,568.4303507510662,91.6261275061533,22.24002204013328,0.2703634369703656,27.887348567929013,0.8448857405323924,409,435,375,435,27.887348567929013,NEUTRAL,program,sensor_drive.py,function,750df67d0c33d1501e8060e5a3b5ce81e437358a154f973070c11cf1d50adae5,左壁追従（超音波のみ）,,250.0,73.6633175909925,38.34639041264893,250.0,100.02858139785084
47.0,680.0230315450825,568.3989135727101,91.61250905195789,22.25584400927479,0.26931187567016024,27.887786718470768,0.8415996114692508,409,435,375,435,27.887786718470768,NEUTRAL,program,sensor_drive.py,function,750df67d0c33d1501e8060e5a3b5ce81e437358a154f973070c11cf1d50adae5,左壁追従（超音波のみ）,,250.0,73.69034730763123,38.380127437539855,250.0,100.001477045295
47.05,681.1357592664442,568.367721031287,91.59893795709786,22.268183105034527,0.26820996785544693,27.888245846726896,0.8381561495482717,409,435,375,435,27.888245846726896,NEUTRAL,program,sensor_drive.py,function,750df67d0c33d1501e8060e5a3b5ce81e437358a154f973070c11cf1d50adae5,左壁追従（超音波のみ）,,250.0,73.71697684456436,38.413596217147415,250.0,99.9746112655766
47.1,682.2490297079717,568.336776668868,91.58541851658038,22.27782779287267,0.26706063043603107,27.88872473731832,0.8345644701125972,409,435,375,435,27.88872473731832,NEUTRAL,program,sensor_drive.py,function,750df67d0c33d1501e8060e5a3b5ce81e437358a154f973070c11cf1d50adae5,左壁追従（超音波のみ）,,250.0,73.74321080335763,38.4467919045641,250.0,99.94798682504418
47.15,683.3627265486365,568.306082903521,91.57195445249863,22.285388639554938,0.26586665389797487,27.88922222754251,0.8308332934311715,409,435,375,435,27.88922222754251,NEUTRAL,program,sensor_drive.py,function,750df67d0c33d1501e8060e5a3b5ce81e437358a154f973070c11cf1d50adae5,左壁追従（超音波のみ）,,250.0,73.76905478849653,38.47971119204097,250.0,99.92160528730707
47.2,684.4767598209224,568.2756412819604,91.55854901830452,22.291338413793575,0.2646307052025908,27.889737206165588,0.8269709537580963,409,435,375,435,27.889737206165588,NEUTRAL,program,sensor_drive.py,function,750df67d0c33d1501e8060e5a3b5ce81e437358a154f973070c11cf1d50adae5,左壁追従（超音波のみ）,,250.0,73.79451509967949,38.512351959556625,250.0,99.8954672985979
47.25,685.5910599622249,568.2454526742638,91.54520508072108,22.296043149483467,0.26335533176960824,27.890268611762664,0.8229854117800257,409,435,375,435,27.890268611762664,NEUTRAL,program,sensor_drive.py,function,750df67d0c33d1501e8060e5a3b5ce81e437358a154f973070c11cf1d50adae5,左壁追従（超音波のみ）,,250.0,73.81959850026631,38.54471300431543,250.0,99.86957280669084
47.3,686.7055732072506,568.2155174240152,91.53192518425237,22.299786208164274,0.2620429660494091,27.890815430812747,0.8188842689044034,409,435,375,435,27.890815430812747,NEUTRAL,program,sensor_drive.py,function,750df67d0c33d1501e8060e5a3b5ce81e437358a154f973070c11cf1d50adae5,左壁追従（超音波のみ）,,250.0,73.84431204355094,38.57679383248756,250.0,99.84392122882015
47.35,687.8202580191968,568.1858354641483,91.51871160214836,22.302786918387703,0.26069593035941907,27.891376695683576,0.8146747823731846,409,435,375,435,27.891376695683576,NEUTRAL,program,sensor_drive.py,function,750df67d0c33d1501e8060e5a3b5ce81e437358a154f973070c11cf1d50adae5,左壁追従（超音波のみ）,,250.0,73.86866294291862,38.60859449880471,250.0,99.81851158046294
47.4,688.9350823255976,568.1564064064004,91.50556637682371,22.305215014137914,0.25931644177305785,27.89195148259456,0.8103638805408058,409,435,375,435,27.89195148259456,NEUTRAL,program,sensor_drive.py,function,750df67d0c33d1501e8060e5a3b5ce81e437358a154f973070c11cf1d50adae5,左壁追従（超音波のみ）,,250.0,73.89265847529262,38.6401154829575,250.0,99.79334257409057
47.45,690.050021377484,568.1272296104569,91.49249135206219,22.307201819039083,0.2579066169303688,27.892538909612345,0.8059581779074025,409,435,375,435,27.892538909612345,NEUTRAL,program,sensor_drive.py,function,750df67d0c33d1501e8060e5a3b5ce81e437358a154f973070c11cf1d50adae5,左壁追従（超音波のみ）,,250.0,73.91630590981711,38.671357594289695,250.0,99.76841269487524
47.5,691.16505609137,568.0983042374685,91.47948819881799,22.308848909733324,0.256468476691293,27.89313813471196,0.8014639896602906,409,435,375,435,27.89313813471196,NEUTRAL,program,sensor_drive.py,function,750df67d0c33d1501e8060e5a3b5ce81e437358a154f973070c11cf1d50adae5,左壁追従（超音波のみ）,,250.0,73.93961245565242,38.70232189825316,250.0,99.74372025871916
47.55,692.2801717652427,568.0696292915366,91.46655843602059,22.310234826539713,0.2550039505902021,27.89374835392075,0.7968873455943815,409,435,375,435,27.89374835392075,NEUTRAL,program,sensor_drive.py,function,750df67d0c33d1501e8060e5a3b5ce81e437358a154f973070c11cf1d50adae5,左壁追従（超音波のみ）,,250.0,73.96258522423234,38.73300965959622,250.0,99.71926345671821
47.6,693.3953570842532,568.0412036519359,91.45370344747721,22.311420271476738,0.2535148810715324,27.89436879955353,0.7922340033485389,409,435,375,435,27.89436879955353,NEUTRAL,program,sensor_drive.py,function,750df67d0c33d1501e8060e5a3b5ce81e437358a154f973070c11cf1d50adae5,左壁追従（超音波のみ）,,250.0,73.98523120244792,38.76342229842509,250.0,99.6950403892212
47.65,694.510603350809,568.0130260982046,91.44092449572071,22.312452134553705,0.2520030275032141,27.894998738540327,0.7875094609475441,409,435,375,435,27.894998738540327,NEUTRAL,program,sensor_drive.py,function,750df67d0c33d1501e8060e5a3b5ce81e437358a154f973070c11cf1d50adae5,左壁追従（超音波のみ）,,250.0,74.00755723407592,38.79356135616962,250.0,99.67104909190556
47.7,695.6259038884806,567.9850953297355,91.42822273346184,22.313366612409535,0.25047006997046184,27.895637470845642,0.7827189686576932,409,435,375,435,27.895637470845642,NEUTRAL,program,sensor_drive.py,function,750df67d0c33d1501e8060e5a3b5ce81e437358a154f973070c11cf1d50adae5,左壁追従（超音波のみ）,,250.0,74.02957000740221,38.82342846916658,250.0,99.64728755572982
47.75,696.7412535805398,567.9574099811297,91.41559921315809,22.314191623863888,0.24891761286077524,27.896284327974676,0.7778675401899227,409,435,375,435,27.896284327974676,NEUTRAL,program,sensor_drive.py,function,750df67d0c33d1501e8060e5a3b5ce81e437358a154f973070c11cf1d50adae5,左壁追従（超音波のみ）,,250.0,74.0512760475009,38.853025348113576,250.0,99.62375374219025
47.8,697.856648512775,567.9299686342789,91.40305489509643,22.314948680843564,0.24734718825294721,27.896938671561273,0.77295996329046,409,435,375,435,27.896938671561273,NEUTRAL,program,sensor_drive.py,function,750df67d0c33d1501e8060e5a3b5ce81e437358a154f973070c11cf1d50adae5,左壁追従（超音波のみ）,,250.0,74.07268171198989,38.88235376204005,250.0,99.60044559497443
47.85,698.9720856970707,567.9027698279241,91.39059065429916,22.315654337435078,0.2457602591210562,27.897599892032893,0.7680008097533007,409,435,375,435,27.897599892032893,NEUTRAL,program,sensor_drive.py,function,750df67d0c33d1501e8060e5a3b5ce81e437358a154f973070c11cf1d50adae5,左壁追従（超音波のみ）,,250.0,74.09379318936737,38.911415525762706,250.0,99.57736104885035
47.9,700.0875628575405,567.875812065259,91.3782072864924,22.31632131214989,0.24415822236869303,27.898267407346378,0.7629944449021657,409,435,375,435,27.898267407346378,NEUTRAL,program,sensor_drive.py,function,750df67d0c33d1501e8060e5a3b5ce81e437358a154f973070c11cf1d50adae5,左壁追従（超音波のみ）,,250.0,74.1146164992551,38.94021249002513,250.0,99.55449803643927
47.95,701.2030782651027,567.8490938200233,91.36590551332455,22.316959357059236,0.2425424117044507,27.898940661789812,0.7579450365764084,409,435,375,435,27.898940661789812,NEUTRAL,program,sensor_drive.py,function,750df67d0c33d1501e8060e5a3b5ce81e437358a154f973070c11cf1d50adae5,左壁追従（超音波のみ）,,250.0,74.13515749403588,38.96874653371478,250.0,99.53185449336117
48.0,702.3186306095722,567.8226135414216,91.35368598698085,22.317575930855135,0.24091410037181218,27.899619124845078,0.7528565636619131,409,435,375,435,27.899619124845078,NEUTRAL,program,sensor_drive.py,function,750df67d0c33d1501e8060e5a3b5ce81e437358a154f973070c11cf1d50adae5,左壁追従（超音波のみ）,,250.0,74.15542186149564,38.997019557680225,250.0,99.50942836213716
48.05,703.4342189008041,567.7963696581312,91.34154929430639,22.31817672003505,0.2392745037429158,27.900302290107117,0.7477328241966119,409,435,375,435,27.900302290107117,NEUTRAL,program,sensor_drive.py,function,750df67d0c33d1501e8060e5a3b5ce81e437358a154f973070c11cf1d50adae5,左壁追従（超音波のみ）,,250.0,74.17541512817789,39.02503347979211,250.0,99.48721759513364
48.1,704.5498423923304,567.7703605815983,91.32949596052725,22.3187660424467,0.23762478178659235,27.900989674255587,0.7425774430831011,409,435,375,435,27.900989674255587,NEUTRAL,program,sensor_drive.py,function,750df67d0c33d1501e8060e5a3b5ce81e437358a154f973070c11cf1d50adae5,左壁追従（超音波のみ）,,250.0,74.19514266322771,39.05279023096538,250.0,99.46522015677722
48.15,705.6655005224128,567.7445847087783,91.31752645263902,22.319347159713107,0.23596604141957456,27.901680816075178,0.7373938794361705,409,435,375,435,27.901680816075178,NEUTRAL,program,sensor_drive.py,function,750df67d0c33d1501e8060e5a3b5ce81e437358a154f973070c11cf1d50adae5,左壁追従（超音波のみ）,,250.0,74.21460968256163,39.080291751931284,250.0,99.44343402520636
48.2,706.7811928685773,567.7190404244396,91.30564118251715,22.31992251908097,0.23429933874782263,27.90237527552174,0.7321854335869458,409,435,375,435,27.90237527552174,NEUTRAL,program,sensor_drive.py,function,750df67d0c33d1501e8060e5a3b5ce81e437358a154f973070c11cf1d50adae5,左壁追従（超音波のみ）,,250.0,74.23382125323421,39.1075399905922,250.0,99.42185719349554
48.25,707.8969191125841,567.6937261031222,91.2938405097924,22.320493940605164,0.23262568120681423,27.903072632830494,0.7269552537712944,409,435,375,435,27.903072632830494,NEUTRAL,program,sensor_drive.py,function,750df67d0c33d1501e8060e5a3b5ce81e437358a154f973070c11cf1d50adae5,左壁追従（超音波のみ）,,250.0,74.25278229791432,39.13453689983351,250.0,99.40048767054915
48.3,709.0126790134734,567.6686401108235,91.28212474452528,22.321062761995815,0.23094602960393928,27.903772487665027,0.7217063425123103,409,435,375,435,27.903772487665027,NEUTRAL,program,sensor_drive.py,function,750df67d0c33d1501e8060e5a3b5ce81e437358a154f973070c11cf1d50adae5,左壁追従（超音波のみ）,,250.0,74.2714975993918,39.16128443569345,250.0,99.3793234817427
48.35,710.1284723868567,567.643780806465,91.27049414970656,22.321629950675703,0.22926130007255152,27.904474458303103,0.7164415627267235,409,435,375,435,27.904474458303103,NEUTRAL,program,sensor_drive.py,function,750df67d0c33d1501e8060e5a3b5ce81e437358a154f973070c11cf1d50adae5,左壁追従（超音波のみ）,,250.0,74.2899718050752,39.18778455581615,250.0,99.35836266937305
48.4,711.2442990890424,567.6191465431831,91.25894894360556,22.32219619044406,0.22757236594026678,27.905178180858222,0.7111636435633337,409,435,375,435,27.905178180858222,NEUTRAL,program,sensor_drive.py,function,750df67d0c33d1501e8060e5a3b5ce81e437358a154f973070c11cf1d50adae5,左壁追従（超音波のみ）,,250.0,74.30820943143684,39.21403921813029,250.0,99.33760329296057
48.45,712.3601590048967,567.594735669478,91.24748930198382,22.322761948475474,0.22588005951580897,27.90588330853508,0.705875185986903,409,435,375,435,27.90588330853508,NEUTRAL,program,sensor_drive.py,function,750df67d0c33d1501e8060e5a3b5ce81e437358a154f973070c11cf1d50adae5,左壁追従（超音波のみ）,,250.0,74.3262148683753,39.240050379706,250.0,99.31704342943796
48.5,713.4760520385913,567.5705465302444,91.23611536018785,22.323327527091323,0.22418517380106848,27.90658951091622,0.700578668128339,409,435,375,435,27.90658951091622,NEUTRAL,program,sensor_drive.py,function,750df67d0c33d1501e8060e5a3b5ce81e437358a154f973070c11cf1d50adae5,左壁追従（超音波のみ）,,250.0,74.34399238348541,39.26581999575712,250.0,99.29668117325514
48.55,714.5919781065829,567.546577467705,91.22482721513313,22.323893103740808,0.22248846412968007,27.9072964732793,0.6952764504052502,409,435,375,435,27.9072964732793,NEUTRAL,program,sensor_drive.py,function,750df67d0c33d1501e8060e5a3b5ce81e437358a154f973070c11cf1d50adae5,左壁追従（超音波のみ）,,250.0,74.36154612621382,39.291350018760006,250.0,99.27651463641791
48.6,715.7079371323111,567.5228268222635,91.21362492718839,22.32445876185395,0.22079064973729656,27.908003895942795,0.6899707804290518,409,435,375,435,27.908003895942795,NEUTRAL,program,sensor_drive.py,function,750df67d0c33d1501e8060e5a3b5ce81e437358a154f973070c11cf1d50adae5,左壁追従（超音波のみ）,,249.74187743450676,74.37888013189902,39.31664239767069,250.0,99.2565419484758
48.65,716.8239290422265,567.4992929332878,91.20250852196892,22.325024514628492,0.21909241526564288,27.908711493639316,0.684663797705134,409,435,375,435,27.908711493639316,NEUTRAL,program,sensor_drive.py,function,750df67d0c33d1501e8060e5a3b5ce81e437358a154f973070c11cf1d50adae5,左壁追従（超音波のみ）,,248.58251323873833,74.39599832568328,39.34169907721948,250.0,99.23676125647434
48.7,717.9399537628387,567.4759741398346,91.19147799204518,22.32559032334783,0.21739441220511793,27.909418994914535,0.6793575381409935,409,435,375,435,27.909418994914535,NEUTRAL,program,sensor_drive.py,function,750df67d0c33d1501e8060e5a3b5ce81e437358a154f973070c11cf1d50adae5,左壁追従（超音波のみ）,,247.4236563564245,74.41290452630301,39.36652199727472,250.0,99.21717072487836
48.75,719.0560112185541,567.4528687813212,91.18053329857219,22.326156111466958,0.21569726027693037,27.910126141551277,0.6740539383654074,409,435,375,435,27.910126141551277,NEUTRAL,program,sensor_drive.py,function,750df67d0c33d1501e8060e5a3b5ce81e437358a154f973070c11cf1d50adae5,左壁追従（超音波のみ）,,246.2653032291805,74.4296024497475,39.39111309226113,250.0,99.19776853547266
48.8,720.1721013301137,567.4299751981532,91.16967437284563,22.326721775424478,0.21400154875855207,27.91083268801727,0.6687548398704752,409,435,375,435,27.91083268801727,NEUTRAL,program,sensor_drive.py,function,750df67d0c33d1501e8060e5a3b5ce81e437358a154f973070c11cf1d50adae5,左壁追従（超音波のみ）,,245.10745019388375,74.44609571279423,39.415474290629554,250.0,98.82799208103376
48.85,721.2882240134969,567.4072917323109,91.15890111778845,22.327287192922494,0.21230783775413925,27.911538400935775,0.6634619929816852,409,435,375,435,27.911538400935775,NEUTRAL,program,sensor_drive.py,function,750df67d0c33d1501e8060e5a3b5ce81e437358a154f973070c11cf1d50adae5,左壁追従（超音波のみ）,,243.95009349239265,74.46238783641512,39.43960751436619,250.0,97.92244989866585
48.9,722.4043791791779,567.3848167278991,91.14821340937169,22.327852229248986,0.21061665941422375,27.912243058577406,0.6581770606694493,409,435,375,435,27.912243058577406,NEUTRAL,program,sensor_drive.py,function,750df67d0c33d1501e8060e5a3b5ce81e437358a154f973070c11cf1d50adae5,左壁追従（超音波のみ）,,242.79322928038107,74.47848224906676,39.463514678542026,250.0,97.48620035728737
48.95,723.5205667316513,567.3625485316657,91.13761109797366,22.328416742087573,0.20892851910411722,27.912946450373283,0.6529016222003663,409,435,375,435,27.912946450373283,NEUTRAL,program,sensor_drive.py,function,750df67d0c33d1501e8060e5a3b5ce81e437358a154f973070c11cf1d50adae5,左壁追従（超音波のみ）,,241.6368536354189,74.49438228985564,39.48719769089395,250.0,97.54693595896603
49.0,724.6367865691622,567.3404854934874,91.12709400968026,22.328980585159137,0.20724389652486636,27.913648376447973,0.6476371766402074,409,435,375,435,27.913648376447973,NEUTRAL,program,sensor_drive.py,function,750df67d0c33d1501e8060e5a3b5ce81e437358a154f973070c11cf1d50adae5,左壁追従（超音波のみ）,,240.48096256440877,74.51009121158707,39.51065845143463,250.0,250.0
49.05,725.7530385835897,567.3186259668303,91.11666194752911,22.32954361096194,0.2055632467893959,27.914348647171085,0.6423851462168622,409,435,375,435,27.914348647171085,NEUTRAL,program,sensor_drive.py,function,750df67d0c33d1501e8060e5a3b5ce81e437358a154f973070c11cf1d50adae5,左壁追従（超音波のみ）,,239.32555201046424,74.52561218370535,39.53389885209122,250.0,250.0
49.1,726.8693226604469,567.2969683091817,91.10631469270083,22.330105672816764,0.20388700145347727,27.915047082727718,0.6371468795421165,409,435,375,435,27.915047082727718,NEUTRAL,program,sensor_drive.py,function,750df67d0c33d1501e8060e5a3b5ce81e437358a154f973070c11cf1d50adae5,左壁追従（超音波のみ）,,238.17061785929278,74.54094829512017,39.55692077636797,250.0,250.0
49.15,727.9856386789639,567.2755108824604,91.09605200565898,22.330666626376793,0.20221556950582936,27.915743512705905,0.6319236547057168,409,435,375,435,27.915743512705905,NEUTRAL,program,sensor_drive.py,function,750df67d0c33d1501e8060e5a3b5ce81e437358a154f973070c11cf1d50adae5,左壁追従（超音波のみ）,,237.01615594514527,74.55610255693051,39.57972609903155,250.0,250.0
49.2,729.101986512236,567.254252053402,91.08587362724143,22.331226330725926,0.20054933831729457,27.916437775701127,0.6267166822415455,409,435,375,435,27.916437775701127,NEUTRAL,program,sensor_drive.py,function,750df67d0c33d1501e8060e5a3b5ce81e437358a154f973070c11cf1d50adae5,左壁追従（超音波のみ）,,235.86216205637305,74.57107790504465,39.60231668581732,250.0,250.0
49.25,730.2183660274142,567.2331901939245,91.0757792797059,22.331784649161136,0.19888867455172715,27.91712971893678,0.6215271079741473,409,435,375,435,27.91712971893678,NEUTRAL,program,sensor_drive.py,function,750df67d0c33d1501e8060e5a3b5ce81e437358a154f973070c11cf1d50adae5,左壁追従（超音波のみ）,,234.7086319406342,74.58587720270289,39.62469439315559,250.0,250.0
49.3,731.3347770859283,567.2123236814734,91.06576866773071,22.332341449732915,0.19723392503939918,27.91781919790025,0.6163560157481225,409,435,375,435,27.91781919790025,NEUTRAL,program,sensor_drive.py,function,750df67d0c33d1501e8060e5a3b5ce81e437358a154f973070c11cf1d50adae5,左壁追従（超音波のみ）,,233.55556130977723,74.60050324290434,39.646861067916184,250.0,250.0
49.35,732.4512195437297,567.1916508993465,91.05584147937282,22.332896605600904,0.19558541761570866,27.918506075993456,0.6112044300490895,409,435,375,435,27.918506075993456,NEUTRAL,program,sensor_drive.py,function,750df67d0c33d1501e8060e5a3b5ce81e437358a154f973070c11cf1d50adae5,左壁追従（超音波のみ）,,232.40294584443222,74.61495875074365,39.668818547169195,250.0,250.0
49.4,733.5676932515488,567.1711702370014,91.04599738698556,22.333449995249037,0.19394346192511605,27.91919022419787,0.6060733185159877,409,435,375,435,27.91919022419787,NEUTRAL,program,sensor_drive.py,function,750df67d0c33d1501e8060e5a3b5ce81e437358a154f973070c11cf1d50adae5,左壁追従（超音波のみ）,,231.25078119832997,74.62924638565924,39.690568657963524,250.0,250.0
49.45,734.6841980551578,567.1508800903467,91.03623604809707,22.334001502594134,0.19230835019274806,27.91987152075302,0.6009635943523377,409,435,375,435,27.91987152075302,NEUTRAL,program,sensor_drive.py,function,750df67d0c33d1501e8060e5a3b5ce81e437358a154f973070c11cf1d50adae5,左壁追従（超音波のみ）,,230.09906300236867,74.64336874359775,39.71211321712053,250.0,250.0
49.5,735.800733795637,567.130778862014,91.02655710625169,22.334551017014583,0.19068035796416707,27.920549850848264,0.5958761186380221,409,435,375,435,27.920549850848264,NEUTRAL,program,sensor_drive.py,function,750df67d0c33d1501e8060e5a3b5ce81e437358a154f973070c11cf1d50adae5,左壁追従（超音波のみ）,,228.9477868684462,74.65732835909446,39.73345403104066,250.0,250.0
49.55,736.9173003096403,567.1108649616176,91.01696019181554,22.335098433319054,0.18905974481623886,27.921225106326567,0.5908117025507464,409,435,375,435,27.921225106326567,NEUTRAL,program,sensor_drive.py,function,750df67d0c33d1501e8060e5a3b5ce81e437358a154f973070c11cf1d50adae5,左壁追従（超音波のみ）,,227.79694839307518,74.67112770728099,39.7545928955263,250.0,250.0
49.6,738.0338974296565,567.0911368059961,91.00744492274708,22.33564365167115,0.18744675503797295,27.921897185400844,0.5857711094936655,409,435,375,435,27.921897185400844,NEUTRAL,program,sensor_drive.py,function,750df67d0c33d1501e8060e5a3b5ce81e437358a154f973070c11cf1d50adae5,左壁追従（超音波のみ）,,226.6465431607898,74.68476920581216,39.77553159561515,250.0,250.0
49.65,739.1505249842671,567.0715928194418,90.99801090533578,22.336186577481982,0.18584161828387152,27.92256599238172,0.5807550571370985,409,435,375,435,27.92256599238172,NEUTRAL,program,sensor_drive.py,function,750df67d0c33d1501e8060e5a3b5ce81e437358a154f973070c11cf1d50adae5,左壁追従（超音波のみ）,,225.4965667473598,74.6982552167232,39.79627190542825,250.0,250.0
49.7,740.2671827983967,567.0522314339157,90.98865773490866,22.336727121279772,0.1842445502015214,27.92323143741603,0.5757642193797543,409,435,375,435,27.92323143741603,NEUTRAL,program,sensor_drive.py,function,750df67d0c33d1501e8060e5a3b5ce81e437358a154f973070c11cf1d50adae5,左壁追従（超音波のみ）,,224.3470147228211,74.71158804821917,39.81681558802922,250.0,250.0
49.75,741.3838706935553,567.0330510892494,90.9793849965061,22.337265198563713,0.182655753032861,27.92389343623631,0.5707992282276906,409,435,375,435,27.92389343623631,NEUTRAL,program,sensor_drive.py,function,750df67d0c33d1501e8060e5a3b5ce81e437358a154f973070c11cf1d50adae5,左壁追従（超音波のみ）,,223.19788265433561,74.72476995639362,39.83716439529283,250.0,250.0
49.8,742.5005884880742,567.014050233334,90.9701922655301,22.337800729647412,0.18107541619073458,27.924551909920527,0.5658606755960456,409,435,375,435,27.924551909920527,NEUTRAL,program,sensor_drive.py,function,750df67d0c33d1501e8060e5a3b5ce81e437358a154f973070c11cf1d50adae5,左壁追従（超音波のみ）,,222.04916610888537,74.73780314688503,39.857320067787455,250.0,250.0
49.85,743.6173359973334,566.9952273222987,90.96107910836281,22.338333639495946,0.1795037168139109,27.92520678466087,0.5609491150434716,409,435,375,435,27.92520678466087,NEUTRAL,program,sensor_drive.py,function,750df67d0c33d1501e8060e5a3b5ce81e437358a154f973070c11cf1d50adae5,左壁追従（超音波のみ）,,220.90086065581568,74.75068977647565,39.87728433466585,250.0,250.0
49.9,744.7341130339798,566.976580820676,90.95204508295984,22.33886385755986,0.1779408202967943,27.925857991543,0.5560650634274822,409,435,375,435,27.925857991543,NEUTRAL,program,sensor_drive.py,function,750df67d0c33d1501e8060e5a3b5ce81e437358a154f973070c11cf1d50adae5,左壁追従（超音波のみ）,,219.7529618692255,74.76343195462314,39.89705891356589,250.0,250.0
49.95,745.8509194081373,566.9581092015567,90.94308973941719,22.339391317608204,0.17638688079981976,27.92650546633341,0.5512090024994367,409,435,375,435,27.92650546633341,NEUTRAL,program,sensor_drive.py,function,750df67d0c33d1501e8060e5a3b5ce81e437358a154f973070c11cf1d50adae5,左壁追従（超音波のみ）,,218.60546533022395,74.77603174494182,39.91664551052038,250.0,250.0
50.0,746.9677549276082,566.939810946736,90.93421262051368,22.339915957562507,0.17484204173787135,27.927149149275888,0.5463813804308479,409,435,375,435,27.927149149275888,NEUTRAL,program,sensor_drive.py,function,750df67d0c33d1501e8060e5a3b5ce81e437358a154f973070c11cf1d50adae5,左壁追従（超音波のみ）,,217.45836662905378,74.78849116662714,39.9360458198775,250.0,250.0
50.05,748.0846193980667,566.9216845468466,90.92541326222982,22.34043771933297,0.17330643624922615,27.927788984896157,0.5415826132788317,409,435,375,435,27.927788984896157,NEUTRAL,program,sensor_drive.py,function,750df67d0c33d1501e8060e5a3b5ce81e437358a154f973070c11cf1d50adae5,左壁追従（超音波のみ）,,216.31166136708515,74.80081219582605,39.955261524226394,250.0,250.0
50.1,749.2015126232436,566.9037285014842,90.91669119424466,22.34095654865779,0.17178018764517616,27.92842492181451,0.5368130863911755,409,435,375,435,27.92842492181451,NEUTRAL,program,sensor_drive.py,function,750df67d0c33d1501e8060e5a3b5ce81e437358a154f973070c11cf1d50adae5,左壁追従（超音波のみ）,,215.16534515869398,74.81299676695889,39.97429429433392,250.0,250.0
50.15,750.3184344051034,566.8859413193243,90.90804594040992,22.341472394946184,0.17026340984226052,27.929056912565724,0.5320731557570642,409,435,375,435,27.929056912565724,NEUTRAL,program,sensor_drive.py,function,750df67d0c33d1501e8060e5a3b5ce81e437358a154f973070c11cf1d50adae5,左壁追従（超音波のみ）,,214.01941363302703,74.82504677399443,39.99314578908794,250.0,250.0
50.2,751.4353845440132,566.8683215182283,90.89947701920369,22.341985211125838,0.16875620777519898,27.929684913427,0.5273631492974968,409,435,375,435,27.929684913427,NEUTRAL,program,sensor_drive.py,function,750df67d0c33d1501e8060e5a3b5ce81e437358a154f973070c11cf1d50adae5,左壁追従（超音波のみ）,,212.87386243565496,74.83696407167288,40.01181765544724,250.0,250.0
50.25,752.5523628389042,566.8508676253433,90.89098394416465,22.34249495349481,0.16725867779444484,27.930308884252316,0.5226833681076402,409,435,375,435,27.930308884252316,NEUTRAL,program,sensor_drive.py,function,750df67d0c33d1501e8060e5a3b5ce81e437358a154f973070c11cf1d50adae5,左壁追従（超音波のみ）,,211.72868723012581,74.84875047668882,40.03031152839891,250.0,250.0
50.3,753.6693690874255,566.8335781771925,90.88256622430663,22.343001581578264,0.16577090804662575,27.930928788313906,0.5180340876457055,409,435,375,435,27.930928788313906,NEUTRAL,program,sensor_drive.py,function,750df67d0c33d1501e8060e5a3b5ce81e437358a154f973070c11cf1d50adae5,左壁追従（超音波のみ）,,210.58388369942023,74.86040776882885,40.04862903092296,250.0,250.0
50.35,754.786403086092,566.8164517197581,90.87422336451482,22.34350505799,0.1642929788403528,27.93154459214985,0.5134155588761025,409,435,375,435,27.93154459214985,NEUTRAL,program,sensor_drive.py,function,750df67d0c33d1501e8060e5a3b5ce81e437358a154f973070c11cf1d50adae5,左壁追従（超音波のみ）,,209.43944754731402,74.87193769206995,40.06677177396239,250.0,250.0
50.4,755.9034646304241,566.7994868085574,90.8659548659245,22.344005348298904,0.1628249629961873,27.932156265418254,0.5088280093630853,409,435,375,435,27.932156265418254,NEUTRAL,program,sensor_drive.py,function,750df67d0c33d1501e8060e5a3b5ce81e437358a154f973070c11cf1d50adae5,左壁追従（超音波のみ）,,208.29537449964997,74.88334195563579,40.08474135639994,250.0,250.0
50.45,757.0205535150808,566.7826820087118,90.85776022628266,22.344502420900216,0.16136692618284912,27.932763780757146,0.5042716443214035,409,435,375,435,27.932763780757146,NEUTRAL,program,sensor_drive.py,function,750df67d0c33d1501e8060e5a3b5ce81e437358a154f973070c11cf1d50adae5,左壁追従（超音波のみ）,,207.15166030552933,74.89462223501597,40.10253936503988,250.0,250.0
50.5,758.1376695339885,566.7660358950092,90.84963894029374,22.34499624689165,0.15991892723948026,27.933367113650217,0.49974664762337584,409,435,375,435,27.933367113650217,NEUTRAL,program,sensor_drive.py,function,750df67d0c33d1501e8060e5a3b5ce81e437358a154f973070c11cf1d50adae5,左壁追従（超音波のみ）,,206.00830073841954,74.90578017294833,40.1201673745957,250.0,250.0
50.55,759.2548124804608,566.7495470519589,90.8415904999494,22.345486799954184,0.15848101848456622,27.933966242298098,0.49525318276426944,409,435,375,435,27.933966242298098,NEUTRAL,program,sensor_drive.py,function,750df67d0c33d1501e8060e5a3b5ce81e437358a154f973070c11cf1d50adae5,左壁追従（超音波のみ）,,204.86529159718765,74.91681738036543,40.13762694768303,250.0,250.0
50.6,760.371982147315,566.7332140738419,90.83361439484383,22.34597405623741,0.15705324601279158,27.93456114749467,0.4907913937899737,409,435,375,435,27.93456114749467,NEUTRAL,program,sensor_drive.py,function,750df67d0c33d1501e8060e5a3b5ce81e437358a154f973070c11cf1d50adae5,左壁追従（超音波のみ）,,203.72262870706234,74.92773543730871,40.1549196348172,250.0,250.0
50.65,761.4891783269815,566.7170355647547,90.82571011247427,22.346457994249427,0.1556356499791579,27.935151812508686,0.48636140618486845,409,435,375,435,27.935151812508686,NEUTRAL,program,sensor_drive.py,function,750df67d0c33d1501e8060e5a3b5ce81e437358a154f973070c11cf1d50adae5,左壁追従（超音波のみ）,,202.58030792052546,74.93853589380892,40.17204697441628,250.0,250.0
50.7,762.6064008116084,566.7010101386476,90.81787713852793,22.346938594751002,0.15422826487170482,27.935738222970123,0.4819633277240776,409,435,375,435,27.935738222970123,NEUTRAL,program,sensor_drive.py,function,750df67d0c33d1501e8060e5a3b5ce81e437358a154f973070c11cf1d50adae5,左壁追従（超音波のみ）,,201.43832511813784,74.94922027073429,40.189010492806695,250.0,250.0
50.75,763.7236493931605,566.6851364193571,90.81011495715609,22.347415840653998,0.15283111977282943,27.936320366761322,0.47759724929009195,409,435,375,435,27.936320366761322,NEUTRAL,program,sensor_drive.py,function,750df67d0c33d1501e8060e5a3b5ce81e437358a154f973070c11cf1d50adae5,左壁追従（超音波のみ）,,200.2966762093046,74.95979006061037,40.205811704235785,250.0,250.0
50.8,764.8409238635143,566.6694130406348,90.80242305123517,22.347889716923806,0.1514442386103085,27.93689823391237,0.4732632456572141,409,435,375,435,27.93689823391237,NEUTRAL,program,sensor_drive.py,function,750df67d0c33d1501e8060e5a3b5ce81e437358a154f973070c11cf1d50adae5,左壁追従（超音波のみ）,,199.15535713298124,74.97024672840988,40.222452110885726,250.0,250.0
50.85,765.9582240145475,566.6538386461693,90.79480090261575,22.348360210485733,0.15006764039766252,27.937471816500974,0.4689613762426954,409,435,375,435,27.937471816500974,NEUTRAL,program,sensor_drive.py,function,750df67d0c33d1501e8060e5a3b5ce81e437358a154f973070c11cf1d50adae5,左壁追従（超音波のみ）,,198.01436385832113,74.98059171231547,40.23893320289357,250.0,250.0
50.9,767.0755496382242,566.6384118896051,90.78724799236016,22.34882731013517,0.14870133946437342,27.93804110855651,0.46469168582616693,409,435,375,435,27.93804110855651,NEUTRAL,program,sensor_drive.py,function,750df67d0c33d1501e8060e5a3b5ce81e437358a154f973070c11cf1d50adae5,左壁追従（超音波のみ）,,196.87369238527253,74.99082642445349,40.2552564583728,250.0,250.0
50.95,768.1929005266755,566.6231314345566,90.77976380096857,22.349291006451356,0.14734534567773017,27.93860610596761,0.4604542052429068,409,435,375,435,27.93860610596761,NEUTRAL,program,sensor_drive.py,function,750df67d0c33d1501e8060e5a3b5ce81e437358a154f973070c11cf1d50adae5,左壁追従（超音波のみ）,,195.73333874512394,75.00095225160675,40.2714233434405,250.0,250.0
51.0,769.3102764722768,566.6079959546182,90.77234780859504,22.349751291714703,0.1459996646539191,27.9391668063942,0.45624895204349714,409,435,375,435,27.9391668063942,NEUTRAL,program,sensor_drive.py,function,750df67d0c33d1501e8060e5a3b5ce81e437358a154f973070c11cf1d50adae5,左壁追従（超音波のみ）,,194.59329900099974,75.01097055589584,40.28743531224524,250.0,250.0
51.05,770.4276772677197,566.5930041333692,90.76499949525254,22.350208159827464,0.14466429796188726,27.939723209182546,0.4520759311308977,409,435,375,435,27.939723209182546,NEUTRAL,program,sensor_drive.py,function,750df67d0c33d1501e8060e5a3b5ce81e437358a154f973070c11cf1d50adae5,左壁追従（超音波のみ）,,193.4535692483131,75.02088267544346,40.303293807000976,250.0,250.0
51.1,771.5451027060815,566.5781546643761,90.75771834100885,22.35066160623763,0.1433392433178507,27.94027531528423,0.44793513536828344,409,435,375,435,27.94027531528423,NEUTRAL,program,sensor_drive.py,function,750df67d0c33d1501e8060e5a3b5ce81e437358a154f973070c11cf1d50adae5,左壁追従（超音波のみ）,,192.31414561517357,75.03068992501068,40.31900025802114,250.0,250.0
51.15,772.6625525808903,566.5634462511916,90.75050382617229,22.351111627865958,0.14202449477246895,27.940823127178138,0.44382654616396544,409,435,375,435,27.940823127178138,NEUTRAL,program,sensor_drive.py,function,750df67d0c33d1501e8060e5a3b5ce81e437358a154f973070c11cf1d50adae5,左壁追従（超音波のみ）,,191.17502426275425,75.04039359661519,40.33455608375771,250.0,250.0
51.2,773.7800266861869,566.5488776073485,90.74335543146924,22.351558223036037,0.14072004288913617,27.941366648796194,0.43975013402855057,409,435,375,435,27.941366648796194,NEUTRAL,program,sensor_drive.py,function,750df67d0c33d1501e8060e5a3b5ce81e437358a154f973070c11cf1d50adae5,左壁追従（超音波のみ）,,190.03620138561828,75.04999496012354,40.34996269084107,250.0,250.0
51.25,774.8975248165831,566.5344474563514,90.73627263821231,22.352001391407107,0.1394258749165303,27.941905885451447,0.43570585911415716,409,435,375,435,27.941905885451447,NEUTRAL,program,sensor_drive.py,function,750df67d0c33d1501e8060e5a3b5ce81e437358a154f973070c11cf1d50adae5,左壁追従（超音波のみ）,,188.89767321201114,75.05949526382861,40.36522147412336,250.0,250.0
51.3,776.0150467673171,566.5201545316654,90.72925492846093,22.352441133909792,0.13814197495262995,27.942440843769738,0.4316936717269686,409,435,375,435,27.942440843769738,NEUTRAL,program,sensor_drive.py,function,750df67d0c33d1501e8060e5a3b5ce81e437358a154f973070c11cf1d50adae5,左壁追従（超音波のみ）,,187.75943600411563,75.06889573500412,40.38033381672489,250.0,250.0
51.35,777.1325923343059,566.5059975767018,90.72230178517304,22.35287745268437,0.13686832410246402,27.942971531623975,0.4277135128202001,409,435,375,435,27.942971531623975,NEUTRAL,program,sensor_drive.py,function,750df67d0c33d1501e8060e5a3b5ce81e437358a154f973070c11cf1d50adae5,左壁追従（超音波のみ）,,186.6214860582753,75.07819758044016,40.39530109008075,250.0,250.0
51.4,778.2501613141939,566.4919753447992,90.71541269234996,22.353310351021648,0.13560490062947586,27.943497958071053,0.4237653144671121,409,435,375,435,27.943497958071053,NEUTRAL,program,sensor_drive.py,function,750df67d0c33d1501e8060e5a3b5ce81e437358a154f973070c11cf1d50adae5,左壁追従（超音波のみ）,,185.48381970518318,75.08740198696184,40.410124653990266,250.0,250.0
51.45,779.3677535044001,566.4780865992052,90.70858713517362,22.353739833306253,0.1343516801001394,27.94402013329161,0.4198490003129356,409,435,375,435,27.94402013329161,NEUTRAL,program,sensor_drive.py,function,750df67d0c33d1501e8060e5a3b5ce81e437358a154f973070c11cf1d50adae5,左壁追従（超音波のみ）,,184.34643331004614,75.09651012193146,40.424805856671256,250.0,250.0
51.5,780.4853687031618,566.4643301130525,90.70182460013666,22.354165904962304,0.1331086355230079,27.94453806853208,0.4159644860093996,409,435,375,435,27.94453806853208,NEUTRAL,program,sensor_drive.py,function,750df67d0c33d1501e8060e5a3b5ce81e437358a154f973070c11cf1d50adae5,左壁追従（超音波のみ）,,183.20932327271527,75.1055231337304,40.43934603481022,250.0,250.0
51.55,781.6030067095761,566.4507046693338,90.69512457516623,22.354588572401315,0.1318757374814566,27.945051776049393,0.41211167962955186,409,435,375,435,27.945051776049393,NEUTRAL,program,sensor_drive.py,function,750df67d0c33d1501e8060e5a3b5ce81e437358a154f973070c11cf1d50adae5,左壁追従（超音波のみ）,,182.07248602779234,75.11444215222832,40.453746513620196,250.0,250.0
51.6,782.7206673236377,566.4372090608753,90.68848654974079,22.355007842972267,0.1306529542614433,27.94556126905773,0.40829048206701035,409,435,375,435,27.94556126905773,NEUTRAL,program,sensor_drive.py,function,750df67d0c33d1501e8060e5a3b5ce81e437358a154f973070c11cf1d50adae5,左壁追従（超音波のみ）,,180.9359180447119,75.12326828923574,40.4680086068969,250.0,250.0
51.65,783.8383503462767,566.4238420903056,90.68191001500128,22.35542372491377,0.12944025197330825,27.94606656167779,0.40450078741658824,409,435,375,435,27.94606656167779,NEUTRAL,program,sensor_drive.py,function,750df67d0c33d1501e8060e5a3b5ce81e437358a154f973070c11cf1d50adae5,左壁追従（超音波のみ）,,179.79961582779663,75.13200263894007,40.48213361707665,250.0,250.0
51.7,784.9560555793917,566.4106025700252,90.67539446385615,22.355836227308163,0.12823759466932094,27.946567668887784,0.400742483341628,409,435,375,435,27.946567668887784,NEUTRAL,program,sensor_drive.py,function,750df67d0c33d1501e8060e5a3b5ce81e437358a154f973070c11cf1d50adae5,左壁追従（超音波のみ）,,178.6635759162936,75.14064627833145,40.49612283529772,250.0,250.0
51.75,786.0737828258832,566.3974893221719,90.66893939108024,22.356245360037615,0.12704494445545123,27.947064606476896,0.3970154514232851,409,435,375,435,27.947064606476896,NEUTRAL,program,sensor_drive.py,function,750df67d0c33d1501e8060e5a3b5ce81e437358a154f973070c11cf1d50adae5,左壁追従（超音波のみ）,,177.5277948843859,75.14920026760952,40.509977541459726,250.0,250.0
51.8,787.1915318896827,566.3845011785859,90.66254429340938,22.356651133741988,0.12586226159841302,27.94755739100066,0.3933195674950407,409,435,375,435,27.94755739100066,NEUTRAL,program,sensor_drive.py,function,750df67d0c33d1501e8060e5a3b5ce81e437358a154f973070c11cf1d50adae5,左壁追従（超音波のみ）,,176.39226934118503,75.15766565058031,40.52369900428839,250.0,250.0
51.85,788.309302575781,566.3716369807722,90.65620866962865,22.357053559778524,0.12468950462914677,27.948046039737857,0.38965470196608365,409,435,375,435,27.948046039737857,NEUTRAL,program,sensor_drive.py,function,750df67d0c33d1501e8060e5a3b5ce81e437358a154f973070c11cf1d50adae5,左壁追従（超音波のみ）,,175.25699593070635,75.16604345503903,40.53728848139669,250.0,250.0
51.9,789.427094690255,566.3588955798613,90.64993202065625,22.357452650183163,0.12352663044097191,27.948530570649595,0.38602072012803723,409,435,375,435,27.948530570649595,NEUTRAL,program,sensor_drive.py,function,750df67d0c33d1501e8060e5a3b5ce81e437358a154f973070c11cf1d50adae5,左壁追従（超音波のみ）,,174.1219713318243,75.17433469314173,40.550747219351855,250.0,250.0
51.95,790.5449080402915,566.3462758365692,90.64371384962226,22.3578484176335,0.12237359438432875,27.949011002339862,0.38241748245102736,409,435,375,435,27.949011002339862,NEUTRAL,program,sensor_drive.py,function,750df67d0c33d1501e8060e5a3b5ce81e437358a154f973070c11cf1d50adae5,左壁追従（超音波のみ）,,172.98719225821108,75.18254036176431,40.564076453739844,250.0,250.0
52.0,791.6627424342104,566.3337766211548,90.63755366194334,22.358240875413383,0.12123035035613995,27.949487354018274,0.37884484486293735,409,435,375,435,27.949487354018274,NEUTRAL,program,sensor_drive.py,function,750df67d0c33d1501e8060e5a3b5ce81e437358a154f973070c11cf1d50adae5,左壁追従（超音波のみ）,,171.85265545825968,75.19066144284722,40.5772774092321,250.0,250.0
52.05,792.780597681486,566.3213968133767,90.63145096539279,22.358630037378855,0.12009685088766638,27.949959645463473,0.37530265902395743,409,435,375,435,27.949959645463473,NEUTRAL,program,sensor_drive.py,function,750df67d0c33d1501e8060e5a3b5ce81e437358a154f973070c11cf1d50adae5,左壁追従（超音波のみ）,,170.71835771499306,75.19869890373676,40.59035129965427,250.0,250.0
52.1,793.8984735927664,566.3091353024485,90.62540527016597,22.359015917925657,0.1189730472263291,27.95042789698903,0.37179077258227844,409,435,375,435,27.95042789698903,NEUTRAL,program,sensor_drive.py,function,750df67d0c33d1501e8060e5a3b5ce81e437358a154f973070c11cf1d50adae5,左壁追従（超音波のみ）,,169.5842958459576,75.2066536975066,40.60329932805273,250.0,250.0
52.15,795.0163110266637,566.2968621933962,90.63268302622419,22.35749313301903,-0.14322355415692611,27.94032351910128,-0.44757360674039415,409,434,375,435,27.94032351910128,NEUTRAL,program,sensor_drive.py,function,750df67d0c33d1501e8060e5a3b5ce81e437358a154f973070c11cf1d50adae5,左壁追従（超音波のみ）,,168.45046670310356,74.48302364120785,40.61612268676553,250.0,250.0
52.2,796.1333429143798,566.2842953703653,90.65643961146674,22.331927731233332,-0.4678471498838075,27.805063687548415,-1.4620223433868984,409,433,375,435,27.805063687548415,NEUTRAL,program,sensor_drive.py,function,750df67d0c33d1501e8060e5a3b5ce81e437358a154f973070c11cf1d50adae5,左壁追従（超音波のみ）,,167.3515697103894,73.60366866579824,40.6306702301861,250.0,250.0
52.25,797.2486489672201,566.2711520607053,90.69390061728092,22.29176628756159,-0.7388458193645734,27.692147575264762,-2.308893185514292,409,432,375,435,27.692147575264762,NEUTRAL,program,sensor_drive.py,function,750df67d0c33d1501e8060e5a3b5ce81e437358a154f973070c11cf1d50adae5,左壁追従（超音波のみ）,,166.29618250823341,72.88832286393006,40.64767166451626,250.0,250.0
52.3,798.3618053316034,566.2572190481809,90.7403293862609,22.247238849195412,-0.9174502581531445,27.617729059102857,-2.8670320567285765,409,431,375,435,27.617729059102857,NEUTRAL,program,sensor_drive.py,function,750df67d0c33d1501e8060e5a3b5ce81e437358a154f973070c11cf1d50adae5,左壁追従（超音波のみ）,,165.27766651339513,72.43105966055234,40.66710592115822,250.0,250.0
52.35,799.4743457188619,566.2426770461915,90.75741020754492,22.256294623432307,-0.33773301397884725,27.859277910842145,-1.0554156686838976,409,433,375,435,27.859277910842145,NEUTRAL,program,sensor_drive.py,function,750df67d0c33d1501e8060e5a3b5ce81e437358a154f973070c11cf1d50adae5,左壁追従（超音波のみ）,,164.28398973723017,74.00892688239318,40.688621407475694,250.0,250.0
52.4,800.5868714921559,566.2277168755495,90.78341338578866,22.250057255508132,-0.514147952081713,27.785771686632618,-1.6067123502553533,409,433,375,435,27.785771686632618,NEUTRAL,program,sensor_drive.py,function,750df67d0c33d1501e8060e5a3b5ce81e437358a154f973070c11cf1d50adae5,左壁追従（超音波のみ）,,163.21513924802827,73.5440924001733,40.707003807799175,250.0,250.0
52.45,801.6987240891018,566.2121756394957,90.81821843507629,22.232122175415576,-0.688579963804147,27.71309168174827,-2.1518123868879595,409,432,375,435,27.71309168174827,NEUTRAL,program,sensor_drive.py,function,750df67d0c33d1501e8060e5a3b5ce81e437358a154f973070c11cf1d50adae5,左壁追従（超音波のみ）,,162.16882579444794,73.09158705844101,40.72703510348493,249.73164062008973,250.0
52.5,802.8094002863411,566.1958920006839,90.86168961217709,22.2052835624744,-0.8609090056301457,27.641287914320774,-2.6903406425942054,409,432,375,435,27.641287914320774,NEUTRAL,program,sensor_drive.py,function,750df67d0c33d1501e8060e5a3b5ce81e437358a154f973070c11cf1d50adae5,左壁追従（超音波のみ）,,161.14520238206572,72.65160154677824,40.748895991895125,248.5318120803901,250.0
52.55,803.9185174672971,566.1787070396431,90.91368087735441,22.17171284435259,-1.0310426076493087,27.570398913479455,-3.2220081489040897,409,431,375,435,27.570398913479455,NEUTRAL,program,sensor_drive.py,function,750df67d0c33d1501e8060e5a3b5ce81e437358a154f973070c11cf1d50adae5,左壁追従（超音波のみ）,,160.1442604504014,72.22425219119843,40.772767496414,247.356028107942,250.0
52.6,805.0257866177216,566.1604648267736,90.97403947868327,22.133097468138253,-1.1989092348295716,27.50045448548768,-3.7465913588424113,409,431,375,435,27.50045448548768,NEUTRAL,program,sensor_drive.py,function,750df67d0c33d1501e8060e5a3b5ce81e437358a154f973070c11cf1d50adae5,左壁追従（超音波のみ）,,159.1658760183982,71.80960205755228,40.79883057773718,246.20414318693946,250.0
52.65,806.1309913304409,566.1410127919727,91.04260851897334,22.090748782639075,-1.3644531650439427,27.431477847898357,-4.263916140762321,409,430,375,435,27.431477847898357,NEUTRAL,program,sensor_drive.py,function,750df67d0c33d1501e8060e5a3b5ce81e437358a154f973070c11cf1d50adae5,左壁追従（超音波のみ）,,158.20984428038346,71.40767681378543,40.827265877576494,245.07591765704768,250.0
52.7,807.2339714828929,566.1202019523855,91.1192287744417,22.045685905060253,-1.527630538051612,27.363487275811828,-4.773845431411288,409,429,375,435,27.363487275811828,NEUTRAL,program,sensor_drive.py,function,750df67d0c33d1501e8060e5a3b5ce81e437358a154f973070c11cf1d50adae5,左壁追従（超音波のみ）,,157.27590544865734,71.0184766142058,40.85825355340367,243.97104723982656,250.0
52.75,808.3346105482735,566.0978870415091,91.20373996580958,21.998700916363624,-1.6884063080014327,27.29649737166607,-5.276269712504477,409,429,375,435,27.29649737166607,NEUTRAL,program,sensor_drive.py,function,750df67d0c33d1501e8060e5a3b5ce81e437358a154f973070c11cf1d50adae5,左壁追従（超音波のみ）,,156.36376396957957,70.64198496829785,40.891973175173376,242.8891850135952,250.0
52.8,809.4328257322691,566.0739265703638,91.29598163073206,21.950409540738228,-1.8467518928179965,27.23052004465917,-5.771099665056239,409,428,375,435,27.23052004465917,NEUTRAL,program,sensor_drive.py,function,750df67d0c33d1501e8060e5a3b5ce81e437358a154f973070c11cf1d50adae5,左壁追従（超音波のみ）,,155.4731027288939,70.27817532656645,40.92860366382799,241.82995767047078,250.0
52.85,810.5285603071039,566.0481828424216,91.39579370756496,21.90129054012674,-2.0026433609311183,27.1655652662787,-6.258260502909745,408,428,375,435,27.1655652662787,NEUTRAL,program,sensor_drive.py,function,750df67d0c33d1501e8060e5a3b5ce81e437358a154f973070c11cf1d50adae5,左壁追従（超音波のみ）,,154.60359347250363,69.92701594015291,40.96832325763374,240.7929774485412,250.0
52.9,811.6217776544121,566.0205219375167,91.50301691137497,21.851716335871775,-2.1560600322496946,27.101641653229294,-6.737687600780296,408,427,375,435,27.101641653229294,NEUTRAL,program,sensor_drive.py,function,750df67d0c33d1501e8060e5a3b5ce81e437358a154f973070c11cf1d50adae5,左壁追従（超音波のみ）,,153.75490437255635,69.58847341701942,41.01130949681363,239.77785079656118,250.0
52.95,812.7124566371399,565.9908136753645,91.61749296144012,21.801976810556404,-2.306983398455822,27.038756917310074,-7.209323120174443,408,427,375,435,27.038756917310074,NEUTRAL,program,sensor_drive.py,function,750df67d0c33d1501e8060e5a3b5ce81e437358a154f973070c11cf1d50adae5,左壁追従（超音波のみ）,,152.92670544345893,69.26251529547905,41.05773921999451,238.78418457333595,250.0
53.0,813.8005880051924,565.9589315660493,91.73906470342297,21.752297808462874,-2.455396289461335,26.976918212724442,-7.673113404566671,408,426,375,435,26.976918212724442,NEUTRAL,program,sensor_drive.py,function,750df67d0c33d1501e8060e5a3b5ce81e437358a154f973070c11cf1d50adae5,左壁追従（超音波のみ）,,152.11867234140712,68.94911187824363,41.10778856809207,237.81159038997893,249.87442801871316
53.05,814.8861716052517,565.9247527525507,91.86757615754698,21.702855515113495,-2.6012822296770177,26.916132404301244,-8.12900696774068,408,426,375,435,26.916132404301244,NEUTRAL,program,sensor_drive.py,function,750df67d0c33d1501e8060e5a3b5ce81e437358a154f973070c11cf1d50adae5,左壁追従（超音波のみ）,,151.3304889512008,68.64823751116015,41.16163299268893,236.8596875558892,249.63705524315412
53.1,815.9692142162799,565.8881579487645,92.00287251538123,21.653787633586223,-2.744624940715436,26.8564062747019,-8.576952939735738,408,425,375,435,26.8564062747019,NEUTRAL,program,sensor_drive.py,function,750df67d0c33d1501e8060e5a3b5ce81e437358a154f973070c11cf1d50adae5,左壁追従（超音波のみ）,,150.56184906564465,68.3598714459726,41.219447266912454,235.92810497742633,249.38733523323023
53.15,817.0497278719406,565.8490313753535,92.14480010145382,21.60520207099223,-2.8854079571598192,26.797746684516742,-9.016899866124435,408,425,375,435,26.797746684516742,NEUTRAL,program,sensor_drive.py,function,750df67d0c33d1501e8060e5a3b5ce81e437358a154f973070c11cf1d50adae5,左壁追従（超音波のみ）,,149.81245738814735,68.08399839239704,41.28140549745816,235.01648227331742,249.1256709258428
53.2,818.1277285620488,565.8072606949871,92.29320631125807,21.557183689660064,-3.0236143297509512,26.740160695937103,-9.448794780471722,408,425,375,435,26.740160695937103,NEUTRAL,program,sensor_drive.py,function,750df67d0c33d1501e8060e5a3b5ce81e437358a154f973070c11cf1d50adae5,左壁追従（超音波のみ）,,149.08203003250617,67.82060883894411,41.347681136807175,234.1244703063828,248.85247160263907
53.25,819.2032352291646,565.7627369479937,92.44793953383163,21.509799554077805,-3.1592263963002556,26.683655668208228,-9.872582488438299,408,424,375,435,26.683655668208228,NEUTRAL,program,sensor_drive.py,function,750df67d0c33d1501e8060e5a3b5ce81e437358a154f973070c11cf1d50adae5,左壁追従（超音波のみ）,,148.3702946509527,67.56969920230026,41.41844699494369,233.25173128225163,248.56815175068255
53.3,820.276268995108,565.7153544890845,92.60884906465236,21.463103008636512,-3.2922256052321184,26.628239331153285,-10.28820501635037,408,424,375,435,26.628239331153285,NEUTRAL,program,sensor_drive.py,function,750df67d0c33d1501e8060e5a3b5ce81e437358a154f973070c11cf1d50adae5,左壁追従（超音波のみ）,,147.67699028898886,67.33127185018695,41.49387525003434,232.39793852862397,248.27312999004198
53.35,821.3468525666697,565.665010925557,92.77578501283921,21.417136846581233,-3.4225923801964018,26.573919841584832,-10.695601188113756,408,423,375,435,26.573919841584832,NEUTRAL,program,sensor_drive.py,function,750df67d0c33d1501e8060e5a3b5ce81e437358a154f973070c11cf1d50adae5,左壁追従（超音波のみ）,,147.00186704092437,67.10533503132983,41.57413745761408,231.56277604050118,247.96782805839624
53.4,822.4150097810801,565.6116070572235,92.94859820539881,21.37193577255296,-3.550306016929761,26.520705826279265,-11.094706302905504,408,423,375,435,26.520705826279265,NEUTRAL,program,sensor_drive.py,function,750df67d0c33d1501e8060e5a3b5ce81e437358a154f973070c11cf1d50adae5,左壁追従（超音波のみ）,,146.34468556134894,66.8919027375988,41.65940455787344,230.74593785545903,247.6526698456014
53.45,823.4807652605485,565.5550468181943,93.12714009037722,21.327528316000617,-3.675344605646943,26.468606414313772,-11.485451892646697,408,422,375,435,26.468606414313772,NEUTRAL,program,sensor_drive.py,function,750df67d0c33d1501e8060e5a3b5ce81e437358a154f973070c11cf1d50adae5,左壁追従（超音波のみ）,,145.7052164736548,66.69099451689712,41.74984688065387,229.94712730686786,247.32808047318966
53.5,824.5441441520067,565.495237220574,93.3112626401541,21.283938317679784,-3.7976849738723444,26.417631260886523,-11.867765543351076,408,422,375,435,26.417631260886523,NEUTRAL,program,sensor_drive.py,function,750df67d0c33d1501e8060e5a3b5ce81e437358a154f973070c11cf1d50adae5,左壁追従（超音波のみ）,,145.08323970604675,66.50263525045222,41.84563414775645,229.16605619072598,246.99448541518368
53.55,825.6051719334777,565.4320883000821,93.5008182556956,21.241186084200297,-3.9173026458762514,26.36779056421823,-12.241570768363285,407,422,375,435,26.36779056421823,NEUTRAL,program,sensor_drive.py,function,750df67d0c33d1501e8060e5a3b5ce81e437358a154f973070c11cf1d50adae5,左壁追従（超音波のみ）,,144.47854377739478,66.3268549044445,41.94693547216372,228.40244387249595,246.65230965761316
53.6,826.6638742726101,565.3655130635785,93.69565967228567,21.19928928439962,-4.034171815846959,26.319095076730434,-12.606786924521746,407,421,375,435,26.319095076730434,NEUTRAL,program,sensor_drive.py,function,750df67d0c33d1501e8060e5a3b5ce81e437358a154f973070c11cf1d50adae5,左壁追従（超音波のみ）,,143.8909250492079,66.16368826309254,42.05391935375312,227.65601635335395,246.3019768947761
53.65,827.7202769261089,565.2954274384542,93.89563986706708,21.158263644851235,-4.148265332683909,26.271556111381706,-12.963329164637218,407,421,375,435,26.271556111381706,NEUTRAL,program,sensor_drive.py,function,750df67d0c33d1501e8060e5a3b5ce81e437358a154f973070c11cf1d50adae5,左壁追従（超音波のみ）,,143.32018695539662,66.0131746481707,42.16675367106102,226.92650530996565,245.94390876075096
53.7,828.774405671284,565.221750223839,94.10061196859783,21.11812348901816,-4.2595546948689345,26.22518554380461,-13.31110842146542,407,421,375,435,26.22518554380461,NEUTRAL,program,sensor_drive.py,function,750df67d0c33d1501e8060e5a3b5ce81e437358a154f973070c11cf1d50adae5,左壁追従（超音波のみ）,,142.76613921806228,65.87535762834393,42.28560566864109,226.21364711795198,245.57852409494097
53.75,829.8262862628613,565.1444030435696,94.31042916855347,21.078882154612423,-4.3680100543270735,26.179995810697054,-13.650031419772104,407,420,375,435,26.179995810697054,NEUTRAL,program,sensor_drive.py,function,750df67d0c33d1501e8060e5a3b5ce81e437358a154f973070c11cf1d50adae5,左壁追従（超音波のみ）,,142.2285970549506,65.75028472046866,42.410641939534344,225.5171818662257,245.20623824061866
53.8,830.8759444097066,565.0633103008598,94.52494463566256,21.040552315989004,-4.473600228529075,26.135999904779553,-13.980000714153359,407,420,375,435,26.135999904779553,NEUTRAL,program,sensor_drive.py,function,750df67d0c33d1501e8060e5a3b5ce81e437358a154f973070c11cf1d50adae5,左壁追従（超音波のみ）,,141.70738038228572,65.63800708410838,42.542028402351384,224.83685236717218,244.82746237553684
53.85,831.9234057672694,564.9783991346145,94.74401143194547,21.003146232392254,-4.576292720361613,26.093211366515995,-14.300914751130039,407,419,375,435,26.093211366515995,NEUTRAL,program,sensor_drive.py,function,750df67d0c33d1501e8060e5a3b5ce81e437358a154f973070c11cf1d50adae5,左壁追従（超音波のみ）,,141.20231301526573,65.53857920980863,42.67993027244714,224.17240316600106,244.44260287372893
53.9,832.9686959424646,564.8895993773285,94.9674824313201,20.966675938201412,-4.676053745495207,26.05164427271033,-14.612667954672524,407,419,375,435,26.05164427271033,NEUTRAL,program,sensor_drive.py,function,750df67d0c33d1501e8060e5a3b5ce81e437358a154f973070c11cf1d50adae5,左壁追従（超音波のみ）,,140.71322186744575,65.45205860116768,42.82451202665154,223.52357955140616,244.05206069764623
53.95,834.011840508403,564.7968435145144,95.19521024064818,20.93115338769107,-4.772848267144942,26.01131322202294,-14.915150834827944,407,419,375,435,26.01131322202294,NEUTRAL,program,sensor_drive.py,function,750df67d0c33d1501e8060e5a3b5ce81e437358a154f973070c11cf1d50adae5,左壁追従（超音波のみ）,,140.23993614947497,65.37850545033774,42.97593736099766,222.8901265688025,243.65623081978393
54.0,835.0528650269343,564.7000666456048,95.4270471233063,20.896590564000476,-4.866640038240769,25.972233317399677,-15.208250119502404,407,419,375,435,25.972233317399677,NEUTRAL,program,sensor_drive.py,function,750df67d0c33d1501e8060e5a3b5ce81e437358a154f973070c11cf1d50adae5,左壁追従（超音波のみ）,,139.7822865671087,65.31798230631462,43.13436914088101,222.27178803680874,243.25550167294588
54.05,836.0917950773808,564.5992064462803,95.66284492538352,20.862999559812454,-4.957391651121284,25.934420145366133,-15.491848909754014,407,418,375,435,25.934420145366133,NEUTRAL,program,sensor_drive.py,function,750df67d0c33d1501e8060e5a3b5ce81e437358a154f973070c11cf1d50adae5,左壁追従（超音波のみ）,,139.34010451803388,65.27055373514932,43.29996934306145,221.66830556723107,242.85025462829572
54.1,837.128656290167,564.4942031321724,95.90245500462925,20.83039263553785,-5.0450645949431205,25.897889752107034,-15.76582685919725,407,418,375,435,25.897889752107034,NEUTRAL,program,sensor_drive.py,function,750df67d0c33d1501e8060e5a3b5ce81e437358a154f973070c11cf1d50adae5,左壁追従（超音波のみ）,,138.91322128680073,65.23628597104961,43.4728989889081,221.0794175885518,242.44086350033973
54.15,838.1634743843096,564.3849994239013,96.14572816229281,20.798782259477363,-5.129619321044621,25.862658616231407,-16.03006037826444,407,418,375,435,25.862658616231407,NEUTRAL,program,sensor_drive.py,function,750df67d0c33d1501e8060e5a3b5ce81e437358a154f973070c11cf1d50adae5,左壁追従（超音波のみ）,,138.5014672370125,65.21524655724903,43.65331806828202,220.50485837279282,242.02769407798834
54.2,839.1962752079131,564.2715405134052,96.39251457802254,20.76818113340294,-5.2110153165552076,25.828743618101996,-16.284422864235022,407,417,375,435,25.828743618101996,NEUTRAL,program,sensor_drive.py,function,750df67d0c33d1501e8060e5a3b5ce81e437358a154f973070c11cf1d50adae5,左壁追従（超音波のみ）,,138.10467099984228,65.20750397540853,43.84138545343175,219.94435706557192,241.611103680856
54.25,840.2270847809841,564.1537740315296,96.64266374800752,20.738602206201875,-5.289211186560255,25.796162005599893,-16.5287849580008,407,417,375,435,25.796162005599893,NEUTRAL,program,sensor_drive.py,function,750df67d0c33d1501e8060e5a3b5ce81e437358a154f973070c11cf1d50adae5,左壁追従（超音波のみ）,,137.72265865795663,65.2131272622966,44.03725880228265,219.39763671921995,241.19144073997202
54.3,841.2559293399743,564.0316500168428,96.89602442657377,20.710058677605687,-5.36416474516041,25.764931356183162,-16.763014828626282,407,417,375,435,25.764931356183162,NEUTRAL,program,sensor_drive.py,function,750df67d0c33d1501e8060e5a3b5ce81e437358a154f973070c11cf1d50adae5,左壁追従（超音波のみ）,,137.3552529239459,65.23218561243156,44.24109445048341,218.86441332889066,240.76904440210842
54.35,842.2828353835656,563.9051208856521,97.15244457146213,20.682563993544566,-5.4358331157650035,25.735069535097914,-16.986978486765636,407,417,375,435,25.735069535097914,NEUTRAL,program,sensor_drive.py,function,750df67d0c33d1501e8060e5a3b5ce81e437358a154f973070c11cf1d50adae5,左壁追従（超音波のみ）,,137.00227231247376,65.26474796538793,44.45304729158381,218.34439487176755,240.34424415695506
54.4,843.3078297192662,563.7741414031988,97.41177129303975,20.656131834294765,-5.504172840969594,25.706594649596003,-17.20054012802998,407,416,375,435,25.706594649596003,NEUTRAL,program,sensor_drive.py,function,750df67d0c33d1501e8060e5a3b5ce81e437358a154f973070c11cf1d50adae5,左壁追従（超音波のみ）,,136.66353030545318,65.31088257645209,44.67327064471454,217.83728034962547,239.91735948642116
54.45,844.330939510445,563.6386686560171,97.67385080771413,20.63077609629753,-5.569140002357603,25.679524999017666,-17.40356250736751,407,416,375,435,25.679524999017666,NEUTRAL,program,sensor_drive.py,function,750df67d0c33d1501e8060e5a3b5ce81e437358a154f973070c11cf1d50adae5,左壁追従（超音波のみ）,,136.3388345097353,65.37065656934763,44.90191610915124,217.34275883525126,239.48869953538681
54.5,845.3521923234644,563.4986620254442,97.93852839584179,20.606510868305662,-5.630690350554579,25.653879020602258,-17.59590734548306,407,416,375,435,25.653879020602258,NEUTRAL,program,sensor_drive.py,function,750df67d0c33d1501e8060e5a3b5ce81e437358a154f973070c11cf1d50adae5,左壁追従（超音波のみ）,,136.02798580695244,65.4441354697773,45.1391334051489,216.86050852345028,239.05856280328968
54.55,846.3716161746057,563.3540831622745,98.20564836443918,20.583350402342422,-5.688779445846158,25.629675230897433,-17.777435768269243,407,416,375,435,25.629675230897433,NEUTRAL,program,sensor_drive.py,function,750df67d0c33d1501e8060e5a3b5ce81e437358a154f973070c11cf1d50adae5,左壁追従（超音波のみ）,,135.73077749539152,65.53138271858603,45.38507020046258,216.3901957876745,238.62723685598846
54.6,847.3892395764944,563.2048959625596,98.4750540150248,20.56130907982723,-5.743362809641347,25.60693216264944,-17.94800878012921,407,416,375,435,25.60693216264944,NEUTRAL,program,sensor_drive.py,function,750df67d0c33d1501e8060e5a3b5ce81e437358a154f973070c11cf1d50adae5,左壁追従（超音波のみ）,,135.44699442399227,65.63245916341364,45.63987192198411,215.9314742435837,238.19499805741808
54.65,848.4050915837535,563.0510665445553,98.74658761693581,20.540401373123743,-5.7943960870325055,25.585668297069788,-18.10748777197658,406,415,375,435,25.585668297069788,NEUTRAL,program,sensor_drive.py,function,750df67d0c33d1501e8060e5a3b5ce81e437358a154f973070c11cf1d50adae5,左壁追従（超音波のみ）,,135.1764121188345,65.74742252778539,45.90368155196065,215.48398382121297,237.76211132062696
54.7,849.4192018376222,562.8925632268259,99.0200903864826,20.520641802692822,-5.841835220658757,25.565901991392185,-18.255735064558614,406,415,375,435,25.565901991392185,NEUTRAL,program,sensor_drive.py,function,750df67d0c33d1501e8060e5a3b5ce81e437358a154f973070c11cf1d50adae5,左壁追従（超音波のみ）,,134.9187959027649,65.87632685669364,46.176639408296545,215.0473498477482,237.32882987785985
54.75,850.4316006092819,562.7293565075203,99.29540247231739,20.502044889979672,-5.885636636033883,25.547651401652548,-18.392614487605886,406,415,375,435,25.547651401652548,NEUTRAL,program,sensor_drive.py,function,750df67d0c33d1501e8060e5a3b5ce81e437358a154f973070c11cf1d50adae5,左壁追従（超音波のみ）,,134.67390000912783,66.01922193784054,46.45888290849305,214.6211821432994,236.89539506943942
54.8,851.4423188416406,562.5614190448364,99.57236294740915,20.48462510612788,-5.925757438437472,25.530934400651052,-18.5179919951171,406,415,375,435,25.530934400651052,NEUTRAL,program,sensor_drive.py,function,750df67d0c33d1501e8060e5a3b5ce81e437358a154f973070c11cf1d50adae5,左壁追従（超音波のみ）,,134.44146669090568,66.17615269785306,46.75054631682694,214.2050741324668,236.46203615128357
54.85,852.4513881893259,562.3887256386996,99.85080980802934,20.46839681658904,-5.962155621410079,25.515768491079132,-18.631736316906498,406,415,375,435,25.515768491079132,NEUTRAL,program,sensor_drive.py,function,750df67d0c33d1501e8060e5a3b5ce81e437358a154f973070c11cf1d50adae5,左壁追従（超音波のみ）,,134.22122532693828,66.3471585729383,47.05176047444931,213.79860197488898,236.02897012098398
54.9,853.4588410566397,562.2112532136778,100.13057998016518,20.453374221684516,-5.994790286809958,25.502170713829184,-18.73371964628112,406,415,375,435,25.502170713829184,NEUTRAL,program,sensor_drive.py,function,750df67d0c33d1501e8060e5a3b5ce81e437358a154f973070c11cf1d50adae5,左壁追従（超音波のみ）,,134.01289152729288,66.53227285363903,47.36265251215079,213.40132371841852,235.5964015624638
54.95,854.4647106332319,562.0289808031673,100.41150933378583,20.439571293172328,-6.0236218763077565,25.490157551538434,-18.82381836346174,406,415,375,435,25.490157551538434,NEUTRAL,program,sensor_drive.py,function,750df67d0c33d1501e8060e5a3b5ce81e437358a154f973070c11cf1d50adae5,左壁追従（超音波のみ）,,133.81616624027203,66.73152200356347,47.683345545641224,213.01277847901,235.16452250932426
55.0,855.469030927247,561.8418895348788,100.69343270539548,20.427001706876265,-6.048612414104889,25.479744827456297,-18.901913794077778,406,415,375,435,25.479744827456297,NEUTRAL,program,sensor_drive.py,function,750df67d0c33d1501e8060e5a3b5ce81e437358a154f973070c11cf1d50adae5,左壁追従（超音波のみ）,,133.63073486399088,66.94492495218822,48.01395835328466,212.63248565186578,234.73351232708285
55.05,856.47287510082,561.6499532557422,100.95533114563733,20.449501015728522,-5.619484150010096,25.658548270829126,-17.56088796878155,407,416,375,435,25.658548270829126,NEUTRAL,program,sensor_drive.py,function,750df67d0c33d1501e8060e5a3b5ce81e437358a154f973070c11cf1d50adae5,左壁追従（超音波のみ）,,133.4562663659428,67.17249236212429,47.23245037109498,212.25994415886268,234.30353761459614
55.1,857.4773333338685,561.4532342956359,101.20644683454611,20.484799720009157,-5.3816007113778115,25.757666370259244,-16.817502223055662,407,417,375,435,25.757666370259244,NEUTRAL,program,sensor_drive.py,function,750df67d0c33d1501e8060e5a3b5ce81e437358a154f973070c11cf1d50adae5,左壁追従（超音波のみ）,,133.227710608095,67.37626940600698,46.88988297329149,211.82218777483578,233.891540300403
55.15,858.4822811850725,561.2518142472,101.46061258445758,20.50781573186127,-5.439211761886795,25.733661765880502,-16.997536755896235,407,417,375,435,25.733661765880502,NEUTRAL,program,sensor_drive.py,function,750df67d0c33d1501e8060e5a3b5ce81e437358a154f973070c11cf1d50adae5,左壁追従（超音波のみ）,,132.97065093555673,67.57126629858925,47.27778513328903,211.34793054349768,233.48898903906573
55.2,859.4867264981642,561.0457483471429,101.72656667338617,20.50699407027322,-5.687490760917097,25.63021218295121,-17.773408627865926,407,416,375,435,25.63021218295121,NEUTRAL,program,sensor_drive.py,function,750df67d0c33d1501e8060e5a3b5ce81e437358a154f973070c11cf1d50adae5,左壁追従（超音波のみ）,,132.72715685672256,67.78230454179462,48.169953493113844,210.8842961390581,233.08468924323748
55.25,860.4905888777828,560.8350189114287,101.98406315825895,20.520010568771582,-5.505742201713513,25.705940749286036,-17.205444380354727,407,416,375,435,25.705940749286036,NEUTRAL,program,sensor_drive.py,function,750df67d0c33d1501e8060e5a3b5ce81e437358a154f973070c11cf1d50adae5,左壁追従（超音波のみ）,,132.5258120834787,68.02643654951108,48.01817205699644,210.46319109986075,232.67237155392763
55.3,861.4944501471609,560.6196487900605,102.2334974731358,20.54334068951819,-5.329397798974316,25.7794175837607,-16.65436812179474,407,417,375,435,25.7794175837607,NEUTRAL,program,sensor_drive.py,function,750df67d0c33d1501e8060e5a3b5ce81e437358a154f973070c11cf1d50adae5,左壁追従（超音波のみ）,,132.30418625476887,68.26669454469587,47.87156864135896,210.0146381506258,232.26736146779376
55.35,862.498742863108,560.399679390864,102.47520484977207,20.574270839018563,-5.1582358776367085,25.850735050984703,-16.119487117614714,407,418,375,435,25.850735050984703,NEUTRAL,program,sensor_drive.py,function,750df67d0c33d1501e8060e5a3b5ce81e437358a154f973070c11cf1d50adae5,左壁追従（超音波のみ）,,132.06224493167102,68.50310864030196,47.72985320046619,209.53859210459038,231.86885005021546
55.4,863.5037850379804,560.1751669209988,102.70947547044256,20.610712872196313,-4.992071250790631,25.91997031217057,-15.600222658720721,407,418,375,435,25.91997031217057,NEUTRAL,program,sensor_drive.py,function,750df67d0c33d1501e8060e5a3b5ce81e437358a154f973070c11cf1d50adae5,左壁追従（超音波のみ）,,131.7999714622595,68.73567667668817,47.59277607743418,209.03505028417715,231.476141299089
55.45,864.5098068769114,559.9461792595004,102.93656572095404,20.65106112929695,-4.830745510562899,25.98718937059879,-15.09607972050906,407,419,375,435,25.98718937059879,NEUTRAL,program,sensor_drive.py,function,750df67d0c33d1501e8060e5a3b5ce81e437358a154f973070c11cf1d50adae5,左壁追従（超音波のみ）,,131.51737155115995,68.96437443537725,47.460118635094666,208.50405361685407,231.08862919240673
55.5,865.5169713670637,559.712793372744,103.15670654011984,20.694082232376815,-4.674119821910756,26.05245007420385,-14.606624443471112,407,419,375,435,26.05245007420385,NEUTRAL,program,sensor_drive.py,function,750df67d0c33d1501e8060e5a3b5ce81e437358a154f973070c11cf1d50adae5,左壁追従（超音波のみ）,,131.21447594054519,69.1891634266454,47.33168628809452,207.9456862635043,230.70578038386677
55.55,866.5253901324097,559.4750931899719,103.37010960619114,20.738830117966554,-4.522069589278247,26.115804337800732,-14.13146746649452,407,420,375,435,26.115804337800732,NEUTRAL,program,sensor_drive.py,function,750df67d0c33d1501e8060e5a3b5ce81e437358a154f973070c11cf1d50adae5,左壁追従（超音波のみ）,,130.89134174572632,69.40999680055306,47.20730331031058,207.36007428658556,230.32712107100593
55.6,867.5351356420196,559.2331678643508,103.57697191155376,20.784580513403203,-4.3744805245495,26.177299781437707,-13.670251639217188,407,420,375,435,26.177299781437707,NEUTRAL,program,sensor_drive.py,function,750df67d0c33d1501e8060e5a3b5ce81e437358a154f973070c11cf1d50adae5,左壁追従（超音波のみ）,,130.54805283753635,69.62682380680108,47.08680895665454,206.7473837092865,229.95222695542017
55.65,868.5462506094203,558.9871103544174,103.77747913667332,20.830780396271905,-4.231245762944211,26.23698093210658,-13.22264300920066,407,421,375,435,26.23698093210658,NEUTRAL,program,sensor_drive.py,function,750df67d0c33d1501e8060e5a3b5ce81e437358a154f973070c11cf1d50adae5,左壁追従（超音波のみ）,,130.18471955484574,69.83959313256224,46.970054559130105,206.10781820765814,229.58071550148236
55.7,869.5587552279078,558.7370162700753,103.97180812993963,20.877009001539882,-4.09226376184832,26.294890099229868,-12.788324255776,407,421,375,435,26.294890099229868,NEUTRAL,program,sensor_drive.py,function,750df67d0c33d1501e8060e5a3b5ce81e437358a154f973070c11cf1d50adae5,左壁追従（超音波のみ）,,129.80147795190234,70.04825537298547,46.85690134571468,205.441616601286,229.2122399091324
55.75,870.5726527384218,558.4829829359782,104.16012872236217,20.922947730110224,-3.957436783740493,26.351068006774796,-12.36698994918904,407,422,375,435,26.351068006774796,NEUTRAL,program,sensor_drive.py,function,750df67d0c33d1501e8060e5a3b5ce81e437358a154f973070c11cf1d50adae5,左壁追従（超音波のみ）,,129.39848872829901,70.2527648314553,46.747218795972145,204.7490502546788,228.84648436934893
55.8,871.5879337124652,558.2251086328756,104.34260504812028,20.96835692009857,-3.826669813983559,26.405554244173516,-11.958343168698622,408,422,375,435,26.405554244173516,NEUTRAL,program,sensor_drive.py,function,750df67d0c33d1501e8060e5a3b5ce81e437358a154f973070c11cf1d50adae5,左壁追従（超音波のみ）,,128.9759359481859,70.45308080214136,46.6408833955118,203.82136415458024,228.48316028322918
55.85,872.6045793446932,557.9634919842437,104.51939649871383,21.013057909990852,-3.6998698014914795,26.458387582711882,-11.562093129660873,408,422,375,435,26.458387582711882,NEUTRAL,program,sensor_drive.py,function,750df67d0c33d1501e8060e5a3b5ce81e437358a154f973070c11cf1d50adae5,左壁追従（超音波のみ）,,128.53402562556568,70.64916845292386,46.53777768704894,202.8539532536037,228.12200320821458
55.9,873.6225639821606,557.6982314612899,104.69065840613985,21.056919183157984,-3.57694513824425,26.50960619239823,-11.177953557013282,408,423,375,435,26.50960619239823,NEUTRAL,program,sensor_drive.py,function,750df67d0c33d1501e8060e5a3b5ce81e437358a154f973070c11cf1d50adae5,左壁追従（超音波のみ）,,128.07298423099627,70.84099940017144,46.43778954219263,201.90386674102078,227.76277035590203
55.95,874.6418570651255,557.429424984285,104.85654252636033,21.09984566074137,-3.4578053146420724,26.559247785565802,-10.805641608256476,408,423,375,435,26.559247785565802,NEUTRAL,program,sensor_drive.py,function,750df67d0c33d1501e8060e5a3b5ce81e437358a154f973070c11cf1d50adae5,左壁追従（超音波のみ）,,127.59305715948972,71.0285520462799,46.34081159763384,200.96540039202765,227.40523851086078
56.0,875.6624246142036,557.1571696022339,105.01719737625973,21.141770423728158,-3.3423607034817127,26.60734970688262,-10.444877198380352,408,424,375,435,26.60734970688262,NEUTRAL,program,sensor_drive.py,function,750df67d0c33d1501e8060e5a3b5ce81e437358a154f973070c11cf1d50adae5,左壁追従（超音波のみ）,,127.09450718822653,71.2118117350057,46.24674081390085,200.03431320775022,227.0492022731362
56.05,876.6842303677638,556.8815612362572,105.17276846377126,21.182648309765465,-3.230522437212072,26.65394898449497,-10.095382616287726,408,424,375,435,26.65394898449497,NEUTRAL,program,sensor_drive.py,function,750df67d0c33d1501e8060e5a3b5ce81e437358a154f973070c11cf1d50adae5,左壁追従（超音波のみ）,,126.57761294465553,71.39077076735161,46.155478125594506,199.10745969793425,226.6944725517698
56.1,877.7072366496611,556.6026944748162,105.32339844073948,21.222450957198454,-3.1222023520516693,26.699082353311805,-9.756882350161467,408,424,375,435,26.699082353311805,NEUTRAL,program,sensor_drive.py,function,750df67d0c33d1501e8060e5a3b5ce81e437358a154f973070c11cf1d50adae5,左壁追従（超音波のみ）,,126.04266739977416,71.56542831129354,46.06692816001265,198.1825732602915,226.34087525494283
56.15,878.7314050290626,556.3206624111743,105.46922720051691,21.261162966642868,-3.017312979259608,26.74278625864183,-9.429103060186275,408,425,375,435,26.74278625864183,NEUTRAL,program,sensor_drive.py,function,750df67d0c33d1501e8060e5a3b5ce81e437358a154f973070c11cf1d50adae5,左壁追従（超音波のみ）,,125.48997639722913,71.73579023130121,45.98099900699005,197.2581293115296,225.98825013592142
56.2,879.7566968199953,556.0355565153247,105.61039193662884,21.298778925803298,-2.9157675688927625,26.78509684629468,-9.111773652789882,408,425,375,435,26.78509684629468,NEUTRAL,program,sensor_drive.py,function,750df67d0c33d1501e8060e5a3b5ce81e437358a154f973070c11cf1d50adae5,左壁追従（超音波のみ）,,124.91985722589015,71.90186885795248,45.89760202720126,196.33325073082705,225.63644976407747
56.25,880.7830734573535,555.7474665341047,105.7470271746036,21.335301101372327,-2.8174801351733185,26.826049943677784,-8.80462542241662,408,425,375,435,26.826049943677784,NEUTRAL,program,sensor_drive.py,function,750df67d0c33d1501e8060e5a3b5ce81e437358a154f973070c11cf1d50adae5,左壁追従（超音波のみ）,,124.3326372413788,72.0636827135361,45.81665168943762,195.40763529712822,225.2853385977677
56.3,881.8104967777069,555.4564804144231,105.87926478589281,21.37073764665681,-2.7223655154326174,26.86568103523641,-8.507392235726929,408,426,375,435,26.86568103523641,NEUTRAL,program,sensor_drive.py,function,750df67d0c33d1501e8060e5a3b5ce81e437358a154f973070c11cf1d50adae5,左壁追従（超音波のみ）,,123.72865254046918,72.22125620614617,45.73806542981172,194.48149463832416,224.93479214144904
56.35,882.838929226784,555.1626842455003,106.00723399043562,21.405101208129736,-2.630339436736476,26.904025234693137,-8.219810739801488,408,426,375,435,26.904025234693137,NEUTRAL,program,sensor_drive.py,function,750df67d0c33d1501e8060e5a3b5ce81e437358a154f973070c11cf1d50adae5,左壁追従（超音波のみ）,,123.10824669109944,72.37461930211488,45.66176352765092,193.55550047475379,224.58469617358034
56.4,883.867567679797,554.8662262222791,106.14718366525068,21.41343962517844,-2.873695393830604,26.802626919237248,-8.980298105720637,408,425,375,435,26.802626919237248,NEUTRAL,program,sensor_drive.py,function,750df67d0c33d1501e8060e5a3b5ce81e437358a154f973070c11cf1d50adae5,左壁追従（超音波のみ）,,122.47176951986609,71.74707680342648,45.587668994187815,192.63073813916688,224.23494603497917
56.45,884.8950636225717,554.5672212116887,106.30318761455749,21.39509681295647,-3.2038605836299574,26.665058090154183,-10.012064323843617,408,424,375,435,26.665058090154183,NEUTRAL,program,sensor_drive.py,function,750df67d0c33d1501e8060e5a3b5ce81e437358a154f973070c11cf1d50adae5,左壁追従（超音波のみ）,,121.8751298529945,70.93221275407751,45.5173873278253,191.70205523400205,223.87917380580575
56.5,885.9204957269512,554.265687734858,106.46928972992424,21.365040565395194,-3.414818235048044,26.577159068729983,-10.671306984525138,408,423,375,435,26.577159068729983,NEUTRAL,program,sensor_drive.py,function,750df67d0c33d1501e8060e5a3b5ce81e437358a154f973070c11cf1d50adae5,左壁追従（超音波のみ）,,121.3339403734906,70.40160744982312,45.451751500893764,190.7678478892576,223.51632788381733
56.55,886.9439284324094,553.9615429770973,106.63260847865399,21.345768968704007,-3.3614217389409533,26.5994076087746,-10.504442934190479,408,423,375,435,26.5994076087746,NEUTRAL,program,sensor_drive.py,function,750df67d0c33d1501e8060e5a3b5ce81e437358a154f973070c11cf1d50adae5,左壁追従（超音波のみ）,,120.82946890474949,70.47170106171951,45.39062687279882,189.83242562454114,223.14918381355653
56.6,887.9662220270915,553.6546718949544,106.78469866472062,21.34809690043125,-3.1317036739858657,26.695123469172557,-9.78657398120583,408,424,375,435,26.695123469172557,NEUTRAL,program,sensor_drive.py,function,750df67d0c33d1501e8060e5a3b5ce81e437358a154f973070c11cf1d50adae5,左壁追従（超音波のみ）,,120.31804455461831,70.94557307558607,45.33289711719519,188.90023538561996,222.78260628077388
56.65,888.9872731988659,553.3451103704944,106.94773038023948,21.332915940522323,-3.357798189728771,26.600917420946345,-10.49311934290241,408,423,375,435,26.600917420946345,NEUTRAL,program,sensor_drive.py,function,750df67d0c33d1501e8060e5a3b5ce81e437358a154f973070c11cf1d50adae5,左壁追従（超音波のみ）,,119.76970662681794,70.38703107190416,45.27751011994126,187.9708510512686,222.4192725215462
56.7,890.0062928150875,553.0328908209631,107.12156980896486,21.304182866825997,-3.5837467659816538,26.50677218084098,-11.199208643692668,408,423,375,435,26.50677218084098,NEUTRAL,program,sensor_drive.py,function,750df67d0c33d1501e8060e5a3b5ce81e437358a154f973070c11cf1d50adae5,左壁追従（超音波のみ）,,119.26021304933239,69.83873158970101,45.22665820036187,187.04073885736503,222.05144829148858
56.75,891.0226566180302,552.7180049043666,107.30608061785574,21.264976971945245,-3.809360150057297,26.412766604142792,-11.904250468929053,408,422,375,435,26.412766604142792,NEUTRAL,program,sensor_drive.py,function,750df67d0c33d1501e8060e5a3b5ce81e437358a154f973070c11cf1d50adae5,左壁追従（超音波のみ）,,118.79042603719519,69.3012520234648,45.18067437764129,186.11264871243617,221.6796023196813
56.8,892.0358685378296,552.4004135583427,107.50112574913953,21.217695264748365,-4.034483023097563,26.318965407042683,-12.607759447179884,407,421,375,435,26.318965407042683,NEUTRAL,program,sensor_drive.py,function,750df67d0c33d1501e8060e5a3b5ce81e437358a154f973070c11cf1d50adae5,左壁追従（超音波のみ）,,118.36111020919822,68.77506783811589,45.13987903745712,185.1907100311457,221.30417764225518
56.85,893.0455321520418,552.0800547762904,107.70656850880368,21.16420429366195,-4.258985846245272,26.22542256406447,-13.309330769516475,407,421,375,435,26.22542256406447,NEUTRAL,program,sensor_drive.py,function,750df67d0c33d1501e8060e5a3b5ce81e437358a154f973070c11cf1d50adae5,左壁追従（超音波のみ）,,117.97297726722442,68.26057799451863,45.10458360050257,184.2804403378944,220.9255998166419
56.9,894.0513284853849,551.7568496338279,107.92227316305292,21.105958234042635,-4.4827584832435186,26.1321839653152,-14.008620260135995,407,420,375,435,26.1321839653152,NEUTRAL,program,sensor_drive.py,function,750df67d0c33d1501e8060e5a3b5ce81e437358a154f973070c11cf1d50adae5,左壁追従（超音波のみ）,,117.6267202849373,67.75812447649965,45.07509341619137,183.3888791217291,220.54428319873702
56.95,895.052998743893,551.4307069613538,108.14810519765479,21.044090738648134,-4.705705203860781,26.03928949839134,-14.705328762064939,407,419,375,435,26.03928949839134,NEUTRAL,program,sensor_drive.py,function,750df67d0c33d1501e8060e5a3b5ce81e437358a154f973070c11cf1d50adae5,左壁追従（超音波のみ）,,117.3230402310767,67.26800727773383,45.051710051013124,182.52499090748606,220.16063569837976
57.0,896.0503308895443,551.1015269681152,108.38393135203205,20.97948638337612,-4.927740760209063,25.946774683246225,-15.39918987565332,407,418,375,435,25.946774683246225,NEUTRAL,program,sensor_drive.py,function,750df67d0c33d1501e8060e5a3b5ce81e437358a154f973070c11cf1d50adae5,左壁追従（超音波のみ）,,117.06266673006593,66.79049589706717,45.03473310557634,181.70061769444334,219.77506233709082
57.05,897.0431492041347,550.7692040535875,108.62961950768664,20.91283624410385,-5.148787296264349,25.854671959889856,-16.08996030082609,407,418,375,435,25.854671959889856,NEUTRAL,program,sensor_drive.py,function,750df67d0c33d1501e8060e5a3b5ce81e437358a154f973070c11cf1d50adae5,左壁追従（超音波のみ）,,116.84637458679994,66.32583815094814,45.02446166616751,180.93267519012383,219.3879678617068
57.1,898.0313061800491,550.4336289883397,108.88503848666079,20.84468113227853,-5.368771904019753,25.763011706658435,-16.77741220006173,407,417,375,435,25.763011706658435,NEUTRAL,program,sensor_drive.py,function,750df67d0c33d1501e8060e5a3b5ce81e437358a154f973070c11cf1d50adae5,左壁追従（超音波のみ）,,116.6749972404285,65.87426692613147,45.02119547420804,180.24878940866785,218.99975861318006
57.15,899.0146762225874,550.0946906052092,109.15005779829175,20.775445232824094,-5.5876246810480374,25.67182304956332,-17.461327128275116,407,416,375,435,25.67182304956332,NEUTRAL,program,sensor_drive.py,function,750df67d0c33d1501e8060e5a3b5ce81e437358a154f973070c11cf1d50adae5,左壁追従（超音波のみ）,,116.54943803760773,65.4360053525548,45.02523587917277,179.70612231548367,218.61084380751785
57.2,899.9931507629017,549.7522771097246,109.42454735991146,20.705462278130472,-5.805277176428515,25.581134509821453,-18.14149117633911,406,415,375,435,25.581134509821453,NEUTRAL,program,sensor_drive.py,function,750df67d0c33d1501e8060e5a3b5ce81e437358a154f973070c11cf1d50adae5,左壁追従（超音波のみ）,,116.47068000871062,65.01127076575102,45.03688662641013,179.3775490708874,218.22163635277917
57.25,900.9666344696138,549.4062770941047,109.70837720815905,20.634995917633777,-6.021661137054236,25.4909745262274,-18.81769105329449,406,415,375,435,25.4909745262274,NEUTRAL,program,sensor_drive.py,function,750df67d0c33d1501e8060e5a3b5ce81e437358a154f973070c11cf1d50adae5,左壁追従（超音波のみ）,,116.43979467500195,64.60027774289676,45.05645452013254,178.47623694312165,217.83255330007458
57.3,901.9350423164586,549.0565803201407,110.00141721125175,20.564255573653316,-6.236707485826798,25.4013718809055,-19.489710893208745,406,414,375,435,25.4013718809055,NEUTRAL,program,sensor_drive.py,function,750df67d0c33d1501e8060e5a3b5ce81e437358a154f973070c11cf1d50adae5,左壁追従（超音波のみ）,,116.45795029876273,64.203240430908,45.08424999301021,177.58017828891474,217.44401600604982
57.35,902.8982973171844,548.7030783215788,110.30353678818761,20.493408787289823,-6.450345478439558,25.312356050650184,-20.15732962012362,406,413,375,435,25.312356050650184,NEUTRAL,program,sensor_drive.py,function,750df67d0c33d1501e8060e5a3b5ce81e437358a154f973070c11cf1d50adae5,左壁追従（超音波のみ）,,116.52641990240785,63.820374334358405,45.120587606852375,176.6897356315552,217.0564500681231
57.4,903.8563287808832,548.3456648652408,110.61460463788637,20.42259083508742,-6.662501997267438,25.223957501138567,-20.820318741460746,406,413,375,435,25.223957501138567,NEUTRAL,program,sensor_drive.py,function,750df67d0c33d1501e8060e5a3b5ce81e437358a154f973070c11cf1d50adae5,左壁追従（超音波のみ）,,116.646589319828,63.45189769200108,45.16578650336652,175.8052660301684,216.67028508088575
57.45,904.8090709735378,547.9842363013188,110.93448847931103,20.35191222364619,-6.87310095009594,25.136207937460025,-21.47844046904981,406,412,375,435,25.136207937460025,NEUTRAL,program,sensor_drive.py,function,750df67d0c33d1501e8060e5a3b5ce81e437358a154f973070c11cf1d50adae5,左壁追従（超音波のみ）,,116.81996549809335,63.098032540630065,45.220170819680526,174.92712188988048,216.28595425182735
57.5,905.7564620969506,547.6186918264466,111.2630548023601,20.281464534421342,-7.082062748594292,25.049140521419044,-22.131446089357162,406,411,375,435,25.049140521419044,NEUTRAL,program,sensor_drive.py,function,750df67d0c33d1501e8060e5a3b5ce81e437358a154f973070c11cf1d50adae5,左壁追従（超音波のみ）,,116.57328302749436,62.75900554187583,45.28407007990963,174.05565143350623,215.90389390636747
57.55,906.698443515963,547.2489336778602,111.60016862855542,20.211324985986497,-7.289303847032167,24.9627900637366,-22.779074521975524,406,411,375,435,24.9627900637366,NEUTRAL,program,sensor_drive.py,function,750df67d0c33d1501e8060e5a3b5ce81e437358a154f973070c11cf1d50adae5,左壁追従（超音波のみ）,,115.64885886019826,62.43504862970039,45.357819571386834,173.19119891024712,215.52454290562318
57.6,907.6349591802222,546.8748672728406,111.94569328013057,20.1415599994054,-7.494736326106264,24.877193197455725,-23.421051019082075,406,410,375,435,24.877193197455725,NEUTRAL,program,sensor_drive.py,function,750df67d0c33d1501e8060e5a3b5ce81e437358a154f973070c11cf1d50adae5,左壁追従（超音波のみ）,,115.00682759239048,62.12639952259831,45.44176071206244,172.33410459982107,215.14834199508167
57.65,908.5659551986928,546.4964013044379,112.29949015592183,20.0722279888649,-7.6982675101457865,24.792388537439255,-24.057085969205584,405,409,375,435,24.792388537439255,NEUTRAL,program,sensor_drive.py,function,750df67d0c33d1501e8060e5a3b5ce81e437358a154f973070c11cf1d50adae5,左壁追従（超音波のみ）,,114.93310681063582,61.83330213391027,45.53624141391321,171.48470465709025,214.7757330981112
57.7,909.491379534401,546.1134478019893,112.66141851241247,20.00338155033794,-7.8997996086354405,24.708416829735235,-24.686873776985752,405,409,375,435,24.708416829735235,NEUTRAL,program,sensor_drive.py,function,750df67d0c33d1501e8060e5a3b5ce81e437358a154f973070c11cf1d50adae5,左壁追従（超音波のみ）,,115.22302155292314,61.556006905452044,45.641616445878604,170.6433308317732,214.4071585648179
57.75,910.4111817941083,545.7259221630037,113.03133524831827,19.935069182634145,-8.09922937508195,24.625321093715854,-25.310091797131097,405,408,375,435,24.625321093715854,NEUTRAL,program,sensor_drive.py,function,750df67d0c33d1501e8060e5a3b5ce81e437358a154f973070c11cf1d50adae5,左壁追従（超音波のみ）,,114.56102444161336,61.294771083311225,45.75824779877191,169.81031008961327,214.04306038398892
57.8,911.3253130932353,545.333743161477,113.40909469119327,19.867336645317067,-8.296447777891341,24.54314675921194,-25.926399305910444,405,407,375,435,24.54314675921194,NEUTRAL,program,sensor_drive.py,function,750df67d0c33d1501e8060e5a3b5ce81e437358a154f973070c11cf1d50adae5,左壁追従（超音波のみ）,,113.91445765954185,61.04985894973569,45.88650505374968,168.98596415490687,213.6838793635918
57.85,912.2337259807064,544.9368329365283,113.79454838465153,19.800228034724597,-8.49133967922798,24.461941800321675,-26.535436497587437,405,407,375,435,24.461941800321675,NEUTRAL,program,sensor_drive.py,function,750df67d0c33d1501e8060e5a3b5ce81e437358a154f973070c11cf1d50adae5,左壁追従（超音波のみ）,,113.28349987309868,60.82154202118099,46.026765755210384,168.17060898921426,213.3300542834588
57.9,913.1363744117831,544.5351169643271,114.1875448749301,19.733786641246823,-8.683783518852824,24.381756867144656,-27.136823496415076,405,406,375,435,24.381756867144656,NEUTRAL,program,sensor_drive.py,function,750df67d0c33d1501e8060e5a3b5ce81e437358a154f973070c11cf1d50adae5,左壁追従（超音波のみ）,,112.66832965343526,60.61009921955916,46.179415788373255,167.36455421706182,212.98202102225395
57.95,914.0332137595838,544.1285240155644,114.58792949564315,19.668055636946242,-8.87365100077201,24.302645416344994,-27.730159377412534,405,405,375,435,24.302645416344994,NEUTRAL,program,sensor_drive.py,function,750df67d0c33d1501e8060e5a3b5ce81e437358a154f973070c11cf1d50adae5,左壁追従（超音波のみ）,,112.06912511538484,60.41581702133061,46.344849761266694,166.5681025062758,212.64021165956788
58.0,914.924200858026,543.716986100166,114.99554414970072,19.603078631655553,-9.060806781202592,24.224663841165587,-28.3150211912581,405,405,375,435,24.224663841165587,NEUTRAL,program,sensor_drive.py,function,750df67d0c33d1501e8060e5a3b5ce81e437358a154f973070c11cf1d50adae5,左壁追従（超音波のみ）,,111.48606350654623,60.23898958714013,46.52347139036406,165.78154890805894,212.30505355291336
58.05,915.8092940705226,543.300438400507,115.41022708747045,19.538900127164386,-9.24510815691859,24.14787160128392,-28.890962990370593,405,404,375,435,24.14787160128392,NEUTRAL,program,sensor_drive.py,function,750df67d0c33d1501e8060e5a3b5ce81e437358a154f973070c11cf1d50adae5,左壁追従（超音波のみ）,,110.91932074926216,60.07991887312325,46.7156938886549,165.0051801599285,211.9769683885195
58.1,916.6884533799831,542.878819194055,115.8318126803631,19.47556589246743,-9.426404753521247,24.07233135269948,-29.4575148547539,405,404,375,435,24.07233135269948,NEUTRAL,program,sensor_drive.py,function,750df67d0c33d1501e8060e5a3b5ce81e437358a154f973070c11cf1d50adae5,左壁追従（超音波のみ）,,110.36907093635122,59.938914723673506,46.92194035449816,164.23927395301084,211.65637120404276
58.15,917.5616404966273,542.4520697661023,116.26013118910316,19.41312327787293,-9.604538213585409,23.998109077672744,-30.014181917454405,404,403,375,435,23.998109077672744,NEUTRAL,program,sensor_drive.py,function,750df67d0c33d1501e8060e5a3b5ce81e437358a154f973070c11cf1d50adae5,左壁追従（超音波のみ）,,109.83548577994553,59.81629494431763,47.14264415914533,163.4840981639055,211.343669380673
58.2,918.4288189808552,542.0201343130493,116.69500852602198,19.351621481734387,-9.779341885013617,23.92527421457766,-30.56044339066755,404,402,375,435,23.92527421457766,NEUTRAL,program,sensor_drive.py,function,750df67d0c33d1501e8060e5a3b5ce81e437358a154f973070c11cf1d50adae5,左壁追従（超音波のみ）,,109.31873401150013,59.712385352327715,47.378249330370586,162.73991005026772,211.0392616015235
58.25,919.2899543789845,541.582959836552,117.13626601077192,19.291111780415665,-9.950640510278014,23.85389978738416,-31.09575159461879,404,402,375,435,23.85389978738416,NEUTRAL,program,sensor_drive.py,function,750df67d0c33d1501e8060e5a3b5ce81e437358a154f973070c11cf1d50adae5,左壁追従（超音波のみ）,,108.81898072996322,59.627519801750026,47.62921092913815,162.00695540840226,210.74353677269195
58.3,920.1450143701015,541.1404960287306,117.58372011891515,19.231647729631984,-10.11824991756862,23.784062534346408,-31.61953099240194,404,401,375,435,23.784062534346408,NEUTRAL,program,sensor_drive.py,function,750df67d0c33d1501e8060e5a3b5ce81e437358a154f973070c11cf1d50adae5,左壁追従（超音波のみ）,,108.3363866941466,59.56204017863564,47.895995415706075,161.28546769044584,210.45687290292457
58.35,920.9939689226139,540.6926951485531,118.03718222288512,19.173285343372154,-10.281976715209561,23.71584303532935,-32.13117723502988,404,401,375,435,23.71584303532935,NEUTRAL,program,sensor_drive.py,function,750df67d0c33d1501e8060e5a3b5ce81e437358a154f973070c11cf1d50adae5,左壁追従（超音波のみ）,,107.87110755449201,59.51629636136144,48.17908100097596,160.57566707812816,210.17963593740524
58.4,921.8367904593407,540.2395118894573,118.49645832486152,19.11608325508007,-10.441617991056487,23.6493258370598,-32.63005622205152,404,400,375,435,23.6493258370598,NEUTRAL,program,sensor_drive.py,function,750df67d0c33d1501e8060e5a3b5ce81e437358a154f973070c11cf1d50adae5,左壁追従（超音波のみ）,,107.42329301864783,59.49064614003268,48.478957978257135,159.87775950959292,209.91217854081674
58.45,922.6734540301801,539.7809032382384,118.96134878113475,19.06010286456269,-10.59696101896121,23.58459957543283,-33.11550318425378,404,400,375,435,23.58459957543283,NEUTRAL,program,sensor_drive.py,function,750df67d0c33d1501e8060e5a3b5ce81e437358a154f973070c11cf1d50adae5,左壁追従（超音波のみ）,,106.99308594455043,59.485455088013175,48.79612902988883,159.1919356553478,209.6548388244809
58.5,923.5039374915327,539.3168283252139,119.43164801757308,19.005408473123374,-10.74778297479182,23.52175709383674,-33.586821796224434,404,399,375,435,23.52175709383674,NEUTRAL,program,sensor_drive.py,function,750df67d0c33d1501e8060e5a3b5ce81e437358a154f973070c11cf1d50adae5,左壁追従（超音波のみ）,,106.58062135400336,59.50109637763928,49.13110950237029,158.51836983905505,209.4079390120863
58.55,924.3282216917712,538.8472482656823,119.90714423583961,18.9520674086366,-10.893850664932705,23.46089555627804,-34.0432833279147,404,399,375,435,23.46089555627804,NEUTRAL,program,sensor_drive.py,function,750df67d0c33d1501e8060e5a3b5ce81e437358a154f973070c11cf1d50adae5,左壁追従（超音波のみ）,,106.18602535908236,59.53795053111574,49.48442764276156,157.85721889857425,209.17178403822047
58.6,925.1462906621272,538.3721259927062,120.3876191100461,18.900150141637404,-11.034920270673245,23.40211655388615,-34.48412584585389,404,398,375,435,23.40211655388615,NEUTRAL,program,sensor_drive.py,function,750df67d0c33d1501e8060e5a3b5ce81e437358a154f973070c11cf1d50adae5,左壁追従（超音波のみ）,,105.80941399303185,59.59640509644531,49.85662478813248,157.20862098242623,208.9466600736938
58.65,925.9581318124191,537.8914260812824,120.8728474735725,18.849730392960918,-11.170737112423303,23.345526203156957,-34.90855347632282,404,398,375,435,23.345526203156957,NEUTRAL,program,sensor_drive.py,function,750df67d0c33d1501e8060e5a3b5ce81e437358a154f973070c11cf1d50adae5,左壁追従（超音波のみ）,,105.45089193667596,59.67685423700352,50.248255498731766,156.57269427665096,208.73283297142905
58.7,926.7637361310839,537.4051145640065,121.36259699583081,18.80088523300661,-11.301035438287695,23.291235234046795,-35.31573574464905,404,397,375,435,23.291235234046795,NEUTRAL,program,sensor_drive.py,function,750df67d0c33d1501e8060e5a3b5ce81e437358a154f973070c11cf1d50adae5,左壁追従（超音波のみ）,,105.11055113073196,59.77969822203546,50.65988762435143,155.94953565689715,208.5305466265292
58.75,927.5630983889994,536.9131587383936,121.8566278488151,18.753695172295483,-11.425538242180615,23.239359065758077,-35.70480700681442,404,397,375,435,23.239359065758077,NEUTRAL,program,sensor_drive.py,function,750df67d0c33d1501e8060e5a3b5ce81e437358a154f973070c11cf1d50adae5,左壁追従（超音波のみ）,,104.78846926379765,59.90534280388385,51.09210229199363,155.33921926049396,208.34002124402517
58.8,928.3562173465953,536.4155269660889,122.3546923633466,18.708244242619568,-11.543957117390171,23.190017867754094,-36.074865991844284,403,397,375,435,23.190017867754094,NEUTRAL,program,sensor_drive.py,function,750df67d0c33d1501e8060e5a3b5ce81e437358a154f973070c11cf1d50adae5,左壁追従（超音波のみ）,,104.48470812519155,60.05419846618904,51.545493801487055,154.74179497324732,208.16145150775725
58.85,929.14309596375,535.9121884642839,122.85653467501834,18.664620067736617,-11.65599215230392,23.1433366032067,-36.42497547594975,403,396,375,435,23.1433366032067,NEUTRAL,program,sensor_drive.py,function,750df67d0c33d1501e8060e5a3b5ce81e437358a154f973070c11cf1d50adae5,左壁追従（超音波のみ）,,104.19931181125868,60.22667952558488,52.020669414055526,154.15728682575283,207.99500464386222
58.9,929.9238757242357,535.4030523854348,123.35913543089015,18.627730628757067,-11.697211893583807,23.126161711006745,-36.5537871674494,403,396,375,435,23.126161711006745,NEUTRAL,program,sensor_drive.py,function,750df67d0c33d1501e8060e5a3b5ce81e437358a154f973070c11cf1d50adae5,左壁追従（超音波のみ）,,103.9323047732562,60.42320306759836,52.37984831351024,153.585691294179,207.84081837246478
58.95,930.699868373041,534.887496112318,123.83963415174549,18.636385193700413,-11.201598572159973,23.33266726160001,-35.00499553799992,404,398,375,435,23.33266726160001,NEUTRAL,program,sensor_drive.py,function,750df67d0c33d1501e8060e5a3b5ce81e437358a154f973070c11cf1d50adae5,左壁追従（超音波のみ）,,103.67977200544131,60.64072847161388,51.60882364913646,153.0247896010334,207.6968628634273
59.0,931.4721149424464,534.3650993686329,124.31421203462594,18.65380724190467,-11.058922167469314,23.392115763554454,-34.559131773341605,404,398,375,435,23.392115763554454,NEUTRAL,program,sensor_drive.py,function,750df67d0c33d1501e8060e5a3b5ce81e437358a154f973070c11cf1d50adae5,左壁追従（超音波のみ）,,103.40861565482822,60.85041805267223,51.58526917016003,152.4556250691678,207.54462192617635
59.05,932.2400332301753,533.8361814848495,124.80147669034454,18.64575440751929,-11.345777580541451,23.272592674774394,-35.455554939192034,404,397,375,435,23.272592674774394,NEUTRAL,program,sensor_drive.py,function,750df67d0c33d1501e8060e5a3b5ce81e437358a154f973070c11cf1d50adae5,左壁追従（超音波のみ）,,103.13896999122329,61.07093904367799,52.51119758896518,151.888265190786,207.3947641840372
59.1,933.0037671057686,533.3006440113423,125.27553244338236,18.66234112672916,-11.041934422984177,23.39919399042326,-34.506045071825554,404,398,375,435,23.39919399042326,NEUTRAL,program,sensor_drive.py,function,750df67d0c33d1501e8060e5a3b5ce81e437358a154f973070c11cf1d50adae5,左壁追従（超音波のみ）,,102.89781916800506,61.32674567275845,52.1980924312331,151.33798271823966,207.26276513104608
59.15,933.7642362018191,532.7580794228091,125.73717564152787,18.69757160653708,-10.743988582344345,23.523338090689855,-33.57496431982608,404,399,375,435,23.523338090689855,NEUTRAL,program,sensor_drive.py,function,750df67d0c33d1501e8060e5a3b5ce81e437358a154f973070c11cf1d50adae5,左壁追従（超音波のみ）,,102.64831197593368,61.58498009095176,51.89663167515248,150.7837216159995,207.12698462436035
59.2,934.522134159238,532.2081999559146,126.18702154293749,18.74682107788134,-10.451676371254647,23.645134845310565,-32.661488660170775,404,400,375,435,23.645134845310565,NEUTRAL,program,sensor_drive.py,function,750df67d0c33d1501e8060e5a3b5ce81e437358a154f973070c11cf1d50adae5,左壁追従（超音波のみ）,,102.38968613296397,61.845528944051225,51.605994948259074,150.2241955584612,206.98649322402957
59.25,935.277982364727,531.6508125762738,126.62555161658804,18.806520219302097,-10.164821981711789,23.764657507620086,-31.76506869284934,404,401,375,435,23.764657507620086,NEUTRAL,program,sensor_drive.py,function,750df67d0c33d1501e8060e5a3b5ce81e437358a154f973070c11cf1d50adae5,左壁追従（超音波のみ）,,102.12124885878794,62.108227733003574,51.325509711706225,149.65830285568498,206.8404357426393
59.3,936.0321710133186,531.085799116217,127.05314889794113,18.873912521770595,-9.883313221544482,23.881952824356468,-30.885353817326507,404,402,375,435,23.881952824356468,NEUTRAL,program,sensor_drive.py,function,750df67d0c33d1501e8060e5a3b5ce81e437358a154f973070c11cf1d50adae5,左壁追従（超音波のみ）,,101.84236747743674,62.37287209515297,51.0546142510057,149.08509015362478,206.68802042719926
59.35,936.78499049358,530.5131005379566,127.47012440701008,18.946867715686572,-9.607083120517252,23.99704869978448,-30.022134751616413,404,403,375,435,23.99704869978448,NEUTRAL,program,sensor_drive.py,function,750df67d0c33d1501e8060e5a3b5ce81e437358a154f973070c11cf1d50adae5,左壁追従（超音波のみ）,,101.55246248673048,62.639227199639414,50.79283037613818,148.50372518599656,206.52851148977666
59.4,937.5366553803144,529.9327044755421,127.8767368704203,19.023738287914686,-9.336096034873677,24.109959985469303,-29.17530010898024,405,404,375,435,24.109959985469303,NEUTRAL,program,sensor_drive.py,function,750df67d0c33d1501e8060e5a3b5ce81e437358a154f973070c11cf1d50adae5,左壁追従（超音波のみ）,,101.25100241711934,62.907035525070874,50.53974324794873,147.91347623083814,206.3612239122401
59.45,938.2873227776273,529.3446353752305,128.27320742223014,19.10324911941063,-9.070337195039746,24.220692835400108,-28.344803734499205,405,405,375,435,24.220692835400108,NEUTRAL,program,sensor_drive.py,function,750df67d0c33d1501e8060e5a3b5ce81e437358a154f973070c11cf1d50adae5,左壁追従（超音波のみ）,,100.93749998825695,63.176023273579155,50.29498644705308,147.31369654346523,206.18551978853216
59.5,939.0371063426221,528.748946690598,128.6597305370218,19.184412581634195,-8.80980488545336,24.329247964394433,-27.53064026704175,405,406,375,435,24.329247964394433,NEUTRAL,program,sensor_drive.py,function,750df67d0c33d1501e8060e5a3b5ce81e437358a154f973070c11cf1d50adae5,左壁追従（超音波のみ）,,100.6115092044181,63.44590564913994,50.05823090649315,146.70381248800982,206.00080569817578
59.55,939.7860870055673,528.1457146998458,129.0364821347548,19.2664632033853,-8.554504633915364,24.43562306920193,-26.73282698098551,405,406,375,435,24.43562306920193,NEUTRAL,program,sensor_drive.py,function,750df67d0c33d1501e8060e5a3b5ce81e437358a154f973070c11cf1d50adae5,左壁追従（超音波のみ）,,100.27262312555467,63.71639119767582,49.82917669613491,146.08331441978623,205.8065307625728
59.6,940.5343211625941,527.5350336022998,129.40362556226694,19.34880738257028,-8.304444933016704,24.539814611243038,-25.951390415677203,405,407,375,435,24.539814611243038,NEUTRAL,program,sensor_drive.py,function,750df67d0c33d1501e8060e5a3b5ce81e437358a154f973070c11cf1d50adae5,左壁追従（超音波のみ）,,99.9204721201712,63.987185376222165,49.60754691432941,145.45174961373948,205.6021851443612
59.65,941.281846934019,526.917011622851,129.76131598071504,19.430984664752412,-8.059634127843758,24.641819113398434,-25.186356649511744,405,408,375,435,24.641819113398434,NEUTRAL,program,sensor_drive.py,function,750df67d0c33d1501e8060e5a3b5ce81e437358a154f973070c11cf1d50adae5,左壁追従（超音波のみ）,,99.55472245687744,64.25799349054222,49.39308313820043,144.8087167138871,205.38729882520605
59.7,942.0286889417092,526.2917679102711,130.10970355665825,19.512637915212125,-7.820078189953977,24.741634087519177,-24.437744343606177,405,409,375,435,24.741634087519177,NEUTRAL,program,sensor_drive.py,function,750df67d0c33d1501e8060e5a3b5ce81e437358a154f973070c11cf1d50adae5,左壁追従（超音波のみ）,,99.17507512867164,64.52852311589606,49.185542027674494,144.153861311962,205.16144054945156
59.75,942.7748619522412,525.6594300607698,130.44893575577447,19.593490329780817,-7.585779163461677,24.839258681890968,-23.70555988581774,406,410,375,435,24.839258681890968,NEUTRAL,program,sensor_drive.py,function,750df67d0c33d1501e8060e5a3b5ce81e437358a154f973070c11cf1d50adae5,左壁追従（超音波のみ）,,98.78126483150662,64.79848609444466,48.98469278410933,143.486872362648,204.92421685717432
59.8,943.5203736511156,525.0201321341355,130.77915896409388,19.673327705065503,-7.356734119542725,24.934694116857198,-22.989794123571016,406,410,375,435,24.934694116857198,NEUTRAL,program,sensor_drive.py,function,750df67d0c33d1501e8060e5a3b5ce81e437358a154f973070c11cf1d50adae5,左壁追従（超音波のみ）,,98.3730590391387,65.06760018493412,48.7903152423,142.8074792168372,204.67527115531817
59.85,944.2652267510323,524.3740130582368,131.10051960597445,19.7519847540035,-7.132934494339307,25.027943960691957,-22.290420294810335,406,411,375,435,25.027943960691957,NEUTRAL,program,sensor_drive.py,function,750df67d0c33d1501e8060e5a3b5ce81e437358a154f973070c11cf1d50adae5,左壁追従（超音波のみ）,,97.95025713156919,65.33559042548661,48.60219843213782,142.1154491097139,204.4142827930781
59.9,945.0094205896361,523.7212153400684,131.41316488621544,19.82933453345737,-6.914365714826249,25.11901428548906,-21.60739285883203,406,412,375,435,25.11901428548906,NEUTRAL,program,sensor_drive.py,function,750df67d0c33d1501e8060e5a3b5ce81e437358a154f973070c11cf1d50adae5,左壁追従（超音波のみ）,,97.51268954593884,65.60219025820645,48.42013948866041,141.41058498202463,204.14096611992736
59.95,945.7529523357665,523.0618840191821,131.71724325226444,19.905280266357025,-6.701007039821036,25.207913733407903,-20.940646999440737,406,413,375,435,25.207913733407903,NEUTRAL,program,sensor_drive.py,function,750df67d0c33d1501e8060e5a3b5ce81e437358a154f973070c11cf1d50adae5,左壁追従（超音波のみ）,,97.0602169275091,65.86714245449478,48.2439428206395,140.6927235441019,203.85506951320565
60.0,946.4958178954239,522.3961658132032,132.0129046488272,19.979749006762802,-6.4928315606000915,25.29465351641663,-20.290098626875285,406,413,375,435,25.29465351641663,NEUTRAL,program,sensor_drive.py,function,750df67d0c33d1501e8060e5a3b5ce81e437358a154f973070c11cf1d50adae5,左壁追従（超音波のみ）,,96.59272926507697,66.13019987207383,48.07341947107513,139.9617335157468,203.55637436817543
60.05,947.2380125873857,521.7242084160262,132.30030061940386,20.05268672371885,-6.289806318776771,25.379247367176347,-19.65564474617741,406,414,375,435,25.379247367176347,NEUTRAL,program,sensor_drive.py,function,750df67d0c33d1501e8060e5a3b5ce81e437358a154f973070c11cf1d50adae5,左壁追従（超音波のみ）,,96.110145000337,66.39112606845582,47.90838662017688,139.21751399279015,203.24469404762593
60.1,947.9795316421262,521.0461599178182,132.5795842958862,20.12405447777339,-6.091892509163399,25.46171145451525,-19.037164091135622,406,415,375,435,25.46171145451525,NEUTRAL,program,sensor_drive.py,function,750df67d0c33d1501e8060e5a3b5ce81e437358a154f973070c11cf1d50adae5,左壁追従（超音波のみ）,,95.61241010470523,66.64969579063401,47.748667194150485,138.459992904564,202.91987279104274
60.15,948.7203705652333,520.3621683226404,132.8509103072721,20.19382543938538,-5.899045743021304,25.542064273741122,-18.434517946941575,406,415,375,435,25.542064273741122,NEUTRAL,program,sensor_drive.py,function,750df67d0c33d1501e8060e5a3b5ce81e437358a154f973070c11cf1d50adae5,左壁追従（超音波のみ）,,95.0994971202189,66.90569535689116,47.594089552557634,137.68912553662207,202.58178458539436
60.2,949.4595316912554,519.6730234799554,133.13797232906876,20.223416171513552,-6.2246119479219555,25.40641168836585,-19.45191233725611,406,414,375,435,25.40641168836585,NEUTRAL,program,sensor_drive.py,function,750df67d0c33d1501e8060e5a3b5ce81e437358a154f973070c11cf1d50adae5,左壁追従（超音波のみ）,,94.57140416353903,66.14841411994183,47.44448723402397,136.9048931006867,202.23033200099616
60.25,950.1955940520652,518.9796745887114,133.43883717691682,20.224339032969574,-6.51746635663127,25.284389018070303,-20.36708236447272,406,413,375,435,25.284389018070303,NEUTRAL,program,sensor_drive.py,function,750df67d0c33d1501e8060e5a3b5ce81e437358a154f973070c11cf1d50adae5,左壁追従（超音波のみ）,,94.07147582811916,65.46812109002309,47.300912194830346,136.1361938014942,201.8985135985569
60.3,950.927946152234,518.2825008360231,133.74181663794832,20.22161177555518,-6.56328814329698,25.26529660695959,-20.51027544780306,406,413,375,435,25.26529660695959,NEUTRAL,program,sensor_drive.py,function,750df67d0c33d1501e8060e5a3b5ce81e437358a154f973070c11cf1d50adae5,左壁追従（超音波のみ）,,93.59861372704096,65.2706141223809,47.16402453782976,135.3829386766174,201.585426162032
60.35,951.6570883717069,517.581163820013,134.03106929656502,20.241912804032907,-6.264917445471967,25.38961773105335,-19.577867017099898,406,414,375,435,25.38961773105335,NEUTRAL,program,sensor_drive.py,function,750df67d0c33d1501e8060e5a3b5ce81e437358a154f973070c11cf1d50adae5,左壁追従（超音波のみ）,,93.13298950916953,65.74088302030492,47.03375628529502,134.6322656206444,201.2756681445824
60.4,952.382771805498,516.8759043488421,134.33346726242115,20.23654833692836,-6.545673357287883,25.272636101130047,-20.455229241524634,406,413,375,435,25.272636101130047,NEUTRAL,program,sensor_drive.py,function,750df67d0c33d1501e8060e5a3b5ce81e437358a154f973070c11cf1d50adae5,左壁追従（超音波のみ）,,92.64519280852797,65.09941981855361,46.90921543160737,133.8644048161272,200.94625954898262
60.45,953.1040202821096,516.1673551551473,134.6487716981241,20.211161856923653,-6.828299731964663,25.154875111681392,-21.338436662389572,406,412,375,435,25.154875111681392,NEUTRAL,program,sensor_drive.py,function,750df67d0c33d1501e8060e5a3b5ce81e437358a154f973070c11cf1d50adae5,左壁追従（超音波のみ）,,92.18422013672857,64.46701881288766,46.79168306892017,133.11193822102763,200.63566163453459
60.5,953.820044405163,515.4559954589186,134.97676557363275,20.1701490060274,-7.112477372614406,25.036467761410663,-22.22649178942002,406,411,375,435,25.036467761410663,NEUTRAL,program,sensor_drive.py,function,750df67d0c33d1501e8060e5a3b5ce81e437358a154f973070c11cf1d50adae5,左壁追従（超音波のみ）,,91.75144835287406,63.84475451778611,46.68172004825588,132.37615955457065,200.3449044180238
60.55,954.5302003339348,514.7421859488322,135.31725045283838,20.11693442518626,-7.397945316324013,24.917522784864993,-23.118579113512542,406,410,375,435,24.917522784864993,NEUTRAL,program,sensor_drive.py,function,750df67d0c33d1501e8060e5a3b5ce81e437358a154f973070c11cf1d50adae5,左壁追従（超音波のみ）,,91.34810625377345,63.23352562924472,46.57984648729523,131.6581523385581,200.0749142047413
60.6,955.2339577357917,514.0261960342634,135.6700435547893,20.05418722359819,-7.684487276538521,24.798130301442285,-24.014022739182877,405,409,375,435,24.798130301442285,NEUTRAL,program,sensor_drive.py,function,750df67d0c33d1501e8060e5a3b5ce81e437358a154f973070c11cf1d50adae5,左壁追従（超音波のみ）,,90.97532516304223,62.63409587030378,46.48655282569829,130.95884394957378,199.82654629373042
60.65,955.9308748805523,513.3082250818779,136.03497509827446,19.983988692314362,-7.971920959003576,24.67836626708184,-24.912252996886174,405,408,375,435,24.67836626708184,NEUTRAL,program,sensor_drive.py,function,750df67d0c33d1501e8060e5a3b5ce81e437358a154f973070c11cf1d50adae5,左壁追従（超音波のみ）,,90.63417847044474,62.04712566820186,46.40230852228319,130.27904736533827,199.60061010235785
60.7,956.6205792950981,512.5884189681317,136.4118859281915,19.90796285597976,-8.260089619540253,24.558295991858227,-25.81278006106329,405,407,375,435,24.558295991858227,NEUTRAL,program,sensor_drive.py,function,750df67d0c33d1501e8060e5a3b5ce81e437358a154f973070c11cf1d50adae5,左壁追従（超音波のみ）,,90.32571278450094,61.47319672143144,46.32756892107412,129.61949342394385,199.39788848242864
60.75,957.3027527461984,511.8668829822814,136.80062541307922,19.827378106181722,-8.548855370369417,24.43797692901274,-26.71517303240443,405,406,375,435,24.43797692901274,NEUTRAL,program,sensor_drive.py,function,750df67d0c33d1501e8060e5a3b5ce81e437358a154f973070c11cf1d50adae5,左壁追従（超音波のみ）,,90.050972763074,60.91283105800489,46.262780700226195,128.980855779417,199.21915259711352
60.8,957.9771195920956,511.1436918842452,137.20104959646335,19.74322633108962,-8.838093849367572,24.317460896096843,-27.619043279273665,405,406,375,435,24.317460896096843,NEUTRAL,program,sensor_drive.py,function,750df67d0c33d1501e8060e5a3b5ce81e437358a154f973070c11cf1d50adae5,左壁追従（超音波のみ）,,89.81102122160816,60.3665058296476,46.20838622864316,128.36377024268756,199.06517341403278
60.85,958.6434377558558,510.4188977428823,137.61301958033687,19.65628453312047,-9.127689950492929,24.19679585396128,-28.524031095290404,405,405,375,435,24.19679585396128,NEUTRAL,program,sensor_drive.py,function,750df67d0c33d1501e8060e5a3b5ce81e437358a154f973070c11cf1d50adae5,左壁追従（超音波のみ）,,89.60695575937649,59.83466480877304,46.164827084885175,127.7688498133188,198.93673062630796
60.9,959.3014917390328,509.6925360413932,138.03640011685144,19.56716281918236,-9.417534378989158,24.07602734208785,-29.42979493434112,405,404,375,435,24.07602734208785,NEUTRAL,program,sensor_drive.py,function,750df67d0c33d1501e8060e5a3b5ce81e437358a154f973070c11cf1d50adae5,左壁追従（超音波のみ）,,89.43992286790534,59.317727338787435,46.13254693772013,127.19669641011755,198.83461962510654
60.95,959.951087223131,508.96463042861996,138.47105838367304,19.476341786548133,-9.707520845993281,23.9551996475028,-30.336002643729007,404,403,375,435,23.9551996475028,NEUTRAL,program,sensor_drive.py,function,750df67d0c33d1501e8060e5a3b5ce81e437358a154f973070c11cf1d50adae5,左壁追従（超音波のみ）,,89.3111302745981,58.816095320027536,46.11199394433076,126.64791007880318,198.75965700199188
61.0,960.5920469067646,508.23519641111,138.91686291900555,19.384201657068562,-9.997543756992487,23.834356767919797,-31.242324240601523,404,402,375,435,23.834356767919797,NEUTRAL,program,sensor_drive.py,function,750df67d0c33d1501e8060e5a3b5ce81e437358a154f973070c11cf1d50adae5,左壁追従（超音波のみ）,,89.22185811416136,58.330158682888005,46.10362278823166,126.12309627727909,198.712684947575
61.05,961.2242073045811,507.50424421553066,139.37368269359922,19.291044990824716,-10.287496279670945,23.71354321680377,-32.1484258739717,404,401,375,435,23.71354321680377,NEUTRAL,program,sensor_drive.py,function,750df67d0c33d1501e8060e5a3b5ce81e437358a154f973070c11cf1d50adae5,左壁追従（超音波のみ）,,89.17346939950774,57.86029969812067,46.10789645238559,125.622871701897,198.69457482701068
61.1,961.8474162948511,506.7717810002137,139.8413862988478,19.197114404435244,-10.577268700970544,23.59280470792894,-33.05396469053295,404,400,375,435,23.59280470792894,NEUTRAL,program,sensor_drive.py,function,750df67d0c33d1501e8060e5a3b5ce81e437358a154f973070c11cf1d50adae5,左壁追従（超音波のみ）,,89.16742017362651,57.40689639541954,46.12528780227494,125.1478690122946,198.70623014681442
61.15,962.4615312499595,506.03781255504646,140.3198412320724,19.102606403398042,-10.866747002130957,23.4721887491121,-33.95858438165924,404,399,375,435,23.4721887491121,NEUTRAL,program,sensor_drive.py,function,750df67d0c33d1501e8060e5a3b5ce81e437358a154f973070c11cf1d50adae5,左壁追従（超音波のみ）,,89.20526965780674,56.9703253002031,46.15628103752251,124.6987407307937,198.74858907675218
61.2,963.0664176208559,505.30234459810845,140.8089132621567,19.00768219207608,-11.155811595256973,23.35174516864293,-34.86191123517804,404,398,375,435,23.35174516864293,NEUTRAL,program,sensor_drive.py,function,750df67d0c33d1501e8060e5a3b5ce81e437358a154f973070c11cf1d50adae5,左壁追従（超音波のみ）,,89.28869066434925,56.55096365099599,46.20137305809214,124.27616252941881,198.82262665154113
61.25,963.6619478751492,504.56538375342865,141.30846586069254,18.912476133690358,-11.444336176457647,23.231526593142647,-35.76355055143014,404,397,375,435,23.231526593142647,NEUTRAL,program,sensor_drive.py,function,750df67d0c33d1501e8060e5a3b5ce81e437358a154f973070c11cf1d50adae5,左壁追従（超音波のみ）,,89.41948050969405,56.14919122296286,46.261074781338515,123.88083606909531,198.92935674711214
61.3,964.2480007107914,503.8269382755059,141.81835968566782,18.81710238386443,-11.732186659544523,23.11158889185645,-36.66308331107663,403,396,375,435,23.11158889185645,NEUTRAL,program,sensor_drive.py,function,750df67d0c33d1501e8060e5a3b5ce81e437358a154f973070c11cf1d50adae5,左壁追従（超音波のみ）,,89.59957264373357,55.76539185452896,46.33591243860785,123.51349151816153,199.06983390302867
61.35,964.8244604845905,503.0870185716179,142.33845210642204,18.721660105464057,-12.019220161191894,22.99199159950338,-37.56006300372467,403,395,375,435,22.99199159950338,NEUTRAL,program,sensor_drive.py,function,750df67d0c33d1501e8060e5a3b5ce81e437358a154f973070c11cf1d50adae5,左壁追従（超音波のみ）,,89.83104920091304,55.399954751822065,46.426428874244706,123.17488984844721,199.24515504472495
61.4,965.3912168082286,502.3456375615338,142.86859676010238,18.626237582371488,-12.305284013797065,22.872798327584555,-38.45401254311583,403,394,375,435,22.872798327584555,NEUTRAL,program,sensor_drive.py,function,750df67d0c33d1501e8060e5a3b5ce81e437358a154f973070c11cf1d50adae5,左壁追従（超音波のみ）,,90.11615467695842,55.05327562839687,46.53318486532747,122.86582498482696,199.4564611452325
61.45,965.9481642748951,501.6028109053292,143.4086431311593,18.53091547972915,-12.590214786354082,22.754077172352467,-39.344421207356504,403,393,375,435,22.754077172352467,NEUTRAL,program,sensor_drive.py,function,750df67d0c33d1501e8060e5a3b5ce81e437358a154f973070c11cf1d50adae5,左壁追従（超音波のみ）,,90.45731094077453,54.72575772426723,46.65676047695479,122.58712586683816,199.70493885503396
61.5,966.495202287747,500.8585571230319,143.95843614653353,18.43576944364959,-12.873837296745744,22.63590112635594,-40.23074155233045,403,392,375,435,22.63590112635594,NEUTRAL,program,sensor_drive.py,function,750df67d0c33d1501e8060e5a3b5ce81e437358a154f973070c11cf1d50adae5,左壁追従（超音波のみ）,,90.8571338035681,54.41781273777554,46.79775646519317,122.33965846744981,199.99182211982762
61.55,967.0322349676835,500.11289762437406,144.51781578012015,18.340872190968156,-13.155963601163489,22.518348499515213,-41.112386253635904,403,391,375,435,22.518348499515213,NEUTRAL,program,sensor_drive.py,function,750df67d0c33d1501e8060e5a3b5ce81e437358a154f973070c11cf1d50adae5,左壁追従（超音波のみ）,,91.31845138636211,54.12986169558949,46.9567957376738,122.12432780344352,200.31839379872773
61.6,967.5591711227981,499.3658566626481,145.08661666085425,18.2462952066287,-13.436391948036972,22.401503354984595,-41.988724837615536,403,390,375,435,22.401503354984595,NEUTRAL,program,sensor_drive.py,function,750df67d0c33d1501e8060e5a3b5ce81e437358a154f973070c11cf1d50adae5,左壁追従（超音波のみ）,,91.84432455287057,53.86233577962379,47.13452488015591,121.94207996343827,200.6859872892744
61.65,968.0759242656435,498.6174612233161,145.66466767937158,18.15211014065142,-13.714905685038845,22.28545596456715,-42.85908026574639,402,389,375,435,22.28545596456715,NEUTRAL,program,sensor_drive.py,function,750df67d0c33d1501e8060e5a3b5ce81e437358a154f973070c11cf1d50adae5,左壁追従（超音波のみ）,,92.43806970753216,53.61567712448376,47.33161575602331,121.79390417271429,201.09598816018973
61.7,968.5824126673609,497.86774085538104,146.25179158865842,18.05838997671103,-13.991272108503598,22.170303288123502,-43.72272533907374,402,389,375,435,22.170303288123502,NEUTRAL,program,sensor_drive.py,function,750df67d0c33d1501e8060e5a3b5ce81e437358a154f973070c11cf1d50adae5,左壁追従（超音波のみ）,,93.10328429906063,53.39033959481469,47.548767184543024,121.68083490827408,201.549835787805
61.75,969.0785594399914,497.1167274514534,146.84780459444397,17.965210028888254,-14.26524124504976,22.056149481229266,-44.5788788907805,402,388,375,435,22.056149481229266,NEUTRAL,program,sensor_drive.py,function,750df67d0c33d1501e8060e5a3b5ce81e437358a154f973070c11cf1d50adae5,左壁追従（超音波のみ）,,93.84387541914005,53.186789548456396,47.7867067027242,121.60395407260062,202.04902498718425
61.8,969.5642926400234,496.3644549808045,147.45251593130342,17.872648811163007,-14.536544555386962,21.94310643525543,-45.42670173558426,402,387,375,435,21.94310643525543,NEUTRAL,program,sensor_drive.py,function,750df67d0c33d1501e8060e5a3b5ce81e437358a154f973070c11cf1d50adae5,左壁追従（超音波のみ）,,93.01834342131008,53.0055065883048,48.0461924146641,121.56439323004103,202.59510762399037
61.85,970.0395453875819,495.6109591783911,148.0657274205522,17.780788814928485,-14.804893550262332,21.831294354057363,-46.26529234456979,402,386,375,435,21.831294354057363,NEUTRAL,program,sensor_drive.py,function,750df67d0c33d1501e8060e5a3b5ce81e437358a154f973070c11cf1d50adae5,左壁追従（超音波のみ）,,92.78445505458767,52.84698430314393,48.328014931321576,121.56333590538311,203.18969418781947
61.9,970.5042559966996,494.8562771917964,148.68723300602187,17.68971722262392,-15.069978308305998,21.720842371539167,-47.09368221345625,402,385,375,435,21.720842371539167,NEUTRAL,program,sensor_drive.py,function,750df67d0c33d1501e8060e5a3b5ce81e437358a154f973070c11cf1d50adae5,左壁追従（超音波のみ）,,93.14449565971016,52.711730995250306,48.63299940262228,121.60201993974931,203.83445530187876
61.95,970.9583681129095,494.10044718719337,149.3168182637238,17.599526580046266,-15.331465885199014,21.611889214500412,-47.91083089124692,402,384,375,435,21.611889214500412,NEUTRAL,program,sensor_drive.py,function,750df67d0c33d1501e8060e5a3b5ce81e437358a154f973070c11cf1d50adae5,左壁追従（超音波のみ）,,92.46018745469428,52.60027039018973,48.962007642620875,121.68173989419076,204.53112313727914
62.0,971.4018308550101,493.34350791475435,149.95425988123498,17.510315445644096,-15.588998603150888,21.5045839153538,-48.71562063484652,401,383,375,435,21.5045839153538,NEUTRAL,program,sensor_drive.py,function,750df67d0c33d1501e8060e5a3b5ce81e437358a154f973070c11cf1d50adae5,左壁追従（超音波のみ）,,91.79501238028269,52.51314232179036,49.31594034704354,121.80384948606424,205.2814926926174
62.05,971.8345989583293,492.5854982333722,150.59932510237718,17.422189031838702,-15.84219220915176,21.3990865795201,-49.50685065359925,401,383,375,435,21.3990865795201,NEUTRAL,program,sensor_drive.py,function,750df67d0c33d1501e8060e5a3b5ce81e437358a154f973070c11cf1d50adae5,左壁追従（超音波のみ）,,91.14924732473965,52.450903382721904,49.695739400848986,121.96976403719715,206.08742289069818
62.1,972.2566329171734,491.8264565940881,151.25177113241625,17.335259850935106,-16.090633889908272,21.29556921253822,-50.28323090596335,401,382,375,435,21.29556921253822,NEUTRAL,program,sensor_drive.py,function,750df67d0c33d1501e8060e5a3b5ce81e437358a154f973070c11cf1d50adae5,左壁追従（超音波のみ）,,90.52315598954576,52.41412752828138,50.102390271351574,122.18096290571417,206.95083743390546
62.15,972.6678991244306,491.066420481225,151.91134449857043,17.24964837630597,-16.333880130797798,21.194216612167587,-51.04337540874312,401,381,375,435,21.194216612167587,NEUTRAL,program,sensor_drive.py,function,750df67d0c33d1501e8060e5a3b5ce81e437358a154f973070c11cf1d50adae5,左壁追従（超音波のみ）,,89.91698798489458,52.40340661784158,50.5369244798885,122.43899186490445,207.87372534755698
62.2,973.0683700065149,490.305425809882,152.57778036009245,17.16548372811595,-16.571454405634224,21.09522733098574,-51.78579501760695,401,380,375,435,21.09522733098574,NEUTRAL,program,sensor_drive.py,function,750df67d0c33d1501e8060e5a3b5ce81e437358a154f973070c11cf1d50adae5,左壁追従（超音波のみ）,,89.33097778294486,52.41935087480908,51.00042214182491,122.74546538232762,208.85814112620852
62.25,973.4580241520144,489.5435062781365,153.25080176157212,17.08290439179252,-16.802844683574122,20.99881471517745,-52.50888963616913,401,379,375,435,20.99881471517745,NEUTRAL,program,sensor_drive.py,function,750df67d0c33d1501e8060e5a3b5ce81e437358a154f973070c11cf1d50adae5,左壁追従（超音波のみ）,,88.76534350952925,52.46258924177089,51.4940145607515,123.10206874006604,209.90620438088237
62.3,973.836846432543,488.7806926720294,153.93011882239284,17.002058976651096,-17.027500739170325,20.905208025345697,-53.210939809907266,401,379,375,435,20.905208025345697,NEUTRAL,program,sensor_drive.py,function,750df67d0c33d1501e8060e5a3b5ce81e437358a154f973070c11cf1d50adae5,左壁追従（超音波のみ）,,88.22028555224148,52.533769602647325,52.018886857864324,123.51055992216611,211.0200988650932
62.35,974.2048281144216,488.01701212115637,154.6154278544525,16.923107021472703,-17.244831251464444,20.81465364522315,-53.890097660826385,401,378,375,435,20.81465364522315,NEUTRAL,program,sensor_drive.py,function,750df67d0c33d1501e8060e5a3b5ce81e437358a154f973070c11cf1d50adae5,左壁追従（超音波のみ）,,87.6959849597881,52.63355883798407,52.57628061151527,123.97277117733307,212.20207073378293
62.4,974.5622323959863,487.25207045475526,155.2977154323953,16.86244157543806,-17.238257164236217,20.81739284823491,-53.86955363823817,401,378,375,435,20.81739284823491,NEUTRAL,program,sensor_drive.py,function,750df67d0c33d1501e8060e5a3b5ce81e437358a154f973070c11cf1d50adae5,左壁追従（超音波のみ）,,87.19260160413376,52.76264267281781,52.75171461445526,124.49061014311673,213.45442586114126
62.45,974.9099598260719,486.48447406409,155.960455764068,16.84813128446377,-16.803173822562357,20.99867757393235,-52.50991819550737,401,379,375,435,20.99867757393235,NEUTRAL,program,sensor_drive.py,function,750df67d0c33d1501e8060e5a3b5ce81e437358a154f973070c11cf1d50adae5,左壁追従（超音波のみ）,,86.70512412322773,52.913814658482266,52.13871651266488,125.0430273283476,214.74933832123708
62.5,975.2484696590069,485.7135912437425,156.6250958477591,16.83256400885359,-16.862837671042875,20.973817637065466,-52.696367722008986,401,379,375,435,20.973817637065466,NEUTRAL,program,sensor_drive.py,function,750df67d0c33d1501e8060e5a3b5ce81e437358a154f973070c11cf1d50adae5,左壁追従（超音波のみ）,,86.222425757505,53.071560877381,52.48004107385516,125.58493363484313,216.02800302329706
62.55,975.5777942113693,484.9393869999908,157.2878506069805,16.8230514255448,-16.82893945281636,20.987941894659848,-52.59043579005113,401,379,375,435,20.987941894659848,NEUTRAL,program,sensor_drive.py,function,750df67d0c33d1501e8060e5a3b5ce81e437358a154f973070c11cf1d50adae5,左壁追従（超音波のみ）,,85.75472242843382,53.25423267742674,52.679352179664015,126.17056070489791,217.362890962363
62.6,975.8984284126585,484.16103392766485,157.93477607904026,16.844880406152278,-16.440258401511063,21.149892332703722,-51.375807504722076,401,381,375,435,21.149892332703722,NEUTRAL,program,sensor_drive.py,function,750df67d0c33d1501e8060e5a3b5ce81e437358a154f973070c11cf1d50adae5,左壁追従（超音波のみ）,,85.29974870490325,53.45894967039512,52.22621699534632,126.79121517424484,218.74226715431558
62.65,976.2084646351901,483.38246293086144,158.6501427968425,16.705539957385668,-18.520258401511065,20.283225666037055,-57.875807504722076,400,374,375,435,20.283225666037055,NEUTRAL,program,sensor_drive.py,function,750df67d0c33d1501e8060e5a3b5ce81e437358a154f973070c11cf1d50adae5,前方回避：右旋回,,84.84777010663221,53.672080138073966,51.791236847621754,127.40661661021609,220.11319971388622
62.7,976.5043799694294,482.60990473195125,159.44401260829977,16.44135132332959,-20.600258401511063,19.416558999370388,-64.37580750472208,399,367,375,435,19.416558999370388,NEUTRAL,program,sensor_drive.py,function,750df67d0c33d1501e8060e5a3b5ce81e437358a154f973070c11cf1d50adae5,前方回避：右旋回,,84.45558390753453,53.97927634339784,51.362160286599135,128.26988655248428,221.8080422857324
62.75,976.7835189926193,481.8482859275082,160.31070238934012,16.080450369631976,-22.680258401511065,18.549892332703724,-70.87580750472208,398,360,375,435,18.549892332703724,NEUTRAL,program,sensor_drive.py,function,750df67d0c33d1501e8060e5a3b5ce81e437358a154f973070c11cf1d50adae5,前方回避：右旋回,,84.14185796782417,54.40227662813274,50.943149596701204,129.44469260063178,223.9038454566758
62.8,977.0439703552681,481.1015514723528,161.24439162077897,15.644632245542471,-24.760258401511063,17.683225666037057,-77.37580750472208,397,353,375,435,17.683225666037057,NEUTRAL,program,sensor_drive.py,function,750df67d0c33d1501e8060e5a3b5ce81e437358a154f973070c11cf1d50adae5,前方回避：右旋回,,83.91471523378864,54.94793236954266,50.54034148361515,130.95258023180628,226.42152763520778
62.85,977.2844399207022,480.3728981130418,162.239226489712,15.150780331752447,-26.840258401511065,16.81655899937039,-83.87580750472208,396,346,375,435,16.81655899937039,NEUTRAL,program,sensor_drive.py,function,750df67d0c33d1501e8060e5a3b5ce81e437358a154f973070c11cf1d50adae5,前方回避：右旋回,,83.78122333291662,55.623016246011524,50.159085734180174,132.8170579591363,229.3839919384849
62.9,977.5042257262326,479.66468875962227,163.2897651298639,14.62100699601187,-28.920258401511063,16.0,-90.37580750472208,395,340,375,435,16.0,NEUTRAL,program,sensor_drive.py,function,750df67d0c33d1501e8060e5a3b5ce81e437358a154f973070c11cf1d50adae5,前方回避：右旋回,,83.74763994429607,56.434429805476086,49.80401108171855,135.064451593135,232.8167994519549
62.95,977.7043297398552,478.974463643494,164.38079815290916,14.210623712787374,-30.4,16.0,-95.0,395,335,375,435,16.0,NEUTRAL,program,sensor_drive.py,function,750df67d0c33d1501e8060e5a3b5ce81e437358a154f973070c11cf1d50adae5,前方回避：右旋回,,83.81961938432971,57.389719880854784,49.47897321813856,135.69870654339417,236.75018268553433
63.0,977.886730259485,478.2976919538155,165.451795788124,13.892724664669585,-30.4,16.0,-95.0,395,335,375,435,16.0,NEUTRAL,program,sensor_drive.py,function,750df67d0c33d1501e8060e5a3b5ce81e437358a154f973070c11cf1d50adae5,前方回避：右旋回,,83.98955765638203,58.4824725234549,49.186685775694116,137.2257647889942,241.16113305439967
63.05,978.0532464784363,477.6309818586153,166.50181236819662,13.646467546201839,-30.4,16.0,-95.0,395,335,375,435,16.0,NEUTRAL,program,sensor_drive.py,function,750df67d0c33d1501e8060e5a3b5ce81e437358a154f973070c11cf1d50adae5,前方回避：右旋回,,84.20574258429794,59.64131943905323,48.93065201997403,137.25033298727223,245.76904105627742
63.1,978.2052228073177,476.9717187600942,167.53557619692475,13.45570708700862,-30.4,16.0,-95.0,395,335,375,435,16.0,NEUTRAL,program,sensor_drive.py,function,750df67d0c33d1501e8060e5a3b5ce81e437358a154f973070c11cf1d50adae5,前方回避：右旋回,,84.46218457640201,60.864100034675666,48.70818883537326,137.323462319339,250.0
63.15,978.3436463822094,476.3178971954729,168.55675000458479,13.307936525012154,-30.4,16.0,-95.0,395,335,375,435,16.0,NEUTRAL,program,sensor_drive.py,function,750df67d0c33d1501e8060e5a3b5ce81e437358a154f973070c11cf1d50adae5,前方回避：右旋回,,84.75910825576625,62.157490676153856,48.516937548083376,137.44369702921844,250.0
63.2,978.4697647890221,475.66698110941354,169.5020022382057,13.229525330655997,-28.32,16.200000000000003,-88.5,395,342,375,435,16.200000000000003,NEUTRAL,program,sensor_drive.py,function,750df67d0c33d1501e8060e5a3b5ce81e437358a154f973070c11cf1d50adae5,左壁追従（超音波のみ）,,85.09720016864917,63.528427064736896,48.35525660596414,137.61032088001875,250.0
63.25,978.5858087834853,475.01283986970776,170.36900130771517,13.325034968991517,-26.24,17.066666666666666,-82.0,396,348,375,435,17.066666666666666,NEUTRAL,program,sensor_drive.py,function,750df67d0c33d1501e8060e5a3b5ce81e437358a154f973070c11cf1d50adae5,左壁追従（超音波のみ）,,85.4066287157152,64.8728951365349,48.22126334422177,137.76151864071068,250.0
63.3,978.6937429128029,474.34834915698684,171.16924500558707,13.55527053165347,-24.16,17.933333333333334,-75.5,397,355,375,435,17.933333333333334,NEUTRAL,program,sensor_drive.py,function,750df67d0c33d1501e8060e5a3b5ce81e437358a154f973070c11cf1d50adae5,左壁追従（超音波のみ）,,85.66945040210643,66.17094575748312,48.10952905669125,137.87778471081361,250.0
63.35,978.7948913134043,473.66796277299716,171.90954096014195,13.88987009950501,-22.08,18.799999999999997,-69.0,398,362,375,435,18.799999999999997,NEUTRAL,program,sensor_drive.py,function,750df67d0c33d1501e8060e5a3b5ce81e437358a154f973070c11cf1d50adae5,左壁追従（超音波のみ）,,85.88240353553076,67.42689911060755,48.01538956785016,137.9525504492149,250.0
63.4,978.8901602766837,472.96737477882493,172.59329849023197,14.305314134623469,-20.0,19.666666666666668,-62.5,399,369,375,435,19.666666666666668,NEUTRAL,program,sensor_drive.py,function,750df67d0c33d1501e8060e5a3b5ce81e437358a154f973070c11cf1d50adae5,左壁追従（超音波のみ）,,86.04052003595666,68.0218884531155,47.935405575255004,137.9785023334381,250.0
63.45,978.9801986423042,472.2432511749842,173.22145723449137,14.783383476961571,-17.92,20.53333333333333,-56.0,400,376,375,435,20.53333333333333,NEUTRAL,program,sensor_drive.py,function,750df67d0c33d1501e8060e5a3b5ce81e437358a154f973070c11cf1d50adae5,左壁追従（超音波のみ）,,86.1373159477525,67.67492273529345,47.866853500190295,137.94747715250895,250.0
63.5,979.0655159842213,471.49301787761044,173.79315329683646,15.309964847852068,-15.84,21.4,-49.5,401,383,375,435,21.4,NEUTRAL,program,sensor_drive.py,function,750df67d0c33d1501e8060e5a3b5ce81e437358a154f973070c11cf1d50adae5,左壁追従（超音波のみ）,,86.16501937409298,68.52381672471044,47.807396886483595,137.85050184824632,250.0
63.55,979.1465716202125,470.71469374568113,174.306195382767,15.874125545994625,-13.76,22.266666666666666,-43.0,402,389,375,435,22.266666666666666,NEUTRAL,program,sensor_drive.py,function,750df67d0c33d1501e8060e5a3b5ce81e437358a154f973070c11cf1d50adae5,左壁追従（超音波のみ）,,86.11481072671866,67.99228749198227,47.75487457355237,137.67791343180065,250.0
63.6,979.2238431683288,469.90675945870646,174.75740314804324,16.467396670537763,-11.68,23.133333333333333,-36.5,403,396,375,435,23.133333333333333,NEUTRAL,program,sensor_drive.py,function,750df67d0c33d1501e8060e5a3b5ce81e437358a154f973070c11cf1d50adae5,左壁追従（超音波のみ）,,85.97706913015837,67.43934637216717,47.707166877363626,137.41952796119526,250.0
63.65,979.297880637515,469.06805488820356,175.142845428167,17.08321787745837,-9.6,24.0,-30.0,405,403,375,435,24.0,NEUTRAL,program,sensor_drive.py,function,750df67d0c33d1501e8060e5a3b5ce81e437358a154f973070c11cf1d50adae5,左壁追従（超音波のみ）,,85.74162691258272,66.86062749627673,47.66211580598384,137.06484448524512,250.0
63.7,979.3693502586417,468.197699176176,175.45800553172774,17.716507265993123,-7.52,24.866666666666667,-23.5,406,410,375,435,24.866666666666667,NEUTRAL,program,sensor_drive.py,function,750df67d0c33d1501e8060e5a3b5ce81e437358a154f973070c11cf1d50adae5,左壁追従（超音波のみ）,,85.39803660310949,66.25204559201589,47.617484285020474,136.60327798401994,250.0
63.75,979.4374269782492,467.3043691281812,175.83716616626913,18.050828122615172,-9.6,24.0,-30.0,405,403,375,435,24.0,NEUTRAL,program,sensor_drive.py,function,750df67d0c33d1501e8060e5a3b5ce81e437358a154f973070c11cf1d50adae5,前方回避：右旋回,,84.93585444234883,65.60977163229877,47.570944885223284,136.0244187670185,250.0
63.8,979.499538053797,466.40086025315077,176.30882330109438,18.153556183922905,-11.68,23.133333333333333,-36.5,403,396,375,435,23.133333333333333,NEUTRAL,program,sensor_drive.py,function,750df67d0c33d1501e8060e5a3b5ce81e437358a154f973070c11cf1d50adae5,前方回避：右旋回,,84.53851664792255,64.96734260710559,47.53599139366478,135.50093725796447,250.0
63.85,979.5534879517976,465.4971103950212,176.86999781895156,18.076883348091563,-13.76,22.266666666666666,-43.0,402,389,375,435,22.266666666666666,NEUTRAL,program,sensor_drive.py,function,750df67d0c33d1501e8060e5a3b5ce81e437358a154f973070c11cf1d50adae5,前方回避：右旋回,,84.26059651250254,64.34383536078036,47.51974803343942,135.08609303417296,250.0
63.9,979.5975163691875,464.60086416688716,177.51662455120186,17.86123951426079,-15.84,21.4,-49.5,401,383,375,435,21.4,NEUTRAL,program,sensor_drive.py,function,750df67d0c33d1501e8060e5a3b5ce81e437358a154f973070c11cf1d50adae5,前方回避：右旋回,,84.11452118283601,63.75026155515048,47.52649472921778,134.79345220412316,250.0
63.95,979.6302758366633,463.7181792667075,178.2439696268127,17.537943274043297,-17.92,20.53333333333333,-56.0,400,376,375,435,20.53333333333333,NEUTRAL,program,sensor_drive.py,function,750df67d0c33d1501e8060e5a3b5ce81e437358a154f973070c11cf1d50adae5,前方回避：右旋回,,84.11059608057022,63.19585488941719,47.56034143137513,134.63429530151188,250.0
64.0,979.6508018860363,462.8538147076903,179.04691117162406,17.131255241526105,-20.0,19.666666666666668,-62.5,399,369,375,435,19.666666666666668,NEUTRAL,program,sensor_drive.py,function,750df67d0c33d1501e8060e5a3b5ce81e437358a154f973070c11cf1d50adae5,前方回避：右旋回,,84.25793463583138,62.68844153326388,47.625231798643256,134.61849584141905,250.0
64.05,979.6584799723207,462.0115277892392,179.9201230807941,16.65996864352979,-22.08,18.799999999999997,-69.0,398,362,375,435,18.799999999999997,NEUTRAL,program,sensor_drive.py,function,750df67d0c33d1501e8060e5a3b5ce81e437358a154f973070c11cf1d50adae5,前方回避：右旋回,,84.56510924050711,62.23471305638622,47.72494590639634,134.75511382196052,250.0
64.1,979.6537823641964,461.1848557171415,-179.28017355495717,16.451141526564836,-20.0,19.666666666666668,-62.5,399,369,375,435,19.666666666666668,NEUTRAL,program,sensor_drive.py,function,750df67d0c33d1501e8060e5a3b5ce81e437358a154f973070c11cf1d50adae5,左壁追従（超音波のみ）,,85.04061261041305,61.84043014063711,47.86310345205753,135.05279441457333,250.0
64.15,979.6382915544837,460.3626161437075,-178.57204727025322,16.445625856727506,-17.92,20.53333333333333,-56.0,400,376,375,435,20.53333333333333,NEUTRAL,program,sensor_drive.py,function,750df67d0c33d1501e8060e5a3b5ce81e437358a154f973070c11cf1d50adae5,左壁追従（超音波のみ）,,85.46260559614707,61.45841004983072,48.01554683493873,135.29678511450035,250.0
64.2,979.6130926612199,459.5361331429941,-177.94585293007586,16.597603238277372,-15.84,21.4,-49.5,401,383,375,435,21.4,NEUTRAL,program,sensor_drive.py,function,750df67d0c33d1501e8060e5a3b5ce81e437358a154f973070c11cf1d50adae5,左壁追従（超音波のみ）,,85.7797334856623,61.06894055323531,48.17387684492557,135.43531650970246,250.0
64.25,979.578955865795,458.6986774028526,-177.3962427526711,16.871580937987776,-13.76,22.266666666666666,-43.0,402,389,375,435,22.266666666666666,NEUTRAL,program,sensor_drive.py,function,750df67d0c33d1501e8060e5a3b5ce81e437358a154f973070c11cf1d50adae5,左壁追従（超音波のみ）,,85.98704145702126,60.6635709437449,48.335489668366975,135.46175500463775,250.0
64.3,979.5365085521796,457.8450271797277,-176.9210038692951,17.24006488734015,-11.68,23.133333333333333,-36.5,403,396,375,435,23.133333333333333,NEUTRAL,program,sensor_drive.py,function,750df67d0c33d1501e8060e5a3b5ce81e437358a154f973070c11cf1d50adae5,左壁追従（超音波のみ）,,86.0768052412406,60.23505787326201,48.49788427582998,135.36727456967205,250.0
64.35,979.4863568404522,456.9728316020155,-176.50092164696153,17.62532706445072,-10.351196436286092,23.687001484880795,-32.347488863394034,404,401,375,435,23.687001484880795,NEUTRAL,program,sensor_drive.py,function,750df67d0c33d1501e8060e5a3b5ce81e437358a154f973070c11cf1d50adae5,左壁追従（超音波のみ）,,86.03916491660188,59.77696771328563,48.658436079788764,135.14138415753885,250.0
64.4,979.4286736454482,456.0852824010024,-176.06205505277183,17.89544165074908,-10.728254275188357,23.52989405200485,-33.52579460996362,404,399,375,435,23.52989405200485,NEUTRAL,program,sensor_drive.py,function,750df67d0c33d1501e8060e5a3b5ce81e437358a154f973070c11cf1d50adae5,左壁追従（超音波のみ）,,85.89845230575692,59.29205335599648,48.81914090434363,134.80733903307777,250.0
64.45,979.3632409448753,455.18745777194204,-175.60134766185746,18.07544482835671,-11.117473308108217,23.36771945495491,-34.74210408783818,404,398,375,435,23.36771945495491,NEUTRAL,program,sensor_drive.py,function,750df67d0c33d1501e8060e5a3b5ce81e437358a154f973070c11cf1d50adae5,左壁追従（超音波のみ）,,85.78528601547008,58.80969742565235,48.99769951550178,134.4920992971109,250.0
64.5,979.2898740346031,454.2833538956222,-175.12002051954892,18.184920528282642,-11.516325338507308,23.201531108955287,-35.98851668283534,404,397,375,435,23.201531108955287,NEUTRAL,program,sensor_drive.py,function,750df67d0c33d1501e8060e5a3b5ce81e437358a154f973070c11cf1d50adae5,左壁追従（超音波のみ）,,85.71209855373836,58.33556317536205,49.195974392217366,134.20830498042315,250.0
64.55,979.2084199157758,453.3761217943954,-174.61910499634996,18.239164255631575,-11.923146085639726,23.032022464316782,-37.25983151762414,403,395,375,435,23.032022464316782,NEUTRAL,program,sensor_drive.py,function,750df67d0c33d1501e8060e5a3b5ce81e437358a154f973070c11cf1d50adae5,左壁追従（超音波のみ）,,85.6829394361451,57.87288160495564,49.41478257545853,133.9602380749553,250.0
64.6,979.1187513436225,452.4682529455124,-174.09948201123586,18.250128855818424,-12.336546509570116,22.859772287679117,-38.551707842406614,403,394,375,435,22.859772287679117,NEUTRAL,program,sensor_drive.py,function,750df67d0c33d1501e8060e5a3b5ce81e437358a154f973070c11cf1d50adae5,左壁追従（超音波のみ）,,85.70146897106876,57.424288786741435,49.6549863263343,133.75159721260064,250.0
64.65,979.0207621750318,451.5617239252659,-173.56191314789274,18.22716212725818,-12.75534645160265,22.68527231183223,-39.86045766125828,403,393,375,435,22.68527231183223,NEUTRAL,program,sensor_drive.py,function,750df67d0c33d1501e8060e5a3b5ce81e437358a154f973070c11cf1d50adae5,左壁追従（超音波のみ）,,85.77109547939148,56.99196065073706,49.91749688692153,133.5856559152009,250.0
64.7,978.914363826941,450.6581090922327,-173.00706572295078,18.17758216729846,-13.17852189077914,22.50894921217536,-41.18288090868481,403,391,375,435,22.50894921217536,NEUTRAL,program,sensor_drive.py,function,750df67d0c33d1501e8060e5a3b5ce81e437358a154f973070c11cf1d50adae5,左壁追従（超音波のみ）,,85.89508617319714,56.57771825052368,50.20327844546367,133.46538722441767,250.0
64.75,978.7994826424222,449.7586683310032,-172.4355332288059,18.107126233730018,-13.605162666313783,22.331182222369257,-42.516133332230574,402,390,375,435,22.331182222369257,NEUTRAL,program,sensor_drive.py,function,750df67d0c33d1501e8060e5a3b5ce81e437358a154f973070c11cf1d50adae5,左壁追従（超音波のみ）,,86.07665741243191,56.183109805671315,50.51335209000241,133.3935617247093,250.0
64.8,978.6760579722933,448.8644153292399,-171.84785216633634,18.02030102187383,-14.034438248599097,22.152317396417043,-43.85761952687218,402,388,375,435,22.152317396417043,NEUTRAL,program,sensor_drive.py,function,750df67d0c33d1501e8060e5a3b5ce81e437358a154f973070c11cf1d50adae5,左壁追従（超音波のみ）,,86.31904915618152,55.80947452815613,50.84879969219316,133.37282469722487,250.0
64.85,978.5440408024864,447.97617065400453,-171.2445160161704,17.920656110422986,-14.465569685241366,21.9726792978161,-45.20490526637927,402,387,375,435,21.9726792978161,NEUTRAL,program,sensor_drive.py,function,750df67d0c33d1501e8060e5a3b5ce81e437358a154f973070c11cf1d50adae5,左壁追従（超音波のみ）,,86.62558758599891,55.45799219150177,51.210767741596115,133.40575702080352,250.0
64.9,978.4033927832876,447.09460295258117,-170.62598691776157,17.810997537061493,-14.89780625575822,21.792580726767408,-46.555644549244434,402,386,375,435,21.792580726767408,NEUTRAL,program,sensor_drive.py,function,750df67d0c33d1501e8060e5a3b5ce81e437358a154f973070c11cf1d50adae5,左壁追従（超音波のみ）,,86.99973914973562,55.12972155699335,51.60047118465427,133.49492348710717,250.0
64.95,978.2540855417428,446.22026086971425,-169.99270550110353,17.693554729640343,-15.330405675398659,21.61233096858389,-47.90751773562081,402,384,375,435,21.61233096858389,NEUTRAL,program,sensor_drive.py,function,750df67d0c33d1501e8060e5a3b5ce81e437358a154f973070c11cf1d50adae5,左壁追従（超音波のみ）,,87.44515866724052,54.82563009644821,52.01919733185005,133.64291141247026,250.0
65.0,978.0961001810215,445.3535977014568,-169.34509922686573,17.57011110779304,-15.76261692061203,21.43224294974499,-49.2581778769126,401,383,375,435,21.43224294974499,NEUTRAL,program,sensor_drive.py,function,750df67d0c33d1501e8060e5a3b5ce81e437358a154f973070c11cf1d50adae5,左壁追従（超音波のみ）,,87.96573364848997,54.54661691440762,52.468309892643575,133.85236179011085,250.0
65.05,977.9294268896239,444.49499035997854,-168.68358952508203,17.44210640178245,-16.19366492432885,21.25263961486298,-50.60520288852766,401,381,375,435,21.25263961486298,NEUTRAL,program,sensor_drive.py,function,750df67d0c33d1501e8060e5a3b5ce81e437358a154f973070c11cf1d50adae5,左壁追従（超音波のみ）,,88.56562658703413,54.29353034732481,52.949253187192454,134.12599470995627,250.0
65.1,977.7540645989004,443.64475387590556,-168.00859797289178,17.310716968466828,-16.622736521702517,21.07385978262395,-51.94605163032037,401,380,375,435,21.07385978262395,NEUTRAL,program,sensor_drive.py,function,750df67d0c33d1501e8060e5a3b5ce81e437358a154f973070c11cf1d50adae5,左壁追従（超音波のみ）,,89.24931669154864,54.067181380764815,53.46355656981954,134.46663035672103,250.0
65.15,977.5700206397042,442.80315239338086,-167.32055171360935,17.176919008113558,-17.048967126072604,20.89626369746975,-53.27802226897688,401,379,375,435,20.89626369746975,NEUTRAL,program,sensor_drive.py,function,750df67d0c33d1501e8060e5a3b5ce81e437358a154f973070c11cf1d50adae5,左壁追従（超音波のみ）,,90.02164229042114,53.86835375927311,54.012839083351466,134.87720655919227,250.0
65.2,977.377310358488,441.97040740115125,-166.61988828965667,17.041538514279484,-17.47142768789964,20.72023846337515,-54.59821152468638,400,377,375,435,20.72023846337515,NEUTRAL,program,sensor_drive.py,function,750df67d0c33d1501e8060e5a3b5ce81e437358a154f973070c11cf1d50adae5,左壁追従（超音波のみ）,,90.88784497448808,53.69781145223894,54.59881434611399,135.36079358647055,250.0
65.25,977.1759566602361,441.1467037774515,-165.9070600387379,16.905290955009328,-17.88911154178625,20.54620352425573,-55.903473568082035,400,376,375,435,20.54620352425573,NEUTRAL,program,sensor_drive.py,function,750df67d0c33d1501e8060e5a3b5ce81e437358a154f973070c11cf1d50adae5,左壁追従（超音波のみ）,,91.85361641856927,53.55630397056146,55.22329565431117,135.92060665418936,250.0
65.3,976.9659894506716,440.33219409699376,-165.18253818480676,16.768813034882456,-18.300920782603814,20.374616340581746,-57.19037744563692,400,374,375,435,20.374616340581746,NEUTRAL,program,sensor_drive.py,function,750df67d0c33d1501e8060e5a3b5ce81e437358a154f973070c11cf1d50adae5,左壁追従（超音波のみ）,,92.92514873181119,53.444569893332734,55.88820126084716,136.56001640149665,250.0
65.35,976.7474449535796,439.52700154699255,-164.44681674203204,16.63268838320285,-18.70565183451475,20.20597840228552,-58.4551619828586,400,373,375,435,20.20597840228552,NEUTRAL,program,sensor_drive.py,function,750df67d0c33d1501e8060e5a3b5ce81e437358a154f973070c11cf1d50adae5,左壁追従（超音波のみ）,,94.10918911930968,53.36333885311034,56.59555976624793,137.28255741543924,250.0
65.4,976.5203648811402,438.7312217196146,-163.70041634052845,16.49746862210335,-19.10197988896969,20.040841712929296,-59.69368715303028,400,372,375,435,20.040841712929296,NEUTRAL,program,sensor_drive.py,function,750df67d0c33d1501e8060e5a3b5ce81e437358a154f973070c11cf1d50adae5,左壁追従（超音波のみ）,,95.41309958228918,53.313332136186936,57.347515526566816,138.09193470195245,250.0
65.45,976.2847954361076,437.94492348566973,-162.94388807670214,16.363690964733568,-19.48844189191009,19.8798158783708,-60.901380912219025,399,371,375,435,19.8798158783708,NEUTRAL,program,sensor_drive.py,function,750df67d0c33d1501e8060e5a3b5ce81e437358a154f973070c11cf1d50adae5,左壁追従（超音波のみ）,,95.7213931296548,53.29526197526493,58.146333945064946,138.99202782103094,250.0
65.5,976.0407620648682,437.16801740142273,-162.180141682839,16.2362914734238,-19.804868737294967,19.74797135946043,-61.89021480404677,399,370,375,435,19.74797135946043,NEUTRAL,program,sensor_drive.py,function,750df67d0c33d1501e8060e5a3b5ce81e437358a154f973070c11cf1d50adae5,左壁追従（超音波のみ）,,95.59026576924902,53.309829541692075,58.86446431261306,139.98689220681536,250.0
65.55,975.7880018623698,436.39891164496765,-161.43450198541743,16.16231113922324,-19.475951558174796,19.885020184093833,-60.862348619296235,399,371,375,435,19.885020184093833,NEUTRAL,program,sensor_drive.py,function,750df67d0c33d1501e8060e5a3b5ce81e437358a154f973070c11cf1d50adae5,左壁追従（超音波のみ）,,96.57080720944563,53.35599809076774,58.22139745197065,141.07364088370497,250.0
65.6,975.5264113120254,435.6366475396975,-160.683543768755,16.089162093048248,-19.686826457169403,19.797155642846082,-61.52133267865438,399,370,375,435,19.797155642846082,NEUTRAL,program,sensor_drive.py,function,750df67d0c33d1501e8060e5a3b5ce81e437358a154f973070c11cf1d50adae5,左壁追従（超音波のみ）,,96.23768672042993,53.415286705094736,58.78421887188366,142.17738927647588,250.0
65.65,975.2558057433274,434.8802691353688,-159.94561329840948,16.051915734132525,-19.42833713472762,19.904859527196823,-60.71355354602382,399,371,375,435,19.904859527196823,NEUTRAL,program,sensor_drive.py,function,750df67d0c33d1501e8060e5a3b5ce81e437358a154f973070c11cf1d50adae5,左壁追従（超音波のみ）,,95.93142285183067,53.50371255955696,58.36668491443455,143.36900395322647,250.0
65.7,974.9758602485851,434.1281478207024,-159.22305853875534,16.04994056381069,-19.070546258774527,20.053939058843945,-59.5954570586704,400,372,375,435,20.053939058843945,NEUTRAL,program,sensor_drive.py,function,750df67d0c33d1501e8060e5a3b5ce81e437358a154f973070c11cf1d50adae5,左壁追従（超音波のみ）,,95.63855669675935,53.60741318444563,57.76504227382664,144.59173716139844,250.0
65.75,974.6862803730977,433.3788995863815,-158.51451502829624,16.075426924992904,-18.710903947894376,20.203790021710677,-58.471574837169925,400,373,375,435,20.203790021710677,NEUTRAL,program,sensor_drive.py,function,750df67d0c33d1501e8060e5a3b5ce81e437358a154f973070c11cf1d50adae5,左壁追従（超音波のみ）,,95.35467658384076,53.72302355843031,57.18742809504432,145.8342169481894,250.0
65.8,974.3868277410932,432.6314728060006,-157.81898582996624,16.122309254509812,-18.349621800519817,20.35432424978341,-57.34256812662443,400,374,375,435,20.35432424978341,NEUTRAL,program,sensor_drive.py,function,750df67d0c33d1501e8060e5a3b5ce81e437358a154f973070c11cf1d50adae5,左壁追従（超音波のみ）,,95.07819059054373,53.85014030715136,56.63174718163242,147.09724234305796,250.0
65.85,974.0773130869395,431.8850723598033,-157.1357508788304,16.185868316975828,-17.986974194894753,20.505427418793854,-56.2092943590461,400,375,375,435,20.505427418793854,NEUTRAL,program,sensor_drive.py,function,750df67d0c33d1501e8060e5a3b5ce81e437358a154f973070c11cf1d50adae5,左壁追従（超音波のみ）,,94.80771153937404,53.98840119084329,56.09632970612278,148.38121063442352,250.0
65.9,973.7575898022058,431.1391011699763,-156.4642978662879,16.262424190091153,-17.623283504615173,20.656965206410344,-55.07276095192242,400,377,375,435,20.656965206410344,NEUTRAL,program,sensor_drive.py,function,750df67d0c33d1501e8060e5a3b5ce81e437358a154f973070c11cf1d50adae5,左壁追従（超音波のみ）,,94.542003586744,54.137467550802995,55.579824387698935,149.68617744056965,250.0
65.95,973.4275481798788,430.3931151384757,-155.8042695745777,16.349099441739803,-17.25890674975307,20.808788854269554,-53.93408359297834,401,378,375,435,20.808788854269554,NEUTRAL,program,sensor_drive.py,function,750df67d0c33d1501e8060e5a3b5ce81e437358a154f973070c11cf1d50adae5,左壁追従（超音波のみ）,,94.27994363696462,54.29701267296863,55.081119469727305,151.01190627147776,250.0
66.0,973.0871104028848,429.6467883975389,-155.15542376744168,16.443636543360757,-16.89422407246363,20.960739969806824,-52.79445022644884,401,379,375,435,20.960739969806824,NEUTRAL,program,sensor_drive.py,function,750df67d0c33d1501e8060e5a3b5ce81e437358a154f973070c11cf1d50adae5,左壁追従（超音波のみ）,,94.02049350211499,54.46671416105486,54.599284136377214,152.35790891792337,250.0
66.05,972.7362262506344,428.8998864933153,-154.5176026590026,16.544257155949126,-16.529629088551285,21.112654546436964,-51.655090901722765,401,380,375,435,21.112654546436964,NEUTRAL,program,sensor_drive.py,function,750df67d0c33d1501e8060e5a3b5ce81e437358a154f973070c11cf1d50adae5,左壁追従（超音波のみ）,,93.76267987678942,54.64624902422828,54.13352499420006,153.723478060127,250.0
66.1,972.3748694603959,428.1522456712878,-153.89070968578764,16.649553720368452,-16.16552099457692,21.264366252259617,-50.51725310805287,401,381,375,435,21.264366252259617,NEUTRAL,program,sensor_drive.py,function,750df67d0c33d1501e8060e5a3b5ce81e437358a154f973070c11cf1d50adae5,左壁追従（超音波のみ）,,93.50558001151309,54.83529059904491,53.683153680093014,155.1077134132871,250.0
66.15,972.0030346649378,427.4037568549254,-153.27469184534118,16.7584059548039,-15.802298233139473,21.41570906952522,-49.38218197856085,401,383,375,435,21.41570906952522,NEUTRAL,program,sensor_drive.py,function,750df67d0c33d1501e8060e5a3b5ce81e437358a154f973070c11cf1d50adae5,左壁追従（超音波のみ）,,93.24831155085873,55.03350670765802,53.24756270061866,156.50954259328938,250.0
66.2,971.6207348249576,426.6543532347641,-152.66952627701417,16.869916545824434,-15.44035349525268,21.56651937697805,-48.251104672664624,401,384,375,435,21.56651937697805,NEUTRAL,program,sensor_drive.py,function,750df67d0c33d1501e8060e5a3b5ce81e437358a154f973070c11cf1d50adae5,左壁追従（超音波のみ）,,92.9900254206254,55.24055864711778,52.82620736988468,157.92773773233225,250.0
66.25,971.2279990786556,425.90400063592136,-152.07521007565478,16.983361623366683,-15.080069843639412,21.716637565150243,-47.12521826137316,402,385,375,435,21.716637565150243,NEUTRAL,program,sensor_drive.py,function,750df67d0c33d1501e8060e5a3b5ce81e437358a154f973070c11cf1d50adae5,左壁追従（超音波のみ）,,92.7299009502609,55.456100736423764,52.418592271957294,159.3609287221562,250.0
66.3,970.8248709380705,425.1526900250335,-151.49175256965313,17.098152618530612,-14.721817759825042,21.865909266739564,-46.005680499453256,402,386,375,435,21.865909266739564,NEUTRAL,program,sensor_drive.py,function,750df67d0c33d1501e8060e5a3b5ce81e437358a154f973070c11cf1d50adae5,左壁追従（超音波のみ）,,92.46714263511639,55.67978023807716,52.02426108457935,160.80761382224915,250.0
66.35,970.4114067704021,424.40043166599185,-150.91916947850996,17.213806882494378,-14.36595294275877,22.014186273850513,-44.893602946121156,402,387,375,435,22.014186273850513,NEUTRAL,program,sensor_drive.py,function,750df67d0c33d1501e8060e5a3b5ce81e437358a154f973070c11cf1d50adae5,左壁追従（超音波のみ）,,92.2009781015441,55.91123753224916,51.64278890359486,162.26616824616272,250.0
66.4,969.987674511349,423.6472505478824,-150.35747850516947,17.32992504667361,-14.01281471264411,22.161327203064953,-43.790045977012845,402,389,375,435,22.161327203064953,NEUTRAL,program,sensor_drive.py,function,750df67d0c33d1501e8060e5a3b5ce81e437358a154f973070c11cf1d50adae5,左壁追従（超音波のみ）,,91.93065695295442,56.15010646326492,51.273776430788324,163.73485123185594,250.0
66.45,969.5537525658405,422.89318279610285,-149.80669602503713,17.446173568596475,-13.662724898229209,22.30719795907116,-42.69601530696628,402,390,375,435,22.30719795907116,NEUTRAL,program,sensor_drive.py,function,750df67d0c33d1501e8060e5a3b5ce81e437358a154f973070c11cf1d50adae5,左壁追従（超音波のみ）,,91.65545025869024,56.39601480604141,50.916845552807885,165.21181201100407,250.0
66.5,969.1097288591025,422.1382728448494,-149.2668346147738,17.562271266014697,-13.3159871077966,22.45167203841808,-41.612459711864375,403,391,375,435,22.45167203841808,NEUTRAL,program,sensor_drive.py,function,750df67d0c33d1501e8060e5a3b5ce81e437358a154f973070c11cf1d50adae5,左壁追従（超音波のみ）,,91.3746505085873,56.648584818684874,50.571635960801636,166.69509501591276,250.0
66.55,968.655700007663,421.38257120071995,-148.73790122565092,17.677978917702063,-12.972886303096233,22.594630707043237,-40.54026969717573,403,392,375,435,22.594630707043237,NEUTRAL,program,sensor_drive.py,function,750df67d0c33d1501e8060e5a3b5ce81e437358a154f973070c11cf1d50adae5,左壁追従（超音波のみ）,,91.08757190060693,56.907433859576614,50.237802550632715,168.18264459914005,250.0
66.6,968.1917705856287,420.6261326667196,-148.2198958530922,17.793091221937264,-12.633688611462984,22.73596307855709,-39.48027691082183,403,393,375,435,22.73596307855709,NEUTRAL,program,sensor_drive.py,function,750df67d0c33d1501e8060e5a3b5ce81e437358a154f973070c11cf1d50adae5,左壁追従（超音波のみ）,,90.7935508614585,57.17217505502123,49.91501341032162,169.67230948822854,250.0
66.65,967.7180524664278,419.86901492624,-147.71281058955623,17.90743056732057,-12.298641324586194,22.875566114755753,-38.43325413933186,403,394,375,435,22.875566114755753,NEUTRAL,program,sensor_drive.py,function,750df67d0c33d1501e8060e5a3b5ce81e437358a154f973070c11cf1d50adae5,左壁追従（超音波のみ）,,90.49194672399808,57.44241800831603,49.60294825082865,171.1618471543258,250.0
66.7,967.2346642242752,419.1112774097914,-147.21662897483415,18.020842196536556,-11.967973043166044,23.01334456534748,-37.39991575989389,403,395,375,435,23.01334456534748,NEUTRAL,program,sensor_drive.py,function,750df67d0c33d1501e8060e5a3b5ce81e437358a154f973070c11cf1d50adae5,左壁追従（超音波のみ）,,90.18214250274,57.7177695439043,49.30129717292479,172.64892823727658,250.0
66.75,966.7417305829767,418.3529803850272,-146.7313255782158,18.13319044059987,-11.641893935358253,23.149210860267395,-36.38091854799454,403,396,375,435,23.149210860267395,NEUTRAL,program,sensor_drive.py,function,750df67d0c33d1501e8060e5a3b5ce81e437358a154f973070c11cf1d50adae5,左壁追従（超音波のみ）,,89.86354572183286,57.997834481781,49.009759690056384,174.131141139656,250.0
66.8,966.2393819024434,417.5941842241967,-146.2568657623903,18.244355775684596,-11.32059608380675,23.28308496508052,-35.37686276189609,404,397,375,435,23.28308496508052,NEUTRAL,program,sensor_drive.py,function,750df67d0c33d1501e8060e5a3b5ce81e437358a154f973070c11cf1d50adae5,左壁追従（超音波のみ）,,89.53558925956276,58.28221643799839,48.728043947243535,175.605996876995,250.0
66.85,965.7277536955174,416.8349488135598,-145.79320559059673,18.354232511988254,-11.004253901512493,23.414894207703128,-34.38829344222654,404,398,375,435,23.414894207703128,NEUTRAL,program,sensor_drive.py,function,750df67d0c33d1501e8060e5a3b5ce81e437358a154f973070c11cf1d50adae5,左壁追従（超音波のみ）,,89.19773218079051,58.57051864728698,48.45586609099543,177.07093425016373,250.0
66.9,965.2069861695167,416.07533307725566,-145.34029184733896,18.46272696818691,-10.693024601053832,23.544573082894235,-33.41570187829323,404,399,375,435,23.544573082894235,NEUTRAL,program,sensor_drive.py,function,750df67d0c33d1501e8060e5a3b5ce81e437358a154f973070c11cf1d50adae5,左壁追従（超音波のみ）,,88.84946053436293,58.86234480368123,48.192949756321845,178.52332538771114,248.40778210872747
66.95,964.6772237883322,415.31539459420003,-144.8980621496243,18.569756018954475,-10.387048704992146,23.672063039586604,-32.45952720310046,404,400,375,435,23.672063039586604,NEUTRAL,program,sensor_drive.py,function,750df67d0c33d1501e8060e5a3b5ce81e437358a154f973070c11cf1d50adae5,左壁追従（超音波のみ）,,88.490288096947,59.15729991476814,47.939025645167995,179.96048169032505,241.45053241221768
67.0,964.1386148520526,414.5551892912398,-144.46644513070166,18.675245929099198,-10.08645058786662,23.797312255055573,-31.52015808708319,404,401,375,435,23.797312255055573,NEUTRAL,program,sensor_drive.py,function,750df67d0c33d1501e8060e5a3b5ce81e437358a154f973070c11cf1d50adae5,左壁追従（超音波のみ）,,88.1197570482653,59.454991164849396,47.69383117674501,181.3796601958893,235.37610787193321
67.05,963.5913110919738,413.7947711993578,-144.04536068206826,18.779131407924964,-9.791339042153,23.920275399102916,-30.597934506728123,404,402,375,435,23.920275399102916,NEUTRAL,program,sensor_drive.py,function,750df67d0c33d1501e8060e5a3b5ce81e437358a154f973070c11cf1d50adae5,左壁追従（超音波のみ）,,87.73743856560286,59.755028781999386,47.45711019480924,182.77807037158595,230.05250567580336
67.1,963.0354672795387,413.0341922624473,-143.6347202423823,18.881354832846384,-9.501807862073477,24.040913390802718,-29.693149568979614,405,403,375,435,24.040913390802718,NEUTRAL,program,sensor_drive.py,function,750df67d0c33d1501e8060e5a3b5ce81e437358a154f973070c11cf1d50adae5,左壁追従（超音波のみ）,,87.34293332790435,60.05702690373498,47.22861272036792,184.15288132872692,218.21431453442705
67.15,962.4712408482733,412.27350219026795,-143.23442712409513,18.9818656031461,-9.217936440298725,24.15919314987553,-28.806051375933517,405,404,375,435,24.15919314987553,NEUTRAL,program,sensor_drive.py,function,750df67d0c33d1501e8060e5a3b5ce81e437358a154f973070c11cf1d50adae5,左壁追従（超音波のみ）,,86.9358719218844,60.36060443582605,47.00809474086372,185.50122944635112,217.1985372463921
67.2,961.8987915281782,411.51274834880496,-142.84437687027398,19.080619593883647,-8.939790373459337,24.27508734439194,-27.936844917060426,405,405,375,435,24.27508734439194,NEUTRAL,program,sensor_drive.py,function,750df67d0c33d1501e8060e5a3b5ce81e437358a154f973070c11cf1d50adae5,左壁追従（超音波のみ）,,86.51591514444252,60.66538589866763,46.79531802881793,186.82022638090334,216.5844755408449
67.25,961.3182809923163,410.7519756824901,-142.46445763535408,19.177578686980265,-8.667422073051977,24.388574136228343,-27.085693978287427,405,406,375,435,24.388574136228343,NEUTRAL,program,sensor_drive.py,function,750df67d0c33d1501e8060e5a3b5ce81e437358a154f973070c11cf1d50adae5,左壁追従（超音波のみ）,,86.08275419735438,60.971002255627276,46.59004998438448,188.10696743142572,216.17488422766422
67.3,960.7298725155425,409.9912266637048,-142.0945505845385,19.27271036190034,-8.400871378836344,24.499636925484857,-26.252723058863573,405,407,375,435,24.499636925484857,NEUTRAL,program,sensor_drive.py,function,750df67d0c33d1501e8060e5a3b5ce81e437358a154f973070c11cf1d50adae5,左壁追従（超音波のみ）,,85.6361107717415,61.277091717854255,46.39206349737818,189.3585402225805,215.90916637704797
67.35,960.1337306454539,409.23054126572976,-141.7345303073271,19.365987332500207,-8.14016617220969,24.608264094912627,-25.438019288155285,405,408,375,435,24.608264094912627,NEUTRAL,program,sensor_drive.py,function,750df67d0c33d1501e8060e5a3b5ce81e437358a154f973070c11cf1d50adae5,左壁追従（超音波のみ）,,85.17573702122992,61.58330052020023,46.20113682519255,190.57203366145572,215.7642634287304
67.4,959.5328226595938,408.474497092896,-141.29795135379354,19.28199330971383,-10.22016617220969,23.74159742824596,-31.938019288155285,404,401,375,435,23.74159742824596,NEUTRAL,program,sensor_drive.py,function,750df67d0c33d1501e8060e5a3b5ce81e437358a154f973070c11cf1d50adae5,前方回避：右旋回,,84.70141542401062,61.88928366314782,46.01705348369119,191.74454711845505,215.74069206187806
67.45,958.9308301993026,407.73002143919854,-140.77130011936103,19.060678196230015,-12.300166172209693,22.874930761579293,-38.43801928815529,403,394,375,435,22.874930761579293,NEUTRAL,program,sensor_drive.py,function,750df67d0c33d1501e8060e5a3b5ce81e437358a154f973070c11cf1d50adae5,前方回避：右旋回,,84.33841277460259,62.24229956317272,45.841300441722574,193.68650180450658,216.53871705360166
67.5,958.3305542139949,407.0025813444119,-140.15861991375638,18.732988759513034,-14.380166172209693,22.00826409491263,-44.93801928815529,402,387,375,435,22.00826409491263,NEUTRAL,program,sensor_drive.py,function,750df67d0c33d1501e8060e5a3b5ce81e437358a154f973070c11cf1d50adae5,前方回避：右旋回,,84.11859748466215,61.38823576756393,45.67822795096282,196.62192841809838,250.0
67.55,957.7341998233886,406.29645361082993,-139.4645077240302,18.322897584025668,-16.460166172209693,21.14159742824596,-51.43801928815529,401,380,375,435,21.14159742824596,NEUTRAL,program,sensor_drive.py,function,750df67d0c33d1501e8060e5a3b5ce81e437358a154f973070c11cf1d50adae5,前方回避：右旋回,,84.0498813699997,61.321209171501906,45.532123318630525,200.6471210738413,250.0
67.6,957.1435608446884,405.6149587418372,-138.69388449196515,17.84897477750175,-18.54016617220969,20.274930761579295,-57.93801928815529,400,374,375,435,20.274930761579295,NEUTRAL,program,sensor_drive.py,function,750df67d0c33d1501e8060e5a3b5ce81e437358a154f973070c11cf1d50adae5,前方回避：右旋回,,84.13961207942171,61.84956093103765,45.40702251930682,202.33542025759013,250.0
67.65,956.5601541520116,404.96064536886695,-137.85184419389608,17.325605476503473,-20.620166172209693,19.408264094912628,-64.43801928815529,399,367,375,435,19.408264094912628,NEUTRAL,program,sensor_drive.py,function,750df67d0c33d1501e8060e5a3b5ce81e437358a154f973070c11cf1d50adae5,前方回避：右旋回,,84.39508330108038,61.3788908746402,45.30671129843317,250.0,250.0
67.7,955.9853165905746,404.33543529319684,-136.94355883270657,16.763932974159736,-22.70016617220969,18.541597428245964,-70.93801928815529,398,360,375,435,18.541597428245964,NEUTRAL,program,sensor_drive.py,function,750df67d0c33d1501e8060e5a3b5ce81e437358a154f973070c11cf1d50adae5,前方回避：右旋回,,84.8238972787451,60.96989235800169,45.234729036818614,250.0,250.0
67.75,955.4143848871931,403.73331158332826,-136.11411971289266,16.48508937716288,-20.620166172209693,19.408264094912628,-64.43801928815529,399,367,375,435,19.408264094912628,NEUTRAL,program,sensor_drive.py,function,750df67d0c33d1501e8060e5a3b5ce81e437358a154f973070c11cf1d50adae5,左壁追従（超音波のみ）,,85.43422910981656,60.6269102606119,45.19437446342996,250.0,250.0
67.8,954.8404050705548,403.1442766336066,-135.3801097463815,16.42533618531975,-18.54016617220969,20.274930761579295,-57.93801928815529,400,374,375,435,20.274930761579295,NEUTRAL,program,sensor_drive.py,function,750df67d0c33d1501e8060e5a3b5ce81e437358a154f973070c11cf1d50adae5,左壁追従（超音波のみ）,,85.98666996874061,60.295968925361706,45.175763399566065,250.0,250.0
67.85,954.2578443802438,402.56070067153246,-134.73033805990332,16.535299046973893,-16.460166172209693,21.14159742824596,-51.43801928815529,401,380,375,435,21.14159742824596,NEUTRAL,program,sensor_drive.py,function,750df67d0c33d1501e8060e5a3b5ce81e437358a154f973070c11cf1d50adae5,左壁追従（超音波のみ）,,86.4274753216722,59.95620975429546,45.17159758212987,250.0,250.0
67.9,953.6623342945348,401.9767384192791,-134.15833158455797,16.77673064544686,-14.380166172209693,22.00826409491263,-44.93801928815529,402,387,375,435,22.00826409491263,NEUTRAL,program,sensor_drive.py,function,750df67d0c33d1501e8060e5a3b5ce81e437358a154f973070c11cf1d50adae5,左壁追従（超音波のみ）,,86.75284792733119,59.59938226958352,45.17772686106089,250.0,250.0
67.95,953.0504871283665,401.387853844513,-133.66105498919868,17.120003103429426,-12.300166172209693,22.874930761579293,-38.43801928815529,403,394,375,435,22.874930761579293,NEUTRAL,program,sensor_drive.py,function,750df67d0c33d1501e8060e5a3b5ce81e437358a154f973070c11cf1d50adae5,左壁追従（超音波のみ）,,86.95563997537091,59.21835367956235,45.19081329431694,250.0,250.0
68.0,952.4197379508322,400.7904613445119,-133.23798953196666,17.542165500698065,-10.220166172209693,23.74159742824596,-31.93801928815529,404,401,375,435,23.74159742824596,NEUTRAL,program,sensor_drive.py,function,750df67d0c33d1501e8060e5a3b5ce81e437358a154f973070c11cf1d50adae5,左壁追従（超音波のみ）,,87.02605545139602,58.80671313353247,45.20793375076714,250.0,250.0
68.05,951.7703837156797,400.1840097798846,-132.84871797389843,17.919657422664518,-9.548332208488295,24.02152824646321,-29.83853815152592,405,403,375,435,24.02152824646321,NEUTRAL,program,sensor_drive.py,function,750df67d0c33d1501e8060e5a3b5ce81e437358a154f973070c11cf1d50adae5,左壁追従（超音波のみ）,,86.95236926761481,58.35855043280478,45.22634356288007,250.0,250.0
68.1,951.1053208189965,399.57150023271276,-132.4401777814443,18.18995980006512,-9.842763325978876,23.89884861417547,-30.758635393683985,404,402,375,435,23.89884861417547,NEUTRAL,program,sensor_drive.py,function,750df67d0c33d1501e8060e5a3b5ce81e437358a154f973070c11cf1d50adae5,左壁追従（超音波のみ）,,86.80499773151413,57.88852358465623,45.24921699431551,250.0,250.0
68.15,950.42767416677,398.9564666958086,-132.01372397786204,18.376669042687016,-10.144647743577995,23.773063440175836,-31.702024198681233,404,401,375,435,23.773063440175836,NEUTRAL,program,sensor_drive.py,function,750df67d0c33d1501e8060e5a3b5ce81e437358a154f973070c11cf1d50adae5,左壁追従（超音波のみ）,,86.68859092458207,57.421841861742564,45.2836975126068,250.0,250.0
68.2,949.739887374853,398.34168466060277,-131.57050312608482,18.49817679128043,-10.452482101131936,23.64479912452836,-32.6640065660373,404,400,375,435,23.64479912452836,NEUTRAL,program,sensor_drive.py,function,750df67d0c33d1501e8060e5a3b5ce81e437358a154f973070c11cf1d50adae5,左壁追従（超音波のみ）,,86.60704277391086,56.96194036601099,45.330726091142786,250.0,250.0
68.25,949.0438734255416,397.7293387671807,-131.1114676769514,18.568820477126913,-10.765061100209081,23.51455787491288,-33.64081593815338,404,399,375,435,23.51455787491288,NEUTRAL,program,sensor_drive.py,function,750df67d0c33d1501e8060e5a3b5ce81e437358a154f973070c11cf1d50adae5,左壁追従（超音波のみ）,,86.56368622971308,56.51155635248066,45.3911506879322,250.0,250.0
68.3,948.3411319289565,397.1211534751145,-130.63741513312326,18.59978003302026,-11.081405056998914,23.38274789291712,-34.62939080312161,404,398,375,435,23.38274789291712,NEUTRAL,program,sensor_drive.py,function,750df67d0c33d1501e8060e5a3b5ce81e437358a154f973070c11cf1d50adae5,左壁追従（超音波のみ）,,86.56150926369381,56.07289913772471,45.46575658435893,250.0,250.0
68.35,947.632840497007,396.51849478677457,-130.14901908715012,18.59977639094298,-11.400708384260579,23.249704839891425,-35.62721370081431,404,397,375,435,23.249704839891425,NEUTRAL,program,sensor_drive.py,function,750df67d0c33d1501e8060e5a3b5ce81e437358a154f973070c11cf1d50adae5,左壁追従（超音波のみ）,,86.60327370772212,55.64777120651299,45.555287189941396,250.0,250.0
68.4,946.9199260006787,395.9224493665765,-129.6468540741494,18.575615609282018,-11.72229907738658,23.11570871775559,-36.632184616833065,403,396,375,435,23.11570871775559,NEUTRAL,program,sensor_drive.py,function,750df67d0c33d1501e8060e5a3b5ce81e437358a154f973070c11cf1d50adae5,左壁追従（超音波のみ）,,86.69161055806518,55.237662618078666,45.66046065504387,250.0,250.0
68.45,946.2031201713093,395.33388602825505,-129.13141562713068,18.53261277671528,-12.045606745338505,22.98099718944229,-37.64252107918283,403,395,375,435,22.98099718944229,NEUTRAL,program,sensor_drive.py,function,750df67d0c33d1501e8060e5a3b5ce81e437358a154f973070c11cf1d50adae5,左壁追従（超音波のみ）,,86.82909694763448,54.84382448166919,45.781983110858825,250.0,250.0
68.5,945.4830030010831,394.75350348061824,-128.6031365557701,18.47492228715429,-12.370137287197563,22.84577613033435,-38.65667902249238,403,394,375,435,22.84577613033435,NEUTRAL,program,sensor_drive.py,function,750df67d0c33d1501e8060e5a3b5ce81e437358a154f973070c11cf1d50adae5,左壁追従（超音波のみ）,,87.0183191217154,54.467326078792205,45.920559244683375,250.0,250.0
68.55,944.7600366238588,394.1818673716958,-128.0624002186681,18.405795197481247,-12.695452740949818,22.71022802460424,-39.67328981546818,403,393,375,435,22.71022802460424,NEUTRAL,program,sensor_drive.py,function,750df67d0c33d1501e8060e5a3b5ce81e437358a154f973070c11cf1d50adae5,左壁追従（超音波のみ）,,87.26192497039762,54.10909924335617,46.07690080331484,250.0,250.0
68.6,944.0345917597679,393.61943900394857,-127.50955138285038,18.32777979840778,-13.021155157022363,22.574518684574016,-40.691109865694884,403,392,375,435,22.574518684574016,NEUTRAL,program,sensor_drive.py,function,750df67d0c33d1501e8060e5a3b5ce81e437358a154f973070c11cf1d50adae5,左壁追従（超音波のみ）,,87.56266900487933,53.7699728362016,46.251733510360694,250.0,250.0
68.65,943.3069683445816,393.06659757071964,-126.94490513667476,18.24287796101122,-13.346873599750051,22.438802666770812,-41.70897999921891,403,391,375,435,22.438802666770812,NEUTRAL,program,sensor_drive.py,function,750df67d0c33d1501e8060e5a3b5ce81e437358a154f973070c11cf1d50adae5,左壁追従（超音波のみ）,,87.92345211925935,53.450699534176564,46.44580278946045,250.0,250.0
68.7,942.5774116062972,392.52365735559584,-126.36875422735558,18.152667043230537,-13.672253573476691,22.303227677718045,-42.72579241711466,402,390,375,435,22.303227677718045,NEUTRAL,program,sensor_drive.py,function,750df67d0c33d1501e8060e5a3b5ce81e437358a154f973070c11cf1d50adae5,左壁追従（超音波のみ）,,88.34735804594226,53.15197666640039,46.6598786060632,250.0,250.0
68.75,941.8461245729804,391.99088101733815,-125.78137512190838,18.05839497718689,-13.996948319845792,22.167938200064253,-43.7404634995181,402,389,375,435,22.167938200064253,NEUTRAL,program,sensor_drive.py,function,750df67d0c33d1501e8060e5a3b5ce81e437358a154f973070c11cf1d50adae5,左壁追従（超音波のみ）,,88.83768807801131,52.87446244644513,46.89475967489669,250.0,250.0
68.8,941.1132777793808,391.4684898341735,-125.18303303396829,17.961054473593137,-14.320611549086236,22.03307852121407,-44.75191109089449,402,388,375,435,22.03307852121407,NEUTRAL,program,sensor_drive.py,function,750df67d0c33d1501e8060e5a3b5ce81e437358a154f973070c11cf1d50adae5,左壁追従（超音波のみ）,,89.39799538167566,52.618788647821184,47.151277227086005,250.0,250.0
68.85,940.3790167712428,390.95667158727053,-124.57398611438761,17.861440967778655,-14.642891258349932,21.898795309020862,-45.75903518234354,402,386,375,435,21.898795309020862,NEUTRAL,program,sensor_drive.py,function,750df67d0c33d1501e8060e5a3b5ce81e437358a154f973070c11cf1d50adae5,左壁追従（超音波のみ）,,90.0321200431143,52.38557053420126,47.43029848821825,250.0,250.0
68.9,939.6434678748133,390.45558661214204,-123.95448896789895,17.760197910468257,-14.96342436023134,21.765239849903608,-46.76070112572294,402,385,375,435,21.765239849903608,NEUTRAL,program,sensor_drive.py,function,750df67d0c33d1501e8060e5a3b5ce81e437358a154f973070c11cf1d50adae5,左壁追従（超音波のみ）,,90.74422587569619,52.175414671359704,47.73272998473335,250.0,250.0
68.95,938.9067425964901,389.96537242912103,-123.32479562943354,17.65785221116668,-15.281831898914639,21.6325700421189,-47.755724684108245,402,384,375,435,21.6325700421189,NEUTRAL,program,sensor_drive.py,function,750df67d0c33d1501e8060e5a3b5ce81e437358a154f973070c11cf1d50adae5,左壁追従（超音波のみ）,,91.53883994690038,51.98892510372573,48.05952076916217,250.0,250.0
69.0,938.1689409374507,389.48614727257916,-122.68516211047398,17.55484202278483,-15.597714673386317,21.500952219422366,-48.74285835433224,401,383,375,435,21.500952219422366,NEUTRAL,program,sensor_drive.py,function,750df67d0c33d1501e8060e5a3b5ce81e437358a154f973070c11cf1d50adae5,左壁追従（超音波のみ）,,92.42089576283274,51.82670826588223,48.41166563347253,250.0,250.0
69.05,937.4301538454597,389.01801276742,-122.03584860702547,17.4515385740485,-15.910649119457197,21.370562866892833,-49.720778498303744,401,382,375,435,21.370562866892833,NEUTRAL,program,sensor_drive.py,function,750df67d0c33d1501e8060e5a3b5ce81e437358a154f973070c11cf1d50adae5,左壁追従（超音波のみ）,,93.39578106777903,51.68937691128923,48.790208362869606,250.0,250.0
69.1,936.6904649770314,388.56105594609943,-121.37712144559525,17.348263380926326,-16.2201833270185,21.241590280408957,-50.68807289693281,401,381,375,435,21.241590280408957,NEUTRAL,program,sensor_drive.py,function,750df67d0c33d1501e8060e5a3b5ce81e437358a154f973070c11cf1d50adae5,左壁追従（超音波のみ）,,94.46939127447673,51.57755327140364,49.196245068741774,250.0,250.0
69.15,935.9499519047088,388.11535075647055,-120.70925483134597,17.245301876187593,-16.52583308760178,21.11423621349926,-51.643228398755554,401,380,375,435,21.11423621349926,NEUTRAL,program,sensor_drive.py,function,750df67d0c33d1501e8060e5a3b5ce81e437358a154f973070c11cf1d50adae5,左壁追従（超音波のみ）,,95.64818963747912,51.491871603856865,49.63092762815013,250.0,250.0
69.2,935.2086868740729,387.68095917739424,-120.03253245282878,17.142914268866118,-16.82707788118699,20.98871754950542,-52.58461837870935,401,379,375,435,20.98871754950542,NEUTRAL,program,sensor_drive.py,function,750df67d0c33d1501e8060e5a3b5ce81e437358a154f973070c11cf1d50adae5,左壁追従（超音波のみ）,,96.93927541870849,51.43298024494713,50.09546724752776,250.0,250.0
69.25,934.4667371914107,387.2579320331567,-119.34724899000932,17.041344268546645,-17.123356721287397,20.86526803279692,-53.51048975402312,401,378,375,435,20.86526803279692,NEUTRAL,program,sensor_drive.py,function,750df67d0c33d1501e8060e5a3b5ce81e437358a154f973070c11cf1d50adae5,左壁追従（超音波のみ）,,98.35046147466922,51.40154324669558,50.59113815942269,250.0,250.0
69.3,933.7241653043073,386.84630957763073,-118.65371156635054,16.94082617185535,-17.414063784424044,20.74414008982332,-54.418949326325134,400,377,375,435,20.74414008982332,NEUTRAL,program,sensor_drive.py,function,750df67d0c33d1501e8060e5a3b5ce81e437358a154f973070c11cf1d50adae5,左壁追従（超音波のみ）,,99.89036292447717,51.39824164989647,51.11928145253832,250.0,250.0
69.35,932.9810286226963,386.4461219035139,-117.95224118125347,16.841590701641017,-17.69854375483161,20.625606768820163,-55.30794923384879,400,376,375,435,20.625606768820163,NEUTRAL,program,sensor_drive.py,function,750df67d0c33d1501e8060e5a3b5ce81e437358a154f973070c11cf1d50adae5,左壁追従（超音波のみ）,,101.56849884494581,51.423774420212524,51.681309026428096,250.0,250.0
69.4,932.2373791162295,386.0573892198645,-117.24317415597459,16.74386990631072,-17.976086818136164,20.509963825776598,-56.17527130667551,400,376,375,435,20.509963825776598,NEUTRAL,program,sensor_drive.py,function,750df67d0c33d1501e8060e5a3b5ce81e437358a154f973070c11cf1d50adae5,左壁追従（超音波のみ）,,103.39540929426249,51.478859052992654,52.27870765238955,250.0,250.0
69.45,931.4932627145303,385.6801220317541,-116.52686362407508,16.647901362354567,-18.245923239292384,20.397531983628173,-57.0185101227887,400,375,375,435,20.397531983628173,NEUTRAL,program,sensor_drive.py,function,750df67d0c33d1501e8060e5a3b5ce81e437358a154f973070c11cf1d50adae5,左壁追従（超音波のみ）,,105.3827904034422,51.56423183290832,52.91304311076272,250.0,250.0
69.5,930.7479116702148,385.31378866086146,-115.82054425256932,16.585680140375157,-18.084584626121526,20.464756405782698,-56.51432695662977,400,375,375,435,20.464756405782698,NEUTRAL,program,sensor_drive.py,function,750df67d0c33d1501e8060e5a3b5ce81e437358a154f973070c11cf1d50adae5,左壁追従（超音波のみ）,,107.5436508129894,51.68064771569791,52.77905231758845,250.0,250.0
69.55,929.9999616538848,384.95744439536116,-115.12832285287274,16.559846090957283,-17.78686236425824,20.588807348225732,-55.583944888307,400,376,375,435,20.588807348225732,NEUTRAL,program,sensor_drive.py,function,750df67d0c33d1501e8060e5a3b5ce81e437358a154f973070c11cf1d50adae5,左壁追従（超音波のみ）,,109.81529703508147,51.81432072170465,52.41210362453925,250.0,250.0
69.6,929.2494087513571,384.6110180722186,-114.42413461924086,16.515378761073624,-18.112410684033957,20.453162214985852,-56.60128338760612,400,375,375,435,20.453162214985852,NEUTRAL,program,sensor_drive.py,function,750df67d0c33d1501e8060e5a3b5ce81e437358a154f973070c11cf1d50adae5,左壁追従（超音波のみ）,,112.18197020374674,51.9605487444627,53.24654116686052,250.0,250.0
69.65,928.4956304549361,384.2741403294357,-113.73740296838797,16.511006172251406,-17.71207160556081,20.619970164349663,-55.35022376737753,400,376,375,435,20.619970164349663,NEUTRAL,program,sensor_drive.py,function,750df67d0c33d1501e8060e5a3b5ce81e437358a154f973070c11cf1d50adae5,左壁追従（超音波のみ）,,114.776482470783,52.14156596242944,52.74899291461128,250.0,250.0
69.7,927.7372603897712,383.94593380468206,-113.06647773394221,16.53744483431993,-17.315030096139882,20.785404126608384,-54.10946905043713,400,378,375,435,20.785404126608384,NEUTRAL,program,sensor_drive.py,function,750df67d0c33d1501e8060e5a3b5ce81e437358a154f973070c11cf1d50adae5,左壁追従（超音波のみ）,,117.46738138230793,52.332061463881416,52.27243153734514,250.0,250.0
69.75,926.973261975948,383.6257459421779,-112.41014367779006,16.587524878722515,-16.92100010194076,20.949583290858016,-52.87812531856487,401,379,375,435,20.949583290858016,NEUTRAL,program,sensor_drive.py,function,750df67d0c33d1501e8060e5a3b5ce81e437358a154f973070c11cf1d50adae5,左壁追従（超音波のみ）,,120.26310489738361,52.53183833038397,51.81491722989628,250.0,250.0
69.8,926.202856407347,383.3130916728698,-111.76751010663814,16.65570207215513,-16.529850777213674,21.11256217616097,-51.65578367879273,401,380,375,435,21.11256217616097,NEUTRAL,program,sensor_drive.py,function,750df67d0c33d1501e8060e5a3b5ce81e437358a154f973070c11cf1d50adae5,左壁追従（超音波のみ）,,123.1716706346067,52.74068872886062,51.37492430164776,250.0,250.0
69.85,925.4254664292822,383.0076104269079,-111.13792772959702,16.737682688130064,-16.141568079026925,21.27434663373878,-50.44240024695914,401,382,375,435,21.27434663373878,NEUTRAL,program,sensor_drive.py,function,750df67d0c33d1501e8060e5a3b5ce81e437358a154f973070c11cf1d50adae5,左壁追従（超音波のみ）,,126.200819643073,52.958387645289434,50.95123406367295,250.0,250.0
69.9,924.6406724928659,382.7090338580032,-110.5209260115728,16.83013522185488,-15.756224094633266,21.43490662723614,-49.23820029572896,401,383,375,435,21.43490662723614,NEUTRAL,program,sensor_drive.py,function,750df67d0c33d1501e8060e5a3b5ce81e437358a154f973070c11cf1d50adae5,左壁追従（超音波のみ）,,129.3581380229568,53.184690149653186,50.54285627636653,250.0,250.0
69.95,923.8481785790502,382.41716159024986,-109.91616596433494,16.93046889478316,-15.373952792930254,21.59418633627906,-48.043602477907044,401,384,375,435,21.59418633627906,NEUTRAL,program,sensor_drive.py,function,750df67d0c33d1501e8060e5a3b5ce81e437358a154f973070c11cf1d50adae5,左壁追従（超音波のみ）,,132.6511598598751,53.41933077994455,50.14897138883175,250.0,250.0
70.0,923.0477855619437,382.1318429833422,-109.32340457542932,17.036663503367397,-14.994931016948838,21.752112076271317,-46.85915942796512,402,385,375,435,21.752112076271317,NEUTRAL,program,sensor_drive.py,function,750df67d0c33d1501e8060e5a3b5ce81e437358a154f973070c11cf1d50adae5,左壁追従（超音波のみ）,,136.08745474258896,53.662024155542824,49.76888796984422,250.0,250.0
70.05,922.239370441259,381.8529634191803,-108.74246801642391,17.14713872394061,-14.619363697731972,21.908598459278345,-45.68551155541241,402,387,375,435,21.908598459278345,NEUTRAL,program,sensor_drive.py,function,750df67d0c33d1501e8060e5a3b5ce81e437358a154f973070c11cf1d50adae5,左壁追従（超音波のみ）,,139.67470279247993,53.91246626477072,49.402011270941536,250.0,250.0
70.1,921.4228701384204,381.5804339895227,-108.17323147789384,17.26065372886238,-14.247472436232474,22.063553151569803,-44.52335136322648,402,388,375,435,22.063553151569803,NEUTRAL,program,sensor_drive.py,function,750df67d0c33d1501e8060e5a3b5ce81e437358a154f973070c11cf1d50adae5,左壁追従（超音波のみ）,,143.42075974797518,54.17033608590042,49.047819966140146,250.0,250.0
70.15,920.5982688382405,381.3141837450071,-107.61560400895745,17.376230082570828,-13.87948675283957,22.21688051965018,-43.37339610262366,402,389,375,435,22.21688051965018,NEUTRAL,program,sensor_drive.py,function,750df67d0c33d1501e8060e5a3b5ce81e437358a154f973070c11cf1d50adae5,左壁追従（超音波のみ）,,147.33371427106684,54.43529733806744,48.705848909144414,250.0,250.0
70.2,919.7655880836351,381.0541538754829,-107.0695171382684,17.49309251335987,-13.515637437623225,22.368484400990322,-42.23636699257258,402,390,375,435,22.368484400990322,NEUTRAL,program,sensor_drive.py,function,750df67d0c33d1501e8060e5a3b5ce81e437358a154f973070c11cf1d50adae5,左壁追従（超音波のみ）,,151.42193930160812,54.707000245672475,48.37567632647501,250.0,250.0
70.25,918.9248790073434,380.8002933484324,-106.53491635395633,17.610623408707433,-13.156151547135225,22.518270188693656,-41.11297358479758,403,391,375,435,22.518270188693656,NEUTRAL,program,sensor_drive.py,function,750df67d0c33d1501e8060e5a3b5ce81e437358a154f973070c11cf1d50adae5,左壁追従（超音波のみ）,,155.69413898808068,54.98508325443874,48.05691428556312,250.0,250.0
70.3,918.076216222392,380.5525556497536,-106.01175474655079,17.72832784483066,-12.801248686827309,22.66614638048862,-40.00390214633534,403,392,375,435,22.66614638048862,NEUTRAL,program,sensor_drive.py,function,750df67d0c33d1501e8060e5a3b5ce81e437358a154f973070c11cf1d50adae5,左壁追従（超音波のみ）,,157.28257763906925,55.26917467073241,47.74920158417283,250.0,250.0
70.35,917.2196930003738,380.3108963592707,-105.49998828971502,17.845806701304735,-12.451138294044558,22.812025710814765,-38.909807168889245,403,394,375,435,22.812025710814765,NEUTRAL,program,sensor_drive.py,function,750df67d0c33d1501e8060e5a3b5ce81e437358a154f973070c11cf1d50adae5,左壁追従（超音波のみ）,,250.0,55.55889421552376,47.45219843261728,250.0,250.0
70.4,916.3554174501127,380.07527135944264,-104.9995723623982,17.96273598034939,-12.106017697650977,22.955825959312094,-37.831305305159304,403,395,375,435,22.955825959312094,NEUTRAL,program,sensor_drive.py,function,750df67d0c33d1501e8060e5a3b5ce81e437358a154f973070c11cf1d50adae5,左壁追従（超音波のみ）,,250.0,55.85385449533818,47.16558246541264,250.0,250.0
70.45,915.4835094741413,379.84563552535207,-104.51045921311285,18.078850887316257,-11.7660707790799,23.097470508716707,-36.76897118462469,403,396,375,435,23.097470508716707,NEUTRAL,program,sensor_drive.py,function,750df67d0c33d1501e8060e5a3b5ce81e437358a154f973070c11cf1d50adae5,左壁追従（超音波のみ）,,250.0,56.15366239799134,46.88904574042421,250.0,250.0
70.5,914.6040983307528,379.62194178131745,-104.03259614024479,18.19393356447254,-11.431467098202653,23.23688870908223,-35.72333468188329,404,397,375,435,23.23688870908223,NEUTRAL,program,sensor_drive.py,function,750df67d0c33d1501e8060e5a3b5ce81e437358a154f973070c11cf1d50adae5,左壁追従（超音波のみ）,,250.0,56.45792042290964,46.6222924728797,250.0,250.0
70.55,913.717320668396,379.40414043744704,-103.56592421747342,18.307803627833817,-11.102361377795969,23.374016092585013,-34.6948793056124,404,398,375,435,23.374016092585013,NEUTRAL,program,sensor_drive.py,function,750df67d0c33d1501e8060e5a3b5ce81e437358a154f973070c11cf1d50adae5,左壁追従（超音波のみ）,,250.0,56.76622795581646,46.36503731741122,250.0,250.0
70.6,912.823318929404,379.1921787404805,-103.11037743495113,18.420310854602743,-10.778893264184553,23.508794473256437,-33.68404145057673,404,399,375,435,23.508794473256437,NEUTRAL,program,sensor_drive.py,function,750df67d0c33d1501e8060e5a3b5ce81e437358a154f973070c11cf1d50adae5,左壁追従（超音波のみ）,,250.0,57.078182496415145,46.11700405977088,250.0,250.0
70.65,911.9222400434217,378.9860005890572,-102.66588215820741,18.53132952060328,-10.461187300190156,23.641171958254102,-32.69121031309424,404,400,375,435,23.641171958254102,NEUTRAL,program,sensor_drive.py,function,750df67d0c33d1501e8060e5a3b5ce81e437358a154f973070c11cf1d50adae5,左壁追従（超音波のみ）,,250.0,57.393380846001094,45.8779246156275,250.0,250.0
70.7,911.0142343489797,378.7855463754319,-102.23235683032972,18.64075400363315,-10.149353060928474,23.771102891279803,-31.716728315401483,404,401,375,435,23.771102891279803,NEUTRAL,program,sensor_drive.py,function,750df67d0c33d1501e8060e5a3b5ce81e437358a154f973070c11cf1d50adae5,左壁追従（超音波のみ）,,250.0,57.71142026004131,45.64753826023708,250.0,250.0
70.75,910.0994546956249,378.5907529245936,-101.80971186073661,18.748495358090814,-9.84348541414946,23.89854774410439,-30.760891919217066,404,402,375,435,23.89854774410439,NEUTRAL,program,sensor_drive.py,function,750df67d0c33d1501e8060e5a3b5ce81e437358a154f973070c11cf1d50adae5,左壁追従（超音波のみ）,,250.0,58.0318995689036,45.42559103227178,250.0,250.0
70.8,909.1780556897992,378.4015535084735,-101.39784965723744,18.854478634864833,-9.543664875425161,24.02347296857285,-29.82395273570363,405,403,375,435,24.02347296857285,NEUTRAL,program,sensor_drive.py,function,750df67d0c33d1501e8060e5a3b5ce81e437358a154f973070c11cf1d50adae5,左壁追従（超音波のみ）,,250.0,58.354420268217496,45.211835269498145,250.0,250.0
70.85,908.2501930559791,378.21787791800784,-100.9966647681536,18.958640773140885,-9.249958035115633,24.14585081870182,-28.906118859736353,405,404,375,435,24.14585081870182,NEUTRAL,program,sensor_drive.py,function,750df67d0c33d1501e8060e5a3b5ce81e437358a154f973070c11cf1d50adae5,左壁追従（超音波のみ）,,250.0,58.678587578868516,45.00602924464303,250.0,250.0
70.9,907.3160230909957,378.0396525796533,-100.60604410887544,19.060928931197203,-8.962418039135557,24.265659150360186,-28.007556372298616,405,405,375,435,24.265659150360186,NEUTRAL,program,sensor_drive.py,function,750df67d0c33d1501e8060e5a3b5ce81e437358a154f973070c11cf1d50adae5,左壁追従（超音波のみ）,,250.0,59.004011475409335,44.8079368776855,250.0,250.0
70.95,906.3757021943904,377.8668007058626,-100.22586725296618,19.161299154273216,-8.681085109450494,24.382881204395627,-27.128390967032793,405,406,375,435,24.382881204395627,NEUTRAL,program,sensor_drive.py,function,750df67d0c33d1501e8060e5a3b5ce81e437358a154f973070c11cf1d50adae5,左壁追従（超音波のみ）,,250.0,59.330307680699654,44.617327506656565,250.0,250.0
71.0,905.4293864614708,377.69924247123873,-99.85600677226128,19.259715301395886,-8.405987093226885,24.49750537782213,-26.26870966633402,405,407,375,435,24.49750537782213,NEUTRAL,program,sensor_drive.py,function,750df67d0c33d1501e8060e5a3b5ce81e437358a154f973070c11cf1d50adae5,左壁追従（超音波のみ）,,250.0,59.657098623867626,44.4339757033789,250.0,250.0
71.05,904.477231328643,377.5368952077723,-99.49632861370087,19.356148171311908,-8.137140031856296,24.609524986726544,-25.428562599550922,405,408,375,435,24.609524986726544,NEUTRAL,program,sensor_drive.py,function,750df67d0c33d1501e8060e5a3b5ce81e437358a154f973070c11cf1d50adae5,左壁追従（超音波のみ）,,250.0,59.98401435819625,44.2576611238161,250.0,250.0
71.1,903.519391262851,377.37967361386825,-99.14669250313462,19.450574781689244,-7.874548742838175,24.718938023817426,-24.607964821369297,405,409,375,435,24.718938023817426,NEUTRAL,program,sensor_drive.py,function,750df67d0c33d1501e8060e5a3b5ce81e437358a154f973070c11cf1d50adae5,左壁追従（超音波のみ）,,250.0,60.3106934352479,44.08816838511355,250.0,250.0
71.15,902.5560194886768,377.2274899728691,-98.80695236825233,19.542977766506183,-7.618207408863061,24.825746912973724,-23.806898152697066,406,410,375,435,24.825746912973724,NEUTRAL,program,sensor_drive.py,function,750df67d0c33d1501e8060e5a3b5ce81e437358a154f973070c11cf1d50adae5,左壁追従（超音波のみ）,,250.0,60.636783731441476,43.92528696322876,247.12890089562418,250.0
71.2,901.5872677479798,377.0802543775701,-98.47695677426631,19.633344864798534,-7.368100169486231,24.92995826271407,-23.025313029644472,406,410,375,435,24.92995826271407,NEUTRAL,program,sensor_drive.py,function,750df67d0c33d1501e8060e5a3b5ce81e437358a154f973070c11cf1d50adae5,左壁追従（超音波のみ）,,250.0,60.96194322334838,43.76881110640579,243.52405615352848,250.0
71.25,900.6132860879711,376.93787495783823,-98.15654936711414,19.72166848026656,-7.124201711601705,25.031582620165956,-22.26313034875533,406,411,375,435,25.031582620165956,NEUTRAL,program,sensor_drive.py,function,750df67d0c33d1501e8060e5a3b5ce81e437358a154f973070c11cf1d50adae5,左壁追従（超音波のみ）,,250.0,61.285840708161984,43.61853976078585,240.13345933158303,250.0
71.3,899.6342226744027,376.80025810894205,-97.84556931984748,19.807945296099437,-6.886477855565335,25.130634226847775,-21.520243298641674,406,412,375,435,25.130634226847775,NEUTRAL,program,sensor_drive.py,function,750df67d0c33d1501e8060e5a3b5ce81e437358a154f973070c11cf1d50adae5,左壁追従（超音波のみ）,,250.0,61.60815646609463,43.47427650522542,236.941106799074,250.0
71.35,898.650223627147,376.66730871860034,-97.54385177858389,19.892175933098656,-6.654886134327024,25.22713077736374,-20.796519169771948,406,413,375,435,25.22713077736374,NEUTRAL,program,sensor_drive.py,function,750df67d0c33d1501e8060e5a3b5ce81e437358a154f973070c11cf1d50adae5,左壁追従（超音波のみ）,,250.0,61.928582861845676,43.335829493000546,233.93251066912657,250.0
71.4,897.66143287591,376.5389303910855,-97.25122830497169,19.97436464203502,-6.429376363341961,25.32109318194085,-20.091801135443628,406,413,375,435,25.32109318194085,NEUTRAL,program,sensor_drive.py,function,750df67d0c33d1501e8060e5a3b5ce81e437358a154f973070c11cf1d50adae5,左壁追従（超音波のみ）,,250.0,62.246824882742324,43.20301139853932,231.0945229108541,250.0
71.45,896.6679920341721,376.4150256669891,-96.96752731258736,20.054519023359333,-6.209891199368023,25.412545333596658,-19.405909998025074,406,414,375,435,25.412545333596658,NEUTRAL,program,sensor_drive.py,function,750df67d0c33d1501e8060e5a3b5ce81e437358a154f973070c11cf1d50adae5,左壁追従（超音波のみ）,,250.0,62.56260061166723,43.075639367693995,228.41518348684772,250.0
71.5,895.6700402897316,376.2954962374896,-96.69257449507477,20.13264976905831,-5.996366686536359,25.50151388060985,-18.738645895426124,406,415,375,435,25.50151388060985,NEUTRAL,program,sensor_drive.py,function,750df67d0c33d1501e8060e5a3b5ce81e437358a154f973070c11cf1d50adae5,左壁追従（超音波のみ）,,250.0,62.875641633429126,42.95353497034687,225.8835887653921,250.0
71.55,894.667714310438,376.1802431521578,-96.42619324416629,20.208770422724257,-5.788732788322209,25.58802800486575,-18.089789963506902,406,416,375,435,25.58802800486575,NEUTRAL,program,sensor_drive.py,function,750df67d0c33d1501e8060e5a3b5ce81e437358a154f973070c11cf1d50adae5,左壁追従（超音波のみ）,,250.0,63.18569337380098,42.83652415438247,223.48977711246872,250.0
71.6,893.6611481638722,376.06916701950627,-96.16820505601044,20.282897154880615,-5.586913904249388,25.672119206562755,-17.45910595077934,407,416,375,435,25.672119206562755,NEUTRAL,program,sensor_drive.py,function,750df67d0c33d1501e8060e5a3b5ce81e437358a154f973070c11cf1d50adae5,左壁追従（超音波のみ）,,250.0,63.49251537101663,42.72443720023941,221.2246290978353,250.0
71.65,892.650473249862,375.9621681996388,-95.91842992447833,20.355048551346016,-5.390829370345611,25.75382109568933,-16.846341782330036,407,417,375,435,25.75382109568933,NEUTRAL,program,sensor_drive.py,function,750df67d0c33d1501e8060e5a3b5ce81e437358a154f973070c11cf1d50adae5,左壁追従（超音波のみ）,,250.0,63.795881480083104,42.61710867541368,219.0797801788432,250.0
71.7,891.6358182448321,375.85914698848484,-95.67668672034254,20.425245412980708,-5.200393942527935,25.83316919061336,-16.251231070399797,407,417,375,435,25.83316919061336,NEUTRAL,program,sensor_drive.py,function,750df67d0c33d1501e8060e5a3b5ce81e437358a154f973070c11cf1d50adae5,左壁追従（超音波のみ）,,250.0,64.0955800108134,42.514377388410146,217.0475440756891,250.0
71.75,890.6173090570712,375.7600037932227,-95.44279355541735,20.493510565582675,-5.015518262250679,25.910200724062218,-15.673494569533373,407,418,375,435,25.910200724062218,NEUTRAL,program,sensor_drive.py,function,750df67d0c33d1501e8060e5a3b5ce81e437358a154f973070c11cf1d50adae5,左壁追従（超音波のみ）,,250.0,64.39141380099565,42.41608634174489,215.1208453385459,250.0
71.8,889.5950687920727,375.6646392985975,-95.21656813092862,20.55986867901897,-4.83610930387819,25.98495445671742,-15.112841574619342,407,419,375,435,25.98495445671742,NEUTRAL,program,sensor_drive.py,function,750df67d0c33d1501e8060e5a3b5ce81e437358a154f973070c11cf1d50adae5,左壁追従（超音波のみ）,,250.0,64.68320022661526,42.32208268369464,213.2931598428842,250.0
71.85,888.5692177271642,375.5729546239305,-94.99782806954174,20.624346094914188,-4.66207080337819,26.057470498592423,-14.568971260556843,407,419,375,435,26.057470498592423,NEUTRAL,program,sensor_drive.py,function,750df67d0c33d1501e8060e5a3b5ce81e437358a154f973070c11cf1d50adae5,左壁追従（超音波のみ）,,250.0,64.97077115147403,42.232217658562575,211.55846214422502,250.0
71.9,887.5398732947002,375.48485147070335,-94.7863912306234,20.686970662392877,-4.493303668042177,26.12779013831576,-14.041573962631805,407,420,375,435,26.12779013831576,NEUTRAL,program,sensor_drive.py,function,750df67d0c33d1501e8060e5a3b5ce81e437358a154f973070c11cf1d50adae5,左壁追従（超音波のみ）,,250.0,65.25397281896174,42.14634655529631,209.91117878523656,250.0
71.95,886.507150073126,375.4002322606674,-94.58207600844761,20.747771581499784,-4.329706367051041,26.1959556803954,-13.530332397034503,407,420,375,435,26.1959556803954,NEUTRAL,program,sensor_drive.py,function,750df67d0c33d1501e8060e5a3b5ce81e437358a154f973070c11cf1d50adae5,左壁追従（超音波のみ）,,250.0,65.53266568908161,42.064328654352984,208.3461467827446,250.0
72.0,885.4711597852759,375.31900026450086,-94.38470161317805,20.806779254012675,-4.171175302804241,26.26201029049823,-13.034922821263255,407,421,375,435,26.26201029049823,NEUTRAL,program,sensor_drive.py,function,750df67d0c33d1501e8060e5a3b5ce81e437358a154f973070c11cf1d50adae5,左壁追従（超音波のみ）,,250.0,65.80672422412404,41.986027172747924,206.858576634791,250.0
72.05,884.4320113032952,375.2410597210881,-94.1940883345705,20.86402514142609,-4.017605163022298,26.32599784874071,-12.555016134444681,407,421,375,435,26.32599784874071,NEUTRAL,program,sensor_drive.py,function,750df67d0c33d1501e8060e5a3b5ce81e437358a154f973070c11cf1d50adae5,左壁追従（超音波のみ）,,250.0,66.07603662664071,41.91130920727433,205.44401928228768,250.0
72.1,883.3898106596192,375.1663159475501,-94.01005778844066,20.919541629926865,-3.8688892537204533,26.387962810949812,-12.090278917876416,407,422,375,435,26.387962810949812,NEUTRAL,program,sensor_drive.py,function,750df67d0c33d1501e8060e5a3b5ce81e437358a154f973070c11cf1d50adae5,左壁追従（超音波のみ）,,250.0,66.3405045335491,41.840045675905785,204.09833653929664,250.0
72.15,882.344661063466,375.09467544019725,-93.83243314603347,20.973361902209668,-3.7249198132283965,26.447950077821503,-11.640374416338739,408,422,375,435,26.447950077821503,NEUTRAL,program,sensor_drive.py,function,750df67d0c33d1501e8060e5a3b5ce81e437358a154f973070c11cf1d50adae5,左壁追従（超音波のみ）,,250.0,66.60004267035019,41.77211125743306,202.81767457309252,250.0
72.2,881.2966629223399,375.02604596661547,-93.66103934651197,21.025519815996255,-3.5855883075037682,26.50600487187343,-11.204963460949276,408,423,375,435,26.50600487187343,NEUTRAL,program,sensor_drive.py,function,750df67d0c33d1501e8060e5a3b5ce81e437358a154f973070c11cf1d50adae5,左壁追従（超音波のみ）,,250.0,66.85457846952374,41.70738432940404,201.598440072023,250.0
72.25,880.2459138680646,374.9603366491287,-93.49570329285756,21.076049789129435,-3.4507857070514802,26.562172622061883,-10.783705334535876,408,423,375,435,26.562172622061883,NEUTRAL,program,sensor_drive.py,function,750df67d0c33d1501e8060e5a3b5ce81e437358a154f973070c11cf1d50adae5,左壁追従（超音波のみ）,,250.0,67.10405165721282,41.64574690446171,200.43727878750474,250.0
72.3,879.1925087868964,374.8974580399093,-93.33625403153694,21.12498669111403,-3.3204027458198664,26.61649885590839,-10.376258580687082,408,424,375,435,26.61649885590839,NEUTRAL,program,sensor_drive.py,function,750df67d0c33d1501e8060e5a3b5ce81e437358a154f973070c11cf1d50adae5,左壁追従（超音波のみ）,,250.0,67.34841381230301,41.58708456518944,199.33105617767671,250.0
72.35,878.1365398532946,374.8373221880296,-93.18252291634846,21.17236574097414,-3.1943301624949503,26.669029098960436,-9.98228175779672,408,424,375,435,26.669029098960436,NEUTRAL,program,sensor_drive.py,function,750df67d0c33d1501e8060e5a3b5ce81e437358a154f973070c11cf1d50adae5,左壁追従（超音波のみ）,,250.0,67.58762790196103,41.531286397587174,198.2768399154206,250.0
72.4,877.0780965669504,374.7798426987679,-93.03434375690861,21.21822241129028,-3.072458924661973,26.719808781390846,-9.601434139568665,408,424,375,435,26.719808781390846,NEUTRAL,program,sensor_drive.py,function,750df67d0c33d1501e8060e5a3b5ce81e437358a154f973070c11cf1d50adae5,左壁追従（超音波のみ）,,250.0,67.82166779760873,41.478244923311806,197.271884053628,250.0
72.45,876.0172657927044,374.72493478549575,-92.89155295228076,21.262592338272803,-2.9546804363398502,26.768883151525063,-9.233376363562032,408,425,375,435,26.768883151525063,NEUTRAL,program,sensor_drive.py,function,750df67d0c33d1501e8060e5a3b5ce81e437358a154f973070c11cf1d50adae5,左壁追従（超音波のみ）,,250.0,68.05051777519978,41.42785603082396,196.31361466650242,250.0
72.5,874.9541318029999,374.67251531448545,-92.75398961028274,21.305511237719532,-2.840886729429202,26.816297196071165,-8.877771029466256,408,425,375,435,26.816297196071165,NEUTRAL,program,sensor_drive.py,function,750df67d0c33d1501e8060e5a3b5ce81e437358a154f973070c11cf1d50adae5,左壁追従（超音波のみ）,,250.0,68.2741720035161,41.380018905587185,195.39961680800792,250.0
72.55,873.8887763225504,374.6225028429822,-92.62149565303793,21.347014826697503,-2.7309706396406987,26.862095566816375,-8.534283248877184,408,426,375,435,26.862095566816375,NEUTRAL,program,sensor_drive.py,function,750df67d0c33d1501e8060e5a3b5ce81e437358a154f973070c11cf1d50adae5,左壁追従（超音波のみ）,,250.0,68.49263402403565,41.334635959470866,194.5276226478505,250.0
72.6,872.8212785749149,374.57481765089193,-92.49391590935589,21.387138750780224,-2.624825967495015,26.906322513543742,-8.202581148421922,408,426,375,435,26.906322513543742,NEUTRAL,program,sensor_drive.py,function,750df67d0c33d1501e8060e5a3b5ce81e437358a154f973070c11cf1d50adae5,左壁追従（超音波のみ）,,250.0,68.70591622572316,41.291612759504446,193.69550066206787,250.0
72.65,871.7517153306997,374.5293817664369,-92.37109819454533,21.42591851666434,-2.522347624999917,26.949021822916702,-7.882336328124741,408,426,375,435,26.949021822916702,NEUTRAL,program,sensor_drive.py,function,750df67d0c33d1501e8060e5a3b5ce81e437358a154f973070c11cf1d50adae5,左壁追従（超音波のみ）,,250.0,68.91403931789942,41.25085795613713,192.90124576977036,250.0
72.7,870.6801609571235,374.4861189861299,-92.25289337827256,21.46338942998284,-2.4234317686243054,26.990236763073206,-7.573224276950954,408,427,375,435,26.990236763073206,NEUTRAL,program,sensor_drive.py,function,750df67d0c33d1501e8060e5a3b5ce81e437358a154f973070c11cf1d50adae5,左壁追従（超音波のみ）,,250.0,69.11703180411538,41.21228321114854,192.14297032016182,250.0
72.75,869.6066874687042,374.4449548894156,-92.1391554410857,21.499586538125925,-2.327975919196371,27.03001003366818,-7.27492474748866,408,427,375,435,27.03001003366818,NEUTRAL,program,sensor_drive.py,function,750df67d0c33d1501e8060e5a3b5ce81e437358a154f973070c11cf1d50adae5,左壁追従（超音波のみ）,,250.0,69.314929459731,41.17580312535612,191.41889584493597,250.0
72.8,868.5313645788407,374.4058168483236,-92.02974152022585,21.534544577875884,-2.2358790693569888,27.068383721101256,-6.98712209174059,408,427,375,435,27.068383721101256,NEUTRAL,program,sensor_drive.py,function,750df67d0c33d1501e8060e5a3b5ce81e437358a154f973070c11cf1d50adae5,左壁追従（超音波のみ）,,250.0,69.50777481566506,41.141335166260525,190.72734550071644,250.0
72.85,867.4542597520837,374.3686340324693,-91.92451194534563,21.56829792765861,-2.1470417791985668,27.105399258667262,-6.709505559995521,408,427,375,435,27.105399258667262,NEUTRAL,program,sensor_drive.py,function,750df67d0c33d1501e8060e5a3b5ce81e437358a154f973070c11cf1d50adae5,左壁追従（超音波のみ）,,250.0,69.695616650545,41.10879959576308,190.0667371345808,250.0
72.9,866.3754382569055,374.33333740973393,-91.8233302647491,21.600880564211554,-2.0613662607187258,27.141097391367197,-6.441769564746018,408,428,375,435,27.141097391367197,NEUTRAL,program,sensor_drive.py,function,750df67d0c33d1501e8060e5a3b5ce81e437358a154f973070c11cf1d50adae5,左壁追従（超音波のみ）,,250.0,69.87850949324765,41.078119398086514,189.4355769130619,250.0
72.95,865.2949632187916,374.299859742943,-91.7260632627591,21.632326023466494,-1.9787564517089127,27.175518145121288,-6.183613911590352,408,428,375,435,27.175518145121288,NEUTRAL,program,sensor_drive.py,function,750df67d0c33d1501e8060e5a3b5ce81e437358a154f973070c11cf1d50adae5,左壁追従（超音波のみ）,,250.0,70.0565131375923,41.04922020802054,188.83245346145392,250.0
73.0,864.2128956734972,374.26813558285505,-91.63258096880666,21.662667365444836,-1.8991180796910174,27.208700800128742,-5.9347439990344295,409,428,375,435,27.208700800128742,NEUTRAL,program,sensor_drive.py,function,750df67d0c33d1501e8060e5a3b5ce81e437358a154f973070c11cf1d50adae5,左壁追従（超音波のみ）,,250.0,70.22969217071905,41.02203023960946,188.25603246593903,250.0
73.05,863.1292946203184,374.2381012577602,-91.54275665882383,21.691937142963727,-1.822358716502533,27.240683868123945,-5.694870989070416,409,429,375,435,27.240683868123945,NEUTRAL,program,sensor_drive.py,function,750df67d0c33d1501e8060e5a3b5ce81e437358a154f973070c11cf1d50adae5,左壁追従（超音波のみ）,,250.0,70.39811551646655,40.996480215390584,187.7050516960405,250.0
73.1,862.0442170752497,374.2096948599768,-91.45646684950496,21.720167373952407,-1.7483878241181205,27.271505073284118,-5.4637119503691265,409,429,375,435,27.271505073284118,NEUTRAL,program,sensor_drive.py,function,750df67d0c33d1501e8060e5a3b5ce81e437358a154f973070c11cf1d50adae5,左壁追従（超音波のみ）,,250.0,70.56185599485161,40.97250329628506,187.17831640933574,250.0
73.15,860.9577181239038,374.18285622952425,-91.3735912859853,21.747389517180657,-1.6771167922789891,27.30120133655042,-5.240989975871841,409,429,375,435,27.30120133655042,NEUTRAL,program,sensor_drive.py,function,750df67d0c33d1501e8060e5a3b5ce81e437358a154f973070c11cf1d50adae5,左壁追従（超音波のみ）,,250.0,70.72098989855516,40.950035012234395,186.67469510426014,250.0
73.2,859.8698509740875,374.1575269352338,-91.29401292346616,21.773634451204035,-1.6084589684857176,27.329808763130952,-5.026434276517867,409,429,375,435,27.329808763130952,NEUTRAL,program,sensor_drive.py,function,750df67d0c33d1501e8060e5a3b5ce81e437358a154f973070c11cf1d50adae5,左壁追従（超音波のみ）,,250.0,70.87559658713089,40.92901319367171,186.1931155902972,250.0
73.25,858.7806670079336,374.1336502535527,-91.21761790329666,21.798932456334324,-1.5423296808909381,27.357362632962108,-4.819780252784182,409,429,375,435,27.357362632962108,NEUTRAL,program,sensor_drive.py,function,750df67d0c33d1501e8060e5a3b5ce81e437358a154f973070c11cf1d50adae5,左壁追従（超音波のみ）,,250.0,71.02575809947427,40.90937790390303,185.7325613479268,250.0
73.3,857.6902158335025,374.11117114527707,-91.144295524001,21.823313199447856,-1.478646254610091,27.383897393912463,-4.620769545656534,409,430,375,435,27.383897393912463,NEUTRAL,program,sensor_drive.py,function,750df67d0c33d1501e8060e5a3b5ce81e437358a154f973070c11cf1d50adae5,左壁追従（超音波のみ）,,250.0,71.17155878493067,40.89107137247434,185.29206815342417,250.0
73.35,856.5985453357742,374.0900362304442,-91.07393820771925,21.846805721449233,-1.4173280219478042,27.409446657521748,-4.429150068586888,409,430,375,435,27.409446657521748,NEUTRAL,program,sensor_drive.py,function,750df67d0c33d1501e8060e5a3b5ce81e437358a154f973070c11cf1d50adae5,左壁追従（超音波のみ）,,250.0,71.31308495326626,40.874037929585484,184.87072094603818,250.0
73.4,855.5057017269637,374.0701937615947,-91.00644146250828,21.869438427213293,-1.3582963270167505,27.434043197076353,-4.244676021927345,409,430,375,435,27.434043197076353,NEUTRAL,program,sensor_drive.py,function,750df67d0c33d1501e8060e5a3b5ce81e437358a154f973070c11cf1d50adae5,左壁追従（超音波のみ）,,250.0,71.45042454359475,40.858223941611286,184.46765091724276,250.0
73.45,854.4117295960957,374.0515935956085,-90.94170384092607,21.89123907783364,-1.301474525206023,27.457718947830823,-4.067107891268821,409,430,375,435,27.457718947830823,NEUTRAL,program,sensor_drive.py,function,750df67d0c33d1501e8060e5a3b5ce81e437358a154f973070c11cf1d50adae5,左壁追従（超音波のみ）,,250.0,71.58366681222104,40.84357774777858,184.0820328036903,250.0
73.5,853.3166719577869,374.0341871643031,-90.8796268953026,21.91223478501228,-1.2467879779337423,27.480505009194275,-3.8962124310429447,409,430,375,435,27.480505009194275,NEUTRAL,program,sensor_drive.py,function,750df67d0c33d1501e8060e5a3b5ce81e437358a154f973070c11cf1d50adae5,左壁追従（超音波のみ）,,250.0,71.71290203925763,40.83004959804389,183.71308236722055,250.0
73.55,852.2205703001895,374.0179274439715,-90.82011513007699,21.93245200743098,-1.1941640430973146,27.502431648709454,-3.731762634679108,409,431,375,435,27.502431648709454,NEUTRAL,program,sensor_drive.py,function,750df67d0c33d1501e8060e5a3b5ce81e437358a154f973070c11cf1d50adae5,左壁追従（超音波のみ）,,250.0,71.83822125377093,40.81759159221062,183.36005404683036,250.0
73.6,851.1234646320557,374.00276892402644,-90.76307595155971,21.951916548951417,-1.1435320616145708,27.523528307660595,-3.5735376925455338,409,431,375,435,27.523528307660595,NEUTRAL,program,sensor_drive.py,function,750df67d0c33d1501e8060e5a3b5ce81e437358a154f973070c11cf1d50adae5,左壁追従（超音波のみ）,,250.0,71.95971597712354,40.806157620316434,183.02223876889718,250.0
73.65,850.0253935288905,373.98866757490396,-90.70841961545668,21.970653558497702,-1.0948233404270804,27.543823608155382,-3.421322938834626,409,431,375,435,27.543823608155382,NEUTRAL,program,sensor_drive.py,function,750df67d0c33d1501e8060e5a3b5ce81e437358a154f973070c11cf1d50adae5,左壁追従（超音波のみ）,,250.0,72.07747798410897,40.795703304319524,182.6989619031919,250.0
73.7,848.9263941781624,373.9755808153711,-90.65605917247191,21.988687531481624,-1.0479711323166092,27.563345361534747,-3.2749097884894036,409,431,375,435,27.563345361534747,NEUTRAL,program,sensor_drive.py,function,750df67d0c33d1501e8060e5a3b5ce81e437358a154f973070c11cf1d50adae5,左壁追従（超音波のみ）,,250.0,72.19159908140475,40.78618594110134,182.389581353335,250.0
73.75,847.8265024235521,373.9634674793695,-90.60591041228392,22.006042312637412,-1.0029106128654,27.58212057797275,-3.134095665204375,409,431,375,435,27.58212057797275,NEUTRAL,program,sensor_drive.py,function,750df67d0c33d1501e8060e5a3b5ce81e437358a154f973070c11cf1d50adae5,左壁追従（超音波のみ）,,250.0,72.30217090282298,40.777564446806736,182.09348577136782,250.0
73.8,846.725752808219,373.95228778252016,-90.55789180617204,22.02274110013962,-0.9595788548712167,27.600175477136993,-2.9986839214725522,409,431,375,435,27.600175477136993,NEUTRAL,program,sensor_drive.py,function,750df67d0c33d1501e8060e5a3b5ce81e437358a154f973070c11cf1d50adae5,左壁追従（超音波のみ）,,250.0,72.40928472078441,40.7697993025286,181.81009288700008,250.0
73.85,845.6241786170715,373.9420032883987,-90.51192444854902,22.038806450884323,-0.9179148005075013,27.61753549978854,-2.8684837515859414,409,431,375,435,27.61753549978854,NEUTRAL,program,sensor_drive.py,function,750df67d0c33d1501e8060e5a3b5ce81e437358a154f973070c11cf1d50adae5,左壁追従（超音波のみ）,,250.0,72.51303127341774,40.76285250134912,181.53884794292787,250.0
73.9,844.521811918032,373.93257687468906,-90.4679319976382,22.054260286820263,-0.8778592315029232,27.634225320207115,-2.743310098446635,409,432,375,435,27.634225320207115,NEUTRAL,program,sensor_drive.py,function,750df67d0c33d1501e8060e5a3b5ce81e437358a154f973070c11cf1d50adae5,左壁追従（超音波のみ）,,250.0,72.6135006066424,40.7566874967359,181.27922222835488,250.0
73.95,843.4186836022893,373.9239726993083,-90.42584061551496,22.069123902223073,-0.8393547375937144,27.650268859335952,-2.6229835549803573,409,432,375,435,27.650268859335952,NEUTRAL,program,sensor_drive.py,function,750df67d0c33d1501e8060e5a3b5ce81e437358a154f973070c11cf1d50adae5,左壁追従（超音波のみ）,,250.0,72.71078193058881,40.75126915229716,181.03071170350682,250.0
74.0,842.3148234235366,373.9161561665903,-90.38557890771601,22.083417971811976,-0.8023456834860276,27.665689298547488,-2.5073302608938364,409,432,375,435,27.665689298547488,NEUTRAL,program,sensor_drive.py,function,750df67d0c33d1501e8060e5a3b5ce81e437358a154f973070c11cf1d50adae5,左壁追従（超音波のみ）,,250.0,72.80496348968664,40.74656369289024,180.79283570854636,250.0
74.05,841.2102600361925,373.9090938936074,-90.34707786260283,22.097162559614436,-0.7667781745489066,27.680509093937957,-2.396181795465333,409,432,375,435,27.680509093937957,NEUTRAL,program,sensor_drive.py,function,750df67d0c33d1501e8060e5a3b5ce81e437358a154f973070c11cf1d50adae5,左壁追従（超音波のみ）,,250.0,72.8961324457466,40.74253865707668,180.5651357508381,250.0
74.1,840.1050210326107,373.9027536767009,-90.31027079065079,22.110377128490242,-0.732600021442208,27.69474999106575,-2.2893750670069,409,432,375,435,27.69474999106575,NEUTRAL,program,sensor_drive.py,function,750df67d0c33d1501e8060e5a3b5ce81e437358a154f973070c11cf1d50adae5,左壁追従（超音波のみ）,,250.0,72.98437477335887,40.73916285091499,180.34717436500915,250.0
74.15,838.9991329792801,373.897104458286,-90.27509326381993,22.123080550232235,-0.6997607038680473,27.70843304005498,-2.186752199587648,409,432,375,435,27.70843304005498,NEUTRAL,program,sensor_drive.py,function,750df67d0c33d1501e8060e5a3b5ce81e437358a154f973070c11cf1d50adae5,左壁追従（超音波のみ）,,250.0,73.06977516693608,40.7364063030795,180.13853404070852,250.0
74.2,837.8926214520243,373.8921162939874,-90.24148305515007,22.135291116166435,-0.6682113336203207,27.721578610991532,-2.0881604175635022,409,432,375,435,27.721578610991532,NEUTRAL,program,sensor_drive.py,function,750df67d0c33d1501e8060e5a3b5ce81e437358a154f973070c11cf1d50adae5,左壁追従（超音波のみ）,,250.0,73.15241695873142,40.734240221289724,179.93881621336976,250.0
74.25,836.7855110702089,373.88776032015954,-90.2093800787091,22.147026548179717,-0.637904617093022,27.734206409544573,-1.9934519284156937,409,432,375,435,27.734206409544573,NEUTRAL,program,sensor_drive.py,function,750df67d0c33d1501e8060e5a3b5ce81e437358a154f973070c11cf1d50adae5,左壁追従（超音波のみ）,,250.0,73.23238204717504,40.73263695003474,179.74764031366522,250.0
74.3,835.677825529968,373.88400872183547,-90.17872633001109,22.15830401010832,-0.6087948173939526,27.746335492752518,-1.9024838043561019,409,433,375,435,27.746335492752518,NEUTRAL,program,sensor_drive.py,function,750df67d0c33d1501e8060e5a3b5ce81e437358a154f973070c11cf1d50adae5,左壁追従（超音波のみ）,,250.0,73.30975083488718,40.73156992957484,179.56464287166958,250.0
74.35,834.56958763646,373.8808347011456,-90.14946582700921,22.169140119425304,-0.5808377161993294,27.757984284916947,-1.8151178631229046,409,433,375,435,27.757984284916947,NEUTRAL,program,sensor_drive.py,function,750df67d0c33d1501e8060e5a3b5ce81e437358a154f973070c11cf1d50adae5,左壁追従（超音波のみ）,,250.0,73.38460217573838,40.73101365620026,179.389476672068,250.0
74.4,833.4608193351686,373.8782124462423,-90.12154455175701,22.17955095916985,-0.5539905754720769,27.7691705935533,-1.7312205483502403,409,433,375,435,27.7691705935533,NEUTRAL,program,sensor_drive.py,function,750df67d0c33d1501e8060e5a3b5ce81e437358a154f973070c11cf1d50adae5,左壁追従（超音波のみ）,,250.0,73.45701333034715,40.73094364372526,179.22180995702692,250.0
74.45,832.351541742263,373.87611710076044,-90.0949103928215,22.189552090065703,-0.5282120991560388,27.77991162535165,-1.6506628098626215,409,433,375,435,27.77991162535165,NEUTRAL,program,sensor_drive.py,function,750df67d0c33d1501e8060e5a3b5ce81e437358a154f973070c11cf1d50adae5,左壁追従（超音波のみ）,,250.0,73.52705992942657,40.73133638619656,179.06132567359654,250.0
74.5,831.241775174032,373.87452473384093,-90.0695130885221,22.199158562780376,-0.503462394947135,27.79022400210536,-1.573319984209797,409,433,375,435,27.79022400210536,NEUTRAL,program,sensor_drive.py,function,750df67d0c33d1501e8060e5a3b5ce81e437358a154f973070c11cf1d50adae5,左壁追従（超音波のみ）,,250.0,73.59481594441174,40.73216932179158,178.90772076275871,250.0
74.55,830.1321486343625,373.8735440402392,-90.03176349010289,22.188200411953073,-0.7483991813397881,27.68816700777509,-2.338747441686838,409,432,375,435,27.68816700777509,NEUTRAL,program,sensor_drive.py,function,750df67d0c33d1501e8060e5a3b5ce81e437358a154f973070c11cf1d50adae5,左壁追従（超音波のみ）,,250.0,72.93722695695809,40.73342079788339,178.760705487447,250.0
74.6,829.0237415758315,373.8734547149204,-89.97747131893712,22.154991144570733,-1.0774804280953112,27.551049821626954,-3.3671263377978473,409,431,375,435,27.551049821626954,NEUTRAL,program,sensor_drive.py,function,750df67d0c33d1501e8060e5a3b5ce81e437358a154f973070c11cf1d50adae5,左壁追従（超音波のみ）,,250.0,72.07154170308925,40.736828131449286,178.53989955069073,250.0
74.65,827.9173666070916,373.87454081928394,-89.91003666360645,22.109494599393877,-1.3406764339709547,27.44138481917877,-4.189613856159234,409,430,375,435,27.44138481917877,NEUTRAL,program,sensor_drive.py,function,750df67d0c33d1501e8060e5a3b5ce81e437358a154f973070c11cf1d50adae5,左壁追従（超音波のみ）,,250.0,71.39544100310509,40.7432263120267,178.22071992961807,250.0
74.7,826.8132888304468,373.8769931132559,-89.8354416593284,22.06333047722669,-1.4860528523174523,27.380811311534394,-4.643915163492038,409,430,375,435,27.380811311534394,NEUTRAL,program,sensor_drive.py,function,750df67d0c33d1501e8060e5a3b5ce81e437358a154f973070c11cf1d50adae5,左壁追従（超音波のみ）,,250.0,71.03191557882397,40.7525622110393,177.82358083519122,250.0
74.75,825.7078359444239,373.8803077896751,-89.82731104553451,22.139202532863994,0.0,28.0,0.0,410,435,375,435,28.0,NEUTRAL,program,sensor_drive.py,function,750df67d0c33d1501e8060e5a3b5ce81e437358a154f973070c11cf1d50adae5,左壁追従（超音波のみ）,,250.0,250.0,40.764359972160314,177.38396410563902,250.0
74.8,824.5991058976424,373.88364950199593,-89.82731104553451,22.197976014269777,0.0,28.0,0.0,410,435,375,435,28.0,NEUTRAL,program,sensor_drive.py,function,750df67d0c33d1501e8060e5a3b5ce81e437358a154f973070c11cf1d50adae5,左壁追従（超音波のみ）,,250.0,250.0,40.769018784756355,177.3301225978348,250.0
74.85,823.4878371935428,373.88699886582987,-89.82731104553451,22.24350426689903,0.0,28.0,0.0,410,435,375,435,28.0,NEUTRAL,program,sensor_drive.py,function,750df67d0c33d1501e8060e5a3b5ce81e437358a154f973070c11cf1d50adae5,左壁追従（超音波のみ）,,250.0,250.0,40.77271116254718,177.32347385195652,250.0
74.9,822.3746019455369,373.8903541568271,-89.82731104553451,22.278772243848735,0.0,28.0,0.0,410,435,375,435,28.0,NEUTRAL,program,sensor_drive.py,function,750df67d0c33d1501e8060e5a3b5ce81e437358a154f973070c11cf1d50adae5,左壁追従（超音波のみ）,,250.0,250.0,40.77641199476924,177.31680988245597,250.0
74.95,821.2598433351976,373.8937140392382,-89.82731104553451,22.306092207306452,0.0,28.0,0.0,410,435,375,435,28.0,NEUTRAL,program,sensor_drive.py,function,750df67d0c33d1501e8060e5a3b5ce81e437358a154f973070c11cf1d50adae5,左壁追従（超音波のみ）,,250.0,250.0,40.78011937612658,177.31013412013826,250.0
75.0,820.1439046684195,373.8970774783395,-89.82731104553451,22.327255326597232,0.0,28.0,0.0,410,435,375,435,28.0,NEUTRAL,program,sensor_drive.py,function,750df67d0c33d1501e8060e5a3b5ce81e437358a154f973070c11cf1d50adae5,左壁追従（超音波のみ）,,250.0,250.0,40.78383183070183,177.3034492226403,250.0
75.05,819.0270518834647,373.90044367259304,-89.82731104553451,22.34364911199921,0.0,28.0,0.0,410,435,375,435,28.0,NEUTRAL,program,sensor_drive.py,function,750df67d0c33d1501e8060e5a3b5ce81e437358a154f973070c11cf1d50adae5,左壁追従（超音波のみ）,,250.0,250.0,40.78754821519159,177.29675724867172,250.0
75.1,817.909490986581,373.9038120010958,-89.82731104553451,22.356348383600597,0.0,28.0,0.0,410,435,375,435,28.0,NEUTRAL,program,sensor_drive.py,function,750df67d0c33d1501e8060e5a3b5ce81e437358a154f973070c11cf1d50adae5,左壁追従（超音波のみ）,,250.0,250.0,40.7912676439479,177.29005979299035,250.0
75.15,816.7913815583186,373.9071819828721,-89.82731104553451,22.366185739357753,0.0,28.0,0.0,410,435,375,435,28.0,NEUTRAL,program,sensor_drive.py,function,750df67d0c33d1501e8060e5a3b5ce81e437358a154f973070c11cf1d50adae5,左壁追従（超音波のみ）,,250.0,250.0,40.79498943091268,177.28335809095884,250.0
75.2,815.6728472160544,373.9105532453392,-89.82731104553451,22.373806142427355,0.0,28.0,0.0,410,435,375,435,28.0,NEUTRAL,program,sensor_drive.py,function,750df67d0c33d1501e8060e5a3b5ce81e437358a154f973070c11cf1d50adae5,左壁追従（超音波のみ）,,250.0,250.0,40.79871304463872,177.27665309953713,250.0
75.25,814.5539837186756,373.9139254998798,-89.82731104553451,22.37970920666298,0.0,28.0,0.0,410,435,375,435,28.0,NEUTRAL,program,sensor_drive.py,function,750df67d0c33d1501e8060e5a3b5ce81e437358a154f973070c11cf1d50adae5,左壁追従（超音波のみ）,,250.0,250.0,40.802438073445956,177.26994556002424,250.0
75.3,813.4348652447859,373.9172985229195,-89.82731104553451,22.384281952625578,0.0,28.0,0.0,410,435,375,435,28.0,NEUTRAL,program,sensor_drive.py,function,750df67d0c33d1501e8060e5a3b5ce81e437358a154f973070c11cf1d50adae5,左壁追従（超音波のみ）,,250.0,250.0,40.80616419843074,177.26323604665964,250.0
75.35,812.3155492560525,373.92067214126905,-89.82731104553451,22.3878241816788,0.0,28.0,0.0,410,435,375,435,28.0,NEUTRAL,program,sensor_drive.py,function,750df67d0c33d1501e8060e5a3b5ce81e437358a154f973070c11cf1d50adae5,左壁追従（超音波のみ）,,250.0,250.0,40.809891172557805,177.25652500427194,250.0
75.4,811.1960802645447,373.9240462207689,-89.82731104553451,22.390568131762212,0.0,28.0,0.0,410,435,375,435,28.0,NEUTRAL,program,sensor_drive.py,function,750df67d0c33d1501e8060e5a3b5ce81e437358a154f973070c11cf1d50adae5,左壁追従（超音波のみ）,,250.0,250.0,40.813618804464035,177.24981277744246,250.0
75.45,810.0764927510642,373.92742065749405,-89.82731104553451,22.39269370352709,0.0,28.0,0.0,410,435,375,435,28.0,NEUTRAL,program,sensor_drive.py,function,750df67d0c33d1501e8060e5a3b5ce81e437358a154f973070c11cf1d50adae5,左壁追従（超音波のみ）,,250.0,250.0,40.81734694591177,177.24309963309793,250.0
75.5,808.9568134257973,373.9307953709399,-89.82731104553451,22.39434025510066,0.0,28.0,0.0,410,435,375,435,28.0,NEUTRAL,program,sensor_drive.py,function,750df67d0c33d1501e8060e5a3b5ce81e437358a154f973070c11cf1d50adae5,左壁追従（超音波のみ）,,250.0,250.0,40.82107548207056,177.23638577800997,250.0
75.55,807.8370629795063,373.9341702987445,-89.82731104553451,22.39561573877485,0.0,28.0,0.0,410,435,375,435,28.0,NEUTRAL,program,sensor_drive.py,function,750df67d0c33d1501e8060e5a3b5ce81e437358a154f973070c11cf1d50adae5,左壁追従（超音波のみ）,,250.0,250.0,40.82480432398797,177.22967137235227,250.0
75.6,806.7172574400695,373.9375453925998,-89.82731104553451,22.396603778645115,0.0,28.0,0.0,410,435,375,435,28.0,NEUTRAL,program,sensor_drive.py,function,750df67d0c33d1501e8060e5a3b5ce81e437358a154f973070c11cf1d50adae5,左壁追従（超音波のみ）,,250.0,250.0,40.828533402758055,177.22295654020158,250.0
75.65,805.5974092233133,373.94092061508456,-89.82731104553451,22.397369153228095,0.0,28.0,0.0,410,435,375,435,28.0,NEUTRAL,program,sensor_drive.py,function,750df67d0c33d1501e8060e5a3b5ce81e437358a154f973070c11cf1d50adae5,左壁追従（超音波のみ）,,250.0,250.0,40.832262665003526,177.21624137767267,250.0
75.7,804.4775279470251,373.94429593721077,-89.82731104553451,22.397962042513136,0.0,28.0,0.0,410,435,375,435,28.0,NEUTRAL,program,sensor_drive.py,function,750df67d0c33d1501e8060e5a3b5ce81e437358a154f973070c11cf1d50adae5,左壁追従（超音波のみ）,,250.0,250.0,40.835992069376275,177.20952595921975,250.0
75.75,803.3576210615219,373.9476713365232,-89.82731104553451,22.398421317895583,0.0,28.0,0.0,410,435,375,435,28.0,NEUTRAL,program,sensor_drive.py,function,750df67d0c33d1501e8060e5a3b5ce81e437358a154f973070c11cf1d50adae5,左壁追従（超音波のみ）,,250.0,250.0,40.83972158384643,177.20281034251795,250.0
75.8,802.2376943381124,373.951046795627,-89.82731104553451,22.398777090688657,0.0,28.0,0.0,410,435,375,435,28.0,NEUTRAL,program,sensor_drive.py,function,750df67d0c33d1501e8060e5a3b5ce81e437358a154f973070c11cf1d50adae5,左壁追従（超音波のみ）,,250.0,250.0,40.8434511836024,177.19609457224476,250.0
75.85,801.1177522474799,373.95442230104754,-89.82731104553451,22.399052686301072,0.0,28.0,0.0,410,435,375,435,28.0,NEUTRAL,program,sensor_drive.py,function,750df67d0c33d1501e8060e5a3b5ce81e437358a154f973070c11cf1d50adae5,左壁追従（超音波のみ）,,250.0,250.0,40.84718084942406,177.18937868300918,250.0
75.9,799.9977982527912,373.957797842347,-89.82731104553451,22.399266173512743,0.0,28.0,0.0,410,435,375,435,28.0,NEUTRAL,program,sensor_drive.py,function,750df67d0c33d1501e8060e5a3b5ce81e437358a154f973070c11cf1d50adae5,左壁追従（超音波のみ）,,250.0,250.0,40.850910566422705,177.18266270162087,250.0
75.95,798.877835036752,373.96117341143963,-89.82731104553451,22.399431549111966,0.0,28.0,0.0,410,435,375,435,28.0,NEUTRAL,program,sensor_drive.py,function,750df67d0c33d1501e8060e5a3b5ce81e437358a154f973070c11cf1d50adae5,左壁追従（超音波のみ）,,250.0,250.0,40.85464032306528,177.175946648847,250.0
76.0,797.7578646774917,373.96454900206186,-89.82731104553451,22.399559655562022,0.0,28.0,0.0,410,435,375,435,28.0,NEUTRAL,program,sensor_drive.py,function,750df67d0c33d1501e8060e5a3b5ce81e437358a154f973070c11cf1d50adae5,左壁追従（超音波のみ）,,250.0,250.0,40.85837011041749,177.1692305407753,250.0
76.05,796.6378887848111,373.9679246093618,-89.82731104553451,22.399658891861826,0.0,28.0,0.0,410,435,375,435,28.0,NEUTRAL,program,sensor_drive.py,function,750df67d0c33d1501e8060e5a3b5ce81e437358a154f973070c11cf1d50adae5,左壁追従（超音波のみ）,,250.0,250.0,40.86209992155854,177.16251438986777,250.0
76.1,795.5179086057252,373.97130022958095,-89.82731104553451,22.39973576420662,0.0,28.0,0.0,410,435,375,435,28.0,NEUTRAL,program,sensor_drive.py,function,750df67d0c33d1501e8060e5a3b5ce81e437358a154f973070c11cf1d50adae5,左壁追従（超音波のみ）,,250.0,250.0,40.865829751127364,177.15579820577793,250.0
76.15,794.3979251062209,373.9746758598078,-89.82731104553451,22.399795312551394,0.0,28.0,0.0,410,435,375,435,28.0,NEUTRAL,program,sensor_drive.py,function,750df67d0c33d1501e8060e5a3b5ce81e437358a154f973070c11cf1d50adae5,左壁追従（超音波のみ）,,250.0,250.0,40.86955959497114,177.14908199598366,250.0
76.2,793.2779390345901,373.97805149778713,-89.82731104553451,22.399841441043698,0.0,28.0,0.0,410,435,375,435,28.0,NEUTRAL,program,sensor_drive.py,function,750df67d0c33d1501e8060e5a3b5ce81e437358a154f973070c11cf1d50adae5,左壁追従（超音波のみ）,,250.0,250.0,40.873289449872765,177.1423657662779,250.0
76.25,792.1579509704886,373.98142714177175,-89.82731104553451,22.39987717398993,0.0,28.0,0.0,410,435,375,435,28.0,NEUTRAL,program,sensor_drive.py,function,750df67d0c33d1501e8060e5a3b5ce81e437358a154f973070c11cf1d50adae5,左壁追従（超音波のみ）,,250.0,250.0,40.877019313340384,177.13564952114763,250.0
76.3,791.037961362941,373.98480279040837,-89.82731104553451,22.399904854136892,0.0,28.0,0.0,410,435,375,435,28.0,NEUTRAL,program,sensor_drive.py,function,750df67d0c33d1501e8060e5a3b5ce81e437358a154f973070c11cf1d50adae5,左壁追従（超音波のみ）,,250.0,250.0,40.88074918344344,177.1289332640691,250.0
76.35,789.9179705597793,373.9881784426485,-89.82731104553451,22.399926296268507,0.0,28.0,0.0,410,435,375,435,28.0,NEUTRAL,program,sensor_drive.py,function,750df67d0c33d1501e8060e5a3b5ce81e437358a154f973070c11cf1d50adae5,左壁追従（超音波のみ）,,250.0,250.0,40.88447905868667,177.12221699773485,250.0
76.4,788.7979788304477,373.9915540976802,-89.82731104553451,22.399942906187846,0.0,28.0,0.0,410,435,375,435,28.0,NEUTRAL,program,sensor_drive.py,function,750df67d0c33d1501e8060e5a3b5ce81e437358a154f973070c11cf1d50adae5,左壁追従（超音波のみ）,,250.0,250.0,40.88820893791158,177.11550072423094,250.0
76.45,787.6779863836687,373.99492975487425,-89.82731104553451,22.3999557728853,0.0,28.0,0.0,410,435,375,435,28.0,NEUTRAL,program,sensor_drive.py,function,750df67d0c33d1501e8060e5a3b5ce81e437358a154f973070c11cf1d50adae5,左壁追従（超音波のみ）,,250.0,250.0,40.891938820220936,176.55878612061895,250.0
76.5,786.5579933811264,373.99830541374337,-89.82731104553451,22.399965739935716,0.0,28.0,0.0,410,435,375,435,28.0,NEUTRAL,program,sensor_drive.py,function,750df67d0c33d1501e8060e5a3b5ce81e437358a154f973070c11cf1d50adae5,左壁追従（超音波のみ）,,250.0,250.0,40.89566870491959,175.64441847323982,250.0
76.55,785.437999948068,374.00168107391,-89.82731104553451,22.399973460805377,0.0,28.0,0.0,410,435,375,435,28.0,NEUTRAL,program,sensor_drive.py,function,750df67d0c33d1501e8060e5a3b5ce81e437358a154f973070c11cf1d50adae5,左壁追従（超音波のみ）,,250.0,250.0,40.89939859146908,174.86653249967617,250.0
76.6,784.318006181515,374.0050567350819,-89.82731104553451,22.39997944169499,0.0,28.0,0.0,410,435,375,435,28.0,NEUTRAL,program,sensor_drive.py,function,750df67d0c33d1501e8060e5a3b5ce81e437358a154f973070c11cf1d50adae5,左壁追従（超音波のみ）,,250.0,250.0,40.90312847945223,174.26645385998177,250.0
76.65,783.1980121566238,374.0084323970324,-89.82731104553451,22.39998407472755,0.0,28.0,0.0,410,435,375,435,28.0,NEUTRAL,program,sensor_drive.py,function,750df67d0c33d1501e8060e5a3b5ce81e437358a154f973070c11cf1d50adae5,左壁追従（超音波のみ）,,250.0,250.0,40.90685836854614,174.00126147769083,250.0
76.7,782.0780179316139,374.011808059586,-89.82731104553451,22.399987663656972,0.0,28.0,0.0,410,435,375,435,28.0,NEUTRAL,program,sensor_drive.py,function,750df67d0c33d1501e8060e5a3b5ce81e437358a154f973070c11cf1d50adae5,左壁追従（超音波のみ）,,250.0,250.0,40.91058825850034,177.07520300174633,99.36255953101947
76.75,780.9580235515839,374.0151837226069,-89.82731104553451,22.399990443783004,0.0,28.0,0.0,410,435,375,435,28.0,NEUTRAL,program,sensor_drive.py,function,750df67d0c33d1501e8060e5a3b5ce81e437358a154f973070c11cf1d50adae5,左壁追従（超音波のみ）,,250.0,250.0,40.91431814912094,177.06848670772254,97.67016120711823
76.8,779.8380290514692,374.0185593859897,-89.82731104553451,22.39999259737808,0.0,28.0,0.0,410,435,375,435,28.0,NEUTRAL,program,sensor_drive.py,function,750df67d0c33d1501e8060e5a3b5ce81e437358a154f973070c11cf1d50adae5,左壁追従（超音波のみ）,,250.0,250.0,40.91804804025789,177.061770412769,96.84139484418631
76.85,778.7180344583323,374.02193504965294,-89.82731104553451,22.399994265637616,0.0,28.0,0.0,410,435,375,435,28.0,NEUTRAL,program,sensor_drive.py,function,750df67d0c33d1501e8060e5a3b5ce81e437358a154f973070c11cf1d50adae5,左壁追従（超音波のみ）,,250.0,250.0,40.92177793179473,177.05505411709535,96.45471968672241
76.9,777.5980397931369,374.0253107135333,-89.82731104553451,22.399995557937135,0.0,28.0,0.0,410,435,375,435,28.0,NEUTRAL,program,sensor_drive.py,function,750df67d0c33d1501e8060e5a3b5ce81e437358a154f973070c11cf1d50adae5,左壁追従（超音波のみ）,,250.0,250.0,40.92550782364141,177.04833782086382,96.57275847880899
76.95,776.4780450721221,374.0286863775819,-89.82731104553451,22.39999655900322,0.0,28.0,0.0,410,435,375,435,28.0,NEUTRAL,program,sensor_drive.py,function,750df67d0c33d1501e8060e5a3b5ce81e437358a154f973070c11cf1d50adae5,左壁追従（超音波のみ）,,250.0,250.0,40.929237715728014,177.04162152420022,98.12702127555944
77.0,775.3580503078674,374.0320620417608,-89.82731104553451,22.399997334468424,0.0,28.0,0.0,410,435,375,435,28.0,NEUTRAL,program,sensor_drive.py,function,750df67d0c33d1501e8060e5a3b5ce81e437358a154f973070c11cf1d50adae5,左壁追従（超音波のみ）,,250.0,250.0,40.932967608000475,177.034905227202,98.12330185293604
77.05,774.2380555101173,374.0354377060407,-89.82731104553451,22.399997935174298,0.0,28.0,0.0,410,435,375,435,28.0,NEUTRAL,program,sensor_drive.py,function,750df67d0c33d1501e8060e5a3b5ce81e437358a154f973070c11cf1d50adae5,左壁追従（超音波のみ）,,250.0,250.0,40.93669750041695,177.02818892994443,98.11958243016899
77.1,773.1180606864202,374.03881337039877,-89.82731104553451,22.399998400504717,0.0,28.0,0.0,410,435,375,435,28.0,NEUTRAL,program,sensor_drive.py,function,750df67d0c33d1501e8060e5a3b5ce81e437358a154f973070c11cf1d50adae5,左壁追従（超音波のみ）,,250.0,250.0,40.94042739294497,177.02147263248602,98.11586300729074
77.15,771.9980658426236,374.0421890348174,-89.82731104553451,22.399998760967982,0.0,28.0,0.0,410,435,375,435,28.0,NEUTRAL,program,sensor_drive.py,function,750df67d0c33d1501e8060e5a3b5ce81e437358a154f973070c11cf1d50adae5,左壁追従（超音波のみ）,,250.0,250.0,40.94415728555942,177.01475633487198,98.11214358432629
77.2,770.8780709832573,374.04556469928303,-89.82731104553451,22.399999040197017,0.0,28.0,0.0,410,435,375,435,28.0,NEUTRAL,program,sensor_drive.py,function,750df67d0c33d1501e8060e5a3b5ce81e437358a154f973070c11cf1d50adae5,左壁追従（超音波のみ）,,250.0,250.0,40.947887178240755,177.00804003713748,98.10842416129513
77.25,769.75807611183,374.04894036378494,-89.82731104553451,22.399999256498823,0.0,28.0,0.0,410,435,375,435,28.0,NEUTRAL,program,sensor_drive.py,function,750df67d0c33d1501e8060e5a3b5ce81e437358a154f973070c11cf1d50adae5,左壁追従（超音波のみ）,,250.0,250.0,40.95161707097404,177.00132373930947,98.1047047382122
77.3,768.6380812310597,374.05231602831503,-89.82731104553451,22.399999424054716,0.0,28.0,0.0,410,435,375,435,28.0,NEUTRAL,program,sensor_drive.py,function,750df67d0c33d1501e8060e5a3b5ce81e437358a154f973070c11cf1d50adae5,左壁追従（超音波のみ）,,250.0,250.0,40.955346963747395,176.99460744140927,98.1009853150893
77.35,767.518086343052,374.05569169286696,-89.82731104553451,22.399999553850105,0.0,28.0,0.0,410,435,375,435,28.0,NEUTRAL,program,sensor_drive.py,function,750df67d0c33d1501e8060e5a3b5ce81e437358a154f973070c11cf1d50adae5,左壁追従（超音波のみ）,,250.0,250.0,40.959076856551896,176.987891143453,98.09726589193532
77.4,766.3980914494379,374.05906735743577,-89.82731104553451,22.399999654394726,0.0,28.0,0.0,410,435,375,435,28.0,NEUTRAL,program,sensor_drive.py,function,750df67d0c33d1501e8060e5a3b5ce81e437358a154f973070c11cf1d50adae5,左壁追従（超音波のみ）,,250.0,250.0,40.962806749380526,176.9811748454533,98.09354646875731
77.45,765.2780965514808,374.0624430220176,-89.82731104553451,22.39999973228055,0.0,28.0,0.0,410,435,375,435,28.0,NEUTRAL,program,sensor_drive.py,function,750df67d0c33d1501e8060e5a3b5ce81e437358a154f973070c11cf1d50adae5,左壁追従（超音波のみ）,,250.0,250.0,40.9665366422278,176.97445854742,98.08982704556068
77.5,764.1581016501596,374.0658186866096,-89.82731104553451,22.399999792613972,0.0,28.0,0.0,410,435,375,435,28.0,NEUTRAL,program,sensor_drive.py,function,750df67d0c33d1501e8060e5a3b5ce81e437358a154f973070c11cf1d50adae5,左壁追従（超音波のみ）,,250.0,250.0,40.970266535089465,176.9677422493608,98.08610762234972
77.55,763.0381067462324,374.0691943512095,-89.82731104553451,22.399999839350617,0.0,28.0,0.0,410,435,375,435,28.0,NEUTRAL,program,sensor_drive.py,function,750df67d0c33d1501e8060e5a3b5ce81e437358a154f973070c11cf1d50adae5,左壁追従（超音波のみ）,,250.0,250.0,40.97399642796236,176.96102595128136,98.08238819912755
77.6,761.9181118402864,374.0725700158155,-89.82731104553451,22.39999987555466,0.0,28.0,0.0,410,435,375,435,28.0,NEUTRAL,program,sensor_drive.py,function,750df67d0c33d1501e8060e5a3b5ce81e437358a154f973070c11cf1d50adae5,左壁追従（超音波のみ）,,250.0,250.0,40.977726320844,176.95430965318621,98.07866877589665
77.65,760.7981169327767,374.0759456804261,-89.82731104553451,22.399999903599735,0.0,28.0,0.0,410,435,375,435,28.0,NEUTRAL,program,sensor_drive.py,function,750df67d0c33d1501e8060e5a3b5ce81e437358a154f973070c11cf1d50adae5,左壁追従（超音波のみ）,,250.0,250.0,40.98145621373236,176.94759335507896,98.07494935265908
77.7,759.6781220240557,374.07932134504046,-89.82731104553451,22.399999925324558,0.0,28.0,0.0,410,435,375,435,28.0,NEUTRAL,program,sensor_drive.py,function,750df67d0c33d1501e8060e5a3b5ce81e437358a154f973070c11cf1d50adae5,左壁追従（超音波のみ）,,250.0,250.0,40.98518610662586,176.94087705696242,98.07122992941636
77.75,758.5581271143963,374.08269700965764,-89.82731104553451,22.399999942153464,0.0,28.0,0.0,410,435,375,435,28.0,NEUTRAL,program,sensor_drive.py,function,750df67d0c33d1501e8060e5a3b5ce81e437358a154f973070c11cf1d50adae5,左壁追従（超音波のみ）,,250.0,250.0,39.971388691999394,176.93416075883854,98.06751050616957
77.8,757.4381322040098,374.086072674277,-89.82731104553451,22.39999995518979,0.0,28.0,0.0,410,435,375,435,28.0,NEUTRAL,program,sensor_drive.py,function,750df67d0c33d1501e8060e5a3b5ce81e437358a154f973070c11cf1d50adae5,左壁追従（超音波のみ）,,250.0,250.0,39.41590456477622,176.92744446070898,98.06379108291964
77.85,756.3181372930603,374.089448338898,-89.82731104553451,22.39999996528825,0.0,28.0,0.0,410,435,375,435,28.0,NEUTRAL,program,sensor_drive.py,function,750df67d0c33d1501e8060e5a3b5ce81e437358a154f973070c11cf1d50adae5,左壁追従（超音波のみ）,,250.0,250.0,39.30336803191824,176.92072816257516,98.06007165966733
77.9,755.1981423816746,374.09282400352043,-89.82731104553451,22.399999973110912,0.0,28.0,0.0,410,435,375,435,28.0,NEUTRAL,program,sensor_drive.py,function,750df67d0c33d1501e8060e5a3b5ce81e437358a154f973070c11cf1d50adae5,左壁追従（超音波のみ）,,250.0,250.0,40.07051271109312,176.91401186443792,98.05635223641316
77.95,754.0781474699511,374.0961996681438,-89.82731104553451,22.39999997917065,0.0,28.0,0.0,410,435,375,435,28.0,NEUTRAL,program,sensor_drive.py,function,750df67d0c33d1501e8060e5a3b5ce81e437358a154f973070c11cf1d50adae5,左壁追従（超音波のみ）,,250.0,250.0,195.6948565464487,176.907295566298,98.05263281315747
78.0,752.9581525579658,374.0995753327679,-89.82731104553451,22.399999983864767,0.0,28.0,0.0,410,435,375,435,28.0,NEUTRAL,program,sensor_drive.py,function,750df67d0c33d1501e8060e5a3b5ce81e437358a154f973070c11cf1d50adae5,左壁追従（超音波のみ）,,250.0,250.0,195.6985864393563,176.90057926815612,98.04891338990072
78.05,751.8381576457778,374.1029509973927,-89.82731104553451,22.399999987501012,0.0,28.0,0.0,410,435,375,435,28.0,NEUTRAL,program,sensor_drive.py,function,750df67d0c33d1501e8060e5a3b5ce81e437358a154f973070c11cf1d50adae5,左壁追従（超音波のみ）,,250.0,250.0,195.70231633226467,176.89386297001278,98.04519396664317
78.1,750.7181627334327,374.106326662018,-89.82731104553451,22.39999999031779,0.0,28.0,0.0,410,435,375,435,28.0,NEUTRAL,program,sensor_drive.py,function,750df67d0c33d1501e8060e5a3b5ce81e437358a154f973070c11cf1d50adae5,左壁追従（超音波のみ）,,250.0,250.0,195.70604622517382,176.8871466718681,98.04147454338484
78.15,749.5981678209661,374.10970232664357,-89.82731104553451,22.39999999249978,0.0,28.0,0.0,410,435,375,435,28.0,NEUTRAL,program,sensor_drive.py,function,750df67d0c33d1501e8060e5a3b5ce81e437358a154f973070c11cf1d50adae5,左壁追従（超音波のみ）,,250.0,250.0,195.70977611808345,176.88043037372248,98.03775512012602
78.2,748.4781729084051,374.1130779912695,-89.82731104553451,22.399999994190036,0.0,28.0,0.0,410,435,375,435,28.0,NEUTRAL,program,sensor_drive.py,function,750df67d0c33d1501e8060e5a3b5ce81e437358a154f973070c11cf1d50adae5,左壁追従（超音波のみ）,,250.0,250.0,195.71350601099348,176.8737140755762,98.03403569686684
78.25,747.358177995771,374.1164536558956,-89.82731104553451,22.399999995499375,0.0,28.0,0.0,410,435,375,435,28.0,NEUTRAL,program,sensor_drive.py,function,750df67d0c33d1501e8060e5a3b5ce81e437358a154f973070c11cf1d50adae5,左壁追従（超音波のみ）,,250.0,250.0,195.71723590390388,176.86699777742925,98.03031627360726
78.3,746.2381830830803,374.11982932052194,-89.82731104553451,22.39999999651364,0.0,28.0,0.0,410,435,375,435,28.0,NEUTRAL,program,sensor_drive.py,function,750df67d0c33d1501e8060e5a3b5ce81e437358a154f973070c11cf1d50adae5,左壁追従（超音波のみ）,,250.0,250.0,195.72096579681448,176.86028147928195,98.0265968503475
78.35,745.118188170346,374.1232049851483,-89.82731104553451,22.399999997299325,0.0,28.0,0.0,410,435,375,435,28.0,NEUTRAL,program,sensor_drive.py,function,750df67d0c33d1501e8060e5a3b5ce81e437358a154f973070c11cf1d50adae5,左壁追従（超音波のみ）,,250.0,250.0,195.7246956897253,176.8535651811342,98.0228774270875
78.4,743.9981932575777,374.1265806497749,-89.82731104553451,22.39999999790795,0.0,28.0,0.0,410,435,375,435,28.0,NEUTRAL,program,sensor_drive.py,function,750df67d0c33d1501e8060e5a3b5ce81e437358a154f973070c11cf1d50adae5,左壁追従（超音波のみ）,,250.0,250.0,195.72842558263616,176.84684888298645,98.0191580038275
78.45,742.8781983447831,374.12995631440157,-89.82731104553451,22.399999998379418,0.0,28.0,0.0,410,435,375,435,28.0,NEUTRAL,program,sensor_drive.py,function,750df67d0c33d1501e8060e5a3b5ce81e437358a154f973070c11cf1d50adae5,左壁追従（超音波のみ）,,250.0,250.0,195.7321554755473,176.84013258483813,98.01543858056718
78.5,741.758203431968,374.13333197902824,-89.82731104553451,22.39999999874463,0.0,28.0,0.0,410,435,375,435,28.0,NEUTRAL,program,sensor_drive.py,function,750df67d0c33d1501e8060e5a3b5ce81e437358a154f973070c11cf1d50adae5,左壁追従（超音波のみ）,,250.0,250.0,195.73588536845853,176.8334162866897,98.0117191573068
78.55,740.6382085191372,374.1367076436549,-89.82731104553451,22.39999999902754,0.0,28.0,0.0,410,435,375,435,28.0,NEUTRAL,program,sensor_drive.py,function,750df67d0c33d1501e8060e5a3b5ce81e437358a154f973070c11cf1d50adae5,左壁追従（超音波のみ）,,250.0,250.0,195.73961526136975,176.8266999885413,98.00799973404642
78.6,739.5182136062941,374.1400833082816,-89.82731104553451,22.399999999246692,0.0,28.0,0.0,410,435,375,435,28.0,NEUTRAL,program,sensor_drive.py,function,750df67d0c33d1501e8060e5a3b5ce81e437358a154f973070c11cf1d50adae5,左壁追従（超音波のみ）,,250.0,250.0,195.74334515428097,176.81998369039286,98.00428031078603
78.65,738.3982186934419,374.14345897290826,-89.82731104553451,22.39999999941646,0.0,28.0,0.0,410,435,375,435,28.0,NEUTRAL,program,sensor_drive.py,function,750df67d0c33d1501e8060e5a3b5ce81e437358a154f973070c11cf1d50adae5,左壁追従（超音波のみ）,,250.0,250.0,195.74707504719217,176.81326739224443,98.00056088752565
78.7,737.2782237805822,374.14683463753494,-89.82731104553451,22.399999999547966,0.0,28.0,0.0,410,435,375,435,28.0,NEUTRAL,program,sensor_drive.py,function,750df67d0c33d1501e8060e5a3b5ce81e437358a154f973070c11cf1d50adae5,左壁追従（超音波のみ）,,250.0,250.0,195.75080494010342,176.806551094096,97.99684146426526
78.75,736.1582288677167,374.1502103021616,-89.82731104553451,22.39999999964984,0.0,28.0,0.0,410,435,375,435,28.0,NEUTRAL,program,sensor_drive.py,function,750df67d0c33d1501e8060e5a3b5ce81e437358a154f973070c11cf1d50adae5,左壁追従（超音波のみ）,,250.0,250.0,195.75453483301462,176.79983479594756,97.9931220410049
78.8,735.0382339548471,374.1535859667883,-89.82731104553451,22.399999999728756,0.0,28.0,0.0,410,435,375,435,28.0,NEUTRAL,program,sensor_drive.py,function,750df67d0c33d1501e8060e5a3b5ce81e437358a154f973070c11cf1d50adae5,左壁追従（超音波のみ）,,250.0,250.0,195.75826472592584,176.79311849779916,97.9894026177445
78.85,733.9182390419737,374.1569616314151,-89.82731104553451,22.399999999789884,0.0,28.0,0.0,410,435,375,435,28.0,NEUTRAL,program,sensor_drive.py,function,750df67d0c33d1501e8060e5a3b5ce81e437358a154f973070c11cf1d50adae5,左壁追従（超音波のみ）,,250.0,250.0,195.76199461883704,176.78640219965072,97.98568319448412
78.9,732.7982441290977,374.1603372960421,-89.82731104553451,22.399999999837235,0.0,28.0,0.0,410,435,375,435,28.0,NEUTRAL,program,sensor_drive.py,function,750df67d0c33d1501e8060e5a3b5ce81e437358a154f973070c11cf1d50adae5,左壁追従（超音波のみ）,,250.0,250.0,195.76572451174837,176.77968590150206,97.98196377122362
78.95,731.6782492162197,374.1637129606691,-89.82731104553451,22.399999999873913,0.0,28.0,0.0,410,435,375,435,28.0,NEUTRAL,program,sensor_drive.py,function,750df67d0c33d1501e8060e5a3b5ce81e437358a154f973070c11cf1d50adae5,左壁追従（超音波のみ）,,250.0,250.0,195.76945440466,176.77296960335295,97.97824434796286
79.0,730.55825430334,374.1670886252961,-89.82731104553451,22.399999999902327,0.0,28.0,0.0,410,435,375,435,28.0,NEUTRAL,program,sensor_drive.py,function,750df67d0c33d1501e8060e5a3b5ce81e437358a154f973070c11cf1d50adae5,左壁追従（超音波のみ）,,250.0,250.0,195.7731842975716,176.76625330520386,97.9745249247021
79.05,729.4382593904593,374.17046428992313,-89.82731104553451,22.39999999992434,0.0,28.0,0.0,410,435,375,435,28.0,NEUTRAL,program,sensor_drive.py,function,750df67d0c33d1501e8060e5a3b5ce81e437358a154f973070c11cf1d50adae5,左壁追従（超音波のみ）,,250.0,250.0,195.77691419048318,176.75953700705475,97.97080550144135
79.1,728.3182644775775,374.17383995455015,-89.82731104553451,22.399999999941386,0.0,28.0,0.0,410,435,375,435,28.0,NEUTRAL,program,sensor_drive.py,function,750df67d0c33d1501e8060e5a3b5ce81e437358a154f973070c11cf1d50adae5,左壁追従（超音波のみ）,,250.0,250.0,195.78064408339478,176.75282070890563,97.96708607818059
79.15,727.198269564695,374.17721561917716,-89.82731104553451,22.399999999954595,0.0,28.0,0.0,410,435,375,435,28.0,NEUTRAL,program,sensor_drive.py,function,750df67d0c33d1501e8060e5a3b5ce81e437358a154f973070c11cf1d50adae5,左壁追従（超音波のみ）,,250.0,250.0,195.78437397630637,176.74610441075654,97.96336665491982
79.2,726.0782746518121,374.1805912838042,-89.82731104553451,22.399999999964823,0.0,28.0,0.0,410,435,375,435,28.0,NEUTRAL,program,sensor_drive.py,function,750df67d0c33d1501e8060e5a3b5ce81e437358a154f973070c11cf1d50adae5,左壁追従（超音波のみ）,,250.0,79.66634124478652,195.78810386921796,176.73938811260743,97.95964723165908
79.25,724.9582797389285,374.1839669484312,-89.82731104553451,22.39999999997275,0.0,28.0,0.0,410,435,375,435,28.0,NEUTRAL,program,sensor_drive.py,function,750df67d0c33d1501e8060e5a3b5ce81e437358a154f973070c11cf1d50adae5,左壁追従（超音波のみ）,,250.0,77.94647168971596,195.79183376212956,176.7326718144583,97.95592780839831
79.3,723.8382848260447,374.1873426130582,-89.82731104553451,22.399999999978892,0.0,28.0,0.0,410,435,375,435,28.0,NEUTRAL,program,sensor_drive.py,function,750df67d0c33d1501e8060e5a3b5ce81e437358a154f973070c11cf1d50adae5,左壁追従（超音波のみ）,,250.0,76.58966832019672,195.79556365504115,176.72595551630923,97.95220838513755
79.35,722.7182899131604,374.1907182776852,-89.82731104553451,22.39999999998365,0.0,28.0,0.0,410,435,375,435,28.0,NEUTRAL,program,sensor_drive.py,function,750df67d0c33d1501e8060e5a3b5ce81e437358a154f973070c11cf1d50adae5,左壁追従（超音波のみ）,,250.0,75.4162334499245,195.79929354795274,176.7192392181601,97.94848896187679
79.4,721.5982950002762,374.19409394231224,-89.82731104553451,22.399999999987337,0.0,28.0,0.0,410,435,375,435,28.0,NEUTRAL,program,sensor_drive.py,function,750df67d0c33d1501e8060e5a3b5ce81e437358a154f973070c11cf1d50adae5,左壁追従（超音波のみ）,,250.0,74.38098294343786,195.80302344086434,176.71252292001103,97.94476953861603
79.45,720.4783000873919,374.19746960693925,-89.82731104553451,22.399999999990186,0.0,28.0,0.0,410,435,375,435,28.0,NEUTRAL,program,sensor_drive.py,function,750df67d0c33d1501e8060e5a3b5ce81e437358a154f973070c11cf1d50adae5,左壁追従（超音波のみ）,,250.0,73.47278862881454,195.80675333377593,176.70580662186188,97.94105011535527
79.5,719.3583051745074,374.20084527156627,-89.82731104553451,22.399999999992396,0.0,28.0,0.0,410,435,375,435,28.0,NEUTRAL,program,sensor_drive.py,function,750df67d0c33d1501e8060e5a3b5ce81e437358a154f973070c11cf1d50adae5,左壁追従（超音波のみ）,,250.0,72.70213930144519,195.81048322668752,176.6990903237128,97.93733069209453
79.55,718.2383102616225,374.2042209361933,-89.82731104553451,22.399999999994105,0.0,28.0,0.0,410,435,375,435,28.0,NEUTRAL,program,sensor_drive.py,function,750df67d0c33d1501e8060e5a3b5ce81e437358a154f973070c11cf1d50adae5,左壁追従（超音波のみ）,,250.0,72.11277331086488,195.81421311959912,176.69237402556368,97.93361126883377
79.6,717.1183153487375,374.2075966008203,-89.82731104553451,22.399999999995433,0.0,28.0,0.0,410,435,375,435,28.0,NEUTRAL,program,sensor_drive.py,function,750df67d0c33d1501e8060e5a3b5ce81e437358a154f973070c11cf1d50adae5,左壁追従（超音波のみ）,,250.0,71.87560276375571,195.8179430125107,176.6856577274146,97.92989184557301
79.65,715.9983204358525,374.2109722654473,-89.82731104553451,22.39999999999646,0.0,28.0,0.0,410,435,375,435,28.0,NEUTRAL,program,sensor_drive.py,function,750df67d0c33d1501e8060e5a3b5ce81e437358a154f973070c11cf1d50adae5,左壁追従（超音波のみ）,,250.0,74.99146367753073,195.8216729054223,176.67894142926548,97.92617242231225
79.7,714.8783255229675,374.2143479300743,-89.82731104553451,22.39999999999726,0.0,28.0,0.0,410,435,375,435,28.0,NEUTRAL,program,sensor_drive.py,function,750df67d0c33d1501e8060e5a3b5ce81e437358a154f973070c11cf1d50adae5,左壁追従（超音波のみ）,,250.0,74.99825046721402,195.8254027983339,176.67222513111636,97.92245299905149
79.75,713.7583306100826,374.21772359470134,-89.82731104553451,22.399999999997878,0.0,28.0,0.0,410,435,375,435,28.0,NEUTRAL,program,sensor_drive.py,function,750df67d0c33d1501e8060e5a3b5ce81e437358a154f973070c11cf1d50adae5,左壁追従（超音波のみ）,,250.0,75.00503725689731,195.8291326912455,176.66550883296728,97.91873357579072
79.8,712.6383356971976,374.22109925932835,-89.82731104553451,22.399999999998357,0.0,28.0,0.0,410,435,375,435,28.0,NEUTRAL,program,sensor_drive.py,function,750df67d0c33d1501e8060e5a3b5ce81e437358a154f973070c11cf1d50adae5,左壁追従（超音波のみ）,,250.0,75.0118240465806,195.83286258415708,176.65879253481816,97.91501415252996
79.85,711.5183407843126,374.22447492395537,-89.82731104553451,22.399999999998727,0.0,28.0,0.0,410,435,375,435,28.0,NEUTRAL,program,sensor_drive.py,function,750df67d0c33d1501e8060e5a3b5ce81e437358a154f973070c11cf1d50adae5,左壁追従（超音波のみ）,,250.0,75.01861083626389,195.8365924770687,176.65207623666905,97.91129472926923
79.9,710.3983458714276,374.2278505885824,-89.82731104553451,22.399999999999014,0.0,28.0,0.0,410,435,375,435,28.0,NEUTRAL,program,sensor_drive.py,function,750df67d0c33d1501e8060e5a3b5ce81e437358a154f973070c11cf1d50adae5,左壁追従（超音波のみ）,,250.0,75.02539762594719,195.84032236998027,176.64535993851993,97.90757530600847
79.95,709.2783509585427,374.2312262532094,-89.82731104553451,22.39999999999924,0.0,28.0,0.0,410,435,375,435,28.0,NEUTRAL,program,sensor_drive.py,function,750df67d0c33d1501e8060e5a3b5ce81e437358a154f973070c11cf1d50adae5,左壁追従（超音波のみ）,,250.0,75.03218441563048,195.84405226289186,176.63864364037084,97.9038558827477
80.0,708.1583560456577,374.2346019178364,-89.82731104553451,22.399999999999412,0.0,28.0,0.0,410,435,375,435,28.0,NEUTRAL,program,sensor_drive.py,function,750df67d0c33d1501e8060e5a3b5ce81e437358a154f973070c11cf1d50adae5,左壁追従（超音波のみ）,,250.0,75.03897120531377,195.8477821558035,176.63192734222176,97.90013645948694
80.05,707.0383611327727,374.23797758246343,-89.82731104553451,22.399999999999547,0.0,28.0,0.0,410,435,375,435,28.0,NEUTRAL,program,sensor_drive.py,function,750df67d0c33d1501e8060e5a3b5ce81e437358a154f973070c11cf1d50adae5,左壁追従（超音波のみ）,,250.0,75.04575799499706,195.85151204871505,176.6252110440726,97.89641703622618
80.1,705.9183662198877,374.24135324709044,-89.82731104553451,22.399999999999647,0.0,28.0,0.0,410,435,375,435,28.0,NEUTRAL,program,sensor_drive.py,function,750df67d0c33d1501e8060e5a3b5ce81e437358a154f973070c11cf1d50adae5,左壁追従（超音波のみ）,,250.0,75.05254478468035,195.85524194162667,176.61849474592353,97.89269761296542
80.15,704.7983713070028,374.24472891171746,-89.82731104553451,22.399999999999725,0.0,28.0,0.0,410,435,375,435,28.0,NEUTRAL,program,sensor_drive.py,function,750df67d0c33d1501e8060e5a3b5ce81e437358a154f973070c11cf1d50adae5,左壁追従（超音波のみ）,,250.0,75.05933157436364,195.85897183453827,176.6117784477744,97.88897818970467
80.2,703.6783763941178,374.2481045763445,-89.82731104553451,22.39999999999979,0.0,28.0,0.0,410,435,375,435,28.0,NEUTRAL,program,sensor_drive.py,function,750df67d0c33d1501e8060e5a3b5ce81e437358a154f973070c11cf1d50adae5,左壁追従（超音波のみ）,,250.0,75.06611836404694,195.86270172744983,176.60506214962533,97.88525876644391
80.25,702.5583814812328,374.2514802409715,-89.82731104553451,22.39999999999983,0.0,28.0,0.0,410,435,375,435,28.0,NEUTRAL,program,sensor_drive.py,function,750df67d0c33d1501e8060e5a3b5ce81e437358a154f973070c11cf1d50adae5,左壁追従（超音波のみ）,,250.0,75.07290515373023,195.86643162036145,176.5983458514762,97.88153934318315
80.3,701.4383865683478,374.2548559055985,-89.82731104553451,22.399999999999874,0.0,28.0,0.0,410,435,375,435,28.0,NEUTRAL,program,sensor_drive.py,function,750df67d0c33d1501e8060e5a3b5ce81e437358a154f973070c11cf1d50adae5,左壁追従（超音波のみ）,,250.0,75.07969194341352,195.87016151327305,176.5916295533271,97.8778199199224
80.35,700.3183916554628,374.2582315702255,-89.82731104553451,22.399999999999896,0.0,28.0,0.0,410,435,375,435,28.0,NEUTRAL,program,sensor_drive.py,function,750df67d0c33d1501e8060e5a3b5ce81e437358a154f973070c11cf1d50adae5,左壁追従（超音波のみ）,,250.0,75.08647873309681,195.8738914061846,176.584913255178,97.87410049666164
80.4,699.1983967425779,374.26160723485253,-89.82731104553451,22.399999999999917,0.0,28.0,0.0,410,435,375,435,28.0,NEUTRAL,program,sensor_drive.py,function,750df67d0c33d1501e8060e5a3b5ce81e437358a154f973070c11cf1d50adae5,左壁追従（超音波のみ）,,250.0,75.0932655227801,195.87762129909623,176.5781969570289,97.87038107340088
80.45,698.0784018296929,374.26498289947955,-89.82731104553451,22.399999999999938,0.0,28.0,0.0,410,435,375,435,28.0,NEUTRAL,program,sensor_drive.py,function,750df67d0c33d1501e8060e5a3b5ce81e437358a154f973070c11cf1d50adae5,左壁追従（超音波のみ）,,250.0,75.10005231246339,195.8813511920078,176.57148065887978,97.86666165014013
80.5,696.9584069168079,374.26835856410656,-89.82731104553451,22.399999999999956,0.0,28.0,0.0,410,435,375,435,28.0,NEUTRAL,program,sensor_drive.py,function,750df67d0c33d1501e8060e5a3b5ce81e437358a154f973070c11cf1d50adae5,左壁追従（超音波のみ）,,250.0,75.1068391021467,195.8850810849194,176.56476436073066,97.86294222687937
80.55,695.8384120039229,374.2717342287336,-89.82731104553451,22.399999999999956,0.0,28.0,0.0,410,435,375,435,28.0,NEUTRAL,program,sensor_drive.py,function,750df67d0c33d1501e8060e5a3b5ce81e437358a154f973070c11cf1d50adae5,左壁追従（超音波のみ）,,250.0,75.11362589182998,195.888810977831,176.55804806258158,97.85922280361861
80.6,694.718417091038,374.2751098933606,-89.82731104553451,22.399999999999956,0.0,28.0,0.0,410,435,375,435,28.0,NEUTRAL,program,sensor_drive.py,function,750df67d0c33d1501e8060e5a3b5ce81e437358a154f973070c11cf1d50adae5,左壁追従（超音波のみ）,,250.0,75.12041268151327,195.89254087074258,176.5513317644325,97.85550338035785
80.65,693.598422178153,374.2784855579876,-89.82731104553451,22.399999999999956,0.0,28.0,0.0,410,435,375,435,28.0,NEUTRAL,program,sensor_drive.py,function,750df67d0c33d1501e8060e5a3b5ce81e437358a154f973070c11cf1d50adae5,左壁追従（超音波のみ）,,250.0,75.12719947119656,195.8962707636542,176.54461546628335,97.8517839570971
80.7,692.478427265268,374.2818612226146,-89.82731104553451,22.399999999999956,0.0,28.0,0.0,410,435,375,435,28.0,NEUTRAL,program,sensor_drive.py,function,750df67d0c33d1501e8060e5a3b5ce81e437358a154f973070c11cf1d50adae5,左壁追従（超音波のみ）,,250.0,75.13398626087985,194.9028119533548,176.53789916813426,97.84806453383634
80.75,691.358432352383,374.28523688724164,-89.82731104553451,22.399999999999956,0.0,28.0,0.0,410,435,375,435,28.0,NEUTRAL,program,sensor_drive.py,function,750df67d0c33d1501e8060e5a3b5ce81e437358a154f973070c11cf1d50adae5,左壁追従（超音波のみ）,,250.0,75.14077305056314,194.3362453053029,176.53118286998514,97.84434511057557
80.8,690.2384374394981,374.28861255186865,-89.82731104553451,22.399999999999956,0.0,28.0,0.0,410,435,375,435,28.0,NEUTRAL,program,sensor_drive.py,function,750df67d0c33d1501e8060e5a3b5ce81e437358a154f973070c11cf1d50adae5,左壁追従（超音波のみ）,,250.0,75.14755984024644,194.2105820347205,176.52446657183606,97.84062568731483
80.85,689.1184425266131,374.29198821649567,-89.82731104553451,22.399999999999956,0.0,28.0,0.0,410,435,375,435,28.0,NEUTRAL,program,sensor_drive.py,function,750df67d0c33d1501e8060e5a3b5ce81e437358a154f973070c11cf1d50adae5,左壁追従（超音波のみ）,,250.0,75.15434662992973,194.92668854537013,176.51775027368691,97.83690626405406
80.9,687.9984476137281,374.2953638811227,-89.82731104553451,22.399999999999956,0.0,28.0,0.0,410,435,375,435,28.0,NEUTRAL,program,sensor_drive.py,function,750df67d0c33d1501e8060e5a3b5ce81e437358a154f973070c11cf1d50adae5,左壁追従（超音波のみ）,,250.0,75.16113341961302,195.91492022821214,176.51103397553783,97.8331868407933
80.95,686.8784527008431,374.2987395457497,-89.82731104553451,22.399999999999956,0.0,28.0,0.0,410,435,375,435,28.0,NEUTRAL,program,sensor_drive.py,function,750df67d0c33d1501e8060e5a3b5ce81e437358a154f973070c11cf1d50adae5,左壁追従（超音波のみ）,,250.0,75.16792020929631,195.91865012112376,176.50431767738874,97.82946741753254
81.0,685.7584577879582,374.3021152103767,-89.82731104553451,22.399999999999956,0.0,28.0,0.0,410,435,375,435,28.0,NEUTRAL,program,sensor_drive.py,function,750df67d0c33d1501e8060e5a3b5ce81e437358a154f973070c11cf1d50adae5,左壁追従（超音波のみ）,,250.0,75.1747069989796,195.92238001403535,176.49760137923963,97.82574799427178
81.05,684.6384628750732,374.3054908750037,-89.82731104553451,22.399999999999956,0.0,28.0,0.0,410,435,375,435,28.0,NEUTRAL,program,sensor_drive.py,function,750df67d0c33d1501e8060e5a3b5ce81e437358a154f973070c11cf1d50adae5,左壁追従（超音波のみ）,,250.0,75.18149378866289,195.92610990694692,176.4908850810905,97.82202857101102
81.1,683.5184679621882,374.30886653963074,-89.82731104553451,22.399999999999956,0.0,28.0,0.0,410,435,375,435,28.0,NEUTRAL,program,sensor_drive.py,function,750df67d0c33d1501e8060e5a3b5ce81e437358a154f973070c11cf1d50adae5,左壁追従（超音波のみ）,,250.0,75.1882805783462,195.9298397998585,176.4841687829414,97.81830914775028
81.15,682.3984730493032,374.31224220425776,-89.82731104553451,22.399999999999956,0.0,28.0,0.0,410,435,375,435,28.0,NEUTRAL,program,sensor_drive.py,function,750df67d0c33d1501e8060e5a3b5ce81e437358a154f973070c11cf1d50adae5,左壁追従（超音波のみ）,,250.0,75.19506736802948,195.93356969277013,176.4774524847923,97.81458972448952
81.2,681.2784781364182,374.3156178688848,-89.82731104553451,22.399999999999956,0.0,28.0,0.0,410,435,375,435,28.0,NEUTRAL,program,sensor_drive.py,function,750df67d0c33d1501e8060e5a3b5ce81e437358a154f973070c11cf1d50adae5,左壁追従（超音波のみ）,,250.0,75.20185415771277,195.93729958568173,176.4707361866432,97.81087030122876
81.25,680.1584832235333,374.3189935335118,-89.82731104553451,22.399999999999956,0.0,28.0,0.0,410,435,375,435,28.0,NEUTRAL,program,sensor_drive.py,function,750df67d0c33d1501e8060e5a3b5ce81e437358a154f973070c11cf1d50adae5,左壁追従（超音波のみ）,,250.0,75.20864094739606,195.94102947859332,176.46401988849408,97.807150877968
81.3,679.0384883106483,374.3223691981388,-89.82731104553451,22.399999999999956,0.0,28.0,0.0,410,435,375,435,28.0,NEUTRAL,program,sensor_drive.py,function,750df67d0c33d1501e8060e5a3b5ce81e437358a154f973070c11cf1d50adae5,左壁追従（超音波のみ）,,250.0,75.21542773707935,195.9447593715049,176.457303590345,97.80343145470724
81.35,677.9184933977633,374.3257448627658,-89.82731104553451,22.399999999999956,0.0,28.0,0.0,410,435,375,435,28.0,NEUTRAL,program,sensor_drive.py,function,750df67d0c33d1501e8060e5a3b5ce81e437358a154f973070c11cf1d50adae5,左壁追従（超音波のみ）,,250.0,75.22221452676264,195.9484892644165,176.45058729219588,97.79971203144648
81.4,676.7984984848783,374.32912052739283,-89.82731104553451,22.399999999999956,0.0,28.0,0.0,410,435,375,435,28.0,NEUTRAL,program,sensor_drive.py,function,750df67d0c33d1501e8060e5a3b5ce81e437358a154f973070c11cf1d50adae5,左壁追従（超音波のみ）,,250.0,75.22900131644595,195.9522191573281,176.4438709940468,97.79599260818571
81.45,675.6785035719934,374.33249619201985,-89.82731104553451,22.399999999999956,0.0,28.0,0.0,410,435,375,435,28.0,NEUTRAL,program,sensor_drive.py,function,750df67d0c33d1501e8060e5a3b5ce81e437358a154f973070c11cf1d50adae5,左壁追従（超音波のみ）,,250.0,75.23578810612923,195.9559490502397,176.43715469589765,97.79227318492498
81.5,674.5585086591084,374.33587185664686,-89.82731104553451,22.399999999999956,0.0,28.0,0.0,410,435,375,435,28.0,NEUTRAL,program,sensor_drive.py,function,750df67d0c33d1501e8060e5a3b5ce81e437358a154f973070c11cf1d50adae5,左壁追従（超音波のみ）,,250.0,75.24257489581252,195.95967894315126,176.43043839774856,97.78855376166422
81.55,673.4385137462234,374.3392475212739,-89.82731104553451,22.399999999999956,0.0,28.0,0.0,410,435,375,435,28.0,NEUTRAL,program,sensor_drive.py,function,750df67d0c33d1501e8060e5a3b5ce81e437358a154f973070c11cf1d50adae5,左壁追従（超音波のみ）,,250.0,75.24936168549581,195.96340883606285,176.42372209959947,97.78483433840346
81.6,672.3185188333384,374.3426231859009,-89.82731104553451,22.399999999999956,0.0,28.0,0.0,410,435,375,435,28.0,NEUTRAL,program,sensor_drive.py,function,750df67d0c33d1501e8060e5a3b5ce81e437358a154f973070c11cf1d50adae5,左壁追従（超音波のみ）,,250.0,75.2561484751791,195.96713872897448,176.41700580145036,97.7811149151427
81.65,671.1985239204535,374.3459988505279,-89.82731104553451,22.399999999999956,0.0,28.0,0.0,410,435,375,435,28.0,NEUTRAL,program,sensor_drive.py,function,750df67d0c33d1501e8060e5a3b5ce81e437358a154f973070c11cf1d50adae5,左壁追従（超音波のみ）,,250.0,75.26293526486239,195.97086862188607,176.41028950330124,97.77739549188193
81.7,670.0785290075685,374.3493745151549,-89.82731104553451,22.399999999999956,0.0,28.0,0.0,410,435,375,435,28.0,NEUTRAL,program,sensor_drive.py,function,750df67d0c33d1501e8060e5a3b5ce81e437358a154f973070c11cf1d50adae5,左壁追従（超音波のみ）,,250.0,75.2697220545457,195.9745985147977,176.40357320515213,97.77367606862117
81.75,668.9585340946835,374.35275017978194,-89.82731104553451,22.399999999999956,0.0,28.0,0.0,410,435,375,435,28.0,NEUTRAL,program,sensor_drive.py,function,750df67d0c33d1501e8060e5a3b5ce81e437358a154f973070c11cf1d50adae5,左壁追従（超音波のみ）,,250.0,75.27650884422899,195.97832840770923,176.39685690700304,97.76995664536042
81.8,667.8385391817985,374.35612584440895,-89.82731104553451,22.399999999999956,0.0,28.0,0.0,410,435,375,435,28.0,NEUTRAL,program,sensor_drive.py,function,750df67d0c33d1501e8060e5a3b5ce81e437358a154f973070c11cf1d50adae5,左壁追従（超音波のみ）,,250.0,75.28329563391227,195.98205830062085,176.39014060885393,97.76623722209966
81.85,666.7185442689135,374.35950150903597,-89.82731104553451,22.399999999999956,0.0,28.0,0.0,410,435,375,435,28.0,NEUTRAL,program,sensor_drive.py,function,750df67d0c33d1501e8060e5a3b5ce81e437358a154f973070c11cf1d50adae5,左壁追従（超音波のみ）,,250.0,75.29008242359556,195.98578819353244,176.3834243107048,97.7625177988389
81.9,665.5985493560286,374.362877173663,-89.82731104553451,22.399999999999956,0.0,28.0,0.0,410,435,375,435,28.0,NEUTRAL,program,sensor_drive.py,function,750df67d0c33d1501e8060e5a3b5ce81e437358a154f973070c11cf1d50adae5,左壁追従（超音波のみ）,,250.0,75.29686921327885,195.98951808644404,176.37670801255572,97.75879837557815
81.95,664.4785544431436,374.36625283829,-89.82731104553451,22.399999999999956,0.0,28.0,0.0,410,435,375,435,28.0,NEUTRAL,program,sensor_drive.py,function,750df67d0c33d1501e8060e5a3b5ce81e437358a154f973070c11cf1d50adae5,左壁追従（超音波のみ）,,250.0,75.30365600296214,195.99324797935566,176.3699917144066,97.75507895231739
82.0,663.3585595302586,374.369628502917,-89.82731104553451,22.399999999999956,0.0,28.0,0.0,410,435,375,435,28.0,NEUTRAL,program,sensor_drive.py,function,750df67d0c33d1501e8060e5a3b5ce81e437358a154f973070c11cf1d50adae5,左壁追従（超音波のみ）,,250.0,75.31044279264545,195.99697787226722,176.36327541625752,97.75135952905663
82.05,662.2385646173736,374.373004167544,-89.82731104553451,22.399999999999956,0.0,28.0,0.0,410,435,375,435,28.0,NEUTRAL,program,sensor_drive.py,function,750df67d0c33d1501e8060e5a3b5ce81e437358a154f973070c11cf1d50adae5,左壁追従（超音波のみ）,,250.0,75.31722958232874,196.00070776517882,176.35655911810838,97.74764010579588
82.1,661.1185697044887,374.37637983217104,-89.82731104553451,22.399999999999956,0.0,28.0,0.0,410,435,375,435,28.0,NEUTRAL,program,sensor_drive.py,function,750df67d0c33d1501e8060e5a3b5ce81e437358a154f973070c11cf1d50adae5,左壁追従（超音波のみ）,,250.0,75.32401637201203,196.0044376580904,176.3498428199593,97.74392068253512
82.15,659.9985747916037,374.37975549679805,-89.82731104553451,22.399999999999956,0.0,28.0,0.0,410,435,375,435,28.0,NEUTRAL,program,sensor_drive.py,function,750df67d0c33d1501e8060e5a3b5ce81e437358a154f973070c11cf1d50adae5,左壁追従（超音波のみ）,,250.0,75.33080316169531,196.00816755100203,176.34312652181018,97.74020125927436
82.2,658.8785798787187,374.38313116142507,-89.82731104553451,22.399999999999956,0.0,28.0,0.0,410,435,375,435,28.0,NEUTRAL,program,sensor_drive.py,function,750df67d0c33d1501e8060e5a3b5ce81e437358a154f973070c11cf1d50adae5,左壁追従（超音波のみ）,,250.0,75.3375899513786,196.0118974439136,176.3364102236611,97.7364818360136
82.25,657.7585849658337,374.3865068260521,-89.82731104553451,22.399999999999956,0.0,28.0,0.0,410,435,375,435,28.0,NEUTRAL,program,sensor_drive.py,function,750df67d0c33d1501e8060e5a3b5ce81e437358a154f973070c11cf1d50adae5,左壁追従（超音波のみ）,,250.0,75.3443767410619,196.0156273368252,176.32969392551198,97.73276241275285
82.3,656.6385900529488,374.3898824906791,-89.82731104553451,22.399999999999956,0.0,28.0,0.0,410,435,375,435,28.0,NEUTRAL,program,sensor_drive.py,function,750df67d0c33d1501e8060e5a3b5ce81e437358a154f973070c11cf1d50adae5,左壁追従（超音波のみ）,,250.0,75.3511635307452,196.01935722973678,176.32297762736286,97.72904298949209
82.35,655.5185951400638,374.3932581553061,-89.82731104553451,22.399999999999956,0.0,28.0,0.0,410,435,375,435,28.0,NEUTRAL,program,sensor_drive.py,function,750df67d0c33d1501e8060e5a3b5ce81e437358a154f973070c11cf1d50adae5,左壁追従（超音波のみ）,,250.0,75.35795032042849,196.0230871226484,176.31626132921377,97.72532356623132
82.4,654.3986002271788,374.39663381993313,-89.82731104553451,22.399999999999956,0.0,28.0,0.0,410,435,375,435,28.0,NEUTRAL,program,sensor_drive.py,function,750df67d0c33d1501e8060e5a3b5ce81e437358a154f973070c11cf1d50adae5,左壁追従（超音波のみ）,,250.0,75.36473711011178,196.02681701556,176.30954503106466,97.72160414297058
82.45,653.2786053142938,374.40000948456014,-89.82731104553451,22.399999999999956,0.0,28.0,0.0,410,435,375,435,28.0,NEUTRAL,program,sensor_drive.py,function,750df67d0c33d1501e8060e5a3b5ce81e437358a154f973070c11cf1d50adae5,左壁追従（超音波のみ）,,250.0,75.37152389979506,196.03054690847156,176.30282873291554,97.71788471970982
82.5,652.1586104014089,374.40338514918716,-89.82731104553451,22.399999999999956,0.0,28.0,0.0,410,435,375,435,28.0,NEUTRAL,program,sensor_drive.py,function,750df67d0c33d1501e8060e5a3b5ce81e437358a154f973070c11cf1d50adae5,左壁追従（超音波のみ）,,250.0,75.37831068947835,196.03427680138316,176.29611243476646,97.71416529644905
82.55,651.0386154885239,374.4067608138142,-89.82731104553451,22.399999999999956,0.0,28.0,0.0,410,435,375,435,28.0,NEUTRAL,program,sensor_drive.py,function,750df67d0c33d1501e8060e5a3b5ce81e437358a154f973070c11cf1d50adae5,左壁追従（超音波のみ）,,250.0,75.38509747916164,196.03800669429478,176.28939613661734,97.51524395683771
82.6,649.9188259299378,374.41018085377823,-89.82270668338138,22.3932046763104,-0.09045932778962085,27.96230861342099,-0.28268539934256515,409,434,375,435,27.96230861342099,NEUTRAL,program,sensor_drive.py,function,750df67d0c33d1501e8060e5a3b5ce81e437358a154f973070c11cf1d50adae5,左壁追従（超音波のみ）,,250.0,75.39188426884495,41.50690272257883,176.28267983846825,96.56019496391951
82.65,648.7997009752261,374.4135175716919,-89.83563479747943,22.375644959878205,0.25414086151976145,27.894107974366765,0.7941901922492545,409,435,375,435,27.894107974366765,NEUTRAL,program,sensor_drive.py,function,750df67d0c33d1501e8060e5a3b5ce81e437358a154f973070c11cf1d50adae5,左壁追従（超音波のみ）,,250.0,75.41159537442059,40.395142157836936,176.2492780838402,96.07419205232316
82.7,647.6817088361106,374.4165167556166,-89.85695665708445,22.349615784992796,0.41956541536513087,27.825181076931194,1.311141923016034,409,436,375,435,27.825181076931194,NEUTRAL,program,sensor_drive.py,function,750df67d0c33d1501e8060e5a3b5ce81e437358a154f973070c11cf1d50adae5,左壁追従（超音波のみ）,,250.0,75.38227437093664,39.81083256309878,176.31733881159036,96.05858491197593
82.75,646.5649056347952,374.4190830355889,-89.87972613090885,22.327276928994614,0.4485274264890329,27.813113572296235,1.4016482077782277,409,436,375,435,27.813113572296235,NEUTRAL,program,sensor_drive.py,function,750df67d0c33d1501e8060e5a3b5ce81e437358a154f973070c11cf1d50adae5,左壁追従（超音波のみ）,,250.0,75.32894675760969,39.65273139980956,176.43471167818723,97.71309991560875
82.8,645.4486376413385,374.42129804117144,-89.89289064991193,22.324175831110527,0.25945101839000967,27.891895409004164,0.8107844324687803,409,435,375,435,27.891895409004164,NEUTRAL,program,sensor_drive.py,function,750df67d0c33d1501e8060e5a3b5ce81e437358a154f973070c11cf1d50adae5,左壁追従（超音波のみ）,,250.0,75.27081047638382,40.21428079381959,250.0,97.7234469726576
82.85,644.3321420870255,374.4234347624237,-89.88780715972719,22.33373901687087,-0.10016740761387609,27.958263580160885,-0.3130231487933628,409,434,375,435,27.958263580160885,NEUTRAL,program,sensor_drive.py,function,750df67d0c33d1501e8060e5a3b5ce81e437358a154f973070c11cf1d50adae5,左壁追従（超音波のみ）,,250.0,75.23870835537465,41.35845036078983,250.0,97.72863237053113
82.9,643.2152207094069,374.42566859285154,-89.88301129252748,22.34157548424751,-0.09446392007837572,27.960640033300677,-0.2951997502449241,409,434,375,435,27.960640033300677,NEUTRAL,program,sensor_drive.py,function,750df67d0c33d1501e8060e5a3b5ce81e437358a154f973070c11cf1d50adae5,左壁追従（超音波のみ）,,250.0,75.25710550004356,41.36145311512489,250.0,97.72333088722755
82.95,642.0979486313042,374.42799395366603,-89.87849144123227,22.348056423791125,-0.08899930023953755,27.962916958233524,-0.2781228132485548,409,434,375,435,27.962916958233524,NEUTRAL,program,sensor_drive.py,function,750df67d0c33d1501e8060e5a3b5ce81e437358a154f973070c11cf1d50adae5,左壁追従（超音波のみ）,,250.0,75.2749051322635,41.364527320662866,250.0,97.71809020070461
83.0,640.98038492104,374.4304055004181,-89.8742363267454,22.3534700493972,-0.08376456142074025,27.965098099408024,-0.26176425443981327,409,434,375,435,27.965098099408024,NEUTRAL,program,sensor_drive.py,function,750df67d0c33d1501e8060e5a3b5ce81e437358a154f973070c11cf1d50adae5,左壁追従（超音波のみ）,,250.0,75.2921274627632,41.367668213143155,250.0,97.7129095648847
83.05,639.8625761771792,374.43289811540245,-89.87023501931905,22.358040281238246,-0.07875093977558255,27.96718710842684,-0.24609668679869545,409,434,375,435,27.96718710842684,NEUTRAL,program,sensor_drive.py,function,750df67d0c33d1501e8060e5a3b5ce81e437358a154f973070c11cf1d50adae5,左壁追従（超音波のみ）,,250.0,75.30879233816655,41.37087125158333,250.0,97.7077881822531
83.1,638.7445593063171,374.4354668995295,-89.86647695022873,22.36194121652335,-0.07394991792050812,27.96918753419979,-0.23109349350158787,409,434,375,435,27.96918753419979,NEUTRAL,program,sensor_drive.py,function,750df67d0c33d1501e8060e5a3b5ce81e437358a154f973070c11cf1d50adae5,左壁追従（超音波のみ）,,250.0,75.32491916066583,41.3741321067824,250.0,97.70272522325305
83.15,637.6263636758373,374.4381071639945,-89.86295191643862,22.365308338027567,-0.06935323945361084,27.97110281689433,-0.21672887329253387,409,434,375,435,27.97110281689433,NEUTRAL,program,sensor_drive.py,function,750df67d0c33d1501e8060e5a3b5ce81e437358a154f973070c11cf1d50adae5,左壁追従（超音波のみ）,,250.0,75.34052683376878,41.3774466504742,250.0,97.69771984072119
83.2,636.5080127825308,374.44081442195875,-89.85965008023418,22.368247196070353,-0.06495291680558683,27.97293628466434,-0.20297786501745885,409,434,375,435,27.97293628466434,NEUTRAL,program,sensor_drive.py,function,750df67d0c33d1501e8060e5a3b5ce81e437358a154f973070c11cf1d50adae5,左壁追従（超音波のみ）,,250.0,75.35563372739172,41.38081094515949,250.0,97.69277118056287
83.25,635.3895255462038,374.44358438037915,-89.85656196527901,22.37084013369249,-0.060741234239440785,27.974691152400233,-0.18981635699825244,409,434,375,435,27.974691152400233,NEUTRAL,program,sensor_drive.py,function,750df67d0c33d1501e8060e5a3b5ce81e437358a154f973070c11cf1d50adae5,左壁追従（超音波のみ）,,250.0,75.3702576572662,41.38422123460733,250.0,97.68787838957853
83.3,634.2709173127851,374.446412932068,-89.85367845016832,22.373151496280816,-0.05671074734609313,27.976370521939128,-0.17722108545654103,409,434,375,435,27.976370521939128,NEUTRAL,program,sensor_drive.py,function,750df67d0c33d1501e8060e5a3b5ce81e437358a154f973070c11cf1d50adae5,左壁追従（超音波のみ）,,250.0,75.38441587489798,41.38767393499501,250.0,97.68304062113589
83.35,633.1522006323939,374.4492961480295,-89.85099076026572,22.375231667374663,-0.052854280035509335,27.97797738331854,-0.16516962511096667,409,434,375,435,27.97797738331854,NEUTRAL,program,sensor_drive.py,function,750df67d0c33d1501e8060e5a3b5ce81e437358a154f973070c11cf1d50adae5,左壁追従（超音波のみ）,,250.0,75.39812506525811,41.39116562663777,250.0,97.67825703921642
83.4,632.0333858630665,374.4522302700947,-89.848490458401,22.377120195319176,-0.049164919760899775,27.97951461676629,-0.1536403742528118,409,434,375,435,27.97951461676629,NEUTRAL,program,sensor_drive.py,function,750df67d0c33d1501e8060e5a3b5ce81e437358a154f973070c11cf1d50adae5,左壁追従（超音波のみ）,,250.0,75.4114013501122,41.39469304626467,250.0,97.6735268212383
83.45,630.9144816394071,374.45521170386326,-89.84616943485005,22.378848215744387,-0.045636011524469285,27.98098499519814,-0.1426125360139665,409,434,375,435,27.98098499519814,NEUTRAL,program,sensor_drive.py,function,750df67d0c33d1501e8060e5a3b5ce81e437358a154f973070c11cf1d50adae5,左壁追従（超音波のみ）,,250.0,75.4242602954068,41.398253079786514,250.0,97.66884915996164
83.5,629.7954952365835,374.45823701194735,-89.84401989690363,22.38044032862453,-0.04226115106539563,27.982391187056084,-0.13206609707936134,409,434,375,435,27.982391187056084,NEUTRAL,program,sensor_drive.py,function,750df67d0c33d1501e8060e5a3b5ce81e437358a154f973070c11cf1d50adae5,左壁追従（超音波のみ）,,250.0,75.43671692155118,41.401842755514515,250.0,97.66422326470702
83.55,628.6764328532206,374.46130290751125,-89.84203435824753,22.381916052872917,-0.03903417752840457,27.983735759363164,-0.1219818047762643,409,434,375,435,27.983735759363164,NEUTRAL,program,sensor_drive.py,function,750df67d0c33d1501e8060e5a3b5ce81e437358a154f973070c11cf1d50adae5,左壁追従（超音波のみ）,,250.0,75.44878571571039,41.40545923778169,250.0,97.65964836206531
83.6,627.5572998314417,374.4644062480938,-89.84020562831364,22.383290953701877,-0.03594916582863728,27.985021180904734,-0.11234114321449151,409,434,375,435,27.985021180904734,NEUTRAL,program,sensor_drive.py,function,750df67d0c33d1501e8060e5a3b5ce81e437358a154f973070c11cf1d50adae5,左壁追従（超音波のみ）,,250.0,75.46048064546703,41.4090998209336,250.0,97.6551236962311
83.65,626.4382792285301,374.46758256353434,-89.83452961800256,22.37867384686352,-0.11159005074534646,27.95350414552277,-0.3487189085792077,409,434,375,435,27.95350414552277,NEUTRAL,program,sensor_drive.py,function,750df67d0c33d1501e8060e5a3b5ce81e437358a154f973070c11cf1d50adae5,左壁追従（超音波のみ）,,250.0,75.25322405724499,41.41276192364996,250.0,97.65064852906048
83.7,625.32024900036,374.4710394681152,-89.81115901099601,22.348934976355256,-0.45986221098574653,27.808390745422606,-1.437069409330458,409,433,375,435,27.808390745422606,NEUTRAL,program,sensor_drive.py,function,750df67d0c33d1501e8060e5a3b5ce81e437358a154f973070c11cf1d50adae5,左壁追従（超音波のみ）,,250.0,74.30166127758723,41.41699650997068,250.0,97.64387369781399
83.75,624.2041892950067,374.4750940941682,-89.77253362271355,22.30325086642995,-0.761341799964473,27.682774250014802,-2.379193124888978,409,432,375,435,27.682774250014802,NEUTRAL,program,sensor_drive.py,function,750df67d0c33d1501e8060e5a3b5ce81e437358a154f973070c11cf1d50adae5,左壁追従（超音波のみ）,,250.0,73.49800422586955,41.42380886807891,250.0,97.62659585526062
83.8,623.090626846239,374.4800024016778,-89.72237843373897,22.250626844266826,-0.9907782198340249,27.587175741735823,-3.0961819369813277,409,431,375,435,27.587175741735823,NEUTRAL,program,sensor_drive.py,function,750df67d0c33d1501e8060e5a3b5ce81e437358a154f973070c11cf1d50adae5,左壁追従（超音波のみ）,,250.0,72.90052310668678,41.4332575610956,250.0,97.5999192750259
83.85,621.97951696346,374.4859091981018,-89.66844452147775,22.204079776367806,-1.0677538900879495,27.55510254579669,-3.336730906524842,409,431,375,435,27.55510254579669,NEUTRAL,program,sensor_drive.py,function,750df67d0c33d1501e8060e5a3b5ce81e437358a154f973070c11cf1d50adae5,左壁追従（超音波のみ）,,250.0,72.70957525599705,41.44517392437489,250.0,97.56576764316165
83.9,620.8683166714524,374.4923517302496,-89.67097896209602,22.23768843560595,0.14036230380159595,27.941515706749335,0.4386321993799873,409,435,375,435,27.941515706749335,NEUTRAL,program,sensor_drive.py,function,750df67d0c33d1501e8060e5a3b5ce81e437358a154f973070c11cf1d50adae5,左壁追従（超音波のみ）,,250.0,75.99702717454043,41.458735827989386,250.0,97.52847086044977
83.95,619.7556640422561,374.49867225938436,-89.67807978459886,22.26372027329943,0.14039895088971505,27.941500437129285,0.43874672153035954,409,435,375,435,27.941500437129285,NEUTRAL,program,sensor_drive.py,function,750df67d0c33d1501e8060e5a3b5ce81e437358a154f973070c11cf1d50adae5,左壁追従（超音波のみ）,,250.0,76.0028871407027,41.465532149812056,250.0,97.52282557672447
84.0,618.6418762598413,374.5048632933191,-89.68496501146942,22.284216196722475,0.13599751133421775,27.94333437027741,0.4249922229194305,409,435,375,435,27.94333437027741,NEUTRAL,program,sensor_drive.py,function,750df67d0c33d1501e8060e5a3b5ce81e437358a154f973070c11cf1d50adae5,左壁追従（超音波のみ）,,250.0,75.99561091176724,41.47159609262486,250.0,97.51991756333076
84.05,617.5271928352496,374.51092738810183,-89.69164075413315,22.300411925702683,0.1317539160940068,27.94510253496083,0.41173098779377126,409,435,375,435,27.94510253496083,NEUTRAL,program,sensor_drive.py,function,750df67d0c33d1501e8060e5a3b5ce81e437358a154f973070c11cf1d50adae5,左壁追従（超音波のみ）,,250.0,75.98868593561842,41.477544987992324,250.0,97.51703036742241
84.1,616.411799891741,374.51686735798245,-89.69811334234376,22.31326506686325,0.1276632477970297,27.94680698008457,0.3989476493657178,409,435,375,435,27.94680698008457,NEUTRAL,program,sensor_drive.py,function,750df67d0c33d1501e8060e5a3b5ce81e437358a154f973070c11cf1d50adae5,左壁追従（超音波のみ）,,250.0,75.98209965867404,41.483380851310095,250.0,97.51416453988271
84.15,615.2958421771422,374.5226861804451,-89.7043892021336,22.32351779760006,0.12372047977673023,27.94844980009303,0.386626499302282,409,435,375,435,27.94844980009303,NEUTRAL,program,sensor_drive.py,function,750df67d0c33d1501e8060e5a3b5ce81e437358a154f973070c11cf1d50adae5,左壁追従（超音波のみ）,,250.0,75.97583946948332,41.489105956574846,250.0,97.51132048081162
84.2,614.1794323688976,374.52838692565933,-89.71047476699479,22.331745417484324,0.11992055692758935,27.95003310128017,0.3747517403987167,409,435,375,435,27.95003310128017,NEUTRAL,program,sensor_drive.py,function,750df67d0c33d1501e8060e5a3b5ce81e437358a154f973070c11cf1d50adae5,左壁追従（超音波のみ）,,250.0,75.96989284973887,41.49472274716844,250.0,97.50849847412393
84.25,613.062658282186,374.53397270433345,-89.7163764138594,22.33839395371421,0.11625845396342775,27.951558977515237,0.36330766863571173,409,435,375,435,27.951558977515237,NEUTRAL,program,sensor_drive.py,function,750df67d0c33d1501e8060e5a3b5ce81e437358a154f973070c11cf1d50adae5,左壁追従（超音波のみ）,,250.0,75.96424748052232,41.50023376931196,250.0,97.50569871413025
84.3,611.9455884538468,374.5394466294247,-89.7221004175589,22.343809288663163,0.11272921688442393,27.953029492964824,0.3522788027638248,409,435,375,435,27.953029492964824,NEUTRAL,program,sensor_drive.py,function,750df67d0c33d1501e8060e5a3b5ce81e437358a154f973070c11cf1d50adae5,左壁追従（超音波のみ）,,250.0,75.9588913155831,41.505641622636944,250.0,97.50292132595828
84.35,610.8282764682677,374.54481178827683,-89.72765291903123,22.348259721046233,0.10932799198914672,27.954446670004522,0.3416499749660835,409,435,375,435,27.954446670004522,NEUTRAL,program,sensor_drive.py,function,750df67d0c33d1501e8060e5a3b5ce81e437358a154f973070c11cf1d50adae5,左壁追従（超音波のみ）,,250.0,75.9538126304105,41.51094892367704,250.0,97.50016638123994
84.4,609.7107643088325,374.550071222594,-89.73303990373309,22.35195344120076,0.10605004566938528,27.95581248097109,0.331406392716829,409,435,375,435,27.95581248097109,NEUTRAL,program,sensor_drive.py,function,750df67d0c33d1501e8060e5a3b5ce81e437358a154f973070c11cf1d50adae5,左壁追従（超音波のみ）,,250.0,75.94900005359422,41.516158279103074,250.0,97.49743391015993
84.45,608.5930849545832,374.55522791429604,-89.7382671876089,22.355052067150872,0.10289077740130521,27.957128842749455,0.3215336793790788,409,435,375,435,27.957128842749455,NEUTRAL,program,sensor_drive.py,function,750df67d0c33d1501e8060e5a3b5ce81e437358a154f973070c11cf1d50adae5,左壁追従（超音波のみ）,,250.0,75.94444258528036,41.52127226629978,250.0,97.49472391071122
84.5,607.4752643922351,374.56028477578036,-89.74334040863572,22.357681129576203,0.09984572773030351,27.958397613445708,0.31201789915719846,409,435,375,435,27.958397613445708,NEUTRAL,program,sensor_drive.py,function,750df67d0c33d1501e8060e5a3b5ce81e437358a154f973070c11cf1d50adae5,左壁追従（超音波のみ）,,250.0,75.94012960627359,41.52629341946788,250.0,97.49203635580325
84.55,606.3573231753177,374.5652446434784,-89.74826502246455,22.359938193556953,0.09691058258982554,27.959620590587573,0.3028455705932048,409,435,375,435,27.959620590587573,NEUTRAL,program,sensor_drive.py,function,750df67d0c33d1501e8060e5a3b5ce81e437358a154f973070c11cf1d50adae5,左壁追従（超音波のみ）,,250.0,75.93605088041305,41.531224219878666,250.0,97.48937119872417
84.6,605.239277632512,374.57011027386676,-89.75304630105323,22.361899149873633,0.09408117494940683,27.96079951043775,0.29400367171689634,409,435,375,435,27.96079951043775,NEUTRAL,program,sensor_drive.py,function,750df67d0c33d1501e8060e5a3b5ce81e437358a154f973070c11cf1d50adae5,左壁追従（超音波のみ）,,250.0,75.93219655215539,41.53606708924435,250.0,97.48672837733709
84.65,604.1211408042412,374.5748843413004,-89.75768933346629,22.363623088516672,0.09135348453264694,27.961936048111397,0.2854796391645217,409,435,375,435,27.961936048111397,NEUTRAL,program,sensor_drive.py,function,750df67d0c33d1501e8060e5a3b5ce81e437358a154f973070c11cf1d50adae5,左壁追従（超音波のみ）,,250.0,75.92855714078773,41.540824385417935,250.0,97.48410781730665
84.7,603.0029231687516,374.579569437192,-89.76219902822807,22.365156074023698,0.08872363615538133,27.96303181826859,0.27726136298556664,409,435,375,435,27.96303181826859,NEUTRAL,program,sensor_drive.py,function,750df67d0c33d1501e8060e5a3b5ce81e437358a154f973070c11cf1d50adae5,左壁追従（超音波のみ）,,250.0,75.92512353232073,41.54549839983284,250.0,97.48150943458234
84.75,601.8846332051136,374.5841680701769,-89.76658011677128,22.36653407020235,0.08618789709084618,27.964088376212146,0.2693371784088943,409,435,375,435,27.964088376212146,NEUTRAL,program,sensor_drive.py,function,750df67d0c33d1501e8060e5a3b5ce81e437358a154f973070c11cf1d50adae5,左壁追従（超音波のみ）,,250.0,75.92188696982302,41.55009135623148,250.0,97.47893313731028
84.8,600.766277829883,374.58868266699506,-89.7708371576411,22.36778520598405,0.08374267376391124,27.965107219265036,0.26169585551222263,409,435,375,435,27.965107219265036,NEUTRAL,program,sensor_drive.py,function,750df67d0c33d1501e8060e5a3b5ce81e437358a154f973070c11cf1d50adae5,左壁追従（超音波のみ）,,250.0,75.91883904276048,41.55460541034809,180.46098168070424,97.47637882730965
84.85,599.6478627358811,374.5931155738853,-89.77497454120302,22.36893153092547,0.08138450799821825,27.966089788334077,0.25432658749443204,409,435,375,435,27.966089788334077,NEUTRAL,program,sensor_drive.py,function,750df67d0c33d1501e8060e5a3b5ce81e437358a154f973070c11cf1d50adae5,左壁追従（超音波のみ）,,250.0,75.91597167574888,41.559042650289136,178.65474275480565,97.47384640121341
84.9,598.5293926551351,374.5974690583402,-89.77899649466794,22.369990375392383,0.07911007297808595,27.967037469592466,0.2472189780565186,409,435,375,435,27.967037469592466,NEUTRAL,program,sensor_drive.py,function,750df67d0c33d1501e8060e5a3b5ce81e437358a154f973070c11cf1d50adae5,左壁追従（超音波のみ）,,250.0,75.91327711700768,41.56340509741881,177.27353490177128,97.47133575135352
84.95,597.4108715630554,374.60174531110715,-89.7829070872969,22.37097540452717,0.07691616904868992,27.967951596229714,0.240363028277156,409,435,375,435,27.967951596229714,NEUTRAL,program,sensor_drive.py,function,750df67d0c33d1501e8060e5a3b5ce81e437358a154f973070c11cf1d50adae5,左壁追従（超音波のみ）,,250.0,75.91074792673656,41.56769470760617,176.08970241107463,97.46884676645107
85.0,596.2923028370753,374.6059464483499,-89.78671023568529,22.371897435014752,0.07479971943967931,27.96883345023347,0.23374912324899783,409,435,375,435,27.96883345023347,NEUTRAL,program,sensor_drive.py,function,750df67d0c33d1501e8060e5a3b5ce81e437358a154f973070c11cf1d50adae5,左壁追従（超音波のみ）,,250.0,75.90837696555633,41.5719133727242,175.05137444206676,97.46637933215595
85.05,595.173689379999,374.61007451390674,-89.79040970905277,22.372765068103703,0.07275776597809275,27.969684264175793,0.22736801868153983,409,435,375,435,27.969684264175793,NEUTRAL,program,sensor_drive.py,function,750df67d0c33d1501e8060e5a3b5ce81e437358a154f973070c11cf1d50adae5,左壁追従（超音波のみ）,,250.0,75.90615738312655,41.57606292231961,174.14572180068095,97.46393333147293
85.1,594.0550337159951,374.61413148159835,-89.79400913448609,22.373585180288874,0.07078746483435935,27.970505222985683,0.22121082760737298,409,435,375,435,27.970505222985683,NEUTRAL,program,sensor_drive.py,function,750df67d0c33d1501e8060e5a3b5ce81e437358a154f973070c11cf1d50adae5,左壁追従（超音波のみ）,,250.0,75.90408260700542,41.58014512539105,173.38366301876943,97.46150864510057
85.15,592.936338065384,374.61811925755035,-89.79751200209745,22.374363303727915,0.06888608233654363,27.971297465693105,0.21526900730169884,409,435,375,435,27.971297465693105,NEUTRAL,program,sensor_drive.py,function,750df67d0c33d1501e8060e5a3b5ce81e437358a154f973070c11cf1d50adae5,左壁追従（超音波のみ）,,250.0,75.9021463318094,41.58416169223147,172.81283689233538,97.45910515170404
85.2,591.817604402981,374.6220396825051,-89.80092167007152,22.37510392123471,0.06705099087261031,27.97206208713641,0.20953434647690722,409,435,375,435,27.97206208713641,NEUTRAL,program,sensor_drive.py,function,750df67d0c33d1501e8060e5a3b5ce81e437358a154f973070c11cf1d50adae5,左壁追従（超音波のみ）,,250.0,75.90034250869518,41.58811427630041,172.63242410870907,97.45672272813677
85.25,590.6988345036874,374.62589453410345,-89.8042413695837,22.375810695092806,0.0652796648983863,27.972800139625672,0.20399895280745717,409,435,375,435,27.972800139625672,NEUTRAL,program,sensor_drive.py,function,750df67d0c33d1501e8060e5a3b5ce81e437358a154f973070c11cf1d50adae5,左壁追従（超音波のみ）,,250.0,75.89866533518806,41.59200447610045,175.70236725753213,97.4543612496236
85.3,589.5800299781865,374.6296855291251,-89.80747420957753,22.376486644594536,0.0635696770599707,27.973512634558347,0.19865524081240843,409,435,375,435,27.973512634558347,NEUTRAL,program,sensor_drive.py,function,750df67d0c33d1501e8060e5a3b5ce81e437358a154f973070c11cf1d50adae5,左壁追従（超音波のみ）,,250.0,75.89710924536313,41.59583383704016,175.7138071668848,97.4520205899158
85.35,588.4611923009616,374.63341432567535,-89.81062318139446,22.377134283852115,0.06191869443675285,27.974200543984686,0.19349592011485267,409,435,375,435,27.974200543984686,NEUTRAL,program,sensor_drive.py,function,750df67d0c33d1501e8060e5a3b5ce81e437358a154f973070c11cf1d50adae5,左壁追従（超音波のみ）,,250.0,75.89566890038212,41.5996038532706,175.7248769654781,97.4497006214213
85.4,587.3423228323502,374.63708252531546,-89.81369116325207,22.377755728824386,0.06032447490847316,27.97486480212147,0.18851398408897863,409,435,375,435,27.97486480212147,NEUTRAL,program,sensor_drive.py,function,750df67d0c33d1501e8060e5a3b5ce81e437358a154f973070c11cf1d50adae5,左壁追従（超音波のみ）,,250.0,75.89433917938351,41.60331596948445,175.73559033591462,97.44740121532061
85.45,586.2234228359667,374.6406916751297,-89.8166809245697,22.37835278048749,0.05878486364729536,27.975506306813628,0.183702698897798,409,435,375,435,27.975506306813628,NEUTRAL,program,sensor_drive.py,function,750df67d0c33d1501e8060e5a3b5ce81e437358a154f973070c11cf1d50adae5,左壁追従（超音波のみ）,,250.0,75.89311517072177,41.606971582673076,175.74596043975555,97.44512224166742
85.5,585.1044934925224,374.64424326972807,-89.8195951301419,22.378926989516334,0.05729778973410971,27.97612592094412,0.17905559291909284,409,435,375,435,27.97612592094412,NEUTRAL,program,sensor_drive.py,function,750df67d0c33d1501e8060e5a3b5ce81e437358a154f973070c11cf1d50adae5,左壁追従（超音波のみ）,,250.0,75.89199216354615,41.61057204383581,175.75599993702988,97.44286356948048
85.55,583.9855359108428,374.647738753184,-89.82243634416187,22.379479706634342,0.055861262897644065,27.976724473792647,0.1745664465551377,409,435,375,435,27.976724473792647,NEUTRAL,program,sensor_drive.py,function,750df67d0c33d1501e8060e5a3b5ce81e437358a154f973070c11cf1d50adae5,左壁追従（超音波のみ）,,250.0,75.89096563971043,41.614118659638876,175.76572100508784,97.44062506682727
85.6,582.8665511367033,374.6511795209053,-89.82520703409735,22.380012121852268,0.05447337037429831,27.977302762344042,0.17022928241968222,409,435,375,435,27.977302762344042,NEUTRAL,program,sensor_drive.py,function,750df67d0c33d1501e8060e5a3b5ce81e437358a154f973070c11cf1d50adae5,左壁追従（超音波のみ）,,250.0,75.89003126600464,41.61761269402286,175.77513535680453,97.43840660090139
85.65,581.7475401599589,374.65456692144045,-89.82790957442269,22.38052529509117,0.05313227388529441,27.977861552547793,0.16603835589154503,409,435,375,435,27.977861552547793,NEUTRAL,program,sensor_drive.py,function,750df67d0c33d1501e8060e5a3b5ce81e437358a154f973070c11cf1d50adae5,左壁追従（超音波のみ）,,250.0,75.8891848866958,41.62105536975708,175.7842542581481,97.43620803809591
85.7,580.6285039203461,374.65790225821996,-89.8305462502108,22.381020180122704,0.05183620672815184,27.978401580529937,0.1619881460254745,409,435,375,435,27.978401580529937,NEUTRAL,program,sensor_drive.py,function,750df67d0c33d1501e8060e5a3b5ce81e437358a154f973070c11cf1d50adae5,左壁追従（超音波のみ）,,250.0,75.88842251636841,41.624447869942266,175.79308854512124,97.4340292440715
85.75,579.5094433122416,374.6611867912345,-89.8331192605893,22.38149764332429,0.05058347097955451,27.97892355375852,0.15807334681110785,409,435,375,435,27.97892355375852,NEUTRAL,program,sensor_drive.py,function,750df67d0c33d1501e8060e5a3b5ce81e437358a154f973070c11cf1d50adae5,左壁追従（超音波のみ）,,250.0,75.88774033305381,41.62779133946022,175.8016486400938,97.4318700838229
85.8,578.3903591886042,374.66442173865164,-89.8356307220649,22.38195847840974,0.049372434804972054,27.979428152164594,0.15428885876553766,409,435,375,435,27.979428152164594,NEUTRAL,program,sensor_drive.py,function,750df67d0c33d1501e8060e5a3b5ce81e437358a154f973070c11cf1d50adae5,左壁追従（超音波のみ）,,250.0,75.88713467163518,41.631086886372316,175.80994456754283,97.42973042174214
85.85,577.2712523642733,374.6676082783727,-89.83808267172067,22.382403418034475,0.04820152987217943,27.979916029219925,0.15062978085056072,409,435,375,435,27.979916029219925,NEUTRAL,program,sensor_drive.py,function,750df67d0c33d1501e8060e5a3b5ce81e437358a154f973070c11cf1d50adae5,左壁追従（超音波のみ）,,250.0,75.88660201751964,41.634335583267934,175.81798596921666,97.42761012167936
85.9,576.1521236187605,374.67074754953074,-89.8404770702904,22.382833142972096,0.04706924886544042,27.980387812972733,0.14709140270450133,409,435,375,435,27.980387812972733,NEUTRAL,program,sensor_drive.py,function,750df67d0c33d1501e8060e5a3b5ce81e437358a154f973070c11cf1d50adae5,左壁追従（超音波のみ）,,250.0,75.88613900056806,41.63753846856409,175.82578211873783,97.42550904700144
85.95,575.0329736986369,374.6738406539329,-89.84281580511443,22.383248289402506,0.04597414309519912,27.980844107043666,0.14366919717249726,409,435,375,435,27.980844107043666,NEUTRAL,program,sensor_drive.py,function,750df67d0c33d1501e8060e5a3b5ce81e437358a154f973070c11cf1d50adae5,左壁追従（超音波のみ）,,250.0,75.88574238926715,41.64069654775645,175.83334193566975,97.4234270606494
86.0,573.9138033196001,374.67688865744753,-89.84510069298125,22.38364945473005,0.044914820201753754,27.981285491582604,0.1403588131304805,409,435,375,435,27.981285491582604,NEUTRAL,program,sensor_drive.py,function,750df67d0c33d1501e8060e5a3b5ce81e437358a154f973070c11cf1d50adae5,左壁追従（超音波のみ）,,250.0,75.88540908514067,41.643810794624976,175.84067399905675,97.42136402519387
86.05,572.7946131682862,374.6798925913394,-89.84733348285918,22.38403720225634,0.043889941947615585,27.981712524188495,0.1371560685862987,409,435,375,435,27.981712524188495,NEUTRAL,program,sensor_drive.py,function,750df67d0c33d1501e8060e5a3b5ce81e437358a154f973070c11cf1d50adae5,左壁追従（超音波のみ）,,250.0,75.88513611738368,41.64688215239337,175.84778656046038,97.41931980288899
86.1,571.6754039038709,374.68285345355343,-89.84951585852197,22.384412064959292,0.04289822209685431,27.982125740792977,0.1340569440526697,409,435,375,435,27.982125740792977,NEUTRAL,program,sensor_drive.py,function,750df67d0c33d1501e8060e5a3b5ce81e437358a154f973070c11cf1d50adae5,左壁追従（超音波のみ）,,250.0,75.88492063771757,41.649911534846886,175.85468755650655,97.41729425572417
86.15,570.5561761595042,374.6857722099498,-89.85164944107254,22.384774548573674,0.041938424376565656,27.982525656509765,0.13105757617676767,409,435,375,435,27.982525656509765,NEUTRAL,program,sensor_drive.py,function,750df67d0c33d1501e8060e5a3b5ce81e437358a154f973070c11cf1d50adae5,左壁追従（超音波のみ）,,250.0,75.88475991544966,41.65289982740659,175.86138462096312,97.41528724547592
86.2,569.4369305436068,374.68864979549204,-89.85373579136849,22.385125134124486,0.041009360518581506,27.982912766450593,0.1281542516205672,409,435,375,435,27.982912766450593,NEUTRAL,program,sensor_drive.py,function,750df67d0c33d1501e8060e5a3b5ce81e437358a154f973070c11cf1d50adae5,左壁追従（超音波のみ）,,250.0,75.88465133273459,41.65584788816382,175.8678850963613,97.41329863375645
86.25,568.3176676410517,374.6914871153892,-89.85577641235346,22.38546428003082,0.04010988837778515,27.983287546509256,0.12534340118057857,409,435,375,435,27.983287546509256,NEUTRAL,program,sensor_drive.py,function,750df67d0c33d1501e8060e5a3b5ce81e437358a154f973070c11cf1d50adae5,左壁追従（超音波のみ）,,250.0,75.88459238002723,41.65875654887579,175.87419604517797,97.41132828206166
86.3,567.1983880142509,374.69428504619464,-89.85777275129753,22.385792423871383,0.039238910124024036,27.98365045411499,0.12262159413757512,409,435,375,435,27.98365045411499,NEUTRAL,program,sensor_drive.py,function,750df67d0c33d1501e8060e5a3b5ce81e437358a154f973070c11cf1d50adae5,左壁追従（超音波のみ）,,250.0,75.88458065171838,41.66162661592301,175.88032426059786,97.40937605181816
86.35,566.0790922041605,374.69704443686226,-89.85972620195044,22.386109983882665,0.03839537050481754,27.984001928956324,0.11998553282755481,409,435,375,435,27.984001928956324,NEUTRAL,program,sensor_drive.py,function,750df67d0c33d1501e8060e5a3b5ce81e437358a154f973070c11cf1d50adae5,左壁追従（超音波のみ）,,250.0,75.8846138419471,41.66445887123101,175.88627627686515,97.40744180442746
86.4,564.9597807312173,374.69976610976306,-89.86163810661087,22.386417360244828,0.03757825517630868,27.98434239367654,0.11743204742596464,409,435,375,435,27.98434239367654,NEUTRAL,program,sensor_drive.py,function,750df67d0c33d1501e8060e5a3b5ce81e437358a154f973070c11cf1d50adae5,左壁追従（超音波のみ）,,250.0,75.88468974058142,41.66725407315616,175.89205837924558,97.40552540131107
86.45,563.8404540962155,374.70245086166176,-89.86350975811511,22.3867149361983,0.036786589099800794,27.98467225454175,0.11495809093687748,409,435,375,435,27.98467225454175,NEUTRAL,program,sensor_drive.py,function,750df67d0c33d1501e8060e5a3b5ce81e437358a154f973070c11cf1d50adae5,左壁追従（超音波のみ）,,250.0,75.88480622936267,41.67001295733921,175.89767661360585,97.40362670395109
86.5,562.7211127811322,374.7050994646565,-89.8653424017481,22.387003079024442,0.0360194350009996,27.984991902082918,0.11256073437812375,409,435,375,435,27.984991902082918,NEUTRAL,program,sensor_drive.py,function,750df67d0c33d1501e8060e5a3b5ce81e437358a154f973070c11cf1d50adae5,左壁追従（超音波のみ）,,250.0,75.88496127820376,41.67273623752541,175.90313679563255,97.40174557393227
86.55,561.6017572499053,374.7077126670822,-89.8671372370799,22.387282140916437,0.0352758918896766,27.985301711712633,0.11023716215523938,409,435,375,435,27.985301711712633,NEUTRAL,program,sensor_drive.py,function,750df67d0c33d1501e8060e5a3b5ce81e437358a154f973070c11cf1d50adae5,左壁追従（超音波のみ）,,250.0,75.88515294163649,41.67542460635352,175.9084445196976,97.39988187298107
86.6,560.4823879491712,374.71029119437964,-89.8688954197307,22.38755245976071,0.034555093637758244,27.985602044317602,0.10798466761799452,409,435,375,435,27.985602044317602,NEUTRAL,program,sensor_drive.py,function,750df67d0c33d1501e8060e5a3b5ce81e437358a154f973070c11cf1d50adae5,左壁追従（超音波のみ）,,250.0,75.88537935540329,41.67807873611537,175.91360516738567,97.39803546300355
86.65,559.3630053089647,374.71283574993055,-89.87061806306677,22.3878143598449,0.03385620761290559,27.985893246827956,0.10580064879032997,409,435,375,435,27.985893246827956,NEUTRAL,program,sensor_drive.py,function,750df67d0c33d1501e8060e5a3b5ce81e437358a154f973070c11cf1d50adae5,左壁追従（超音波のみ）,,250.0,75.88563873318466,41.68069927948607,175.9186239156969,97.39620620612259
86.7,558.2436097433856,374.71534701586125,-89.8723062398302,22.388068152504918,0.03317843336566767,27.986175652764306,0.10368260426771148,409,435,375,435,27.986175652764306,NEUTRAL,program,sensor_drive.py,function,750df67d0c33d1501e8060e5a3b5ce81e437358a154f973070c11cf1d50adae5,左壁追従（超音波のみ）,,250.0,75.88592936345846,41.68328687022678,175.9235057449359,97.39439396471279
86.75,557.1242016512338,374.7178256538152,-89.87396098370522,22.388314136720847,0.03252100136894278,27.98644958276294,0.10162812927794618,409,435,375,435,27.98644958276294,NEUTRAL,program,sensor_drive.py,function,750df67d0c33d1501e8060e5a3b5ce81e437358a154f973070c11cf1d50adae5,左壁追従（超音波のみ）,,250.0,75.88624960648698,41.685842123860326,175.92825544629656,97.39259860143494
86.8,556.0047814166148,374.7202723056959,-89.87558329082323,22.38855259966964,0.03188317180586134,27.986715345080892,0.09963491189331669,409,435,375,435,27.986715345080892,NEUTRAL,program,sensor_drive.py,function,750df67d0c33d1501e8060e5a3b5ce81e437358a154f973070c11cf1d50adae5,左壁追従（超音波のみ）,,250.0,75.88659789142285,41.68836563832185,175.93287762915992,97.39081997926823
86.85,554.8853494095206,374.7226875943814,-89.87717412120911,22.388783817240647,0.031264233405961975,27.98697323608085,0.09770072939363117,409,435,375,435,27.98697323608085,NEUTRAL,program,sensor_drive.py,function,750df67d0c33d1501e8060e5a3b5ce81e437358a154f973070c11cf1d50adae5,左壁追従（超音波のみ）,,250.0,75.88697271353193,41.690857994583496,175.93737672810892,97.38905796154204
86.9,553.7660221352666,374.72504642223595,-89.88134032991606,22.385160270651866,0.08188518918142222,27.965881171174406,0.25589121619194444,409,435,375,435,27.965881171174406,NEUTRAL,program,sensor_drive.py,function,750df67d0c33d1501e8060e5a3b5ce81e437358a154f973070c11cf1d50adae5,左壁追従（超音波のみ）,,250.0,75.88737263152953,41.52360050462172,175.94175700967634,97.38731241196591
86.95,552.6474977246241,374.72718076398854,-89.89999904027738,22.36093633044799,0.3669882045864192,27.84708824808899,1.14683813933256,409,436,375,435,27.84708824808899,NEUTRAL,program,sensor_drive.py,function,750df67d0c33d1501e8060e5a3b5ce81e437358a154f973070c11cf1d50adae5,左壁追従（超音波のみ）,,250.0,75.88045844234948,40.56452457737213,175.96113590961696,97.38711356366785
87.0,551.5303117009754,374.72888505161484,-89.92518958499569,22.332476540949063,0.4960476378201082,27.793313484241622,1.5501488681878381,409,436,375,435,27.793313484241622,NEUTRAL,program,sensor_drive.py,function,750df67d0c33d1501e8060e5a3b5ce81e437358a154f973070c11cf1d50adae5,左壁追従（超音波のみ）,,250.0,75.83260895068075,40.07489617756086,176.06480669136988,97.3955233617996
87.05,550.414335168059,374.7301012852091,-89.94992423288429,22.31106514793906,0.4875987742104182,27.796833844078993,1.523746169407557,409,436,375,435,27.796833844078993,NEUTRAL,program,sensor_drive.py,function,750df67d0c33d1501e8060e5a3b5ce81e437358a154f973070c11cf1d50adae5,左壁追従（超音波のみ）,,250.0,75.76574973300183,40.02588164338898,176.20733511530133,97.40819683200883
87.1,549.2985447076902,374.7309964253563,-89.95814499100359,22.31893148477683,0.1620879047002647,27.932463373041557,0.5065247021883272,409,435,375,435,27.932463373041557,NEUTRAL,program,sensor_drive.py,function,750df67d0c33d1501e8060e5a3b5ce81e437358a154f973070c11cf1d50adae5,左壁追従（超音波のみ）,,250.0,75.69930052100729,41.03623880125358,176.3484432716968,97.42116981489319
87.15,548.1821463250388,374.73183367251863,-89.95591665479736,22.33390245187716,-0.04391207826094821,27.981703300724604,-0.13722524456546314,409,434,375,435,27.981703300724604,NEUTRAL,program,sensor_drive.py,function,750df67d0c33d1501e8060e5a3b5ce81e437358a154f973070c11cf1d50adae5,左壁追従（超音波のみ）,,250.0,75.67822432795285,41.69206585675241,176.39441551757741,97.42494545535826
87.2,547.0650957337448,374.7327136474398,-89.9538119841221,22.345684437974143,-0.04145088214365897,27.98272879910681,-0.12953400669893428,409,434,375,435,27.98272879910681,NEUTRAL,program,sensor_drive.py,function,750df67d0c33d1501e8060e5a3b5ce81e437358a154f973070c11cf1d50adae5,左壁追従（超音波のみ）,,250.0,75.6860987248457,41.69327557265029,176.37979464841,97.4227306657052
87.25,545.947530910793,374.733633920295,-89.95182617198023,22.354988427888735,-0.03909200131427939,27.98371166611905,-0.1221625041071231,409,434,375,435,27.98371166611905,NEUTRAL,program,sensor_drive.py,function,750df67d0c33d1501e8060e5a3b5ce81e437358a154f973070c11cf1d50adae5,左壁追従（超音波のみ）,,250.0,75.69371584976551,41.69451671053641,176.36580912196044,97.42054063204434
87.3,544.8295591142837,374.73459216252195,-89.94995449533242,22.36236545481117,-0.036831756920103216,27.984653434616625,-0.11509924037532254,409,434,375,435,27.984653434616625,NEUTRAL,program,sensor_drive.py,function,750df67d0c33d1501e8060e5a3b5ce81e437358a154f973070c11cf1d50adae5,左壁追従（超音波のみ）,,250.0,75.7010840556925,41.69578719131622,176.3524355464442,97.41837521720898
87.35,543.7112637925214,374.7355861445266,-89.94819233998714,22.368242643997302,-0.0346665114267446,27.985555620238856,-0.10833284820857689,409,434,375,435,27.985555620238856,NEUTRAL,program,sensor_drive.py,function,750df67d0c33d1501e8060e5a3b5ce81e437358a154f973070c11cf1d50adae5,左壁追従（超音波のみ）,,250.0,75.70821167878233,41.69708503798864,176.339650847052,97.41623422405675
87.4,542.5927099362832,374.7366137326931,-89.94653521715797,22.372951131770872,-0.0325926934322065,27.986419711069914,-0.10185216697564531,409,434,375,435,27.986419711069914,NEUTRAL,program,sensor_drive.py,function,750df67d0c33d1501e8060e5a3b5ce81e437358a154f973070c11cf1d50adae5,左壁追従（超音波のみ）,,250.0,75.71510696358355,41.698408369859415,176.32743241276862,97.41411741219912
87.45,541.4739482251847,374.7376728860048,-89.94497877392887,22.376747691398755,-0.030606814746417018,27.987247160522326,-0.09564629608255318,409,434,375,435,27.987247160522326,NEUTRAL,program,sensor_drive.py,function,750df67d0c33d1501e8060e5a3b5ce81e437358a154f973070c11cf1d50adae5,左壁追従（超音波のみ）,,250.0,75.72177801003903,41.6997553970524,176.31575819621415,97.41202451067203
87.5,540.3550182399608,374.7387616524828,-89.9435187992841,22.37983148449075,-0.028705481768350152,27.988039382596522,-0.08970463052609423,409,434,375,435,27.988039382596522,NEUTRAL,program,sensor_drive.py,function,750df67d0c33d1501e8060e5a3b5ce81e437358a154f973070c11cf1d50adae5,左壁追従（超音波のみ）,,250.0,75.72823273668062,41.701124415372796,176.3046067789594,97.40995522751409
87.55,539.2359509511971,374.739878165578,-89.94215122692684,22.38235703675346,-0.026885402673029316,27.98879774888624,-0.08401688335321661,409,434,375,435,27.98879774888624,NEUTRAL,program,sensor_drive.py,function,750df67d0c33d1501e8060e5a3b5ce81e437358a154f973070c11cf1d50adae5,左壁追従（超音波のみ）,,250.0,75.73447885583424,41.70251380153961,176.29395741155463,97.40790925698619
87.6,538.1167706475933,374.74102064059986,-89.94087213578887,22.38444428921068,-0.02514339153039156,27.989523586862337,-0.07857309853247363,409,434,375,435,27.989523586862337,NEUTRAL,program,sensor_drive.py,function,750df67d0c33d1501e8060e5a3b5ce81e437358a154f973070c11cf1d50adae5,左壁追従（超音波のみ）,,250.0,75.74052385771365,41.703922008780786,176.28379003512592,97.40588628499383
87.65,536.9974964300758,374.74218737123783,-89.93967774889693,22.38618638413277,-0.023476370191357728,27.990218179086934,-0.0733636568479929,409,434,375,435,27.990218179086934,NEUTRAL,program,sensor_drive.py,function,750df67d0c33d1501e8060e5a3b5ce81e437358a154f973070c11cf1d50adae5,左壁追従（超音波のみ）,,250.0,75.74637500106179,41.705347562768296,176.27408528962056,97.40388599314315
87.7,535.8781433696021,374.7433767262036,-89.93856443108422,22.387655696303764,-0.02188136855800292,27.99088276310083,-0.06837927674375913,409,434,375,435,27.99088276310083,NEUTRAL,program,sensor_drive.py,function,750df67d0c33d1501e8060e5a3b5ce81e437358a154f973070c11cf1d50adae5,左壁追従（超音波のみ）,,250.0,75.75203930860293,41.70678905786892,176.26482451245766,97.40190806175677
87.75,534.7587234044482,374.74458714601025,-89.93752868590661,22.388908505144954,-0.020355523696971075,27.991518531792927,-0.06361101155303461,409,434,375,435,27.991518531792927,NEUTRAL,program,sensor_drive.py,function,750df67d0c33d1501e8060e5a3b5ce81e437358a154f973070c11cf1d50adae5,左壁追従（超音波のみ）,,250.0,75.75752356600162,41.708245153680785,176.25598973036082,97.39995217209787
87.8,533.639246035681,374.7458171398945,-89.93656715202637,22.389988614053845,-0.018896078134244085,27.992126634110733,-0.05905024416951277,409,434,375,435,27.992126634110733,NEUTRAL,program,sensor_drive.py,function,750df67d0c33d1501e8060e5a3b5ce81e437358a154f973070c11cf1d50adae5,左壁追従（超音波のみ）,,250.0,75.76283432336052,41.70971457182566,176.24756364642363,97.39801800799633
87.85,532.5197188662912,374.74706528288147,-89.93567659925527,22.390930154257312,-0.017500377582674018,27.99270817600722,-0.0546886799458563,409,434,375,435,27.99270817600722,NEUTRAL,program,sensor_drive.py,function,750df67d0c33d1501e8060e5a3b5ce81e437358a154f973070c11cf1d50adae5,左壁追従（超音波のみ）,,250.0,75.76797789853362,41.71119609297156,176.239529623916,97.39610525701792
87.9,531.4001480192092,374.74833021298815,-89.93485392439699,22.39175975698616,-0.016165868285630162,27.993264221547655,-0.05051833839259426,409,434,375,435,27.993264221547655,NEUTRAL,program,sensor_drive.py,function,750df67d0c33d1501e8060e5a3b5ce81e437358a154f973070c11cf1d50adae5,左壁追従（超音波のみ）,,250.0,75.7729603817191,41.71268855405859,176.23187166794065,97.3942136112914
87.95,530.280538461488,374.74961062856,-89.9340961469896,22.39249823634524,-0.014890094113654238,27.99379579411931,-0.04653154410516949,409,434,375,435,27.99379579411931,NEUTRAL,program,sensor_drive.py,function,750df67d0c33d1501e8060e5a3b5ce81e437358a154f973070c11cf1d50adae5,左壁追従（超音波のみ）,,250.0,75.77778764093101,41.7141908457072,176.2245744057485,97.39234276807507
88.0,529.1608942557893,374.7509052857332,-89.93340040502135,22.393161893160087,-0.013670693512160987,27.994303877703267,-0.042720917225503086,409,434,375,435,27.994303877703267,NEUTRAL,program,sensor_drive.py,function,750df67d0c33d1501e8060e5a3b5ce81e437358a154f973070c11cf1d50adae5,左壁追従（超音波のみ）,,250.0,75.78246532805741,41.71570190978947,176.21762306630706,97.39049243012823
88.05,528.0412187555412,374.75221299601657,-89.93276395067073,22.39376352522282,-0.012505396374593225,27.994789418177252,-0.03907936367060383,409,434,375,435,27.994789418177252,NEUTRAL,program,sensor_drive.py,function,750df67d0c33d1501e8060e5a3b5ce81e437358a154f973070c11cf1d50adae5,左壁追従（超音波のみ）,,250.0,75.78699888527947,41.71722073714401,176.21100345955026,97.38866230593739
88.1,526.9215147564538,374.75353262398414,-89.93218414610814,22.394313210105054,-0.011392020891432137,27.99525332462857,-0.03560006528572543,409,434,375,435,27.99525332462857,NEUTRAL,program,sensor_drive.py,function,750df67d0c33d1501e8060e5a3b5ce81e437358a154f973070c11cf1d50adae5,左壁追従（超音波のみ）,,250.0,75.79139355169924,41.71874636542341,176.20470195561356,97.3868521098317
88.15,525.801784614213,374.75486308507357,-89.93165845938378,22.39481891179112,-0.01032847041505443,27.995696470660395,-0.03227647004704509,409,434,375,435,27.995696470660395,NEUTRAL,program,sensor_drive.py,function,750df67d0c33d1501e8060e5a3b5ce81e437358a154f973070c11cf1d50adae5,左壁追従（超音波のみ）,,250.0,75.7956543700485,41.72027787705764,176.19870546428112,97.38506156201991
88.2,524.6820303359638,374.7562033434835,-89.93118446041878,22.39528695083251,-0.009312730365512776,27.996119695681035,-0.029102282392227424,409,434,375,435,27.996119695681035,NEUTRAL,program,sensor_drive.py,function,750df67d0c33d1501e8060e5a3b5ce81e437358a154f973070c11cf1d50adae5,左壁追従（超音波のみ）,,250.0,75.79978619340002,41.721814397325424,176.19300141479198,97.38329038856722
88.25,523.5622536514785,374.7575524101625,-89.93075981711081,22.395722368775846,-0.008342865197068559,27.99652380616789,-0.026071453740839245,409,434,375,435,27.99652380616789,NEUTRAL,program,sensor_drive.py,function,750df67d0c33d1501e8060e5a3b5ce81e437358a154f973070c11cf1d50adae5,左壁追従（超音波のみ）,,250.0,75.80379369181613,41.723355092524,176.1875777361124,97.38153832132807
88.3,522.4424560685768,374.7589093408867,-89.93038229156062,22.396129210685515,-0.007417015438140533,27.996909576900777,-0.023178173244189165,409,434,375,435,27.996909576900777,NEUTRAL,program,sensor_drive.py,function,750df67d0c33d1501e8060e5a3b5ce81e437358a154f973070c11cf1d50adae5,左壁追従（超音波のみ）,,250.0,75.80768135888813,41.724899168226585,176.18242283774902,97.37980509785126
88.35,521.3226389163354,374.7602732344193,-89.9300497364228,22.396510744213085,-0.006533394812863298,27.997277752161306,-0.020416858790197806,409,434,375,435,27.997277752161306,NEUTRAL,program,sensor_drive.py,function,750df67d0c33d1501e8060e5a3b5ce81e437358a154f973070c11cf1d50adae5,左壁追従（超音波のみ）,,250.0,75.81145351813952,41.726445867624115,176.17752559113882,97.37809046126125
88.4,520.2028033788288,374.76164323074784,-89.92976009138214,22.396869629506696,-0.005690287450035161,27.99762904689582,-0.017782148281359877,409,434,375,435,27.99762904689582,NEUTRAL,program,sensor_drive.py,function,750df67d0c33d1501e8060e5a3b5ce81e437358a154f973070c11cf1d50adae5,左壁追従（超音波のみ）,,250.0,75.81511432926804,41.727994469943006,176.17287531164965,97.37639416012664
88.45,519.0829505215236,374.76301850939586,-89.929511379755,22.397208051032557,-0.004886045181765803,27.997964147840932,-0.015268891193018136,409,434,375,435,27.997964147840932,NEUTRAL,program,sensor_drive.py,function,750df67d0c33d1501e8060e5a3b5ce81e437358a154f973070c11cf1d50adae5,左壁追従（超音波のみ）,,250.0,75.8186677942151,41.72954428893445,176.16846174119559,97.37471594831901
88.5,517.9630813119742,374.76439828780434,-89.92930170521421,22.397527819885102,-0.0041190849332493505,27.998283714611148,-0.01287214041640422,409,434,375,435,27.998283714611148,NEUTRAL,program,sensor_drive.py,function,750df67d0c33d1501e8060e5a3b5ce81e437358a154f973070c11cf1d50adae5,左壁追従（超音波のみ）,,250.0,75.82211776305314,41.73109467143048,176.16427503147506,97.37305558486781
88.55,516.8431966360928,374.7657818197797,-89.92912924863498,22.39783045322969,-0.00338788620415051,27.99858838074827,-0.010587144387970343,409,434,375,435,27.99858838074827,NEUTRAL,program,sensor_drive.py,function,750df67d0c33d1501e8060e5a3b5ce81e437358a154f973070c11cf1d50adae5,左壁追従（超音波のみ）,,250.0,75.82546793968518,41.732644995963156,176.16030572782157,97.37141283381135
88.6,515.7232973109811,374.7671683940056,-89.9289922650589,22.398117236024504,-0.0026909886395865,27.998878754733507,-0.008409339498707813,409,434,375,435,27.998878754733507,NEUTRAL,program,sensor_drive.py,function,750df67d0c33d1501e8060e5a3b5ce81e437358a154f973070c11cf1d50adae5,左壁追従（超音波のみ）,,250.0,75.82872188735699,41.73419467144184,176.15654475365864,97.36978746404944
88.65,514.6033840950923,374.7685573326149,-89.92888908077302,22.398389269008558,-0.0020269896900398264,27.999155420962484,-0.006334342781374458,409,434,375,435,27.999155420962484,NEUTRAL,program,sensor_drive.py,function,750df67d0c33d1501e8060e5a3b5ce81e437358a154f973070c11cf1d50adae5,左壁追従（超音波のみ）,,250.0,75.83188303398214,41.735743135888285,176.1529833955477,97.36817924919666
88.7,513.4834576963137,374.7699479898196,-89.92881809050004,22.398647506044366,-0.0013945423580416882,27.999418940684148,-0.004357944868880276,409,434,375,435,27.999418940684148,NEUTRAL,program,sensor_drive.py,function,750df67d0c33d1501e8060e5a3b5ce81e437358a154f973070c11cf1d50adae5,左壁追従（超音波のみ）,,250.0,75.83495467727977,41.73728985522306,176.14961328880824,97.36658796743832
88.75,512.3635187784321,374.77133975059587,-89.92877775469643,22.39889278320794,-0.000792353029368158,27.99966985290443,-0.0024761032167754937,409,434,375,435,27.99966985290443,NEUTRAL,program,sensor_drive.py,function,750df67d0c33d1501e8060e5a3b5ce81e437358a154f973070c11cf1d50adae5,左壁追従（超音波のみ）,,250.0,75.83793998973029,41.7388343221033,176.14642640369715,97.36501340138956
88.8,511.2435679663368,374.7727320294216,-89.92876659695456,22.3991258414799,-0.00021917938579037787,27.99990867525592,-0.0006849355805949309,409,434,375,435,27.99990867525592,NEUTRAL,program,sensor_drive.py,function,750df67d0c33d1501e8060e5a3b5ce81e437358a154f973070c11cf1d50adae5,左壁追従（超音波のみ）,,250.0,75.8408420233531,41.74037605480771,176.14341503212717,97.36345533795925
88.85,510.1236073301612,374.7741242672261,-89.92878320148354,22.399298340315166,0.0003261716024729644,27.999864095165638,0.0010192862577280137,409,435,375,435,27.999864095165638,NEUTRAL,program,sensor_drive.py,function,750df67d0c33d1501e8060e5a3b5ce81e437358a154f973070c11cf1d50adae5,左壁追従（超音波のみ）,,250.0,75.8436637143098,41.74191459616786,176.1405717749058,97.36191356821725
88.9,509.00364041900673,374.77551593019354,-89.92882621053302,22.39939300185567,0.0008448449221387744,27.999647981282443,0.00264014038168367,409,435,375,435,27.999647981282443,NEUTRAL,program,sensor_drive.py,function,750df67d0c33d1501e8060e5a3b5ce81e437358a154f973070c11cf1d50adae5,左壁追従（超音波のみ）,,250.0,75.84640788371233,41.7434495105153,176.13788953302026,97.36038788928133
88.95,507.8836705363311,374.776906510806,-89.92889432203908,22.399429289041397,0.001337939529641483,27.99944252519598,0.004181061030129635,409,435,375,435,27.99944252519598,NEUTRAL,program,sensor_drive.py,function,750df67d0c33d1501e8060e5a3b5ce81e437358a154f973070c11cf1d50adae5,左壁追従（超音波のみ）,,250.0,75.84907724231694,41.74498038268428,176.13536149491105,174.5506782422592
89.0,506.7637001473351,374.7782955275186,-89.9289862875116,22.399422199336108,0.0018065110105156723,27.99924728707895,0.005645346907861476,409,435,375,435,27.99924728707895,NEUTRAL,program,sensor_drive.py,function,750df67d0c33d1501e8060e5a3b5ce81e437358a154f973070c11cf1d50adae5,左壁追従（超音波のみ）,,250.0,75.85167439909378,41.74650681945809,176.1329811205803,174.5492268085106
89.05,505.64373107174987,374.77968252349655,-89.92910090999372,22.39938327418501,0.0022515734818445575,27.999061844382563,0.007036167130764243,409,435,375,435,27.999061844382563,NEUTRAL,program,sensor_drive.py,function,750df67d0c33d1501e8060e5a3b5ce81e437358a154f973070c11cf1d50adae5,左壁追従（超音波のみ）,,250.0,75.85420186638953,41.748028449475356,176.13074212984554,174.54780582117823
89.1,504.5237646330252,374.7810670654428,-89.92923704207271,22.399321380869704,0.0026741010655838425,27.998885791222673,0.008356565829949508,409,435,375,435,27.998885791222673,NEUTRAL,program,sensor_drive.py,function,750df67d0c33d1501e8060e5a3b5ce81e437358a154f973070c11cf1d50adae5,左壁追従（超音波のみ）,,250.0,75.85666206301542,41.74954492209165,176.12863849289863,174.5464143423559
89.15,503.4038017737492,374.7824487425049,-89.92939358394925,22.39924331805425,0.0030750293470892752,27.998718737772045,0.009609466709653985,409,435,375,435,27.998718737772045,NEUTRAL,program,sensor_drive.py,function,750df67d0c33d1501e8060e5a3b5ce81e437358a154f973070c11cf1d50adae5,左壁追従（超音波のみ）,,250.0,75.85905731737921,41.75105590633559,176.12666442099538,174.5450514679802
89.2,502.2838431449151,374.78382716525147,-89.92956948156805,22.39915428475731,0.003455256808795921,27.998560309663002,0.010797677527487254,409,435,375,435,27.998560309663002,NEUTRAL,program,sensor_drive.py,function,750df67d0c33d1501e8060e5a3b5ce81e437358a154f973070c11cf1d50adae5,左壁追従（超音波のみ）,,250.0,75.86138987061943,41.75256108994387,176.1248143573348,174.54371632669188
89.25,501.16388917493504,374.7852019647082,-89.92976372481218,22.399058243531186,0.0038156462311018835,27.998410147403707,0.011923894472193386,409,435,375,435,27.998410147403707,NEUTRAL,program,sensor_drive.py,function,750df67d0c33d1501e8060e5a3b5ce81e437358a154f973070c11cf1d50adae5,左壁追従（超音波のみ）,,250.0,75.86366187971261,41.75406017846749,176.12308296816965,174.54240807869613
89.3,500.0439401229687,374.78657279144903,-89.92997534576152,22.39895820169219,0.004157026055556186,27.998267905810184,0.01299070642361308,409,435,375,435,27.998267905810184,NEUTRAL,program,sensor_drive.py,function,750df67d0c33d1501e8060e5a3b5ce81e437358a154f973070c11cf1d50adae5,左壁追従（超音波のみ）,,250.0,75.86587542052783,41.75555289443513,176.1214651341751,174.54112591463547
89.35,498.92399612010837,374.78793931473524,-89.93020341701515,22.39885642907342,0.004480191707509062,27.998133253455205,0.01400059908596582,409,435,375,435,27.998133253455205,NEUTRAL,program,sensor_drive.py,function,750df67d0c33d1501e8060e5a3b5ce81e437358a154f973070c11cf1d50adae5,左壁追従（超音波のみ）,,250.0,75.8680324908159,41.757038976568644,176.11995594208832,174.53986905448164
89.4,497.804057201161,374.78930122169845,-89.93044705007644,22.39875462660847,0.004785906876059549,27.998005872134975,0.014955958987686091,409,435,375,435,27.998005872134975,NEUTRAL,program,sensor_drive.py,function,750df67d0c33d1501e8060e5a3b5ce81e437358a154f973070c11cf1d50adae5,左壁追従（超音波のみ）,,250.0,75.87013501312266,41.7585181790456,176.1185506766322,174.5386367464519
89.45,496.6841233291511,374.7906582165641,-89.93070539379981,22.398654056830143,0.005074904750487885,27.997885456353963,0.01585907734527464,409,435,375,435,27.997885456353963,NEUTRAL,program,sensor_drive.py,function,750df67d0c33d1501e8060e5a3b5ce81e437358a154f973070c11cf1d50adae5,左壁追従（超音波のみ）,,250.0,75.87218483761669,41.75999027080065,176.1172448127215,174.53742826595473
89.5,495.5641944141894,374.79201001991146,-89.9309776328973,22.398555644870225,0.005347889213463253,27.997771712827724,0.016712153792072665,409,435,375,435,27.997771712827724,NEUTRAL,program,sensor_drive.py,function,750df67d0c33d1501e8060e5a3b5ce81e437358a154f973070c11cf1d50adae5,左壁追従（超音波のみ）,,250.0,75.87418374483147,41.76145503486474,176.11603400795275,174.53624291456612
89.55,494.44427032798217,374.79335636796776,-89.93126298650311,22.398460056611608,0.005605535990275445,27.997664360004052,0.017517299969610767,409,435,375,435,27.997664360004052,NEUTRAL,program,sensor_drive.py,function,750df67d0c33d1501e8060e5a3b5ce81e437358a154f973070c11cf1d50adae5,左壁追従（超音波のみ）,,250.0,75.87613344831554,41.76291226773767,176.114914095374,174.53508001903802
89.6,493.3243509149667,374.79469701193466,-89.9315607067945,22.39836775914475,0.005848493756455131,27.997563127601477,0.018276542988922284,409,435,375,435,27.997563127601477,NEUTRAL,program,sensor_drive.py,function,750df67d0c33d1501e8060e5a3b5ce81e437358a154f973070c11cf1d50adae5,左壁追従（超音波のみ）,,250.0,75.87803559719386,41.76436177879005,176.1138810765284,174.5339389303414
89.65,492.2044360008384,374.7960317173441,-89.93187007766663,22.39827906751965,0.006077385202891294,27.997467756165463,0.018991828759035295,409,435,375,435,27.997467756165463,NEUTRAL,program,sensor_drive.py,function,750df67d0c33d1501e8060e5a3b5ce81e437358a154f973070c11cf1d50adae5,左壁追従（超音波のみ）,,250.0,75.87989177863777,41.76580338969484,176.11293111476436,174.5328190227409
89.7,491.08452539906045,374.79736026344204,-89.9321904134598,22.39819418088471,0.006292808060966619,27.997377996641262,0.019665025190520685,409,435,375,435,27.997377996641262,NEUTRAL,program,sensor_drive.py,function,750df67d0c33d1501e8060e5a3b5ce81e437358a154f973070c11cf1d50adae5,左壁追従（超音波のみ）,,250.0,75.88170352024703,41.76723693388439,176.11206052880587,174.5317196929041
89.75,489.9646189158144,374.798682442599,-89.9325210577369,22.398113210407363,0.006495336088064301,27.997293609963307,0.02029792527520094,409,435,375,435,27.997293609963307,NEUTRAL,program,sensor_drive.py,function,750df67d0c33d1501e8060e5a3b5ce81e437358a154f973070c11cf1d50adae5,左壁追従（超音波のみ）,,250.0,75.88347229234326,41.76866225603134,176.1112657865721,174.53064035904288
89.8,488.844716353748,374.7999980597451,-89.93286138210935,22.39803620083127,0.006685520014998394,27.99721436666042,0.02089225004686998,409,435,375,435,27.99721436666042,NEUTRAL,program,sensor_drive.py,function,750df67d0c33d1501e8060e5a3b5ce81e437358a154f973070c11cf1d50adae5,左壁追従（超音波のみ）,,250.0,75.88519951017881,41.77007921155319,176.11054349924217,174.52958046008735
89.85,487.7248175147931,374.8013069318297,-89.93321078510935,22.397963147106967,0.00686388845655391,27.997140046476435,0.02144965142673097,409,435,375,435,27.997140046476435,NEUTRAL,program,sensor_drive.py,function,750df67d0c33d1501e8060e5a3b5ce81e437358a154f973070c11cf1d50adae5,左壁追従（超音波のみ）,,250.0,75.8868865360621,41.771487666137865,176.10989041555152,174.52853945489062
89.9,486.604922202267,374.80260888730174,-89.93356869110707,22.3978940072089,0.00703094878679952,27.9970704380055,0.0219717149587485,409,435,375,435,27.9970704380055,NEUTRAL,program,sensor_drive.py,function,750df67d0c33d1501e8060e5a3b5ce81e437358a154f973070c11cf1d50adae5,左壁追従（超音波のみ）,,250.0,75.88853468140385,41.77288749529055,176.10930341631445,174.5275168214639
89.95,485.48503022242346,374.80390376561434,-89.93393454927065,22.397828712000837,0.007187187979659279,27.997005338341808,0.02245996243643525,409,435,375,435,27.997005338341808,NEUTRAL,program,sensor_drive.py,function,750df67d0c33d1501e8060e5a3b5ce81e437358a154f973070c11cf1d50adae5,左壁追従（超音波のみ）,,250.0,75.89014520868226,41.7742785838974,176.10877950916415,174.52651205624244
90.0,484.36514138557754,374.805191416747,-89.93430783256758,22.39776717281731,0.007333073416931617,27.996944552742946,0.022915854427911303,409,435,375,435,27.996944552742946,NEUTRAL,program,sensor_drive.py,function,750df67d0c33d1501e8060e5a3b5ce81e437358a154f973070c11cf1d50adae5,左壁追従（超音波のみ）,,250.0,75.89171933333698,41.775660825811585,176.10831582350048,174.52552467337733
90.05,483.2452555069065,374.8064717007496,-89.93468803680571,22.397709287278218,0.007469053664176668,27.996887894306592,0.023340792700552088,409,435,375,435,27.996887894306592,NEUTRAL,program,sensor_drive.py,function,750df67d0c33d1501e8060e5a3b5ce81e437358a154f973070c11cf1d50adae5,左壁追従（超音波のみ）,,250.0,75.89325822558592,41.777034123452374,176.10790960563986,174.52455420405772
90.1,482.12537240699993,374.80774448730375,-89.9350746797123,22.397654943737013,0.0075955592166121995,27.996835183659744,0.023736122551913125,409,435,375,435,27.996835183659744,NEUTRAL,program,sensor_drive.py,function,750df67d0c33d1501e8060e5a3b5ce81e437358a154f973070c11cf1d50adae5,左壁追従（超音波のみ）,,250.0,75.89476301217616,41.77839838742437,176.1075582141549,174.5236001958573
90.15,481.0054919122202,374.8090096553027,-89.9354673000496,22.397604024672688,0.007713003214659961,27.99678624866056,0.02410313504581238,409,435,375,435,27.99678624866056,NEUTRAL,program,sensor_drive.py,function,750df67d0c33d1501e8060e5a3b5ce81e437358a154f973070c11cf1d50adae5,左壁追従（超音波のみ）,,250.0,75.89623477806235,41.779753536150054,176.10725911540368,174.52266221210775
90.2,479.88561385491795,374.81026709244827,-89.93586545676575,22.39755640926562,0.007821782132525046,27.99674092411145,0.024443069164140768,409,435,375,435,27.99674092411145,NEUTRAL,program,sensor_drive.py,function,750df67d0c33d1501e8060e5a3b5ce81e437358a154f973070c11cf1d50adae5,左壁追従（超音波のみ）,,250.0,75.89767456802551,41.78109949551979,176.1070098792315,174.52173983129563
90.25,478.76573807353714,374.8115166948639,-89.93626872817926,22.397511975343292,0.007922276438743934,27.996699051483855,0.024757113871074793,409,435,375,435,27.996699051483855,NEUTRAL,program,sensor_drive.py,function,750df67d0c33d1501e8060e5a3b5ce81e437358a154f973070c11cf1d50adae5,左壁追従（超音波のみ）,,250.0,75.89908338822435,41.782436198553796,176.10680817484877,174.52083264648394
90.3,477.64586441263845,374.8127583667239,-89.93667671119584,22.39747060083988,0.00801485123065608,27.996660478653894,0.025046410095800248,409,435,375,435,27.996660478653894,NEUTRAL,program,sensor_drive.py,function,750df67d0c33d1501e8060e5a3b5ce81e437358a154f973070c11cf1d50adae5,左壁追従（超音波のみ）,,250.0,75.90046220768826,41.783763585080244,176.10665176686962,174.51994026475586
90.35,476.52599272286017,374.8139920198977,-89.93708902055656,22.39743216488106,0.00809985684445346,27.996625059648146,0.02531205263891706,409,435,375,435,27.996625059648146,NEUTRAL,program,sensor_drive.py,function,750df67d0c33d1501e8060e5a3b5ce81e437358a154f973070c11cf1d50adae5,左壁追従（超音波のみ）,,250.0,75.90181195975299,41.785081601425574,176.1065385115085,174.51906230668027
90.4,475.4061228608343,374.8152175736077,-89.93750528811562,22.397396548580385,0.00817762944046513,27.996592654399805,0.025555092001453533,409,435,375,435,27.996592654399805,NEUTRAL,program,sensor_drive.py,function,750df67d0c33d1501e8060e5a3b5ce81e437358a154f973070c11cf1d50adae5,左壁追従（超音波のみ）,,250.0,75.9031335434383,41.7863902001172,176.10646635292878,174.5181984057986
90.45,474.2862546890692,374.8164349541028,-89.93792516214704,22.397363635613942,0.008248491565614434,27.996563128514328,0.025776536142545103,409,435,375,435,27.996563128514328,NEUTRAL,program,sensor_drive.py,function,750df67d0c33d1501e8060e5a3b5ce81e437358a154f973070c11cf1d50adae5,左壁追従（超音波のみ）,,250.0,75.90442782477346,41.78768933959929,176.1064333197366,174.51734820813172
90.5,473.16638807580875,374.8176440943436,-89.93834830667876,22.39733331262491,0.008312752693789473,27.996536353044256,0.025977352168092105,409,435,375,435,27.996536353044256,NEUTRAL,program,sensor_drive.py,function,750df67d0c33d1501e8060e5a3b5ce81e437358a154f973070c11cf1d50adae5,左壁追従（超音波のみ）,,250.0,75.90569563807121,41.78897898395992,176.10643752161295,174.51651137170592
90.55,472.04652289487507,374.81884493370103,-89.93877440085326,22.39730546949794,0.008370709744756795,27.996512204273017,0.026158467952364983,409,435,375,435,27.996512204273017,NEUTRAL,program,sensor_drive.py,function,750df67d0c33d1501e8060e5a3b5ce81e437358a154f973070c11cf1d50adae5,左壁追従（超音波のみ）,,250.0,75.90693778715129,41.79025910266896,176.10647714607967,174.51568756609757
90.6,470.9266590255008,374.8200374176671,-89.93920313831359,22.397279999534344,0.008422647582237808,27.9964905635074,0.02632077369449315,409,435,375,435,27.9964905635074,NEUTRAL,program,sensor_drive.py,function,750df67d0c33d1501e8060e5a3b5ce81e437358a154f973070c11cf1d50adae5,左壁追従（超音波のみ）,,250.0,75.90815504651616,41.7915296703277,176.10655045539644,174.51487647199633
90.65,469.8067963521545,374.82122149757794,-89.93963422661383,22.397256799551762,0.008468839492855934,27.996471316877976,0.02646512341517479,409,435,375,435,27.996471316877976,NEUTRAL,program,sensor_drive.py,function,750df67d0c33d1501e8060e5a3b5ce81e437358a154f973070c11cf1d50adae5,左壁追従（超音波のみ）,,250.0,75.90934816248121,41.792790666427415,176.10665578357737,174.51407778078462
90.7,468.6869347643636,374.8223971303472,-89.94006738665291,22.397235769926862,0.008509547645907025,27.996454355147538,0.026592336393459454,409,435,375,435,27.996454355147538,NEUTRAL,program,sensor_drive.py,function,750df67d0c33d1501e8060e5a3b5ce81e437358a154f973070c11cf1d50adae5,左壁追従（超音波のみ）,,250.0,75.91051785426161,41.794042075119506,176.10679153352865,174.5132911941338
90.75,467.56707415653574,374.82356427821117,-89.94050235213099,22.39721681459525,0.008545023534830064,27.996439573527155,0.026703198546343954,409,435,375,435,27.996439573527155,NEUTRAL,program,sensor_drive.py,function,750df67d0c33d1501e8060e5a3b5ce81e437358a154f973070c11cf1d50adae5,左壁追従（超音波のみ）,,250.0,75.91166481501494,41.79528388499352,176.1069561742991,174.5125164236169
90.8,466.4472144277811,374.824722908484,-89.94093886902752,22.397199841019532,0.008575508401347394,27.996426871499438,0.026798463754210605,409,435,375,435,27.996426871499438,NEUTRAL,program,sensor_drive.py,function,750df67d0c33d1501e8060e5a3b5ce81e437358a154f973070c11cf1d50adae5,左壁追従（超音波のみ）,,250.0,75.91278971284444,41.79651608886543,176.1071482384393,174.51175319033496
90.85,465.32735548173787,374.8258729933225,-89.94137669509999,22.397184760133975,0.008601233642998115,27.996416152648752,0.026878855134369106,409,435,375,435,27.996416152648752,NEUTRAL,program,sensor_drive.py,function,750df67d0c33d1501e8060e5a3b5ce81e437358a154f973070c11cf1d50adae5,左壁追従（超音波のみ）,,250.0,75.91389319176334,41.79773868357441,176.1073663194664,174.5110012245597
90.9,464.2074972264001,374.8270145095014,-89.94181559940252,22.397171486272224,0.008622421204369478,27.99640732449818,0.026945066263654616,409,435,375,435,27.99640732449818,NEUTRAL,program,sensor_drive.py,function,750df67d0c33d1501e8060e5a3b5ce81e437358a154f973070c11cf1d50adae5,左壁追従（超音波のみ）,,250.0,75.91497587262029,41.798951669787265,176.10760906942974,174.51026026538932
90.95,463.08763957395007,374.82814743819705,-89.9422553618239,22.397159937083114,0.008639283952798787,27.996400298353002,0.026997762352496207,409,435,375,435,27.996400298353002,NEUTRAL,program,sensor_drive.py,function,750df67d0c33d1501e8060e5a3b5ce81e437358a154f973070c11cf1d50adae5,左壁追従（超音波のみ）,,250.0,75.91603835398973,41.80015505181229,176.10787519657134,174.5095300604177
91.0,461.96778244059493,374.82927176478046,-89.94269577264367,22.39715003343831,0.008652026039419579,27.996394989150243,0.02703758137318618,409,435,375,435,27.996394989150243,NEUTRAL,program,sensor_drive.py,function,750df67d0c33d1501e8060e5a3b5ce81e437358a154f973070c11cf1d50adae5,左壁追従（超音波のみ）,,250.0,75.91708121302675,41.801348837419425,176.10816346308167,98.67099729026764
91.05,460.8479257464083,374.8303874786183,-89.94313663210613,22.39714169933473,0.00866084324601263,27.99639131531416,0.02706513514378947,409,435,375,435,27.99639131531416,NEUTRAL,program,sensor_drive.py,function,750df67d0c33d1501e8060e5a3b5ce81e437358a154f973070c11cf1d50adae5,左壁追従（超音波のみ）,,250.0,75.91810500628974,41.802533037668994,176.10847268294214,96.88640866840132
91.1,459.7280694151763,374.8314945728828,-89.9435777500111,22.397134861793923,0.008665923317633748,27.996389198617653,0.027081010367605463,409,435,375,435,27.996389198617653,NEUTRAL,program,sensor_drive.py,function,750df67d0c33d1501e8060e5a3b5ce81e437358a154f973070c11cf1d50adae5,左壁追従（超音波のみ）,,250.0,75.91911027052882,41.80370766674666,176.10880171985517,96.03629033306495
91.15,458.6082133742497,374.8325930443687,-89.94401894532122,22.397129450760154,0.008667446282910376,27.996388564048786,0.027085769634094925,409,435,375,435,27.996388564048786,NEUTRAL,program,sensor_drive.py,function,750df67d0c33d1501e8060e5a3b5ce81e437358a154f973070c11cf1d50adae5,左壁追従（超音波のみ）,,250.0,75.92009752344615,41.8048727418058,176.10914948525445,95.63234457848151
91.2,457.4883575544004,374.83368289331867,-89.94446004578468,22.397125398998295,0.008665584760777048,27.99638933968301,0.027079952377428274,409,435,375,435,27.99638933968301,NEUTRAL,program,sensor_drive.py,function,750df67d0c33d1501e8060e5a3b5ce81e437358a154f973070c11cf1d50adae5,左壁追従（超音波のみ）,,250.0,75.92106726442431,41.806028282816705,176.1095149363961,95.72434587496384
91.25,456.3685018896827,374.8347641232545,-89.94490088757308,22.39712264199263,0.008660504255927837,27.99639145656003,0.02706407579977449,409,435,375,435,27.99639145656003,NEUTRAL,program,sensor_drive.py,function,750df67d0c33d1501e8060e5a3b5ce81e437358a154f973070c11cf1d50adae5,左壁追従（超音波のみ）,,250.0,75.92201997522758,41.807174312420834,176.1098970745231,97.30376740925368
91.3,455.2486463173008,374.83583674081694,-89.94534131493366,22.397121117847156,0.008652363441888538,27.99639484856588,0.02703863575590168,409,435,375,435,27.99639484856588,NEUTRAL,program,sensor_drive.py,function,750df67d0c33d1501e8060e5a3b5ce81e437358a154f973070c11cf1d50adae5,左壁追従（超音波のみ）,,250.0,75.92295612067511,41.808310855792634,176.1102949431056,97.30282977693656
91.35,454.1287907774801,374.8369007556109,-89.94578117985553,22.3971207671879,0.008641314433419547,27.99639945231941,0.027004107604436084,409,435,375,435,27.99639945231941,NEUTRAL,program,sensor_drive.py,function,750df67d0c33d1501e8060e5a3b5ce81e437358a154f973070c11cf1d50adae5,左壁追従（超音波のみ）,,250.0,75.92387614928847,41.80943794050618,176.1107076261475,97.30190140296843
91.4,453.008935213344,374.83795618005735,-89.94622034174901,22.397121533067622,0.008627503047853926,27.996405207063393,0.02696094702454352,409,435,375,435,27.996405207063393,NEUTRAL,program,sensor_drive.py,function,750df67d0c33d1501e8060e5a3b5ce81e437358a154f973070c11cf1d50adae5,左壁追従（超音波のみ）,,250.0,75.9247804939135,41.81055559640783,176.11113424656293,97.30098219128374
91.45,451.88907957079465,374.839003029252,-89.94665866713795,22.397123360873124,0.00861106905602357,27.99641205455999,0.026909590800073657,409,435,375,435,27.99641205455999,NEUTRAL,program,sensor_drive.py,function,750df67d0c33d1501e8060e5a3b5ce81e437358a154f973070c11cf1d50adae5,左壁追従（超音波のみ）,,250.0,75.9256695723172,41.81166385549378,176.111573964616,97.30007204699585
91.5,450.76922379839937,374.84004132082885,-89.94709602936422,22.39712619823533,0.00859214642378288,27.99641993899009,0.0268504575743215,409,435,375,435,27.99641993899009,NEUTRAL,program,sensor_drive.py,function,750df67d0c33d1501e8060e5a3b5ce81e437358a154f973070c11cf1d50adae5,左壁追従（超音波のみ）,,250.0,75.92654378776362,41.81276275179351,176.11202597642213,97.29917087637543
91.55,449.6493678472805,374.8410710748299,-89.94753230830396,22.397129994942247,0.008570863543283833,27.996428806856965,0.02678394857276198,409,435,375,435,27.996428806856965,NEUTRAL,program,sensor_drive.py,function,750df67d0c33d1501e8060e5a3b5ce81e437358a154f973070c11cf1d50adae5,左壁追従（超音波のみ）,,250.0,75.92740352956444,41.81385232125742,176.1124895125093,97.29827858683002
91.6,448.52951167101014,374.84209231358096,-89.94796739009536,22.397134702854828,0.00854734345565741,27.996438606893477,0.026710448298929407,409,435,375,435,27.996438606893477,NEUTRAL,program,sensor_drive.py,function,750df67d0c33d1501e8060e5a3b5ce81e437358a154f973070c11cf1d50adae5,左壁追従（超音波のみ）,,250.0,75.92824917360994,41.81493260164926,176.11296383643634,97.29739508688411
91.65,447.4096552255084,374.84310506157095,-89.948401166877,22.397140275825702,0.008521704064591492,27.996449289973086,0.02663032520184841,409,435,375,435,27.996449289973086,NEUTRAL,program,sensor_drive.py,function,750df67d0c33d1501e8060e5a3b5ce81e437358a154f973070c11cf1d50adae5,左壁追従（超音波のみ）,,250.0,75.92908108287911,41.81600363244414,176.11344824346511,97.29652028615875
91.7,446.28979846894646,374.844109345338,-89.94883353653697,22.397146669620874,0.008494058341465598,27.996460809024388,0.026543932317079993,409,435,375,435,27.996460809024388,NEUTRAL,program,sensor_drive.py,function,750df67d0c33d1501e8060e5a3b5ce81e437358a154f973070c11cf1d50adae5,左壁追従（超音波のみ）,,250.0,75.92989960792849,41.817065454729146,176.11394205928698,97.29565409535354
91.75,445.1699413616528,374.84510519335936,-89.94926440247174,22.397153841844197,0.008464514522781493,27.996473118948842,0.026451607883692163,409,435,375,435,27.996473118948842,NEUTRAL,program,sensor_drive.py,function,750df67d0c33d1501e8060e5a3b5ce81e437358a154f973070c11cf1d50adae5,左壁追従（超音波のみ）,,250.0,75.93070508736429,41.81811811110949,176.11444463879806,97.29479642622795
91.8,444.05008386602316,374.84609263594626,-89.94969367335491,22.397161751864708,0.00843317629898217,27.996486176542092,0.02635367593431928,409,435,375,435,27.996486176542092,NEUTRAL,program,sensor_drive.py,function,750df67d0c33d1501e8060e5a3b5ce81e437358a154f973070c11cf1d50adae5,左壁追従（超音波のみ）,,250.0,75.93149784829367,41.81916164561859,176.11495536492353,97.29394719158242
91.85,442.9302259464348,374.84707170514287,-89.95012126291505,22.397170360746617,0.008400142996774416,27.996499940418012,0.02625044686492005,409,435,375,435,27.996499940418012,NEUTRAL,program,sensor_drive.py,function,750df67d0c33d1501e8060e5a3b5ce81e437358a154f973070c11cf1d50adae5,左壁追従（超音波のみ）,,250.0,75.93227820676056,41.820196103631126,176.1154736474893,97.29310630524215
91.9,441.81036756916313,374.84804243462975,-89.95054708972248,22.39717963118199,0.00836550975338081,27.99651437093609,0.026142217979315027,409,435,375,435,27.99651437093609,NEUTRAL,program,sensor_drive.py,function,750df67d0c33d1501e8060e5a3b5ce81e437358a154f973070c11cf1d50adae5,左壁追従（超音波のみ）,,250.0,75.93304646816271,41.821221531780715,176.11599892213783,97.2922736820393
91.95,440.69069594926407,374.84905401884055,-89.94592346628194,22.390990733152016,-0.09084769775212713,27.96214679260328,-0.2838990554753973,409,434,375,435,27.96214679260328,NEUTRAL,program,sensor_drive.py,function,750df67d0c33d1501e8060e5a3b5ce81e437358a154f973070c11cf1d50adae5,左壁追従（超音波のみ）,,250.0,75.65785184404744,41.82223797788048,176.11653064928657,97.29144923779664
92.0,439.5720758792478,374.8503264057535,-89.92373313914685,22.360237826013204,-0.43641040458764224,27.818162331421817,-1.363782514336382,409,433,375,435,27.818162331421817,NEUTRAL,program,sensor_drive.py,function,750df67d0c33d1501e8060e5a3b5ce81e437358a154f973070c11cf1d50adae5,左壁追従（超音波のみ）,,250.0,74.71172817153361,41.82395275104715,176.08769263269681,97.28766069679578
92.05,438.45546207296763,374.8521762093764,-89.88643248307157,22.313994910739616,-0.734872066046389,27.693803305814004,-2.2964752063949656,409,432,375,435,27.693803305814004,NEUTRAL,program,sensor_drive.py,function,750df67d0c33d1501e8060e5a3b5ce81e437358a154f973070c11cf1d50adae5,左壁追従（超音波のみ）,,250.0,73.91389852465537,41.828233357523416,175.95656678690307,97.27344203614138
92.1,437.34135887834043,374.8548573750735,-89.83779560856351,22.261236800556777,-0.960331066205803,27.599862055747582,-3.0010345818931343,409,431,375,435,27.599862055747582,NEUTRAL,program,sensor_drive.py,function,750df67d0c33d1501e8060e5a3b5ce81e437358a154f973070c11cf1d50adae5,左壁追従（超音波のみ）,,250.0,73.32444424650359,41.835129516116815,175.7371860351787,97.24990650108172
92.15,436.2296910429108,374.85850855426975,-89.78583943906634,22.215277397423634,-1.028101029685117,27.571624570964534,-3.21281571776599,409,431,375,435,27.571624570964534,NEUTRAL,program,sensor_drive.py,function,750df67d0c33d1501e8060e5a3b5ce81e437358a154f973070c11cf1d50adae5,左壁追従（超音波のみ）,,250.0,73.15512221826573,41.8444561232807,175.4514544962506,97.21900897492046
92.2,435.1176779451373,374.86271919777056,-89.78279691896827,22.256906599451458,0.0,28.0,0.0,410,435,375,435,28.0,NEUTRAL,program,sensor_drive.py,function,750df67d0c33d1501e8060e5a3b5ce81e437358a154f973070c11cf1d50adae5,左壁追従（超音波のみ）,,250.0,250.0,41.85533600721807,175.1457285382414,97.18524531148866
92.25,434.0038667420825,374.86694157481026,-89.78279691896827,22.28915421829833,0.0,28.0,0.0,410,435,375,435,28.0,NEUTRAL,program,sensor_drive.py,function,750df67d0c33d1501e8060e5a3b5ce81e437358a154f973070c11cf1d50adae5,左壁追従（超音波のみ）,,249.16957613208007,250.0,41.860392509341715,175.11991812625826,97.17886938732565
92.3,432.88866264149624,374.87116923222294,-89.78279691896827,22.31413449345704,0.0,28.0,0.0,410,435,375,435,28.0,NEUTRAL,program,sensor_drive.py,function,750df67d0c33d1501e8060e5a3b5ce81e437358a154f973070c11cf1d50adae5,左壁追従（超音波のみ）,,248.05575692569232,250.0,41.86505967072944,175.1115283991041,97.17421869746067
92.35,431.7723795476432,374.8754009800204,-89.78279691896827,22.333485198077067,0.0,28.0,0.0,410,435,375,435,28.0,NEUTRAL,program,sensor_drive.py,function,750df67d0c33d1501e8060e5a3b5ce81e437358a154f973070c11cf1d50adae5,左壁追従（超音波のみ）,,246.9405448117644,250.0,41.869732668723586,175.10312818001893,97.16956219158806
92.4,430.65526062312534,374.879635896391,-89.78279691896827,22.348475015719693,0.0,28.0,0.0,410,435,375,435,28.0,NEUTRAL,program,sensor_drive.py,function,750df67d0c33d1501e8060e5a3b5ce81e437358a154f973070c11cf1d50adae5,左壁追従（超音波のみ）,,245.82425369681656,250.0,41.87441018798281,175.09471983347098,97.16490118040697
92.45,429.5374942312677,374.883873267263,-89.78279691896827,22.360086718619982,0.0,28.0,0.0,410,435,375,435,28.0,NEUTRAL,program,sensor_drive.py,function,750df67d0c33d1501e8060e5a3b5ce81e437358a154f973070c11cf1d50adae5,左壁追従（超音波のみ）,,244.70712674519797,250.0,41.87909120959203,175.0863051910703,97.16023667923653
92.5,428.41922628571757,374.8881125394885,-89.78279691896827,22.369081600843316,0.0,28.0,0.0,410,435,375,435,28.0,NEUTRAL,program,sensor_drive.py,function,750df67d0c33d1501e8060e5a3b5ce81e437358a154f973070c11cf1d50adae5,左壁追従（超音波のみ）,,243.58935232158723,250.0,41.88377494425938,175.07788567165431,97.15556947458299
92.55,427.3005698169308,374.89235328457727,-89.78279691896827,22.376049390745145,0.0,28.0,0.0,410,435,375,435,28.0,NEUTRAL,program,sensor_drive.py,function,750df67d0c33d1501e8060e5a3b5ce81e437358a154f973070c11cf1d50adae5,左壁追従（超音波のみ）,,242.47107634068,250.0,41.88846078056833,175.06946237431035,97.15090017570503
92.6,426.18161238274877,374.89659517060386,-89.78279691896827,22.381446915127402,0.0,28.0,0.0,410,435,375,435,28.0,NEUTRAL,program,sensor_drive.py,function,750df67d0c33d1501e8060e5a3b5ce81e437358a154f973070c11cf1d50adae5,左壁追従（超音波のみ）,,241.3524118337445,250.0,41.89314824489175,175.06103615043435,97.14622925455826
92.65,425.06242180892247,374.90083794044585,-89.78279691896827,22.385628050016305,0.0,28.0,0.0,410,435,375,435,28.0,NEUTRAL,program,sensor_drive.py,function,750df67d0c33d1501e8060e5a3b5ce81e437358a154f973070c11cf1d50adae5,左壁追従（超音波のみ）,,240.23344635925102,250.0,41.89783697033912,175.0526076595517,97.14155707673834
92.7,423.94305063594885,374.90508139492607,-89.78279691896827,22.388866921713976,0.0,28.0,0.0,410,435,375,435,28.0,NEUTRAL,program,sensor_drive.py,function,750df67d0c33d1501e8060e5a3b5ce81e437358a154f973070c11cf1d50adae5,左壁追従（超音波のみ）,,239.1142477434381,250.0,41.90252667270284,175.04417741255634,97.13688392544984
92.75,422.82353956376545,374.90932537975397,-89.78279691896827,22.391375879246496,0.0,28.0,0.0,410,435,375,435,28.0,NEUTRAL,program,sensor_drive.py,function,750df67d0c33d1501e8060e5a3b5ce81e437358a154f973070c11cf1d50adae5,左壁追従（超音波のみ）,,237.99486852718016,250.0,41.90721713182443,175.0357458052069,97.13221002007425
92.8,421.7039201201464,374.91356977541005,-89.78279691896827,22.39331941652971,0.0,28.0,0.0,410,435,375,435,28.0,NEUTRAL,program,sensor_drive.py,function,750df67d0c33d1501e8060e5a3b5ce81e437358a154f973070c11cf1d50adae5,左壁追従（超音波のみ）,,236.8753494107072,250.0,41.91190817716042,175.02731314407367,97.12753553055315
92.85,420.58421672774654,374.9178144893099,-89.78279691896827,22.394824957027026,0.0,28.0,0.0,410,435,375,435,28.0,NEUTRAL,program,sensor_drive.py,function,750df67d0c33d1501e8060e5a3b5ce81e437358a154f973070c11cf1d50adae5,左壁追従（超音波のみ）,,235.7557219220198,250.0,41.916599676601166,175.0188796666381,97.12286058852995
92.9,419.46444830531607,374.9220594497338,-89.78279691896827,22.3959912079699,0.0,28.0,0.0,410,435,375,435,28.0,NEUTRAL,program,sensor_drive.py,function,750df67d0c33d1501e8060e5a3b5ce81e437358a154f973070c11cf1d50adae5,左壁追従（超音波のみ）,,234.6360104839485,250.0,41.921291527809366,175.01044555686246,97.11818529598074
92.95,418.3446295080636,374.9263046011251,-89.78279691896827,22.396894631865955,0.0,28.0,0.0,410,435,375,435,28.0,NEUTRAL,program,sensor_drive.py,function,750df67d0c33d1501e8060e5a3b5ce81e437358a154f973070c11cf1d50adae5,左壁追従（超音波のみ）,,233.5162340153792,250.0,41.925983651510485,175.00201095725134,97.11350973190034
93.0,417.22477168849076,374.9305499004471,-89.78279691896827,22.39759445958395,0.0,28.0,0.0,410,435,375,435,28.0,NEUTRAL,program,sensor_drive.py,function,750df67d0c33d1501e8060e5a3b5ce81e437358a154f973070c11cf1d50adae5,左壁追従（超音波のみ）,,232.39640717162598,250.0,41.9306759862954,174.99357597819426,97.10883395748107
93.05,416.10488364069215,374.9347953143621,-89.78279691896827,22.398136573686767,0.0,28.0,0.0,410,435,375,435,28.0,NEUTRAL,program,sensor_drive.py,function,750df67d0c33d1501e8060e5a3b5ce81e437358a154f973070c11cf1d50adae5,左壁追従（超音波のみ）,,231.27654130527202,250.0,41.93536848459405,174.73346921405258,97.10415802012515
93.1,414.9849721769199,374.93904081704534,-89.78279691896827,22.398556516614033,0.0,28.0,0.0,410,435,375,435,28.0,NEUTRAL,program,sensor_drive.py,function,750df67d0c33d1501e8060e5a3b5ce81e437358a154f973070c11cf1d50adae5,左壁追従（超音波のみ）,,230.15664521047506,250.0,41.94006110955687,173.78047886174917,97.09948195655211
93.15,413.8650425742124,374.9432863884919,-89.78279691896827,22.398881820938787,0.0,28.0,0.0,410,435,375,435,28.0,NEUTRAL,program,sensor_drive.py,function,750df67d0c33d1501e8060e5a3b5ce81e437358a154f973070c11cf1d50adae5,左壁追従（超音波のみ）,,229.0367256995362,249.27335493461769,41.94475383263881,172.95865809381448,97.09480579520623
93.2,412.7450989203716,374.9475320132053,-89.78279691896827,22.399133814476087,0.0,28.0,0.0,410,435,375,435,28.0,NEUTRAL,program,sensor_drive.py,function,750df67d0c33d1501e8060e5a3b5ce81e437358a154f973070c11cf1d50adae5,左壁追従（超音波のみ）,,227.91678804953176,248.5149944415312,41.94944663172757,172.29668104825328,97.09012955812177
93.25,411.6298607348712,374.95104684696753,-89.86929906671631,22.24307898203146,2.08,27.133333333333333,6.5,408,441,375,435,27.133333333333333,NEUTRAL,program,sensor_drive.py,function,750df67d0c33d1501e8060e5a3b5ce81e437358a154f973070c11cf1d50adae5,左壁追従（超音波のみ）,,226.79683634829306,247.75662443371777,41.95413948969428,171.89288912595202,97.08545326236717
93.3,410.5260771097631,374.9518595633593,-90.05949469041886,21.96594272832731,4.16,26.266666666666666,13.0,407,448,375,435,26.266666666666666,NEUTRAL,program,sensor_drive.py,function,750df67d0c33d1501e8060e5a3b5ce81e437358a154f973070c11cf1d50adae5,左壁追従（超音波のみ）,,225.6804869489251,246.84901802762624,41.94657506253891,173.30875705563676,97.13107584822104
93.35,409.4389897576277,374.94809566589623,-90.35031847414767,21.595012038698023,6.24,25.4,19.5,406,455,375,435,25.4,NEUTRAL,program,sensor_drive.py,function,750df67d0c33d1501e8060e5a3b5ce81e437358a154f973070c11cf1d50adae5,左壁追従（超音波のみ）,,224.5762062688012,245.76901923863062,41.922742705030814,173.2245898594942,97.24007989482884
93.4,408.37268445907637,374.93808960298657,-90.73788804453773,21.151424486281662,8.32,24.533333333333335,26.0,405,462,375,435,24.533333333333335,NEUTRAL,program,sensor_drive.py,function,750df67d0c33d1501e8060e5a3b5ce81e437358a154f973070c11cf1d50adae5,左壁追従（超音波のみ）,,223.49344761243538,244.53130592198718,41.88196591756936,173.40518235816637,97.41517077470749
93.45,407.33036216653346,374.92041528466166,-91.21780483233499,20.651554067424573,10.4,23.666666666666668,32.5,404,469,375,435,23.666666666666668,NEUTRAL,program,sensor_drive.py,function,750df67d0c33d1501e8060e5a3b5ce81e437358a154f973070c11cf1d50adae5,左壁追従（超音波のみ）,,222.4423750120302,243.15379043426418,41.82437735702339,173.85345355823654,97.65954536613079
93.5,406.31454734361773,374.89389933575995,-91.78536096116326,20.108084724346536,12.48,22.8,39.0,403,475,375,435,22.8,NEUTRAL,program,sensor_drive.py,function,750df67d0c33d1501e8060e5a3b5ce81e437358a154f973070c11cf1d50adae5,左壁追従（超音波のみ）,,221.4337661036392,241.65668206906523,41.75082484394348,174.57366366036587,97.97690986795625
93.55,405.32724727532417,374.85762307905554,-92.43567876322544,19.530841938062192,14.56,21.933333333333334,45.5,402,482,375,435,21.933333333333334,NEUTRAL,program,sensor_drive.py,function,750df67d0c33d1501e8060e5a3b5ce81e437358a154f973070c11cf1d50adae5,左壁追従（超音波のみ）,,220.47885980900384,240.06165838521724,41.66276096698489,175.5717370052323,98.37146510125763
93.6,404.3700731738296,374.8109174287908,-93.1638021021201,18.92743691299808,16.64,21.066666666666666,52.0,401,489,375,435,21.066666666666666,NEUTRAL,program,sensor_drive.py,function,750df67d0c33d1501e8060e5a3b5ce81e437358a154f973070c11cf1d50adae5,左壁追従（超音波のみ）,,219.58918454743954,238.39115419954737,41.562127818697476,176.85545534654864,98.84787664418504
93.65,403.4443315863565,374.7533535222349,-93.96475328264589,18.30376558775875,18.72,20.2,58.5,400,496,375,435,20.2,NEUTRAL,program,sensor_drive.py,function,750df67d0c33d1501e8060e5a3b5ce81e437358a154f973070c11cf1d50adae5,左壁追従（超音波のみ）,,218.77638780018142,236.6677682416794,41.45124466939842,178.43457869389505,99.41123957479448
93.7,402.5465004294674,374.6848429250689,-94.76244619055039,17.815687432276214,18.7859981222569,20.17250078239296,58.70624413205281,400,496,375,435,20.17250078239296,NEUTRAL,program,sensor_drive.py,function,750df67d0c33d1501e8060e5a3b5ce81e437358a154f973070c11cf1d50adae5,左壁追従（超音波のみ）,,218.0520779535643,234.9137813754918,41.332703496575874,180.32092917146355,100.06704277020188
93.75,401.6705158566947,374.6058881060241,-95.53816223910681,17.443426477362532,18.708474375475642,20.204802343551815,58.46398242336138,400,496,375,435,20.204802343551815,NEUTRAL,program,sensor_drive.py,function,750df67d0c33d1501e8060e5a3b5ce81e437358a154f973070c11cf1d50adae5,左壁追従（超音波のみ）,,217.39885962894417,233.23658903241437,41.213055716750155,182.30921617152663,100.76432118141663
93.8,400.81149177697074,374.51685335852187,-96.29658172351765,17.16066524237165,18.63383724737526,20.235901146926977,58.23074139804769,400,496,375,435,20.235901146926977,NEUTRAL,program,sensor_drive.py,function,750df67d0c33d1501e8060e5a3b5ce81e437358a154f973070c11cf1d50adae5,左壁追従（超音波のみ）,,216.80253791336023,231.6523215834052,41.093420660764274,184.34012196413005,101.48780289393716
93.85,399.96567734905057,374.4179577545042,-97.04130600769679,16.947054902945975,18.561584445972873,20.266006480844638,58.00495139366522,400,495,375,435,20.266006480844638,NEUTRAL,program,sensor_drive.py,function,750df67d0c33d1501e8060e5a3b5ce81e437358a154f973070c11cf1d50adae5,左壁追従（超音波のみ）,,216.25654679027605,230.14679989359132,40.97322229976207,186.42286938413872,102.239856045233
93.9,399.1302007187273,374.30932658973717,-97.77510827451648,16.786861198578354,18.491333384737633,20.29527775635932,57.7854168273051,400,495,375,435,20.29527775635932,NEUTRAL,program,sensor_drive.py,function,750df67d0c33d1501e8060e5a3b5ce81e437358a154f973070c11cf1d50adae5,左壁追従（超音波のみ）,,215.75603126948153,228.70924154181853,40.85199095955028,188.5657488843644,103.02274324434552
93.95,398.30287034258004,374.19102581204874,-98.50012554111623,16.667917671911617,18.422792260770994,20.323836558012086,57.571225814909354,400,495,375,435,20.323836558012086,NEUTRAL,program,sensor_drive.py,function,750df67d0c33d1501e8060e5a3b5ce81e437358a154f973070c11cf1d50adae5,左壁追従（超音波のみ）,,215.2973919835466,227.33138345746295,40.72934181796281,190.77629579959037,103.8386096278608
94.0,397.48202104301896,374.06308500195956,-99.21800588127151,16.58081644635613,18.355738227559574,20.351775738516842,57.36168196112367,400,495,375,435,20.351775738516842,NEUTRAL,program,sensor_drive.py,function,750df67d0c33d1501e8060e5a3b5ce81e437358a154f973070c11cf1d50adae5,左壁追従（超音波のみ）,,214.87795566793378,226.00684029923184,40.60495758527638,193.06145498721253,104.68948852184946
94.05,396.6663947720695,373.9255126228966,-99.93002141362558,16.518282611469253,18.290000876167333,20.379166301596946,57.156252738022914,400,495,375,435,20.379166301596946,NEUTRAL,program,sensor_drive.py,function,750df67d0c33d1501e8060e5a3b5ce81e437358a154f973070c11cf1d50adae5,左壁追従（超音波のみ）,,214.49573545139765,224.73063242702,40.478574610177134,195.42772879601088,105.5773163213801
94.1,395.85504828679797,373.7783060411832,-100.63715508182688,16.474690538406477,18.225449706424715,20.406062622323034,56.954530332577235,400,494,375,435,20.406062622323034,NEUTRAL,program,sensor_drive.py,function,750df67d0c33d1501e8060e5a3b5ce81e437358a154f973070c11cf1d50adae5,左壁追従（超音波のみ）,,214.14925575621805,223.49883696643047,40.34997176856652,197.8813076652345,106.50395161437314
94.15,395.0472816795704,373.62145800827807,-101.34016734487567,16.445689913904268,18.161984607823754,20.43250641340677,56.75620189944924,400,494,375,435,20.43250641340677,NEUTRAL,program,sensor_drive.py,function,750df67d0c33d1501e8060e5a3b5ce81e437358a154f973070c11cf1d50adae5,左壁追従（超音波のみ）,,213.8374239942498,222.30832885544916,40.218961598591825,200.42818441839364,107.47119567635943
94.2,394.2425830630436,373.45496075659906,-102.03964745209359,16.427916595538694,18.099528617009984,20.458529742912507,56.561026928156195,400,494,375,435,20.458529742912507,NEUTRAL,program,sensor_drive.py,function,750df67d0c33d1501e8060e5a3b5ce81e437358a154f973070c11cf1d50adae5,左壁追従（超音波のみ）,,213.55943634081345,221.15658804656348,40.085383239596304,203.07425415063938,108.48081274757502
94.25,393.440585765232,373.2788084946728,-102.73605288016886,16.418769043240744,18.03802240108177,20.484157332882596,56.36882000338053,400,494,375,435,20.484157332882596,NEUTRAL,program,sensor_drive.py,function,750df67d0c33d1501e8060e5a3b5ce81e437358a154f973070c11cf1d50adae5,左壁追従（超音波のみ）,,213.31470843211486,220.04155557014946,39.94909681407064,205.82540191665663,109.53454928328497
94.3,392.6410352099164,373.09299883857204,-103.42973967388183,16.416235450318133,17.97742005137205,20.50940831192831,56.17943766053766,400,493,375,435,20.50940831192831,NEUTRAL,program,sensor_drive.py,function,750df67d0c33d1501e8060e5a3b5ce81e437358a154f973070c11cf1d50adae5,左壁追従（超音波のみ）,,213.10282435299547,218.96152581887742,39.8099789603772,208.68758044866468,110.63415183439994
94.35,391.8437632939732,372.89753354633376,-104.12098579375667,16.41876007346092,17.917685873632465,20.534297552653143,55.99276835510145,400,493,375,435,20.534297552653143,NEUTRAL,program,sensor_drive.py,function,750df67d0c33d1501e8060e5a3b5ce81e437358a154f973070c11cf1d50adae5,左壁追従（超音波のみ）,,212.92349908294514,217.91506576269063,39.66791928104033,211.66688001416387,111.7813834878656
94.4,391.04866856668417,372.692418805022,-104.81000908548134,16.42513987085581,17.858791936568068,20.558836693096637,55.80872480177521,400,493,375,435,20.558836693096637,NEUTRAL,program,sensor_drive.py,function,750df67d0c33d1501e8060e5a3b5ce81e437358a154f973070c11cf1d50adae5,左壁追従（超音波のみ）,,212.7765508655722,216.9009542354062,39.52281751815349,212.89071005452703,112.97803894956893
94.45,390.2557008985961,372.4776652394584,-105.49698111174128,16.434444574765084,17.800716197974324,20.583034917510698,55.627238118669766,400,493,375,435,20.583034917510698,NEUTRAL,program,sensor_drive.py,function,750df67d0c33d1501e8060e5a3b5ce81e437358a154f973070c11cf1d50adae5,左壁追従（超音波のみ）,,212.6618809073313,215.91813621099834,39.37458130542726,212.45269036360148,114.22595843318933
94.5,389.46484962388746,372.2532877560308,-106.18203780010552,16.44595488429849,17.743441071047954,20.60689955373002,55.44825334702485,400,493,375,435,20.60689955373002,NEUTRAL,program,sensor_drive.py,function,750df67d0c33d1501e8060e5a3b5ce81e437358a154f973070c11cf1d50adae5,左壁追従（超音波のみ）,,212.57945849698538,214.9656882934896,39.22312437704015,210.93305019748146,115.52704055566272
94.55,388.6761343697827,372.0193052966839,-106.86528764028243,16.459114669592015,17.686952326266784,20.630436530722175,55.271726019583696,400,493,375,435,20.630436530722175,NEUTRAL,program,sensor_drive.py,function,750df67d0c33d1501e8060e5a3b5ce81e437358a154f973070c11cf1d50adae5,左壁追従（超音波のみ）,,212.52931013926676,214.0427926082443,39.0683651380265,209.45923910097542,116.88325445187228
94.6,387.8895979643593,371.77574055189797,-107.54681799482165,16.47349401055224,17.63123824914976,20.653650729520933,55.097619528593,400,492,375,435,20.653650729520933,NEUTRAL,program,sensor_drive.py,function,750df67d0c33d1501e8060e5a3b5ce81e437358a154f973070c11cf1d50adae5,左壁追従（超音波のみ）,,212.51151166494438,213.14871699641228,38.91022552058239,208.029926756224,118.29665131913237
94.65,387.1053009517588,371.5226196635037,-108.22669995726595,16.48876061382349,17.576288993148328,20.676546252854862,54.925903103588524,400,492,375,435,20.676546252854862,NEUTRAL,program,sensor_drive.py,function,750df67d0c33d1501e8060e5a3b5ce81e437358a154f973070c11cf1d50adae5,左壁追従（超音波のみ）,,212.52618255107322,212.28279994460024,38.748630066314426,206.64390118077154,119.76937559296573
94.7,386.32331735039395,371.2599719360314,-108.90499209174664,16.504657708678597,17.522096081334197,20.699126632777418,54.75655025416937,400,492,375,435,20.699126632777418,NEUTRAL,program,sensor_drive.py,function,750df67d0c33d1501e8060e5a3b5ce81e437358a154f973070c11cf1d50adae5,左壁追従（超音波のみ）,,212.57348188559365,211.44443907666513,38.58350518690144,205.3000496812253,121.30367594382287
94.75,385.5437313722423,370.9878295671658,-109.58174331109461,16.520986953217356,17.468652021526083,20.7213949910308,54.589537567269005,400,492,375,435,20.7213949910308,NEUTRAL,program,sensor_drive.py,function,750df67d0c33d1501e8060e5a3b5ce81e437358a154f973070c11cf1d50adae5,左壁追従（超音波のみ）,,212.65360555854136,210.63308232899084,38.41477856550797,203.99734414531014,122.90191627233166
94.8,384.7666348851626,370.7062274025374,-110.2569950913604,16.537595215252626,17.4159500078653,20.74335416338946,54.42484377457906,400,492,375,435,20.74335416338946,NEUTRAL,program,sensor_drive.py,function,750df67d0c33d1501e8060e5a3b5ce81e437358a154f973070c11cf1d50adae5,左壁追従（超音波のみ）,,212.76678437167925,209.84822115055005,38.24237866911939,202.7348296096514,124.56658686985313
94.85,383.9921254495795,370.41520271665865,-110.9307831750979,16.554364349736133,17.363983688229684,20.765006796570965,54.262449025717764,400,491,375,435,20.765006796570965,NEUTRAL,program,sensor_drive.py,function,750df67d0c33d1501e8060e5a3b5ce81e437358a154f973070c11cf1d50adae5,左壁追従（超音波のみ）,,212.91328283946368,209.08938523352523,38.06623434816257,201.51161530667497,126.30031590242133
94.9,383.2203047991122,370.11479501969535,-111.60313888071836,16.571203293658805,17.312746981742418,20.786355424273992,54.10233431794506,400,491,375,435,20.786355424273992,NEUTRAL,program,sensor_drive.py,function,750df67d0c33d1501e8060e5a3b5ce81e437358a154f973070c11cf1d50adae5,左壁追従（超音波のみ）,,213.09339851432838,208.35613840337984,37.8862745046841,200.32686759282268,128.10588136997706
94.95,382.45127766429556,369.8050458885281,-112.27409010824141,16.58804195329871,17.262233934345673,20.80740252735597,53.94448104483023,401,491,375,435,20.80740252735597,NEUTRAL,program,sensor_drive.py,function,750df67d0c33d1501e8060e5a3b5ce81e437358a154f973070c11cf1d50adae5,左壁追従（超音波のみ）,,213.30746171378158,207.64807538949995,37.702427814236906,199.17980430899186,129.9862236894141
95.0,381.68515086142054,369.48599881990936,-112.9436621110006,16.60482647772335,17.212438603242994,20.828150581982086,53.78887063513435,401,491,375,435,20.828150581982086,NEUTRAL,program,sensor_drive.py,function,750df67d0c33d1501e8060e5a3b5ce81e437358a154f973070c11cf1d50adae5,左壁追従（超音波のみ）,,213.55583555979553,206.96481926667067,37.51462248969406,198.06969023543562,131.94445904942395
95.05,380.92203258621726,369.15769910324747,-113.61187808686832,16.6215156044988,17.163354963177934,20.848602098675862,53.63548425993104,401,491,375,435,20.848602098675862,NEUTRAL,program,sensor_drive.py,function,750df67d0c33d1501e8060e5a3b5ce81e437358a154f973070c11cf1d50adae5,左壁追従（超音波のみ）,,213.8389162654302,206.30601940952246,37.322786077635705,196.9958333867744,133.98389368751137
95.1,380.16203186578434,368.82019371052166,-114.278759630251,16.63807783473646,17.114976829167386,20.86875965451359,53.48430259114808,401,491,375,435,20.86875965451359,NEUTRAL,program,sensor_drive.py,function,750df67d0c33d1501e8060e5a3b5ce81e437358a154f973070c11cf1d50adae5,左壁追従（超音波のみ）,,214.15713362177556,205.67134984100838,37.12684527986855,195.95758195531505,136.1080392449144
95.15,379.4051144064854,368.4734861905529,-114.94172078842166,16.659435606474624,17.00145190493668,20.91606170627638,53.129537202927125,401,490,375,435,20.91606170627638,NEUTRAL,program,sensor_drive.py,function,750df67d0c33d1501e8060e5a3b5ce81e437358a154f973070c11cf1d50adae5,左壁追従（超音波のみ）,,214.51095165176693,203.60531100561485,36.92672579415477,194.95432175780263,138.32062936355234
95.2,378.65132416237736,368.1176116254653,-115.6035380705439,16.67954225493977,16.954033538835677,20.93581935881847,52.98135480886149,401,490,375,435,20.93581935881847,NEUTRAL,program,sensor_drive.py,function,750df67d0c33d1501e8060e5a3b5ce81e437358a154f973070c11cf1d50adae5,左壁追従（超音波のみ）,,214.89584705127226,203.0121823529145,36.7217400201538,193.9860894643277,140.61862591941411
95.25,377.90065276760555,367.75258071114916,-116.26123016336066,16.70424179632715,16.832573017165238,20.986427909514482,52.60179067864137,401,490,375,435,20.986427909514482,NEUTRAL,program,sensor_drive.py,function,750df67d0c33d1501e8060e5a3b5ce81e437358a154f973070c11cf1d50adae5,左壁追従（超音波のみ）,,215.31711956864217,200.8206035038785,36.5123580507157,193.05124939506544,143.01316852078477
95.3,377.1530097628551,367.3783830354131,-116.91498790696306,16.73241760318878,16.712198357837696,21.036584017567627,52.2256198682428,401,489,375,435,21.036584017567627,NEUTRAL,program,sensor_drive.py,function,750df67d0c33d1501e8060e5a3b5ce81e437358a154f973070c11cf1d50adae5,左壁追従（超音波のみ）,,215.76926364093728,198.69124069344969,36.29776747944745,192.1498094194522,145.49995455766282
95.35,376.40834960214005,366.99502270761076,-117.5649599622578,16.763207078795766,16.59287778705553,21.086300922060197,51.852743084548536,401,489,375,435,21.086300922060197,NEUTRAL,program,sensor_drive.py,function,750df67d0c33d1501e8060e5a3b5ce81e437358a154f973070c11cf1d50adae5,左壁追従（超音波のみ）,,216.25247500848727,196.62074010348346,36.07780504367005,191.28070116291502,148.08325498916008
95.4,375.6666609202772,366.60251578435657,-118.21126279710869,16.795943771110704,16.474588017483477,21.135588326048552,51.483087554635866,401,489,375,435,21.135588326048552,NEUTRAL,program,sensor_drive.py,function,750df67d0c33d1501e8060e5a3b5ce81e437358a154f973070c11cf1d50adae5,左壁追従（超音波のみ）,,216.7669721610862,194.60608042455414,35.852315502779085,190.44297485535546,150.76749187857186
95.45,374.92795827240747,366.20088816466637,-118.85398833869792,16.83011267497849,16.357312344808136,21.184453189663277,51.11660107752543,401,488,375,435,21.184453189663277,NEUTRAL,program,sensor_drive.py,function,750df67d0c33d1501e8060e5a3b5ce81e437358a154f973070c11cf1d50adae5,左壁追従（超音波のみ）,,216.0316920152427,192.64451378604758,35.621149805810774,189.63577588562134,153.55727091776816
95.5,374.192275777146,365.79017387359306,-119.49320983888151,16.865315716683423,16.241039193537713,21.232900336025953,50.75324747980535,401,488,375,435,21.232900336025953,NEUTRAL,program,sensor_drive.py,function,750df67d0c33d1501e8060e5a3b5ce81e437358a154f973070c11cf1d50adae5,左壁追従（超音波のみ）,,215.7042146159303,190.73352028633752,35.38416363381963,188.85832706604583,156.45741243910956
95.55,373.459662225607,365.37041366552086,-120.12898637098095,16.901245100379814,16.125761006095075,21.28093291412705,50.39300314404711,401,487,375,435,21.28093291412705,NEUTRAL,program,sensor_drive.py,function,750df67d0c33d1501e8060e5a3b5ce81e437358a154f973070c11cf1d50adae5,左壁追従（超音波のみ）,,213.8619344611015,188.87077271134865,35.141216238705084,188.10991516509293,158.34195012866508
95.6,372.7301773191819,364.9416538892303,-120.76136627833604,16.937662724927755,16.01147339431085,21.328552752370477,50.03585435722141,401,487,375,435,21.328552752370477,NEUTRAL,program,sensor_drive.py,function,750df67d0c33d1501e8060e5a3b5ce81e437358a154f973070c11cf1d50adae5,左壁追従（超音波のみ）,,212.06342395153192,187.0541089142413,34.892169516488,187.38988063504192,160.8943090825312
95.65,372.00388877646543,364.50394556648075,-121.39038981989052,16.97438428803392,15.898174491526602,21.375760628530582,49.68179528602063,401,487,375,435,21.375760628530582,NEUTRAL,program,sensor_drive.py,function,750df67d0c33d1501e8060e5a3b5ce81e437358a154f973070c11cf1d50adae5,左壁追従（超音波のみ）,,210.30702836189977,185.28150997958952,34.63688726600018,186.69760973532493,161.98534139438777
95.7,371.2808701094224,364.0573436441702,-122.01609120064938,17.011267009840292,15.785864458092972,21.422556475794593,49.33082643154054,401,486,375,435,21.422556475794593,NEUTRAL,program,sensor_drive.py,function,750df67d0c33d1501e8060e5a3b5ce81e437358a154f973070c11cf1d50adae5,左壁追従（超音波のみ）,,208.59119258685934,183.55108277523144,34.37523459419725,186.0325284554678,163.11836447561933
95.75,370.56119891487396,363.60190638720564,-122.6385001308838,17.04820015146772,15.674545104172989,21.468939539927923,48.98295345054059,401,486,375,435,21.468939539927923,NEUTRAL,program,sensor_drive.py,function,750df67d0c33d1501e8060e5a3b5ce81e437358a154f973070c11cf1d50adae5,左壁追従（超音波のみ）,,206.9144494193909,181.86104584956257,34.107077437405046,185.39409779283986,164.29412930339063
95.8,369.8449555627945,363.1376948851654,-123.25764302429937,17.0850976919025,15.564219602256308,21.51490849905987,48.63818625705096,401,486,375,435,21.51490849905987,NEUTRAL,program,sensor_drive.py,function,750df67d0c33d1501e8060e5a3b5ce81e437358a154f973070c11cf1d50adae5,左壁追従（超音波のみ）,,205.2754101110622,180.20971789461925,33.83228217421153,184.78181005303045,165.5134169629597
95.85,369.1322221901831,362.6647726507996,-123.87354391960697,17.121892671666696,15.454892268279371,21.560461554883595,48.29653833837303,401,485,375,435,21.560461554883595,NEUTRAL,program,sensor_drive.py,function,750df67d0c33d1501e8060e5a3b5ce81e437358a154f973070c11cf1d50adae5,左壁追従（超音波のみ）,,203.6727566796183,178.5955081900983,33.55071531076922,184.19518592458297,166.77704059540866
95.9,368.42308193027804,362.1832052925252,-124.4862251901912,17.158532823704043,15.346568395204413,21.605596501998164,47.95802623501379,402,485,375,435,21.605596501998164,NEUTRAL,program,sensor_drive.py,function,750df67d0c33d1501e8060e5a3b5ce81e437358a154f973070c11cf1d50adae5,左壁追従（超音波のみ）,,202.10523556212794,177.01690858824173,33.262243223266886,183.63377214238594,168.08584730148584
95.95,367.7176183230514,361.6930602464592,-125.09570809144822,17.194977198381352,15.239254126699318,21.65031078054195,47.62266914593537,402,485,375,435,21.65031078054195,NEUTRAL,program,sensor_drive.py,function,750df67d0c33d1501e8060e5a3b5ce81e437358a154f973070c11cf1d50adae5,左壁追従（超音波のみ）,,200.57165231105293,175.47248670732816,32.966731945481,183.09713960070542,169.44072002632683
96.0,367.01591486537495,361.1944065563082,-125.7020131837772,17.231193556269407,15.132956361455722,21.694601516060118,47.29048862954913,402,484,375,435,21.694601516060118,NEUTRAL,program,sensor_drive.py,function,750df67d0c33d1501e8060e5a3b5ce81e437358a154f973070c11cf1d50adae5,左壁追従（超音波のみ）,,199.07086710470693,173.96088008193271,32.66404699180745,182.58488181168983,170.84257944798895
96.05,366.3180546688316,360.6873146916996,-126.30516066033204,17.267156353919002,15.027682680896197,21.738465549626586,46.96150837780061,402,484,375,435,21.738465549626586,NEUTRAL,program,sensor_drive.py,function,750df67d0c33d1501e8060e5a3b5ce81e437358a154f973070c11cf1d50adae5,左壁追従（超音波のみ）,,197.60179089902533,172.48079107824515,32.354053208136385,182.09661363121157,172.29238589095607
96.1,365.62412020052614,360.17185639738295,-126.90517060183645,17.30284518765486,14.923441294713644,21.781899460535982,46.635754045980136,402,483,375,435,21.781899460535982,NEUTRAL,program,sensor_drive.py,function,750df67d0c33d1501e8060e5a3b5ce81e437358a154f973070c11cf1d50adae5,左壁追従（超音波のみ）,,196.16338208912754,171.0309824277714,32.03661464448753,181.6319701933579,173.79114128413985
96.15,364.93419308793,359.6481045672223,-127.50206317555251,17.33824359114903,14.820240999978866,21.824899583342138,46.31325312493396,402,483,375,435,21.824899583342138,NEUTRAL,program,sensor_drive.py,function,750df67d0c33d1501e8060e5a3b5ce81e437358a154f973070c11cf1d50adae5,左壁追従（超音波のみ）,,194.75464358034853,169.61027326656952,31.711594444543053,181.19060600943402,175.33989118152329
96.2,364.24835397316184,359.11613313811193,-128.09585879149657,17.37333810627244,14.718091150541387,21.867462020607757,45.99403484544183,402,483,375,435,21.867462020607757,NEUTRAL,program,sensor_drive.py,function,750df67d0c33d1501e8060e5a3b5ce81e437358a154f973070c11cf1d50adae5,左壁追従（超音波のみ）,,193.37462019186634,168.21753559263513,31.37885474818078,180.7721941982241,176.93972686246317
96.25,363.56668240547344,358.57601699992153,-128.68657822593377,17.40811756505463,14.617001634204133,21.909582652414947,45.67813010688791,402,482,375,435,21.909582652414947,NEUTRAL,program,sensor_drive.py,function,750df67d0c33d1501e8060e5a3b5ce81e437358a154f973070c11cf1d50adae5,左壁追従（超音波のみ）,,192.02239633371525,166.85169107328446,31.038256603871492,180.37642582240346,178.59178752781094
96.3,362.88925676329427,358.0278319183594,-129.27424271983438,17.442572534737998,14.516982855730424,21.95125714344566,45.36557142415757,402,482,375,435,21.95125714344566,NEUTRAL,program,sensor_drive.py,function,750df67d0c33d1501e8060e5a3b5ce81e437358a154f973070c11cf1d50adae5,左壁追従（超音波のみ）,,190.69709391130877,165.51170814895752,30.689659888399557,180.00300931211035,180.29726260743132
96.35,362.2161541991829,357.47165446827614,-129.85887405817502,17.476694888846065,14.418045724182605,21.992480948257246,45.05639288807064,402,482,375,435,21.992480948257246,NEUTRAL,program,sensor_drive.py,function,750df67d0c33d1501e8060e5a3b5ce81e437358a154f973070c11cf1d50adae5,左壁追従（超音波のみ）,,189.39787042168206,164.19659939094612,30.3329232318361,179.6516699612617,182.05739419436534
96.4,361.54745060256045,356.907561975432,-130.44049463458717,17.510477475629195,14.320201643429689,22.03324931523763,44.75063013571778,402,481,375,435,22.03324931523763,NEUTRAL,program,sensor_drive.py,function,750df67d0c33d1501e8060e5a3b5ce81e437358a154f973070c11cf1d50adae5,左壁追従（超音波のみ）,,188.12391721331912,162.90541907902454,29.967903946063867,179.32214948564862,183.87347962080153
96.45,360.8832205762834,356.3356324651596,-131.01912750479707,17.54391386177261,14.22346250491788,22.07355728961755,44.44832032786837,402,481,375,435,22.07355728961755,NEUTRAL,program,sensor_drive.py,function,750df67d0c33d1501e8060e5a3b5ce81e437358a154f973070c11cf1d50adae5,左壁追従（超音波のみ）,,186.87445788725182,161.6372609714598,29.594457955434144,179.01420563443335,185.74687419116577
96.5,360.22353742401583,355.7559446166722,-131.594796431488,17.576998134288882,14.127840681995387,22.113399715835257,44.149502131235586,402,481,375,435,22.113399715835257,NEUTRAL,program,sensor_drive.py,function,750df67d0c33d1501e8060e5a3b5ce81e437358a154f973070c11cf1d50adae5,左壁追従（超音波のみ）,,185.64874682157597,160.39125624490157,29.212439728367443,178.7276118486285,187.6789940880008
96.55,359.5684731460576,355.16857772202815,-132.1675259225934,17.60972474740764,14.033349025232239,22.15277123948657,43.85421570385075,402,481,375,435,22.15277123948657,NEUTRAL,program,sensor_drive.py,function,750df67d0c33d1501e8060e5a3b5ce81e437358a154f973070c11cf1d50adae5,左壁追従（超音波のみ）,,184.4460678049353,159.1665715855515,28.821702208872274,178.4621569616157,189.67131946688457
96.6,358.91809844182313,354.57361164896616,-132.73734126454974,17.642088404280546,13.940000858290235,22.191666309045736,43.56250268215698,402,480,375,435,22.191666309045736,NEUTRAL,program,sensor_drive.py,function,750df67d0c33d1501e8060e5a3b5ce81e437358a154f973070c11cf1d50adae5,左壁追従（超音波のみ）,,183.26573276716667,157.96240741606215,28.422096747095946,178.21764493788243,191.72539775740248
96.65,358.2724827175721,353.97112680698865,-133.30426855167104,17.674083965641103,13.847809973985463,22.230079177506056,43.27440616870457,402,480,375,435,22.230079177506056,NEUTRAL,program,sensor_drive.py,function,750df67d0c33d1501e8060e5a3b5ce81e437358a154f973070c11cf1d50adae5,左壁追従（超音波のみ）,,182.10708059733477,156.77799624502612,28.013473028114905,177.99389464701233,193.8428471881677
96.7,357.6307472380307,353.3605260263636,-133.84742383839207,17.743889175196248,13.24850137090569,22.479791095455962,41.40156678408028,403,478,375,435,22.479791095455962,NEUTRAL,program,sensor_drive.py,function,750df67d0c33d1501e8060e5a3b5ce81e437358a154f973070c11cf1d50adae5,左壁追従（超音波のみ）,,180.96947604098273,155.61260112782546,27.595678998247624,177.79073967061663,196.02536055504632
96.75,356.99149467104144,352.74090006016985,-134.3661761796261,17.845817233677202,12.611466477395075,22.745222301085384,39.41083274185961,403,476,375,435,22.745222301085384,NEUTRAL,program,sensor_drive.py,function,750df67d0c33d1501e8060e5a3b5ce81e437358a154f973070c11cf1d50adae5,左壁追従（超音波のみ）,,179.85942832537845,154.4833817160124,27.15979581410951,177.58904281081618,198.20639610601697
96.8,356.35354316260134,352.1115046558999,-134.86020579140828,17.97435572697789,11.951444276517288,23.02023155145113,37.34826336411653,403,474,375,435,23.02023155145113,NEUTRAL,program,sensor_drive.py,function,750df67d0c33d1501e8060e5a3b5ce81e437358a154f973070c11cf1d50adae5,左壁追従（超音波のみ）,,178.77272321128882,153.38696486635322,26.704204107185554,177.3844958403488,200.3793387612931
96.85,355.71588658167553,351.4717379319533,-135.3289777457003,18.125368435055673,11.266652119504483,23.30556161687313,35.20828787345151,404,471,375,435,23.30556161687313,NEUTRAL,program,sensor_drive.py,function,750df67d0c33d1501e8060e5a3b5ce81e437358a154f973070c11cf1d50adae5,左壁追従（超音波のみ）,,177.70541230429737,152.32001741160718,26.2276037485024,177.17330904596474,200.49043357006286
96.9,355.07764147776874,350.82111067822524,-135.77160105627993,18.295773361470918,10.555464845165107,23.601889647847873,32.98582764114096,404,469,375,435,23.601889647847873,NEUTRAL,program,sensor_drive.py,function,750df67d0c33d1501e8060e5a3b5ce81e437358a154f973070c11cf1d50adae5,左壁追従（超音波のみ）,,176.6539748820882,151.2796828682708,25.728794035324018,176.95172716584463,199.8982197926904
96.95,354.43800583918056,350.1592235851919,-136.18688770663883,18.483301063851833,9.81631172559791,23.909870114334204,30.675974142493466,404,467,375,435,23.909870114334204,NEUTRAL,program,sensor_drive.py,function,750df67d0c33d1501e8060e5a3b5ce81e437358a154f973070c11cf1d50adae5,左壁追従（超音波のみ）,,175.61526599513437,150.26361944546022,25.206592013729935,176.71581663876427,198.57905579077618
97.0,353.79622714019047,349.48574956064925,-136.5734251701168,18.686307502803974,9.047675725431693,24.23013511440346,28.27398664197404,405,464,375,435,24.23013511440346,NEUTRAL,program,sensor_drive.py,function,750df67d0c33d1501e8060e5a3b5ce81e437358a154f973070c11cf1d50adae5,左壁追従（超音波のみ）,,174.58641354695192,149.2698832046185,24.659837342795402,176.46144986670296,197.31525884683077
97.05,353.15157710277157,348.80042058868713,-136.92959370024764,18.90362781036105,8.2481102342907,24.563287402378876,25.775344482158438,405,462,375,435,24.563287402378876,NEUTRAL,program,sensor_drive.py,function,750df67d0c33d1501e8060e5a3b5ce81e437358a154f973070c11cf1d50adae5,左壁追従（超音波のみ）,,173.56474179200134,148.29682687795975,24.087410192028283,176.1843313583202,196.10474781314784
97.1,352.5033314876245,348.1030183691201,-137.25357686328277,19.134462927853853,7.416240203850627,24.90989991506224,23.17575063703321,406,459,375,435,24.90989991506224,NEUTRAL,program,sensor_drive.py,function,750df67d0c33d1501e8060e5a3b5ce81e437358a154f973070c11cf1d50adae5,左壁追従（超音波のみ）,,172.54773286172423,147.34306071734852,23.488234258577304,175.87999215632507,194.9458433954574
97.15,351.8507536403055,347.39336810059416,-137.54336681117246,19.378291351999593,6.550767993679425,25.270513335966907,20.471149980248203,406,456,375,435,25.270513335966907,NEUTRAL,program,sensor_drive.py,function,750df67d0c33d1501e8060e5a3b5ce81e437358a154f973070c11cf1d50adae5,左壁追従（超音波のみ）,,171.53300536994257,146.40743121222,22.8612827154124,175.54379320738144,193.83722335438173
97.2,351.1930808257973,346.6713349264542,-137.79676555867164,19.634800013882625,5.650483435979347,25.645631901675273,17.65776073743546,407,453,375,435,25.645631901675273,NEUTRAL,program,sensor_drive.py,function,750df67d0c33d1501e8060e5a3b5ce81e437358a154f973070c11cf1d50adae5,左壁追従（超音波のみ）,,170.51830726408676,145.48901458910285,22.2055868824508,175.1709374417493,192.77789948750757
97.25,350.5295126211004,345.93682268941933,-138.01138324892085,19.903829688966358,4.714277761602553,26.03571759933227,14.732118005007976,407,450,375,435,26.03571759933227,NEUTRAL,program,sensor_drive.py,function,750df67d0c33d1501e8060e5a3b5ce81e437358a154f973070c11cf1d50adae5,左壁追従（超音波のみ）,,169.50152106517035,144.58712299097576,21.520247480248173,174.75649089606156,191.76721260093802
97.3,349.8592008182618,345.18977474452294,-138.1846341894865,20.185331398258704,3.741161055813866,26.44118289341089,11.691128299418331,408,447,375,435,26.44118289341089,NEUTRAL,program,sensor_drive.py,function,750df67d0c33d1501e8060e5a3b5ce81e437358a154f973070c11cf1d50adae5,左壁追従（超音波のみ）,,168.48068041225713,143.70132207510179,20.804448317446212,174.29541353324242,190.80484305564696
97.35,349.18124043343016,344.4301766639326,-138.31373129657038,20.47933108433847,2.7302828998709843,26.862382125053756,8.532134062096826,408,443,375,435,26.862382125053756,NEUTRAL,program,sensor_drive.py,function,750df67d0c33d1501e8060e5a3b5ce81e437358a154f973070c11cf1d50adae5,左壁追従（超音波のみ）,,167.45399741708067,142.8314594210056,20.057472233952208,173.78260064410136,189.89083553494424
97.4,348.4946615315671,343.65806073568365,-138.39567948498575,20.78590048770326,1.6809558042851949,27.299601748214503,5.252986888391234,409,440,375,435,27.299601748214503,NEUTRAL,program,sensor_drive.py,function,750df67d0c33d1501e8060e5a3b5ce81e437358a154f973070c11cf1d50adae5,左壁追従（超音波のみ）,,166.41990079014897,141.97770366262372,19.278719070291384,173.21293586497043,189.02563752372913
97.45,347.79842166950436,342.87351221375155,-138.42726847476573,21.105132652560677,0.5926809526425223,27.753049603065616,1.852127977007882,409,436,375,435,27.753049603065616,NEUTRAL,program,sensor_drive.py,function,750df67d0c33d1501e8060e5a3b5ce81e437358a154f973070c11cf1d50adae5,左壁追従（超音波のみ）,,165.37708505548704,141.14059469238273,18.467725358976942,172.58135691701312,188.21015169096964
97.5,347.093009752551,342.0784921229546,-138.4051218435573,21.35676865607243,-0.5348243473573507,27.777156521934437,-1.671326085491721,409,433,375,435,27.777156521934437,NEUTRAL,program,sensor_drive.py,function,750df67d0c33d1501e8060e5a3b5ce81e437358a154f973070c11cf1d50adae5,左壁追従（超音波のみ）,,164.32457145192777,140.32110566260707,17.624185336093714,171.88293516230368,187.4458029805574
97.55,346.38143394415306,341.2779415540829,-138.32641412964216,21.46424715513481,-1.698940587034906,27.292108088735457,-5.309189334484081,409,429,375,435,27.292108088735457,NEUTRAL,program,sensor_drive.py,function,750df67d0c33d1501e8060e5a3b5ce81e437358a154f973070c11cf1d50adae5,左壁追従（超音波のみ）,,163.26420162846827,139.52253745626442,16.749970046780973,171.11473050956116,186.7362353955937
97.6,345.6670663909883,340.4772859977602,-138.18951876321117,21.457861517517006,-2.892264122673987,26.79488994888584,-9.03832538335621,408,425,375,435,26.79488994888584,NEUTRAL,program,sensor_drive.py,function,750df67d0c33d1501e8060e5a3b5ce81e437358a154f973070c11cf1d50adae5,左壁追従（超音波のみ）,,162.2021182354584,138.75130315066644,15.850581973768573,170.27774134504952,186.08758889546584
97.65,344.95240339734573,339.6809603902601,-137.993938312008,21.36173574815602,-4.106041389772897,26.28914942092796,-12.831379343040304,407,421,375,435,26.28914942092796,NEUTRAL,program,sensor_drive.py,function,750df67d0c33d1501e8060e5a3b5ce81e437358a154f973070c11cf1d50adae5,左壁追従（超音波のみ）,,161.14545638427063,138.0140793133985,14.932612393512438,169.37540784265732,185.50558187360988
97.7,344.24026667944656,338.893911269984,-137.7160594774208,21.140588351607683,-6.058706209560421,25.475539079349826,-18.933456904876316,406,415,375,435,25.475539079349826,NEUTRAL,program,sensor_drive.py,function,750df67d0c33d1501e8060e5a3b5ce81e437358a154f973070c11cf1d50adae5,左壁追従（超音波のみ）,,160.10043952798728,137.31638224255198,13.433583604426996,168.41220510471757,184.99435749987373
97.75,343.53332405031244,338.1214318544206,-137.34423606711965,20.813028835032,-8.138706209560421,24.60887241268316,-25.433456904876316,405,408,375,435,24.60887241268316,NEUTRAL,program,sensor_drive.py,function,750df67d0c33d1501e8060e5a3b5ce81e437358a154f973070c11cf1d50adae5,左壁追従（超音波のみ）,,159.07780613663334,136.67883252548995,11.431180524169832,167.3693628009164,184.58741369298878
97.8,342.83308362373174,337.3673160688653,-136.89018053138724,20.430304206914816,-9.85574255230144,23.893440603207733,-30.799195475942,404,402,375,435,23.893440603207733,NEUTRAL,program,sensor_drive.py,function,750df67d0c33d1501e8060e5a3b5ce81e437358a154f973070c11cf1d50adae5,左壁追従（超音波のみ）,,158.0886551988502,136.11684441094116,10.509137501819126,166.24333866516992,184.30576034771468
97.85,342.1389344621681,336.63207464175565,-136.40320214804098,20.087161296728006,-10.477004730851723,23.634581362145116,-32.74063978391163,404,400,375,435,23.634581362145116,NEUTRAL,program,sensor_drive.py,function,750df67d0c33d1501e8060e5a3b5ce81e437358a154f973070c11cf1d50adae5,左壁追従（超音波のみ）,,157.1398678828299,135.6312323809078,10.040915275211287,165.05514735950362,184.1421470637096
97.9,341.4488439957397,335.91336482003436,-135.92437085121773,19.823006000141966,-10.454950595186792,23.643770585338835,-32.671720609958726,404,400,375,435,23.643770585338835,NEUTRAL,program,sensor_drive.py,function,750df67d0c33d1501e8060e5a3b5ce81e437358a154f973070c11cf1d50adae5,左壁追従（超音波のみ）,,156.22641467907673,135.1945994189673,10.074313110949687,163.8589190817824,184.03837855723796
97.95,340.7578785520736,335.2048112858842,-135.5276834882266,19.774630944080535,-8.374950595186792,24.510437252005502,-26.171720609958726,405,407,375,435,24.510437252005502,NEUTRAL,program,sensor_drive.py,function,750df67d0c33d1501e8060e5a3b5ce81e437358a154f973070c11cf1d50adae5,左壁追従（超音波のみ）,,155.33768507125336,134.77845894792017,159.190561347997,162.6932104761103,183.94053134736788
98.0,340.06075802138287,334.4986122862754,-135.22555044631477,19.89340775767232,-6.294950595186792,25.37710391867217,-19.671720609958726,406,414,375,435,25.37710391867217,NEUTRAL,program,sensor_drive.py,function,750df67d0c33d1501e8060e5a3b5ce81e437358a154f973070c11cf1d50adae5,左壁追従（超音波のみ）,,154.44576686216374,134.32346212894925,157.9289372773715,161.6172739111018,183.74211367743945
98.05,339.3535410400059,333.78855354704126,-135.01614654106996,20.141666990324534,-4.214950595186792,26.243770585338837,-13.171720609958726,407,421,375,435,26.243770585338837,NEUTRAL,program,sensor_drive.py,function,750df67d0c33d1501e8060e5a3b5ce81e437358a154f973070c11cf1d50adae5,左壁追従（超音波のみ）,,153.5329972054025,133.80839703149385,156.79988580202843,160.62916833079942,183.41458387824048
98.1,338.63338127526157,333.0695963312294,-134.90014379452452,20.490228402548667,-2.134950595186792,27.110437252005504,-6.671720609958726,408,427,375,435,27.110437252005504,NEUTRAL,program,sensor_drive.py,function,750df67d0c33d1501e8060e5a3b5ce81e437358a154f973070c11cf1d50adae5,左壁追従（超音波のみ）,,152.58842932377996,133.22463155179423,155.7876405938396,159.71687625910138,182.95137846978554
98.15,337.89835592140565,332.3375415638166,-134.88007138568094,20.916487832000787,-0.05495059518679227,27.97710391867217,-0.17172060995872584,409,434,375,435,27.97710391867217,NEUTRAL,program,sensor_drive.py,function,750df67d0c33d1501e8060e5a3b5ce81e437358a154f973070c11cf1d50adae5,左壁追従（超音波のみ）,,151.60351929386775,132.56435272724866,154.88263957741106,158.87345937937022,182.34559764644771
98.2,337.153832252245,331.595266282884,-134.9590846790071,21.098690931963596,2.025049404813208,27.156229414661162,6.328279390041274,408,441,375,435,27.156229414661162,NEUTRAL,program,sensor_drive.py,function,750df67d0c33d1501e8060e5a3b5ce81e437358a154f973070c11cf1d50adae5,左壁追従（超音波のみ）,,150.57183776865782,131.8206495677349,154.0800838830845,158.09609083856398,181.59067548217865
98.25,336.4087554925621,330.84908660099507,-135.13821273727115,21.083582590034283,4.105049404813208,26.2895627479945,12.828279390041274,407,448,375,435,26.2895627479945,NEUTRAL,program,sensor_drive.py,function,750df67d0c33d1501e8060e5a3b5ce81e437358a154f973070c11cf1d50adae5,左壁追従（超音波のみ）,,149.49837564320293,130.99496230491064,153.38503899666406,157.39159823509036,180.6890042979211
98.3,335.67044210844216,330.10375678563383,-135.41628234737104,20.915629036995487,6.185049404813208,25.42289608132783,19.328279390041274,406,455,375,435,25.42289608132783,NEUTRAL,program,sensor_drive.py,function,750df67d0c33d1501e8060e5a3b5ce81e437358a154f973070c11cf1d50adae5,左壁追従（超音波のみ）,,148.3951971357938,130.095380746099,152.80538897884884,156.77044902513904,179.65188678933126
98.35,334.944762616517,329.3627901668081,-135.79063430025667,20.629275565862347,8.265049404813208,24.556229414661164,25.828279390041274,405,462,375,435,24.556229414661164,NEUTRAL,program,sensor_drive.py,function,750df67d0c33d1501e8060e5a3b5ce81e437358a154f973070c11cf1d50adae5,左壁追従（超音波のみ）,,147.2741762159206,129.13141022569667,152.34650001519293,156.24135906032186,178.49393042847436
98.4,334.23641012725494,328.62881129323796,-136.25763205530183,20.251204856727515,10.345049404813208,23.689562747994497,32.328279390041274,404,468,375,435,23.689562747994497,NEUTRAL,program,sensor_drive.py,function,750df67d0c33d1501e8060e5a3b5ce81e437358a154f973070c11cf1d50adae5,左壁追従（超音波のみ）,,146.1469534332505,128.11354697121115,152.01233896563014,155.81198756465713,177.23189917023615
98.45,333.549117045077,327.90381801527457,-136.81301584972994,19.802086364097118,12.425049404813208,22.82289608132783,38.828279390041274,403,475,375,435,22.82289608132783,NEUTRAL,program,sensor_drive.py,function,750df67d0c33d1501e8060e5a3b5ce81e437358a154f973070c11cf1d50adae5,左壁追従（超音波のみ）,,145.02497359261844,127.05297927424579,151.80629043885733,155.48946188961128,175.8838632955602
98.5,332.88582939119095,327.18937519183334,-137.4521459078841,19.297931461195198,14.505049404813208,21.956229414661163,45.328279390041274,402,482,375,435,21.956229414661163,NEUTRAL,program,sensor_drive.py,function,750df67d0c33d1501e8060e5a3b5ce81e437358a154f973070c11cf1d50adae5,左壁追従（超音波のみ）,,143.9194531793172,125.9612960907707,151.7316630207201,155.28068875964962,174.46849481408708
98.55,332.24602575015024,326.4842043973944,-138.1127440064667,18.876461978718016,14.916806054370836,21.784664144012154,46.61501891990886,402,483,375,435,21.784664144012154,NEUTRAL,program,sensor_drive.py,function,750df67d0c33d1501e8060e5a3b5ce81e437358a154f973070c11cf1d50adae5,左壁追従（超音波のみ）,,142.84131502048484,124.8502220144449,151.79199198684321,155.19252999449174,173.00449968668852
98.6,331.62630493410234,325.7853212971498,-138.75850420318926,18.553753818072455,14.866504093198483,21.805623294500634,46.45782529124526,402,483,375,435,21.805623294500634,NEUTRAL,program,sensor_drive.py,function,750df67d0c33d1501e8060e5a3b5ce81e437358a154f973070c11cf1d50adae5,左壁追従（超音波のみ）,,141.803756390712,123.75981222629179,151.91047792469178,155.17118647877274,171.57209640048626
98.65,331.02351920462786,325.09003708560897,-139.39333624168978,18.306017265951606,14.83660675597338,21.818080518344424,46.36439611241681,402,483,375,435,21.818080518344424,NEUTRAL,program,sensor_drive.py,function,750df67d0c33d1501e8060e5a3b5ce81e437358a154f973070c11cf1d50adae5,左壁追従（超音波のみ）,,140.80686469772712,122.70701781271416,152.03602648485966,155.1780860534972,170.20906456965488
98.7,330.43533256530696,324.39630283823504,-140.0203840628062,18.114818347367763,14.827187610792961,21.8220051621696,46.334961283728006,402,483,375,435,21.8220051621696,NEUTRAL,program,sensor_drive.py,function,750df67d0c33d1501e8060e5a3b5ce81e437358a154f973070c11cf1d50adae5,左壁追従（超音波のみ）,,139.84454492242898,121.68524375622319,152.169967993183,155.21284804175855,168.9051492656368
98.75,329.8600301151006,323.7025767686206,-140.6422290410714,17.96583588698165,14.838799006510717,21.817167080620536,46.37124689534599,402,483,375,435,21.817167080620536,NEUTRAL,program,sensor_drive.py,function,750df67d0c33d1501e8060e5a3b5ce81e437358a154f973070c11cf1d50adae5,左壁追従（超音波のみ）,,138.91228687361055,120.68948549595657,152.3137374085567,155.27565460237474,167.65255457301325
98.8,329.29637407622016,323.00771960885714,-141.26104465450732,17.847902789712933,14.872417362561954,21.80315943226585,46.47630425800611,402,483,375,435,21.80315943226585,NEUTRAL,program,sensor_drive.py,function,750df67d0c33d1501e8060e5a3b5ce81e437358a154f973070c11cf1d50adae5,左壁追従（超音波のみ）,,138.00679031040414,119.7159427165506,152.46890514352438,155.36714860178694,166.44531296271907
98.85,328.74349506514034,322.310912707853,-141.87871555689262,17.75226523850775,14.929418414615766,21.779408993910096,46.65443254567427,402,483,375,435,21.779408993910096,NEUTRAL,program,sensor_drive.py,function,750df67d0c33d1501e8060e5a3b5ce81e437358a154f973070c11cf1d50adae5,左壁追従（超音波のみ）,,137.12569121295337,118.76173591711378,152.6372103690033,155.48837120388276,165.27882708964287
98.9,328.2008100841054,321.61159438706153,-142.49693057065227,17.672008874008363,15.011576758712554,21.745176350536436,46.91117737097673,402,484,375,435,21.745176350536436,NEUTRAL,program,sensor_drive.py,function,750df67d0c33d1501e8060e5a3b5ce81e437358a154f973070c11cf1d50adae5,左壁追従（超音波のみ）,,136.2673623532116,117.82469803112532,152.8205976743323,154.46324258567742,164.149535244089
98.95,327.66796085331237,320.9094109467039,-143.11725669201485,17.60161273111962,15.121086612842156,21.699547244649104,47.253395665131734,402,484,375,435,21.699547244649104,NEUTRAL,program,sensor_drive.py,function,750df67d0c33d1501e8060e5a3b5ce81e437358a154f973070c11cf1d50adae5,左壁追従（超音波のみ）,,135.43076920036611,116.90322151395239,153.02125824450277,154.15397440311617,163.05466645078104
99.0,327.1447676953463,320.20417945379575,-143.7411994787791,17.53660062858227,15.260602713120734,21.641415536199695,47.68938347850229,402,485,375,435,21.641415536199695,NEUTRAL,program,sensor_drive.py,function,750df67d0c33d1501e8060e5a3b5ce81e437358a154f973070c11cf1d50adae5,左壁追従（超音波のみ）,,134.61536768102263,115.9961469364954,153.24167700875182,152.22349204831744,161.99206121558552
99.05,326.63119537377435,319.49586006734614,-144.37025396859877,17.473266489512664,15.433301976276598,21.56945750988475,48.22906867586437,401,485,375,435,21.56945750988475,NEUTRAL,program,sensor_drive.py,function,750df67d0c33d1501e8060e5a3b5ce81e437358a154f973070c11cf1d50adae5,左壁追従（超音波のみ）,,133.8210342223143,115.10268309024244,153.48468755831863,150.33323801630524,160.96004083876775
99.1,326.12732818410075,318.78453617900004,-145.0059494167256,17.408455199983806,15.642968215798055,21.482096576750813,48.88427567436892,401,486,375,435,21.482096576750813,NEUTRAL,program,sensor_drive.py,function,750df67d0c33d1501e8060e5a3b5ce81e437358a154f973070c11cf1d50adae5,左壁追従（超音波のみ）,,133.0480213604188,114.22235146947914,153.7535370694885,148.48040564101618,159.95731308538657
99.15,325.6333522747512,318.07040108688113,-145.6498905576412,17.339384450886996,15.894103996885915,21.377456667964204,49.669074990268484,401,487,375,435,21.377456667964204,NEUTRAL,program,sensor_drive.py,function,750df67d0c33d1501e8060e5a3b5ce81e437358a154f973070c11cf1d50adae5,左壁追従（超音波のみ）,,132.29693434522858,113.35495010922288,154.05196404865828,146.6626761517576,158.98290549597104
99.2,325.1495436948228,317.35375029573817,-146.30379772807711,17.263495819681147,16.192075869575827,21.25330172101007,50.600237092424464,401,488,375,435,21.25330172101007,NEUTRAL,program,sensor_drive.py,function,750df67d0c33d1501e8060e5a3b5ce81e437358a154f973070c11cf1d50adae5,左壁追従（超音波のみ）,,131.5687258551955,112.50053336595512,154.38429249948774,144.8781286517187,158.03612017445468
99.25,324.6762610657477,316.63497886735826,-146.96954800687735,17.178325317879573,16.54330199565271,21.106957501811372,51.69781873641472,401,489,375,435,21.106957501811372,NEUTRAL,program,sensor_drive.py,function,750df67d0c33d1501e8060e5a3b5ce81e437358a154f973070c11cf1d50adae5,左壁追従（超音波のみ）,,130.86470733206818,111.65940550544101,154.75554718172953,143.1251762620444,157.1165058053622
99.3,324.2139420870947,315.91458355177525,-147.64921951802992,17.08138487282619,16.95549494896484,20.935210437931318,52.98592171551513,401,490,375,435,20.935210437931318,NEUTRAL,program,sensor_drive.py,function,750df67d0c33d1501e8060e5a3b5ce81e437358a154f973070c11cf1d50adae5,左壁追従（超音波のみ）,,130.18657669548224,110.83212703898413,155.1715961074778,141.40252299336674,156.22384414055256
99.35,323.7631033363776,315.19316973387953,-148.34514121622013,16.970046777558718,17.43797775892962,20.734175933779326,54.49368049665506,400,492,375,435,20.734175933779326,NEUTRAL,program,sensor_drive.py,function,750df67d0c33d1501e8060e5a3b5ce81e437358a154f973070c11cf1d50adae5,左壁追従（超音波のみ）,,129.5364634304996,110.0195337355784,155.63932848230485,139.7091376854567,155.3581494157474
99.4,323.32434302761334,314.4714635570842,-149.0599508650373,16.841423006121943,18.002098912056926,20.499125453309613,56.256559100177896,400,494,375,435,20.499125453309613,NEUTRAL,program,sensor_drive.py,function,750df67d0c33d1501e8060e5a3b5ce81e437358a154f973070c11cf1d50adae5,左壁追従（超音波のみ）,,128.91699339157947,109.22276923600793,156.16687921847725,138.04424278975966,154.51968023679598
99.45,322.89834656863775,313.7503299681277,-149.7966646008836,16.69223033575792,18.661783344819423,20.224256939658574,58.3180729525607,400,496,375,435,20.224256939658574,NEUTRAL,program,sensor_drive.py,function,750df67d0c33d1501e8060e5a3b5ce81e437358a154f973070c11cf1d50adae5,左壁追従（超音波のみ）,,127.21647420311598,108.44333332000673,156.7639153498885,136.40731700420028,153.70896453205424
99.5,322.48588627774586,313.0308028553873,-150.55801212631002,16.518630188303852,19.4342736149105,19.90238599378729,60.73210504659531,399,498,375,435,19.90238599378729,NEUTRAL,program,sensor_drive.py,function,750df67d0c33d1501e8060e5a3b5ce81e437358a154f973070c11cf1d50adae5,左壁追従（超音波のみ）,,126.23785576664115,107.68314927460277,157.44200584332216,134.79811193098124,152.92683932453602
99.55,322.0878364370118,312.3141127105366,-151.34779433464584,16.316140375971504,20.33965318614778,19.52514450577176,63.56141620671181,399,501,375,435,19.52514450577176,NEUTRAL,program,sensor_drive.py,function,750df67d0c33d1501e8060e5a3b5ce81e437358a154f973070c11cf1d50adae5,左壁追従（超音波のみ）,,125.18518225270954,106.94466868005118,158.21345910330487,133.21736280224312,152.17481924514573
99.6,321.7051866367137,311.6017291182008,-152.1704970621241,16.079304010146807,21.404343836253446,19.081523401561064,66.88857448829202,398,505,375,435,19.081523401561064,NEUTRAL,program,sensor_drive.py,function,750df67d0c33d1501e8060e5a3b5ce81e437358a154f973070c11cf1d50adae5,左壁追従（超音波のみ）,,123.2993610097916,106.23090283295461,159.09453511997185,131.6655787732594,151.45455460087464
99.65,321.3377799864602,310.893456542743,-152.9946915789854,15.878551193617016,21.634508837905607,18.985621317539334,67.60784011845502,398,505,375,435,18.985621317539334,NEUTRAL,program,sensor_drive.py,function,750df67d0c33d1501e8060e5a3b5ce81e437358a154f973070c11cf1d50adae5,左壁追従（超音波のみ）,,121.43127416441655,105.5456304718116,159.05907611079644,130.14365942128612,150.76821409039428
99.7,320.9849804518414,310.1885952620917,-153.8272382494774,15.689911626842415,22.075515744483873,18.801868439798387,68.9859867015121,398,507,375,435,18.801868439798387,NEUTRAL,program,sensor_drive.py,function,750df67d0c33d1501e8060e5a3b5ce81e437358a154f973070c11cf1d50adae5,左壁追従（超音波のみ）,,119.62204402337625,104.8887540778435,159.23444912644794,128.67842998129035,150.12873721871753
99.75,320.6483339836414,309.49013532169226,-154.71710098866552,15.38753395505399,24.155515744483875,17.93520177313172,75.4859867015121,397,514,375,435,17.93520177313172,NEUTRAL,program,sensor_drive.py,function,750df67d0c33d1501e8060e5a3b5ce81e437358a154f973070c11cf1d50adae5,左壁追従（超音波のみ）,,117.86108713780615,104.26008125661042,162.33347574215162,127.26266396223613,149.53336651888654
99.8,320.33044432479636,308.8024822391823,-155.67349830739556,14.997050269213238,26.235515744483873,17.068535106465053,81.9859867015121,396,521,375,435,17.068535106465053,NEUTRAL,program,sensor_drive.py,function,750df67d0c33d1501e8060e5a3b5ce81e437358a154f973070c11cf1d50adae5,左壁追従（超音波のみ）,,116.09800506257027,103.66980784542162,163.7057541985389,125.86693416008366,148.97285756364647
99.85,320.033159834201,308.12920505379594,-156.69013992300776,14.53831619612325,28.315515744483875,16.201868439798385,88.4859867015121,395,527,375,435,16.201868439798385,NEUTRAL,program,sensor_drive.py,function,750df67d0c33d1501e8060e5a3b5ce81e437358a154f973070c11cf1d50adae5,左壁追従（超音波のみ）,,114.33584505282367,103.12907503964192,165.3458279641811,124.49748671833545,148.45471815548325
99.9,319.75608044504344,307.4699931017629,-157.7139668723647,14.1465681636282,28.8,16.0,90.0,395,529,375,435,16.0,NEUTRAL,program,sensor_drive.py,function,750df67d0c33d1501e8060e5a3b5ce81e437358a154f973070c11cf1d50adae5,左壁追従（超音波のみ）,,112.59361290353176,102.64663800347715,167.26709279708882,123.169994584515,147.99001209300036
99.95,319.49696381352175,306.8217035971576,-158.7135667834099,13.843104714401717,28.8,16.0,90.0,395,529,375,435,16.0,NEUTRAL,program,sensor_drive.py,function,750df67d0c33d1501e8060e5a3b5ce81e437358a154f973070c11cf1d50adae5,左壁追従（超音波のみ）,,110.92642095159628,102.21537592011542,169.34067216937245,121.91815094118482,147.59134806290862
100.0,319.2537430698026,306.1812863595799,-159.69439947675195,13.608029979169709,28.8,16.0,90.0,395,529,375,435,16.0,NEUTRAL,program,sensor_drive.py,function,750df67d0c33d1501e8060e5a3b5ce81e437358a154f973070c11cf1d50adae5,左壁追従（超音波のみ）,,109.35558829487464,101.82388587660482,171.47546087688994,120.7515894482444,147.25883513899134
100.05,319.0248819305658,305.5463808648572,-160.66069434438927,13.425931834285194,28.8,16.0,90.0,395,529,375,435,16.0,NEUTRAL,program,sensor_drive.py,function,750df67d0c33d1501e8060e5a3b5ce81e437358a154f973070c11cf1d50adae5,左壁追従（超音波のみ）,,107.8668441776371,101.46812367218025,173.68272086680855,119.65908920828336,146.98699740418056
100.1,318.8092405081169,304.9151704767149,-161.6157276398765,13.28487144199057,28.8,16.0,90.0,395,529,375,435,16.0,NEUTRAL,program,sensor_drive.py,function,750df67d0c33d1501e8060e5a3b5ce81e437358a154f973070c11cf1d50adae5,左壁追従（超音波のみ）,,106.44927880421429,101.14514611560632,175.97317421953176,118.63216391971079,146.77195527371413
100.15,318.60597532995695,304.2862666292354,-162.5620372782042,13.175600508522619,28.8,16.0,90.0,395,529,375,435,16.0,NEUTRAL,program,sensor_drive.py,function,750df67d0c33d1501e8060e5a3b5ce81e437358a154f973070c11cf1d50adae5,左壁追従（超音波のみ）,,105.09447782471726,100.85282659783273,178.3572004053278,117.66435259090217,146.61099545178337
100.2,318.4144646385363,303.6586171553615,-163.50158922824278,13.090954941423822,28.8,16.0,90.0,395,529,375,435,16.0,NEUTRAL,program,sensor_drive.py,function,750df67d0c33d1501e8060e5a3b5ce81e437358a154f973070c11cf1d50adae5,左壁追従（超音波のみ）,,103.7958902597171,100.58964813767636,180.84502651258327,116.75070258880295,146.5022633979244
100.25,318.234252458047,303.0314339336089,-164.4359064068801,13.02538515262378,28.8,16.0,90.0,395,529,375,435,16.0,NEUTRAL,program,sensor_drive.py,function,750df67d0c33d1501e8060e5a3b5ce81e437358a154f973070c11cf1d50adae5,左壁追従（超音波のみ）,,102.54836396922155,100.3545521983088,183.44690851198368,115.88739071512278,146.4445425281238
100.3,318.06500664550776,302.40413590522076,-165.3661685254952,12.974592212713956,28.8,16.0,90.0,395,529,375,435,16.0,NEUTRAL,program,sensor_drive.py,function,750df67d0c33d1501e8060e5a3b5ce81e437358a154f973070c11cf1d50adae5,左壁追従（超音波のみ）,,101.34780247689667,100.14682795430485,186.17330431276818,115.07144418475403,146.43709530688594
100.35,317.90648739354623,301.7763042709603,-166.29328943496796,12.935246001724156,28.8,16.0,90.0,395,529,375,435,16.0,NEUTRAL,program,sensor_drive.py,function,750df67d0c33d1501e8060e5a3b5ce81e437358a154f973070c11cf1d50adae5,左壁追従（超音波のみ）,,100.19091034816199,99.96603108146276,189.03504091563389,114.30053441468924,146.47954879213827
100.4,317.7585235629203,301.14764730964106,-167.21797704016862,12.904766877617494,28.8,16.0,90.0,395,529,375,435,16.0,NEUTRAL,program,sensor_drive.py,function,750df67d0c33d1501e8060e5a3b5ce81e437358a154f973070c11cf1d50adae5,左壁追従（超音波のみ）,,99.07500357603043,99.81192420684393,192.0434788531217,113.57282417745688,146.57181228198272
100.45,317.6209948909383,300.517972779981,-168.14077971208005,12.881156548110793,28.8,16.0,90.0,395,529,375,435,16.0,NEUTRAL,program,sensor_drive.py,function,750df67d0c33d1501e8060e5a3b5ce81e437358a154f973070c11cf1d50adae5,左壁追従（超音波のみ）,,97.99786792287614,99.68443332161998,195.21067763992448,112.8868540452852,146.71401825006055
100.5,317.4938186151489,299.8871662884231,-169.06212224045512,12.862867057328046,28.8,16.0,90.0,395,529,375,435,16.0,NEUTRAL,program,sensor_drive.py,function,750df67d0c33d1501e8060e5a3b5ce81e437358a154f973070c11cf1d50adae5,左壁追従（超音波のみ）,,96.95765278076061,99.58361600473286,198.54956632957055,112.24145787064843,146.90648024317005
100.55,317.3769394176402,299.25517434383556,-169.98233368416064,12.84869929770414,28.8,16.0,90.0,395,529,375,435,16.0,NEUTRAL,program,sensor_drive.py,function,750df67d0c33d1501e8060e5a3b5ce81e437358a154f973070c11cf1d50adae5,左壁追従（超音波のみ）,,95.9527914260038,99.50963841833182,202.07412361922326,111.6356997912547,147.14966317914457
100.6,317.2703218679966,298.62199109003257,-170.9016689451499,12.837724393309855,28.8,16.0,90.0,395,529,375,435,16.0,NEUTRAL,program,sensor_drive.py,function,750df67d0c33d1501e8060e5a3b5ce81e437358a154f973070c11cf1d50adae5,左壁追従（超音波のみ）,,94.98194094284857,99.46275884349339,205.79957234957166,111.06882723272405,147.4441627445991
100.65,317.1739447468613,297.9876479216091,-171.8203254805115,12.829222800280252,28.8,16.0,90.0,395,529,375,435,16.0,NEUTRAL,program,sensor_drive.py,function,750df67d0c33d1501e8060e5a3b5ce81e437358a154f973070c11cf1d50adae5,左壁追従（超音波のみ）,,94.04393684060774,99.44331611436124,209.74259377951228,110.54023582887248,147.79069150017887
100.7,317.0877967849251,297.35220535845684,-172.73845624828033,12.82263713160886,28.8,16.0,90.0,395,529,375,435,16.0,NEUTRAL,program,sensor_drive.py,function,750df67d0c33d1501e8060e5a3b5ce81e437358a154f973070c11cf1d50adae5,左壁追従（超音波のみ）,,93.13775867177881,99.45172174164226,213.9215677349495,110.04944323947683,148.1900699580441
100.75,317.0118734669966,296.7157466884761,-173.65617973577207,12.81753561337594,28.8,16.0,90.0,395,529,375,435,16.0,NEUTRAL,program,sensor_drive.py,function,750df67d0c33d1501e8060e5a3b5ce81e437358a154f973070c11cf1d50adae5,左壁追従（超音波のみ）,,92.26250390393886,99.48845483550416,218.35684569901701,109.59606962541476,148.6432213740065
100.8,316.94617463722284,296.07837299371386,-174.57358772792645,12.81358377650418,28.8,16.0,90.0,395,529,375,435,16.0,NEUTRAL,program,sensor_drive.py,function,750df67d0c33d1501e8060e5a3b5ce81e437358a154f973070c11cf1d50adae5,左壁追従（超音波のみ）,,91.41736799732129,99.55405917413401,223.07106519928917,109.17982311711224,149.15116934532014
100.85,316.89002644305094,295.43552073769075,-175.43338820033563,12.966772564637822,26.72,16.866666666666667,83.5,396,522,375,435,16.866666666666667,NEUTRAL,program,sensor_drive.py,function,750df67d0c33d1501e8060e5a3b5ce81e437358a154f973070c11cf1d50adae5,左壁追従（超音波のみ）,,90.60162915851772,99.64914193972805,228.08951554716862,108.8004890388425,148.81798367975932
100.9,316.8423594645522,294.7806171852695,-176.23130436780497,13.241688667581522,24.64,17.733333333333334,77.0,397,515,375,435,17.733333333333334,NEUTRAL,program,sensor_drive.py,function,750df67d0c33d1501e8060e5a3b5ce81e437358a154f973070c11cf1d50adae5,左壁追従（超音波のみ）,,89.81827222808987,99.71623691361252,233.0050956146259,108.44127067539952,148.47447452641632
100.95,316.8025134894842,294.10856732495677,-176.97309558932648,13.610899541023663,22.56,18.6,70.5,398,509,375,435,18.6,NEUTRAL,program,sensor_drive.py,function,750df67d0c33d1501e8060e5a3b5ce81e437358a154f973070c11cf1d50adae5,左壁追従（超音波のみ）,,89.05563447159592,99.73781783830339,237.72791135928207,106.78942035646169,146.5088988697163
101.0,316.77009199245316,293.41542811002006,-177.66141832737821,14.053154856111695,20.48,19.46666666666667,64.0,399,502,375,435,19.46666666666667,NEUTRAL,program,sensor_drive.py,function,750df67d0c33d1501e8060e5a3b5ce81e437358a154f973070c11cf1d50adae5,左壁追従（超音波のみ）,,88.30269015219204,99.70749018650321,242.24250778101728,106.31166596557826,144.68088010834512
101.05,316.74484077492946,292.69815333955665,-178.29667474541924,14.551993271483617,18.4,20.333333333333336,57.5,400,495,375,435,20.333333333333336,NEUTRAL,program,sensor_drive.py,function,750df67d0c33d1501e8060e5a3b5ce81e437358a154f973070c11cf1d50adae5,左壁追従（超音波のみ）,,87.55083811435725,99.61795069540648,246.51491594964125,105.00855081167406,142.97077777249268
101.1,316.7265588144736,291.9543927819198,-178.87762074910103,15.094663184031711,16.32,21.2,51.0,401,488,375,435,21.2,NEUTRAL,program,sensor_drive.py,function,750df67d0c33d1501e8060e5a3b5ce81e437358a154f973070c11cf1d50adae5,左壁追従（超音波のみ）,,86.79313198807745,99.46111285181846,250.0,103.35529956853118,141.36519327952965
101.15,316.7150310592783,291.182334254763,-179.40179996653313,15.671286699953702,14.24,22.066666666666666,44.5,402,481,375,435,22.066666666666666,NEUTRAL,program,sensor_drive.py,function,750df67d0c33d1501e8060e5a3b5ce81e437358a154f973070c11cf1d50adae5,左壁追従（超音波のみ）,,86.02377545654242,99.22826581115585,250.0,101.77332279542033,139.85501482784105
101.2,316.7099763673125,290.380579631013,-179.86585155072046,16.274212013814246,12.16,22.933333333333334,38.0,403,474,375,435,22.933333333333334,NEUTRAL,program,sensor_drive.py,function,750df67d0c33d1501e8060e5a3b5ce81e437358a154f973070c11cf1d50adae5,左壁追従（超音波のみ）,,85.23779743055893,98.9102553122905,250.0,100.2555162708029,138.43412194409825
101.25,316.71177735402546,289.5574877626903,179.60483028162037,16.58501166274951,14.24,22.066666666666666,44.5,402,481,375,435,22.066666666666666,NEUTRAL,program,sensor_drive.py,function,750df67d0c33d1501e8060e5a3b5ce81e437358a154f973070c11cf1d50adae5,前方回避：左旋回,,84.43085216270723,98.49768340000418,250.0,98.79682294116603,137.09853748479904
101.3,316.72193069364107,288.72575101881483,178.9857483665973,16.669519270544964,16.32,21.2,51.0,401,488,375,435,21.2,NEUTRAL,program,sensor_drive.py,function,750df67d0c33d1501e8060e5a3b5ce81e437358a154f973070c11cf1d50adae5,前方回避：左旋回,,83.60983312832153,98.13759385189627,250.0,97.26392487715509,135.6814019648666
101.35,316.74166014401897,287.89525628929863,178.28162510905508,16.57873215407744,18.4,20.333333333333336,57.5,400,495,375,435,20.333333333333336,NEUTRAL,program,sensor_drive.py,function,750df67d0c33d1501e8060e5a3b5ce81e437358a154f973070c11cf1d50adae5,前方回避：左旋回,,82.79107261598378,97.87668357172446,250.0,95.65323635969375,134.17005633553467
101.4,316.77185251868116,287.0737232307346,177.49783799526153,16.352154842781754,20.48,19.46666666666667,64.0,399,502,375,435,19.46666666666667,NEUTRAL,program,sensor_drive.py,function,750df67d0c33d1501e8060e5a3b5ce81e437358a154f973070c11cf1d50adae5,前方回避：左旋回,,81.98887270103353,97.72785691024912,250.0,93.99145213012267,132.59031033986204
101.45,316.81306846763823,286.2671946527132,176.64011735460565,16.02038910046515,22.56,18.6,70.5,398,509,375,435,18.6,NEUTRAL,program,sensor_drive.py,function,750df67d0c33d1501e8060e5a3b5ce81e437358a154f973070c11cf1d50adae5,前方回避：左旋回,,81.21545745978365,97.70195681094444,250.0,92.30272890952634,130.9662917135457
101.5,316.86556275419485,285.48041299141084,175.71435309195732,15.607140258174745,24.64,17.733333333333334,77.0,397,515,375,435,17.733333333333334,NEUTRAL,program,sensor_drive.py,function,750df67d0c33d1501e8060e5a3b5ce81e437358a154f973070c11cf1d50adae5,前方回避：左旋回,,80.48131668993028,97.80850899861778,250.0,90.60857518108446,129.320090811929
101.55,316.9293092992833,284.7171088475206,174.72647784690542,15.130771398626752,26.72,16.866666666666667,83.5,396,522,375,435,16.866666666666667,NEUTRAL,program,sensor_drive.py,function,750df67d0c33d1501e8060e5a3b5ce81e437358a154f973070c11cf1d50adae5,前方回避：左旋回,,79.79547202696547,98.05623953740142,250.0,88.92785678091236,127.67157914510422
101.6,317.00402790760506,283.9802217420578,173.68240355410728,14.605507288654076,28.8,16.0,90.0,395,529,375,435,16.0,NEUTRAL,program,sensor_drive.py,function,750df67d0c33d1501e8060e5a3b5ce81e437358a154f973070c11cf1d50adae5,前方回避：左旋回,,79.16568595469805,98.4534321040871,250.0,87.2768881909638,126.03835788742913
101.65,317.08976581495097,283.26738262604647,172.59414214709102,14.198617029239179,30.4,16.0,95.0,395,534,375,435,16.0,NEUTRAL,program,sensor_drive.py,function,750df67d0c33d1501e8060e5a3b5ce81e437358a154f973070c11cf1d50adae5,前方回避：左旋回,,78.59862678767674,99.00816871284403,250.0,85.6695820726533,124.43579857802597
101.7,317.186528205406,282.57369668220275,171.52393694233825,13.883423814885859,30.4,16.0,95.0,395,534,375,435,16.0,NEUTRAL,program,sensor_drive.py,function,750df67d0c33d1501e8060e5a3b5ce81e437358a154f973070c11cf1d50adae5,前方回避：左旋回,,78.09397355040382,99.71335242372398,250.0,84.11679474805284,122.879384276939
101.75,317.29397460111153,281.8953654120864,170.47453421009976,13.639262741781682,30.4,16.0,95.0,395,534,375,435,16.0,NEUTRAL,program,sensor_drive.py,function,750df67d0c33d1501e8060e5a3b5ce81e437358a154f973070c11cf1d50adae5,前方回避：左旋回,,77.63550533644231,100.4779506649669,250.0,82.6563248788007,121.42352221590379
101.8,317.41189227204154,281.22948323026776,169.4412458920715,13.45012596184912,30.4,16.0,95.0,395,534,375,435,16.0,NEUTRAL,program,sensor_drive.py,function,750df67d0c33d1501e8060e5a3b5ce81e437358a154f973070c11cf1d50adae5,前方回避：左旋回,,77.21683763642794,101.2927234514074,250.0,81.28012815264714,120.06173343714595
101.85,317.5401580809029,280.57383892584744,168.4204404337204,13.303613165732775,30.4,16.0,95.0,395,534,375,435,16.0,NEUTRAL,program,sensor_drive.py,function,750df67d0c33d1501e8060e5a3b5ce81e437358a154f973070c11cf1d50adae5,前方回避：左旋回,,76.83446883793086,102.1613214810184,250.0,79.97710653858375,118.78257669146996
101.9,317.67870410954333,279.9267599889262,167.40930468992985,13.190118585601489,30.4,16.0,95.0,395,534,375,435,16.0,NEUTRAL,program,sensor_drive.py,function,750df67d0c33d1501e8060e5a3b5ce81e437358a154f973070c11cf1d50adae5,前方回避：左旋回,,76.48585768790456,103.08764018181226,250.0,78.7387201934432,117.57730501694196
101.95,317.8274948140457,279.28699158364935,166.4056594877378,13.102201215510842,30.4,16.0,95.0,395,534,375,435,16.0,NEUTRAL,program,sensor_drive.py,function,750df67d0c33d1501e8060e5a3b5ce81e437358a154f973070c11cf1d50adae5,前方回避：左旋回,,76.169180488408,104.07580750279672,250.0,77.55833231159676,116.43917232722501
102.0,317.98651196357264,278.6536025250755,165.4078167539734,13.034096959301294,30.4,16.0,95.0,395,534,375,435,16.0,NEUTRAL,program,sensor_drive.py,function,750df67d0c33d1501e8060e5a3b5ce81e437358a154f973070c11cf1d50adae5,前方回避：左旋回,,75.8831538085485,105.1301938538734,250.0,76.43073039955439,115.36292760386695
102.05,318.15574483852276,278.0259122748922,164.4144688406982,12.981340721153206,30.4,16.0,95.0,395,534,375,435,16.0,NEUTRAL,program,sensor_drive.py,function,750df67d0c33d1501e8060e5a3b5ce81e437358a154f973070c11cf1d50adae5,前方回避：左旋回,,75.62690467008116,106.25543738592198,250.0,75.35177443509758,114.34444392788892
102.1,318.33518397701397,277.40343428152977,163.42460279233637,12.940473662052316,30.4,16.0,95.0,395,534,375,435,16.0,NEUTRAL,program,sensor_drive.py,function,750df67d0c33d1501e8060e5a3b5ce81e437358a154f973070c11cf1d50adae5,前方回避：左旋回,,75.39987536325584,107.45648049718004,250.0,74.31813702880302,113.38044519133649
102.15,318.5248173053861,276.7858320204867,162.43743393361888,12.908816429122489,30.4,16.0,95.0,395,534,375,435,16.0,NEUTRAL,program,sensor_drive.py,function,750df67d0c33d1501e8060e5a3b5ce81e437358a154f973070c11cf1d50adae5,前方回避：左旋回,,75.20175366696652,108.73861525179866,250.0,73.3271107395445,112.46830402427732
102.2,318.72462785855447,276.1728848975867,161.45235442418902,12.88429349013881,30.4,16.0,95.0,395,534,375,435,16.0,NEUTRAL,program,sensor_drive.py,function,750df67d0c33d1501e8060e5a3b5ce81e437358a154f973070c11cf1d50adae5,前方回避：左旋回,,75.03242179641741,110.1075366247518,250.0,72.37646467307593,111.60589191460977
102.25,318.9345925482641,275.5644618082233,160.4688934069759,12.865297056125446,30.4,16.0,95.0,395,534,375,435,16.0,NEUTRAL,program,sensor_drive.py,function,750df67d0c33d1501e8060e5a3b5ce81e437358a154f973070c11cf1d50adae5,前方回避：左旋回,,74.89191921769226,111.56940335587015,250.0,71.4643374103584,110.79146774382839
102.3,319.1546816100321,274.96050063717786,159.48668613755433,12.850581670442503,30.4,16.0,95.0,395,534,375,435,16.0,NEUTRAL,program,sensor_drive.py,function,750df67d0c33d1501e8060e5a3b5ce81e437358a154f973070c11cf1d50adae5,前方回避：左旋回,,74.7804157747206,113.13090684512274,250.0,70.58915681699501,110.0235946999845
102.35,319.384858478297,274.3609923663937,158.50545007053267,12.83918255334266,30.4,16.0,95.0,395,534,375,435,16.0,NEUTRAL,program,sensor_drive.py,function,750df67d0c33d1501e8060e5a3b5ce81e437358a154f973070c11cf1d50adae5,前方回避：左旋回,,74.69819252090194,114.79934904687082,250.0,69.74957980612795,109.30107821687061
102.4,319.6250799210583,273.76596875593253,157.52496633512652,12.83035234844993,30.4,16.0,95.0,395,534,375,435,16.0,NEUTRAL,program,sensor_drive.py,function,750df67d0c33d1501e8060e5a3b5ce81e437358a154f973070c11cf1d50adae5,前方回避：左旋回,,74.64562833853512,116.5827307900617,250.0,68.94444695432861,108.62291953538774
102.45,319.87529632160425,273.17549279491334,156.54506538540932,12.823512124091794,30.4,16.0,95.0,395,534,375,435,16.0,NEUTRAL,program,sensor_drive.py,function,750df67d0c33d1501e8060e5a3b5ce81e437358a154f973070c11cf1d50adae5,前方回避：左旋回,,74.62319093624482,118.48985241509435,250.0,68.17274820254774,107.98828090184521
102.5,320.13545203364026,272.58965129920193,155.56561588443128,12.818213417001978,30.4,16.0,95.0,395,534,375,435,16.0,NEUTRAL,program,sensor_drive.py,function,750df67d0c33d1501e8060e5a3b5ce81e437358a154f973070c11cf1d50adae5,前方回避：左旋回,,74.63143118857099,120.43843000248651,250.0,67.43359685087853,107.39645945692871
102.55,320.4054857626255,272.00854917240326,154.5865160934202,12.814108829878274,30.4,16.0,95.0,395,534,375,435,16.0,NEUTRAL,program,sensor_drive.py,function,750df67d0c33d1501e8060e5a3b5ce81e437358a154f973070c11cf1d50adae5,前方回避：左旋回,,74.67098005898428,120.26540718787086,250.0,66.72620977469954,106.84686763295012
102.6,320.68533094414727,271.4323049552529,153.60768720151776,12.810929255093233,30.4,16.0,95.0,395,534,375,435,16.0,NEUTRAL,program,sensor_drive.py,function,750df67d0c33d1501e8060e5a3b5ce81e437358a154f973070c11cf1d50adae5,前方回避：左旋回,,74.74254755383721,125.05620227022077,250.0,66.04989232053948,106.3390184404129
102.65,320.9749161022787,270.86104737275826,152.62906815873038,12.80846623128378,30.4,16.0,95.0,395,534,375,435,16.0,NEUTRAL,program,sensor_drive.py,function,750df67d0c33d1501e8060e5a3b5ce81e437358a154f973070c11cf1d50adae5,前方回避：左旋回,,74.84692330904504,127.56671173637301,250.0,65.40402673302995,105.87251444159575
102.7,321.2741651789097,270.29491265382154,151.6506116733292,12.806558276070877,30.4,16.0,95.0,395,534,375,435,16.0,NEUTRAL,program,sensor_drive.py,function,750df67d0c33d1501e8060e5a3b5ce81e437358a154f973070c11cf1d50adae5,前方回避：左旋回,,74.98497852741048,130.26169413943717,250.0,64.78806325598394,105.44703951767569
102.75,321.582997830255,269.7340424487977,150.67228111127946,12.805080298846104,30.4,16.0,95.0,395,534,375,435,16.0,NEUTRAL,program,sensor_drive.py,function,750df67d0c33d1501e8060e5a3b5ce81e437358a154f973070c11cf1d50adae5,前方回避：左旋回,,75.15766907260752,133.15793530957774,250.0,64.20151326753287,105.06235276523226
102.8,321.9013296900354,269.17858220977854,149.69404809441528,12.803935399499318,30.4,16.0,95.0,395,534,375,435,16.0,NEUTRAL,program,sensor_drive.py,function,750df67d0c33d1501e8060e5a3b5ce81e437358a154f973070c11cf1d50adae5,前方回避：左旋回,,75.36603959342885,136.27436223761438,250.0,63.643943970801466,103.37670076493032
102.85,322.2290726008004,268.628679928896,148.71589063989222,12.803048515390214,30.4,16.0,95.0,395,534,375,435,16.0,NEUTRAL,program,sensor_drive.py,function,750df67d0c33d1501e8060e5a3b5ce81e437358a154f973070c11cf1d50adae5,前方回避：左旋回,,75.6112286045726,139.63239824926768,250.0,63.11497428212795,103.01304538678204
102.9,322.5661348159574,268.0844851535808,147.73779171893364,12.80236150004237,30.4,16.0,95.0,395,534,375,435,16.0,NEUTRAL,program,sensor_drive.py,function,750df67d0c33d1501e8060e5a3b5ce81e437358a154f973070c11cf1d50adae5,前方回避：左旋回,,75.89447449218764,143.25639021014095,250.0,62.61427164888043,100.94205100947354
102.95,322.91242117559284,267.54614821603485,146.75973814037837,12.801829310905894,30.4,16.0,95.0,395,534,375,435,16.0,NEUTRAL,program,sensor_drive.py,function,750df67d0c33d1501e8060e5a3b5ce81e437358a154f973070c11cf1d50adae5,前方回避：左旋回,,76.21712244679732,147.17412563753246,250.0,62.14154959630401,98.95149536455922
103.0,323.26783325931524,267.0138196283724,145.781719685834,12.80141705624831,30.4,16.0,95.0,395,534,375,435,16.0,NEUTRAL,program,sensor_drive.py,function,750df67d0c33d1501e8060e5a3b5ce81e437358a154f973070c11cf1d50adae5,前方回避：左旋回,,76.58063235551337,151.41746280511876,250.0,61.696565853339976,97.037547334675
103.05,323.63226951927544,266.487649605877,144.80372843973123,12.801097707559936,30.4,16.0,95.0,395,534,375,435,16.0,NEUTRAL,program,sensor_drive.py,function,750df67d0c33d1501e8060e5a3b5ce81e437358a154f973070c11cf1d50adae5,前方回避：左旋回,,76.98658771153983,156.0231039171142,250.0,61.27912094528699,95.19664629785304
103.1,324.00562539630454,265.96778768933757,143.82575827035862,12.800850327493055,30.4,16.0,95.0,395,534,375,435,16.0,NEUTRAL,program,sensor_drive.py,function,750df67d0c33d1501e8060e5a3b5ce81e437358a154f973070c11cf1d50adae5,前方回避：左旋回,,77.43670562339443,161.0335509017203,250.0,60.889057169731636,93.42547858430237
103.15,324.38779342183443,265.4543824440169,142.84780442785097,12.800658697153807,30.4,16.0,95.0,395,534,375,435,16.0,NEUTRAL,program,sensor_drive.py,function,750df67d0c33d1501e8060e5a3b5ce81e437358a154f973070c11cf1d50adae5,前方回避：左旋回,,77.93284803029977,166.49829634823516,250.0,60.52625789373934,91.72095667702547
103.2,324.7786633079611,264.9475812179025,141.86986323277574,12.800510252748476,30.4,16.0,95.0,395,534,375,435,16.0,NEUTRAL,program,sensor_drive.py,function,750df67d0c33d1501e8060e5a3b5ce81e437358a154f973070c11cf1d50adae5,前方回避：左旋回,,78.47703425494556,172.4753200865973,243.2417752198745,60.19064712664733,90.08020074202706
103.25,325.17812202770756,264.4475299458421,140.89193183489954,12.800395261867799,30.4,16.0,95.0,395,534,375,435,16.0,NEUTRAL,program,sensor_drive.py,function,750df67d0c33d1501e8060e5a3b5ce81e437358a154f973070c11cf1d50adae5,前方回避：左旋回,,79.07145505130542,179.0329871177242,226.99775436979272,59.88218933526603,88.50052215278599
103.3,325.5860538872543,263.9543729892118,139.91400802631944,12.800306185404395,30.4,16.0,95.0,395,534,375,435,16.0,NEUTRAL,program,sensor_drive.py,function,750df67d0c33d1501e8060e5a3b5ce81e437358a154f973070c11cf1d50adae5,前方回避：左旋回,,79.71848833442849,186.2524784342361,214.4897910103817,59.60088947787567,86.97940873501881
103.35,326.0023405916425,263.4682530031282,138.9360900967069,12.800237183268871,30.4,16.0,95.0,395,534,375,435,16.0,NEUTRAL,program,sensor_drive.py,function,750df67d0c33d1501e8060e5a3b5ce81e437358a154f973070c11cf1d50adae5,前方回避：左旋回,,80.4207168121296,194.2309379395832,202.92947049934546,59.34679324083047,85.51451150584515
103.4,326.42686130522014,262.9893108250407,137.95817672117414,12.800183731498054,30.4,16.0,95.0,395,534,375,435,16.0,NEUTRAL,program,sensor_drive.py,function,750df67d0c33d1501e8060e5a3b5ce81e437358a154f973070c11cf1d50adae5,前方回避：左旋回,,81.18094777643034,203.08559435777602,192.7892274049316,59.11998746743111,84.10363271948371
103.45,326.85949270789155,262.51768537994593,136.9802668734108,12.800142325651965,30.4,16.0,95.0,395,534,375,435,16.0,NEUTRAL,program,sensor_drive.py,function,750df67d0c33d1501e8060e5a3b5ce81e437358a154f973070c11cf1d50adae5,前方回避：左旋回,,82.00223535671967,212.95922980316215,183.82465481799875,58.92060077340697,82.74471506191243
103.5,327.30010904805596,262.0535135985598,136.00235975839655,12.800110251053423,30.4,16.0,95.0,395,534,375,435,16.0,NEUTRAL,program,sensor_drive.py,function,750df67d0c33d1501e8060e5a3b5ce81e437358a154f973070c11cf1d50adae5,前方回避：左旋回,,82.88790558841623,224.02753791190628,175.84441312739267,58.74880434718302,81.43583186130367
103.55,327.74858219296397,261.5969303456207,135.0244547602773,12.800085404806604,30.4,16.0,95.0,395,534,375,435,16.0,NEUTRAL,program,sensor_drive.py,function,750df67d0c33d1501e8060e5a3b5ce81e437358a154f973070c11cf1d50adae5,前方回避：左旋回,,83.84158471221868,236.50917984547905,168.69656955616696,58.60481293634397,80.17517820082628
103.6,328.20478167709393,261.14806835614917,134.04655140198832,12.800066157925613,30.4,16.0,95.0,395,534,375,435,16.0,NEUTRAL,program,sensor_drive.py,function,750df67d0c33d1501e8060e5a3b5ce81e437358a154f973070c11cf1d50adae5,前方回避：左旋回,,84.8672311920037,250.0,162.25895094541713,58.4888860245228,78.96106283659819
103.65,328.66915619057573,260.7060880253046,133.1326169371772,12.836108949278385,28.32,16.200000000000003,88.5,395,527,375,435,16.200000000000003,NEUTRAL,program,sensor_drive.py,function,750df67d0c33d1501e8060e5a3b5ce81e437358a154f973070c11cf1d50adae5,左壁追従（超音波のみ）,,85.96917202675102,250.0,156.43219843595867,58.40132920549385,77.7919008369399
103.7,329.14487027286583,260.2670284323757,132.2878280786972,13.020279151037126,26.24,17.066666666666666,82.0,396,521,375,435,17.066666666666666,NEUTRAL,program,sensor_drive.py,function,750df67d0c33d1501e8060e5a3b5ce81e437358a154f973070c11cf1d50adae5,左壁追従（超音波のみ）,,87.02892676262995,250.0,151.54583440642443,58.31455354223748,76.70742029725784
103.75,329.636213471735,259.8263134607278,131.50325831427745,13.31919467672382,24.16,17.933333333333334,75.5,397,514,375,435,17.933333333333334,NEUTRAL,program,sensor_drive.py,function,750df67d0c33d1501e8060e5a3b5ce81e437358a154f973070c11cf1d50adae5,左壁追従（超音波のみ）,,88.01920950335543,250.0,147.48153481973827,58.21813047156395,75.69960202627051
103.8,330.146614659429,259.38052977425446,130.77395680596015,13.706996447888276,22.08,18.799999999999997,69.0,398,507,375,435,18.799999999999997,NEUTRAL,program,sensor_drive.py,function,750df67d0c33d1501e8060e5a3b5ce81e437358a154f973070c11cf1d50adae5,左壁追従（超音波のみ）,,88.93873052130499,250.0,144.07156637198702,58.10725015190953,74.75159211107243
103.85,330.6787873237355,258.92711527972347,130.09785367434915,14.163653004282097,20.0,19.666666666666668,62.5,399,500,375,435,19.666666666666668,NEUTRAL,program,sensor_drive.py,function,750df67d0c33d1501e8060e5a3b5ce81e437358a154f973070c11cf1d50adae5,左壁追従（超音波のみ）,,89.7818054486402,250.0,141.20538628886632,57.97728695540311,73.8517535756272
103.9,331.23485077926495,258.4641218234858,129.4749741488248,14.673647188151348,17.92,20.53333333333333,56.0,400,493,375,435,20.53333333333333,NEUTRAL,program,sensor_drive.py,function,750df67d0c33d1501e8060e5a3b5ce81e437358a154f973070c11cf1d50adae5,左壁追従（超音波のみ）,,90.53896229149868,250.0,138.80873911835346,57.82360557810642,72.99199617081767
103.95,331.81642889779783,257.990032700591,128.90687590038976,15.224958798183945,15.84,21.4,49.5,401,486,375,435,21.4,NEUTRAL,program,sensor_drive.py,function,750df67d0c33d1501e8060e5a3b5ce81e437358a154f973070c11cf1d50adae5,左壁追従（超音波のみ）,,91.19750553370926,250.0,136.83125528756634,57.64146187380864,72.16665275005263
104.0,332.4247291083186,257.5036210344493,128.396247930894,15.808276513204058,13.76,22.266666666666666,43.0,402,480,375,435,22.266666666666666,NEUTRAL,program,sensor_drive.py,function,750df67d0c33d1501e8060e5a3b5ce81e437358a154f973070c11cf1d50adae5,左壁追従（超音波のみ）,,91.74204990982578,250.0,135.23895765805054,57.425963022896944,71.37172008863153
104.05,333.0606046039493,257.00383887258783,127.9466266284274,16.416387417238948,11.68,23.133333333333333,36.5,403,473,375,435,23.133333333333333,NEUTRAL,program,sensor_drive.py,function,750df67d0c33d1501e8060e5a3b5ce81e437358a154f973070c11cf1d50adae5,左壁追従（超音波のみ）,,92.15504842149979,250.0,134.0097119519312,57.17206769223327,70.60434726829982
104.1,333.7238105298301,256.49040761815985,127.55109971853375,17.009226851654013,10.058961043907354,23.80876623170527,31.434253262210483,404,468,375,435,23.80876623170527,NEUTRAL,program,sensor_drive.py,function,750df67d0c33d1501e8060e5a3b5ce81e437358a154f973070c11cf1d50adae5,左壁追従（超音波のみ）,,92.41734126528867,250.0,133.13050762856366,56.87461550223273,69.86249489207736
104.15,334.4106933704012,255.9662132067248,127.14700259064267,17.459344581745267,10.180353624075645,23.75818598996848,31.81360507523639,404,468,375,435,23.75818598996848,NEUTRAL,program,sensor_drive.py,function,750df67d0c33d1501e8060e5a3b5ce81e437358a154f973070c11cf1d50adae5,左壁追従（超音波のみ）,,92.53694605622877,250.0,132.54713631484026,56.53519545899902,69.1399697678289
104.2,335.11663622983605,255.4354454268684,126.72882995337272,17.798757568594255,10.303701631023294,23.706790987073628,32.19906759694779,404,468,375,435,23.706790987073628,NEUTRAL,program,sensor_drive.py,function,750df67d0c33d1501e8060e5a3b5ce81e437358a154f973070c11cf1d50adae5,左壁追従（超音波のみ）,,92.66732185219945,250.0,131.9737928109295,56.190307939573024,68.40774788295913
104.25,335.83804839923545,254.90136043169784,126.29868057274666,18.052474685024617,10.426245830566328,23.655730903930696,32.58201822051978,404,469,375,435,23.655730903930696,NEUTRAL,program,sensor_drive.py,function,750df67d0c33d1501e8060e5a3b5ce81e437358a154f973070c11cf1d50adae5,左壁追従（超音波のみ）,,92.8300527277626,250.0,131.37978279671017,55.84766790795599,67.66776914325264
104.3,336.57213291057144,254.36647928643342,125.85825177069177,18.23993810338552,10.547063503610934,23.605390206828776,32.95957344878417,404,469,375,435,23.605390206828776,NEUTRAL,program,sensor_drive.py,function,750df67d0c33d1501e8060e5a3b5ce81e437358a154f973070c11cf1d50adae5,左壁追従（超音波のみ）,,93.02692850786043,250.0,130.76912350033527,55.509855335298376,66.92470606555571
104.35,337.316711192556,253.83275310200798,125.40892444510621,18.376261982483793,10.66544263590452,23.556065568373114,33.32950823720163,404,469,375,435,23.556065568373114,NEUTRAL,program,sensor_drive.py,function,750df67d0c33d1501e8060e5a3b5ce81e437358a154f973070c11cf1d50adae5,左壁追従（超音波のみ）,,93.2595276597401,250.0,130.14530064575257,55.17886105092486,66.18217901542016
104.4,338.07008671553444,253.30169145600152,124.9518294847469,18.473195631273704,10.780833621783222,23.507985990923657,33.69010506807257,404,470,375,435,23.507985990923657,NEUTRAL,program,sensor_drive.py,function,750df67d0c33d1501e8060e5a3b5ce81e437358a154f973070c11cf1d50adae5,左壁追従（超音波のみ）,,93.52929015521526,250.0,129.51134006681627,54.85622178119823,65.44299016760074
104.45,338.83093883149036,252.77446211104598,124.4878999193291,18.539872436177287,10.89281168698518,23.461328463756175,34.04003652182869,404,470,375,435,23.461328463756175,NEUTRAL,program,sensor_drive.py,function,750df67d0c33d1501e8060e5a3b5ce81e437358a154f973070c11cf1d50adae5,左壁追従（超音波のみ）,,93.83757560484406,250.0,128.86986936033273,54.54312521731117,64.70930580939117
104.5,339.5982400483878,252.25196834814238,124.01791202305276,18.583392197394204,11.001047765702513,23.416230097623952,34.37827426782035,404,471,375,435,23.416230097623952,NEUTRAL,program,sensor_drive.py,function,750df67d0c33d1501e8060e5a3b5ce81e437358a154f973070c11cf1d50adae5,左壁追従（超音波のみ）,,93.19345609377933,250.0,128.22317159138674,54.24049144458179,63.98279819412258
104.55,340.37119152247345,251.73490887621918,123.54251779773216,18.60927391967576,11.10528600142081,23.372797499407994,34.70401875444003,404,471,375,435,23.372797499407994,NEUTRAL,program,sensor_drive.py,function,750df67d0c33d1501e8060e5a3b5ce81e437358a154f973070c11cf1d50adae5,左壁追従（超音波のみ）,,92.4764764693662,250.0,127.57323215681933,53.949035851290496,63.26475579123585
104.6,341.1491727321448,251.22382420141227,123.06227069018564,18.6218078641886,11.205326410658145,23.331113995559107,35.0166450333067,404,471,375,435,23.331113995559107,NEUTRAL,program,sensor_drive.py,function,750df67d0c33d1501e8060e5a3b5ce81e437358a154f973070c11cf1d50adae5,左壁追従（超音波のみ）,,92.22596748055099,250.0,126.92177954350942,53.66931760177822,62.55616889155153
104.65,341.93170220284844,250.7191324879387,122.5776459775447,18.62432926298639,11.30101155449167,23.29124518562847,35.31566110778647,404,472,375,435,23.29124518562847,NEUTRAL,program,sensor_drive.py,function,750df67d0c33d1501e8060e5a3b5ce81e437358a154f973070c11cf1d50adae5,左壁追従（超音波のみ）,,95.48263519189466,250.0,126.27032058990588,53.40177690355947,61.85779602571837
104.7,342.7184068505573,250.22115727261954,122.08905693831474,18.61943111731156,11.392216311007598,23.253243203746834,35.600675971898745,404,472,375,435,23.253243203746834,NEUTRAL,program,sensor_drive.py,function,750df67d0c33d1501e8060e5a3b5ce81e437358a154f973070c11cf1d50adae5,左壁追従（超音波のみ）,,96.0038329376468,250.0,125.62017082302195,53.146763604090594,61.170215466362286
104.75,343.5089980510268,249.7301488701286,121.5968676864149,18.60912962807864,11.478840040647203,23.217149983063663,35.87137512702251,404,472,375,435,23.217149983063663,NEUTRAL,program,sensor_drive.py,function,750df67d0c33d1501e8060e5a3b5ce81e437358a154f973070c11cf1d50adae5,左壁追従（超音波のみ）,,96.57201451058641,250.0,124.97248043004727,52.9045590968746,60.493865148316154
104.8,344.3032529602526,249.24630089573034,121.1014033598268,18.59499279496754,11.560800594106102,23.182999752455792,36.12750185658157,403,472,375,435,23.182999752455792,NEUTRAL,program,sensor_drive.py,function,750df67d0c33d1501e8060e5a3b5ce81e437358a154f973070c11cf1d50adae5,左壁追従（超音波のみ）,,97.18884355805454,250.0,124.32825640642427,52.675393075690174,59.82907360558267
104.85,345.1009999363132,248.76976301229257,120.60295821091762,18.578240378077997,11.638029736551047,23.15082094310373,36.368842926722024,403,473,375,435,23.15082094310373,NEUTRAL,program,sensor_drive.py,function,750df67d0c33d1501e8060e5a3b5ce81e437358a154f973070c11cf1d50adae5,左壁追従（超音波のみ）,,97.8560941787848,250.0,123.68838139306975,52.459456328722396,59.17608394700566
104.9,345.90210716537877,248.30065075928349,120.10180203208517,18.559821594226367,11.710469659028629,23.120637642071404,36.595217684464465,403,473,375,435,23.120637642071404,NEUTRAL,program,sensor_drive.py,function,750df67d0c33d1501e8060e5a3b5ce81e437358a154f973070c11cf1d50adae5,左壁追従（超音波のみ）,,98.57566189038458,250.0,123.05362967536098,52.25691049284758,58.53507244164895
104.95,346.70647379138046,247.83905312786618,119.59818526090174,18.540475502991622,11.778070323579218,23.09247069850866,36.806469761185056,403,473,375,435,23.09247069850866,NEUTRAL,program,sensor_drive.py,function,750df67d0c33d1501e8060e5a3b5ce81e437358a154f973070c11cf1d50adae5,左壁追従（超音波のみ）,,99.34957431954969,250.0,122.42468076939024,52.06789547683442,57.90616293292471
105.0,347.5140230021844,247.3850383959178,119.09234303810945,18.52077793556439,11.840787447263098,23.066338563640375,37.002460772697184,403,473,375,435,23.066338563640375,NEUTRAL,program,sensor_drive.py,function,750df67d0c33d1501e8060e5a3b5ce81e437358a154f973070c11cf1d50adae5,左壁追従（超音波のみ）,,100.18000198735957,250.0,121.80213097086857,51.89253509811304,57.28943802631197
105.05,348.32469664475474,246.93865862025902,118.58449843560328,18.501177962347764,11.898580975717161,23.042257926784515,37.18306554911613,403,474,375,435,23.042257926784515,NEUTRAL,program,sensor_drive.py,function,750df67d0c33d1501e8060e5a3b5ce81e437358a154f973070c11cf1d50adae5,左壁追従（超音波のみ）,,101.069269491746,250.0,121.18650319233474,51.73094135079083,56.68494778222512
105.1,349.13845103518514,246.499953093087,118.07486502685629,18.482026228678762,11.95141393190522,23.020244195039492,37.34816853720381,403,474,375,435,23.020244195039492,NEUTRAL,program,sensor_drive.py,function,750df67d0c33d1501e8060e5a3b5ce81e437358a154f973070c11cf1d50adae5,左壁追従（超音波のみ）,,102.01986733946852,250.0,120.57825536728048,51.583217624607116,56.09271647992651
105.15,349.9552537024228,246.06895099970225,117.56364893669274,18.463596969652734,11.99925155271531,23.00031185303529,37.49766110223534,403,474,375,435,23.00031185303529,NEUTRAL,program,sensor_drive.py,function,750df67d0c33d1501e8060e5a3b5ce81e437358a154f973070c11cf1d50adae5,左壁追従（超音波のみ）,,103.03446464650533,250.0,119.97778765689877,51.449461119052586,55.512747889857785
105.2,350.77502437983316,245.6457143467163,117.04975647978847,18.44382267792353,12.072444400948646,22.969814832938063,37.72638875296452,403,474,375,435,22.969814832938063,NEUTRAL,program,sensor_drive.py,function,750df67d0c33d1501e8060e5a3b5ce81e437358a154f973070c11cf1d50adae5,左壁追従（超音波のみ）,,104.11592290542649,250.0,119.38544865706044,51.329764638863054,54.94502939217727
105.25,351.5971491512344,245.23068649777827,116.52167191402208,18.40262100880033,12.417008457263767,22.8262464761401,38.80315142894927,403,475,375,435,22.8262464761401,NEUTRAL,program,sensor_drive.py,function,750df67d0c33d1501e8060e5a3b5ce81e437358a154f973070c11cf1d50adae5,左壁追従（超音波のみ）,,105.2727202681158,250.0,118.79829348495385,51.22527861613476,54.38924907744372
105.3,352.4208421957416,244.82446607887528,115.98056185860446,18.345892570020155,12.747305773944758,22.688622594189685,39.83533054357737,403,476,375,435,22.688622594189685,NEUTRAL,program,sensor_drive.py,function,750df67d0c33d1501e8060e5a3b5ce81e437358a154f973070c11cf1d50adae5,左壁追従（超音波のみ）,,106.55940761816116,250.0,118.18808426698375,51.14598378633499,53.84298011457282
105.35,353.245524056226,244.42750190697456,115.42751532379071,18.27827066430645,13.062504888173772,22.557289629927595,40.820327775543035,403,477,375,435,22.557289629927595,NEUTRAL,program,sensor_drive.py,function,750df67d0c33d1501e8060e5a3b5ce81e437358a154f973070c11cf1d50adae5,左壁追従（超音波のみ）,,107.98247716223871,250.0,117.5588140651301,51.092471190420916,53.30734435658044
105.4,354.0707770996654,244.04012508110196,114.86355249387623,18.203395237784406,13.36192945172247,22.432529395115637,41.75602953663272,403,478,375,435,22.432529395115637,NEUTRAL,program,sensor_drive.py,function,750df67d0c33d1501e8060e5a3b5ce81e437358a154f973070c11cf1d50adae5,左壁追従（超音波のみ）,,109.54908235689838,250.0,116.91422997303606,51.06522233588596,52.783253896128535
105.45,354.896310665485,243.66257418363955,114.28963269959263,18.124127470399667,13.645026559171686,22.314572267011798,42.64070799741152,402,479,375,435,22.314572267011798,NEUTRAL,program,sensor_drive.py,function,750df67d0c33d1501e8060e5a3b5ce81e437358a154f973070c11cf1d50adae5,左壁追従（超音波のみ）,,111.26714856390623,250.0,116.25781271247342,51.06463856076703,52.27144936620352
105.5,355.72193379493586,243.29501507455146,113.70666159765153,18.04271788812838,13.911341694424358,22.203607627323183,43.47294279507612,402,480,375,435,22.203607627323183,NEUTRAL,program,sensor_drive.py,function,750df67d0c33d1501e8060e5a3b5ce81e437358a154f973070c11cf1d50adae5,左壁追従（超音波のみ）,,113.14548688191924,250.0,115.59276863909231,51.09106342640516,51.77253077771544
105.55,356.5475338952454,242.9375564448448,113.1154975918435,17.960938078157266,14.160498911225122,22.099792120322867,44.25155909757851,402,481,375,435,22.099792120322867,NEUTRAL,program,sensor_drive.py,function,750df67d0c33d1501e8060e5a3b5ce81e437358a154f973070c11cf1d50adae5,左壁追従（超音波のみ）,,115.19391540604667,250.0,114.92203052595863,51.144799696456715,51.286982390691534
105.6,357.3730600512235,242.5902620455047,112.51695754489191,17.880183898389753,14.392185155062805,22.003256185390498,44.975578609571265,402,482,375,435,22.003256185390498,NEUTRAL,program,sensor_drive.py,function,750df67d0c33d1501e8060e5a3b5ce81e437358a154f973070c11cf1d50adae5,左壁追従（超音波のみ）,,117.42339203770605,250.0,114.24826437718153,51.22612211213628,50.815192812921644
105.65,358.19850997696915,242.25316031081545,111.9118218406025,17.801556358875658,14.606137865935796,21.914109222526754,45.64418083104936,402,482,375,435,21.914109222526754,NEUTRAL,program,sensor_drive.py,function,750df67d0c33d1501e8060e5a3b5ce81e437358a154f973070c11cf1d50adae5,左壁追従（超音波のみ）,,119.84616303369276,250.0,113.57388022562701,51.335286897758614,50.357471278520805
105.7,359.0239198188674,241.92625193950207,111.30083886136856,17.72592501135963,14.802135185932178,21.832443672528257,46.256672456038054,402,483,375,435,21.832443672528257,NEUTRAL,program,sensor_drive.py,function,750df67d0c33d1501e8060e5a3b5ce81e437358a154f973070c11cf1d50adae5,左壁追従（超音波のみ）,,122.47593175349668,250.0,112.90104541333761,51.47253871309545,49.914060865894534
105.75,359.8493561918117,241.60951587479406,110.68472894741797,17.65397763304168,14.979988241990254,21.75833823250406,46.812463256219544,402,484,375,435,21.75833823250406,NEUTRAL,program,sensor_drive.py,function,750df67d0c33d1501e8060e5a3b5ce81e437358a154f973070c11cf1d50adae5,左壁追従（超音波のみ）,,125.32805255166373,250.0,112.231699268572,51.638115598416846,49.485149260117105
105.8,360.67490996409214,241.30291402839345,110.0641879022815,17.5862591684767,15.139535090236553,21.691860379068103,47.311047156989225,402,484,375,435,21.691860379068103,NEUTRAL,program,sensor_drive.py,function,750df67d0c33d1501e8060e5a3b5ce81e437358a154f973070c11cf1d50adae5,左壁追従（超音波のみ）,,128.41975549166781,250.0,111.56756840558019,51.8322523247569,49.070877541079945
105.85,361.5006914108401,241.00639501789325,109.43989010479055,17.523202249760814,15.280636000108093,21.633068333288293,47.75198750033779,402,485,375,435,21.633068333288293,NEUTRAL,program,sensor_drive.py,function,750df67d0c33d1501e8060e5a3b5ce81e437358a154f973070c11cf1d50adae5,左壁追従（超音波のみ）,,131.77040856776458,250.0,110.91018210515456,52.055182458075265,48.67134737987338
105.9,362.32682643769243,240.71989712806382,108.8124912823314,17.46515111100613,15.40316982900412,21.582012571248285,48.13490571563788,401,485,375,435,21.582012571248285,NEUTRAL,program,sensor_drive.py,function,750df67d0c33d1501e8060e5a3b5ce81e437358a154f973070c11cf1d50adae5,左壁追従（超音波のみ）,,135.40182546846557,250.0,110.26088740453324,52.30713936523573,48.286626946877554
105.95,363.1534536403758,240.44335066012428,108.18263099374087,17.41238031827657,15.507031295428744,21.538736960238023,48.459472798214826,401,485,375,435,21.538736960238023,NEUTRAL,program,sensor_drive.py,function,750df67d0c33d1501e8060e5a3b5ce81e437358a154f973070c11cf1d50adae5,左壁追従（超音波のみ）,,139.33862868042297,250.0,109.62086364950997,52.588356327044366,47.91675577207912
106.0,363.98072201608016,240.17667979689878,107.55093486363387,17.36510942692171,15.592129003648338,21.503279581813192,48.725403136401056,401,486,375,435,21.503279581813192,NEUTRAL,program,sensor_drive.py,function,750df67d0c33d1501e8060e5a3b5ce81e437358a154f973070c11cf1d50adae5,左壁追従（超音波のみ）,,143.60868002754532,250.0,108.99113635138441,52.89906587500212,47.56174874804198
106.05,364.80878918179855,239.91980408345148,106.91801660343094,17.323514436038522,15.658384108313074,21.475673288202884,48.932450338478354,401,486,375,435,21.475673288202884,NEUTRAL,program,sensor_drive.py,function,750df67d0c33d1501e8060e5a3b5ce81e437358a154f973070c11cf1d50adae5,左壁追従（超音波のみ）,,148.24359372276447,250.0,108.37259025572642,53.239498430807096,47.221599426210105
106.1,365.63781998560563,239.6726396006894,106.28447984813181,17.28773672008111,15.705729535270207,21.455946026970746,49.080404797719396,401,486,375,435,21.455946026970746,NEUTRAL,program,sensor_drive.py,function,750df67d0c33d1501e8060e5a3b5ce81e437358a154f973070c11cf1d50adae5,左壁追従（超音波のみ）,,153.27935089400967,250.0,107.7659815756186,53.60988029860201,46.89628272575435
106.15,366.4679854209701,239.43509989217284,105.65091983207208,17.25788996905051,15.73410969651035,21.444120959787355,49.16909280159484,401,486,375,435,21.444120959787355,NEUTRAL,program,sensor_drive.py,function,750df67d0c33d1501e8060e5a3b5ce81e437358a154f973070c11cf1d50adae5,左壁追従（超音波のみ）,,158.75703962861616,250.0,107.17194937417274,54.01043103764421,46.585757149331656
106.2,367.2994617730808,239.2070966909226,105.01792492157233,17.234065552327554,15.743480654056903,21.440216394142958,49.19837704392782,401,486,375,435,21.440216394142958,NEUTRAL,program,sensor_drive.py,function,750df67d0c33d1501e8060e5a3b5ce81e437358a154f973070c11cf1d50adae5,左壁追従（超音波のみ）,,164.72375127486166,250.0,106.59102610343008,54.441360226117155,46.289966580578984
106.25,368.13242994094065,238.98854048252733,104.38607801753597,17.216336630092062,15.73381070059475,21.444245541418855,49.16815843935859,401,486,375,435,21.444245541418855,NEUTRAL,program,sensor_drive.py,function,750df67d0c33d1501e8060e5a3b5ce81e437358a154f973070c11cf1d50adae5,左壁追従（超音波のみ）,,171.2336726247503,250.0,106.02364732201107,54.902863614173015,46.00884172284143
106.3,368.9670748905291,238.77934093269104,103.75595783667109,17.204761264948726,15.70508133445728,21.4562161106428,49.078379170179,401,486,375,435,21.4562161106428,NEUTRAL,program,sensor_drive.py,function,750df67d0c33d1501e8060e5a3b5ce81e437358a154f973070c11cf1d50adae5,左壁追従（超音波のみ）,,178.34942549840136,250.0,105.47016062406544,55.39511865529826,45.7423012266848
106.35,369.80358520334585,238.57940720100726,103.1281400760513,17.19938473058929,15.65728861379997,21.476129744250013,48.929026918124904,401,486,375,435,21.476129744250013,NEUTRAL,program,sensor_drive.py,function,750df67d0c33d1501e8060e5a3b5ce81e437358a154f973070c11cf1d50adae5,左壁追従（超音波のみ）,,186.14372132993952,250.0,104.93083381865459,55.91827939923751,45.490252544489174
106.4,370.6421526916714,238.38864815780678,102.50319846215302,17.200241170727928,15.5904448797742,21.503981300094082,48.720140249294374,401,486,375,435,21.503981300094082,NEUTRAL,program,sensor_drive.py,function,750df67d0c33d1501e8060e5a3b5ce81e437358a154f973070c11cf1d50adae5,左壁追従（超音波のみ）,,194.70142031489792,250.0,104.4058624027107,56.47247072673264,45.25259254332765
106.45,371.48297205734497,238.2069725170984,101.88170568226644,17.207354727550523,15.504580841550975,21.539757982687092,48.4518151298468,401,485,375,435,21.539757982687092,NEUTRAL,program,sensor_drive.py,function,750df67d0c33d1501e8060e5a3b5ce81e437358a154f973070c11cf1d50adae5,左壁追従（超音波のみ）,,204.1221150078481,250.0,103.89537637292585,57.057781906121264,45.02920790197927
106.5,372.3262405751012,238.0342888956613,101.26423419323123,17.220740232488705,15.399748017304118,21.583438326123286,48.12421255407537,401,485,375,435,21.583438326123286,NEUTRAL,program,sensor_drive.py,function,750df67d0c33d1501e8060e5a3b5ce81e437358a154f973070c11cf1d50adae5,左壁追従（超音波のみ）,,214.52340065464927,250.0,103.39944642286383,57.67425945440989,44.81997531398216
106.55,373.1714509055481,237.87074363233552,100.63816286463407,17.21593254486702,15.601779225178902,21.499258656175456,48.75556007868407,401,486,375,435,21.499258656175456,NEUTRAL,program,sensor_drive.py,function,750df67d0c33d1501e8060e5a3b5ce81e437358a154f973070c11cf1d50adae5,左壁追従（超音波のみ）,,226.04505458665588,250.0,102.91808957165411,57.41106361563921,44.6247615158436
106.6,374.0176087505321,237.71666919712385,100.00135923757102,17.192045797418697,15.87018267302933,21.38742388623778,49.59432085321666,401,487,375,435,21.38742388623778,NEUTRAL,program,sensor_drive.py,function,750df67d0c33d1501e8060e5a3b5ce81e437358a154f973070c11cf1d50adae5,左壁追従（超音波のみ）,,234.41001581804463,250.0,102.43681377073074,56.940794870568425,44.443454713621314
106.65,374.8647521166551,237.57206942899464,99.37168386501821,17.185344416668656,15.713071367415257,21.452886930243643,49.10334802317268,401,486,375,435,21.452886930243643,NEUTRAL,program,sensor_drive.py,function,750df67d0c33d1501e8060e5a3b5ce81e437358a154f973070c11cf1d50adae5,左壁追従（超音波のみ）,,250.0,250.0,101.95361160730447,57.63787103980488,44.27665285556498
106.7,375.7152672765974,237.4362267595386,98.77910465088786,17.25261629649896,14.748443695229385,21.85481512698776,46.08888654759183,402,483,375,435,21.85481512698776,NEUTRAL,program,sensor_drive.py,function,750df67d0c33d1501e8060e5a3b5ce81e437358a154f973070c11cf1d50adae5,左壁追従（超音波のみ）,,250.0,249.32358851267188,101.48720860581045,60.569880908686166,44.12468453772421
106.75,376.5654093534163,237.3098690859993,98.11793728251047,17.14847770657304,16.828443695229385,20.98814846032109,52.58888654759183,401,490,375,435,20.98814846032109,NEUTRAL,program,sensor_drive.py,function,750df67d0c33d1501e8060e5a3b5ce81e437358a154f973070c11cf1d50adae5,左壁追従（超音波のみ）,,250.0,242.62271734330167,101.06649826678398,61.34211535190774,43.98641861443115
106.8,377.40790136174303,237.1951760986433,97.37550604487001,16.911557818284354,18.908443695229384,20.121481793654425,59.08888654759183,400,497,375,435,20.121481793654425,NEUTRAL,program,sensor_drive.py,function,750df67d0c33d1501e8060e5a3b5ce81e437358a154f973070c11cf1d50adae5,左壁追従（超音波のみ）,,250.0,235.51877687012103,100.58762032703366,62.277893915779934,43.86363834855155
106.85,378.23703437852964,237.09378262079616,96.55718283984254,16.571780308638118,20.988443695229385,19.254815126987758,65.58888654759183,399,503,375,435,19.254815126987758,NEUTRAL,program,sensor_drive.py,function,750df67d0c33d1501e8060e5a3b5ce81e437358a154f973070c11cf1d50adae5,左壁追従（超音波のみ）,,250.0,227.98013790562047,100.04344002547947,63.41898235889098,43.76099065004354
106.9,379.04829994856317,237.00681745559075,95.6685653743474,16.152325235948133,23.068443695229384,18.38814846032109,72.08888654759183,397,510,375,435,18.38814846032109,NEUTRAL,program,sensor_drive.py,function,750df67d0c33d1501e8060e5a3b5ce81e437358a154f973070c11cf1d50adae5,左壁追従（超音波のみ）,,250.0,220.1779585703277,99.44549657629268,64.77955243652276,43.68272562643614
106.95,379.83811466067465,236.93497108211469,94.71534279574246,15.67114878599118,25.148443695229385,17.521481793654424,78.58888654759183,396,517,375,435,17.521481793654424,NEUTRAL,program,sensor_drive.py,function,750df67d0c33d1501e8060e5a3b5ce81e437358a154f973070c11cf1d50adae5,左壁追従（超音波のみ）,,250.0,212.26290135059466,98.80574950988513,66.375609286365,43.63270460962954
107.0,380.6036107952302,236.87855490564056,93.70321794061556,15.142160527211221,27.228443695229384,16.654815126987756,85.08888654759183,395,524,375,435,16.654815126987756,NEUTRAL,program,sensor_drive.py,function,750df67d0c33d1501e8060e5a3b5ce81e437358a154f973070c11cf1d50adae5,左壁追従（超音波のみ）,,250.0,204.36195980012974,98.13608998713087,68.22550744417337,43.614425892899526
107.05,381.3436298651721,236.83749939987152,92.63619370030403,14.614329756049544,29.308443695229386,16.0,91.58888654759183,395,531,375,435,16.0,NEUTRAL,program,sensor_drive.py,function,750df67d0c33d1501e8060e5a3b5ce81e437358a154f973070c11cf1d50adae5,左壁追従（超音波のみ）,,250.0,196.57813405325706,97.4479889329087,70.35045672161039,43.63104811418019
107.1,382.061513799977,236.811431686256,91.5114115396168,14.205451259827306,31.388443695229384,16.0,98.08888654759183,395,537,375,435,16.0,NEUTRAL,program,sensor_drive.py,function,750df67d0c33d1501e8060e5a3b5ce81e437358a154f973070c11cf1d50adae5,左壁追従（超音波のみ）,,250.0,188.98046734277773,96.75118751992389,72.7790191128637,43.68552127215705
107.15,382.76210837619175,236.79940291766715,90.46449786316566,13.88871787896545,29.56292352990248,16.0,92.38413603094526,395,532,375,435,16.0,NEUTRAL,program,sensor_drive.py,function,750df67d0c33d1501e8060e5a3b5ce81e437358a154f973070c11cf1d50adae5,左壁追従（超音波のみ）,,250.0,181.57835839021513,96.05068318763944,75.56274004536716,43.78140597083569
107.2,383.45211490741656,236.79959217686073,89.51460637793122,13.742302793114495,27.482923529902482,16.548781862540633,85.88413603094526,395,525,375,435,16.548781862540633,NEUTRAL,program,sensor_drive.py,function,750df67d0c33d1501e8060e5a3b5ce81e437358a154f973070c11cf1d50adae5,左壁追従（超音波のみ）,,250.0,172.2290364180629,95.43272940613112,78.37428048312741,43.903038949756365
107.25,384.14020577782935,236.81068713667725,88.64702554505709,13.777783047741273,25.500778581577624,17.37467559100932,79.68993306743008,396,518,375,435,17.37467559100932,NEUTRAL,program,sensor_drive.py,function,750df67d0c33d1501e8060e5a3b5ce81e437358a154f973070c11cf1d50adae5,左壁追従（超音波のみ）,,250.0,169.75868718209702,94.89837522851556,81.13017640919406,44.04213992171362
107.3,384.8338542370916,236.83197408634337,87.84552253914245,13.946369696117252,23.62242591870353,18.15732253387353,73.82008099594853,397,512,375,435,18.15732253387353,NEUTRAL,program,sensor_drive.py,function,750df67d0c33d1501e8060e5a3b5ce81e437358a154f973070c11cf1d50adae5,左壁追従（超音波のみ）,,250.0,165.1142650987144,94.42960587619996,83.83790541727082,44.1955974941513
107.35,385.53730429572954,236.86311736180696,87.08770216742425,14.172382951760712,22.352203156501417,18.686582018124408,69.85063486406693,398,508,375,435,18.686582018124408,NEUTRAL,program,sensor_drive.py,function,750df67d0c33d1501e8060e5a3b5ce81e437358a154f973070c11cf1d50adae5,左壁追従（超音波のみ）,,250.0,161.02093686714176,94.01045233996281,86.51991991312926,44.362331780757316
107.4,386.2518911918809,236.90408162770288,86.35121940300445,14.4089967303415,21.533049261247534,19.02789614114686,67.29077894139854,398,505,375,435,19.02789614114686,NEUTRAL,program,sensor_drive.py,function,750df67d0c33d1501e8060e5a3b5ce81e437358a154f973070c11cf1d50adae5,左壁追従（超音波のみ）,,250.0,157.32510861922907,93.62468772502716,89.23207983544368,44.544005280120594
107.45,386.9779227907987,236.95495512223255,85.6331148053277,14.652923433162554,20.72585830079681,19.364225708001328,64.76830718999003,399,503,375,435,19.364225708001328,NEUTRAL,program,sensor_drive.py,function,750df67d0c33d1501e8060e5a3b5ce81e437358a154f973070c11cf1d50adae5,左壁追従（超音波のみ）,,250.0,153.88385463290845,93.25883828686456,92.04718436783743,44.743978780562855
107.5,387.7155758524946,237.01582244655833,84.93344822338815,14.901874979556796,19.927187490338596,19.697005212358917,62.272460907308115,399,500,375,435,19.697005212358917,NEUTRAL,program,sensor_drive.py,function,750df67d0c33d1501e8060e5a3b5ce81e437358a154f973070c11cf1d50adae5,左壁追従（超音波のみ）,,250.0,150.66070441494017,92.9096260769501,94.97854050403247,44.96261688907947
107.55,388.4649328264853,237.0867550332178,84.25243053347157,15.154100799030005,19.13674573812723,20.026355942446987,59.802330431647604,400,497,375,435,20.026355942446987,NEUTRAL,program,sensor_drive.py,function,750df67d0c33d1501e8060e5a3b5ce81e437358a154f973070c11cf1d50adae5,左壁追従（超音波のみ）,,250.0,147.63651267111558,92.57531756449202,98.02905802395566,45.199715643388366
107.6,389.2260053969263,237.1678069302848,83.59036167661844,15.408253093339146,18.354423052692216,20.352323728044908,57.357572039663175,400,495,375,435,20.352323728044908,NEUTRAL,program,sensor_drive.py,function,750df67d0c33d1501e8060e5a3b5ce81e437358a154f973070c11cf1d50adae5,左壁追従（超音波のみ）,,250.0,144.79486493436306,92.25433322551588,101.2007263602149,45.45501133157979
107.65,389.99875238169653,237.25901195513276,82.94759888294527,15.663286835755095,17.58023233531247,20.674903193619805,54.938226047851465,400,492,375,435,20.674903193619805,NEUTRAL,program,sensor_drive.py,function,750df67d0c33d1501e8060e5a3b5ce81e437358a154f973070c11cf1d50adae5,左壁追従（超音波のみ）,,250.0,142.12144678310037,91.9452075266359,104.49463489598982,45.728178542316876
107.7,390.78309337694463,237.36038180333856,82.32453322731988,15.918384400427959,16.814281506379352,20.994049372341937,52.544629707435476,401,490,375,435,20.994049372341937,NEUTRAL,program,sensor_drive.py,function,750df67d0c33d1501e8060e5a3b5ce81e437358a154f973070c11cf1d50adae5,左壁追従（超音波のみ）,,250.0,139.60364526798398,91.64656764441933,107.91090401978245,46.01882635509255
107.75,391.57891916542223,237.4719048387796,81.72157212224795,16.172898679894473,16.056753503210945,21.30968604032877,50.177354697534206,401,487,375,435,21.30968604032877,NEUTRAL,program,sensor_drive.py,function,750df67d0c33d1501e8060e5a3b5ce81e437358a154f973070c11cf1d50adae5,左壁追従（超音波のみ）,,250.0,137.23025136203574,91.35711933597806,111.4485981522043,46.32649588408457
107.8,392.38609965575995,237.59354537365226,81.13912610536732,16.42631010823949,15.307891815505592,21.621711743539336,47.83716192345497,402,485,375,435,21.621711743539336,NEUTRAL,program,sensor_drive.py,function,750df67d0c33d1501e8060e5a3b5ce81e437358a154f973070c11cf1d50adae5,左壁追従（超音波のみ）,,250.0,134.99123345014368,91.07563773896744,115.10562530503402,46.65065889575241
107.85,393.2044899312906,237.7252433051076,80.57759873153583,16.678194161161287,14.567989947346998,21.930004188605416,45.52496858545937,402,482,375,435,21.930004188605416,NEUTRAL,program,sensor_drive.py,function,750df67d0c33d1501e8060e5a3b5ce81e437358a154f973070c11cf1d50adae5,左壁追従（超音波のみ）,,250.0,132.87756171215997,90.80096160224664,118.8786273769001,46.99071732591579
107.9,394.0339348453343,237.86691401603056,80.03737870732556,16.928196765787135,13.837383622437015,22.234423490651245,43.24182382011567,402,480,375,435,22.234423490651245,NEUTRAL,program,sensor_drive.py,function,750df67d0c33d1501e8060e5a3b5ce81e437358a154f973070c11cf1d50adae5,左壁追従（超音波のみ）,,250.0,130.8810694699585,90.53198990582466,122.76286571623949,47.34600360829801
107.95,394.87427249340936,238.01844847628922,79.51883364464078,17.176015697231527,13.116444859149404,22.534814642021082,40.988890184841885,403,478,375,435,22.534814642021082,NEUTRAL,program,sensor_drive.py,function,750df67d0c33d1501e8060e5a3b5ce81e437358a154f973070c11cf1d50adae5,左壁追従（超音波のみ）,,250.0,128.9943417678992,90.2676801413793,126.75210696927005,47.715781781108426
108.0,395.72533681288786,238.1797135011093,79.02230498500955,17.421386520846898,12.405577268610873,22.831009471412138,38.76742896440898,403,475,375,435,22.831009471412138,NEUTRAL,program,sensor_drive.py,function,750df67d0c33d1501e8060e5a3b5ce81e437358a154f973070c11cf1d50adae5,左壁追従（超音波のみ）,,250.0,127.21062431829893,90.00704773872636,130.83851481928457,48.09924937042993
108.05,396.586959500628,238.35055213756166,78.54810377458449,17.664071999898738,11.705212096230277,23.122828293237383,36.57878780071962,403,473,375,435,23.122828293237383,NEUTRAL,program,sensor_drive.py,function,750df67d0c33d1501e8060e5a3b5ce81e437358a154f973070c11cf1d50adae5,左壁追従（超音波のみ）,,250.0,125.52374791046896,89.74916627014876,135.01255384811446,48.49554006527295
108.1,397.4589713941569,238.53078416022382,78.09650706473246,17.90385415849294,11.015804651963627,23.410081395015155,34.42438953738633,404,471,375,435,23.410081395015155,NEUTRAL,program,sensor_drive.py,function,750df67d0c33d1501e8060e5a3b5ce81e437358a154f973070c11cf1d50adae5,左壁追従（超音波のみ）,,250.0,123.92806474482207,89.49316816465098,139.26291233403936,48.903727203427316
108.15,398.34120342833313,238.72020666410296,77.66775478339855,18.140528391693763,10.337830869337187,23.692570471109505,32.30572146667871,404,468,375,435,23.692570471109505,NEUTRAL,program,sensor_drive.py,function,750df67d0c33d1501e8060e5a3b5ce81e437358a154f973070c11cf1d50adae5,左壁追従（超音波のみ）,,250.0,122.41839410610423,89.23824573254386,143.57645125377226,49.32282808264784
108.2,399.23348724033457,238.91859481045688,77.26204258311486,18.37389916582631,9.67178380656218,23.970090080599093,30.224324395506812,404,466,375,435,23.970090080599093,NEUTRAL,program,sensor_drive.py,function,750df67d0c33d1501e8060e5a3b5ce81e437358a154f973070c11cf1d50adae5,左壁追従（超音波のみ）,,250.0,120.98997546157626,88.98365234735887,147.93818698085116,49.751809100404195
108.25,400.1356552601861,239.12570376320915,76.87944380945396,18.603777326040426,9.018165149767988,24.242431187596672,28.18176609302496,405,464,375,435,24.242431187596672,NEUTRAL,program,sensor_drive.py,function,750df67d0c33d1501e8060e5a3b5ce81e437358a154f973070c11cf1d50adae5,左壁追従（超音波のみ）,,250.0,119.63841613878617,88.72870306700312,152.3313567205015,50.18959385401362
108.3,401.0475412654874,239.3412685615099,76.5200704941123,18.82998456752295,8.377397927846484,24.509417530063963,26.179368524520264,405,462,375,435,24.509417530063963,NEUTRAL,program,sensor_drive.py,function,750df67d0c33d1501e8060e5a3b5ce81e437358a154f973070c11cf1d50adae5,左壁追従（超音波のみ）,,250.0,118.35946447457049,88.47276658404212,156.7382542779022,50.635108437812235
108.35,401.9689804662558,239.56500495372057,76.18398826584371,19.05234392905844,7.749999169268545,24.77083367947144,24.2187474039642,405,460,375,435,24.77083367947144,NEUTRAL,program,sensor_drive.py,function,750df67d0c33d1501e8060e5a3b5ce81e437358a154f973070c11cf1d50adae5,左壁追従（超音波のみ）,,250.0,117.14940286791064,88.2152877019006,161.13884973206174,51.08721202236029
108.4,402.8998092782006,239.79661040889098,75.87121478971582,19.270679458363034,7.136486326786546,25.026464030505608,22.301519771207957,406,458,375,435,25.026464030505608,NEUTRAL,program,sensor_drive.py,function,750df67d0c33d1501e8060e5a3b5ce81e437358a154f973070c11cf1d50adae5,左壁追従（超音波のみ）,,250.0,116.00479446683238,87.9557759811282,165.51167736779956,51.5447412586234
108.45,403.8398650055584,240.03576521023598,75.58171846354307,19.484816308305287,6.5373725454663,25.276094772722374,20.429289204582187,406,456,375,435,25.276094772722374,NEUTRAL,program,sensor_drive.py,function,750df67d0c33d1501e8060e5a3b5ce81e437358a154f973070c11cf1d50adae5,左壁追従（超音波のみ）,,250.0,114.92245791588864,87.69380626729728,169.83407443548882,52.00651881740861
108.5,404.78859221990973,240.28209893988358,75.30779228442572,19.681690883780824,6.12475733957247,25.448017775178137,19.13986668616397,406,455,375,435,25.448017775178137,NEUTRAL,program,sensor_drive.py,function,750df67d0c33d1501e8060e5a3b5ce81e437358a154f973070c11cf1d50adae5,左壁追従（超音波のみ）,,250.0,113.89944449188948,87.4290188808614,174.08247828023337,52.16090964719013
108.55,405.74425132746853,240.53515332088685,75.02963423009851,19.83108822477014,6.166150410745843,25.430770662189232,19.26922003358076,406,455,375,435,25.430770662189232,NEUTRAL,program,sensor_drive.py,function,750df67d0c33d1501e8060e5a3b5ce81e437358a154f973070c11cf1d50adae5,左壁追従（超音波のみ）,,250.0,112.91559907363441,87.16068935726993,178.3268972953239,51.512644910407545
108.6,406.7055305610801,240.7946003972356,74.76213954328279,19.96759158171672,5.889603063193092,25.545998723669545,18.405009572478413,406,454,375,435,25.545998723669545,NEUTRAL,program,sensor_drive.py,function,750df67d0c33d1501e8060e5a3b5ce81e437358a154f973070c11cf1d50adae5,左壁追従（超音波のみ）,,250.0,111.92505013943202,86.88783957656838,182.80704705036865,51.429889249630094
108.65,407.6751128234185,241.06063321514864,74.55947750617378,20.200633380819294,4.1949735510676405,26.252094353721816,13.109292347086376,407,448,375,435,26.252094353721816,NEUTRAL,program,sensor_drive.py,function,750df67d0c33d1501e8060e5a3b5ce81e437358a154f973070c11cf1d50adae5,左壁追従（超音波のみ）,,250.0,110.96161952468753,86.61155799537369,187.3384489863655,53.92467939670481
108.7,408.65469286875975,241.33276273812237,74.38969900819734,20.420680362591238,3.6688351215894177,26.471318699337743,11.46510975496693,408,447,375,435,26.471318699337743,NEUTRAL,program,sensor_drive.py,function,750df67d0c33d1501e8060e5a3b5ce81e437358a154f973070c11cf1d50adae5,左壁追従（超音波のみ）,,250.0,110.14191929640468,86.33338774494273,191.1591478896478,54.39452701155361
108.75,409.6437516910912,241.61048443139734,74.24146410330476,20.62851772184696,3.171228633179351,26.67865473617527,9.910089478685471,408,445,375,435,26.67865473617527,NEUTRAL,program,sensor_drive.py,function,750df67d0c33d1501e8060e5a3b5ce81e437358a154f973070c11cf1d50adae5,左壁追従（超音波のみ）,,250.0,109.39185421178466,86.05153550673859,194.64110488306218,54.85585081600095
108.8,410.6414287847396,241.89328927574832,74.10636180156689,20.812606749604146,2.8638542703501253,26.806727387354115,8.949544594844141,408,444,375,435,26.806727387354115,NEUTRAL,program,sensor_drive.py,function,750df67d0c33d1501e8060e5a3b5ce81e437358a154f973070c11cf1d50adae5,左壁追従（超音波のみ）,,250.0,108.68538919329082,85.76566131157948,197.9122316697535,55.314004796906424
108.85,411.6465830363182,242.1806872526208,73.9806032120502,20.971682074910916,2.644569516186655,26.898096034922226,8.264279738083296,408,443,375,435,26.898096034922226,NEUTRAL,program,sensor_drive.py,function,750df67d0c33d1501e8060e5a3b5ce81e437358a154f973070c11cf1d50adae5,左壁追従（超音波のみ）,,250.0,108.00397168780663,85.4757732859263,198.32695005758418,55.773016272118795
108.9,412.6581959607629,242.47224583381876,73.86420638114313,21.1109614368133,2.4308673434456294,26.987138606897656,7.596460448267592,408,442,375,435,26.987138606897656,NEUTRAL,program,sensor_drive.py,function,750df67d0c33d1501e8060e5a3b5ce81e437358a154f973070c11cf1d50adae5,左壁追従（超音波のみ）,,250.0,107.33951555578321,85.18212009509237,198.31028068208533,56.23431863335812
108.95,413.6754689496159,242.76758564634676,73.75712208990072,21.234475064912733,2.2229026570167845,27.073790559576338,6.946570803177451,408,442,375,435,27.073790559576338,NEUTRAL,program,sensor_drive.py,function,750df67d0c33d1501e8060e5a3b5ce81e437358a154f973070c11cf1d50adae5,左壁追従（超音波のみ）,,250.0,106.69209907983446,84.88502205177134,207.1992861707459,56.69707589350197
109.0,414.69777310527405,243.06636974226194,73.65925172289093,21.345338533769905,2.0207606531491753,27.158016394521177,6.314877041091172,408,441,375,435,27.158016394521177,NEUTRAL,program,sensor_drive.py,function,750df67d0c33d1501e8060e5a3b5ce81e437358a154f973070c11cf1d50adae5,左壁追従（超音波のみ）,,250.0,106.06161515685142,84.58475183463915,210.14137768904777,57.160563347449774
109.05,415.7246106102876,243.36829516731603,73.57046051146901,21.445962743972498,1.8244752258944277,27.239801989210655,5.7014850809200865,409,440,375,435,27.239801989210655,NEUTRAL,program,sensor_drive.py,function,750df67d0c33d1501e8060e5a3b5ce81e437358a154f973070c11cf1d50adae5,左壁追従（超音波のみ）,,250.0,105.44782864817694,84.28154674949577,212.99275069242748,57.624146414309266
109.1,416.75558496696993,243.67308634254815,73.4905873368503,21.538215552416965,1.63404266941591,27.31914888774337,5.106383341924719,409,440,375,435,27.31914888774337,NEUTRAL,program,sensor_drive.py,function,750df67d0c33d1501e8060e5a3b5ce81e437358a154f973070c11cf1d50adae5,左壁追従（超音波のみ）,,250.0,104.85041820747465,83.97561800110779,215.7465857771585,58.08726419871019
109.15,417.79037805956204,243.9804898755956,73.41945198237119,21.623546212991272,1.4494318549691751,27.396070060429512,4.529474546778673,409,439,375,435,27.396070060429512,NEUTRAL,program,sensor_drive.py,function,750df67d0c33d1501e8060e5a3b5ce81e437358a154f973070c11cf1d50adae5,左壁追従（超音波のみ）,,250.0,104.2690066425584,83.66715767933546,218.39695235251392,58.54941672615709
109.2,418.8287324652652,244.29027049887554,73.35686049920784,21.70308120681405,1.2705917709904566,27.47058676208731,3.9705992843451767,409,439,375,435,27.47058676208731,NEUTRAL,program,sensor_drive.py,function,750df67d0c33d1501e8060e5a3b5ce81e437358a154f973070c11cf1d50adae5,左壁追従（超音波のみ）,,250.0,103.7031828260359,83.35634399609921,220.93874455675518,59.01015503346766
109.25,419.8704378046711,244.60220789513198,73.30260917988778,21.777698057623184,1.0974570940009039,27.542726210832956,3.4295534187528247,409,438,375,435,27.542726210832956,NEUTRAL,program,sensor_drive.py,function,750df67d0c33d1501e8060e5a3b5ce81e437358a154f973070c11cf1d50adae5,左壁追従（超音波のみ）,,250.0,103.1525173893231,83.04334518320395,223.3676320885884,59.469073472782114
109.3,420.91532020191545,244.91609422092571,73.25648750638345,21.848082203899562,0.9299522911296049,27.612519878696,2.9061009097800152,409,438,375,435,27.612519878696,NEUTRAL,program,sensor_drive.py,function,750df67d0c33d1501e8060e5a3b5ce81e437358a154f973070c11cf1d50adae5,左壁追従（超音波のみ）,,250.0,102.61657385296886,82.72832236497791,225.68002110344148,59.925803727069486
109.35,421.96323413983373,245.23173217832044,73.21828034426645,21.914770828199774,0.7679946293365356,27.680002237776442,2.3999832166766737,409,437,375,435,27.680002237776442,NEUTRAL,program,sensor_drive.py,function,750df67d0c33d1501e8060e5a3b5ce81e437358a154f973070c11cf1d50adae5,左壁追従（超音波のみ）,,250.0,102.09491641427196,82.41143164659053,227.8730214600184,60.38001014470584
109.4,423.0140561605423,245.54893351646876,73.18776958342312,21.978186644076803,0.6114963719712683,27.74520984501197,1.9109261624102132,409,437,375,435,27.74520984501197,NEUTRAL,program,sensor_drive.py,function,750df67d0c33d1501e8060e5a3b5ce81e437358a154f973070c11cf1d50adae5,左壁追従（超音波のみ）,,250.0,101.58711529315154,82.0928256031697,229.9444175207369,60.8313860869112
109.45,424.067679988761,245.86751786973528,73.16473537311828,22.038663949038764,0.4603663724888406,27.80818067812965,1.438644914027627,409,436,375,435,27.80818067812965,NEUTRAL,program,sensor_drive.py,function,750df67d0c33d1501e8060e5a3b5ce81e437358a154f973070c11cf1d50adae5,左壁追従（超音波のみ）,,250.0,101.09275030052753,81.7726543122223,231.8926404519592,61.27965104958915
109.5,425.12401275270264,246.1873118587464,73.14895706013186,22.096468719983637,0.3145112221140153,27.868953657452494,0.9828475691062977,409,436,375,435,27.868953657452494,NEUTRAL,program,sensor_drive.py,function,750df67d0c33d1501e8060e5a3b5ce81e437358a154f973070c11cf1d50adae5,左壁追従（超音波のみ）,,250.0,100.61141311857085,81.45106603921137,233.7167405691054,61.7245483743211
109.55,426.1829720523026,246.50814839639477,73.14021390980088,22.151814118411362,0.1738360685673183,27.927568304763618,0.5432377142728697,409,435,375,435,27.927568304763618,NEUTRAL,program,sensor_drive.py,function,750df67d0c33d1501e8060e5a3b5ce81e437358a154f973070c11cf1d50adae5,左壁追従（超音波のみ）,,250.0,100.14270865304005,81.12820766107163,235.4163587533807,62.1658434050134
109.6,427.2444836821689,246.829866153192,73.13828566846155,22.204872458010446,0.03824519328743236,27.984064502796905,0.11951622902322612,409,435,375,435,27.984064502796905,NEUTRAL,program,sensor_drive.py,function,750df67d0c33d1501e8060e5a3b5ce81e437358a154f973070c11cf1d50adae5,左壁追従（超音波のみ）,,250.0,99.68625572258888,80.8042248931557,236.99169635113392,62.6033219794093
109.65,428.30807881724377,247.15218762806674,73.14295125085127,22.24190860237047,-0.09235758760706175,27.96151767183039,-0.288617461272068,409,434,375,435,27.96151767183039,NEUTRAL,program,sensor_drive.py,function,750df67d0c33d1501e8060e5a3b5ce81e437358a154f973070c11cf1d50adae5,左壁追従（超音波のみ）,,250.0,99.24168727957783,80.479262370232,238.4434832699188,63.03678917028609
109.7,429.3729762872856,247.47474455965664,73.15397799537376,22.261158375339605,-0.21802127508201466,27.90915780204916,-0.6813164846312958,409,434,375,435,27.90915780204916,NEUTRAL,program,sensor_drive.py,function,750df67d0c33d1501e8060e5a3b5ce81e437358a154f973070c11cf1d50adae5,左壁追従（超音波のみ）,,250.0,98.80881351413542,80.15358640474176,239.77244336934095,63.465906442036
109.75,430.4384866632936,247.79720120500355,73.17112031311706,22.266999593945588,-0.3387665900924003,27.858847254128168,-1.058645594038751,409,433,375,435,27.858847254128168,NEUTRAL,program,sensor_drive.py,function,750df67d0c33d1501e8060e5a3b5ce81e437358a154f973070c11cf1d50adae5,左壁追従（超音波のみ）,,250.0,98.38756548682956,79.82755910126558,240.97958765778134,63.89023424707394
109.8,431.50409983733863,248.1192814657736,73.19412590924446,22.262820237158234,-0.45463680269870566,27.810567998875538,-1.4207400084334552,409,433,375,435,27.810567998875538,NEUTRAL,program,sensor_drive.py,function,750df67d0c33d1501e8060e5a3b5ce81e437358a154f973070c11cf1d50adae5,左壁追従（超音波のみ）,,250.0,97.9778228833773,79.5015135031533,242.06675951306806,64.30939897765177
109.85,432.5694439355907,248.44075671711175,73.22274095179162,22.251239351197913,-0.5657040063573572,27.764289997351103,-1.7678250198667413,409,433,375,435,27.764289997351103,NEUTRAL,program,sensor_drive.py,function,750df67d0c33d1501e8060e5a3b5ce81e437358a154f973070c11cf1d50adae5,左壁追従（超音波のみ）,,250.0,97.5793876932538,79.17572572535404,243.03660451933354,64.72312459668156
109.9,433.6342534445907,248.76143622115148,73.25671362872089,22.234278825820066,-0.6720604074080234,27.719974830246656,-2.100188773150073,409,432,375,435,27.719974830246656,NEUTRAL,program,sensor_drive.py,function,750df67d0c33d1501e8060e5a3b5ce81e437358a154f973070c11cf1d50adae5,左壁追従（超音波のみ）,,250.0,97.19200946495349,78.85042678075159,243.89238022500058,65.13121196369492
109.95,434.6983444940653,249.081159575829,73.29579654137052,22.213496943225604,-0.7738118789065197,27.67757838378895,-2.418162121582874,409,432,375,435,27.67757838378895,NEUTRAL,program,sensor_drive.py,function,750df67d0c33d1501e8060e5a3b5ce81e437358a154f973070c11cf1d50adae5,左壁追従（超音波のみ）,,250.0,96.81540383290655,78.5258118251547,244.63780448236847,65.53352266118779
110.0,435.76159569776223,249.3997907655195,73.33974826459533,22.19009218703426,-0.8710732118419651,27.63705282839918,-2.722103787006141,409,432,375,435,27.63705282839918,NEUTRAL,program,sensor_drive.py,function,750df67d0c33d1501e8060e5a3b5ce81e437358a154f973070c11cf1d50adae5,左壁追従（超音波のみ）,,250.0,96.44926602417948,78.20204738390474,245.2769340720731,65.92996633159824
110.05,436.82393331009683,249.71721347160837,73.38833431538379,22.164983918208755,-0.9639646352959244,27.5983480686267,-3.0123894852997637,409,431,375,435,27.5983480686267,NEUTRAL,program,sensor_drive.py,function,750df67d0c33d1501e8060e5a3b5ce81e437358a154f973070c11cf1d50adae5,左壁追従（超音波のみ）,,250.0,96.09328062876806,77.87927700074965,245.81406714340017,66.32049075034024
110.1,437.88531973343714,250.03332737353185,73.4413277058191,22.138875060134566,-1.0526092827343132,27.561412798860704,-3.2894040085447287,409,431,375,435,27.561412798860704,NEUTRAL,program,sensor_drive.py,function,750df67d0c33d1501e8060e5a3b5ce81e437358a154f973070c11cf1d50adae5,左壁追従（超音波のみ）,,250.0,95.74712859618462,77.55762565399206,246.25366444779795,66.70507402984298
110.15,438.9457446262114,250.3480452280711,73.49850920751442,22.112300794434994,-1.1371313618164003,27.526195265909834,-3.553535505676251,409,431,375,435,27.526195265909834,NEUTRAL,program,sensor_drive.py,function,750df67d0c33d1501e8060e5a3b5ce81e437358a154f973070c11cf1d50adae5,左壁追従（超音波のみ）,,250.0,95.41049217890696,77.23720321003813,246.60028547679633,67.08371848276283
110.2,440.00521802940176,250.66129055990663,73.55966741883759,22.085666380970846,-1.2176548457696823,27.49264381426263,-3.805171393030257,409,431,375,435,27.49264381426263,NEUTRAL,program,sensor_drive.py,function,750df67d0c33d1501e8060e5a3b5ce81e437358a154f973070c11cf1d50adae5,左壁追従（超音波のみ）,,250.0,95.0830583611581,76.91810712579607,246.8585364971224,67.45644577697442
110.25,441.06376505906246,250.9729958321368,73.62459870007325,22.059276524055225,-1.2943025501498893,27.46070727077088,-4.044695469218404,409,430,375,435,27.46070727077088,NEUTRAL,program,sensor_drive.py,function,750df67d0c33d1501e8060e5a3b5ce81e437358a154f973070c11cf1d50adae5,左壁追従（超音波のみ）,,250.0,94.76452117479458,76.60042456537727,247.0330281564878,67.82329309664125
110.3,442.1214218135721,251.28310099361198,73.69310702264724,22.03335816872537,-1.3671954932556332,27.430335211143486,-4.272485916423854,409,430,375,435,27.430335211143486,NEUTRAL,program,sensor_drive.py,function,750df67d0c33d1501e8060e5a3b5ce81e437358a154f973070c11cf1d50adae5,左壁追従（超音波のみ）,,250.0,94.45458320163686,76.28423406048778,247.12834085596188,68.18431008744238
110.35,443.17823222285335,251.5915523221123,73.76500376478288,22.008078192067387,-1.4364524643536674,27.40147813985264,-4.488913951105211,409,430,375,435,27.40147813985264,NEUTRAL,program,sensor_drive.py,function,750df67d0c33d1501e8060e5a3b5ce81e437358a154f973070c11cf1d50adae5,左壁追従（超音波のみ）,,250.0,94.15295648487793,75.96960681562618,247.14899648393418,68.53955641372627
110.4,444.234245627794,251.89830149984675,73.84010747606698,21.983557128675752,-1.502189743289823,27.374087606962572,-4.694342947780697,409,430,375,435,27.374087606962572,NEUTRAL,program,sensor_drive.py,function,750df67d0c33d1501e8060e5a3b5ce81e437358a154f973070c11cf1d50adae5,左壁追従（超音波のみ）,,250.0,93.85936301484223,75.65660773704577,247.09943541046525,68.88909979402708
110.45,445.2895149254869,252.20330487147203,73.91824362632462,21.959879815771465,-1.5645209296051985,27.34811627933117,-4.889127905016245,409,429,375,435,27.34811627933117,NEUTRAL,program,sensor_drive.py,function,750df67d0c33d1501e8060e5a3b5ce81e437358a154f973070c11cf1d50adae5,左壁追従（超音波のみ）,,250.0,93.57353491150573,75.34529624708249,246.98399787148014,69.23301441140407
110.5,446.3440951527065,252.50652284560726,73.99924434917375,21.93710364626909,-1.62355685015875,27.323517979100522,-5.073615156746094,409,429,375,435,27.323517979100522,NEUTRAL,program,sensor_drive.py,function,750df67d0c33d1501e8060e5a3b5ce81e437358a154f973070c11cf1d50adae5,左壁追従（超音波のみ）,,250.0,93.29521439418177,75.03572693186057,246.80690904741957,69.5713796183647
110.55,447.39804240861923,252.80791940927563,74.08294818708049,21.915264964687605,-1.679405522383015,27.300247699007077,-5.248142257446922,409,429,375,435,27.300247699007077,NEUTRAL,program,sensor_drive.py,function,750df67d0c33d1501e8060e5a3b5ce81e437358a154f973070c11cf1d50adae5,左壁追従（超音波のみ）,,250.0,93.02415360490953,74.72795005975567,246.57226727403864,69.9042788741769
110.6,448.45141303991755,253.107461731337,74.16919984225214,21.894384021518725,-1.7321721563619645,27.278261601515847,-5.413037988631139,409,429,375,435,27.278261601515847,NEUTRAL,program,sensor_drive.py,function,750df67d0c33d1501e8060e5a3b5ce81e437358a154f973070c11cf1d50adae5,左壁追従（超音波のみ）,,250.0,92.76011433429592,74.42201199968491,246.28403492460018,70.23179886634497
110.65,449.50426302879526,253.40511983616966,74.25784993598299,21.87446880892705,-1.7819591834329414,27.25751700690294,-5.568622448227941,409,429,375,435,27.25751700690294,NEUTRAL,program,sensor_drive.py,function,750df67d0c33d1501e8060e5a3b5ce81e437358a154f973070c11cf1d50adae5,左壁追従（超音波のみ）,,250.0,92.50286768532654,74.11795556179948,245.94603158067574,70.55402877882577
110.7,450.55664753756275,253.7008663329279,74.34875477789257,21.85551802856517,-1.828866302368897,27.23797237401296,-5.715207194902803,409,428,375,435,27.23797237401296,NEUTRAL,program,sensor_drive.py,function,750df67d0c33d1501e8060e5a3b5ce81e437358a154f973070c11cf1d50adae5,左壁追従（超音波のみ）,,250.0,92.25219370083089,73.81582027809061,245.56192916922362,70.87105967790363
110.75,451.60862057407843,253.9946761888843,74.44177614570333,21.837523386255334,-1.872990536683883,27.219587276381716,-5.853095427137134,409,428,375,435,27.219587276381716,NEUTRAL,program,sensor_drive.py,function,750df67d0c33d1501e8060e5a3b5ce81e437358a154f973070c11cf1d50adae5,左壁追従（超音波のみ）,,250.0,92.00788097299859,73.51564263646782,245.13524879099327,71.1829839930886
110.8,452.66023475023485,254.2865265378554,74.53678107568277,21.82047136474663,-1.9144262984447686,27.202322375648013,-5.982582182639902,409,428,375,435,27.202322375648013,NEUTRAL,program,sensor_drive.py,function,750df67d0c33d1501e8060e5a3b5ce81e437358a154f973070c11cf1d50adae5,左壁追従（超音波のみ）,,250.0,91.76972624795319,73.21745627879513,244.66935900312336,71.48989507537185
110.85,453.71154111198933,254.57639651665488,74.6336416635441,21.804344591925112,-1.953265455328983,27.186139393612923,-6.103954547903072,408,428,375,435,27.186139393612923,NEUTRAL,program,sensor_drive.py,function,750df67d0c33d1501e8060e5a3b5ce81e437358a154f973070c11cf1d50adae5,左壁追従（超音波のみ）,,250.0,91.5375340344139,72.92129217097514,244.1674753494386,71.79188681901195
110.9,454.762589024282,254.86426712403883,74.73223487539775,21.78912289557214,-1.9895973986633293,27.17100108389028,-6.217491870822904,408,428,375,435,27.17100108389028,NEUTRAL,program,sensor_drive.py,function,750df67d0c33d1501e8060e5a3b5ce81e437358a154f973070c11cf1d50adae5,左壁追従（超音波のみ）,,250.0,91.31111622256209,72.6271787513143,243.63266095725578,72.0890533359848
110.95,455.813426097947,255.1501210977961,74.83244236823094,21.774784115352418,-2.0235091109065775,27.156871203788928,-6.323465971583055,408,428,375,435,27.156871203788928,NEUTRAL,program,sensor_drive.py,function,750df67d0c33d1501e8060e5a3b5ce81e437358a154f973070c11cf1d50adae5,左壁追従（超音波のみ）,,250.0,91.09029171709875,72.33514206196044,243.06782804082994,72.38148867451338
111.0,456.86409814864163,255.43394280656412,74.93415031934225,21.761304726859947,-2.055085231569335,27.14371448684611,-6.422141348654172,408,428,375,435,27.14371448684611,NEUTRAL,program,sensor_drive.py,function,750df67d0c33d1501e8060e5a3b5ce81e437358a154f973070c11cf1d50adae5,左壁追従（超音波のみ）,,250.0,90.87488608692846,72.04520586708429,242.47574016989552,72.6692865748607
111.05,457.9146491800824,255.71571815367574,75.03724926414017,21.748660320241267,-2.0844081209436514,27.131496616273477,-6.51377537794891,408,428,375,435,27.131496616273477,NEUTRAL,program,sensor_drive.py,function,750df67d0c33d1501e8060e5a3b5ce81e437358a154f973070c11cf1d50adae5,左壁追従（超音波のみ）,,250.0,90.66473123280065,71.75739176061643,241.8590151776443,72.95254025693134
111.1,458.9651213856297,255.9954344909096,75.14163394172766,21.73682596635956,-2.111557921288238,27.120184199463235,-6.598618504025744,408,428,375,435,27.120184199463235,NEUTRAL,program,sensor_drive.py,function,750df67d0c33d1501e8060e5a3b5ce81e437358a154f973070c11cf1d50adae5,左壁追従（超音波のみ）,,250.0,90.45966507344428,71.47171926568147,241.22012859662095,73.23134223528322
111.15,460.0155551636246,256.2730805404577,75.24720314771824,21.725776496046873,-2.1366126153072607,27.109744743621974,-6.676914422835189,408,427,375,435,27.109744743621974,NEUTRAL,program,sensor_drive.py,function,750df67d0c33d1501e8060e5a3b5ce81e437358a154f973070c11cf1d50adae5,左壁追従（超音波のみ）,,250.0,90.25953125017799,71.18820592735855,240.56141752355407,73.50578415797202
111.2,461.06598914293295,256.5486463237723,75.35385959376362,21.715486712236572,-2.1596480818918327,27.10014663254507,-6.748900255911977,408,427,375,435,27.10014663254507,NEUTRAL,program,sensor_drive.py,function,750df67d0c33d1501e8060e5a3b5ce81e437358a154f973070c11cf1d50adae5,左壁追従（超音波のみ）,,250.0,90.06417884960337,70.90686740000325,239.88508482547323,73.77595666628622
111.25,462.11646021596874,256.8221230962227,75.46150977330984,21.70593155030329,-2.180738149184001,27.091359104506665,-6.814806716200003,408,427,375,435,27.091359104506665,NEUTRAL,program,sensor_drive.py,function,750df67d0c33d1501e8060e5a3b5ce81e437358a154f973070c11cf1d50adae5,左壁追従（超音波のみ）,,250.0,89.87346214373416,70.62771753006315,239.19320360969837,74.04194927292968
111.3,463.1670035770979,257.0935032867078,75.5700638331378,21.69708619847474,-2.199954645080611,27.083352231216413,-6.8748582658769095,408,427,375,435,27.083352231216413,NEUTRAL,program,sensor_drive.py,function,750df67d0c33d1501e8060e5a3b5ce81e437358a154f973070c11cf1d50adae5,左壁追従（超音波のみ）,,250.0,89.6872403467564,70.35076843508682,238.48772188957864,74.30385025660003
111.35,464.2176527648156,257.3627804415328,75.67943545028174,21.688926187494385,-2.2173674453296983,27.076096897779294,-6.929273266655308,408,427,375,435,27.076096897779294,NEUTRAL,program,sensor_drive.py,function,750df67d0c33d1501e8060e5a3b5ce81e437358a154f973070c11cf1d50adae5,左壁追従（超音波のみ）,,250.0,89.50537738752514,70.07603057945315,237.77046738629625,74.56174657121815
111.4,465.2684397064646,257.6299491719936,75.78954171395529,21.681427456632623,-2.2330445193918265,27.06956478358674,-6.978264123099457,408,427,375,435,27.06956478358674,NEUTRAL,program,sensor_drive.py,function,750df67d0c33d1501e8060e5a3b5ce81e437358a154f973070c11cf1d50adae5,左壁追従（超音波のみ）,,250.0,89.32774169685773,69.8035128472127,237.04315241470766,74.81572376830864
111.45,466.3193947645544,257.8950051052132,75.90030301214813,21.674566401530875,-2.2470519742460193,27.06372834406416,-7.02203741951881,408,427,375,435,27.06372834406416,NEUTRAL,program,sensor_drive.py,function,750df67d0c33d1501e8060e5a3b5ce81e437358a154f973070c11cf1d50adae5,左壁追従（超音波のみ）,,250.0,89.15420600867472,69.53322261233143,236.30737880815948,75.06586593122961
111.5,467.37054678396856,258.15794483785527,76.01164292258778,21.668319908113684,-2.259454096320585,27.058560793199756,-7.060794051001828,408,427,375,435,27.058560793199756,NEUTRAL,program,sensor_drive.py,function,750df67d0c33d1501e8060e5a3b5ce81e437358a154f973070c11cf1d50adae5,左壁追従（超音波のみ）,,250.0,88.9846471740531,69.2651658065546,235.5646428434962,75.3122556201069
111.55,468.42192313951796,258.4187658924062,76.12348810778872,21.662665375836237,-2.2703133917237026,27.054036086781792,-7.094729349136571,408,427,375,435,27.054036086781792,NEUTRAL,program,sensor_drive.py,function,750df67d0c33d1501e8060e5a3b5ce81e437358a154f973070c11cf1d50adae5,左壁追従（超音波のみ）,,250.0,88.81894598728444,68.99934698505069,234.8163401331522,75.55497382645842
111.6,469.47288142337237,258.677149887394,76.25143456528292,21.63358650663369,-2.599101688741673,26.917040963024302,-8.122192777317728,408,426,375,435,26.917040963024302,NEUTRAL,program,sensor_drive.py,function,750df67d0c33d1501e8060e5a3b5ce81e437358a154f973070c11cf1d50adae5,左壁追従（超音波のみ）,,250.0,87.93726480131693,68.7357693899539,234.06377045633388,75.79409993660047
111.65,470.5224517928411,258.9325419308671,76.39655631326957,21.584473741708063,-2.953029453813954,26.769571060910852,-9.228217043168605,408,425,375,435,26.769571060910852,NEUTRAL,program,sensor_drive.py,function,750df67d0c33d1501e8060e5a3b5ce81e437358a154f973070c11cf1d50adae5,左壁追従（超音波のみ）,,250.0,87.01031498509218,68.47510369429769,233.07347697507194,76.01586449121426
111.7,471.5701117730397,259.18455249947255,76.55280943661569,21.528860837527787,-3.186897582102363,26.67212600745735,-9.959054944069884,408,424,375,435,26.67212600745735,NEUTRAL,program,sensor_drive.py,function,750df67d0c33d1501e8060e5a3b5ce81e437358a154f973070c11cf1d50adae5,左壁追従（超音波のみ）,,250.0,86.35720320305008,68.21803409321306,231.83643065969096,76.21874936371698
111.75,472.61605559726235,259.4331243204811,76.71014404666289,21.483574975091678,-3.2162627471111342,26.659890522037028,-10.050821084722294,408,424,375,435,26.659890522037028,NEUTRAL,program,sensor_drive.py,function,750df67d0c33d1501e8060e5a3b5ce81e437358a154f973070c11cf1d50adae5,左壁追従（超音波のみ）,,250.0,86.15492428031213,67.9649118262316,230.44917178946275,76.40757324269134
111.8,473.6629532709374,259.67932139302695,76.82001261105131,21.525906064987375,-2.1857637378850243,27.089265109214573,-6.830511680890702,408,427,375,435,27.089265109214573,NEUTRAL,program,sensor_drive.py,function,750df67d0c33d1501e8060e5a3b5ce81e437358a154f973070c11cf1d50adae5,左壁追従（超音波のみ）,,250.0,88.31880137351722,67.71558163090903,229.06155579902844,76.59092944817839
111.85,474.71208215556044,259.9239699614548,76.92729169514877,21.558396244827378,-2.18977263220718,27.087594736580343,-6.843039475647437,408,427,375,435,27.087594736580343,NEUTRAL,program,sensor_drive.py,function,750df67d0c33d1501e8060e5a3b5ce81e437358a154f973070c11cf1d50adae5,左壁追従（超音波のみ）,,250.0,88.17366929381097,67.46743184742513,228.35953420755752,76.8112666001505
111.9,475.7630235052311,260.166963427375,77.03497444410561,21.583158800800916,-2.1951721975276883,27.085344917696798,-6.859913117274026,408,427,375,435,27.085344917696798,NEUTRAL,program,sensor_drive.py,function,750df67d0c33d1501e8060e5a3b5ce81e437358a154f973070c11cf1d50adae5,左壁追従（超音波のみ）,,250.0,88.02551556042697,67.22084205249729,227.6980479395593,77.0314840329144
111.95,476.8154535789726,260.4082152871631,77.14297014643194,21.602024280987536,-2.1993863841146504,27.083589006618897,-6.873082450358282,408,427,375,435,27.083589006618897,NEUTRAL,program,sensor_drive.py,function,750df67d0c33d1501e8060e5a3b5ce81e437358a154f973070c11cf1d50adae5,左壁追従（超音波のみ）,,250.0,87.8803430500962,66.97601088931754,227.03424568156132,77.24892286569296
112.0,477.869124818555,260.6476599140156,77.25119779017348,21.616407411706525,-2.2024589657063087,27.08230876428904,-6.882684267832214,408,427,375,435,27.08230876428904,NEUTRAL,program,sensor_drive.py,function,750df67d0c33d1501e8060e5a3b5ce81e437358a154f973070c11cf1d50adae5,左壁追従（超音波のみ）,,250.0,87.73811708055693,66.73302483975021,226.3691717737369,77.46356476803106
112.05,478.9238485092581,260.8852478836854,77.35958442550964,21.627400770329906,-2.204434209127761,27.081485746196766,-6.888856903524253,408,427,375,435,27.081485746196766,NEUTRAL,program,sensor_drive.py,function,750df67d0c33d1501e8060e5a3b5ce81e437358a154f973070c11cf1d50adae5,左壁追従（超音波のみ）,,250.0,87.59879097017304,66.49194903563752,225.7037677505215,77.67540982891022
112.1,479.9794813448389,261.12094236752165,77.4680638588552,21.635847387883135,-2.205356342450947,27.081101523978774,-6.891738570159209,408,427,375,435,27.081101523978774,NEUTRAL,program,sensor_drive.py,function,750df67d0c33d1501e8060e5a3b5ce81e437358a154f973070c11cf1d50adae5,左壁追従（超音波のみ）,,250.0,87.46230957070053,66.25283201257031,225.03888378660548,77.88447184334592
112.15,481.035915019484,261.35471634871146,77.57657561013718,21.64239701818902,-2.2052691781192175,27.081137842450325,-6.891466181622555,408,427,375,435,27.081137842450325,NEUTRAL,program,sensor_drive.py,function,750df67d0c33d1501e8060e5a3b5ce81e437358a154f973070c11cf1d50adae5,左壁追従（超音波のみ）,,250.0,87.32861192197056,66.01570938066494,224.37528853561764,78.09077471732118
112.2,482.0930681665285,261.5865504732803,77.68506407876703,21.647549745978782,-2.204215849145137,27.081576729522858,-6.888174528578553,408,427,375,435,27.081576729522858,NEUTRAL,program,sensor_drive.py,function,750df67d0c33d1501e8060e5a3b5ce81e437358a154f973070c11cf1d50adae5,左壁追従（超音波のみ）,,250.0,87.19763324239247,65.78060666003017,223.71367759601776,78.29434972776713
112.25,483.1508801164872,261.81643139043507,77.79347787493225,21.65168978109108,-2.202238627544016,27.08240057185666,-6.881995711075049,408,427,375,435,27.08240057185666,NEUTRAL,program,sensor_drive.py,function,750df67d0c33d1501e8060e5a3b5ce81e437358a154f973070c11cf1d50adae5,左壁追従（超音波のみ）,,250.0,87.069306417426,65.54754147211912,223.05468081356724,78.49523343613257
112.3,484.2093060654134,262.0443504700829,77.90176928172775,21.65511164595073,-2.1993788023734124,27.083592165677747,-6.8730587574169135,408,427,375,435,27.083592165677747,NEUTRAL,program,sensor_drive.py,function,750df67d0c33d1501e8060e5a3b5ce81e437358a154f973070c11cf1d50adae5,左壁追従（超音波のみ）,,250.0,86.9435631088463,65.31652523449425,222.39886860324336,78.69346610146623
112.35,485.26831333646516,262.2703028110284,78.00989382076409,21.65804046734857,-2.195676600822385,27.08513474965734,-6.861489377569953,408,427,375,435,27.08513474965734,NEUTRAL,program,sensor_drive.py,function,750df67d0c33d1501e8060e5a3b5ce81e437358a154f973070c11cf1d50adae5,左壁追従（超音波のみ）,,250.0,86.82033457776726,65.08756447278665,221.74675744765253,78.88909047522145
112.4,486.32787848880025,262.4942864731747,78.11780989956787,21.66064769885475,-2.1911711402649416,27.087012024889606,-6.847409813327943,408,427,375,435,27.087012024889606,NEUTRAL,program,sensor_drive.py,function,750df67d0c33d1501e8060e5a3b5ce81e437358a154f973070c11cf1d50adae5,左壁追従（超音波のみ）,,250.0,86.69955229177168,64.86066183757656,221.09881470497393,79.08215088774877
112.45,487.38798508315915,262.71630188234064,78.22547852361993,21.663063301954864,-2.1859004024910154,27.089208165628744,-6.830938757784423,408,427,375,435,27.089208165628744,NEUTRAL,program,sensor_drive.py,function,750df67d0c33d1501e8060e5a3b5ce81e437358a154f973070c11cf1d50adae5,左壁追従（超音波のみ）,,250.0,86.58114836932901,64.63581689380847,220.45546283807008,79.27269255767965
112.5,488.44862195633397,262.9363513680978,78.33286305947513,21.665385182786867,-2.179901223731889,27.091707823445045,-6.8121913241621534,408,427,375,435,27.091707823445045,NEUTRAL,program,sensor_drive.py,function,750df67d0c33d1501e8060e5a3b5ce81e437358a154f973070c11cf1d50adae5,左壁追従（超音波のみ）,,250.0,86.46505590171843,64.41302673484137,219.81708315755665,79.46076107162324
112.55,489.50978188993355,263.1544388041286,78.43992903826944,21.667686502118325,-2.1732092958671285,27.09449612672203,-6.791279049584777,408,427,375,435,27.09449612672203,NEUTRAL,program,sensor_drive.py,function,750df67d0c33d1501e8060e5a3b5ce81e437358a154f973070c11cf1d50adae5,左壁追従（超音波のみ）,,250.0,86.35120918283484,64.19228646127038,219.18401915559053,79.64640199400182
112.6,490.5714605846099,263.37056932760987,78.546643991184,21.67002133726217,-2.1658591754826078,27.097558676882247,-6.76830992338315,408,427,375,435,27.097558676882247,NEUTRAL,program,sensor_drive.py,function,750df67d0c33d1501e8060e5a3b5ce81e437358a154f973070c11cf1d50adae5,左壁追従（超音波のみ）,,250.0,86.23954386982787,63.97358955543056,218.5565794935273,79.82966057632429
112.65,491.6336558708801,263.58474911953175,78.65297731023037,21.672429066929215,-2.1578842983853077,27.100881542339454,-6.743388432454086,408,427,375,435,27.100881542339454,NEUTRAL,program,sensor_drive.py,function,750df67d0c33d1501e8060e5a3b5ce81e437358a154f973070c11cf1d50adae5,左壁追従（超音波のみ）,,250.0,86.12999709190224,63.75692817539015,217.93504069527393,80.01058154242932
112.7,492.6963671031601,263.79698523201927,78.75890012913743,21.674937766536065,-2.1493169978599487,27.10445125089169,-6.716615618312339,408,427,375,435,27.10445125089169,NEUTRAL,program,sensor_drive.py,function,750df67d0c33d1501e8060e5a3b5ce81e437358a154f973070c11cf1d50adae5,左壁追従（超音波のみ）,,250.0,86.02250752035248,63.54229338676119,217.31964958880485,80.18920893176279
112.75,493.7595946956301,264.00728545193147,78.86438522023775,21.677566836783875,-2.1401885254418587,27.10825478106589,-6.688089142005808,408,427,375,435,27.10825478106589,NEUTRAL,program,sensor_drive.py,function,750df67d0c33d1501e8060e5a3b5ce81e437358a154f973070c11cf1d50adae5,左壁追従（超音波のみ）,,250.0,85.9170154096967,63.32967534644116,216.71062553063,80.3655859869695
112.8,494.8233397678585,264.21565819247945,78.96940690413152,21.680329038174865,-2.1305290733351683,27.112279552777014,-6.657903354172401,408,428,375,435,27.112279552777014,NEUTRAL,program,sensor_drive.py,function,750df67d0c33d1501e8060e5a3b5ce81e437358a154f973070c11cf1d50adae5,左壁追従（超音波のみ）,,250.0,85.81346261734241,63.11906344915053,216.1081624417524,80.5397550753094
112.85,495.8876038753259,264.42211240650744,79.07394096959956,21.68323206526758,-2.1203677978594464,27.116513417558565,-6.62614936831077,408,428,375,435,27.116513417558565,NEUTRAL,program,sensor_drive.py,function,750df67d0c33d1501e8060e5a3b5ce81e437358a154f973070c11cf1d50adae5,左壁追従（超音波のみ）,,250.0,85.7117926073836,62.91044644513177,215.51243067858974,80.71175763586893
112.9,496.9523888055847,264.62665751654043,79.17796460177982,21.686279764351106,-2.1097328434902396,27.120944648545734,-6.592915135906999,408,428,375,435,27.120944648545734,NEUTRAL,program,sensor_drive.py,function,750df67d0c33d1501e8060e5a3b5ce81e437358a154f973070c11cf1d50adae5,左壁追従（超音波のみ）,,250.0,85.61195044274184,62.70381253545097,214.92357875823643,80.8816341464219
112.95,498.0176964251238,264.82930335783294,79.28145631705036,21.689473074875778,-2.0986513671886167,27.125561930338076,-6.558285522464427,408,428,375,435,27.125561930338076,NEUTRAL,program,sensor_drive.py,function,750df67d0c33d1501e8060e5a3b5ce81e437358a154f973070c11cf1d50adae5,左壁追従（超音波のみ）,,250.0,85.51388276881895,62.499149449864234,214.3417349541589,81.04942410523311
113.0,499.08352856537266,265.03006013151554,79.38439590339647,21.69281075688904,-2.087149562808221,27.130354348829908,-6.52234238377569,408,428,375,435,27.130354348829908,NEUTRAL,program,sensor_drive.py,function,750df67d0c33d1501e8060e5a3b5ce81e437358a154f973070c11cf1d50adae5,左壁追従（超音波のみ）,,250.0,85.41753779103455,62.29644451106828,213.76700877575567,81.21516602419618
113.05,500.1498869388809,265.2289383656061,79.48676436530127,21.69628995270774,-2.07525268543121,27.13531138107033,-6.485164641972531,408,428,375,435,27.13531138107033,NEUTRAL,program,sensor_drive.py,function,750df67d0c33d1501e8060e5a3b5ce81e437358a154f973070c11cf1d50adae5,左壁追従（超音波のみ）,,250.0,85.32286524803405,62.095684688283185,213.1994923430917,81.37889743054015
113.1,501.2167730787326,265.42594888216445,79.58854387240638,21.69990662019633,-2.062985075533717,27.140422885194283,-6.446828361042865,408,428,375,435,27.140422885194283,NEUTRAL,program,sensor_drive.py,function,750df67d0c33d1501e8060e5a3b5ce81e437358a154f973070c11cf1d50adae5,左壁追従（超音波のみ）,,250.0,85.22981638189283,61.89685664243687,212.63926166641465,81.54065487498077
113.15,502.28418829581653,265.6211027692647,79.68971771134852,21.703655866603977,-2.050370182910476,27.145679090453967,-6.407406821595238,408,428,375,435,27.145679090453967,NEUTRAL,program,sensor_drive.py,function,750df67d0c33d1501e8060e5a3b5ce81e437358a154f973070c11cf1d50adae5,左壁追従（超音波のみ）,,250.0,85.13834390631239,61.69994676470492,212.08637783866362,81.70047394468698
113.2,503.35213364979006,265.81441135676323,79.79027024030432,21.707532205392305,-2.037430590311784,27.15107058737009,-6.366970594724325,408,428,375,435,27.15107058737009,NEUTRAL,program,sensor_drive.py,function,750df67d0c33d1501e8060e5a3b5ce81e437358a154f973070c11cf1d50adae5,左壁追従（超音波のみ）,,250.0,85.04840197354535,61.50494120975918,211.54088814808745,81.85838927980816
113.25,504.4206099305136,266.00588619507295,79.89018684587302,21.711529753432576,-2.0241880367624754,27.156588318015636,-6.3255876148827355,408,428,375,435,27.156588318015636,NEUTRAL,program,sensor_drive.py,function,750df67d0c33d1501e8060e5a3b5ce81e437358a154f973070c11cf1d50adae5,左壁追従（超音波のみ）,,250.0,84.95994614059246,61.31182592477268,211.00282711717796,82.01443459259873
113.3,505.48961764745985,266.1955390363369,79.98945390200583,21.715642382036208,-2.0106634405405943,27.16222356644142,-6.283323251689357,408,428,375,435,27.16222356644142,NEUTRAL,program,sensor_drive.py,function,750df67d0c33d1501e8060e5a3b5ce81e437358a154f973070c11cf1d50adae5,左壁追従（超音波のみ）,,250.0,84.87293333507645,61.120586674993284,210.47221747340123,82.16864268839815
113.35,506.55915702517035,266.3833818175298,80.08805873074692,21.71986383224941,-1.9968769218021192,27.167967949249118,-6.240240380631622,408,428,375,435,27.167967949249118,NEUTRAL,program,sensor_drive.py,function,750df67d0c33d1501e8060e5a3b5ce81e437358a154f973070c11cf1d50adae5,左壁追従（超音波のみ）,,250.0,84.78732182108456,60.93120906651443,209.94907105657242,82.32104548789233
113.4,507.62922800326504,266.5694266451244,80.18598956460107,21.724187802492562,-1.9828478248430645,27.17381340631539,-6.1963994526345765,408,428,375,435,27.17381340631539,NEUTRAL,program,sensor_drive.py,function,750df67d0c33d1501e8060e5a3b5ce81e437358a154f973070c11cf1d50adae5,左壁追従（超音波のみ）,,250.0,84.70307116519211,60.74367856673519,209.43338966727262,82.47167405021732
113.45,508.69983023985526,266.7536857810411,80.28323551037835,21.728608014804625,-1.9685947399920598,27.179752191669976,-6.151858562475187,408,428,375,435,27.179752191669976,NEUTRAL,program,sensor_drive.py,function,750df67d0c33d1501e8060e5a3b5ce81e437358a154f973070c11cf1d50adae5,左壁追従（超音波のみ）,,250.0,84.62014220282029,60.557980522890915,208.92516586024226,82.62055859656517
113.5,509.77096311746783,266.93617162966154,80.37978651439323,21.73311826454206,-1.954135525129799,27.18577686452925,-6.106673516030622,408,428,375,435,27.18577686452925,NEUTRAL,program,sensor_drive.py,function,750df67d0c33d1501e8060e5a3b5ce81e437358a154f973070c11cf1d50adae5,左壁追従（超音波のみ）,,250.0,84.53849700503528,60.37410017895654,208.42438368635416,82.76772853402758
113.55,510.8426257507954,267.11689672573624,80.4756333289215,21.73771245728926,-1.939487326832974,27.19188028048626,-6.060897896353044,408,428,375,435,27.19188028048626,NEUTRAL,program,sensor_drive.py,function,750df67d0c33d1501e8060e5a3b5ce81e437358a154f973070c11cf1d50adae5,左壁追従（超音波のみ）,,250.0,84.45809884586146,60.192022691158,207.9310193864779,82.91321247947677
113.6,511.91481699574416,267.29587372305355,80.57076747983137,21.742384635890946,-1.9246666011392597,27.198055582858643,-6.0145831285601865,408,428,375,435,27.198055582858643,NEUTRAL,program,sensor_drive.py,function,750df67d0c33d1501e8060e5a3b5ce81e437358a154f973070c11cf1d50adae5,左壁追従（超音波のみ）,,250.0,84.37891217016183,60.01173314227988,207.44504204025617,83.05703828332626
113.65,512.9875354593731,267.4731153837666,80.66518123532148,21.74712899986111,-1.9096891339339037,27.204296194194207,-5.967778543543449,409,428,375,435,27.204296194194207,NEUTRAL,program,sensor_drive.py,function,750df67d0c33d1501e8060e5a3b5ce81e437358a154f973070c11cf1d50adae5,左壁追従（超音波のみ）,,250.0,84.3009025621131,59.83321655491905,206.96641417262845,83.19923305305257
113.7,514.0607795104127,267.64863456829465,80.75886757570953,21.751939918914974,-1.8945700609565268,27.21059580793478,-5.920531440489146,409,428,375,435,27.21059580793478,NEUTRAL,program,sensor_drive.py,function,750df67d0c33d1501e8060e5a3b5ce81e437358a154f973070c11cf1d50adae5,左壁追従（超音波のみ）,,250.0,84.22403671429386,59.65645790380366,206.49509232071347,83.33982317638676
113.75,515.1345472901247,267.822444225736,80.85182016422095,21.7568119419772,-1.8793238874259897,27.21694838023917,-5.8728871482062175,409,428,375,435,27.21694838023917,NEUTRAL,program,sensor_drive.py,function,750df67d0c33d1501e8060e5a3b5ce81e437358a154f973070c11cf1d50adae5,左壁追従（超音波のみ）,,250.0,84.14828239739906,59.48144212727648,206.0310275634757,83.47883434410406
113.8,516.2088367233229,267.99455738473944,80.94403331873718,21.761739802714295,-1.8639645072852977,27.22334812196446,-5.824889085266555,409,428,375,435,27.22334812196446,NEUTRAL,program,sensor_drive.py,function,750df67d0c33d1501e8060e5a3b5ce81e437358a154f973070c11cf1d50adae5,左壁追従（超音波のみ）,,250.0,84.07360843057724,59.3081541380227,205.57416601647495,83.61629157236011
113.85,517.2836455294146,268.16498714479366,81.03550198446447,21.76671842240334,-1.8485052220638307,27.229789490806738,-5.776578818949471,409,428,375,435,27.229789490806738,NEUTRAL,program,sensor_drive.py,function,750df67d0c33d1501e8060e5a3b5ce81e437358a154f973070c11cf1d50adae5,左壁追従（超音波のみ）,,250.0,83.99998465239281,59.13657883310719,205.1244492938087,83.75221922453454
113.9,518.3589712333614,268.33374666790127,81.12622170749131,21.771742910765802,-1.8329587593589838,27.23626718360042,-5.727996122996824,409,428,375,435,27.23626718360042,NEUTRAL,program,sensor_drive.py,function,750df67d0c33d1501e8060e5a3b5ce81e437358a154f973070c11cf1d50adae5,左壁追従（超音波のみ）,,250.0,83.92738189240373,58.966701103379094,204.68181493927048,83.88664103255238
113.95,519.4348111764807,268.5008491706093,81.21618860920535,21.77680856525382,-1.8173372909365104,27.242776128776455,-5.679179034176595,409,429,375,435,27.242776128776455,NEUTRAL,program,sensor_drive.py,function,750df67d0c33d1501e8060e5a3b5ce81e437358a154f973070c11cf1d50adae5,左壁追従（超音波のみ）,,250.0,83.85577194334802,58.798505842289735,204.24619682858975,84.0195801176653
114.0,520.5111625270309,268.6663079163737,81.3053993615398,21.781910869166225,-1.8016524504490952,27.249311478979543,-5.630163907653422,409,429,375,435,27.249311478979543,NEUTRAL,program,sensor_drive.py,function,750df67d0c33d1501e8060e5a3b5ce81e437358a154f973070c11cf1d50adae5,左壁追従（超音波のみ）,,250.0,83.78512753393211,58.631977954165286,203.81752554450736,84.15105901067543
114.05,521.5880222905389,268.83013620823954,81.39385116302765,21.78704548888666,-1.785915350776113,27.255868603843286,-5.580985471175353,409,429,375,435,27.255868603843286,NEUTRAL,program,sensor_drive.py,function,750df67d0c33d1501e8060e5a3b5ce81e437358a154f973070c11cf1d50adae5,左壁追従（超音波のみ）,,250.0,83.71542230220581,58.467102361970134,203.39572872637754,84.28109967159749
114.1,522.6653873198414,268.9923473818198,81.4815417156376,21.79220827047003,-1.7701366009830384,27.262443082923735,-5.531676878071995,409,429,375,435,27.262443082923735,NEUTRAL,program,sensor_drive.py,function,750df67d0c33d1501e8060e5a3b5ce81e437358a154f973070c11cf1d50adae5,左壁追従（超音波のみ）,,250.0,83.64663076951906,58.30386401459221,202.98073139582175,84.4097235087526
114.15,523.7432543248182,269.1529547985593,81.56846920237092,21.797395235752703,-1.7543263229031993,27.269030698790335,-5.482269759072498,409,429,375,435,27.269030698790335,NEUTRAL,program,sensor_drive.py,function,750df67d0c33d1501e8060e5a3b5ce81e437358a154f973070c11cf1d50adae5,左壁追従（超音波のみ）,,250.0,83.57872831504666,58.142247893678565,202.5724562599248,84.53695139729442
114.2,524.8216198818046,269.3119718392715,81.65463226559712,21.802602578121892,-1.7384941673428762,27.2756274302738,-5.432794272946488,409,429,375,435,27.2756274302738,NEUTRAL,program,sensor_drive.py,function,750df67d0c33d1501e8060e5a3b5ce81e437358a154f973070c11cf1d50adae5,左壁追従（超音波のみ）,,250.0,83.5116911508711,57.982239020045974,202.1708239933479,84.66280369716934
114.25,525.9004804426792,269.4694118979373,81.74002998610985,21.807826658049358,-1.7226493299116579,27.282229445870144,-5.383279155973931,409,429,375,435,27.282229445870144,NEUTRAL,program,sensor_drive.py,function,750df67d0c33d1501e8060e5a3b5ce81e437358a154f973070c11cf1d50adae5,左壁追従（超音波のみ）,,250.0,83.44549629761448,57.82382245969177,201.77575350066786,84.78730027051651
114.3,526.9798323436182,269.6252883757562,81.82466186288224,21.81306399847044,-1.7068005664795283,27.288833097300195,-5.333751770248526,409,429,375,435,27.288833097300195,NEUTRAL,program,sensor_drive.py,function,750df67d0c33d1501e8060e5a3b5ce81e437358a154f973070c11cf1d50adae5,左壁追従（超音波のみ）,,250.0,83.38012156060935,57.66698332942388,201.38716216015084,84.91046049851093
114.35,528.0596718135201,269.7796146754411,81.90852779350342,21.81831128007117,-1.6909562082638,27.295434913223417,-5.284238150824375,409,429,375,435,27.295434913223417,NEUTRAL,program,sensor_drive.py,function,750df67d0c33d1501e8060e5a3b5ce81e437358a154f973070c11cf1d50adae5,左壁追従（超音波のみ）,,250.0,83.31554550659814,57.51170680213114,201.0049660501311,85.03230329766167
114.4,529.1399949821027,269.93240419574784,81.99162805527908,21.823565336531775,-1.6751241765480813,27.302031593104967,-5.234763051712754,409,429,375,435,27.302031593104967,NEUTRAL,program,sensor_drive.py,function,750df67d0c33d1501e8060e5a3b5ce81e437358a154f973070c11cf1d50adae5,左壁追従（超音波のみ）,,250.0,83.25174744095348,57.35797811171318,200.6290801590753,85.15284713557055
114.45,530.2207978876747,270.08367032623283,82.07396328697706,21.82882314976388,-1.6593119970357781,27.30862000123509,-5.185349990736807,409,429,375,435,27.30862000123509,NEUTRAL,program,sensor_drive.py,function,750df67d0c33d1501e8060e5a3b5ce81e437358a154f973070c11cf1d50adae5,左壁追従（超音波のみ）,,250.0,83.18870738541023,57.2057825576847,200.25941858034062,85.27211004616282
114.5,531.3020764845903,270.2334264422311,82.15553447120186,21.83408184516999,-1.6435268138418337,27.315197160899235,-5.13602129325573,409,429,375,435,27.315197160899235,NEUTRAL,program,sensor_drive.py,function,750df67d0c33d1501e8060e5a3b5ce81e437358a154f973070c11cf1d50adae5,左壁追従（超音波のみ）,,250.0,83.12640605630124,57.05510550947335,199.89589469260721,85.39010964440031
114.55,532.3838266503908,270.38168590004796,82.23634291738097,21.83933868694718,-1.627775403125945,27.321760248697522,-5.0867981347685784,409,429,375,435,27.321760248697522,NEUTRAL,program,sensor_drive.py,function,750df67d0c33d1501e8060e5a3b5ce81e437358a154f973070c11cf1d50adae5,左壁追従（超音波のみ）,,250.0,83.06482484328808,56.90593241042459,199.53842132687433,85.50686314048772
114.6,533.4660441926429,270.52846203235765,82.31639024534678,21.844591073451685,-1.612064186370418,27.328306589012325,-5.037700582407556,409,429,375,435,27.328306589012325,NEUTRAL,program,sensor_drive.py,function,750df67d0c33d1501e8060e5a3b5ce81e437358a154f973070c11cf1d50adae5,左壁追従（超音波のみ）,,250.0,83.00394578858058,56.75824878152867,199.1869109208763,85.6223873535855
114.65,534.548724855479,270.67376814380384,82.395678369498,21.849836532637077,-1.5963992433074008,27.334833648621917,-4.988747635335628,409,429,375,435,27.334833648621917,NEUTRAL,program,sensor_drive.py,function,750df67d0c33d1501e8060e5a3b5ce81e437358a154f973070c11cf1d50adae5,左壁追従（超音波のみ）,,250.0,82.94375156663604,56.612040224884154,198.84127566171495,85.73669872503794
114.7,535.6318643258496,270.8176175067941,82.47420948352499,21.855072717575453,-1.5807863244985605,27.341339031458933,-4.939957264058002,409,429,375,435,27.341339031458933,NEUTRAL,program,sensor_drive.py,function,750df67d0c33d1501e8060e5a3b5ce81e437358a154f973070c11cf1d50adae5,左壁追従（超音波のみ）,,250.0,82.88422546433279,56.46729242691012,198.50142761746415,85.8498133311335
114.75,536.7154582394962,270.96002335748403,82.55198604568386,21.860297402068763,-1.5652308635723795,27.347820473511508,-4.891346448663686,409,429,375,435,27.347820473511508,NEUTRAL,program,sensor_drive.py,function,750df67d0c33d1501e8060e5a3b5ce81e437358a154f973070c11cf1d50adae5,左壁追従（超音波のみ）,,250.0,82.82535136160969,56.32399116132031,198.16727885844875,85.96174689540572
114.8,537.7995021866517,271.1009988919456,82.62901076460344,21.865508476355295,-1.5497379891227423,27.354275837865526,-4.842931216008569,409,429,375,435,27.354275837865526,NEUTRAL,program,sensor_drive.py,function,750df67d0c33d1501e8060e5a3b5ce81e437358a154f973070c11cf1d50adae5,左壁追従（超音波のみ）,,250.0,82.76711371256681,56.18212229187123,197.83874156885983,86.07251480048888
114.85,538.8839917174777,271.24055726251294,82.70528658561182,21.870703942914936,-1.5343125362748855,27.360703109885463,-4.7947266758590175,409,429,375,435,27.360703109885463,NEUTRAL,program,sensor_drive.py,function,750df67d0c33d1501e8060e5a3b5ce81e437358a154f973070c11cf1d50adae5,左壁追従（超音波のみ）,,250.0,82.70949752701671,56.0416717748947,197.51572814934414,86.18213209954274
114.9,539.9692977165155,271.378841181135,82.77231696772134,21.888753488886334,-1.34761267150412,27.438494720206617,-4.211289598450374,409,430,375,435,27.438494720206617,NEUTRAL,program,sensor_drive.py,function,750df67d0c33d1501e8060e5a3b5ce81e437358a154f973070c11cf1d50adae5,左壁追従（超音波のみ）,,250.0,82.65248835248607,55.28963547795169,197.19815131113228,86.29061352725644
114.95,541.0560144080904,271.51611656200635,82.82860296706872,21.919056244993133,-1.1303493384333427,27.529021108986107,-3.532341682604196,409,431,375,435,27.529021108986107,NEUTRAL,program,sensor_drive.py,function,750df67d0c33d1501e8060e5a3b5ce81e437358a154f973070c11cf1d50adae5,左壁追従（超音波のみ）,,250.0,82.57650993292364,54.40061479109499,196.9614452729979,86.40442428349739
115.0,542.1443231969378,271.6525411618664,82.88134804259408,21.947977338501286,-1.0578337583225892,27.559235934032255,-3.305730494758091,409,431,375,435,27.559235934032255,NEUTRAL,program,sensor_drive.py,function,750df67d0c33d1501e8060e5a3b5ce81e437358a154f973070c11cf1d50adae5,左壁追従（超音波のみ）,,250.0,82.47761342035086,53.99832054569373,196.8184491626612,86.524957916471
115.05,543.233823488942,271.78805790323383,82.93809203597709,21.96444087486944,-1.1369054396433944,27.526289400148585,-3.5528294988856075,409,431,375,435,27.526289400148585,NEUTRAL,program,sensor_drive.py,function,750df67d0c33d1501e8060e5a3b5ce81e437358a154f973070c11cf1d50adae5,左壁追従（超音波のみ）,,250.0,82.37188840626368,54.12952727982642,196.70525707884357,86.64704901350537
115.1,544.3233257657969,271.92229538988374,83.01389198479649,21.948508957096816,-1.5187630151566076,27.36718207701808,-4.746134422364399,409,430,375,435,27.36718207701808,NEUTRAL,program,sensor_drive.py,function,750df67d0c33d1501e8060e5a3b5ce81e437358a154f973070c11cf1d50adae5,左壁追従（超音波のみ）,,250.0,82.2766186742023,55.35040912688353,196.55536098657223,86.76505328663248
115.15,545.4123593106954,272.0550214658347,83.08878759768413,21.93746133013657,-1.5015391043935495,27.374358706502687,-4.692309701229842,409,430,375,435,27.374358706502687,NEUTRAL,program,sensor_drive.py,function,750df67d0c33d1501e8060e5a3b5ce81e437358a154f973070c11cf1d50adae5,左壁追従（超音波のみ）,,250.0,82.22688162539822,55.216807697129546,196.23685505174507,86.86743968751696
115.2,546.5011290305209,272.1862797465215,83.16280332617566,21.930183394157236,-1.484499870678045,27.38145838721748,-4.639062095868891,409,430,375,435,27.38145838721748,NEUTRAL,program,sensor_drive.py,function,750df67d0c33d1501e8060e5a3b5ce81e437358a154f973070c11cf1d50adae5,左壁追従（超音波のみ）,,250.0,82.17757952195363,55.08469576415371,195.92467650841274,86.96870865775846
115.25,547.589792254227,272.3161068948972,83.23595974926974,21.92581197630184,-1.467642118403349,27.388482450665272,-4.5863816200104655,409,430,375,435,27.388482450665272,NEUTRAL,program,sensor_drive.py,function,750df67d0c33d1501e8060e5a3b5ce81e437358a154f973070c11cf1d50adae5,左壁追従（超音波のみ）,,250.0,82.12869473719543,54.954029430313376,195.61861939285743,87.0688940170206
115.3,548.6784694726293,272.44453422,83.30827448327,21.92367861349955,-1.4509633900736083,27.395431920802665,-4.534260593980026,409,430,375,435,27.395431920802665,NEUTRAL,program,sensor_drive.py,function,750df67d0c33d1501e8060e5a3b5ce81e437358a154f973070c11cf1d50adae5,左壁追従（超音波のみ）,,250.0,82.0802123747072,54.82477175621956,195.3184990643925,87.16802420283685
115.35,549.7672526572951,272.57158890114243,83.37976287713246,21.923265631923584,-1.4344617689542258,27.402307596269072,-4.482693027981956,409,430,375,435,27.402307596269072,NEUTRAL,program,sensor_drive.py,function,750df67d0c33d1501e8060e5a3b5ce81e437358a154f973070c11cf1d50adae5,左壁追従（超音波のみ）,,250.0,82.0321196934712,54.696891169953446,195.02414768983468,87.26612348816101
115.4,550.8562117042394,272.6972949254631,83.45043854366816,21.924172135694057,-1.4181357288602827,27.409110112974883,-4.431674152688384,409,430,375,435,27.409110112974883,NEUTRAL,program,sensor_drive.py,function,750df67d0c33d1501e8060e5a3b5ce81e437358a154f973070c11cf1d50adae5,左壁追従（超音波のみ）,,250.0,81.98440566467389,54.570360248446285,194.7354108065945,87.36321291516873
115.45,551.9453994251359,272.82167380599213,83.5203137651331,21.92608766895354,-1.401984020134034,27.41583999161082,-4.381200062918856,409,430,375,435,27.41583999161082,NEUTRAL,program,sensor_drive.py,function,750df67d0c33d1501e8060e5a3b5ce81e437358a154f973070c11cf1d50adae5,左壁追従（超音波のみ）,,250.0,81.93706062942627,54.445154783798564,194.45214470345638,87.45931101175425
115.5,553.0348554134579,272.9447451316375,83.58939980269918,21.928771819953493,-1.3860055833885014,27.422497673588126,-4.331267448089067,409,430,375,435,27.422497673588126,NEUTRAL,program,sensor_drive.py,function,750df67d0c33d1501e8060e5a3b5ce81e437358a154f973070c11cf1d50adae5,左壁追従（超音波のみ）,,250.0,81.89007603387384,54.32125306778524,194.17421442142864,87.55443434156807
115.55,554.1246090391642,273.06652698845295,83.65770713238226,21.932038426456874,-1.3701994845412206,27.429083548107826,-4.281873389191315,409,430,375,435,27.429083548107826,NEUTRAL,program,sensor_drive.py,function,750df67d0c33d1501e8060e5a3b5ce81e437358a154f973070c11cf1d50adae5,左壁追従（超音波のみ）,,250.0,81.84344422368474,54.19863534345132,193.90149222494804,87.64859792651835
115.6,555.2146817683711,273.1870362823291,83.72524562471233,21.935743344276144,-1.3545648661591678,27.43559797243368,-4.2330152067474,409,430,375,435,27.43559797243368,NEUTRAL,program,sensor_drive.py,function,750df67d0c33d1501e8060e5a3b5ce81e437358a154f973070c11cf1d50adae5,左壁追従（超音波のみ）,,250.0,81.79715828412323,54.07728338467758,193.6338564299788,87.74181557153946
115.65,556.3050889601659,273.30628898618824,83.79202468137947,21.939774975018477,-1.3391009112872343,27.44204128696365,-4.184690347772607,409,430,375,435,27.44204128696365,NEUTRAL,program,sensor_drive.py,function,750df67d0c33d1501e8060e5a3b5ce81e437358a154f973070c11cf1d50adae5,左壁追従（超音波のみ）,,250.0,81.75121191514096,53.95718017375806,193.37119050298745,87.83410011445083
115.7,557.3958412584238,273.424300329364,83.85805333898543,21.94404693050473,-1.3238068168177495,27.448413826325936,-4.136896302555467,409,430,375,435,27.448413826325936,NEUTRAL,program,sensor_drive.py,function,750df67d0c33d1501e8060e5a3b5ce81e437358a154f973070c11cf1d50adae5,左壁追従（超音波のみ）,,250.0,81.70559933339656,53.83830965405367,193.11338236555858,87.92546361838387
115.75,558.4869456699105,273.54108494270434,83.92334034765844,21.948492351793004,-1.3086817741427574,27.454715927440517,-4.089630544196117,409,430,375,435,27.454715927440517,NEUTRAL,program,sensor_drive.py,function,750df67d0c33d1501e8060e5a3b5ce81e437358a154f973070c11cf1d50adae5,左壁追従（超音波のみ）,,250.0,81.66031519499343,53.720656540150415,192.86032385520392,88.01591752016887
115.8,559.5784063993858,273.6566569697701,83.98789423046799,21.953059509507472,-1.2937249553516397,27.46094793527015,-4.042890485473874,409,430,375,435,27.46094793527015,NEUTRAL,program,sensor_drive.py,function,750df67d0c33d1501e8060e5a3b5ce81e437358a154f973070c11cf1d50adae5,左壁追従（超音波のみ）,,250.0,81.61535453418448,53.60420617206686,192.61191030483135,88.1054727449409
115.85,560.6702254964721,273.77103015207325,84.05172332818586,21.95770839640008,-1.278935503643411,27.467110206815246,-3.996673448885659,409,430,375,435,27.467110206815246,NEUTRAL,program,sensor_drive.py,function,750df67d0c33d1501e8060e5a3b5ce81e437358a154f973070c11cf1d50adae5,左壁追従（超音波のみ）,,250.0,81.57071271439388,53.488944403206,192.3680402124269,88.19413979482269
115.9,561.7621662417214,273.88414180564024,84.1201845950743,21.954339049346295,-1.3717275482850033,27.428446854881248,-4.286648588390635,409,430,375,435,27.428446854881248,NEUTRAL,program,sensor_drive.py,function,750df67d0c33d1501e8060e5a3b5ce81e437358a154f973070c11cf1d50adae5,左壁追従（超音波のみ）,,250.0,81.26115392099646,53.374857514153426,192.12861497934728,88.28192881771007
115.95,562.8532882498021,273.99567595530027,84.20684591639622,21.92423424731931,-1.7377378827748686,27.275942548843805,-5.430430883671464,409,429,375,435,27.275942548843805,NEUTRAL,program,sensor_drive.py,function,750df67d0c33d1501e8060e5a3b5ce81e437358a154f973070c11cf1d50adae5,左壁追従（超音波のみ）,,250.0,80.28903466244431,53.262594301462606,191.85002055440478,88.36495062563928
116.0,563.9426395351726,274.10522648468344,84.30787680723085,21.879013110635086,-2.029280888729078,27.154466296362884,-6.341502777278368,408,428,375,435,27.154466296362884,NEUTRAL,program,sensor_drive.py,function,750df67d0c33d1501e8060e5a3b5ce81e437358a154f973070c11cf1d50adae5,左壁追従（超音波のみ）,,250.0,79.5128132520185,53.153985677705066,191.4227193666503,88.4332295673996
116.05,565.0298398597105,274.21254082568845,84.41764939360701,21.83044794325475,-2.2094600249925036,27.079391656253122,-6.904562578101574,408,427,375,435,27.079391656253122,NEUTRAL,program,sensor_drive.py,function,750df67d0c33d1501e8060e5a3b5ce81e437358a154f973070c11cf1d50adae5,左壁追従（超音波のみ）,,250.0,79.01107797265591,53.04908999053825,190.8790184316531,88.48914065939567
116.1,566.1153957019131,274.31764644592806,84.52185000156737,21.800977252855034,-2.100969909042355,27.12459587123235,-6.565530965757359,408,428,375,435,27.12459587123235,NEUTRAL,program,sensor_drive.py,function,750df67d0c33d1501e8060e5a3b5ce81e437358a154f973070c11cf1d50adae5,左壁追従（超音波のみ）,,250.0,79.19476213812874,52.94759807641305,190.26543499808648,88.5364894749504
116.15,567.2045064577883,274.42178475183783,84.54142252943217,21.934398132359817,-0.020969909042354972,27.99126253789902,-0.06553096575735928,409,434,375,435,27.99126253789902,NEUTRAL,program,sensor_drive.py,function,750df67d0c33d1501e8060e5a3b5ce81e437358a154f973070c11cf1d50adae5,左壁追従（超音波のみ）,,250.0,250.0,52.84789251104236,189.69625277651022,88.58542158934596
116.2,568.2994074529915,274.5264128738097,84.54142252943217,22.03932646241901,0.0,28.0,0.0,410,435,375,435,28.0,NEUTRAL,program,sensor_drive.py,function,750df67d0c33d1501e8060e5a3b5ce81e437358a154f973070c11cf1d50adae5,左壁追従（超音波のみ）,,250.0,250.0,52.7396173149965,189.79311192608517,88.69254414939124
116.25,569.3988201822714,274.631472134547,84.54142252943217,22.120608077947583,0.0,28.0,0.0,410,435,375,435,28.0,NEUTRAL,program,sensor_drive.py,function,750df67d0c33d1501e8060e5a3b5ce81e437358a154f973070c11cf1d50adae5,左壁追従（超音波のみ）,,250.0,250.0,52.62859425546054,190.045014827788,88.81392306340793
116.3,570.5017278783956,274.736865372346,84.54142252943217,22.18357201742139,0.0,28.0,0.0,410,435,375,435,28.0,NEUTRAL,program,sensor_drive.py,function,750df67d0c33d1501e8060e5a3b5ce81e437358a154f973070c11cf1d50adae5,左壁追従（超音波のみ）,,250.0,250.0,52.51711370568278,190.29795574015182,88.93580214080467
116.35,571.6073429134353,274.8425173219258,84.54142252943217,22.23234636384992,0.0,28.0,0.0,410,435,375,435,28.0,NEUTRAL,program,sensor_drive.py,function,750df67d0c33d1501e8060e5a3b5ce81e437358a154f973070c11cf1d50adae5,左壁追従（超音波のみ）,,250.0,250.0,52.40527876595218,190.5517007364404,89.0580686644472
116.4,572.715055159788,274.94836967983656,84.54142252943217,22.270128892856384,0.0,28.0,0.0,410,435,375,435,28.0,NEUTRAL,program,sensor_drive.py,function,750df67d0c33d1501e8060e5a3b5ce81e437358a154f973070c11cf1d50adae5,左壁追従（超音波のみ）,,250.0,250.0,52.29316930181174,190.80606860779403,89.18063531920555
116.45,573.8243919885915,275.0543772819306,84.54142252943217,22.299396727336056,0.0,28.0,0.0,410,435,375,435,28.0,NEUTRAL,program,sensor_drive.py,function,750df67d0c33d1501e8060e5a3b5ce81e437358a154f973070c11cf1d50adae5,左壁追従（超音波のみ）,,250.0,250.0,52.18084718025529,191.06091898269588,89.30343446734247
116.5,574.9349872829218,275.16050514228107,84.54142252943217,22.322068744208796,0.0,28.0,0.0,410,435,375,435,28.0,NEUTRAL,program,sensor_drive.py,function,750df67d0c33d1501e8060e5a3b5ce81e437358a154f973070c11cf1d50adae5,左壁追従（超音波のみ）,,250.0,250.0,52.06836032589202,191.31614312384247,89.42641371400379
116.55,576.0465574341954,275.2667261594116,84.54142252943217,22.339631381083585,0.0,28.0,0.0,410,435,375,435,28.0,NEUTRAL,program,sensor_drive.py,function,750df67d0c33d1501e8060e5a3b5ce81e437358a154f973070c11cf1d50adae5,左壁追従（超音波のみ）,,250.0,250.0,51.955745863011,191.57165679903756,89.54953247207263
116.6,577.158882748038,275.3730193394516,84.54142252943217,22.353236091053898,0.0,28.0,0.0,410,435,375,435,28.0,NEUTRAL,program,sensor_drive.py,function,750df67d0c33d1501e8060e5a3b5ce81e437358a154f973070c11cf1d50adae5,左壁追従（超音波のみ）,,250.0,250.0,51.8430325495481,191.82739475870574,89.67275930117039
116.65,578.2717930405373,275.4793684197223,84.54142252943217,22.363774835019044,0.0,28.0,0.0,410,435,375,435,28.0,NEUTRAL,program,sensor_drive.py,function,750df67d0c33d1501e8060e5a3b5ce81e437358a154f973070c11cf1d50adae5,左壁追従（超音波のみ）,,250.0,250.0,51.73024266253259,192.0833064579572,89.79606984634206
116.7,579.3851564805349,275.58576080251254,84.54142252943217,22.371938561008452,0.0,28.0,0.0,410,435,375,435,28.0,NEUTRAL,program,sensor_drive.py,function,750df67d0c33d1501e8060e5a3b5ce81e437358a154f973070c11cf1d50adae5,左壁追従（超音波のみ）,,250.0,250.0,51.617393458628705,192.33935274272957,89.91944524128029
116.75,580.4988709464253,275.6921867291393,84.54142252943217,22.378262504568568,0.0,28.0,0.0,410,435,375,435,28.0,NEUTRAL,program,sensor_drive.py,function,750df67d0c33d1501e8060e5a3b5ce81e437358a154f973070c11cf1d50adae5,左壁追従（超音波のみ）,,250.0,250.0,51.5044983055276,192.59550328274548,90.04287087140105
116.8,581.6128573307922,275.7986386401423,84.54142252943217,22.383161280226087,0.0,28.0,0.0,410,435,375,435,28.0,NEUTRAL,program,sensor_drive.py,function,750df67d0c33d1501e8060e5a3b5ce81e437358a154f973070c11cf1d50adae5,左壁追従（超音波のみ）,,250.0,250.0,51.391567558369324,192.85173458297754,90.16633541567191
116.85,582.7270543539165,275.90511067966634,84.54142252943217,22.386956064716895,0.0,28.0,0.0,410,435,375,435,28.0,NEUTRAL,program,sensor_drive.py,function,750df67d0c33d1501e8060e5a3b5ce81e437358a154f973070c11cf1d50adae5,左壁追従（超音波のみ）,,250.0,250.0,51.278609238653104,193.10802844325238,90.28983010437541
116.9,583.8414145461153,276.0115983115351,84.54142252943217,22.389895654185448,0.0,28.0,0.0,410,435,375,435,28.0,NEUTRAL,program,sensor_drive.py,function,750df67d0c33d1501e8060e5a3b5ce81e437358a154f973070c11cf1d50adae5,左壁追従（超音波のみ）,,250.0,250.0,51.16562956014785,193.36437076499962,89.90400547247896
116.95,584.9559011355032,276.1180980218481,84.54142252943217,22.39217277592045,0.0,28.0,0.0,410,435,375,435,28.0,NEUTRAL,program,sensor_drive.py,function,750df67d0c33d1501e8060e5a3b5ce81e437358a154f973070c11cf1d50adae5,左壁追従（超音波のみ）,,250.0,250.0,51.05263333628377,193.62075062691113,89.18300420200652
117.0,586.0704856371301,276.2246070885994,84.54142252943217,22.393936724067455,0.0,28.0,0.0,410,435,375,435,28.0,NEUTRAL,program,sensor_drive.py,function,750df67d0c33d1501e8060e5a3b5ce81e437358a154f973070c11cf1d50adae5,左壁追従（超音波のみ）,,250.0,250.0,50.9396242957333,193.87715956891202,88.89289698055667
117.05,587.1851459854322,276.33112340321617,84.54142252943217,22.395303147749374,0.0,28.0,0.0,410,435,375,435,28.0,NEUTRAL,program,sensor_drive.py,function,750df67d0c33d1501e8060e5a3b5ce81e437358a154f973070c11cf1d50adae5,左壁追従（超音波のみ）,,250.0,250.0,50.82660532687302,194.13359103749488,89.17913215260654
117.1,588.2998650875548,276.43764533231496,84.54142252943217,22.396361633329963,0.0,28.0,0.0,410,435,375,435,28.0,NEUTRAL,program,sensor_drive.py,function,750df67d0c33d1501e8060e5a3b5ce81e437358a154f973070c11cf1d50adae5,左壁追従（超音波のみ）,,250.0,250.0,50.71357866715309,194.39003995605498,90.90756481139526
117.15,589.4146297027002,276.54417161061264,84.54142252943217,22.397181577933633,0.0,28.0,0.0,410,435,375,435,28.0,NEUTRAL,program,sensor_drive.py,function,750df67d0c33d1501e8060e5a3b5ce81e437358a154f973070c11cf1d50adae5,左壁追従（超音波のみ）,,250.0,250.0,50.60054604979043,194.6465023920546,91.0311407279777
117.2,590.5294295740248,276.65070125797087,84.54142252943217,22.397816739305135,0.0,28.0,0.0,410,435,375,435,28.0,NEUTRAL,program,sensor_drive.py,function,750df67d0c33d1501e8060e5a3b5ce81e437358a154f973070c11cf1d50adae5,左壁追従（超音波のみ）,,250.0,250.0,50.48750881740307,194.90297529919522,91.1547216900587
117.25,591.6442567561738,276.7572335151361,84.54142252943217,22.39830876031003,0.0,28.0,0.0,410,435,375,435,28.0,NEUTRAL,program,sensor_drive.py,function,750df67d0c33d1501e8060e5a3b5ce81e437358a154f973070c11cf1d50adae5,左壁追従（超音波のみ）,,250.0,250.0,50.37446801003603,195.15945631769358,91.27830656058133
117.3,592.7591050943629,276.8637677939605,84.54142252943217,22.39868989915146,0.0,28.0,0.0,410,435,375,435,28.0,NEUTRAL,program,sensor_drive.py,function,750df67d0c33d1501e8060e5a3b5ce81e437358a154f973070c11cf1d50adae5,左壁追従（超音波のみ）,,250.0,250.0,50.261424433348935,195.41594361956913,91.40189445873682
117.35,593.8739698208532,276.9703036388418,84.54142252943217,22.398985144303598,0.0,28.0,0.0,410,435,375,435,28.0,NEUTRAL,program,sensor_drive.py,function,750df67d0c33d1501e8060e5a3b5ce81e437358a154f973070c11cf1d50adae5,左壁追従（超音波のみ）,,250.0,250.0,50.14837871143753,195.67243578879595,91.52548470221586
117.4,594.9888472423671,277.0768406968524,84.54142252943217,22.39921385282235,0.0,28.0,0.0,410,435,375,435,28.0,NEUTRAL,program,sensor_drive.py,function,750df67d0c33d1501e8060e5a3b5ce81e437358a154f973070c11cf1d50adae5,左壁追従（超音波のみ）,,250.0,250.0,50.03533132775085,195.92893172846482,91.64907676247495
117.45,596.1037344979459,277.18337869460066,84.54142252943217,22.3993910194453,0.0,28.0,0.0,410,435,375,435,28.0,NEUTRAL,program,sensor_drive.py,function,750df67d0c33d1501e8060e5a3b5ce81e437358a154f973070c11cf1d50adae5,左壁追従（超音波のみ）,,250.0,250.0,49.92228265678765,196.1854305888665,91.77267023008334
117.5,597.2186293713786,277.28991742030684,84.54142252943217,22.39952825968655,0.0,28.0,0.0,410,435,375,435,28.0,NEUTRAL,program,sensor_drive.py,function,750df67d0c33d1501e8060e5a3b5ce81e437358a154f973070c11cf1d50adae5,左壁追従（超音波のみ）,,250.0,250.0,49.80923298864941,196.4419317117827,91.89626478787987
117.55,598.3335301459009,277.3964567099178,84.54142252943217,22.399634571380624,0.0,28.0,0.0,410,435,375,435,28.0,NEUTRAL,program,sensor_drive.py,function,750df67d0c33d1501e8060e5a3b5ce81e437358a154f973070c11cf1d50adae5,左壁追従（超音波のみ）,,250.0,250.0,49.696182548060015,196.698434587332,92.0198601901792
117.6,599.4484354916395,277.5029964363516,84.54142252943217,22.39971692460438,0.0,28.0,0.0,410,435,375,435,28.0,NEUTRAL,program,sensor_drive.py,function,750df67d0c33d1501e8060e5a3b5ce81e437358a154f973070c11cf1d50adae5,左壁追従（超音波のみ）,,250.0,250.0,49.5831315090996,196.95493882053975,92.14345624666355
117.65,600.5633443784222,277.6095365011657,84.54142252943217,22.399780718653776,0.0,28.0,0.0,410,435,375,435,28.0,NEUTRAL,program,sensor_drive.py,function,750df67d0c33d1501e8060e5a3b5ce81e437358a154f973070c11cf1d50adae5,左壁追従（超音波のみ）,,250.0,250.0,49.47008000661744,197.2114441054432,92.2670528099054
117.7,601.6782560082371,277.7160768281023,84.54142252943217,22.39983013603603,0.0,28.0,0.0,410,435,375,435,28.0,NEUTRAL,program,sensor_drive.py,function,750df67d0c33d1501e8060e5a3b5ce81e437358a154f973070c11cf1d50adae5,左壁追従（超音波のみ）,,250.0,250.0,49.35702814507302,197.46795020503166,92.3906497657016
117.75,602.7931697629128,277.82261735808936,84.54142252943217,22.39986841668591,0.0,28.0,0.0,410,435,375,435,28.0,NEUTRAL,program,sensor_drive.py,function,750df67d0c33d1501e8060e5a3b5ce81e437358a154f973070c11cf1d50adae5,左壁追従（超音波のみ）,,250.0,250.0,49.243976005384944,197.72445693570697,92.51424702558576
117.8,603.9080851635892,277.9291580453673,84.54142252943217,22.399898070384424,0.0,28.0,0.0,410,435,375,435,28.0,NEUTRAL,program,sensor_drive.py,function,750df67d0c33d1501e8060e5a3b5ce81e437358a154f973070c11cf1d50adae5,左壁追従（超音波のみ）,,250.0,250.0,49.13092365023586,197.980964155247,92.6378445210284
117.85,605.0230018393228,278.03569885448894,84.54142252943217,22.399921041306772,0.0,28.0,0.0,410,435,375,435,28.0,NEUTRAL,program,sensor_drive.py,function,750df67d0c33d1501e8060e5a3b5ce81e437358a154f973070c11cf1d50adae5,左壁追従（超音波のみ）,,250.0,250.0,49.0178711281822,197.2979088630024,92.76144219894391
117.9,606.1379195027655,278.1422397579956,84.54142252943217,22.39993883548759,0.0,28.0,0.0,410,435,375,435,28.0,NEUTRAL,program,sensor_drive.py,function,750df67d0c33d1501e8060e5a3b5ce81e437358a154f973070c11cf1d50adae5,左壁追従（超音波のみ）,,250.0,250.0,48.90481847683762,196.47300644367823,92.88504001821016
117.95,607.2528379313269,278.24878073461656,84.54142252943217,22.399952619560615,0.0,28.0,0.0,410,435,375,435,28.0,NEUTRAL,program,sensor_drive.py,function,750df67d0c33d1501e8060e5a3b5ce81e437358a154f973070c11cf1d50adae5,左壁追従（超音波のみ）,,250.0,250.0,48.7917657253392,195.80693057642668,93.00863794697226
118.0,608.3677569525793,278.35532176787467,84.54142252943217,22.39996329724627,0.0,28.0,0.0,410,435,375,435,28.0,NEUTRAL,program,sensor_drive.py,function,750df67d0c33d1501e8060e5a3b5ce81e437358a154f973070c11cf1d50adae5,左壁追従（超音波のみ）,,250.0,250.0,48.67871289625764,195.3951206227808,93.1322359605542
118.05,609.4826764329533,278.46186284500624,84.54142252943217,22.399971568601963,0.0,28.0,0.0,410,435,375,435,28.0,NEUTRAL,program,sensor_drive.py,function,750df67d0c33d1501e8060e5a3b5ce81e437358a154f973070c11cf1d50adae5,左壁追従（超音波のみ）,,250.0,250.0,48.565660007077256,250.0,93.25583403984075
118.1,610.5975962689811,278.56840395612386,84.54142252943217,22.399977975919725,0.0,28.0,0.0,410,435,375,435,28.0,NEUTRAL,program,sensor_drive.py,function,750df67d0c33d1501e8060e5a3b5ce81e437358a154f973070c11cf1d50adae5,左壁追従（超音波のみ）,,250.0,250.0,48.45260707134184,250.0,93.37943217002486
118.15,611.7125163805123,278.67494509356845,84.54142252943217,22.39998293928032,0.0,28.0,0.0,410,435,375,435,28.0,NEUTRAL,program,sensor_drive.py,function,750df67d0c33d1501e8060e5a3b5ce81e437358a154f973070c11cf1d50adae5,左壁追従（超音波のみ）,,250.0,250.0,48.33955409954312,250.0,93.50303033963613
118.2,612.8274367054593,278.78148625140693,84.54142252943217,22.399986784094846,0.0,28.0,0.0,410,435,375,435,28.0,NEUTRAL,program,sensor_drive.py,function,750df67d0c33d1501e8060e5a3b5ce81e437358a154f973070c11cf1d50adae5,左壁追従（超音波のみ）,,250.0,250.0,48.2265010998083,250.0,93.62662853978927
118.25,613.9423571957266,278.88802742504333,84.54142252943217,22.399989762439553,0.0,28.0,0.0,410,435,375,435,28.0,NEUTRAL,program,sensor_drive.py,function,750df67d0c33d1501e8060e5a3b5ce81e437358a154f973070c11cf1d50adae5,左壁追従（超音波のみ）,,250.0,250.0,48.11344807843312,250.0,93.7502267636013
118.3,615.0572778140577,278.9945686109174,84.54142252943217,22.399992069582623,0.0,28.0,0.0,410,435,375,435,28.0,NEUTRAL,program,sensor_drive.py,function,750df67d0c33d1501e8060e5a3b5ce81e437358a154f973070c11cf1d50adae5,左壁追従（超音波のみ）,,250.0,250.0,48.000395040294435,250.0,93.8738250057405
118.35,616.1721985315916,279.1011098062713,84.54142252943217,22.399993856786477,0.0,28.0,0.0,410,435,375,435,28.0,NEUTRAL,program,sensor_drive.py,function,750df67d0c33d1501e8060e5a3b5ce81e437358a154f973070c11cf1d50adae5,左壁追従（超音波のみ）,,250.0,250.0,47.887341989170125,250.0,93.99742326207658
118.4,617.2871193259722,279.2076510089687,84.54142252943217,22.399995241224943,0.0,28.0,0.0,410,435,375,435,28.0,NEUTRAL,program,sensor_drive.py,function,750df67d0c33d1501e8060e5a3b5ce81e437358a154f973070c11cf1d50adae5,左壁追従（超音波のみ）,,250.0,250.0,47.774288927986504,250.0,94.12102152941026
118.45,618.4020401798812,279.3141922173545,84.54142252943217,22.399996313665486,0.0,28.0,0.0,410,435,375,435,28.0,NEUTRAL,program,sensor_drive.py,function,750df67d0c33d1501e8060e5a3b5ce81e437358a154f973070c11cf1d50adae5,左壁追従（超音波のみ）,,250.0,250.0,47.661235859010624,250.0,94.24461980526304
118.5,619.5169610799032,279.42073343014687,84.54142252943217,22.39999714442015,0.0,28.0,0.0,410,435,375,435,28.0,NEUTRAL,program,sensor_drive.py,function,750df67d0c33d1501e8060e5a3b5ce81e437358a154f973070c11cf1d50adae5,左壁追従（超音波のみ）,,250.0,250.0,47.54818278399863,250.0,94.36821808771496
118.55,620.6318820156463,279.5272746463528,84.54142252943217,22.399997787955424,0.0,28.0,0.0,410,435,375,435,28.0,NEUTRAL,program,sensor_drive.py,function,750df67d0c33d1501e8060e5a3b5ce81e437358a154f973070c11cf1d50adae5,左壁追従（超音波のみ）,,250.0,250.0,47.43512970431074,250.0,94.49181637527894
118.6,621.7468029790601,279.63381586520285,84.54142252943217,22.39999828646318,0.0,28.0,0.0,410,435,375,435,28.0,NEUTRAL,program,sensor_drive.py,function,750df67d0c33d1501e8060e5a3b5ce81e437358a154f973070c11cf1d50adae5,左壁追従（超音波のみ）,,250.0,250.0,47.32207662100065,250.0,94.61541466680298
118.65,622.8617239639092,279.74035708610114,84.54142252943217,22.399998672626914,0.0,28.0,0.0,410,435,375,435,28.0,NEUTRAL,program,sensor_drive.py,function,750df67d0c33d1501e8060e5a3b5ce81e437358a154f973070c11cf1d50adae5,左壁追従（超音波のみ）,,250.0,250.0,47.20902353488482,250.0,94.73901296139445
118.7,623.9766449653624,279.8468983085862,84.54142252943217,22.39999897176455,0.0,28.0,0.0,410,435,375,435,28.0,NEUTRAL,program,sensor_drive.py,function,750df67d0c33d1501e8060e5a3b5ce81e437358a154f973070c11cf1d50adae5,左壁追従（超音波のみ）,,250.0,250.0,47.095970446595565,250.0,94.86261125836211
118.75,625.0915659796782,279.95343953230037,84.54142252943217,22.39999920348834,0.0,28.0,0.0,410,435,375,435,28.0,NEUTRAL,program,sensor_drive.py,function,750df67d0c33d1501e8060e5a3b5ce81e437358a154f973070c11cf1d50adae5,左壁追従（超音波のみ）,,250.0,250.0,46.982917356622536,250.0,94.98620955717057
118.8,626.2064870039577,280.0599807569667,84.54142252943217,22.39999938299071,0.0,28.0,0.0,410,435,375,435,28.0,NEUTRAL,program,sensor_drive.py,function,750df67d0c33d1501e8060e5a3b5ce81e437358a154f973070c11cf1d50adae5,左壁追従（超音波のみ）,,250.0,250.0,46.86986426534533,250.0,95.10980785740487
118.85,627.3214080359555,280.16652198237057,84.54142252943217,22.399999522040307,0.0,28.0,0.0,410,435,375,435,28.0,NEUTRAL,program,sensor_drive.py,function,750df67d0c33d1501e8060e5a3b5ce81e437358a154f973070c11cf1d50adae5,左壁追従（超音波のみ）,,250.0,250.0,46.75681117305773,250.0,95.2334061587438
118.9,628.4363290739321,280.2730632083458,84.54142252943217,22.399999629753605,0.0,28.0,0.0,410,435,375,435,28.0,NEUTRAL,program,sensor_drive.py,function,750df67d0c33d1501e8060e5a3b5ce81e437358a154f973070c11cf1d50adae5,左壁追従（超音波のみ）,,250.0,250.0,46.64375807998751,250.0,95.35700446093836
118.95,629.5512501165401,280.37960443476356,84.54142252943217,22.39999971319257,0.0,28.0,0.0,410,435,375,435,28.0,NEUTRAL,program,sensor_drive.py,function,750df67d0c33d1501e8060e5a3b5ce81e437358a154f973070c11cf1d50adae5,左壁追従（超音波のみ）,,250.0,250.0,46.53070498631104,250.0,95.48060276379573
119.0,630.666171162736,280.48614566152423,84.54142252943217,22.39999977782767,0.0,28.0,0.0,410,435,375,435,28.0,NEUTRAL,program,sensor_drive.py,function,750df67d0c33d1501e8060e5a3b5ce81e437358a154f973070c11cf1d50adae5,左壁追従（超音波のみ）,,250.0,250.0,46.417651892164926,250.0,95.60420106716653
119.05,631.7810922117109,280.5926868885505,84.54142252943217,22.399999827896565,0.0,28.0,0.0,410,435,375,435,28.0,NEUTRAL,program,sensor_drive.py,function,750df67d0c33d1501e8060e5a3b5ce81e437358a154f973070c11cf1d50adae5,左壁追従（超音波のみ）,,250.0,250.0,46.30459879765498,250.0,95.72779937093509
119.1,632.8960132628387,280.69922811578243,84.54142252943217,22.399999866681902,0.0,28.0,0.0,410,435,375,435,28.0,NEUTRAL,program,sensor_drive.py,function,750df67d0c33d1501e8060e5a3b5ce81e437358a154f973070c11cf1d50adae5,左壁追従（超音波のみ）,,250.0,250.0,46.19154570286323,250.0,95.85139767501175
119.15,634.0109343156342,280.8057693431737,84.54142252943217,22.399999896726552,0.0,28.0,0.0,410,435,375,435,28.0,NEUTRAL,program,sensor_drive.py,function,750df67d0c33d1501e8060e5a3b5ce81e437358a154f973070c11cf1d50adae5,左壁追従（超音波のみ）,,250.0,250.0,46.07849260785319,250.0,95.97499597932708
119.2,635.1258553697216,280.9123105706884,84.54142252943217,22.39999992000032,0.0,28.0,0.0,410,435,375,435,28.0,NEUTRAL,program,sensor_drive.py,function,750df67d0c33d1501e8060e5a3b5ce81e437358a154f973070c11cf1d50adae5,左壁追従（超音波のみ）,,250.0,250.0,45.96543951267409,250.0,96.09859428382723
119.25,636.2407764248098,281.0188517982988,84.54142252943217,22.399999938029097,0.0,28.0,0.0,410,435,375,435,28.0,NEUTRAL,program,sensor_drive.py,function,750df67d0c33d1501e8060e5a3b5ce81e437358a154f973070c11cf1d50adae5,左壁追従（超音波のみ）,,250.0,250.0,45.85238641736403,250.0,96.22219258847056
119.3,637.3556974806731,281.12539302598327,84.54142252943217,22.399999951994893,0.0,28.0,0.0,410,435,375,435,28.0,NEUTRAL,program,sensor_drive.py,function,750df67d0c33d1501e8060e5a3b5ce81e437358a154f973070c11cf1d50adae5,左壁追従（超音波のみ）,,250.0,250.0,45.33485708320297,250.0,96.34579089322486
119.35,638.470618537137,281.2319342537251,84.54142252943217,22.399999962813354,0.0,28.0,0.0,410,435,375,435,28.0,NEUTRAL,program,sensor_drive.py,function,750df67d0c33d1501e8060e5a3b5ce81e437358a154f973070c11cf1d50adae5,左壁追従（超音波のみ）,,250.0,250.0,44.38152015134082,250.0,96.46938919806516
119.4,639.5855395940661,281.3384754815114,84.54142252943217,22.39999997119376,0.0,28.0,0.0,410,435,375,435,28.0,NEUTRAL,program,sensor_drive.py,function,750df67d0c33d1501e8060e5a3b5ce81e437358a154f973070c11cf1d50adae5,左壁追従（超音波のみ）,,250.0,250.0,43.897252121225094,250.0,96.59298750297198
119.45,640.7004606513555,281.4450167093321,84.54142252943217,22.39999997768555,0.0,28.0,0.0,410,435,375,435,28.0,NEUTRAL,program,sensor_drive.py,function,750df67d0c33d1501e8060e5a3b5ce81e437358a154f973070c11cf1d50adae5,左壁追従（超音波のみ）,,250.0,250.0,43.8743547412695,250.0,96.71658580793039
119.5,641.8153817089241,281.5515579371795,84.54142252943217,22.39999998271435,0.0,28.0,0.0,410,435,375,435,28.0,NEUTRAL,program,sensor_drive.py,function,750df67d0c33d1501e8060e5a3b5ce81e437358a154f973070c11cf1d50adae5,左壁追従（超音波のみ）,,250.0,250.0,193.84401025489527,250.0,96.8401841129287
119.55,642.9303027667088,281.65809916504753,84.54142252943217,22.39999998660985,0.0,28.0,0.0,410,435,375,435,28.0,NEUTRAL,program,sensor_drive.py,function,750df67d0c33d1501e8060e5a3b5ce81e437358a154f973070c11cf1d50adae5,左壁追従（超音波のみ）,,250.0,250.0,193.7309571592322,250.0,96.96378241795797
119.6,644.045223824661,281.7646403929316,84.54142252943217,22.399999989627464,0.0,28.0,0.0,410,435,375,435,28.0,NEUTRAL,program,sensor_drive.py,function,750df67d0c33d1501e8060e5a3b5ce81e437358a154f973070c11cf1d50adae5,左壁追従（超音波のみ）,,250.0,250.0,193.61790406354717,250.0,97.0873807230112
119.65,645.160144882743,281.87118162082805,84.54142252943217,22.399999991965025,0.0,28.0,0.0,410,435,375,435,28.0,NEUTRAL,program,sensor_drive.py,function,750df67d0c33d1501e8060e5a3b5ce81e437358a154f973070c11cf1d50adae5,左壁追従（超音波のみ）,,250.0,250.0,193.5048509678452,250.0,97.21097902808303
119.7,646.2750659409255,281.9777228487342,84.54142252943217,22.399999993775793,0.0,28.0,0.0,410,435,375,435,28.0,NEUTRAL,program,sensor_drive.py,function,750df67d0c33d1501e8060e5a3b5ce81e437358a154f973070c11cf1d50adae5,左壁追従（超音波のみ）,,250.0,250.0,193.39179787213,250.0,97.33457733316924
119.75,647.3899869991858,282.0842640766477,84.54142252943217,22.399999995178483,0.0,28.0,0.0,410,435,375,435,28.0,NEUTRAL,program,sensor_drive.py,function,750df67d0c33d1501e8060e5a3b5ce81e437358a154f973070c11cf1d50adae5,左壁追従（超音波のみ）,,250.0,250.0,193.27874477640464,250.0,97.45817563826664
119.8,648.5049080575066,282.19080530456694,84.54142252943217,22.39999999626506,0.0,28.0,0.0,410,435,375,435,28.0,NEUTRAL,program,sensor_drive.py,function,750df67d0c33d1501e8060e5a3b5ce81e437358a154f973070c11cf1d50adae5,左壁追従（超音波のみ）,,250.0,250.0,193.1656916806714,250.0,97.58177394337262
119.85,649.6198291158739,282.2973465324906,84.54142252943217,22.399999997106768,0.0,28.0,0.0,410,435,375,435,28.0,NEUTRAL,program,sensor_drive.py,function,750df67d0c33d1501e8060e5a3b5ce81e437358a154f973070c11cf1d50adae5,左壁追従（超音波のみ）,,250.0,250.0,193.05263858493205,250.0,97.70537224848526
119.9,650.7347501742776,282.40388776041783,84.54142252943217,22.399999997758787,0.0,28.0,0.0,410,435,375,435,28.0,NEUTRAL,program,sensor_drive.py,function,750df67d0c33d1501e8060e5a3b5ce81e437358a154f973070c11cf1d50adae5,左壁追従（超音波のみ）,,250.0,250.0,192.939585489188,250.0,97.82897055360306
119.95,651.849671232709,282.5104289883477,84.54142252943217,22.39999999826387,0.0,28.0,0.0,410,435,375,435,28.0,NEUTRAL,program,sensor_drive.py,function,750df67d0c33d1501e8060e5a3b5ce81e437358a154f973070c11cf1d50adae5,左壁追従（超音波のみ）,,250.0,250.0,192.8265323934402,250.0,97.95256885872493
120.0,652.9645922911625,282.6169702162797,84.54142252943217,22.399999998655126,0.0,28.0,0.0,410,435,375,435,28.0,NEUTRAL,program,sensor_drive.py,function,750df67d0c33d1501e8060e5a3b5ce81e437358a154f973070c11cf1d50adae5,左壁追従（超音波のみ）,,250.0,250.0,192.7134792976896,250.0,98.07616716384992
